6.989519610000000105e-01,7.857409920000000270e-01,2.622906529999999847e-01,9.051762819999999987e-01,2.131555110000000197e-01,8.941587370000000368e-01,5.376306499999999877e-02,7.042402899999999910e-02,1.040000000000000038e-05,1.917036000000000000e-03,1.888257000000000130e-02,5.324733600000000067e-01,6.481803210000000037e-01,9.724726569999999626e-01,1.233291000000000075e-03,1.927722499999999853e-02,1.527627500000000062e-02,0.000000000000000000e+00,0.000000000000000000e+00,9.171210699999998717e-02,6.353126319999999883e-01,5.337058150000000278e-01,2.954609000000000055e-02,6.918547099999999839e-02,4.497518970000000116e-01,4.470336260000000173e-01,5.453569139999999704e-01,6.482705960000000323e-01,7.968913140000000173e-01,7.432904489999999642e-01
7.045787180000000482e-01,7.955399160000000691e-01,2.636047229999999852e-01,9.081178990000000617e-01,2.064742890000000053e-01,8.941587370000000368e-01,5.376306499999999877e-02,7.042402899999999910e-02,1.040000000000000038e-05,1.917036000000000000e-03,1.888257000000000130e-02,5.389211519999999034e-01,6.378226849999999448e-01,9.809312340000000408e-01,1.233291000000000075e-03,1.927722499999999853e-02,1.527627500000000062e-02,1.897525000000000600e-03,5.135321999999997722e-03,6.992693099999999773e-02,6.353126319999999883e-01,5.337058150000000278e-01,2.954609000000000055e-02,6.918547099999999839e-02,4.497518970000000116e-01,4.470336260000000173e-01,5.453569139999999704e-01,6.482705960000000323e-01,7.968913140000000173e-01,7.432904489999999642e-01
7.031693049999999667e-01,7.971789710000000140e-01,2.460463149999999877e-01,9.245501380000000768e-01,2.266461530000000169e-01,8.941587370000000368e-01,5.376306499999999877e-02,7.042402899999999910e-02,1.040000000000000038e-05,1.917036000000000000e-03,1.888257000000000130e-02,5.304470169999999651e-01,6.349931009999999487e-01,9.849725270000000421e-01,1.233291000000000075e-03,1.927722499999999853e-02,1.527627500000000062e-02,4.631773999999999961e-03,0.000000000000000000e+00,8.269056299999999471e-02,6.353126319999999883e-01,5.337058150000000278e-01,2.954609000000000055e-02,6.918547099999999839e-02,4.497518970000000116e-01,4.470336260000000173e-01,5.453569139999999704e-01,6.482705960000000323e-01,7.968913140000000173e-01,7.432904489999999642e-01
7.202726950000000183e-01,7.919017000000000417e-01,2.649166789999999883e-01,9.189790079999999861e-01,2.169796280000000077e-01,8.941587370000000368e-01,5.376306499999999877e-02,7.042402899999999910e-02,1.040000000000000038e-05,1.917036000000000000e-03,1.888257000000000130e-02,5.417770989999999287e-01,6.441071409999999942e-01,9.728415350000000350e-01,1.233291000000000075e-03,1.927722499999999853e-02,1.527627500000000062e-02,0.000000000000000000e+00,0.000000000000000000e+00,9.618529699999998905e-02,6.353126319999999883e-01,5.337058150000000278e-01,2.954609000000000055e-02,6.918547099999999839e-02,4.497518970000000116e-01,4.470336260000000173e-01,5.453569139999999704e-01,6.482705960000000323e-01,7.968913140000000173e-01,7.432904489999999642e-01
7.080140879999999859e-01,7.993599390000000193e-01,2.602854310000000115e-01,9.201456820000000203e-01,2.259518340000000181e-01,8.941587370000000368e-01,5.376306499999999877e-02,7.042402899999999910e-02,1.040000000000000038e-05,1.917036000000000000e-03,1.888257000000000130e-02,5.366239019999999860e-01,6.310527369999999747e-01,9.680336590000000463e-01,1.233291000000000075e-03,1.927722499999999853e-02,1.527627500000000062e-02,1.070421999999997958e-03,0.000000000000000000e+00,6.808072099999998295e-02,6.353126319999999883e-01,5.337058150000000278e-01,2.954609000000000055e-02,6.918547099999999839e-02,4.497518970000000116e-01,4.470336260000000173e-01,5.453569139999999704e-01,6.482705960000000323e-01,7.968913140000000173e-01,7.432904489999999642e-01
7.188137199999999893e-01,7.893460680000000673e-01,2.616596979999999961e-01,9.157823219999999820e-01,2.215720590000000156e-01,8.941587370000000368e-01,5.376306499999999877e-02,7.042402899999999910e-02,1.040000000000000038e-05,1.917036000000000000e-03,1.888257000000000130e-02,5.476076699999999908e-01,6.338530209999999609e-01,9.703515390000000407e-01,1.233291000000000075e-03,1.927722499999999853e-02,1.527627500000000062e-02,0.000000000000000000e+00,4.272359999999975066e-04,8.478773199999999066e-02,6.353126319999999883e-01,5.337058150000000278e-01,2.954609000000000055e-02,6.918547099999999839e-02,4.497518970000000116e-01,4.470336260000000173e-01,5.453569139999999704e-01,6.482705960000000323e-01,7.968913140000000173e-01,7.432904489999999642e-01
7.257720519999999453e-01,7.732769080000000406e-01,2.555319999999999814e-01,9.083902420000000699e-01,2.102771979999999985e-01,8.941587370000000368e-01,5.376306499999999877e-02,7.042402899999999910e-02,1.040000000000000038e-05,1.917036000000000000e-03,1.888257000000000130e-02,5.373643049999999866e-01,6.249477479999999696e-01,9.708879360000000069e-01,1.233291000000000075e-03,1.927722499999999853e-02,1.527627500000000062e-02,8.387729999999975206e-04,0.000000000000000000e+00,7.576141799999999704e-02,6.353126319999999883e-01,5.337058150000000278e-01,2.954609000000000055e-02,6.918547099999999839e-02,4.497518970000000116e-01,4.470336260000000173e-01,5.453569139999999704e-01,6.482705960000000323e-01,7.968913140000000173e-01,7.432904489999999642e-01
7.138284390000000368e-01,7.764611790000000013e-01,2.547627639999999749e-01,9.045015950000000471e-01,2.316556940000000231e-01,8.941587370000000368e-01,5.376306499999999877e-02,7.042402899999999910e-02,1.040000000000000038e-05,1.917036000000000000e-03,1.888257000000000130e-02,5.384580519999999648e-01,6.468301739999999800e-01,9.766479249999999723e-01,1.233291000000000075e-03,1.927722499999999853e-02,1.527627500000000062e-02,0.000000000000000000e+00,4.700679999999998748e-03,7.476149799999999568e-02,6.353126319999999883e-01,5.337058150000000278e-01,2.954609000000000055e-02,6.918547099999999839e-02,4.497518970000000116e-01,4.470336260000000173e-01,5.453569139999999704e-01,6.482705960000000323e-01,7.968913140000000173e-01,7.432904489999999642e-01
7.067328330000000047e-01,7.983292840000000279e-01,2.494433819999999913e-01,8.998619119999999860e-01,2.067709260000000215e-01,8.941587370000000368e-01,5.376306499999999877e-02,7.042402899999999910e-02,1.040000000000000038e-05,1.917036000000000000e-03,1.888257000000000130e-02,5.536299659999999179e-01,6.340302770000000310e-01,9.758899269999999904e-01,1.233291000000000075e-03,1.927722499999999853e-02,1.527627500000000062e-02,0.000000000000000000e+00,0.000000000000000000e+00,8.089528199999998503e-02,6.353126319999999883e-01,5.337058150000000278e-01,2.954609000000000055e-02,6.918547099999999839e-02,4.497518970000000116e-01,4.470336260000000173e-01,5.453569139999999704e-01,6.482705960000000323e-01,7.968913140000000173e-01,7.432904489999999642e-01
6.986991750000000057e-01,7.807784429999999887e-01,2.711044489999999696e-01,8.971252350000000764e-01,2.170510410000000001e-01,8.941587370000000368e-01,5.376306499999999877e-02,7.042402899999999910e-02,1.040000000000000038e-05,1.917036000000000000e-03,1.888257000000000130e-02,5.471274239999999178e-01,6.504277050000000227e-01,9.800656679999999454e-01,1.233291000000000075e-03,1.927722499999999853e-02,1.527627500000000062e-02,0.000000000000000000e+00,8.299519999999997732e-03,9.739786099999998836e-02,6.353126319999999883e-01,5.337058150000000278e-01,2.954609000000000055e-02,6.918547099999999839e-02,4.497518970000000116e-01,4.470336260000000173e-01,5.453569139999999704e-01,6.482705960000000323e-01,7.968913140000000173e-01,7.432904489999999642e-01
7.207645700000000488e-01,7.880761760000000171e-01,2.626198039999999567e-01,9.198015200000000391e-01,2.158433580000000129e-01,8.941587370000000368e-01,5.376306499999999877e-02,7.042402899999999910e-02,1.040000000000000038e-05,1.917036000000000000e-03,1.888257000000000130e-02,5.423625799999999275e-01,6.428710610000000214e-01,9.757081800000000360e-01,1.233291000000000075e-03,1.927722499999999853e-02,1.527627500000000062e-02,0.000000000000000000e+00,3.420956999999998777e-03,8.321557999999999733e-02,6.353126319999999883e-01,5.337058150000000278e-01,2.954609000000000055e-02,6.918547099999999839e-02,4.497518970000000116e-01,4.470336260000000173e-01,5.453569139999999704e-01,6.482705960000000323e-01,7.968913140000000173e-01,7.432904489999999642e-01
7.084255419999999637e-01,7.969446960000000635e-01,2.634500409999999682e-01,9.028969009999999740e-01,2.277797700000000203e-01,8.941587370000000368e-01,5.376306499999999877e-02,7.042402899999999910e-02,1.040000000000000038e-05,1.917036000000000000e-03,1.888257000000000130e-02,5.269445659999999476e-01,6.448726980000000220e-01,9.747281269999999997e-01,1.233291000000000075e-03,1.927722499999999853e-02,1.527627500000000062e-02,0.000000000000000000e+00,5.651711999999999708e-03,9.484502699999999842e-02,6.353126319999999883e-01,5.337058150000000278e-01,2.954609000000000055e-02,6.918547099999999839e-02,4.497518970000000116e-01,4.470336260000000173e-01,5.453569139999999704e-01,6.482705960000000323e-01,7.968913140000000173e-01,7.432904489999999642e-01
7.215245339999999397e-01,8.006327990000000616e-01,2.473558149999999789e-01,9.225418590000000751e-01,2.165082090000000070e-01,8.941587370000000368e-01,5.376306499999999877e-02,7.042402899999999910e-02,1.040000000000000038e-05,1.917036000000000000e-03,1.888257000000000130e-02,5.540304919999999855e-01,6.306823430000000341e-01,9.798465739999999702e-01,1.233291000000000075e-03,1.927722499999999853e-02,1.527627500000000062e-02,2.037759999999992633e-04,8.098570999999998854e-03,8.859329299999998963e-02,6.353126319999999883e-01,5.337058150000000278e-01,2.954609000000000055e-02,6.918547099999999839e-02,4.497518970000000116e-01,4.470336260000000173e-01,5.453569139999999704e-01,6.482705960000000323e-01,7.968913140000000173e-01,7.432904489999999642e-01
6.999794719999999915e-01,7.869800040000000108e-01,2.449698479999999901e-01,9.179993240000000609e-01,2.209192770000000250e-01,8.941587370000000368e-01,5.376306499999999877e-02,7.042402899999999910e-02,1.040000000000000038e-05,1.917036000000000000e-03,1.888257000000000130e-02,5.525350999999999457e-01,6.390400819999999538e-01,9.777309589999999551e-01,1.233291000000000075e-03,1.927722499999999853e-02,1.527627500000000062e-02,0.000000000000000000e+00,0.000000000000000000e+00,9.529845699999998920e-02,6.353126319999999883e-01,5.337058150000000278e-01,2.954609000000000055e-02,6.918547099999999839e-02,4.497518970000000116e-01,4.470336260000000173e-01,5.453569139999999704e-01,6.482705960000000323e-01,7.968913140000000173e-01,7.432904489999999642e-01
6.977183849999999410e-01,7.730835830000000186e-01,2.657458209999999932e-01,9.146035470000000167e-01,2.097275390000000184e-01,8.941587370000000368e-01,5.376306499999999877e-02,7.042402899999999910e-02,1.040000000000000038e-05,1.917036000000000000e-03,1.888257000000000130e-02,5.337125309999999345e-01,6.458143849999999908e-01,9.747791340000000471e-01,1.233291000000000075e-03,1.927722499999999853e-02,1.527627500000000062e-02,2.009363000000000121e-03,0.000000000000000000e+00,7.023966799999999122e-02,6.353126319999999883e-01,5.337058150000000278e-01,2.954609000000000055e-02,6.918547099999999839e-02,4.497518970000000116e-01,4.470336260000000173e-01,5.453569139999999704e-01,6.482705960000000323e-01,7.968913140000000173e-01,7.432904489999999642e-01
7.222869130000000304e-01,7.867569250000000514e-01,2.595363900000000057e-01,9.056106310000000548e-01,2.133759750000000233e-01,8.941587370000000368e-01,5.376306499999999877e-02,7.042402899999999910e-02,1.040000000000000038e-05,1.917036000000000000e-03,1.888257000000000130e-02,5.392122709999999097e-01,6.382517450000000370e-01,9.802835659999999951e-01,1.233291000000000075e-03,1.927722499999999853e-02,1.527627500000000062e-02,2.380727999999998623e-03,0.000000000000000000e+00,6.902954000000000034e-02,6.353126319999999883e-01,5.337058150000000278e-01,2.954609000000000055e-02,6.918547099999999839e-02,4.497518970000000116e-01,4.470336260000000173e-01,5.453569139999999704e-01,6.482705960000000323e-01,7.968913140000000173e-01,7.432904489999999642e-01
7.099772909999999548e-01,7.772280780000000444e-01,2.431911569999999911e-01,9.141274449999999829e-01,2.308191970000000037e-01,8.941587370000000368e-01,5.376306499999999877e-02,7.042402899999999910e-02,1.040000000000000038e-05,1.917036000000000000e-03,1.888257000000000130e-02,5.541650399999999976e-01,6.487485819999999626e-01,9.899576409999999438e-01,1.233291000000000075e-03,1.927722499999999853e-02,1.527627500000000062e-02,0.000000000000000000e+00,0.000000000000000000e+00,8.642031399999999808e-02,6.353126319999999883e-01,5.337058150000000278e-01,2.954609000000000055e-02,6.918547099999999839e-02,4.497518970000000116e-01,4.470336260000000173e-01,5.453569139999999704e-01,6.482705960000000323e-01,7.968913140000000173e-01,7.432904489999999642e-01
7.201692840000000206e-01,7.991200299999999812e-01,2.720890449999999738e-01,9.021071219999999835e-01,2.042125770000000062e-01,8.941587370000000368e-01,5.376306499999999877e-02,7.042402899999999910e-02,1.040000000000000038e-05,1.917036000000000000e-03,1.888257000000000130e-02,5.332345859999999549e-01,6.253666690000000417e-01,9.604494599999999771e-01,1.233291000000000075e-03,1.927722499999999853e-02,1.527627500000000062e-02,1.782166999999997697e-03,1.969282999999998757e-03,7.034172199999999542e-02,6.353126319999999883e-01,5.337058150000000278e-01,2.954609000000000055e-02,6.918547099999999839e-02,4.497518970000000116e-01,4.470336260000000173e-01,5.453569139999999704e-01,6.482705960000000323e-01,7.968913140000000173e-01,7.432904489999999642e-01
7.155025299999999699e-01,7.934323420000000127e-01,2.655599289999999724e-01,9.134474169999999837e-01,2.151685010000000120e-01,8.941587370000000368e-01,5.376306499999999877e-02,7.042402899999999910e-02,1.040000000000000038e-05,1.917036000000000000e-03,1.888257000000000130e-02,5.265222629999999349e-01,6.257165380000000443e-01,9.741030889999999776e-01,1.233291000000000075e-03,1.927722499999999853e-02,1.527627500000000062e-02,0.000000000000000000e+00,0.000000000000000000e+00,7.408066799999998842e-02,6.353126319999999883e-01,5.337058150000000278e-01,2.954609000000000055e-02,6.918547099999999839e-02,4.497518970000000116e-01,4.470336260000000173e-01,5.453569139999999704e-01,6.482705960000000323e-01,7.968913140000000173e-01,7.432904489999999642e-01
7.027417719999999868e-01,7.858661700000000305e-01,2.509437609999999874e-01,9.127409060000000185e-01,2.280004530000000196e-01,8.941587370000000368e-01,5.376306499999999877e-02,7.042402899999999910e-02,1.040000000000000038e-05,1.917036000000000000e-03,1.888257000000000130e-02,5.276292099999999596e-01,6.279027209999999970e-01,9.682442060000000517e-01,1.233291000000000075e-03,1.927722499999999853e-02,1.527627500000000062e-02,1.665199999999894542e-05,0.000000000000000000e+00,7.794590699999999484e-02,6.353126319999999883e-01,5.337058150000000278e-01,2.954609000000000055e-02,6.918547099999999839e-02,4.497518970000000116e-01,4.470336260000000173e-01,5.453569139999999704e-01,6.482705960000000323e-01,7.968913140000000173e-01,7.432904489999999642e-01
7.192007449999999746e-01,7.890717050000000121e-01,2.437454769999999882e-01,9.199289760000000093e-01,2.101606540000000023e-01,8.941587370000000368e-01,5.376306499999999877e-02,7.042402899999999910e-02,1.040000000000000038e-05,1.917036000000000000e-03,1.888257000000000130e-02,5.455482159999999192e-01,6.240669039999999779e-01,9.799741290000000271e-01,1.233291000000000075e-03,1.927722499999999853e-02,1.527627500000000062e-02,0.000000000000000000e+00,4.153309999999996865e-03,8.925650599999998547e-02,6.353126319999999883e-01,5.337058150000000278e-01,2.954609000000000055e-02,6.918547099999999839e-02,4.497518970000000116e-01,4.470336260000000173e-01,5.453569139999999704e-01,6.482705960000000323e-01,7.968913140000000173e-01,7.432904489999999642e-01
6.993414700000000206e-01,7.838945540000000767e-01,2.486193509999999884e-01,9.194674430000000509e-01,2.076198940000000270e-01,8.941587370000000368e-01,5.376306499999999877e-02,7.042402899999999910e-02,1.040000000000000038e-05,1.917036000000000000e-03,1.888257000000000130e-02,5.257996669999999151e-01,6.256477339999999554e-01,9.657915099999999642e-01,1.233291000000000075e-03,1.927722499999999853e-02,1.527627500000000062e-02,0.000000000000000000e+00,0.000000000000000000e+00,7.764579399999999021e-02,6.353126319999999883e-01,5.337058150000000278e-01,2.954609000000000055e-02,6.918547099999999839e-02,4.497518970000000116e-01,4.470336260000000173e-01,5.453569139999999704e-01,6.482705960000000323e-01,7.968913140000000173e-01,7.432904489999999642e-01
6.971418729999999675e-01,7.774468490000000509e-01,2.705085019999999840e-01,9.235835700000000204e-01,2.229490689999999997e-01,8.941587370000000368e-01,5.376306499999999877e-02,7.042402899999999910e-02,1.040000000000000038e-05,1.917036000000000000e-03,1.888257000000000130e-02,5.370800749999999901e-01,6.364508620000000061e-01,9.815143499999999799e-01,1.233291000000000075e-03,1.927722499999999853e-02,1.527627500000000062e-02,0.000000000000000000e+00,6.442533999999998026e-03,8.043794999999999418e-02,6.353126319999999883e-01,5.337058150000000278e-01,2.954609000000000055e-02,6.918547099999999839e-02,4.497518970000000116e-01,4.470336260000000173e-01,5.453569139999999704e-01,6.482705960000000323e-01,7.968913140000000173e-01,7.432904489999999642e-01
7.172292460000000425e-01,7.725637760000000354e-01,2.425512899999999750e-01,9.170784650000000093e-01,2.132521600000000239e-01,8.941587370000000368e-01,5.376306499999999877e-02,7.042402899999999910e-02,1.040000000000000038e-05,1.917036000000000000e-03,1.888257000000000130e-02,5.253924339999999082e-01,6.263750399999999940e-01,9.602581329999999582e-01,1.233291000000000075e-03,1.927722499999999853e-02,1.527627500000000062e-02,0.000000000000000000e+00,5.302654999999999869e-03,9.393372399999999622e-02,6.353126319999999883e-01,5.337058150000000278e-01,2.954609000000000055e-02,6.918547099999999839e-02,4.497518970000000116e-01,4.470336260000000173e-01,5.453569139999999704e-01,6.482705960000000323e-01,7.968913140000000173e-01,7.432904489999999642e-01
7.211964810000000003e-01,7.885067900000000130e-01,2.654826049999999826e-01,9.211235360000000760e-01,2.053693340000000145e-01,8.941587370000000368e-01,5.376306499999999877e-02,7.042402899999999910e-02,1.040000000000000038e-05,1.917036000000000000e-03,1.888257000000000130e-02,5.364092769999999621e-01,6.517942930000000246e-01,9.641853099999999621e-01,1.233291000000000075e-03,1.927722499999999853e-02,1.527627500000000062e-02,6.641209999999999822e-03,0.000000000000000000e+00,8.284204900000000094e-02,6.353126319999999883e-01,5.337058150000000278e-01,2.954609000000000055e-02,6.918547099999999839e-02,4.497518970000000116e-01,4.470336260000000173e-01,5.453569139999999704e-01,6.482705960000000323e-01,7.968913140000000173e-01,7.432904489999999642e-01
7.049660789999999677e-01,7.751055410000000645e-01,2.470729859999999944e-01,8.997118530000000058e-01,2.156461330000000176e-01,8.941587370000000368e-01,5.376306499999999877e-02,7.042402899999999910e-02,1.040000000000000038e-05,1.917036000000000000e-03,1.888257000000000130e-02,5.339195569999999336e-01,6.434170649999999547e-01,9.770573540000000445e-01,1.233291000000000075e-03,1.927722499999999853e-02,1.527627500000000062e-02,2.105303999999998815e-03,1.125446599999999769e-02,6.859975499999998449e-02,6.353126319999999883e-01,5.337058150000000278e-01,2.954609000000000055e-02,6.918547099999999839e-02,4.497518970000000116e-01,4.470336260000000173e-01,5.453569139999999704e-01,6.482705960000000323e-01,7.968913140000000173e-01,7.432904489999999642e-01
7.199336139999999995e-01,7.715523300000000084e-01,2.551003119999999957e-01,9.246930330000000531e-01,2.125559320000000030e-01,8.941587370000000368e-01,5.376306499999999877e-02,7.042402899999999910e-02,1.040000000000000038e-05,1.917036000000000000e-03,1.888257000000000130e-02,5.424742169999999808e-01,6.334005679999999971e-01,9.701978650000000481e-01,1.233291000000000075e-03,1.927722499999999853e-02,1.527627500000000062e-02,3.208070000000000366e-03,0.000000000000000000e+00,9.635805899999999591e-02,6.353126319999999883e-01,5.337058150000000278e-01,2.954609000000000055e-02,6.918547099999999839e-02,4.497518970000000116e-01,4.470336260000000173e-01,5.453569139999999704e-01,6.482705960000000323e-01,7.968913140000000173e-01,7.432904489999999642e-01
7.053244140000000106e-01,7.737061400000000422e-01,2.681204719999999986e-01,9.014394679999999660e-01,2.115435650000000167e-01,8.941587370000000368e-01,5.376306499999999877e-02,7.042402899999999910e-02,1.040000000000000038e-05,1.917036000000000000e-03,1.888257000000000130e-02,5.262084879999999742e-01,6.270065879999999758e-01,9.869431950000000509e-01,1.233291000000000075e-03,1.927722499999999853e-02,1.527627500000000062e-02,0.000000000000000000e+00,3.534443999999997699e-03,7.364976299999999310e-02,6.353126319999999883e-01,5.337058150000000278e-01,2.954609000000000055e-02,6.918547099999999839e-02,4.497518970000000116e-01,4.470336260000000173e-01,5.453569139999999704e-01,6.482705960000000323e-01,7.968913140000000173e-01,7.432904489999999642e-01
7.130260290000000056e-01,8.000063010000000308e-01,2.447807309999999736e-01,8.984816340000000290e-01,2.033443980000000095e-01,8.941587370000000368e-01,5.376306499999999877e-02,7.042402899999999910e-02,1.040000000000000038e-05,1.917036000000000000e-03,1.888257000000000130e-02,5.450201739999999129e-01,6.248408869999999560e-01,9.744290460000000209e-01,1.233291000000000075e-03,1.927722499999999853e-02,1.527627500000000062e-02,0.000000000000000000e+00,8.338134999999998256e-03,7.866522199999999299e-02,6.353126319999999883e-01,5.337058150000000278e-01,2.954609000000000055e-02,6.918547099999999839e-02,4.497518970000000116e-01,4.470336260000000173e-01,5.453569139999999704e-01,6.482705960000000323e-01,7.968913140000000173e-01,7.432904489999999642e-01
7.231876689999999774e-01,7.761961969999999766e-01,2.597633589999999715e-01,9.107214820000000266e-01,2.175269870000000050e-01,8.941587370000000368e-01,5.376306499999999877e-02,7.042402899999999910e-02,1.040000000000000038e-05,1.917036000000000000e-03,1.888257000000000130e-02,5.444152899999999962e-01,6.517388990000000382e-01,9.670573270000000221e-01,1.233291000000000075e-03,1.927722499999999853e-02,1.527627500000000062e-02,0.000000000000000000e+00,0.000000000000000000e+00,9.106968599999999692e-02,6.353126319999999883e-01,5.337058150000000278e-01,2.954609000000000055e-02,6.918547099999999839e-02,4.497518970000000116e-01,4.470336260000000173e-01,5.453569139999999704e-01,6.482705960000000323e-01,7.968913140000000173e-01,7.432904489999999642e-01
7.141733129999999763e-01,7.810273530000000353e-01,2.438800259999999720e-01,9.044185909999999939e-01,2.096707520000000158e-01,8.941587370000000368e-01,5.376306499999999877e-02,7.042402899999999910e-02,1.040000000000000038e-05,1.917036000000000000e-03,1.888257000000000130e-02,5.515977899999999767e-01,6.329681120000000272e-01,9.719102729999999912e-01,1.233291000000000075e-03,1.927722499999999853e-02,1.527627500000000062e-02,0.000000000000000000e+00,0.000000000000000000e+00,7.237168899999998906e-02,6.353126319999999883e-01,5.337058150000000278e-01,2.954609000000000055e-02,6.918547099999999839e-02,4.497518970000000116e-01,4.470336260000000173e-01,5.453569139999999704e-01,6.482705960000000323e-01,7.968913140000000173e-01,7.432904489999999642e-01
7.022668140000000170e-01,7.836853080000000249e-01,2.700666559999999605e-01,9.125308960000000358e-01,2.069547540000000185e-01,8.941587370000000368e-01,5.376306499999999877e-02,7.042402899999999910e-02,1.040000000000000038e-05,1.917036000000000000e-03,1.888257000000000130e-02,5.527973369999999997e-01,6.403294080000000443e-01,9.713290799999999559e-01,1.233291000000000075e-03,1.927722499999999853e-02,1.527627500000000062e-02,8.985502999999998852e-03,0.000000000000000000e+00,9.585057499999999342e-02,6.353126319999999883e-01,5.337058150000000278e-01,2.954609000000000055e-02,6.918547099999999839e-02,4.497518970000000116e-01,4.470336260000000173e-01,5.453569139999999704e-01,6.482705960000000323e-01,7.968913140000000173e-01,7.432904489999999642e-01
7.178482950000000251e-01,7.864670930000000615e-01,2.715003749999999605e-01,9.028447230000000712e-01,2.153158790000000156e-01,8.941587370000000368e-01,5.376306499999999877e-02,7.042402899999999910e-02,1.040000000000000038e-05,1.917036000000000000e-03,1.888257000000000130e-02,5.500383409999999307e-01,6.319150119999999982e-01,9.745839790000000447e-01,1.233291000000000075e-03,1.927722499999999853e-02,1.527627500000000062e-02,0.000000000000000000e+00,0.000000000000000000e+00,9.572429399999998756e-02,6.353126319999999883e-01,5.337058150000000278e-01,2.954609000000000055e-02,6.918547099999999839e-02,4.497518970000000116e-01,4.470336260000000173e-01,5.453569139999999704e-01,6.482705960000000323e-01,7.968913140000000173e-01,7.432904489999999642e-01
7.185684239999999834e-01,7.949873060000000047e-01,2.586414649999999593e-01,9.091329140000000697e-01,2.303157820000000244e-01,8.941587370000000368e-01,5.376306499999999877e-02,7.042402899999999910e-02,1.040000000000000038e-05,1.917036000000000000e-03,1.888257000000000130e-02,5.441064769999999218e-01,6.500816149999999460e-01,9.686440840000000163e-01,1.233291000000000075e-03,1.927722499999999853e-02,1.527627500000000062e-02,0.000000000000000000e+00,0.000000000000000000e+00,8.067858399999999763e-02,6.353126319999999883e-01,5.337058150000000278e-01,2.954609000000000055e-02,6.918547099999999839e-02,4.497518970000000116e-01,4.470336260000000173e-01,5.453569139999999704e-01,6.482705960000000323e-01,7.968913140000000173e-01,7.432904489999999642e-01
7.057100480000000342e-01,7.743317640000000335e-01,2.721807780000000121e-01,9.067306940000000592e-01,2.271746790000000182e-01,8.941587370000000368e-01,5.376306499999999877e-02,7.042402899999999910e-02,1.040000000000000038e-05,1.917036000000000000e-03,1.888257000000000130e-02,5.352689099999999867e-01,6.394036330000000268e-01,9.870072290000000415e-01,1.233291000000000075e-03,1.927722499999999853e-02,1.527627500000000062e-02,0.000000000000000000e+00,0.000000000000000000e+00,7.651648599999999467e-02,6.353126319999999883e-01,5.337058150000000278e-01,2.954609000000000055e-02,6.918547099999999839e-02,4.497518970000000116e-01,4.470336260000000173e-01,5.453569139999999704e-01,6.482705960000000323e-01,7.968913140000000173e-01,7.432904489999999642e-01
7.259003760000000138e-01,7.920437020000000716e-01,2.506192150000000063e-01,9.133465250000000202e-01,2.212852660000000082e-01,8.941587370000000368e-01,5.376306499999999877e-02,7.042402899999999910e-02,1.040000000000000038e-05,1.917036000000000000e-03,1.888257000000000130e-02,5.407362539999999163e-01,6.447486159999999966e-01,9.702257570000000220e-01,1.233291000000000075e-03,1.927722499999999853e-02,1.527627500000000062e-02,0.000000000000000000e+00,0.000000000000000000e+00,7.344565799999999700e-02,6.353126319999999883e-01,5.337058150000000278e-01,2.954609000000000055e-02,6.918547099999999839e-02,4.497518970000000116e-01,4.470336260000000173e-01,5.453569139999999704e-01,6.482705960000000323e-01,7.968913140000000173e-01,7.432904489999999642e-01
7.008104459999999758e-01,7.724897219999999898e-01,2.688460269999999874e-01,9.144645890000000499e-01,2.203307790000000044e-01,8.941587370000000368e-01,5.376306499999999877e-02,7.042402899999999910e-02,1.040000000000000038e-05,1.917036000000000000e-03,1.888257000000000130e-02,5.345100879999999943e-01,6.239379919999999968e-01,9.650333730000000276e-01,1.233291000000000075e-03,1.927722499999999853e-02,1.527627500000000062e-02,0.000000000000000000e+00,0.000000000000000000e+00,9.354266599999999654e-02,6.353126319999999883e-01,5.337058150000000278e-01,2.954609000000000055e-02,6.918547099999999839e-02,4.497518970000000116e-01,4.470336260000000173e-01,5.453569139999999704e-01,6.482705960000000323e-01,7.968913140000000173e-01,7.432904489999999642e-01
7.098249869999999628e-01,7.777836280000000047e-01,2.518941379999999897e-01,9.048856430000000728e-01,2.167431989999999975e-01,8.941587370000000368e-01,5.376306499999999877e-02,7.042402899999999910e-02,1.040000000000000038e-05,1.917036000000000000e-03,1.888257000000000130e-02,5.312621169999999227e-01,6.406085670000000176e-01,9.668273360000000372e-01,1.233291000000000075e-03,1.927722499999999853e-02,1.527627500000000062e-02,0.000000000000000000e+00,0.000000000000000000e+00,9.323854799999999055e-02,6.353126319999999883e-01,5.337058150000000278e-01,2.954609000000000055e-02,6.918547099999999839e-02,4.497518970000000116e-01,4.470336260000000173e-01,5.453569139999999704e-01,6.482705960000000323e-01,7.968913140000000173e-01,7.432904489999999642e-01
7.209941469999999741e-01,7.894699920000000093e-01,2.706362740000000100e-01,9.155485239999999747e-01,2.301082080000000085e-01,8.941587370000000368e-01,5.376306499999999877e-02,7.042402899999999910e-02,1.040000000000000038e-05,1.917036000000000000e-03,1.888257000000000130e-02,5.415508319999999820e-01,6.442219200000000034e-01,9.653582419999999775e-01,1.233291000000000075e-03,1.927722499999999853e-02,1.527627500000000062e-02,0.000000000000000000e+00,0.000000000000000000e+00,8.007919199999999349e-02,6.353126319999999883e-01,5.337058150000000278e-01,2.954609000000000055e-02,6.918547099999999839e-02,4.497518970000000116e-01,4.470336260000000173e-01,5.453569139999999704e-01,6.482705960000000323e-01,7.968913140000000173e-01,7.432904489999999642e-01
7.176316870000000181e-01,7.729802180000000522e-01,2.550402069999999632e-01,9.231363570000000740e-01,2.236382910000000168e-01,8.941587370000000368e-01,5.376306499999999877e-02,7.042402899999999910e-02,1.040000000000000038e-05,1.917036000000000000e-03,1.888257000000000130e-02,5.315849809999999565e-01,6.417142799999999703e-01,9.674856069999999697e-01,1.233291000000000075e-03,1.927722499999999853e-02,1.527627500000000062e-02,0.000000000000000000e+00,4.868018999999997737e-03,8.030231299999998629e-02,6.353126319999999883e-01,5.337058150000000278e-01,2.954609000000000055e-02,6.918547099999999839e-02,4.497518970000000116e-01,4.470336260000000173e-01,5.453569139999999704e-01,6.482705960000000323e-01,7.968913140000000173e-01,7.432904489999999642e-01
7.042098100000000471e-01,7.763027319999999953e-01,2.441154939999999884e-01,9.032339640000000003e-01,2.199313750000000123e-01,8.941587370000000368e-01,5.376306499999999877e-02,7.042402899999999910e-02,1.040000000000000038e-05,1.917036000000000000e-03,1.888257000000000130e-02,5.302706090000000039e-01,6.413112989999999458e-01,9.698578709999999825e-01,1.233291000000000075e-03,1.927722499999999853e-02,1.527627500000000062e-02,0.000000000000000000e+00,0.000000000000000000e+00,7.096780499999999492e-02,6.353126319999999883e-01,5.337058150000000278e-01,2.954609000000000055e-02,6.918547099999999839e-02,4.497518970000000116e-01,4.470336260000000173e-01,5.453569139999999704e-01,6.482705960000000323e-01,7.968913140000000173e-01,7.432904489999999642e-01
7.168978379999999540e-01,7.996729670000000123e-01,2.708398949999999972e-01,9.193454170000000536e-01,2.050251909999999955e-01,8.941587370000000368e-01,5.376306499999999877e-02,7.042402899999999910e-02,1.040000000000000038e-05,1.917036000000000000e-03,1.888257000000000130e-02,5.323486899999999578e-01,6.312988189999999555e-01,9.734696240000000333e-01,1.233291000000000075e-03,1.927722499999999853e-02,1.527627500000000062e-02,3.270396999999997806e-03,5.952190999999999038e-03,6.789055099999999343e-02,6.353126319999999883e-01,5.337058150000000278e-01,2.954609000000000055e-02,6.918547099999999839e-02,4.497518970000000116e-01,4.470336260000000173e-01,5.453569139999999704e-01,6.482705960000000323e-01,7.968913140000000173e-01,7.432904489999999642e-01
7.101511950000000128e-01,7.818055210000000033e-01,2.446514629999999857e-01,9.188290890000000433e-01,2.080016290000000212e-01,8.941587370000000368e-01,5.376306499999999877e-02,7.042402899999999910e-02,1.040000000000000038e-05,1.917036000000000000e-03,1.888257000000000130e-02,5.309113049999999445e-01,6.507262080000000282e-01,9.637870299999999890e-01,1.233291000000000075e-03,1.927722499999999853e-02,1.527627500000000062e-02,0.000000000000000000e+00,0.000000000000000000e+00,7.595267399999999780e-02,6.353126319999999883e-01,5.337058150000000278e-01,2.954609000000000055e-02,6.918547099999999839e-02,4.497518970000000116e-01,4.470336260000000173e-01,5.453569139999999704e-01,6.482705960000000323e-01,7.968913140000000173e-01,7.432904489999999642e-01
7.083243449999999664e-01,7.843971809999999989e-01,2.613668180000000008e-01,9.120845960000000252e-01,2.174640890000000271e-01,8.941587370000000368e-01,5.376306499999999877e-02,7.042402899999999910e-02,1.040000000000000038e-05,1.917036000000000000e-03,1.888257000000000130e-02,5.519658439999999278e-01,6.359787110000000299e-01,9.760128209999999749e-01,1.233291000000000075e-03,1.927722499999999853e-02,1.527627500000000062e-02,0.000000000000000000e+00,0.000000000000000000e+00,9.344430799999998982e-02,6.353126319999999883e-01,5.337058150000000278e-01,2.954609000000000055e-02,6.918547099999999839e-02,4.497518970000000116e-01,4.470336260000000173e-01,5.453569139999999704e-01,6.482705960000000323e-01,7.968913140000000173e-01,7.432904489999999642e-01
7.125928249999999853e-01,7.995314410000000649e-01,2.479002779999999739e-01,9.106600220000000689e-01,2.182416910000000154e-01,8.941587370000000368e-01,5.376306499999999877e-02,7.042402899999999910e-02,1.040000000000000038e-05,1.917036000000000000e-03,1.888257000000000130e-02,5.478808920000000082e-01,6.333576229999999807e-01,9.695221360000000344e-01,1.233291000000000075e-03,1.927722499999999853e-02,1.527627500000000062e-02,2.912118999999997737e-03,0.000000000000000000e+00,8.456332699999999369e-02,6.353126319999999883e-01,5.337058150000000278e-01,2.954609000000000055e-02,6.918547099999999839e-02,4.497518970000000116e-01,4.470336260000000173e-01,5.453569139999999704e-01,6.482705960000000323e-01,7.968913140000000173e-01,7.432904489999999642e-01
7.014324849999999945e-01,7.973762200000000799e-01,2.670085469999999850e-01,9.129326050000000636e-01,2.200549080000000213e-01,8.941587370000000368e-01,5.376306499999999877e-02,7.042402899999999910e-02,1.040000000000000038e-05,1.917036000000000000e-03,1.888257000000000130e-02,5.275907739999999846e-01,6.343257519999999650e-01,9.693954249999999773e-01,1.233291000000000075e-03,1.927722499999999853e-02,1.527627500000000062e-02,0.000000000000000000e+00,1.807290999999999065e-03,7.340579799999999433e-02,6.353126319999999883e-01,5.337058150000000278e-01,2.954609000000000055e-02,6.918547099999999839e-02,4.497518970000000116e-01,4.470336260000000173e-01,5.453569139999999704e-01,6.482705960000000323e-01,7.968913140000000173e-01,7.432904489999999642e-01
7.060397659999999576e-01,7.780270620000000470e-01,2.575416130000000026e-01,8.972724720000000431e-01,2.178783810000000098e-01,8.941587370000000368e-01,5.376306499999999877e-02,7.042402899999999910e-02,1.040000000000000038e-05,1.917036000000000000e-03,1.888257000000000130e-02,5.461260859999998996e-01,6.373962659999999891e-01,9.782235350000000329e-01,1.233291000000000075e-03,1.927722499999999853e-02,1.527627500000000062e-02,0.000000000000000000e+00,0.000000000000000000e+00,8.972453899999999205e-02,6.353126319999999883e-01,5.337058150000000278e-01,2.954609000000000055e-02,6.918547099999999839e-02,4.497518970000000116e-01,4.470336260000000173e-01,5.453569139999999704e-01,6.482705960000000323e-01,7.968913140000000173e-01,7.432904489999999642e-01
7.199936839999999671e-01,7.747812910000000386e-01,2.686547989999999997e-01,9.038641149999999680e-01,2.326995200000000208e-01,8.941587370000000368e-01,5.376306499999999877e-02,7.042402899999999910e-02,1.040000000000000038e-05,1.917036000000000000e-03,1.888257000000000130e-02,5.319650739999999267e-01,6.521885429999999539e-01,9.691023050000000527e-01,1.233291000000000075e-03,1.927722499999999853e-02,1.527627500000000062e-02,0.000000000000000000e+00,0.000000000000000000e+00,8.084560199999998864e-02,6.353126319999999883e-01,5.337058150000000278e-01,2.954609000000000055e-02,6.918547099999999839e-02,4.497518970000000116e-01,4.470336260000000173e-01,5.453569139999999704e-01,6.482705960000000323e-01,7.968913140000000173e-01,7.432904489999999642e-01
7.160429470000000407e-01,7.863956970000000046e-01,2.678337120000000016e-01,9.238918809999999704e-01,2.269033900000000104e-01,8.941587370000000368e-01,5.376306499999999877e-02,7.042402899999999910e-02,1.040000000000000038e-05,1.917036000000000000e-03,1.888257000000000130e-02,5.531033669999999569e-01,6.316742960000000240e-01,9.830820070000000355e-01,1.233291000000000075e-03,1.927722499999999853e-02,1.527627500000000062e-02,0.000000000000000000e+00,0.000000000000000000e+00,7.431933099999998849e-02,6.353126319999999883e-01,5.337058150000000278e-01,2.954609000000000055e-02,6.918547099999999839e-02,4.497518970000000116e-01,4.470336260000000173e-01,5.453569139999999704e-01,6.482705960000000323e-01,7.968913140000000173e-01,7.432904489999999642e-01
7.059491289999999530e-01,7.940568210000000793e-01,2.613113939999999746e-01,9.061756029999999962e-01,2.074585870000000276e-01,8.941587370000000368e-01,5.376306499999999877e-02,7.042402899999999910e-02,1.040000000000000038e-05,1.917036000000000000e-03,1.888257000000000130e-02,5.466706479999999813e-01,6.529039930000000158e-01,9.897544889999999596e-01,1.233291000000000075e-03,1.927722499999999853e-02,1.527627500000000062e-02,0.000000000000000000e+00,0.000000000000000000e+00,7.853082399999999907e-02,6.353126319999999883e-01,5.337058150000000278e-01,2.954609000000000055e-02,6.918547099999999839e-02,4.497518970000000116e-01,4.470336260000000173e-01,5.453569139999999704e-01,6.482705960000000323e-01,7.968913140000000173e-01,7.432904489999999642e-01
7.230965249999999900e-01,7.927020580000000427e-01,2.662523519999999699e-01,9.076754150000000410e-01,2.318015429999999988e-01,8.941587370000000368e-01,5.376306499999999877e-02,7.042402899999999910e-02,1.040000000000000038e-05,1.917036000000000000e-03,1.888257000000000130e-02,5.510486639999999658e-01,6.331498859999999951e-01,9.730889799999999923e-01,1.233291000000000075e-03,1.927722499999999853e-02,1.527627500000000062e-02,0.000000000000000000e+00,0.000000000000000000e+00,7.473243599999998543e-02,6.353126319999999883e-01,5.337058150000000278e-01,2.954609000000000055e-02,6.918547099999999839e-02,4.497518970000000116e-01,4.470336260000000173e-01,5.453569139999999704e-01,6.482705960000000323e-01,7.968913140000000173e-01,7.432904489999999642e-01
6.980457629999999858e-01,7.923715980000000103e-01,2.428753149999999805e-01,9.038186040000000254e-01,2.308758030000000183e-01,8.941587370000000368e-01,5.376306499999999877e-02,7.042402899999999910e-02,1.040000000000000038e-05,1.917036000000000000e-03,1.888257000000000130e-02,5.505971119999999441e-01,6.247491589999999428e-01,9.773415989999999498e-01,1.233291000000000075e-03,1.927722499999999853e-02,1.527627500000000062e-02,0.000000000000000000e+00,9.403726999999998878e-03,7.137783899999999848e-02,6.353126319999999883e-01,5.337058150000000278e-01,2.954609000000000055e-02,6.918547099999999839e-02,4.497518970000000116e-01,4.470336260000000173e-01,5.453569139999999704e-01,6.482705960000000323e-01,7.968913140000000173e-01,7.432904489999999642e-01
7.149575780000000380e-01,7.898027200000000692e-01,2.458197199999999916e-01,9.227169040000000599e-01,2.099855290000000041e-01,8.941587370000000368e-01,5.376306499999999877e-02,7.042402899999999910e-02,1.040000000000000038e-05,1.917036000000000000e-03,1.888257000000000130e-02,5.348420229999999442e-01,6.498563539999999694e-01,9.726464830000000061e-01,1.233291000000000075e-03,1.927722499999999853e-02,1.527627500000000062e-02,0.000000000000000000e+00,9.951467999999998038e-03,9.053882499999998945e-02,6.353126319999999883e-01,5.337058150000000278e-01,2.954609000000000055e-02,6.918547099999999839e-02,4.497518970000000116e-01,4.470336260000000173e-01,5.453569139999999704e-01,6.482705960000000323e-01,7.968913140000000173e-01,7.432904489999999642e-01
6.982474210000000348e-01,7.806112280000000458e-01,2.525635860000000066e-01,8.987419629999999771e-01,2.138778080000000026e-01,8.941587370000000368e-01,5.376306499999999877e-02,7.042402899999999910e-02,1.040000000000000038e-05,1.917036000000000000e-03,1.888257000000000130e-02,5.492570119999999889e-01,6.511310799999999732e-01,9.892829459999999964e-01,1.233291000000000075e-03,1.927722499999999853e-02,1.527627500000000062e-02,0.000000000000000000e+00,0.000000000000000000e+00,7.959348599999999108e-02,6.353126319999999883e-01,5.337058150000000278e-01,2.954609000000000055e-02,6.918547099999999839e-02,4.497518970000000116e-01,4.470336260000000173e-01,5.453569139999999704e-01,6.482705960000000323e-01,7.968913140000000173e-01,7.432904489999999642e-01
7.164716899999999944e-01,7.905853959999999958e-01,2.693242959999999631e-01,8.994788300000000625e-01,2.114709230000000051e-01,8.941587370000000368e-01,5.376306499999999877e-02,7.042402899999999910e-02,1.040000000000000038e-05,1.917036000000000000e-03,1.888257000000000130e-02,5.532089590000000001e-01,6.460525329999999844e-01,9.790832449999999909e-01,1.233291000000000075e-03,1.927722499999999853e-02,1.527627500000000062e-02,7.116666999999998397e-03,0.000000000000000000e+00,9.318254799999999005e-02,6.353126319999999883e-01,5.337058150000000278e-01,2.954609000000000055e-02,6.918547099999999839e-02,4.497518970000000116e-01,4.470336260000000173e-01,5.453569139999999704e-01,6.482705960000000323e-01,7.968913140000000173e-01,7.432904489999999642e-01
7.247834549999999654e-01,7.870810430000000357e-01,2.561148039999999737e-01,8.978987200000000390e-01,2.056931450000000217e-01,8.941587370000000368e-01,5.376306499999999877e-02,7.042402899999999910e-02,1.040000000000000038e-05,1.917036000000000000e-03,1.888257000000000130e-02,5.319420619999999378e-01,6.352728009999999426e-01,9.626577330000000154e-01,1.233291000000000075e-03,1.927722499999999853e-02,1.527627500000000062e-02,2.281036000000000175e-03,0.000000000000000000e+00,9.207661399999998719e-02,6.353126319999999883e-01,5.337058150000000278e-01,2.954609000000000055e-02,6.918547099999999839e-02,4.497518970000000116e-01,4.470336260000000173e-01,5.453569139999999704e-01,6.482705960000000323e-01,7.968913140000000173e-01,7.432904489999999642e-01
6.997435909999999426e-01,7.712501620000000724e-01,2.677016660000000048e-01,9.079896160000000549e-01,2.270701990000000003e-01,8.941587370000000368e-01,5.376306499999999877e-02,7.042402899999999910e-02,1.040000000000000038e-05,1.917036000000000000e-03,1.888257000000000130e-02,5.325464119999999690e-01,6.267965429999999838e-01,9.751924279999999445e-01,1.233291000000000075e-03,1.927722499999999853e-02,1.527627500000000062e-02,5.523919999999987729e-04,1.026527799999999921e-02,8.130733899999999237e-02,6.353126319999999883e-01,5.337058150000000278e-01,2.954609000000000055e-02,6.918547099999999839e-02,4.497518970000000116e-01,4.470336260000000173e-01,5.453569139999999704e-01,6.482705960000000323e-01,7.968913140000000173e-01,7.432904489999999642e-01
7.251138459999999508e-01,7.720878880000000555e-01,2.667546000000000084e-01,9.010024789999999673e-01,2.314799860000000264e-01,8.941587370000000368e-01,5.376306499999999877e-02,7.042402899999999910e-02,1.040000000000000038e-05,1.917036000000000000e-03,1.888257000000000130e-02,5.281759829999999045e-01,6.410336930000000155e-01,9.626212149999999745e-01,1.233291000000000075e-03,1.927722499999999853e-02,1.527627500000000062e-02,9.030939999999999454e-03,5.176009999999994782e-04,9.070022799999999386e-02,6.353126319999999883e-01,5.337058150000000278e-01,2.954609000000000055e-02,6.918547099999999839e-02,4.497518970000000116e-01,4.470336260000000173e-01,5.453569139999999704e-01,6.482705960000000323e-01,7.968913140000000173e-01,7.432904489999999642e-01
7.234161139999999435e-01,7.829477180000000702e-01,2.512118979999999890e-01,9.129794100000000467e-01,2.050476370000000048e-01,8.941587370000000368e-01,5.376306499999999877e-02,7.042402899999999910e-02,1.040000000000000038e-05,1.917036000000000000e-03,1.888257000000000130e-02,5.454229489999999902e-01,6.361314350000000228e-01,9.822101880000000396e-01,1.233291000000000075e-03,1.927722499999999853e-02,1.527627500000000062e-02,5.531478999999998869e-03,0.000000000000000000e+00,7.672692099999998960e-02,6.353126319999999883e-01,5.337058150000000278e-01,2.954609000000000055e-02,6.918547099999999839e-02,4.497518970000000116e-01,4.470336260000000173e-01,5.453569139999999704e-01,6.482705960000000323e-01,7.968913140000000173e-01,7.432904489999999642e-01
7.094962169999999846e-01,7.948848490000000044e-01,2.631438929999999621e-01,9.075812810000000175e-01,2.224521440000000183e-01,8.941587370000000368e-01,5.376306499999999877e-02,7.042402899999999910e-02,1.040000000000000038e-05,1.917036000000000000e-03,1.888257000000000130e-02,5.255357429999999441e-01,6.296859700000000393e-01,9.807569809999999721e-01,1.233291000000000075e-03,1.927722499999999853e-02,1.527627500000000062e-02,5.048497999999998487e-03,6.272457999999998118e-03,6.914791199999999194e-02,6.353126319999999883e-01,5.337058150000000278e-01,2.954609000000000055e-02,6.918547099999999839e-02,4.497518970000000116e-01,4.470336260000000173e-01,5.453569139999999704e-01,6.482705960000000323e-01,7.968913140000000173e-01,7.432904489999999642e-01
7.110352500000000076e-01,7.829846390000000378e-01,2.583243789999999929e-01,9.071726700000000143e-01,2.244301590000000179e-01,8.941587370000000368e-01,5.376306499999999877e-02,7.042402899999999910e-02,1.040000000000000038e-05,1.917036000000000000e-03,1.888257000000000130e-02,5.373438119999999207e-01,6.416383810000000354e-01,9.606224540000000145e-01,1.233291000000000075e-03,1.927722499999999853e-02,1.527627500000000062e-02,0.000000000000000000e+00,0.000000000000000000e+00,8.214714499999999087e-02,6.353126319999999883e-01,5.337058150000000278e-01,2.954609000000000055e-02,6.918547099999999839e-02,4.497518970000000116e-01,4.470336260000000173e-01,5.453569139999999704e-01,6.482705960000000323e-01,7.968913140000000173e-01,7.432904489999999642e-01
7.170172249999999803e-01,7.740615870000000509e-01,2.497194229999999959e-01,9.167914820000000464e-01,2.227175000000000127e-01,8.941587370000000368e-01,5.376306499999999877e-02,7.042402899999999910e-02,1.040000000000000038e-05,1.917036000000000000e-03,1.888257000000000130e-02,5.505223469999999120e-01,6.324881079999999933e-01,9.716294899999999846e-01,1.233291000000000075e-03,1.927722499999999853e-02,1.527627500000000062e-02,3.596296999999998301e-03,0.000000000000000000e+00,7.447543399999999314e-02,6.353126319999999883e-01,5.337058150000000278e-01,2.954609000000000055e-02,6.918547099999999839e-02,4.497518970000000116e-01,4.470336260000000173e-01,5.453569139999999704e-01,6.482705960000000323e-01,7.968913140000000173e-01,7.432904489999999642e-01
7.139970380000000283e-01,7.964847280000000307e-01,2.510252269999999619e-01,9.261711030000000511e-01,2.284670639999999975e-01,8.941587370000000368e-01,5.376306499999999877e-02,7.042402899999999910e-02,1.040000000000000038e-05,1.917036000000000000e-03,1.888257000000000130e-02,5.342679349999999161e-01,6.474842570000000075e-01,9.832098540000000497e-01,1.233291000000000075e-03,1.927722499999999853e-02,1.527627500000000062e-02,0.000000000000000000e+00,0.000000000000000000e+00,8.561087199999999064e-02,6.353126319999999883e-01,5.337058150000000278e-01,2.954609000000000055e-02,6.918547099999999839e-02,4.497518970000000116e-01,4.470336260000000173e-01,5.453569139999999704e-01,6.482705960000000323e-01,7.968913140000000173e-01,7.432904489999999642e-01
7.220117409999999847e-01,7.933639009999999825e-01,2.600333819999999796e-01,9.160839430000000672e-01,2.111770410000000098e-01,8.941587370000000368e-01,5.376306499999999877e-02,7.042402899999999910e-02,1.040000000000000038e-05,1.917036000000000000e-03,1.888257000000000130e-02,5.388900099999999194e-01,6.527217379999999958e-01,9.846275460000000201e-01,1.233291000000000075e-03,1.927722499999999853e-02,1.527627500000000062e-02,1.612514999999998394e-03,0.000000000000000000e+00,9.181908399999999526e-02,6.353126319999999883e-01,5.337058150000000278e-01,2.954609000000000055e-02,6.918547099999999839e-02,4.497518970000000116e-01,4.470336260000000173e-01,5.453569139999999704e-01,6.482705960000000323e-01,7.968913140000000173e-01,7.432904489999999642e-01
7.151155769999999468e-01,7.794929609999999842e-01,2.467677169999999975e-01,9.264979870000000783e-01,2.177790710000000185e-01,8.941587370000000368e-01,5.376306499999999877e-02,7.042402899999999910e-02,1.040000000000000038e-05,1.917036000000000000e-03,1.888257000000000130e-02,5.328905899999999418e-01,6.354678590000000238e-01,9.642717910000000447e-01,1.233291000000000075e-03,1.927722499999999853e-02,1.527627500000000062e-02,0.000000000000000000e+00,0.000000000000000000e+00,7.168400199999999667e-02,6.353126319999999883e-01,5.337058150000000278e-01,2.954609000000000055e-02,6.918547099999999839e-02,4.497518970000000116e-01,4.470336260000000173e-01,5.453569139999999704e-01,6.482705960000000323e-01,7.968913140000000173e-01,7.432904489999999642e-01
7.116537039999999426e-01,7.957689900000000094e-01,2.566474129999999909e-01,9.116435800000000089e-01,2.071020440000000129e-01,8.941587370000000368e-01,5.376306499999999877e-02,7.042402899999999910e-02,1.040000000000000038e-05,1.917036000000000000e-03,1.888257000000000130e-02,5.299293689999999835e-01,6.274361029999999673e-01,9.615385650000000117e-01,1.233291000000000075e-03,1.927722499999999853e-02,1.527627500000000062e-02,4.886510999999999633e-03,1.371307999999998167e-03,6.976137799999998501e-02,6.353126319999999883e-01,5.337058150000000278e-01,2.954609000000000055e-02,6.918547099999999839e-02,4.497518970000000116e-01,4.470336260000000173e-01,5.453569139999999704e-01,6.482705960000000323e-01,7.968913140000000173e-01,7.432904489999999642e-01
7.246455210000000147e-01,7.936351160000000293e-01,2.712733489999999970e-01,9.214771910000000288e-01,2.158089590000000224e-01,8.941587370000000368e-01,5.376306499999999877e-02,7.042402899999999910e-02,1.040000000000000038e-05,1.917036000000000000e-03,1.888257000000000130e-02,5.539680790000000021e-01,6.450386270000000311e-01,9.679011060000000111e-01,1.233291000000000075e-03,1.927722499999999853e-02,1.527627500000000062e-02,0.000000000000000000e+00,0.000000000000000000e+00,8.655181699999998923e-02,6.353126319999999883e-01,5.337058150000000278e-01,2.954609000000000055e-02,6.918547099999999839e-02,4.497518970000000116e-01,4.470336260000000173e-01,5.453569139999999704e-01,6.482705960000000323e-01,7.968913140000000173e-01,7.432904489999999642e-01
7.051945200000000469e-01,7.996098360000000183e-01,2.572699669999999883e-01,9.188637610000000011e-01,2.195401150000000079e-01,8.941587370000000368e-01,5.376306499999999877e-02,7.042402899999999910e-02,1.040000000000000038e-05,1.917036000000000000e-03,1.888257000000000130e-02,5.292951099999999576e-01,6.516300480000000173e-01,9.639469960000000004e-01,1.233291000000000075e-03,1.927722499999999853e-02,1.527627500000000062e-02,3.118756000000000306e-03,0.000000000000000000e+00,9.247631399999999002e-02,6.353126319999999883e-01,5.337058150000000278e-01,2.954609000000000055e-02,6.918547099999999839e-02,4.497518970000000116e-01,4.470336260000000173e-01,5.453569139999999704e-01,6.482705960000000323e-01,7.968913140000000173e-01,7.432904489999999642e-01
7.018934949999999784e-01,7.925780180000000508e-01,2.590666489999999822e-01,9.218315919999999775e-01,2.249909710000000118e-01,8.941587370000000368e-01,5.376306499999999877e-02,7.042402899999999910e-02,1.040000000000000038e-05,1.917036000000000000e-03,1.888257000000000130e-02,5.427901039999999400e-01,6.440180420000000128e-01,9.861760999999999999e-01,1.233291000000000075e-03,1.927722499999999853e-02,1.527627500000000062e-02,0.000000000000000000e+00,0.000000000000000000e+00,8.995460799999999146e-02,6.353126319999999883e-01,5.337058150000000278e-01,2.954609000000000055e-02,6.918547099999999839e-02,4.497518970000000116e-01,4.470336260000000173e-01,5.453569139999999704e-01,6.482705960000000323e-01,7.968913140000000173e-01,7.432904489999999642e-01
7.152706129999999440e-01,7.734767260000000588e-01,2.639882199999999957e-01,9.151946659999999900e-01,2.168479130000000032e-01,8.941587370000000368e-01,5.376306499999999877e-02,7.042402899999999910e-02,1.040000000000000038e-05,1.917036000000000000e-03,1.888257000000000130e-02,5.431059719999999924e-01,6.289608449999999351e-01,9.847956900000000013e-01,1.233291000000000075e-03,1.927722499999999853e-02,1.527627500000000062e-02,0.000000000000000000e+00,5.876007999999998538e-03,7.419320399999998483e-02,6.353126319999999883e-01,5.337058150000000278e-01,2.954609000000000055e-02,6.918547099999999839e-02,4.497518970000000116e-01,4.470336260000000173e-01,5.453569139999999704e-01,6.482705960000000323e-01,7.968913140000000173e-01,7.432904489999999642e-01
7.203297359999999427e-01,7.902051220000000376e-01,2.441802529999999860e-01,8.995599810000000085e-01,2.130351730000000221e-01,8.941587370000000368e-01,5.376306499999999877e-02,7.042402899999999910e-02,1.040000000000000038e-05,1.917036000000000000e-03,1.888257000000000130e-02,5.394660269999999036e-01,6.348847479999999432e-01,9.663939160000000195e-01,1.233291000000000075e-03,1.927722499999999853e-02,1.527627500000000062e-02,0.000000000000000000e+00,9.191540999999999254e-03,7.531366899999999975e-02,6.353126319999999883e-01,5.337058150000000278e-01,2.954609000000000055e-02,6.918547099999999839e-02,4.497518970000000116e-01,4.470336260000000173e-01,5.453569139999999704e-01,6.482705960000000323e-01,7.968913140000000173e-01,7.432904489999999642e-01
7.189584900000000056e-01,7.737765939999999842e-01,2.533207530000000096e-01,9.079021620000000681e-01,2.253006250000000044e-01,8.941587370000000368e-01,5.376306499999999877e-02,7.042402899999999910e-02,1.040000000000000038e-05,1.917036000000000000e-03,1.888257000000000130e-02,5.479832649999999417e-01,6.280173689999999365e-01,9.735832389999999892e-01,1.233291000000000075e-03,1.927722499999999853e-02,1.527627500000000062e-02,5.850399999999998657e-03,2.168761999999997692e-03,6.755961899999998743e-02,6.353126319999999883e-01,5.337058150000000278e-01,2.954609000000000055e-02,6.918547099999999839e-02,4.497518970000000116e-01,4.470336260000000173e-01,5.453569139999999704e-01,6.482705960000000323e-01,7.968913140000000173e-01,7.432904489999999642e-01
6.995493640000000068e-01,7.741293089999999877e-01,2.607154299999999703e-01,9.099279479999999865e-01,2.061930720000000050e-01,8.941587370000000368e-01,5.376306499999999877e-02,7.042402899999999910e-02,1.040000000000000038e-05,1.917036000000000000e-03,1.888257000000000130e-02,5.348188079999999234e-01,6.242471269999999572e-01,9.717898149999999458e-01,1.233291000000000075e-03,1.927722499999999853e-02,1.527627500000000062e-02,5.322898999999998992e-03,0.000000000000000000e+00,7.654660899999998769e-02,6.353126319999999883e-01,5.337058150000000278e-01,2.954609000000000055e-02,6.918547099999999839e-02,4.497518970000000116e-01,4.470336260000000173e-01,5.453569139999999704e-01,6.482705960000000323e-01,7.968913140000000173e-01,7.432904489999999642e-01
6.971999669999999760e-01,7.850603769999999759e-01,2.641631419999999619e-01,9.169870199999999860e-01,2.069212890000000082e-01,8.941587370000000368e-01,5.376306499999999877e-02,7.042402899999999910e-02,1.040000000000000038e-05,1.917036000000000000e-03,1.888257000000000130e-02,5.537123269999999486e-01,6.356210449999999401e-01,9.779634870000000202e-01,1.233291000000000075e-03,1.927722499999999853e-02,1.527627500000000062e-02,0.000000000000000000e+00,0.000000000000000000e+00,8.582208699999999135e-02,6.353126319999999883e-01,5.337058150000000278e-01,2.954609000000000055e-02,6.918547099999999839e-02,4.497518970000000116e-01,4.470336260000000173e-01,5.453569139999999704e-01,6.482705960000000323e-01,7.968913140000000173e-01,7.432904489999999642e-01
7.093502680000000060e-01,7.984383520000000178e-01,2.611409709999999995e-01,8.968431049999999738e-01,2.191551000000000193e-01,8.941587370000000368e-01,5.376306499999999877e-02,7.042402899999999910e-02,1.040000000000000038e-05,1.917036000000000000e-03,1.888257000000000130e-02,5.402457559999999104e-01,6.525624780000000014e-01,9.661058790000000007e-01,1.233291000000000075e-03,1.927722499999999853e-02,1.527627500000000062e-02,0.000000000000000000e+00,5.719818999999999251e-03,8.791281699999999033e-02,6.353126319999999883e-01,5.337058150000000278e-01,2.954609000000000055e-02,6.918547099999999839e-02,4.497518970000000116e-01,4.470336260000000173e-01,5.453569139999999704e-01,6.482705960000000323e-01,7.968913140000000173e-01,7.432904489999999642e-01
7.147240670000000184e-01,7.746858170000000543e-01,2.602310270000000036e-01,9.088136989999999749e-01,2.282431490000000063e-01,8.941587370000000368e-01,5.376306499999999877e-02,7.042402899999999910e-02,1.040000000000000038e-05,1.917036000000000000e-03,1.888257000000000130e-02,5.268080349999999523e-01,6.452916720000000383e-01,9.707207410000000536e-01,1.233291000000000075e-03,1.927722499999999853e-02,1.527627500000000062e-02,8.417105999999998853e-03,0.000000000000000000e+00,7.678391799999999268e-02,6.353126319999999883e-01,5.337058150000000278e-01,2.954609000000000055e-02,6.918547099999999839e-02,4.497518970000000116e-01,4.470336260000000173e-01,5.453569139999999704e-01,6.482705960000000323e-01,7.968913140000000173e-01,7.432904489999999642e-01
7.142183960000000331e-01,7.863193139999999914e-01,2.484138999999999931e-01,9.172687489999999944e-01,2.291566700000000067e-01,8.941587370000000368e-01,5.376306499999999877e-02,7.042402899999999910e-02,1.040000000000000038e-05,1.917036000000000000e-03,1.888257000000000130e-02,5.404640989999999201e-01,6.491868870000000458e-01,9.661952769999999635e-01,1.233291000000000075e-03,1.927722499999999853e-02,1.527627500000000062e-02,6.349178999999999934e-03,0.000000000000000000e+00,7.583429199999999759e-02,6.353126319999999883e-01,5.337058150000000278e-01,2.954609000000000055e-02,6.918547099999999839e-02,4.497518970000000116e-01,4.470336260000000173e-01,5.453569139999999704e-01,6.482705960000000323e-01,7.968913140000000173e-01,7.432904489999999642e-01
7.011679339999999927e-01,7.824264349999999757e-01,2.528042189999999967e-01,9.072349969999999875e-01,2.265695820000000194e-01,8.941587370000000368e-01,5.376306499999999877e-02,7.042402899999999910e-02,1.040000000000000038e-05,1.917036000000000000e-03,1.888257000000000130e-02,5.400943849999999546e-01,6.351038620000000190e-01,9.761005160000000291e-01,1.233291000000000075e-03,1.927722499999999853e-02,1.527627500000000062e-02,8.112739999999998494e-03,0.000000000000000000e+00,7.184137199999998669e-02,6.353126319999999883e-01,5.337058150000000278e-01,2.954609000000000055e-02,6.918547099999999839e-02,4.497518970000000116e-01,4.470336260000000173e-01,5.453569139999999704e-01,6.482705960000000323e-01,7.968913140000000173e-01,7.432904489999999642e-01
7.143799870000000496e-01,8.004638649999999966e-01,2.530220360000000057e-01,9.112393850000000128e-01,2.313748030000000178e-01,8.941587370000000368e-01,5.376306499999999877e-02,7.042402899999999910e-02,1.040000000000000038e-05,1.917036000000000000e-03,1.888257000000000130e-02,5.425064979999999482e-01,6.328176300000000198e-01,9.876108169999999742e-01,1.233291000000000075e-03,1.927722499999999853e-02,1.527627500000000062e-02,0.000000000000000000e+00,0.000000000000000000e+00,8.463776199999999139e-02,6.353126319999999883e-01,5.337058150000000278e-01,2.954609000000000055e-02,6.918547099999999839e-02,4.497518970000000116e-01,4.470336260000000173e-01,5.453569139999999704e-01,6.482705960000000323e-01,7.968913140000000173e-01,7.432904489999999642e-01
6.978707050000000356e-01,7.841363460000000396e-01,2.713849620000000074e-01,9.002999870000000238e-01,2.063443390000000155e-01,8.941587370000000368e-01,5.376306499999999877e-02,7.042402899999999910e-02,1.040000000000000038e-05,1.917036000000000000e-03,1.888257000000000130e-02,5.544362619999999575e-01,6.252819099999999963e-01,9.827886930000000465e-01,1.233291000000000075e-03,1.927722499999999853e-02,1.527627500000000062e-02,0.000000000000000000e+00,0.000000000000000000e+00,9.389312899999999185e-02,6.353126319999999883e-01,5.337058150000000278e-01,2.954609000000000055e-02,6.918547099999999839e-02,4.497518970000000116e-01,4.470336260000000173e-01,5.453569139999999704e-01,6.482705960000000323e-01,7.968913140000000173e-01,7.432904489999999642e-01
6.974008529999999872e-01,8.002960300000000471e-01,2.701667919999999889e-01,9.207517560000000323e-01,2.242569310000000204e-01,8.941587370000000368e-01,5.376306499999999877e-02,7.042402899999999910e-02,1.040000000000000038e-05,1.917036000000000000e-03,1.888257000000000130e-02,5.306714849999999428e-01,6.428913039999999413e-01,9.647649339999999629e-01,1.233291000000000075e-03,1.927722499999999853e-02,1.527627500000000062e-02,0.000000000000000000e+00,8.164089999999971092e-04,9.673550200000000099e-02,6.353126319999999883e-01,5.337058150000000278e-01,2.954609000000000055e-02,6.918547099999999839e-02,4.497518970000000116e-01,4.470336260000000173e-01,5.453569139999999704e-01,6.482705960000000323e-01,7.968913140000000173e-01,7.432904489999999642e-01
7.186373099999999736e-01,7.805078659999999946e-01,2.478004050000000014e-01,9.226417890000000455e-01,2.247578170000000264e-01,8.941587370000000368e-01,5.376306499999999877e-02,7.042402899999999910e-02,1.040000000000000038e-05,1.917036000000000000e-03,1.888257000000000130e-02,5.522232529999999695e-01,6.286269899999999966e-01,9.628936839999999719e-01,1.233291000000000075e-03,1.927722499999999853e-02,1.527627500000000062e-02,0.000000000000000000e+00,0.000000000000000000e+00,7.928142099999999082e-02,6.353126319999999883e-01,5.337058150000000278e-01,2.954609000000000055e-02,6.918547099999999839e-02,4.497518970000000116e-01,4.470336260000000173e-01,5.453569139999999704e-01,6.482705960000000323e-01,7.968913140000000173e-01,7.432904489999999642e-01
7.134023469999999367e-01,7.786442399999999875e-01,2.468437389999999787e-01,9.251522010000000629e-01,2.218945120000000160e-01,8.941587370000000368e-01,5.376306499999999877e-02,7.042402899999999910e-02,1.040000000000000038e-05,1.917036000000000000e-03,1.888257000000000130e-02,5.393450929999999977e-01,6.504685430000000101e-01,9.777611400000000286e-01,1.233291000000000075e-03,1.927722499999999853e-02,1.527627500000000062e-02,0.000000000000000000e+00,2.546500000000000152e-03,8.194426399999998889e-02,6.353126319999999883e-01,5.337058150000000278e-01,2.954609000000000055e-02,6.918547099999999839e-02,4.497518970000000116e-01,4.470336260000000173e-01,5.453569139999999704e-01,6.482705960000000323e-01,7.968913140000000173e-01,7.432904489999999642e-01
7.050748150000000214e-01,7.932509240000000794e-01,2.570991139999999620e-01,9.163908350000000702e-01,2.254620440000000003e-01,8.941587370000000368e-01,5.376306499999999877e-02,7.042402899999999910e-02,1.040000000000000038e-05,1.917036000000000000e-03,1.888257000000000130e-02,5.498138229999999238e-01,6.426563400000000481e-01,9.878743269999999965e-01,1.233291000000000075e-03,1.927722499999999853e-02,1.527627500000000062e-02,0.000000000000000000e+00,0.000000000000000000e+00,8.795671999999998825e-02,6.353126319999999883e-01,5.337058150000000278e-01,2.954609000000000055e-02,6.918547099999999839e-02,4.497518970000000116e-01,4.470336260000000173e-01,5.453569139999999704e-01,6.482705960000000323e-01,7.968913140000000173e-01,7.432904489999999642e-01
7.240918010000000349e-01,7.772154940000000067e-01,2.581572899999999837e-01,9.178324239999999801e-01,2.206321790000000116e-01,8.941587370000000368e-01,5.376306499999999877e-02,7.042402899999999910e-02,1.040000000000000038e-05,1.917036000000000000e-03,1.888257000000000130e-02,5.498637929999999896e-01,6.246220540000000376e-01,9.891752839999999880e-01,1.233291000000000075e-03,1.927722499999999853e-02,1.527627500000000062e-02,0.000000000000000000e+00,1.051717599999999787e-02,6.947095799999999932e-02,6.353126319999999883e-01,5.337058150000000278e-01,2.954609000000000055e-02,6.918547099999999839e-02,4.497518970000000116e-01,4.470336260000000173e-01,5.453569139999999704e-01,6.482705960000000323e-01,7.968913140000000173e-01,7.432904489999999642e-01
7.210952080000000430e-01,7.882613000000000536e-01,2.568369400000000136e-01,9.255730530000000345e-01,2.046530420000000072e-01,8.941587370000000368e-01,5.376306499999999877e-02,7.042402899999999910e-02,1.040000000000000038e-05,1.917036000000000000e-03,1.888257000000000130e-02,5.465230819999999934e-01,6.397926210000000058e-01,9.787641609999999659e-01,1.233291000000000075e-03,1.927722499999999853e-02,1.527627500000000062e-02,0.000000000000000000e+00,0.000000000000000000e+00,7.916979899999998516e-02,6.353126319999999883e-01,5.337058150000000278e-01,2.954609000000000055e-02,6.918547099999999839e-02,4.497518970000000116e-01,4.470336260000000173e-01,5.453569139999999704e-01,6.482705960000000323e-01,7.968913140000000173e-01,7.432904489999999642e-01
7.106461259999999891e-01,7.820886240000000100e-01,2.719781299999999846e-01,9.095439570000000140e-01,2.041914780000000096e-01,8.941587370000000368e-01,5.376306499999999877e-02,7.042402899999999910e-02,1.040000000000000038e-05,1.917036000000000000e-03,1.888257000000000130e-02,5.487670489999999512e-01,6.341779579999999861e-01,9.768104480000000533e-01,1.233291000000000075e-03,1.927722499999999853e-02,1.527627500000000062e-02,0.000000000000000000e+00,8.677302999999999059e-03,9.698187799999999359e-02,6.353126319999999883e-01,5.337058150000000278e-01,2.954609000000000055e-02,6.918547099999999839e-02,4.497518970000000116e-01,4.470336260000000173e-01,5.453569139999999704e-01,6.482705960000000323e-01,7.968913140000000173e-01,7.432904489999999642e-01
7.228527160000000062e-01,7.847231279999999920e-01,2.532521679999999997e-01,9.175284479999999965e-01,2.263461140000000149e-01,8.941587370000000368e-01,5.376306499999999877e-02,7.042402899999999910e-02,1.040000000000000038e-05,1.917036000000000000e-03,1.888257000000000130e-02,5.405131839999999244e-01,6.249938689999999797e-01,9.613408260000000372e-01,1.233291000000000075e-03,1.927722499999999853e-02,1.527627500000000062e-02,8.384552999999999451e-03,0.000000000000000000e+00,9.648436899999998650e-02,6.353126319999999883e-01,5.337058150000000278e-01,2.954609000000000055e-02,6.918547099999999839e-02,4.497518970000000116e-01,4.470336260000000173e-01,5.453569139999999704e-01,6.482705960000000323e-01,7.968913140000000173e-01,7.432904489999999642e-01
7.134905999999999748e-01,7.744553880000000223e-01,2.495106990000000025e-01,9.060379320000000458e-01,2.248469600000000124e-01,8.941587370000000368e-01,5.376306499999999877e-02,7.042402899999999910e-02,1.040000000000000038e-05,1.917036000000000000e-03,1.888257000000000130e-02,5.295266180000000045e-01,6.449845020000000151e-01,9.853790500000000341e-01,1.233291000000000075e-03,1.927722499999999853e-02,1.527627500000000062e-02,0.000000000000000000e+00,0.000000000000000000e+00,7.993150499999998604e-02,6.353126319999999883e-01,5.337058150000000278e-01,2.954609000000000055e-02,6.918547099999999839e-02,4.497518970000000116e-01,4.470336260000000173e-01,5.453569139999999704e-01,6.482705960000000323e-01,7.968913140000000173e-01,7.432904489999999642e-01
7.104657140000000259e-01,7.903216010000000402e-01,2.617189709999999669e-01,9.242621880000000401e-01,2.104302020000000106e-01,8.941587370000000368e-01,5.376306499999999877e-02,7.042402899999999910e-02,1.040000000000000038e-05,1.917036000000000000e-03,1.888257000000000130e-02,5.467465929999999474e-01,6.526896159999999725e-01,9.884585460000000490e-01,1.233291000000000075e-03,1.927722499999999853e-02,1.527627500000000062e-02,0.000000000000000000e+00,4.551976999999998719e-03,8.720495500000000066e-02,6.353126319999999883e-01,5.337058150000000278e-01,2.954609000000000055e-02,6.918547099999999839e-02,4.497518970000000116e-01,4.470336260000000173e-01,5.453569139999999704e-01,6.482705960000000323e-01,7.968913140000000173e-01,7.432904489999999642e-01
7.213516880000000464e-01,7.906784270000000170e-01,2.646736869999999908e-01,8.968886930000000701e-01,2.052313940000000114e-01,8.941587370000000368e-01,5.376306499999999877e-02,7.042402899999999910e-02,1.040000000000000038e-05,1.917036000000000000e-03,1.888257000000000130e-02,5.274692509999999723e-01,6.308486150000000015e-01,9.609953199999999862e-01,1.233291000000000075e-03,1.927722499999999853e-02,1.527627500000000062e-02,0.000000000000000000e+00,1.251689999999999747e-03,8.743832399999999783e-02,6.353126319999999883e-01,5.337058150000000278e-01,2.954609000000000055e-02,6.918547099999999839e-02,4.497518970000000116e-01,4.470336260000000173e-01,5.453569139999999704e-01,6.482705960000000323e-01,7.968913140000000173e-01,7.432904489999999642e-01
7.034186110000000269e-01,7.739768460000000516e-01,2.665409599999999934e-01,9.238498790000000405e-01,2.135559230000000086e-01,8.941587370000000368e-01,5.376306499999999877e-02,7.042402899999999910e-02,1.040000000000000038e-05,1.917036000000000000e-03,1.888257000000000130e-02,5.329082459999999744e-01,6.361628929999999515e-01,9.882761089999999582e-01,1.233291000000000075e-03,1.927722499999999853e-02,1.527627500000000062e-02,6.747961999999999710e-03,0.000000000000000000e+00,7.930668599999998736e-02,6.353126319999999883e-01,5.337058150000000278e-01,2.954609000000000055e-02,6.918547099999999839e-02,4.497518970000000116e-01,4.470336260000000173e-01,5.453569139999999704e-01,6.482705960000000323e-01,7.968913140000000173e-01,7.432904489999999642e-01
7.008854529999999361e-01,7.966950540000000691e-01,2.427986909999999832e-01,9.248588119999999746e-01,2.276296640000000093e-01,8.941587370000000368e-01,5.376306499999999877e-02,7.042402899999999910e-02,1.040000000000000038e-05,1.917036000000000000e-03,1.888257000000000130e-02,5.397898339999999129e-01,6.390086839999999935e-01,9.842299279999999762e-01,1.233291000000000075e-03,1.927722499999999853e-02,1.527627500000000062e-02,0.000000000000000000e+00,1.831944999999998019e-03,9.151154499999999969e-02,6.353126319999999883e-01,5.337058150000000278e-01,2.954609000000000055e-02,6.918547099999999839e-02,4.497518970000000116e-01,4.470336260000000173e-01,5.453569139999999704e-01,6.482705960000000323e-01,7.968913140000000173e-01,7.432904489999999642e-01
7.177570250000000485e-01,7.917623040000000278e-01,2.426821679999999759e-01,9.022106590000000814e-01,2.185533310000000173e-01,8.941587370000000368e-01,5.376306499999999877e-02,7.042402899999999910e-02,1.040000000000000038e-05,1.917036000000000000e-03,1.888257000000000130e-02,5.491455100000000034e-01,6.271918509999999669e-01,9.772776509999999695e-01,1.233291000000000075e-03,1.927722499999999853e-02,1.527627500000000062e-02,8.790258999999999920e-03,1.106874499999999789e-02,8.519497999999998961e-02,6.353126319999999883e-01,5.337058150000000278e-01,2.954609000000000055e-02,6.918547099999999839e-02,4.497518970000000116e-01,4.470336260000000173e-01,5.453569139999999704e-01,6.482705960000000323e-01,7.968913140000000173e-01,7.432904489999999642e-01
7.250797580000000186e-01,7.987572640000000224e-01,2.504218839999999835e-01,9.006767850000000353e-01,2.256435290000000093e-01,8.941587370000000368e-01,5.376306499999999877e-02,7.042402899999999910e-02,1.040000000000000038e-05,1.917036000000000000e-03,1.888257000000000130e-02,5.484354999999999647e-01,6.343607350000000089e-01,9.786745169999999661e-01,1.233291000000000075e-03,1.927722499999999853e-02,1.527627500000000062e-02,0.000000000000000000e+00,2.987570999999997895e-03,7.311566599999999583e-02,6.353126319999999883e-01,5.337058150000000278e-01,2.954609000000000055e-02,6.918547099999999839e-02,4.497518970000000116e-01,4.470336260000000173e-01,5.453569139999999704e-01,6.482705960000000323e-01,7.968913140000000173e-01,7.432904489999999642e-01
6.983864690000000097e-01,7.896143450000000508e-01,2.672286399999999618e-01,9.050196030000000613e-01,2.105164840000000037e-01,8.941587370000000368e-01,5.376306499999999877e-02,7.042402899999999910e-02,1.040000000000000038e-05,1.917036000000000000e-03,1.888257000000000130e-02,5.432822319999999205e-01,6.236850919999999965e-01,9.855899519999999914e-01,1.233291000000000075e-03,1.927722499999999853e-02,1.527627500000000062e-02,0.000000000000000000e+00,0.000000000000000000e+00,8.879194899999999502e-02,6.353126319999999883e-01,5.337058150000000278e-01,2.954609000000000055e-02,6.918547099999999839e-02,4.497518970000000116e-01,4.470336260000000173e-01,5.453569139999999704e-01,6.482705960000000323e-01,7.968913140000000173e-01,7.432904489999999642e-01
7.091416179999999736e-01,7.802699560000000423e-01,2.589865940000000144e-01,9.035911240000000788e-01,2.119365640000000217e-01,8.941587370000000368e-01,5.376306499999999877e-02,7.042402899999999910e-02,1.040000000000000038e-05,1.917036000000000000e-03,1.888257000000000130e-02,5.322752509999999493e-01,6.473806760000000438e-01,9.852900199999999886e-01,1.233291000000000075e-03,1.927722499999999853e-02,1.527627500000000062e-02,0.000000000000000000e+00,0.000000000000000000e+00,8.684221999999999775e-02,6.353126319999999883e-01,5.337058150000000278e-01,2.954609000000000055e-02,6.918547099999999839e-02,4.497518970000000116e-01,4.470336260000000173e-01,5.453569139999999704e-01,6.482705960000000323e-01,7.968913140000000173e-01,7.432904489999999642e-01
7.263493619999999984e-01,7.879871190000000691e-01,2.676429459999999927e-01,9.234683820000000321e-01,2.037581300000000095e-01,8.941587370000000368e-01,5.376306499999999877e-02,7.042402899999999910e-02,1.040000000000000038e-05,1.917036000000000000e-03,1.888257000000000130e-02,5.445141059999999422e-01,6.267383709999999608e-01,9.864437390000000416e-01,1.233291000000000075e-03,1.927722499999999853e-02,1.527627500000000062e-02,0.000000000000000000e+00,1.566009999999992686e-04,9.542791700000000099e-02,6.353126319999999883e-01,5.337058150000000278e-01,2.954609000000000055e-02,6.918547099999999839e-02,4.497518970000000116e-01,4.470336260000000173e-01,5.453569139999999704e-01,6.482705960000000323e-01,7.968913140000000173e-01,7.432904489999999642e-01
7.129046329999999543e-01,7.752880670000000807e-01,2.492188409999999688e-01,9.005716970000000599e-01,2.246310160000000167e-01,8.941587370000000368e-01,5.376306499999999877e-02,7.042402899999999910e-02,1.040000000000000038e-05,1.917036000000000000e-03,1.888257000000000130e-02,5.494876239999999523e-01,6.265276960000000228e-01,9.631679250000000359e-01,1.233291000000000075e-03,1.927722499999999853e-02,1.527627500000000062e-02,0.000000000000000000e+00,2.828338999999999159e-03,8.489198499999998926e-02,6.353126319999999883e-01,5.337058150000000278e-01,2.954609000000000055e-02,6.918547099999999839e-02,4.497518970000000116e-01,4.470336260000000173e-01,5.453569139999999704e-01,6.482705960000000323e-01,7.968913140000000173e-01,7.432904489999999642e-01
7.136107919999999938e-01,7.723454189999999775e-01,2.544020140000000096e-01,9.197096460000000473e-01,2.288343690000000097e-01,8.941587370000000368e-01,5.376306499999999877e-02,7.042402899999999910e-02,1.040000000000000038e-05,1.917036000000000000e-03,1.888257000000000130e-02,5.458831959999999039e-01,6.411490079999999647e-01,9.873583980000000260e-01,1.233291000000000075e-03,1.927722499999999853e-02,1.527627500000000062e-02,8.742928999999998244e-03,3.083497999999997019e-03,8.872981299999999072e-02,6.353126319999999883e-01,5.337058150000000278e-01,2.954609000000000055e-02,6.918547099999999839e-02,4.497518970000000116e-01,4.470336260000000173e-01,5.453569139999999704e-01,6.482705960000000323e-01,7.968913140000000173e-01,7.432904489999999642e-01
7.012797870000000433e-01,7.796504739999999822e-01,2.522778089999999640e-01,9.008073170000000518e-01,2.043473410000000157e-01,8.941587370000000368e-01,5.376306499999999877e-02,7.042402899999999910e-02,1.040000000000000038e-05,1.917036000000000000e-03,1.888257000000000130e-02,5.551702809999999877e-01,6.369848970000000499e-01,9.898359589999999875e-01,1.233291000000000075e-03,1.927722499999999853e-02,1.527627500000000062e-02,0.000000000000000000e+00,0.000000000000000000e+00,8.827375799999999384e-02,6.353126319999999883e-01,5.337058150000000278e-01,2.954609000000000055e-02,6.918547099999999839e-02,4.497518970000000116e-01,4.470336260000000173e-01,5.453569139999999704e-01,6.482705960000000323e-01,7.968913140000000173e-01,7.432904489999999642e-01
7.206385690000000066e-01,7.835301650000000562e-01,2.563282479999999808e-01,9.112842549999999875e-01,2.275734420000000147e-01,8.941587370000000368e-01,5.376306499999999877e-02,7.042402899999999910e-02,1.040000000000000038e-05,1.917036000000000000e-03,1.888257000000000130e-02,5.519944069999999092e-01,6.435354979999999836e-01,9.804520239999999776e-01,1.233291000000000075e-03,1.927722499999999853e-02,1.527627500000000062e-02,6.540244999999998352e-03,3.227636999999998479e-03,8.138016699999998937e-02,6.353126319999999883e-01,5.337058150000000278e-01,2.954609000000000055e-02,6.918547099999999839e-02,4.497518970000000116e-01,4.470336260000000173e-01,5.453569139999999704e-01,6.482705960000000323e-01,7.968913140000000173e-01,7.432904489999999642e-01
7.119429090000000127e-01,7.872285010000000804e-01,2.605880459999999621e-01,9.183648920000000437e-01,2.279285550000000049e-01,8.941587370000000368e-01,5.376306499999999877e-02,7.042402899999999910e-02,1.040000000000000038e-05,1.917036000000000000e-03,1.888257000000000130e-02,5.301479679999999695e-01,6.314972340000000184e-01,9.851355819999999541e-01,1.233291000000000075e-03,1.927722499999999853e-02,1.527627500000000062e-02,5.218394999999998937e-03,0.000000000000000000e+00,8.255840799999999979e-02,6.353126319999999883e-01,5.337058150000000278e-01,2.954609000000000055e-02,6.918547099999999839e-02,4.497518970000000116e-01,4.470336260000000173e-01,5.453569139999999704e-01,6.482705960000000323e-01,7.968913140000000173e-01,7.432904489999999642e-01
7.033042099999999852e-01,7.791715080000000127e-01,2.591818359999999988e-01,9.156430370000000485e-01,2.129184470000000107e-01,8.941587370000000368e-01,5.376306499999999877e-02,7.042402899999999910e-02,1.040000000000000038e-05,1.917036000000000000e-03,1.888257000000000130e-02,5.546702659999999119e-01,6.466591419999999646e-01,9.662492649999999683e-01,1.233291000000000075e-03,1.927722499999999853e-02,1.527627500000000062e-02,2.847024000000000082e-03,6.757520999999998973e-03,8.303735499999999325e-02,6.353126319999999883e-01,5.337058150000000278e-01,2.954609000000000055e-02,6.918547099999999839e-02,4.497518970000000116e-01,4.470336260000000173e-01,5.453569139999999704e-01,6.482705960000000323e-01,7.968913140000000173e-01,7.432904489999999642e-01
6.994539549999999606e-01,7.813806189999999985e-01,2.453870859999999765e-01,9.140298079999999992e-01,2.165736320000000159e-01,8.941587370000000368e-01,5.376306499999999877e-02,7.042402899999999910e-02,1.040000000000000038e-05,1.917036000000000000e-03,1.888257000000000130e-02,5.517949559999999476e-01,6.520232980000000289e-01,9.863740819999999854e-01,1.233291000000000075e-03,1.927722499999999853e-02,1.527627500000000062e-02,5.668893999999998976e-03,3.782414999999997307e-03,9.369850999999999874e-02,6.353126319999999883e-01,5.337058150000000278e-01,2.954609000000000055e-02,6.918547099999999839e-02,4.497518970000000116e-01,4.470336260000000173e-01,5.453569139999999704e-01,6.482705960000000323e-01,7.968913140000000173e-01,7.432904489999999642e-01
7.010452560000000055e-01,7.954534810000000178e-01,2.542589020000000088e-01,9.082021630000000068e-01,2.121259160000000255e-01,8.941587370000000368e-01,5.376306499999999877e-02,7.042402899999999910e-02,1.040000000000000038e-05,1.917036000000000000e-03,1.888257000000000130e-02,5.381552880000000094e-01,6.366301840000000434e-01,9.889411559999999879e-01,1.233291000000000075e-03,1.927722499999999853e-02,1.527627500000000062e-02,0.000000000000000000e+00,8.588311999999998989e-03,7.016867599999998539e-02,6.353126319999999883e-01,5.337058150000000278e-01,2.954609000000000055e-02,6.918547099999999839e-02,4.497518970000000116e-01,4.470336260000000173e-01,5.453569139999999704e-01,6.482705960000000323e-01,7.968913140000000173e-01,7.432904489999999642e-01
7.265895549999999981e-01,7.928688810000000808e-01,2.649426029999999987e-01,9.177258660000000567e-01,2.221008800000000005e-01,8.941587370000000368e-01,5.376306499999999877e-02,7.042402899999999910e-02,1.040000000000000038e-05,1.917036000000000000e-03,1.888257000000000130e-02,5.489415309999999826e-01,6.463849189999999467e-01,9.730594839999999746e-01,1.233291000000000075e-03,1.927722499999999853e-02,1.527627500000000062e-02,0.000000000000000000e+00,9.120110999999998455e-03,8.533711599999999065e-02,6.353126319999999883e-01,5.337058150000000278e-01,2.954609000000000055e-02,6.918547099999999839e-02,4.497518970000000116e-01,4.470336260000000173e-01,5.453569139999999704e-01,6.482705960000000323e-01,7.968913140000000173e-01,7.432904489999999642e-01
7.155294159999999737e-01,7.849622870000000363e-01,2.661850570000000027e-01,9.040481200000000106e-01,2.213709390000000166e-01,8.941587370000000368e-01,5.376306499999999877e-02,7.042402899999999910e-02,1.040000000000000038e-05,1.917036000000000000e-03,1.888257000000000130e-02,5.346919749999999860e-01,6.418760930000000364e-01,9.676264530000000530e-01,1.233291000000000075e-03,1.927722499999999853e-02,1.527627500000000062e-02,0.000000000000000000e+00,0.000000000000000000e+00,9.192480599999999780e-02,6.353126319999999883e-01,5.337058150000000278e-01,2.954609000000000055e-02,6.918547099999999839e-02,4.497518970000000116e-01,4.470336260000000173e-01,5.453569139999999704e-01,6.482705960000000323e-01,7.968913140000000173e-01,7.432904489999999642e-01
7.253265879999999388e-01,7.908820830000000690e-01,2.593271999999999800e-01,9.259307319999999786e-01,2.330099310000000035e-01,8.941587370000000368e-01,5.376306499999999877e-02,7.042402899999999910e-02,1.040000000000000038e-05,1.917036000000000000e-03,1.888257000000000130e-02,5.545637369999999455e-01,6.379516349999999614e-01,9.839100149999999712e-01,1.233291000000000075e-03,1.927722499999999853e-02,1.527627500000000062e-02,2.979929999999998691e-04,0.000000000000000000e+00,9.232549499999999354e-02,6.353126319999999883e-01,5.337058150000000278e-01,2.954609000000000055e-02,6.918547099999999839e-02,4.497518970000000116e-01,4.470336260000000173e-01,5.453569139999999704e-01,6.482705960000000323e-01,7.968913140000000173e-01,7.432904489999999642e-01
6.998039299999999630e-01,7.892950800000000378e-01,2.554410569999999714e-01,9.137871720000000364e-01,2.089724970000000071e-01,8.941587370000000368e-01,5.376306499999999877e-02,7.042402899999999910e-02,1.040000000000000038e-05,1.917036000000000000e-03,1.888257000000000130e-02,5.451159309999999980e-01,6.413696690000000311e-01,9.857829649999999555e-01,1.233291000000000075e-03,1.927722499999999853e-02,1.527627500000000062e-02,0.000000000000000000e+00,2.601280999999996957e-03,7.516447099999999659e-02,6.353126319999999883e-01,5.337058150000000278e-01,2.954609000000000055e-02,6.918547099999999839e-02,4.497518970000000116e-01,4.470336260000000173e-01,5.453569139999999704e-01,6.482705960000000323e-01,7.968913140000000173e-01,7.432904489999999642e-01
7.063608630000000055e-01,7.985787509999999756e-01,2.576191840000000011e-01,9.182884310000000161e-01,2.109313960000000210e-01,8.941587370000000368e-01,5.376306499999999877e-02,7.042402899999999910e-02,1.040000000000000038e-05,1.917036000000000000e-03,1.888257000000000130e-02,5.437587939999999342e-01,6.367653450000000381e-01,9.636289829999999945e-01,1.233291000000000075e-03,1.927722499999999853e-02,1.527627500000000062e-02,0.000000000000000000e+00,0.000000000000000000e+00,9.141228299999999696e-02,6.353126319999999883e-01,5.337058150000000278e-01,2.954609000000000055e-02,6.918547099999999839e-02,4.497518970000000116e-01,4.470336260000000173e-01,5.453569139999999704e-01,6.482705960000000323e-01,7.968913140000000173e-01,7.432904489999999642e-01
7.137382239999999767e-01,7.822638490000000111e-01,2.664520679999999864e-01,9.097681590000000762e-01,2.196437220000000135e-01,8.941587370000000368e-01,5.376306499999999877e-02,7.042402899999999910e-02,1.040000000000000038e-05,1.917036000000000000e-03,1.888257000000000130e-02,5.470293789999999268e-01,6.424381230000000276e-01,9.780307550000000294e-01,1.233291000000000075e-03,1.927722499999999853e-02,1.527627500000000062e-02,0.000000000000000000e+00,0.000000000000000000e+00,8.336891399999998842e-02,6.353126319999999883e-01,5.337058150000000278e-01,2.954609000000000055e-02,6.918547099999999839e-02,4.497518970000000116e-01,4.470336260000000173e-01,5.453569139999999704e-01,6.482705960000000323e-01,7.968913140000000173e-01,7.432904489999999642e-01
7.183933190000000302e-01,7.860692980000000274e-01,2.653165949999999884e-01,9.166604520000000145e-01,2.077476720000000221e-01,8.941587370000000368e-01,5.376306499999999877e-02,7.042402899999999910e-02,1.040000000000000038e-05,1.917036000000000000e-03,1.888257000000000130e-02,5.412209029999999199e-01,6.339091599999999715e-01,9.628189219999999660e-01,1.233291000000000075e-03,1.927722499999999853e-02,1.527627500000000062e-02,6.023984999999999063e-03,0.000000000000000000e+00,9.658550099999999028e-02,6.353126319999999883e-01,5.337058150000000278e-01,2.954609000000000055e-02,6.918547099999999839e-02,4.497518970000000116e-01,4.470336260000000173e-01,5.453569139999999704e-01,6.482705960000000323e-01,7.968913140000000173e-01,7.432904489999999642e-01
7.074554669999999490e-01,7.749695870000000708e-01,2.499297409999999831e-01,9.018602079999999965e-01,2.118534600000000212e-01,8.941587370000000368e-01,5.376306499999999877e-02,7.042402899999999910e-02,1.040000000000000038e-05,1.917036000000000000e-03,1.888257000000000130e-02,5.363303419999999599e-01,6.455465820000000354e-01,9.858580710000000025e-01,1.233291000000000075e-03,1.927722499999999853e-02,1.527627500000000062e-02,5.095424999999998913e-03,0.000000000000000000e+00,7.041942799999999225e-02,6.353126319999999883e-01,5.337058150000000278e-01,2.954609000000000055e-02,6.918547099999999839e-02,4.497518970000000116e-01,4.470336260000000173e-01,5.453569139999999704e-01,6.482705960000000323e-01,7.968913140000000173e-01,7.432904489999999642e-01
7.195369259999999656e-01,7.930851800000000562e-01,2.620180799999999866e-01,9.160287209999999902e-01,2.058299830000000219e-01,8.941587370000000368e-01,5.376306499999999877e-02,7.042402899999999910e-02,1.040000000000000038e-05,1.917036000000000000e-03,1.888257000000000130e-02,5.448510919999999258e-01,6.514814580000000133e-01,9.696427060000000209e-01,1.233291000000000075e-03,1.927722499999999853e-02,1.527627500000000062e-02,0.000000000000000000e+00,0.000000000000000000e+00,7.076088299999999665e-02,6.353126319999999883e-01,5.337058150000000278e-01,2.954609000000000055e-02,6.918547099999999839e-02,4.497518970000000116e-01,4.470336260000000173e-01,5.453569139999999704e-01,6.482705960000000323e-01,7.968913140000000173e-01,7.432904489999999642e-01
7.224631679999999889e-01,7.886376740000000662e-01,2.627578889999999667e-01,8.980201810000000284e-01,2.281687170000000209e-01,8.941587370000000368e-01,5.376306499999999877e-02,7.042402899999999910e-02,1.040000000000000038e-05,1.917036000000000000e-03,1.888257000000000130e-02,5.514811599999999148e-01,6.295452839999999828e-01,9.700236580000000108e-01,1.233291000000000075e-03,1.927722499999999853e-02,1.527627500000000062e-02,7.778910999999999465e-03,8.002289999999998710e-03,7.110928699999999325e-02,6.353126319999999883e-01,5.337058150000000278e-01,2.954609000000000055e-02,6.918547099999999839e-02,4.497518970000000116e-01,4.470336260000000173e-01,5.453569139999999704e-01,6.482705960000000323e-01,7.968913140000000173e-01,7.432904489999999642e-01
7.023793529999999841e-01,7.845620509999999825e-01,2.615332559999999917e-01,9.047045329999999774e-01,2.187471120000000213e-01,8.941587370000000368e-01,5.376306499999999877e-02,7.042402899999999910e-02,1.040000000000000038e-05,1.917036000000000000e-03,1.888257000000000130e-02,5.453080899999999120e-01,6.287901299999999472e-01,9.605502519999999933e-01,1.233291000000000075e-03,1.927722499999999853e-02,1.527627500000000062e-02,2.716121999999997899e-03,0.000000000000000000e+00,8.433366399999998875e-02,6.353126319999999883e-01,5.337058150000000278e-01,2.954609000000000055e-02,6.918547099999999839e-02,4.497518970000000116e-01,4.470336260000000173e-01,5.453569139999999704e-01,6.482705960000000323e-01,7.968913140000000173e-01,7.432904489999999642e-01
6.968854519999999608e-01,7.884717359999999786e-01,2.644974210000000103e-01,9.179420040000000336e-01,2.080501080000000114e-01,8.941587370000000368e-01,5.376306499999999877e-02,7.042402899999999910e-02,1.040000000000000038e-05,1.917036000000000000e-03,1.888257000000000130e-02,5.357257109999999933e-01,6.244901539999999640e-01,9.879849029999999699e-01,1.233291000000000075e-03,1.927722499999999853e-02,1.527627500000000062e-02,0.000000000000000000e+00,1.324999999999972033e-04,7.121503999999999335e-02,6.353126319999999883e-01,5.337058150000000278e-01,2.954609000000000055e-02,6.918547099999999839e-02,4.497518970000000116e-01,4.470336260000000173e-01,5.453569139999999704e-01,6.482705960000000323e-01,7.968913140000000173e-01,7.432904489999999642e-01
7.044080740000000507e-01,7.832373049999999948e-01,2.638338259999999935e-01,9.149594739999999948e-01,2.108482680000000054e-01,8.941587370000000368e-01,5.376306499999999877e-02,7.042402899999999910e-02,1.040000000000000038e-05,1.917036000000000000e-03,1.888257000000000130e-02,5.256853519999999946e-01,6.432567380000000501e-01,9.766904039999999565e-01,1.233291000000000075e-03,1.927722499999999853e-02,1.527627500000000062e-02,6.896836999999999412e-03,1.016217099999999936e-02,8.547461099999999201e-02,6.353126319999999883e-01,5.337058150000000278e-01,2.954609000000000055e-02,6.918547099999999839e-02,4.497518970000000116e-01,4.470336260000000173e-01,5.453569139999999704e-01,6.482705960000000323e-01,7.968913140000000173e-01,7.432904489999999642e-01
6.985410009999999392e-01,7.945441960000000359e-01,2.565012779999999992e-01,9.142108180000000361e-01,2.160087460000000015e-01,8.941587370000000368e-01,5.376306499999999877e-02,7.042402899999999910e-02,1.040000000000000038e-05,1.917036000000000000e-03,1.888257000000000130e-02,5.463972249999999864e-01,6.304954389999999353e-01,9.664994279999999938e-01,1.233291000000000075e-03,1.927722499999999853e-02,1.527627500000000062e-02,0.000000000000000000e+00,0.000000000000000000e+00,7.607865799999999346e-02,6.353126319999999883e-01,5.337058150000000278e-01,2.954609000000000055e-02,6.918547099999999839e-02,4.497518970000000116e-01,4.470336260000000173e-01,5.453569139999999704e-01,6.482705960000000323e-01,7.968913140000000173e-01,7.432904489999999642e-01
7.229525959999999474e-01,7.722882720000000534e-01,2.717485060000000008e-01,9.252253990000000039e-01,2.110994979999999965e-01,8.941587370000000368e-01,5.376306499999999877e-02,7.042402899999999910e-02,1.040000000000000038e-05,1.917036000000000000e-03,1.888257000000000130e-02,5.307703480000000029e-01,6.472633650000000349e-01,9.720109439999999879e-01,1.233291000000000075e-03,1.927722499999999853e-02,1.527627500000000062e-02,0.000000000000000000e+00,0.000000000000000000e+00,6.862949499999998482e-02,6.353126319999999883e-01,5.337058150000000278e-01,2.954609000000000055e-02,6.918547099999999839e-02,4.497518970000000116e-01,4.470336260000000173e-01,5.453569139999999704e-01,6.482705960000000323e-01,7.968913140000000173e-01,7.432904489999999642e-01
7.046644450000000282e-01,7.819899479999999903e-01,2.452913749999999782e-01,9.173630670000000320e-01,2.235580200000000239e-01,8.941587370000000368e-01,5.376306499999999877e-02,7.042402899999999910e-02,1.040000000000000038e-05,1.917036000000000000e-03,1.888257000000000130e-02,5.310611859999999629e-01,6.484501299999999580e-01,9.666574030000000262e-01,1.233291000000000075e-03,1.927722499999999853e-02,1.527627500000000062e-02,0.000000000000000000e+00,0.000000000000000000e+00,9.606158499999999101e-02,6.353126319999999883e-01,5.337058150000000278e-01,2.954609000000000055e-02,6.918547099999999839e-02,4.497518970000000116e-01,4.470336260000000173e-01,5.453569139999999704e-01,6.482705960000000323e-01,7.968913140000000173e-01,7.432904489999999642e-01
7.131549790000000222e-01,7.989304640000000068e-01,2.508207080000000033e-01,9.084121670000000481e-01,2.146146150000000086e-01,8.941587370000000368e-01,5.376306499999999877e-02,7.042402899999999910e-02,1.040000000000000038e-05,1.917036000000000000e-03,1.888257000000000130e-02,5.477371299999999055e-01,6.353877030000000259e-01,9.813326540000000264e-01,1.233291000000000075e-03,1.927722499999999853e-02,1.527627500000000062e-02,0.000000000000000000e+00,5.429331999999998520e-03,7.326484299999999616e-02,6.353126319999999883e-01,5.337058150000000278e-01,2.954609000000000055e-02,6.918547099999999839e-02,4.497518970000000116e-01,4.470336260000000173e-01,5.453569139999999704e-01,6.482705960000000323e-01,7.968913140000000173e-01,7.432904489999999642e-01
7.173564129999999706e-01,7.968881039999999860e-01,2.464792769999999966e-01,9.223318810000000756e-01,2.260526990000000236e-01,8.941587370000000368e-01,5.376306499999999877e-02,7.042402899999999910e-02,1.040000000000000038e-05,1.917036000000000000e-03,1.888257000000000130e-02,5.327691219999999284e-01,6.327647039999999556e-01,9.610914969999999613e-01,1.233291000000000075e-03,1.927722499999999853e-02,1.527627500000000062e-02,0.000000000000000000e+00,0.000000000000000000e+00,9.418823899999999305e-02,6.353126319999999883e-01,5.337058150000000278e-01,2.954609000000000055e-02,6.918547099999999839e-02,4.497518970000000116e-01,4.470336260000000173e-01,5.453569139999999704e-01,6.482705960000000323e-01,7.968913140000000173e-01,7.432904489999999642e-01
7.214529269999999661e-01,7.727948590000000006e-01,2.679472909999999763e-01,9.124146760000000356e-01,2.325197420000000015e-01,8.941587370000000368e-01,5.376306499999999877e-02,7.042402899999999910e-02,1.040000000000000038e-05,1.917036000000000000e-03,1.888257000000000130e-02,5.396921470000000109e-01,6.277152430000000338e-01,9.728098520000000304e-01,1.233291000000000075e-03,1.927722499999999853e-02,1.527627500000000062e-02,0.000000000000000000e+00,0.000000000000000000e+00,8.780112899999999165e-02,6.353126319999999883e-01,5.337058150000000278e-01,2.954609000000000055e-02,6.918547099999999839e-02,4.497518970000000116e-01,4.470336260000000173e-01,5.453569139999999704e-01,6.482705960000000323e-01,7.968913140000000173e-01,7.432904489999999642e-01
6.966673049999999590e-01,7.811777750000000742e-01,2.557454849999999946e-01,9.105212750000000188e-01,2.295145140000000028e-01,8.941587370000000368e-01,5.376306499999999877e-02,7.042402899999999910e-02,1.040000000000000038e-05,1.917036000000000000e-03,1.888257000000000130e-02,5.279178469999999956e-01,6.425787899999999553e-01,9.677226669999999809e-01,1.233291000000000075e-03,1.927722499999999853e-02,1.527627500000000062e-02,0.000000000000000000e+00,0.000000000000000000e+00,7.723843099999999628e-02,6.353126319999999883e-01,5.337058150000000278e-01,2.954609000000000055e-02,6.918547099999999839e-02,4.497518970000000116e-01,4.470336260000000173e-01,5.453569139999999704e-01,6.482705960000000323e-01,7.968913140000000173e-01,7.432904489999999642e-01
7.004722570000000426e-01,7.718653870000000694e-01,2.443875149999999996e-01,8.980897620000000137e-01,2.034088270000000143e-01,8.941587370000000368e-01,5.376306499999999877e-02,7.042402899999999910e-02,1.040000000000000038e-05,1.917036000000000000e-03,1.888257000000000130e-02,5.383225359999999071e-01,6.305756019999999573e-01,9.710323539999999864e-01,1.233291000000000075e-03,1.927722499999999853e-02,1.527627500000000062e-02,0.000000000000000000e+00,0.000000000000000000e+00,9.288481299999999663e-02,6.353126319999999883e-01,5.337058150000000278e-01,2.954609000000000055e-02,6.918547099999999839e-02,4.497518970000000116e-01,4.470336260000000173e-01,5.453569139999999704e-01,6.482705960000000323e-01,7.968913140000000173e-01,7.432904489999999642e-01
7.238679289999999655e-01,7.909110700000000493e-01,2.469883009999999934e-01,9.212486970000000053e-01,2.323344460000000000e-01,8.941587370000000368e-01,5.376306499999999877e-02,7.042402899999999910e-02,1.040000000000000038e-05,1.917036000000000000e-03,1.888257000000000130e-02,5.516339179999999454e-01,6.370164459999999584e-01,9.601506720000000383e-01,1.233291000000000075e-03,1.927722499999999853e-02,1.527627500000000062e-02,6.403390000000001858e-04,0.000000000000000000e+00,8.609974999999998879e-02,6.353126319999999883e-01,5.337058150000000278e-01,2.954609000000000055e-02,6.918547099999999839e-02,4.497518970000000116e-01,4.470336260000000173e-01,5.453569139999999704e-01,6.482705960000000323e-01,7.968913140000000173e-01,7.432904489999999642e-01
7.193948220000000449e-01,7.821508489999999814e-01,2.671578719999999629e-01,8.966529140000000231e-01,2.329342870000000176e-01,8.941587370000000368e-01,5.376306499999999877e-02,7.042402899999999910e-02,1.040000000000000038e-05,1.917036000000000000e-03,1.888257000000000130e-02,5.395334800000000097e-01,6.391874149999999810e-01,9.754002080000000463e-01,1.233291000000000075e-03,1.927722499999999853e-02,1.527627500000000062e-02,0.000000000000000000e+00,0.000000000000000000e+00,8.423760999999999055e-02,6.353126319999999883e-01,5.337058150000000278e-01,2.954609000000000055e-02,6.918547099999999839e-02,4.497518970000000116e-01,4.470336260000000173e-01,5.453569139999999704e-01,6.482705960000000323e-01,7.968913140000000173e-01,7.432904489999999642e-01
7.197998180000000357e-01,7.888794749999999967e-01,2.546025610000000050e-01,9.258443040000000623e-01,2.332241450000000216e-01,8.941587370000000368e-01,5.376306499999999877e-02,7.042402899999999910e-02,1.040000000000000038e-05,1.917036000000000000e-03,1.888257000000000130e-02,5.486531219999999376e-01,6.505577489999999630e-01,9.748867119999999886e-01,1.233291000000000075e-03,1.927722499999999853e-02,1.527627500000000062e-02,0.000000000000000000e+00,1.092533399999999835e-02,8.685677599999999665e-02,6.353126319999999883e-01,5.337058150000000278e-01,2.954609000000000055e-02,6.918547099999999839e-02,4.497518970000000116e-01,4.470336260000000173e-01,5.453569139999999704e-01,6.482705960000000323e-01,7.968913140000000173e-01,7.432904489999999642e-01
7.218849760000000115e-01,7.717591930000000655e-01,2.706950790000000051e-01,9.203414720000000493e-01,2.193974830000000042e-01,8.941587370000000368e-01,5.376306499999999877e-02,7.042402899999999910e-02,1.040000000000000038e-05,1.917036000000000000e-03,1.888257000000000130e-02,5.508866539999999201e-01,6.496792780000000267e-01,9.693002609999999963e-01,1.233291000000000075e-03,1.927722499999999853e-02,1.527627500000000062e-02,0.000000000000000000e+00,1.062760299999999936e-02,7.305139499999999120e-02,6.353126319999999883e-01,5.337058150000000278e-01,2.954609000000000055e-02,6.918547099999999839e-02,4.497518970000000116e-01,4.470336260000000173e-01,5.453569139999999704e-01,6.482705960000000323e-01,7.968913140000000173e-01,7.432904489999999642e-01
7.151779579999999470e-01,7.998332430000000270e-01,2.635188849999999805e-01,9.024032739999999775e-01,2.272447150000000138e-01,8.941587370000000368e-01,5.376306499999999877e-02,7.042402899999999910e-02,1.040000000000000038e-05,1.917036000000000000e-03,1.888257000000000130e-02,5.376535869999999884e-01,6.282797940000000025e-01,9.844857839999999749e-01,1.233291000000000075e-03,1.927722499999999853e-02,1.527627500000000062e-02,0.000000000000000000e+00,8.445551999999998533e-03,8.177570899999998810e-02,6.353126319999999883e-01,5.337058150000000278e-01,2.954609000000000055e-02,6.918547099999999839e-02,4.497518970000000116e-01,4.470336260000000173e-01,5.453569139999999704e-01,6.482705960000000323e-01,7.968913140000000173e-01,7.432904489999999642e-01
7.001524789999999943e-01,8.007982719999999777e-01,2.639272809999999581e-01,9.254772540000000269e-01,2.238879590000000253e-01,8.941587370000000368e-01,5.376306499999999877e-02,7.042402899999999910e-02,1.040000000000000038e-05,1.917036000000000000e-03,1.888257000000000130e-02,5.377104609999999729e-01,6.235710129999999518e-01,9.811798699999999540e-01,1.233291000000000075e-03,1.927722499999999853e-02,1.527627500000000062e-02,3.966120999999999536e-03,0.000000000000000000e+00,7.453020999999998564e-02,6.353126319999999883e-01,5.337058150000000278e-01,2.954609000000000055e-02,6.918547099999999839e-02,4.497518970000000116e-01,4.470336260000000173e-01,5.453569139999999704e-01,6.482705960000000323e-01,7.968913140000000173e-01,7.432904489999999642e-01
6.973465380000000158e-01,7.922015610000000541e-01,2.559778119999999713e-01,9.056878870000000248e-01,2.299027010000000149e-01,8.941587370000000368e-01,5.376306499999999877e-02,7.042402899999999910e-02,1.040000000000000038e-05,1.917036000000000000e-03,1.888257000000000130e-02,5.283690779999999920e-01,6.430371750000000164e-01,9.820004060000000479e-01,1.233291000000000075e-03,1.927722499999999853e-02,1.527627500000000062e-02,0.000000000000000000e+00,0.000000000000000000e+00,7.639520299999999486e-02,6.353126319999999883e-01,5.337058150000000278e-01,2.954609000000000055e-02,6.918547099999999839e-02,4.497518970000000116e-01,4.470336260000000173e-01,5.453569139999999704e-01,6.482705960000000323e-01,7.968913140000000173e-01,7.432904489999999642e-01
7.078248510000000326e-01,7.792915220000000698e-01,2.598915079999999933e-01,9.026412320000000156e-01,2.141962680000000230e-01,8.941587370000000368e-01,5.376306499999999877e-02,7.042402899999999910e-02,1.040000000000000038e-05,1.917036000000000000e-03,1.888257000000000130e-02,5.410375259999999908e-01,6.523939460000000023e-01,9.743103899999999706e-01,1.233291000000000075e-03,1.927722499999999853e-02,1.527627500000000062e-02,0.000000000000000000e+00,0.000000000000000000e+00,9.553266699999998779e-02,6.353126319999999883e-01,5.337058150000000278e-01,2.954609000000000055e-02,6.918547099999999839e-02,4.497518970000000116e-01,4.470336260000000173e-01,5.453569139999999704e-01,6.482705960000000323e-01,7.968913140000000173e-01,7.432904489999999642e-01
7.040255869999999527e-01,7.852000199999999985e-01,2.685571139999999857e-01,8.988829870000000222e-01,2.135504790000000153e-01,8.941587370000000368e-01,5.376306499999999877e-02,7.042402899999999910e-02,1.040000000000000038e-05,1.917036000000000000e-03,1.888257000000000130e-02,5.288188969999999545e-01,6.293265190000000286e-01,9.721732889999999960e-01,1.233291000000000075e-03,1.927722499999999853e-02,1.527627500000000062e-02,0.000000000000000000e+00,0.000000000000000000e+00,6.797643600000000119e-02,6.353126319999999883e-01,5.337058150000000278e-01,2.954609000000000055e-02,6.918547099999999839e-02,4.497518970000000116e-01,4.470336260000000173e-01,5.453569139999999704e-01,6.482705960000000323e-01,7.968913140000000173e-01,7.432904489999999642e-01
6.991554749999999707e-01,7.816443610000000097e-01,2.530666349999999842e-01,9.164748430000000390e-01,2.095128540000000261e-01,8.941587370000000368e-01,5.376306499999999877e-02,7.042402899999999910e-02,1.040000000000000038e-05,1.917036000000000000e-03,1.888257000000000130e-02,5.495886399999999616e-01,6.281618959999999419e-01,9.740260269999999609e-01,1.233291000000000075e-03,1.927722499999999853e-02,1.527627500000000062e-02,0.000000000000000000e+00,0.000000000000000000e+00,8.670171099999998687e-02,6.353126319999999883e-01,5.337058150000000278e-01,2.954609000000000055e-02,6.918547099999999839e-02,4.497518970000000116e-01,4.470336260000000173e-01,5.453569139999999704e-01,6.482705960000000323e-01,7.968913140000000173e-01,7.432904489999999642e-01
7.121450019999999714e-01,7.812816940000000265e-01,2.582800080000000054e-01,9.254020470000000609e-01,2.233578030000000214e-01,8.941587370000000368e-01,5.376306499999999877e-02,7.042402899999999910e-02,1.040000000000000038e-05,1.917036000000000000e-03,1.888257000000000130e-02,5.380644589999999949e-01,6.420259209999999994e-01,9.683136190000000143e-01,1.233291000000000075e-03,1.927722499999999853e-02,1.527627500000000062e-02,9.236321999999999935e-03,0.000000000000000000e+00,8.917818599999999263e-02,6.353126319999999883e-01,5.337058150000000278e-01,2.954609000000000055e-02,6.918547099999999839e-02,4.497518970000000116e-01,4.470336260000000173e-01,5.453569139999999704e-01,6.482705960000000323e-01,7.968913140000000173e-01,7.432904489999999642e-01
7.124273359999999666e-01,7.970351709999999867e-01,2.633141789999999816e-01,9.075392540000000174e-01,2.226524510000000012e-01,8.941587370000000368e-01,5.376306499999999877e-02,7.042402899999999910e-02,1.040000000000000038e-05,1.917036000000000000e-03,1.888257000000000130e-02,5.468552479999999605e-01,6.444171640000000423e-01,9.865560199999999780e-01,1.233291000000000075e-03,1.927722499999999853e-02,1.527627500000000062e-02,0.000000000000000000e+00,0.000000000000000000e+00,8.291462299999999286e-02,6.353126319999999883e-01,5.337058150000000278e-01,2.954609000000000055e-02,6.918547099999999839e-02,4.497518970000000116e-01,4.470336260000000173e-01,5.453569139999999704e-01,6.482705960000000323e-01,7.968913140000000173e-01,7.432904489999999642e-01
7.030912249999999863e-01,7.914151500000000672e-01,2.629402069999999814e-01,8.973565960000000619e-01,2.072670270000000203e-01,8.941587370000000368e-01,5.376306499999999877e-02,7.042402899999999910e-02,1.040000000000000038e-05,1.917036000000000000e-03,1.888257000000000130e-02,5.333219819999999167e-01,6.420783239999999781e-01,9.656102549999999729e-01,1.233291000000000075e-03,1.927722499999999853e-02,1.527627500000000062e-02,0.000000000000000000e+00,6.082700999999999386e-03,8.217779599999999740e-02,6.353126319999999883e-01,5.337058150000000278e-01,2.954609000000000055e-02,6.918547099999999839e-02,4.497518970000000116e-01,4.470336260000000173e-01,5.453569139999999704e-01,6.482705960000000323e-01,7.968913140000000173e-01,7.432904489999999642e-01
7.069066899999999487e-01,7.748988709999999891e-01,2.685147840000000063e-01,9.247509870000000243e-01,2.140112460000000161e-01,8.941587370000000368e-01,5.376306499999999877e-02,7.042402899999999910e-02,1.040000000000000038e-05,1.917036000000000000e-03,1.888257000000000130e-02,5.411205259999999351e-01,6.323842290000000199e-01,9.813617230000000191e-01,1.233291000000000075e-03,1.927722499999999853e-02,1.527627500000000062e-02,0.000000000000000000e+00,0.000000000000000000e+00,7.206631799999999033e-02,6.353126319999999883e-01,5.337058150000000278e-01,2.954609000000000055e-02,6.918547099999999839e-02,4.497518970000000116e-01,4.470336260000000173e-01,5.453569139999999704e-01,6.482705960000000323e-01,7.968913140000000173e-01,7.432904489999999642e-01
7.127877929999999473e-01,7.915726640000000369e-01,2.451655819999999930e-01,9.131597009999999903e-01,2.319915650000000107e-01,8.941587370000000368e-01,5.376306499999999877e-02,7.042402899999999910e-02,1.040000000000000038e-05,1.917036000000000000e-03,1.888257000000000130e-02,5.534873659999999251e-01,6.487622339999999932e-01,9.670886770000000077e-01,1.233291000000000075e-03,1.927722499999999853e-02,1.527627500000000062e-02,9.357524999999998483e-03,6.625669999999998436e-03,9.299317699999999631e-02,6.353126319999999883e-01,5.337058150000000278e-01,2.954609000000000055e-02,6.918547099999999839e-02,4.497518970000000116e-01,4.470336260000000173e-01,5.453569139999999704e-01,6.482705960000000323e-01,7.968913140000000173e-01,7.432904489999999642e-01
7.024746640000000264e-01,7.776962360000000407e-01,2.578854720000000045e-01,8.975255450000000357e-01,2.173206690000000219e-01,8.941587370000000368e-01,5.376306499999999877e-02,7.042402899999999910e-02,1.040000000000000038e-05,1.917036000000000000e-03,1.888257000000000130e-02,5.379085919999999632e-01,6.387285520000000050e-01,9.860550710000000052e-01,1.233291000000000075e-03,1.927722499999999853e-02,1.527627500000000062e-02,6.211597999999998732e-03,7.413781999999998970e-03,6.824656099999998338e-02,6.353126319999999883e-01,5.337058150000000278e-01,2.954609000000000055e-02,6.918547099999999839e-02,4.497518970000000116e-01,4.470336260000000173e-01,5.453569139999999704e-01,6.482705960000000323e-01,7.968913140000000173e-01,7.432904489999999642e-01
7.196189990000000369e-01,7.767866220000000377e-01,2.541011810000000093e-01,9.204490459999999930e-01,2.265001940000000158e-01,8.941587370000000368e-01,5.376306499999999877e-02,7.042402899999999910e-02,1.040000000000000038e-05,1.917036000000000000e-03,1.888257000000000130e-02,5.503652099999999381e-01,6.270546630000000121e-01,9.633116280000000309e-01,1.233291000000000075e-03,1.927722499999999853e-02,1.527627500000000062e-02,0.000000000000000000e+00,2.350507999999997683e-03,8.724079699999999493e-02,6.353126319999999883e-01,5.337058150000000278e-01,2.954609000000000055e-02,6.918547099999999839e-02,4.497518970000000116e-01,4.470336260000000173e-01,5.453569139999999704e-01,6.482705960000000323e-01,7.968913140000000173e-01,7.432904489999999642e-01
7.015600189999999792e-01,7.788203710000000113e-01,2.498867349999999710e-01,9.190787360000000072e-01,2.198352580000000056e-01,8.941587370000000368e-01,5.376306499999999877e-02,7.042402899999999910e-02,1.040000000000000038e-05,1.917036000000000000e-03,1.888257000000000130e-02,5.320953769999999805e-01,6.337293200000000404e-01,9.819585730000000012e-01,1.233291000000000075e-03,1.927722499999999853e-02,1.527627500000000062e-02,0.000000000000000000e+00,0.000000000000000000e+00,7.223348199999998775e-02,6.353126319999999883e-01,5.337058150000000278e-01,2.954609000000000055e-02,6.918547099999999839e-02,4.497518970000000116e-01,4.470336260000000173e-01,5.453569139999999704e-01,6.482705960000000323e-01,7.968913140000000173e-01,7.432904489999999642e-01
7.112692879999999995e-01,7.803931560000000323e-01,2.580470970000000031e-01,9.066791389999999673e-01,2.190179920000000224e-01,8.941587370000000368e-01,5.376306499999999877e-02,7.042402899999999910e-02,1.040000000000000038e-05,1.917036000000000000e-03,1.888257000000000130e-02,5.386306229999999751e-01,6.471472379999999580e-01,9.874299119999999652e-01,1.233291000000000075e-03,1.927722499999999853e-02,1.527627500000000062e-02,0.000000000000000000e+00,1.119350999999997598e-03,8.705833199999998828e-02,6.353126319999999883e-01,5.337058150000000278e-01,2.954609000000000055e-02,6.918547099999999839e-02,4.497518970000000116e-01,4.470336260000000173e-01,5.453569139999999704e-01,6.482705960000000323e-01,7.968913140000000173e-01,7.432904489999999642e-01
7.225919520000000373e-01,7.965793840000000570e-01,2.558304789999999995e-01,9.222482920000000250e-01,2.117005910000000213e-01,8.941587370000000368e-01,5.376306499999999877e-02,7.042402899999999910e-02,1.040000000000000038e-05,1.917036000000000000e-03,1.888257000000000130e-02,5.457252129999999868e-01,6.296476920000000366e-01,9.849502589999999946e-01,1.233291000000000075e-03,1.927722499999999853e-02,1.527627500000000062e-02,0.000000000000000000e+00,9.630945999999997870e-03,8.516059299999999277e-02,6.353126319999999883e-01,5.337058150000000278e-01,2.954609000000000055e-02,6.918547099999999839e-02,4.497518970000000116e-01,4.470336260000000173e-01,5.453569139999999704e-01,6.482705960000000323e-01,7.968913140000000173e-01,7.432904489999999642e-01
7.005251299999999404e-01,7.959041060000000556e-01,2.455215919999999830e-01,9.152519120000000008e-01,2.223879210000000162e-01,8.941587370000000368e-01,5.376306499999999877e-02,7.042402899999999910e-02,1.040000000000000038e-05,1.917036000000000000e-03,1.888257000000000130e-02,5.358134230000000109e-01,6.283901669999999440e-01,9.885866639999999483e-01,1.233291000000000075e-03,1.927722499999999853e-02,1.527627500000000062e-02,7.870448999999999848e-03,0.000000000000000000e+00,8.371967399999999393e-02,6.353126319999999883e-01,5.337058150000000278e-01,2.954609000000000055e-02,6.918547099999999839e-02,4.497518970000000116e-01,4.470336260000000173e-01,5.453569139999999704e-01,6.482705960000000323e-01,7.968913140000000173e-01,7.432904489999999642e-01
7.249530579999999835e-01,7.962302150000000189e-01,2.536212509999999920e-01,9.009264869999999981e-01,2.274578340000000254e-01,8.941587370000000368e-01,5.376306499999999877e-02,7.042402899999999910e-02,1.040000000000000038e-05,1.917036000000000000e-03,1.888257000000000130e-02,5.460859399999999919e-01,6.512085359999999490e-01,9.608624820000000177e-01,1.233291000000000075e-03,1.927722499999999853e-02,1.527627500000000062e-02,5.934651999999998595e-03,0.000000000000000000e+00,8.102654099999999360e-02,6.353126319999999883e-01,5.337058150000000278e-01,2.954609000000000055e-02,6.918547099999999839e-02,4.497518970000000116e-01,4.470336260000000173e-01,5.453569139999999704e-01,6.482705960000000323e-01,7.968913140000000173e-01,7.432904489999999642e-01
7.020729629999999943e-01,7.946296520000000196e-01,2.450989039999999786e-01,9.094416060000000135e-01,2.039826030000000123e-01,8.941587370000000368e-01,5.376306499999999877e-02,7.042402899999999910e-02,1.040000000000000038e-05,1.917036000000000000e-03,1.888257000000000130e-02,5.285496349999999621e-01,6.251305630000000280e-01,9.669301900000000227e-01,1.233291000000000075e-03,1.927722499999999853e-02,1.527627500000000062e-02,0.000000000000000000e+00,1.030980999999996789e-03,6.892822199999998345e-02,6.353126319999999883e-01,5.337058150000000278e-01,2.954609000000000055e-02,6.918547099999999839e-02,4.497518970000000116e-01,4.470336260000000173e-01,5.453569139999999704e-01,6.482705960000000323e-01,7.968913140000000173e-01,7.432904489999999642e-01
7.255210970000000037e-01,7.900381520000000490e-01,2.434568779999999877e-01,9.058606420000000492e-01,2.311902769999999996e-01,8.941587370000000368e-01,5.376306499999999877e-02,7.042402899999999910e-02,1.040000000000000038e-05,1.917036000000000000e-03,1.888257000000000130e-02,5.447846149999999721e-01,6.519523090000000076e-01,9.859944739999999541e-01,1.233291000000000075e-03,1.927722499999999853e-02,1.527627500000000062e-02,0.000000000000000000e+00,0.000000000000000000e+00,8.160188799999999743e-02,6.353126319999999883e-01,5.337058150000000278e-01,2.954609000000000055e-02,6.918547099999999839e-02,4.497518970000000116e-01,4.470336260000000173e-01,5.453569139999999704e-01,6.482705960000000323e-01,7.968913140000000173e-01,7.432904489999999642e-01
7.167509859999999788e-01,7.901625910000000808e-01,2.716017530000000013e-01,9.110961440000000522e-01,2.150005350000000204e-01,8.941587370000000368e-01,5.376306499999999877e-02,7.042402899999999910e-02,1.040000000000000038e-05,1.917036000000000000e-03,1.888257000000000130e-02,5.277974649999999102e-01,6.388459840000000334e-01,9.646088900000000521e-01,1.233291000000000075e-03,1.927722499999999853e-02,1.527627500000000062e-02,3.764665000000000372e-03,0.000000000000000000e+00,9.466021099999999411e-02,6.353126319999999883e-01,5.337058150000000278e-01,2.954609000000000055e-02,6.918547099999999839e-02,4.497518970000000116e-01,4.470336260000000173e-01,5.453569139999999704e-01,6.482705960000000323e-01,7.968913140000000173e-01,7.432904489999999642e-01
7.073329130000000076e-01,7.861094109999999802e-01,2.574749530000000064e-01,9.207562890000000611e-01,2.055457950000000034e-01,8.941587370000000368e-01,5.376306499999999877e-02,7.042402899999999910e-02,1.040000000000000038e-05,1.917036000000000000e-03,1.888257000000000130e-02,5.434019569999999355e-01,6.523123269999999696e-01,9.797150919999999541e-01,1.233291000000000075e-03,1.927722499999999853e-02,1.527627500000000062e-02,4.801384999999998293e-03,7.901803999999998385e-03,8.749796999999999436e-02,6.353126319999999883e-01,5.337058150000000278e-01,2.954609000000000055e-02,6.918547099999999839e-02,4.497518970000000116e-01,4.470336260000000173e-01,5.453569139999999704e-01,6.482705960000000323e-01,7.968913140000000173e-01,7.432904489999999642e-01
7.095371990000000073e-01,7.878737450000000697e-01,2.658745249999999727e-01,9.233867930000000390e-01,2.291183890000000056e-01,8.941587370000000368e-01,5.376306499999999877e-02,7.042402899999999910e-02,1.040000000000000038e-05,1.917036000000000000e-03,1.888257000000000130e-02,5.486058619999999442e-01,6.291695889999999736e-01,9.796494319999999867e-01,1.233291000000000075e-03,1.927722499999999853e-02,1.527627500000000062e-02,0.000000000000000000e+00,0.000000000000000000e+00,9.445881600000000100e-02,6.353126319999999883e-01,5.337058150000000278e-01,2.954609000000000055e-02,6.918547099999999839e-02,4.497518970000000116e-01,4.470336260000000173e-01,5.453569139999999704e-01,6.482705960000000323e-01,7.968913140000000173e-01,7.432904489999999642e-01
7.065659659999999898e-01,7.765311560000000002e-01,2.490758579999999833e-01,9.150148120000000107e-01,2.290299400000000152e-01,8.941587370000000368e-01,5.376306499999999877e-02,7.042402899999999910e-02,1.040000000000000038e-05,1.917036000000000000e-03,1.888257000000000130e-02,5.330286300000000033e-01,6.318310040000000294e-01,9.895050509999999688e-01,1.233291000000000075e-03,1.927722499999999853e-02,1.527627500000000062e-02,0.000000000000000000e+00,7.630075999999997791e-03,8.940255699999999361e-02,6.353126319999999883e-01,5.337058150000000278e-01,2.954609000000000055e-02,6.918547099999999839e-02,4.497518970000000116e-01,4.470336260000000173e-01,5.453569139999999704e-01,6.482705960000000323e-01,7.968913140000000173e-01,7.432904489999999642e-01
7.058603380000000316e-01,7.848411130000000346e-01,2.485540609999999928e-01,9.032200030000000490e-01,2.126062020000000219e-01,8.941587370000000368e-01,5.376306499999999877e-02,7.042402899999999910e-02,1.040000000000000038e-05,1.917036000000000000e-03,1.888257000000000130e-02,5.375272679999999470e-01,6.481338370000000459e-01,9.871373530000000507e-01,1.233291000000000075e-03,1.927722499999999853e-02,1.527627500000000062e-02,0.000000000000000000e+00,0.000000000000000000e+00,8.906124599999999669e-02,6.353126319999999883e-01,5.337058150000000278e-01,2.954609000000000055e-02,6.918547099999999839e-02,4.497518970000000116e-01,4.470336260000000173e-01,5.453569139999999704e-01,6.482705960000000323e-01,7.968913140000000173e-01,7.432904489999999642e-01
7.061999610000000427e-01,7.731641960000000813e-01,2.622530309999999698e-01,9.185988270000000622e-01,2.268317740000000138e-01,8.941587370000000368e-01,5.376306499999999877e-02,7.042402899999999910e-02,1.040000000000000038e-05,1.917036000000000000e-03,1.888257000000000130e-02,5.290058009999999422e-01,6.398833120000000374e-01,9.734046459999999845e-01,1.233291000000000075e-03,1.927722499999999853e-02,1.527627500000000062e-02,7.373000999999998820e-03,4.788451999999998598e-03,8.352413999999999672e-02,6.353126319999999883e-01,5.337058150000000278e-01,2.954609000000000055e-02,6.918547099999999839e-02,4.497518970000000116e-01,4.470336260000000173e-01,5.453569139999999704e-01,6.482705960000000323e-01,7.968913140000000173e-01,7.432904489999999642e-01
7.096376690000000265e-01,7.853916790000000647e-01,2.523883470000000129e-01,9.196087840000000124e-01,2.147747320000000237e-01,8.941587370000000368e-01,5.376306499999999877e-02,7.042402899999999910e-02,1.040000000000000038e-05,1.917036000000000000e-03,1.888257000000000130e-02,5.502292469999999769e-01,6.461616559999999732e-01,9.825547209999999643e-01,1.233291000000000075e-03,1.927722499999999853e-02,1.527627500000000062e-02,0.000000000000000000e+00,0.000000000000000000e+00,7.805086899999999495e-02,6.353126319999999883e-01,5.337058150000000278e-01,2.954609000000000055e-02,6.918547099999999839e-02,4.497518970000000116e-01,4.470336260000000173e-01,5.453569139999999704e-01,6.482705960000000323e-01,7.968913140000000173e-01,7.432904489999999642e-01
7.148631559999999441e-01,7.736067060000000328e-01,2.430496259999999908e-01,8.989288730000000172e-01,2.204950710000000147e-01,8.941587370000000368e-01,5.376306499999999877e-02,7.042402899999999910e-02,1.040000000000000038e-05,1.917036000000000000e-03,1.888257000000000130e-02,5.528708689999999315e-01,6.479837649999999893e-01,9.896381690000000120e-01,1.233291000000000075e-03,1.927722499999999853e-02,1.527627500000000062e-02,0.000000000000000000e+00,2.742909999999994242e-04,9.496284299999999123e-02,6.353126319999999883e-01,5.337058150000000278e-01,2.954609000000000055e-02,6.918547099999999839e-02,4.497518970000000116e-01,4.470336260000000173e-01,5.453569139999999704e-01,6.482705960000000323e-01,7.968913140000000173e-01,7.432904489999999642e-01
7.000368769999999463e-01,7.916347750000000127e-01,2.675149290000000124e-01,8.999848000000000292e-01,2.086758510000000233e-01,8.941587370000000368e-01,5.376306499999999877e-02,7.042402899999999910e-02,1.040000000000000038e-05,1.917036000000000000e-03,1.888257000000000130e-02,5.435918999999999057e-01,6.432175329999999525e-01,9.769727009999999989e-01,1.233291000000000075e-03,1.927722499999999853e-02,1.527627500000000062e-02,7.529216999999999507e-03,0.000000000000000000e+00,7.553113599999999872e-02,6.353126319999999883e-01,5.337058150000000278e-01,2.954609000000000055e-02,6.918547099999999839e-02,4.497518970000000116e-01,4.470336260000000173e-01,5.453569139999999704e-01,6.482705960000000323e-01,7.968913140000000173e-01,7.432904489999999642e-01
7.225761019999999979e-01,7.719591720000000823e-01,2.476064239999999916e-01,9.001478740000000700e-01,2.093668620000000147e-01,8.941587370000000368e-01,5.376306499999999877e-02,7.042402899999999910e-02,1.040000000000000038e-05,1.917036000000000000e-03,1.888257000000000130e-02,5.314284509999999129e-01,6.403830849999999630e-01,9.817969269999999860e-01,1.233291000000000075e-03,1.927722499999999853e-02,1.527627500000000062e-02,0.000000000000000000e+00,0.000000000000000000e+00,9.040194699999999639e-02,6.353126319999999883e-01,5.337058150000000278e-01,2.954609000000000055e-02,6.918547099999999839e-02,4.497518970000000116e-01,4.470336260000000173e-01,5.453569139999999704e-01,6.482705960000000323e-01,7.968913140000000173e-01,7.432904489999999642e-01
6.975177830000000023e-01,7.780746419999999830e-01,2.436401249999999852e-01,9.036088480000000756e-01,2.078596750000000215e-01,8.941587370000000368e-01,5.376306499999999877e-02,7.042402899999999910e-02,1.040000000000000038e-05,1.917036000000000000e-03,1.888257000000000130e-02,5.543320720000000090e-01,6.332164839999999684e-01,9.635971610000000354e-01,1.233291000000000075e-03,1.927722499999999853e-02,1.527627500000000062e-02,0.000000000000000000e+00,0.000000000000000000e+00,6.837816199999999234e-02,6.353126319999999883e-01,5.337058150000000278e-01,2.954609000000000055e-02,6.918547099999999839e-02,4.497518970000000116e-01,4.470336260000000173e-01,5.453569139999999704e-01,6.482705960000000323e-01,7.968913140000000173e-01,7.432904489999999642e-01
7.056344900000000031e-01,7.876581460000000590e-01,2.463537779999999955e-01,8.978260860000000232e-01,2.123743869999999978e-01,8.941587370000000368e-01,5.376306499999999877e-02,7.042402899999999910e-02,1.040000000000000038e-05,1.917036000000000000e-03,1.888257000000000130e-02,5.509661829999999982e-01,6.409041039999999745e-01,9.652272720000000250e-01,1.233291000000000075e-03,1.927722499999999853e-02,1.527627500000000062e-02,5.563936999999999702e-03,1.591655999999996851e-03,8.387215599999998938e-02,6.353126319999999883e-01,5.337058150000000278e-01,2.954609000000000055e-02,6.918547099999999839e-02,4.497518970000000116e-01,4.470336260000000173e-01,5.453569139999999704e-01,6.482705960000000323e-01,7.968913140000000173e-01,7.432904489999999642e-01
7.158189590000000324e-01,8.008676220000000567e-01,2.695097349999999725e-01,9.065314340000000248e-01,2.192606230000000156e-01,8.941587370000000368e-01,5.376306499999999877e-02,7.042402899999999910e-02,1.040000000000000038e-05,1.917036000000000000e-03,1.888257000000000130e-02,5.419806659999999443e-01,6.265892760000000283e-01,9.884329029999999738e-01,1.233291000000000075e-03,1.927722499999999853e-02,1.527627500000000062e-02,0.000000000000000000e+00,0.000000000000000000e+00,9.153803799999998825e-02,6.353126319999999883e-01,5.337058150000000278e-01,2.954609000000000055e-02,6.918547099999999839e-02,4.497518970000000116e-01,4.470336260000000173e-01,5.453569139999999704e-01,6.482705960000000323e-01,7.968913140000000173e-01,7.432904489999999642e-01
7.239153510000000402e-01,7.790439290000000794e-01,2.652079940000000025e-01,9.015990440000000161e-01,2.059871420000000120e-01,8.941587370000000368e-01,5.376306499999999877e-02,7.042402899999999910e-02,1.040000000000000038e-05,1.917036000000000000e-03,1.888257000000000130e-02,5.259331680000000064e-01,6.301267409999999902e-01,9.650595699999999777e-01,1.233291000000000075e-03,1.927722499999999853e-02,1.527627500000000062e-02,4.061900999999999706e-03,0.000000000000000000e+00,7.711668699999998933e-02,6.353126319999999883e-01,5.337058150000000278e-01,2.954609000000000055e-02,6.918547099999999839e-02,4.497518970000000116e-01,4.470336260000000173e-01,5.453569139999999704e-01,6.482705960000000323e-01,7.968913140000000173e-01,7.432904489999999642e-01
7.017771419999999649e-01,7.833816920000000739e-01,2.597666039999999565e-01,9.012690290000000548e-01,2.036005310000000290e-01,8.941587370000000368e-01,5.376306499999999877e-02,7.042402899999999910e-02,1.040000000000000038e-05,1.917036000000000000e-03,1.888257000000000130e-02,5.435423399999999017e-01,6.464904590000000173e-01,9.710577830000000077e-01,1.233291000000000075e-03,1.927722499999999853e-02,1.527627500000000062e-02,0.000000000000000000e+00,7.723093999999998058e-03,7.946103099999998753e-02,6.353126319999999883e-01,5.337058150000000278e-01,2.954609000000000055e-02,6.918547099999999839e-02,4.497518970000000116e-01,4.470336260000000173e-01,5.453569139999999704e-01,6.482705960000000323e-01,7.968913140000000173e-01,7.432904489999999642e-01
6.982064629999999994e-01,7.782778630000000142e-01,2.534274919999999764e-01,9.025507160000000306e-01,2.154955720000000241e-01,8.941587370000000368e-01,5.376306499999999877e-02,7.042402899999999910e-02,1.040000000000000038e-05,1.917036000000000000e-03,1.888257000000000130e-02,5.367086179999999151e-01,6.346660960000000129e-01,9.616689779999999521e-01,1.233291000000000075e-03,1.927722499999999853e-02,1.527627500000000062e-02,3.649024000000000711e-03,6.242946999999998692e-03,7.369051299999998528e-02,6.353126319999999883e-01,5.337058150000000278e-01,2.954609000000000055e-02,6.918547099999999839e-02,4.497518970000000116e-01,4.470336260000000173e-01,5.453569139999999704e-01,6.482705960000000323e-01,7.968913140000000173e-01,7.432904489999999642e-01
7.003292549999999839e-01,7.801868410000000198e-01,2.566386749999999828e-01,9.110072930000000513e-01,2.305006500000000014e-01,8.941587370000000368e-01,5.376306499999999877e-02,7.042402899999999910e-02,1.040000000000000038e-05,1.917036000000000000e-03,1.888257000000000130e-02,5.534163409999999228e-01,6.393158509999999906e-01,9.810738930000000302e-01,1.233291000000000075e-03,1.927722499999999853e-02,1.527627500000000062e-02,0.000000000000000000e+00,0.000000000000000000e+00,8.757696599999999221e-02,6.353126319999999883e-01,5.337058150000000278e-01,2.954609000000000055e-02,6.918547099999999839e-02,4.497518970000000116e-01,4.470336260000000173e-01,5.453569139999999704e-01,6.482705960000000323e-01,7.968913140000000173e-01,7.432904489999999642e-01
7.100231989999999938e-01,7.990500220000000819e-01,2.517905349999999820e-01,9.146647159999999888e-01,2.164020940000000170e-01,8.941587370000000368e-01,5.376306499999999877e-02,7.042402899999999910e-02,1.040000000000000038e-05,1.917036000000000000e-03,1.888257000000000130e-02,5.493662739999999323e-01,6.455092209999999664e-01,9.612558359999999746e-01,1.233291000000000075e-03,1.927722499999999853e-02,1.527627500000000062e-02,4.315207999999999197e-03,0.000000000000000000e+00,8.374374199999999602e-02,6.353126319999999883e-01,5.337058150000000278e-01,2.954609000000000055e-02,6.918547099999999839e-02,4.497518970000000116e-01,4.470336260000000173e-01,5.453569139999999704e-01,6.482705960000000323e-01,7.968913140000000173e-01,7.432904489999999642e-01
7.163328409999999424e-01,7.937439929999999810e-01,2.521173409999999948e-01,9.173982550000000513e-01,2.180003850000000187e-01,8.941587370000000368e-01,5.376306499999999877e-02,7.042402899999999910e-02,1.040000000000000038e-05,1.917036000000000000e-03,1.888257000000000130e-02,5.271216779999999824e-01,6.509411010000000219e-01,9.816483710000000196e-01,1.233291000000000075e-03,1.927722499999999853e-02,1.527627500000000062e-02,8.254542999999999603e-03,9.375473999999998226e-03,7.814731299999999603e-02,6.353126319999999883e-01,5.337058150000000278e-01,2.954609000000000055e-02,6.918547099999999839e-02,4.497518970000000116e-01,4.470336260000000173e-01,5.453569139999999704e-01,6.482705960000000323e-01,7.968913140000000173e-01,7.432904489999999642e-01
7.218114119999999856e-01,7.882468180000000713e-01,2.572020110000000082e-01,9.121396390000000576e-01,2.093115630000000060e-01,8.941587370000000368e-01,5.376306499999999877e-02,7.042402899999999910e-02,1.040000000000000038e-05,1.917036000000000000e-03,1.888257000000000130e-02,5.446226469999999598e-01,6.407988869999999837e-01,9.704808089999999998e-01,1.233291000000000075e-03,1.927722499999999853e-02,1.527627500000000062e-02,7.077302999999998331e-03,0.000000000000000000e+00,9.710819499999999438e-02,6.353126319999999883e-01,5.337058150000000278e-01,2.954609000000000055e-02,6.918547099999999839e-02,4.497518970000000116e-01,4.470336260000000173e-01,5.453569139999999704e-01,6.482705960000000323e-01,7.968913140000000173e-01,7.432904489999999642e-01
7.037143879999999685e-01,7.866928910000000608e-01,2.445916479999999948e-01,9.213770970000000338e-01,2.245591180000000020e-01,8.941587370000000368e-01,5.376306499999999877e-02,7.042402899999999910e-02,1.040000000000000038e-05,1.917036000000000000e-03,1.888257000000000130e-02,5.296090929999999197e-01,6.493356009999999845e-01,9.742420269999999549e-01,1.233291000000000075e-03,1.927722499999999853e-02,1.527627500000000062e-02,0.000000000000000000e+00,4.024309999999999693e-03,7.253253599999999468e-02,6.353126319999999883e-01,5.337058150000000278e-01,2.954609000000000055e-02,6.918547099999999839e-02,4.497518970000000116e-01,4.470336260000000173e-01,5.453569139999999704e-01,6.482705960000000323e-01,7.968913140000000173e-01,7.432904489999999642e-01
7.261933980000000455e-01,8.010933580000000331e-01,2.690123649999999755e-01,9.132379470000000499e-01,2.302183809999999997e-01,8.941587370000000368e-01,5.376306499999999877e-02,7.042402899999999910e-02,1.040000000000000038e-05,1.917036000000000000e-03,1.888257000000000130e-02,5.427016729999999400e-01,6.320799009999999996e-01,9.794023400000000379e-01,1.233291000000000075e-03,1.927722499999999853e-02,1.527627500000000062e-02,0.000000000000000000e+00,0.000000000000000000e+00,7.876658999999999744e-02,6.353126319999999883e-01,5.337058150000000278e-01,2.954609000000000055e-02,6.918547099999999839e-02,4.497518970000000116e-01,4.470336260000000173e-01,5.453569139999999704e-01,6.482705960000000323e-01,7.968913140000000173e-01,7.432904489999999642e-01
7.038633770000000123e-01,7.825073630000000113e-01,2.609902889999999864e-01,9.046660840000000370e-01,2.073799410000000121e-01,8.941587370000000368e-01,5.376306499999999877e-02,7.042402899999999910e-02,1.040000000000000038e-05,1.917036000000000000e-03,1.888257000000000130e-02,5.350094859999999786e-01,6.405028529999999831e-01,9.792888339999999969e-01,1.233291000000000075e-03,1.927722499999999853e-02,1.527627500000000062e-02,0.000000000000000000e+00,0.000000000000000000e+00,9.067316999999999738e-02,6.353126319999999883e-01,5.337058150000000278e-01,2.954609000000000055e-02,6.918547099999999839e-02,4.497518970000000116e-01,4.470336260000000173e-01,5.453569139999999704e-01,6.482705960000000323e-01,7.968913140000000173e-01,7.432904489999999642e-01
6.989238439999999608e-01,7.868365999999999971e-01,2.562566940000000071e-01,9.205650330000000325e-01,2.154372120000000168e-01,8.941587370000000368e-01,5.376306499999999877e-02,7.042402899999999910e-02,1.040000000000000038e-05,1.917036000000000000e-03,1.888257000000000130e-02,5.538331899999999752e-01,6.363544509999999876e-01,9.875478469999999787e-01,1.233291000000000075e-03,1.927722499999999853e-02,1.527627500000000062e-02,0.000000000000000000e+00,0.000000000000000000e+00,8.976000299999999099e-02,6.353126319999999883e-01,5.337058150000000278e-01,2.954609000000000055e-02,6.918547099999999839e-02,4.497518970000000116e-01,4.470336260000000173e-01,5.453569139999999704e-01,6.482705960000000323e-01,7.968913140000000173e-01,7.432904489999999642e-01
7.070814159999999626e-01,7.930399710000000102e-01,2.618075229999999864e-01,9.239942890000000242e-01,2.306411960000000205e-01,8.941587370000000368e-01,5.376306499999999877e-02,7.042402899999999910e-02,1.040000000000000038e-05,1.917036000000000000e-03,1.888257000000000130e-02,5.289273479999999639e-01,6.463119449999999988e-01,9.706307739999999740e-01,1.233291000000000075e-03,1.927722499999999853e-02,1.527627500000000062e-02,0.000000000000000000e+00,8.953648999999999289e-03,7.269944999999999879e-02,6.353126319999999883e-01,5.337058150000000278e-01,2.954609000000000055e-02,6.918547099999999839e-02,4.497518970000000116e-01,4.470336260000000173e-01,5.453569139999999704e-01,6.482705960000000323e-01,7.968913140000000173e-01,7.432904489999999642e-01
7.174830690000000288e-01,7.891864750000000539e-01,2.548978839999999635e-01,8.982803970000000637e-01,2.297886810000000224e-01,8.941587370000000368e-01,5.376306499999999877e-02,7.042402899999999910e-02,1.040000000000000038e-05,1.917036000000000000e-03,1.888257000000000130e-02,5.253097359999999716e-01,6.497307489999999408e-01,9.808217310000000300e-01,1.233291000000000075e-03,1.927722499999999853e-02,1.527627500000000062e-02,0.000000000000000000e+00,6.730060999999998989e-03,9.121173899999998613e-02,6.353126319999999883e-01,5.337058150000000278e-01,2.954609000000000055e-02,6.918547099999999839e-02,4.497518970000000116e-01,4.470336260000000173e-01,5.453569139999999704e-01,6.482705960000000323e-01,7.968913140000000173e-01,7.432904489999999642e-01
7.115088019999999958e-01,7.828010640000000464e-01,2.503672510000000129e-01,9.126553050000000278e-01,2.251669000000000032e-01,8.941587370000000368e-01,5.376306499999999877e-02,7.042402899999999910e-02,1.040000000000000038e-05,1.917036000000000000e-03,1.888257000000000130e-02,5.408519749999999293e-01,6.485900589999999966e-01,9.837576660000000306e-01,1.233291000000000075e-03,1.927722499999999853e-02,1.527627500000000062e-02,9.044419999999983584e-04,0.000000000000000000e+00,8.496744999999999992e-02,6.353126319999999883e-01,5.337058150000000278e-01,2.954609000000000055e-02,6.918547099999999839e-02,4.497518970000000116e-01,4.470336260000000173e-01,5.453569139999999704e-01,6.482705960000000323e-01,7.968913140000000173e-01,7.432904489999999642e-01
7.029714790000000102e-01,7.789835380000000864e-01,2.541686719999999844e-01,9.096161050000000081e-01,2.303765560000000101e-01,8.941587370000000368e-01,5.376306499999999877e-02,7.042402899999999910e-02,1.040000000000000038e-05,1.917036000000000000e-03,1.888257000000000130e-02,5.452267539999999801e-01,6.231312039999999941e-01,9.737024210000000402e-01,1.233291000000000075e-03,1.927722499999999853e-02,1.527627500000000062e-02,8.645581999999998879e-03,9.622542999999999028e-03,7.155020900000000350e-02,6.353126319999999883e-01,5.337058150000000278e-01,2.954609000000000055e-02,6.918547099999999839e-02,4.497518970000000116e-01,4.470336260000000173e-01,5.453569139999999704e-01,6.482705960000000323e-01,7.968913140000000173e-01,7.432904489999999642e-01
7.190316279999999782e-01,7.853690260000000256e-01,2.587691689999999656e-01,9.244455230000000467e-01,2.084761540000000246e-01,8.941587370000000368e-01,5.376306499999999877e-02,7.042402899999999910e-02,1.040000000000000038e-05,1.917036000000000000e-03,1.888257000000000130e-02,5.422361629999999932e-01,6.326603419999999867e-01,9.640424610000000172e-01,1.233291000000000075e-03,1.927722499999999853e-02,1.527627500000000062e-02,0.000000000000000000e+00,1.099084899999999872e-02,7.695176599999999090e-02,6.353126319999999883e-01,5.337058150000000278e-01,2.954609000000000055e-02,6.918547099999999839e-02,4.497518970000000116e-01,4.470336260000000173e-01,5.453569139999999704e-01,6.482705960000000323e-01,7.968913140000000173e-01,7.432904489999999642e-01
7.088365079999999763e-01,7.913276439999999967e-01,2.624596919999999667e-01,9.074001130000000082e-01,2.054915440000000260e-01,8.941587370000000368e-01,5.376306499999999877e-02,7.042402899999999910e-02,1.040000000000000038e-05,1.917036000000000000e-03,1.888257000000000130e-02,5.305243659999999695e-01,6.495256120000000299e-01,9.725216819999999984e-01,1.233291000000000075e-03,1.927722499999999853e-02,1.527627500000000062e-02,0.000000000000000000e+00,0.000000000000000000e+00,6.965700799999999249e-02,6.353126319999999883e-01,5.337058150000000278e-01,2.954609000000000055e-02,6.918547099999999839e-02,4.497518970000000116e-01,4.470336260000000173e-01,5.453569139999999704e-01,6.482705960000000323e-01,7.968913140000000173e-01,7.432904489999999642e-01
7.236019080000000159e-01,7.975717850000000331e-01,2.643125510000000067e-01,9.260943550000000357e-01,2.297181080000000042e-01,8.941587370000000368e-01,5.376306499999999877e-02,7.042402899999999910e-02,1.040000000000000038e-05,1.917036000000000000e-03,1.888257000000000130e-02,5.418701269999999237e-01,6.478296439999999823e-01,9.834621129999999711e-01,1.233291000000000075e-03,1.927722499999999853e-02,1.527627500000000062e-02,0.000000000000000000e+00,0.000000000000000000e+00,6.934721899999998773e-02,6.353126319999999883e-01,5.337058150000000278e-01,2.954609000000000055e-02,6.918547099999999839e-02,4.497518970000000116e-01,4.470336260000000173e-01,5.453569139999999704e-01,6.482705960000000323e-01,7.968913140000000173e-01,7.432904489999999642e-01
7.255892459999999655e-01,7.758724639999999839e-01,2.515590139999999697e-01,9.122867319999999891e-01,2.090277080000000065e-01,8.941587370000000368e-01,5.376306499999999877e-02,7.042402899999999910e-02,1.040000000000000038e-05,1.917036000000000000e-03,1.888257000000000130e-02,5.429721849999999961e-01,6.376209130000000114e-01,9.842629769999999834e-01,1.233291000000000075e-03,1.927722499999999853e-02,1.527627500000000062e-02,0.000000000000000000e+00,0.000000000000000000e+00,7.055775799999999820e-02,6.353126319999999883e-01,5.337058150000000278e-01,2.954609000000000055e-02,6.918547099999999839e-02,4.497518970000000116e-01,4.470336260000000173e-01,5.453569139999999704e-01,6.482705960000000323e-01,7.968913140000000173e-01,7.432904489999999642e-01
7.126683719999999944e-01,7.942553220000000413e-01,2.459394759999999902e-01,8.977019230000000682e-01,2.065982930000000162e-01,8.941587370000000368e-01,5.376306499999999877e-02,7.042402899999999910e-02,1.040000000000000038e-05,1.917036000000000000e-03,1.888257000000000130e-02,5.272529469999999163e-01,6.278077579999999935e-01,9.684547209999999628e-01,1.233291000000000075e-03,1.927722499999999853e-02,1.527627500000000062e-02,0.000000000000000000e+00,0.000000000000000000e+00,7.891279999999999129e-02,6.353126319999999883e-01,5.337058150000000278e-01,2.954609000000000055e-02,6.918547099999999839e-02,4.497518970000000116e-01,4.470336260000000173e-01,5.453569139999999704e-01,6.482705960000000323e-01,7.968913140000000173e-01,7.432904489999999642e-01
7.145201869999999733e-01,7.922585650000000257e-01,2.724800519999999726e-01,9.209300460000000577e-01,2.207000179999999978e-01,8.941587370000000368e-01,5.376306499999999877e-02,7.042402899999999910e-02,1.040000000000000038e-05,1.917036000000000000e-03,1.888257000000000130e-02,5.513675499999999285e-01,6.243283170000000215e-01,9.824050159999999643e-01,1.233291000000000075e-03,1.927722499999999853e-02,1.527627500000000062e-02,7.286368999999999138e-03,1.074008999999999901e-02,7.264707900000000329e-02,6.353126319999999883e-01,5.337058150000000278e-01,2.954609000000000055e-02,6.918547099999999839e-02,4.497518970000000116e-01,4.470336260000000173e-01,5.453569139999999704e-01,6.482705960000000323e-01,7.968913140000000173e-01,7.432904489999999642e-01
7.035364259999999925e-01,8.000909849999999768e-01,2.538580029999999987e-01,8.983402270000000467e-01,2.231060020000000255e-01,8.941587370000000368e-01,5.376306499999999877e-02,7.042402899999999910e-02,1.040000000000000038e-05,1.917036000000000000e-03,1.888257000000000130e-02,5.355509679999999051e-01,6.423321419999999948e-01,9.630008399999999691e-01,1.233291000000000075e-03,1.927722499999999853e-02,1.527627500000000062e-02,0.000000000000000000e+00,0.000000000000000000e+00,9.000585699999999467e-02,6.353126319999999883e-01,5.337058150000000278e-01,2.954609000000000055e-02,6.918547099999999839e-02,4.497518970000000116e-01,4.470336260000000173e-01,5.453569139999999704e-01,6.482705960000000323e-01,7.968913140000000173e-01,7.432904489999999642e-01
7.028118249999999456e-01,7.874068499999999915e-01,2.456928439999999936e-01,9.202575060000000029e-01,2.207811709999999983e-01,8.941587370000000368e-01,5.376306499999999877e-02,7.042402899999999910e-02,1.040000000000000038e-05,1.917036000000000000e-03,1.888257000000000130e-02,5.481590949999999296e-01,6.414408139999999703e-01,9.802330750000000092e-01,1.233291000000000075e-03,1.927722499999999853e-02,1.527627500000000062e-02,0.000000000000000000e+00,0.000000000000000000e+00,9.519004600000000038e-02,6.353126319999999883e-01,5.337058150000000278e-01,2.954609000000000055e-02,6.918547099999999839e-02,4.497518970000000116e-01,4.470336260000000173e-01,5.453569139999999704e-01,6.482705960000000323e-01,7.968913140000000173e-01,7.432904489999999642e-01
7.071640460000000461e-01,7.956111030000000417e-01,2.628299379999999852e-01,9.000975429999999999e-01,2.258119440000000144e-01,8.941587370000000368e-01,5.376306499999999877e-02,7.042402899999999910e-02,1.040000000000000038e-05,1.917036000000000000e-03,1.888257000000000130e-02,5.298969189999999108e-01,6.468637160000000330e-01,9.648449249999999644e-01,1.233291000000000075e-03,1.927722499999999853e-02,1.527627500000000062e-02,0.000000000000000000e+00,0.000000000000000000e+00,9.094913099999998862e-02,6.353126319999999883e-01,5.337058150000000278e-01,2.954609000000000055e-02,6.918547099999999839e-02,4.497518970000000116e-01,4.470336260000000173e-01,5.453569139999999704e-01,6.482705960000000323e-01,7.968913140000000173e-01,7.432904489999999642e-01
7.264569969999999932e-01,7.800281199999999915e-01,2.546299240000000075e-01,9.263102880000000372e-01,2.087925830000000038e-01,8.941587370000000368e-01,5.376306499999999877e-02,7.042402899999999910e-02,1.040000000000000038e-05,1.917036000000000000e-03,1.888257000000000130e-02,5.293621020000000010e-01,6.379611050000000283e-01,9.753179889999999963e-01,1.233291000000000075e-03,1.927722499999999853e-02,1.527627500000000062e-02,0.000000000000000000e+00,0.000000000000000000e+00,7.494041899999999423e-02,6.353126319999999883e-01,5.337058150000000278e-01,2.954609000000000055e-02,6.918547099999999839e-02,4.497518970000000116e-01,4.470336260000000173e-01,5.453569139999999704e-01,6.482705960000000323e-01,7.968913140000000173e-01,7.432904489999999642e-01
7.108674430000000433e-01,7.960357140000000609e-01,2.482222089999999715e-01,9.068868810000000336e-01,2.146891890000000025e-01,8.941587370000000368e-01,5.376306499999999877e-02,7.042402899999999910e-02,1.040000000000000038e-05,1.917036000000000000e-03,1.888257000000000130e-02,5.507500229999999775e-01,6.373280930000000399e-01,9.784577420000000192e-01,1.233291000000000075e-03,1.927722499999999853e-02,1.527627500000000062e-02,0.000000000000000000e+00,5.048172000000000076e-03,9.032679199999998909e-02,6.353126319999999883e-01,5.337058150000000278e-01,2.954609000000000055e-02,6.918547099999999839e-02,4.497518970000000116e-01,4.470336260000000173e-01,5.453569139999999704e-01,6.482705960000000323e-01,7.968913140000000173e-01,7.432904489999999642e-01
7.216647880000000015e-01,7.888334810000000585e-01,2.722809689999999838e-01,9.092526630000000720e-01,2.286602500000000093e-01,8.941587370000000368e-01,5.376306499999999877e-02,7.042402899999999910e-02,1.040000000000000038e-05,1.917036000000000000e-03,1.888257000000000130e-02,5.354277419999999843e-01,6.502729940000000486e-01,9.698162780000000316e-01,1.233291000000000075e-03,1.927722499999999853e-02,1.527627500000000062e-02,0.000000000000000000e+00,0.000000000000000000e+00,9.410059099999999732e-02,6.353126319999999883e-01,5.337058150000000278e-01,2.954609000000000055e-02,6.918547099999999839e-02,4.497518970000000116e-01,4.470336260000000173e-01,5.453569139999999704e-01,6.482705960000000323e-01,7.968913140000000173e-01,7.432904489999999642e-01
7.156736379999999453e-01,7.926690680000000322e-01,2.500923290000000021e-01,9.089186479999999957e-01,2.083898030000000123e-01,8.941587370000000368e-01,5.376306499999999877e-02,7.042402899999999910e-02,1.040000000000000038e-05,1.917036000000000000e-03,1.888257000000000130e-02,5.351344899999999072e-01,6.508258869999999918e-01,9.762684689999999721e-01,1.233291000000000075e-03,1.927722499999999853e-02,1.527627500000000062e-02,0.000000000000000000e+00,7.582936999999997929e-03,8.153750799999999466e-02,6.353126319999999883e-01,5.337058150000000278e-01,2.954609000000000055e-02,6.918547099999999839e-02,4.497518970000000116e-01,4.470336260000000173e-01,5.453569139999999704e-01,6.482705960000000323e-01,7.968913140000000173e-01,7.432904489999999642e-01
6.992612790000000134e-01,7.817207790000000323e-01,2.466735129999999832e-01,9.148598370000000646e-01,2.105918620000000185e-01,8.941587370000000368e-01,5.376306499999999877e-02,7.042402899999999910e-02,1.040000000000000038e-05,1.917036000000000000e-03,1.888257000000000130e-02,5.442063619999999435e-01,6.320445989999999847e-01,9.825736330000000018e-01,1.233291000000000075e-03,1.927722499999999853e-02,1.527627500000000062e-02,0.000000000000000000e+00,0.000000000000000000e+00,7.835889399999999838e-02,6.353126319999999883e-01,5.337058150000000278e-01,2.954609000000000055e-02,6.918547099999999839e-02,4.497518970000000116e-01,4.470336260000000173e-01,5.453569139999999704e-01,6.482705960000000323e-01,7.968913140000000173e-01,7.432904489999999642e-01
7.016967709999999414e-01,7.753328500000000734e-01,2.513438749999999944e-01,9.153604699999999816e-01,2.181176140000000152e-01,8.941587370000000368e-01,5.376306499999999877e-02,7.042402899999999910e-02,1.040000000000000038e-05,1.917036000000000000e-03,1.888257000000000130e-02,5.369611019999999124e-01,6.261437840000000365e-01,9.617045770000000049e-01,1.233291000000000075e-03,1.927722499999999853e-02,1.527627500000000062e-02,0.000000000000000000e+00,3.977745999999997284e-03,7.004473899999999476e-02,6.353126319999999883e-01,5.337058150000000278e-01,2.954609000000000055e-02,6.918547099999999839e-02,4.497518970000000116e-01,4.470336260000000173e-01,5.453569139999999704e-01,6.482705960000000323e-01,7.968913140000000173e-01,7.432904489999999642e-01
7.092350339999999864e-01,7.855687630000000032e-01,2.594948209999999866e-01,9.236881620000000348e-01,2.148753899999999994e-01,8.941587370000000368e-01,5.376306499999999877e-02,7.042402899999999910e-02,1.040000000000000038e-05,1.917036000000000000e-03,1.888257000000000130e-02,5.438406899999999045e-01,6.358195150000000018e-01,9.890981500000000093e-01,1.233291000000000075e-03,1.927722499999999853e-02,1.527627500000000062e-02,2.480061999999998157e-03,2.293274999999997399e-03,7.626751499999999406e-02,6.353126319999999883e-01,5.337058150000000278e-01,2.954609000000000055e-02,6.918547099999999839e-02,4.497518970000000116e-01,4.470336260000000173e-01,5.453569139999999704e-01,6.482705960000000323e-01,7.968913140000000173e-01,7.432904489999999642e-01
7.261261469999999996e-01,7.943677500000000391e-01,2.694539099999999632e-01,8.986406000000000116e-01,2.287530700000000028e-01,8.941587370000000368e-01,5.376306499999999877e-02,7.042402899999999910e-02,1.040000000000000038e-05,1.917036000000000000e-03,1.888257000000000130e-02,5.260419879999999049e-01,6.476723559999999491e-01,9.657194380000000411e-01,1.233291000000000075e-03,1.927722499999999853e-02,1.527627500000000062e-02,0.000000000000000000e+00,0.000000000000000000e+00,9.458857499999999419e-02,6.353126319999999883e-01,5.337058150000000278e-01,2.954609000000000055e-02,6.918547099999999839e-02,4.497518970000000116e-01,4.470336260000000173e-01,5.453569139999999704e-01,6.482705960000000323e-01,7.968913140000000173e-01,7.432904489999999642e-01
7.179806380000000043e-01,7.912366069999999807e-01,2.697785360000000132e-01,9.023556340000000731e-01,2.038611590000000140e-01,8.941587370000000368e-01,5.376306499999999877e-02,7.042402899999999910e-02,1.040000000000000038e-05,1.917036000000000000e-03,1.888257000000000130e-02,5.524056079999999369e-01,6.255672610000000411e-01,9.830038020000000376e-01,1.233291000000000075e-03,1.927722499999999853e-02,1.527627500000000062e-02,0.000000000000000000e+00,0.000000000000000000e+00,9.513266099999999337e-02,6.353126319999999883e-01,5.337058150000000278e-01,2.954609000000000055e-02,6.918547099999999839e-02,4.497518970000000116e-01,4.470336260000000173e-01,5.453569139999999704e-01,6.482705960000000323e-01,7.968913140000000173e-01,7.432904489999999642e-01
7.132784340000000167e-01,7.938563270000000838e-01,2.439523589999999797e-01,9.033843550000000278e-01,2.144784360000000223e-01,8.941587370000000368e-01,5.376306499999999877e-02,7.042402899999999910e-02,1.040000000000000038e-05,1.917036000000000000e-03,1.888257000000000130e-02,5.265641660000000002e-01,6.400039770000000017e-01,9.785636349999999872e-01,1.233291000000000075e-03,1.927722499999999853e-02,1.527627500000000062e-02,0.000000000000000000e+00,0.000000000000000000e+00,7.749410599999999316e-02,6.353126319999999883e-01,5.337058150000000278e-01,2.954609000000000055e-02,6.918547099999999839e-02,4.497518970000000116e-01,4.470336260000000173e-01,5.453569139999999704e-01,6.482705960000000323e-01,7.968913140000000173e-01,7.432904489999999642e-01
7.025906020000000085e-01,7.978779260000000706e-01,2.482492239999999906e-01,9.050673329999999739e-01,2.162030510000000072e-01,8.941587370000000368e-01,5.376306499999999877e-02,7.042402899999999910e-02,1.040000000000000038e-05,1.917036000000000000e-03,1.888257000000000130e-02,5.344262220000000063e-01,6.383772349999999873e-01,9.716912060000000295e-01,1.233291000000000075e-03,1.927722499999999853e-02,1.527627500000000062e-02,0.000000000000000000e+00,0.000000000000000000e+00,6.878358899999999221e-02,6.353126319999999883e-01,5.337058150000000278e-01,2.954609000000000055e-02,6.918547099999999839e-02,4.497518970000000116e-01,4.470336260000000173e-01,5.453569139999999704e-01,6.482705960000000323e-01,7.968913140000000173e-01,7.432904489999999642e-01
7.242197179999999568e-01,7.714053250000000306e-01,2.697062929999999858e-01,9.162285580000000262e-01,2.210952270000000053e-01,8.941587370000000368e-01,5.376306499999999877e-02,7.042402899999999910e-02,1.040000000000000038e-05,1.917036000000000000e-03,1.888257000000000130e-02,5.282844039999999852e-01,6.493969729999999885e-01,9.732438970000000245e-01,1.233291000000000075e-03,1.927722499999999853e-02,1.527627500000000062e-02,0.000000000000000000e+00,0.000000000000000000e+00,8.020679099999999950e-02,6.353126319999999883e-01,5.337058150000000278e-01,2.954609000000000055e-02,6.918547099999999839e-02,4.497518970000000116e-01,4.470336260000000173e-01,5.453569139999999704e-01,6.482705960000000323e-01,7.968913140000000173e-01,7.432904489999999642e-01
7.183490200000000048e-01,7.760550160000000419e-01,2.472660419999999915e-01,9.042429260000000024e-01,2.232101340000000045e-01,8.941587370000000368e-01,5.376306499999999877e-02,7.042402899999999910e-02,1.040000000000000038e-05,1.917036000000000000e-03,1.888257000000000130e-02,5.526890219999999188e-01,6.230153710000000400e-01,9.854529389999999722e-01,1.233291000000000075e-03,1.927722499999999853e-02,1.527627500000000062e-02,0.000000000000000000e+00,0.000000000000000000e+00,9.624338299999998791e-02,6.353126319999999883e-01,5.337058150000000278e-01,2.954609000000000055e-02,6.918547099999999839e-02,4.497518970000000116e-01,4.470336260000000173e-01,5.453569139999999704e-01,6.482705960000000323e-01,7.968913140000000173e-01,7.432904489999999642e-01
7.118242430000000232e-01,7.769105040000000573e-01,2.683024589999999931e-01,9.017337149999999912e-01,2.142914380000000008e-01,8.941587370000000368e-01,5.376306499999999877e-02,7.042402899999999910e-02,1.040000000000000038e-05,1.917036000000000000e-03,1.888257000000000130e-02,5.314922909999999501e-01,6.500598130000000419e-01,9.868460709999999914e-01,1.233291000000000075e-03,1.927722499999999853e-02,1.527627500000000062e-02,0.000000000000000000e+00,0.000000000000000000e+00,8.624028099999998809e-02,6.353126319999999883e-01,5.337058150000000278e-01,2.954609000000000055e-02,6.918547099999999839e-02,4.497518970000000116e-01,4.470336260000000173e-01,5.453569139999999704e-01,6.482705960000000323e-01,7.968913140000000173e-01,7.432904489999999642e-01
7.047077659999999577e-01,7.787712330000000627e-01,2.502442309999999837e-01,9.232348369999999749e-01,2.085887810000000009e-01,8.941587370000000368e-01,5.376306499999999877e-02,7.042402899999999910e-02,1.040000000000000038e-05,1.917036000000000000e-03,1.888257000000000130e-02,5.529651139999999243e-01,6.488849580000000117e-01,9.806312759999999962e-01,1.233291000000000075e-03,1.927722499999999853e-02,1.527627500000000062e-02,0.000000000000000000e+00,0.000000000000000000e+00,9.216688099999999217e-02,6.353126319999999883e-01,5.337058150000000278e-01,2.954609000000000055e-02,6.918547099999999839e-02,4.497518970000000116e-01,4.470336260000000173e-01,5.453569139999999704e-01,6.482705960000000323e-01,7.968913140000000173e-01,7.432904489999999642e-01
7.077846719999999481e-01,7.727643520000000432e-01,2.578107269999999618e-01,9.229269199999999840e-01,2.091772860000000178e-01,8.941587370000000368e-01,5.376306499999999877e-02,7.042402899999999910e-02,1.040000000000000038e-05,1.917036000000000000e-03,1.888257000000000130e-02,5.406923869999999965e-01,6.232922650000000120e-01,9.624116099999999729e-01,1.233291000000000075e-03,1.927722499999999853e-02,1.527627500000000062e-02,4.516483999999999430e-03,0.000000000000000000e+00,9.092956099999999209e-02,6.353126319999999883e-01,5.337058150000000278e-01,2.954609000000000055e-02,6.918547099999999839e-02,4.497518970000000116e-01,4.470336260000000173e-01,5.453569139999999704e-01,6.482705960000000323e-01,7.968913140000000173e-01,7.432904489999999642e-01
7.171699120000000205e-01,7.982067569999999890e-01,2.513781640000000150e-01,9.103849590000000491e-01,2.197174940000000132e-01,8.941587370000000368e-01,5.376306499999999877e-02,7.042402899999999910e-02,1.040000000000000038e-05,1.917036000000000000e-03,1.888257000000000130e-02,5.317368579999999234e-01,6.438461610000000279e-01,9.765358309999999653e-01,1.233291000000000075e-03,1.927722499999999853e-02,1.527627500000000062e-02,0.000000000000000000e+00,5.352818999999998245e-03,8.251334499999998795e-02,6.353126319999999883e-01,5.337058150000000278e-01,2.954609000000000055e-02,6.918547099999999839e-02,4.497518970000000116e-01,4.470336260000000173e-01,5.453569139999999704e-01,6.482705960000000323e-01,7.968913140000000173e-01,7.432904489999999642e-01
7.182175170000000275e-01,7.841983260000000566e-01,2.609546749999999693e-01,9.086215840000000377e-01,2.309543280000000143e-01,8.941587370000000368e-01,5.376306499999999877e-02,7.042402899999999910e-02,1.040000000000000038e-05,1.917036000000000000e-03,1.888257000000000130e-02,5.440302139999999564e-01,6.299193210000000320e-01,9.644689579999999873e-01,1.233291000000000075e-03,1.927722499999999853e-02,1.527627500000000062e-02,4.127781999999998244e-03,0.000000000000000000e+00,8.185615199999998759e-02,6.353126319999999883e-01,5.337058150000000278e-01,2.954609000000000055e-02,6.918547099999999839e-02,4.497518970000000116e-01,4.470336260000000173e-01,5.453569139999999704e-01,6.482705960000000323e-01,7.968913140000000173e-01,7.432904489999999642e-01
7.089545000000000430e-01,7.831704350000000536e-01,2.603746969999999883e-01,9.119867400000000179e-01,2.320429810000000093e-01,8.941587370000000368e-01,5.376306499999999877e-02,7.042402899999999910e-02,1.040000000000000038e-05,1.917036000000000000e-03,1.888257000000000130e-02,5.359773299999999185e-01,6.421607160000000203e-01,9.692192499999999766e-01,1.233291000000000075e-03,1.927722499999999853e-02,1.527627500000000062e-02,4.100860000000004779e-04,0.000000000000000000e+00,8.897577799999999149e-02,6.353126319999999883e-01,5.337058150000000278e-01,2.954609000000000055e-02,6.918547099999999839e-02,4.497518970000000116e-01,4.470336260000000173e-01,5.453569139999999704e-01,6.482705960000000323e-01,7.968913140000000173e-01,7.432904489999999642e-01
7.074711510000000203e-01,7.767348290000000155e-01,2.688908999999999883e-01,9.181926369999999782e-01,2.202097540000000075e-01,8.941587370000000368e-01,5.376306499999999877e-02,7.042402899999999910e-02,1.040000000000000038e-05,1.917036000000000000e-03,1.888257000000000130e-02,5.353898189999999335e-01,6.477039620000000220e-01,9.794816330000000182e-01,1.233291000000000075e-03,1.927722499999999853e-02,1.527627500000000062e-02,0.000000000000000000e+00,1.040496499999999866e-02,7.216776399999999536e-02,6.353126319999999883e-01,5.337058150000000278e-01,2.954609000000000055e-02,6.918547099999999839e-02,4.497518970000000116e-01,4.470336260000000173e-01,5.453569139999999704e-01,6.482705960000000323e-01,7.968913140000000173e-01,7.432904489999999642e-01
7.122891909999999882e-01,7.778755200000000425e-01,2.669195769999999635e-01,9.210550390000000753e-01,2.311967320000000159e-01,8.941587370000000368e-01,5.376306499999999877e-02,7.042402899999999910e-02,1.040000000000000038e-05,1.917036000000000000e-03,1.888257000000000130e-02,5.501684639999999682e-01,6.258586210000000039e-01,9.763217140000000072e-01,1.233291000000000075e-03,1.927722499999999853e-02,1.527627500000000062e-02,0.000000000000000000e+00,0.000000000000000000e+00,8.339896099999999368e-02,6.353126319999999883e-01,5.337058150000000278e-01,2.954609000000000055e-02,6.918547099999999839e-02,4.497518970000000116e-01,4.470336260000000173e-01,5.453569139999999704e-01,6.482705960000000323e-01,7.968913140000000173e-01,7.432904489999999642e-01
7.067739020000000094e-01,7.944083170000000305e-01,2.709639950000000130e-01,9.059805370000000302e-01,2.161051920000000015e-01,8.941587370000000368e-01,5.376306499999999877e-02,7.042402899999999910e-02,1.040000000000000038e-05,1.917036000000000000e-03,1.888257000000000130e-02,5.421433049999999643e-01,6.260379339999999626e-01,9.878369369999999705e-01,1.233291000000000075e-03,1.927722499999999853e-02,1.527627500000000062e-02,0.000000000000000000e+00,8.846900999999999030e-03,9.742891399999999147e-02,6.353126319999999883e-01,5.337058150000000278e-01,2.954609000000000055e-02,6.918547099999999839e-02,4.497518970000000116e-01,4.470336260000000173e-01,5.453569139999999704e-01,6.482705960000000323e-01,7.968913140000000173e-01,7.432904489999999642e-01
7.161342809999999837e-01,7.857279560000000052e-01,2.660520459999999865e-01,9.086501799999999740e-01,2.216468850000000157e-01,8.941587370000000368e-01,5.376306499999999877e-02,7.042402899999999910e-02,1.040000000000000038e-05,1.917036000000000000e-03,1.888257000000000130e-02,5.311216949999999493e-01,6.452124919999999708e-01,9.618482419999999644e-01,1.233291000000000075e-03,1.927722499999999853e-02,1.527627500000000062e-02,1.329206999999998917e-03,2.693820999999999022e-03,8.408135999999999388e-02,6.353126319999999883e-01,5.337058150000000278e-01,2.954609000000000055e-02,6.918547099999999839e-02,4.497518970000000116e-01,4.470336260000000173e-01,5.453569139999999704e-01,6.482705960000000323e-01,7.968913140000000173e-01,7.432904489999999642e-01
7.102581470000000063e-01,7.759884100000000728e-01,2.608233849999999632e-01,8.970767740000000767e-01,2.284233989999999992e-01,8.941587370000000368e-01,5.376306499999999877e-02,7.042402899999999910e-02,1.040000000000000038e-05,1.917036000000000000e-03,1.888257000000000130e-02,5.415138099999999843e-01,6.456835899999999739e-01,9.622294540000000396e-01,1.233291000000000075e-03,1.927722499999999853e-02,1.527627500000000062e-02,0.000000000000000000e+00,0.000000000000000000e+00,9.362278299999998721e-02,6.353126319999999883e-01,5.337058150000000278e-01,2.954609000000000055e-02,6.918547099999999839e-02,4.497518970000000116e-01,4.470336260000000173e-01,5.453569139999999704e-01,6.482705960000000323e-01,7.968913140000000173e-01,7.432904489999999642e-01
7.121015010000000256e-01,7.827233490000000682e-01,2.433413079999999784e-01,9.019797299999999796e-01,2.047981690000000021e-01,8.941587370000000368e-01,5.376306499999999877e-02,7.042402899999999910e-02,1.040000000000000038e-05,1.917036000000000000e-03,1.888257000000000130e-02,5.297115629999999964e-01,6.233190650000000055e-01,9.821857000000000504e-01,1.233291000000000075e-03,1.927722499999999853e-02,1.527627500000000062e-02,0.000000000000000000e+00,0.000000000000000000e+00,7.822827899999999779e-02,6.353126319999999883e-01,5.337058150000000278e-01,2.954609000000000055e-02,6.918547099999999839e-02,4.497518970000000116e-01,4.470336260000000173e-01,5.453569139999999704e-01,6.482705960000000323e-01,7.968913140000000173e-01,7.432904489999999642e-01
7.244132330000000453e-01,7.980097250000000031e-01,2.487492609999999993e-01,9.064314920000000608e-01,2.099251630000000257e-01,8.941587370000000368e-01,5.376306499999999877e-02,7.042402899999999910e-02,1.040000000000000038e-05,1.917036000000000000e-03,1.888257000000000130e-02,5.462877539999999588e-01,6.469900490000000115e-01,9.888348120000000074e-01,1.233291000000000075e-03,1.927722499999999853e-02,1.527627500000000062e-02,0.000000000000000000e+00,1.566286000000000067e-03,9.259772399999999237e-02,6.353126319999999883e-01,5.337058150000000278e-01,2.954609000000000055e-02,6.918547099999999839e-02,4.497518970000000116e-01,4.470336260000000173e-01,5.453569139999999704e-01,6.482705960000000323e-01,7.968913140000000173e-01,7.432904489999999642e-01
7.038627520000000359e-01,7.744749810000000068e-01,2.703231999999999857e-01,9.192213759999999789e-01,2.221936730000000082e-01,8.941587370000000368e-01,5.376306499999999877e-02,7.042402899999999910e-02,1.040000000000000038e-05,1.917036000000000000e-03,1.888257000000000130e-02,5.368124609999999075e-01,6.446699299999999466e-01,9.673581159999999901e-01,1.233291000000000075e-03,1.927722499999999853e-02,1.527627500000000062e-02,1.150293000000000149e-03,7.180825999999997794e-03,7.398715000000000153e-02,6.353126319999999883e-01,5.337058150000000278e-01,2.954609000000000055e-02,6.918547099999999839e-02,4.497518970000000116e-01,4.470336260000000173e-01,5.453569139999999704e-01,6.482705960000000323e-01,7.968913140000000173e-01,7.432904489999999642e-01
7.146484459999999928e-01,7.845378900000000710e-01,2.539941780000000149e-01,9.114604840000000152e-01,2.294257950000000157e-01,8.941587370000000368e-01,5.376306499999999877e-02,7.042402899999999910e-02,1.040000000000000038e-05,1.917036000000000000e-03,1.888257000000000130e-02,5.401465309999999853e-01,6.401789279999999804e-01,9.620622269999999920e-01,1.233291000000000075e-03,1.927722499999999853e-02,1.527627500000000062e-02,0.000000000000000000e+00,0.000000000000000000e+00,7.745380299999998774e-02,6.353126319999999883e-01,5.337058150000000278e-01,2.954609000000000055e-02,6.918547099999999839e-02,4.497518970000000116e-01,4.470336260000000173e-01,5.453569139999999704e-01,6.482705960000000323e-01,7.968913140000000173e-01,7.432904489999999642e-01
6.969737539999999454e-01,8.005426570000000464e-01,2.520140650000000093e-01,9.219707129999999973e-01,2.047464509999999960e-01,8.941587370000000368e-01,5.376306499999999877e-02,7.042402899999999910e-02,1.040000000000000038e-05,1.917036000000000000e-03,1.888257000000000130e-02,5.548656849999999974e-01,6.385511080000000339e-01,9.757460180000000483e-01,1.233291000000000075e-03,1.927722499999999853e-02,1.527627500000000062e-02,8.046202999999998301e-03,0.000000000000000000e+00,6.829716999999999039e-02,6.353126319999999883e-01,5.337058150000000278e-01,2.954609000000000055e-02,6.918547099999999839e-02,4.497518970000000116e-01,4.470336260000000173e-01,5.453569139999999704e-01,6.482705960000000323e-01,7.968913140000000173e-01,7.432904489999999642e-01
7.164127769999999451e-01,7.948370850000000543e-01,2.673853720000000100e-01,9.063040549999999973e-01,2.107858230000000110e-01,8.941587370000000368e-01,5.376306499999999877e-02,7.042402899999999910e-02,1.040000000000000038e-05,1.917036000000000000e-03,1.888257000000000130e-02,5.490891509999999975e-01,6.292051850000000002e-01,9.790194500000000133e-01,1.233291000000000075e-03,1.927722499999999853e-02,1.527627500000000062e-02,0.000000000000000000e+00,0.000000000000000000e+00,8.958868199999998894e-02,6.353126319999999883e-01,5.337058150000000278e-01,2.954609000000000055e-02,6.918547099999999839e-02,4.497518970000000116e-01,4.470336260000000173e-01,5.453569139999999704e-01,6.482705960000000323e-01,7.968913140000000173e-01,7.432904489999999642e-01
7.064673350000000296e-01,7.963103280000000117e-01,2.569548459999999590e-01,9.090785110000000335e-01,2.234582630000000181e-01,8.941587370000000368e-01,5.376306499999999877e-02,7.042402899999999910e-02,1.040000000000000038e-05,1.917036000000000000e-03,1.888257000000000130e-02,5.280897969999999164e-01,6.313642520000000147e-01,9.844123820000000302e-01,1.233291000000000075e-03,1.927722499999999853e-02,1.527627500000000062e-02,6.462704999999999145e-03,9.481789999999969132e-04,8.834587699999998933e-02,6.353126319999999883e-01,5.337058150000000278e-01,2.954609000000000055e-02,6.918547099999999839e-02,4.497518970000000116e-01,4.470336260000000173e-01,5.453569139999999704e-01,6.482705960000000323e-01,7.968913140000000173e-01,7.432904489999999642e-01
7.048263969999999379e-01,7.756206970000000256e-01,2.585206649999999828e-01,9.218409430000000793e-01,2.242164410000000163e-01,8.941587370000000368e-01,5.376306499999999877e-02,7.042402899999999910e-02,1.040000000000000038e-05,1.917036000000000000e-03,1.888257000000000130e-02,5.267454619999999421e-01,6.459701500000000207e-01,9.623626299999999967e-01,1.233291000000000075e-03,1.927722499999999853e-02,1.527627500000000062e-02,0.000000000000000000e+00,3.684198999999999113e-03,7.191789599999999505e-02,6.353126319999999883e-01,5.337058150000000278e-01,2.954609000000000055e-02,6.918547099999999839e-02,4.497518970000000116e-01,4.470336260000000173e-01,5.453569139999999704e-01,6.482705960000000323e-01,7.968913140000000173e-01,7.432904489999999642e-01
7.235279099999999408e-01,7.754708470000000187e-01,2.496537059999999753e-01,9.241271779999999936e-01,2.220049220000000212e-01,8.941587370000000368e-01,5.376306499999999877e-02,7.042402899999999910e-02,1.040000000000000038e-05,1.917036000000000000e-03,1.888257000000000130e-02,5.273673459999999036e-01,6.285725930000000128e-01,9.659145980000000131e-01,1.233291000000000075e-03,1.927722499999999853e-02,1.527627500000000062e-02,0.000000000000000000e+00,6.900458999999997678e-03,7.893878799999999585e-02,6.353126319999999883e-01,5.337058150000000278e-01,2.954609000000000055e-02,6.918547099999999839e-02,4.497518970000000116e-01,4.470336260000000173e-01,5.453569139999999704e-01,6.482705960000000323e-01,7.968913140000000173e-01,7.432904489999999642e-01
7.180510300000000345e-01,7.775637760000000398e-01,2.474442040000000009e-01,8.965414310000000553e-01,2.171678720000000118e-01,8.941587370000000368e-01,5.376306499999999877e-02,7.042402899999999910e-02,1.040000000000000038e-05,1.917036000000000000e-03,1.888257000000000130e-02,5.335501449999999757e-01,6.301637939999999993e-01,9.607539370000000023e-01,1.233291000000000075e-03,1.927722499999999853e-02,1.527627500000000062e-02,0.000000000000000000e+00,0.000000000000000000e+00,8.807070799999999755e-02,6.353126319999999883e-01,5.337058150000000278e-01,2.954609000000000055e-02,6.918547099999999839e-02,4.497518970000000116e-01,4.470336260000000173e-01,5.453569139999999704e-01,6.482705960000000323e-01,7.968913140000000173e-01,7.432904489999999642e-01
7.081044669999999597e-01,7.952581450000000274e-01,2.659365939999999706e-01,9.101955320000000293e-01,2.123302670000000170e-01,8.941587370000000368e-01,5.376306499999999877e-02,7.042402899999999910e-02,1.040000000000000038e-05,1.917036000000000000e-03,1.888257000000000130e-02,5.386806889999999903e-01,6.275308200000000447e-01,9.836169890000000526e-01,1.233291000000000075e-03,1.927722499999999853e-02,1.527627500000000062e-02,0.000000000000000000e+00,1.001970399999999907e-02,8.626643800000000084e-02,6.353126319999999883e-01,5.337058150000000278e-01,2.954609000000000055e-02,6.918547099999999839e-02,4.497518970000000116e-01,4.470336260000000173e-01,5.453569139999999704e-01,6.482705960000000323e-01,7.968913140000000173e-01,7.432904489999999642e-01
7.087598779999999543e-01,7.808348849999999786e-01,2.643465669999999768e-01,9.257551809999999826e-01,2.257656890000000194e-01,8.941587370000000368e-01,5.376306499999999877e-02,7.042402899999999910e-02,1.040000000000000038e-05,1.917036000000000000e-03,1.888257000000000130e-02,5.457969599999999977e-01,6.309775509999999699e-01,9.672254529999999573e-01,1.233291000000000075e-03,1.927722499999999853e-02,1.527627500000000062e-02,1.489031999999997774e-03,0.000000000000000000e+00,6.776668199999999476e-02,6.353126319999999883e-01,5.337058150000000278e-01,2.954609000000000055e-02,6.918547099999999839e-02,4.497518970000000116e-01,4.470336260000000173e-01,5.453569139999999704e-01,6.482705960000000323e-01,7.968913140000000173e-01,7.432904489999999642e-01
7.166677379999999431e-01,7.992272000000000265e-01,2.444069369999999908e-01,9.014270079999999741e-01,2.324956280000000097e-01,8.941587370000000368e-01,5.376306499999999877e-02,7.042402899999999910e-02,1.040000000000000038e-05,1.917036000000000000e-03,1.888257000000000130e-02,5.475073299999999588e-01,6.335960779999999515e-01,9.634773589999999777e-01,1.233291000000000075e-03,1.927722499999999853e-02,1.527627500000000062e-02,0.000000000000000000e+00,0.000000000000000000e+00,7.983264499999999375e-02,6.353126319999999883e-01,5.337058150000000278e-01,2.954609000000000055e-02,6.918547099999999839e-02,4.497518970000000116e-01,4.470336260000000173e-01,5.453569139999999704e-01,6.482705960000000323e-01,7.968913140000000173e-01,7.432904489999999642e-01
7.193326190000000064e-01,7.783627470000000770e-01,2.489586109999999963e-01,9.184916720000000367e-01,2.212075710000000195e-01,8.941587370000000368e-01,5.376306499999999877e-02,7.042402899999999910e-02,1.040000000000000038e-05,1.917036000000000000e-03,1.888257000000000130e-02,5.413477780000000017e-01,6.366686609999999691e-01,9.686147819999999520e-01,1.233291000000000075e-03,1.927722499999999853e-02,1.527627500000000062e-02,0.000000000000000000e+00,9.805255999999998306e-03,8.229828499999999880e-02,6.353126319999999883e-01,5.337058150000000278e-01,2.954609000000000055e-02,6.918547099999999839e-02,4.497518970000000116e-01,4.470336260000000173e-01,5.453569139999999704e-01,6.482705960000000323e-01,7.968913140000000173e-01,7.432904489999999642e-01
7.076745949999999619e-01,7.711509539999999996e-01,2.552145510000000117e-01,9.003947469999999953e-01,2.316748279999999993e-01,8.941587370000000368e-01,5.376306499999999877e-02,7.042402899999999910e-02,1.040000000000000038e-05,1.917036000000000000e-03,1.888257000000000130e-02,5.550146819999999259e-01,6.513431259999999945e-01,9.775607370000000129e-01,1.233291000000000075e-03,1.927722499999999853e-02,1.527627500000000062e-02,0.000000000000000000e+00,3.352545999999997917e-03,9.692484799999999401e-02,6.353126319999999883e-01,5.337058150000000278e-01,2.954609000000000055e-02,6.918547099999999839e-02,4.497518970000000116e-01,4.470336260000000173e-01,5.453569139999999704e-01,6.482705960000000323e-01,7.968913140000000173e-01,7.432904489999999642e-01
7.117382140000000357e-01,7.905131260000000104e-01,2.647704919999999684e-01,9.118172340000000320e-01,2.238127790000000172e-01,8.941587370000000368e-01,5.376306499999999877e-02,7.042402899999999910e-02,1.040000000000000038e-05,1.917036000000000000e-03,1.888257000000000130e-02,5.341357319999999742e-01,6.436169440000000241e-01,9.681150939999999538e-01,1.233291000000000075e-03,1.927722499999999853e-02,1.527627500000000062e-02,0.000000000000000000e+00,4.399211000000000094e-03,7.534590599999999028e-02,6.353126319999999883e-01,5.337058150000000278e-01,2.954609000000000055e-02,6.918547099999999839e-02,4.497518970000000116e-01,4.470336260000000173e-01,5.453569139999999704e-01,6.482705960000000323e-01,7.968913140000000173e-01,7.432904489999999642e-01
6.978342899999999682e-01,7.795486919999999875e-01,2.528107370000000076e-01,9.053357419999999989e-01,2.293606580000000228e-01,8.941587370000000368e-01,5.376306499999999877e-02,7.042402899999999910e-02,1.040000000000000038e-05,1.917036000000000000e-03,1.888257000000000130e-02,5.290966189999999347e-01,6.303246609999999528e-01,9.886992470000000033e-01,1.233291000000000075e-03,1.927722499999999853e-02,1.527627500000000062e-02,9.495050999999999145e-03,0.000000000000000000e+00,7.287764499999999090e-02,6.353126319999999883e-01,5.337058150000000278e-01,2.954609000000000055e-02,6.918547099999999839e-02,4.497518970000000116e-01,4.470336260000000173e-01,5.453569139999999704e-01,6.482705960000000323e-01,7.968913140000000173e-01,7.432904489999999642e-01
7.054751510000000225e-01,7.898777040000000138e-01,2.589123269999999977e-01,8.990339750000000407e-01,2.081919760000000008e-01,8.941587370000000368e-01,5.376306499999999877e-02,7.042402899999999910e-02,1.040000000000000038e-05,1.917036000000000000e-03,1.888257000000000130e-02,5.523121679999999367e-01,6.322457769999999533e-01,9.722762050000000045e-01,1.233291000000000075e-03,1.927722499999999853e-02,1.527627500000000062e-02,0.000000000000000000e+00,0.000000000000000000e+00,7.558507099999998979e-02,6.353126319999999883e-01,5.337058150000000278e-01,2.954609000000000055e-02,6.918547099999999839e-02,4.497518970000000116e-01,4.470336260000000173e-01,5.453569139999999704e-01,6.482705960000000323e-01,7.968913140000000173e-01,7.432904489999999642e-01
6.987876330000000191e-01,7.960768380000000644e-01,2.691576559999999674e-01,8.992120829999999954e-01,2.189257569999999986e-01,8.941587370000000368e-01,5.376306499999999877e-02,7.042402899999999910e-02,1.040000000000000038e-05,1.917036000000000000e-03,1.888257000000000130e-02,5.300282439999999262e-01,6.357494670000000125e-01,9.643399849999999551e-01,1.233291000000000075e-03,1.927722499999999853e-02,1.527627500000000062e-02,4.407972999999999059e-03,0.000000000000000000e+00,9.278818199999999683e-02,6.353126319999999883e-01,5.337058150000000278e-01,2.954609000000000055e-02,6.918547099999999839e-02,4.497518970000000116e-01,4.470336260000000173e-01,5.453569139999999704e-01,6.482705960000000323e-01,7.968913140000000173e-01,7.432904489999999642e-01
7.020251119999999512e-01,7.874828900000000464e-01,2.718821969999999921e-01,9.143646520000000555e-01,2.228150620000000082e-01,8.941587370000000368e-01,5.376306499999999877e-02,7.042402899999999910e-02,1.040000000000000038e-05,1.917036000000000000e-03,1.888257000000000130e-02,5.430747919999999729e-01,6.347433900000000184e-01,9.601126589999999794e-01,1.233291000000000075e-03,1.927722499999999853e-02,1.527627500000000062e-02,0.000000000000000000e+00,7.121739999999994464e-04,7.780121099999999512e-02,6.353126319999999883e-01,5.337058150000000278e-01,2.954609000000000055e-02,6.918547099999999839e-02,4.497518970000000116e-01,4.470336260000000173e-01,5.453569139999999704e-01,6.482705960000000323e-01,7.968913140000000173e-01,7.432904489999999642e-01
7.103840150000000353e-01,7.784698039999999875e-01,2.506664009999999831e-01,9.116295269999999951e-01,2.059926150000000178e-01,8.941587370000000368e-01,5.376306499999999877e-02,7.042402899999999910e-02,1.040000000000000038e-05,1.917036000000000000e-03,1.888257000000000130e-02,5.371575570000000077e-01,6.345518369999999519e-01,9.867280870000000315e-01,1.233291000000000075e-03,1.927722499999999853e-02,1.527627500000000062e-02,0.000000000000000000e+00,0.000000000000000000e+00,9.264805499999999305e-02,6.353126319999999883e-01,5.337058150000000278e-01,2.954609000000000055e-02,6.918547099999999839e-02,4.497518970000000116e-01,4.470336260000000173e-01,5.453569139999999704e-01,6.482705960000000323e-01,7.968913140000000173e-01,7.432904489999999642e-01
7.082671680000000025e-01,7.978406020000000654e-01,2.461717589999999900e-01,9.138292810000000488e-01,2.187064120000000167e-01,8.941587370000000368e-01,5.376306499999999877e-02,7.042402899999999910e-02,1.040000000000000038e-05,1.917036000000000000e-03,1.888257000000000130e-02,5.390286629999999635e-01,6.298338629999999938e-01,9.687793369999999626e-01,1.233291000000000075e-03,1.927722499999999853e-02,1.527627500000000062e-02,0.000000000000000000e+00,0.000000000000000000e+00,9.726082999999999257e-02,6.353126319999999883e-01,5.337058150000000278e-01,2.954609000000000055e-02,6.918547099999999839e-02,4.497518970000000116e-01,4.470336260000000173e-01,5.453569139999999704e-01,6.482705960000000323e-01,7.968913140000000173e-01,7.432904489999999642e-01
7.043185090000000370e-01,7.911145320000000369e-01,2.491564899999999805e-01,9.099947430000000503e-01,2.328523300000000240e-01,8.941587370000000368e-01,5.376306499999999877e-02,7.042402899999999910e-02,1.040000000000000038e-05,1.917036000000000000e-03,1.888257000000000130e-02,5.362306679999999659e-01,6.489994820000000164e-01,9.833851070000000361e-01,1.233291000000000075e-03,1.927722499999999853e-02,1.527627500000000062e-02,2.634530999999998985e-03,0.000000000000000000e+00,8.843281599999999743e-02,6.353126319999999883e-01,5.337058150000000278e-01,2.954609000000000055e-02,6.918547099999999839e-02,4.497518970000000116e-01,4.470336260000000173e-01,5.453569139999999704e-01,6.482705960000000323e-01,7.968913140000000173e-01,7.432904489999999642e-01
7.007263080000000199e-01,7.757112940000000512e-01,2.699223229999999640e-01,9.229049420000000614e-01,2.113305210000000212e-01,8.941587370000000368e-01,5.376306499999999877e-02,7.042402899999999910e-02,1.040000000000000038e-05,1.917036000000000000e-03,1.888257000000000130e-02,5.263233979999999423e-01,6.238802970000000281e-01,9.788593089999999552e-01,1.233291000000000075e-03,1.927722499999999853e-02,1.527627500000000062e-02,3.466859999999998693e-03,0.000000000000000000e+00,7.131794999999999107e-02,6.353126319999999883e-01,5.337058150000000278e-01,2.954609000000000055e-02,6.918547099999999839e-02,4.497518970000000116e-01,4.470336260000000173e-01,5.453569139999999704e-01,6.482705960000000323e-01,7.968913140000000173e-01,7.432904489999999642e-01
7.159372149999999602e-01,7.876386560000000481e-01,2.682244010000000012e-01,9.158762420000000626e-01,2.261701140000000054e-01,8.941587370000000368e-01,5.376306499999999877e-02,7.042402899999999910e-02,1.040000000000000038e-05,1.917036000000000000e-03,1.888257000000000130e-02,5.261803789999999204e-01,6.375289709999999443e-01,9.619981930000000014e-01,1.233291000000000075e-03,1.927722499999999853e-02,1.527627500000000062e-02,0.000000000000000000e+00,0.000000000000000000e+00,7.732522799999999585e-02,6.353126319999999883e-01,5.337058150000000278e-01,2.954609000000000055e-02,6.918547099999999839e-02,4.497518970000000116e-01,4.470336260000000173e-01,5.453569139999999704e-01,6.482705960000000323e-01,7.968913140000000173e-01,7.432904489999999642e-01
7.228138520000000344e-01,7.839672600000000546e-01,2.537487639999999600e-01,9.030729849999999947e-01,2.034904660000000087e-01,8.941587370000000368e-01,5.376306499999999877e-02,7.042402899999999910e-02,1.040000000000000038e-05,1.917036000000000000e-03,1.888257000000000130e-02,5.547948709999999117e-01,6.262571670000000035e-01,9.750046890000000355e-01,1.233291000000000075e-03,1.927722499999999853e-02,1.527627500000000062e-02,0.000000000000000000e+00,0.000000000000000000e+00,8.054267499999999413e-02,6.353126319999999883e-01,5.337058150000000278e-01,2.954609000000000055e-02,6.918547099999999839e-02,4.497518970000000116e-01,4.470336260000000173e-01,5.453569139999999704e-01,6.482705960000000323e-01,7.968913140000000173e-01,7.432904489999999642e-01
7.237212629999999480e-01,7.814984930000000718e-01,2.462939489999999843e-01,9.220946730000000313e-01,2.240816720000000095e-01,8.941587370000000368e-01,5.376306499999999877e-02,7.042402899999999910e-02,1.040000000000000038e-05,1.917036000000000000e-03,1.888257000000000130e-02,5.340892739999999472e-01,6.371571240000000191e-01,9.840353509999999471e-01,1.233291000000000075e-03,1.927722499999999853e-02,1.527627500000000062e-02,0.000000000000000000e+00,4.237205999999996836e-03,8.577038399999999119e-02,6.353126319999999883e-01,5.337058150000000278e-01,2.954609000000000055e-02,6.918547099999999839e-02,4.497518970000000116e-01,4.470336260000000173e-01,5.453569139999999704e-01,6.482705960000000323e-01,7.968913140000000173e-01,7.432904489999999642e-01
7.111369180000000068e-01,7.951205860000000181e-01,2.704294389999999937e-01,9.054801580000000349e-01,2.137889250000000185e-01,8.941587370000000368e-01,5.376306499999999877e-02,7.042402899999999910e-02,1.040000000000000038e-05,1.917036000000000000e-03,1.888257000000000130e-02,5.483386579999999233e-01,6.395456280000000326e-01,9.881444400000000128e-01,1.233291000000000075e-03,1.927722499999999853e-02,1.527627500000000062e-02,0.000000000000000000e+00,0.000000000000000000e+00,9.595127699999998760e-02,6.353126319999999883e-01,5.337058150000000278e-01,2.954609000000000055e-02,6.918547099999999839e-02,4.497518970000000116e-01,4.470336260000000173e-01,5.453569139999999704e-01,6.482705960000000323e-01,7.968913140000000173e-01,7.432904489999999642e-01
7.254486719999999611e-01,7.770512030000000792e-01,2.631024659999999793e-01,9.101746470000000588e-01,2.121040130000000079e-01,8.941587370000000368e-01,5.376306499999999877e-02,7.042402899999999910e-02,1.040000000000000038e-05,1.917036000000000000e-03,1.888257000000000130e-02,5.399571089999999352e-01,6.396587230000000401e-01,9.711825739999999652e-01,1.233291000000000075e-03,1.927722499999999853e-02,1.527627500000000062e-02,0.000000000000000000e+00,0.000000000000000000e+00,6.922347899999999055e-02,6.353126319999999883e-01,5.337058150000000278e-01,2.954609000000000055e-02,6.918547099999999839e-02,4.497518970000000116e-01,4.470336260000000173e-01,5.453569139999999704e-01,6.482705960000000323e-01,7.968913140000000173e-01,7.432904489999999642e-01
7.222096380000000426e-01,7.799555240000000111e-01,2.477511859999999844e-01,9.041309990000000463e-01,2.321759720000000082e-01,8.941587370000000368e-01,5.376306499999999877e-02,7.042402899999999910e-02,1.040000000000000038e-05,1.917036000000000000e-03,1.888257000000000130e-02,5.472117689999999035e-01,6.483829519999999569e-01,9.714366009999999552e-01,1.233291000000000075e-03,1.927722499999999853e-02,1.527627500000000062e-02,0.000000000000000000e+00,0.000000000000000000e+00,8.114648999999998780e-02,6.353126319999999883e-01,5.337058150000000278e-01,2.954609000000000055e-02,6.918547099999999839e-02,4.497518970000000116e-01,4.470336260000000173e-01,5.453569139999999704e-01,6.482705960000000323e-01,7.968913140000000173e-01,7.432904489999999642e-01
7.108123629999999471e-01,7.984762240000000677e-01,2.480462169999999855e-01,9.109107410000000238e-01,2.141068330000000242e-01,8.941587370000000368e-01,5.376306499999999877e-02,7.042402899999999910e-02,1.040000000000000038e-05,1.917036000000000000e-03,1.888257000000000130e-02,5.473064439999999475e-01,6.438097699999999479e-01,9.754894410000000127e-01,1.233291000000000075e-03,1.927722499999999853e-02,1.527627500000000062e-02,0.000000000000000000e+00,0.000000000000000000e+00,8.594660499999999537e-02,6.353126319999999883e-01,5.337058150000000278e-01,2.954609000000000055e-02,6.918547099999999839e-02,4.497518970000000116e-01,4.470336260000000173e-01,5.453569139999999704e-01,6.482705960000000323e-01,7.968913140000000173e-01,7.432904489999999642e-01
7.245755449999999875e-01,8.002139950000000113e-01,2.516809609999999808e-01,9.168941019999999886e-01,2.184658480000000180e-01,8.941587370000000368e-01,5.376306499999999877e-02,7.042402899999999910e-02,1.040000000000000038e-05,1.917036000000000000e-03,1.888257000000000130e-02,5.382893269999999841e-01,6.289415179999999772e-01,9.689246430000000299e-01,1.233291000000000075e-03,1.927722499999999853e-02,1.527627500000000062e-02,0.000000000000000000e+00,0.000000000000000000e+00,7.378352299999998976e-02,6.353126319999999883e-01,5.337058150000000278e-01,2.954609000000000055e-02,6.918547099999999839e-02,4.497518970000000116e-01,4.470336260000000173e-01,5.453569139999999704e-01,6.482705960000000323e-01,7.968913140000000173e-01,7.432904489999999642e-01
7.205010160000000496e-01,7.838026710000000064e-01,2.556235769999999907e-01,8.992862390000000428e-01,2.044927500000000009e-01,8.941587370000000368e-01,5.376306499999999877e-02,7.042402899999999910e-02,1.040000000000000038e-05,1.917036000000000000e-03,1.888257000000000130e-02,5.512003919999999280e-01,6.444998800000000250e-01,9.782545369999999796e-01,1.233291000000000075e-03,1.927722499999999853e-02,1.527627500000000062e-02,0.000000000000000000e+00,7.029866999999998672e-03,7.971075399999999478e-02,6.353126319999999883e-01,5.337058150000000278e-01,2.954609000000000055e-02,6.918547099999999839e-02,4.497518970000000116e-01,4.470336260000000173e-01,5.453569139999999704e-01,6.482705960000000323e-01,7.968913140000000173e-01,7.432904489999999642e-01
7.085448880000000393e-01,7.797467900000000229e-01,2.526819140000000075e-01,9.011243520000000728e-01,2.064081410000000172e-01,8.941587370000000368e-01,5.376306499999999877e-02,7.042402899999999910e-02,1.040000000000000038e-05,1.917036000000000000e-03,1.888257000000000130e-02,5.338030799999999854e-01,6.273683260000000317e-01,9.838209289999999552e-01,1.233291000000000075e-03,1.927722499999999853e-02,1.527627500000000062e-02,0.000000000000000000e+00,0.000000000000000000e+00,7.500088499999998937e-02,6.353126319999999883e-01,5.337058150000000278e-01,2.954609000000000055e-02,6.918547099999999839e-02,4.497518970000000116e-01,4.470336260000000173e-01,5.453569139999999704e-01,6.482705960000000323e-01,7.968913140000000173e-01,7.432904489999999642e-01
7.243041679999999705e-01,7.716441219999999879e-01,2.650599859999999697e-01,9.070434579999999691e-01,2.176626670000000041e-01,8.941587370000000368e-01,5.376306499999999877e-02,7.042402899999999910e-02,1.040000000000000038e-05,1.917036000000000000e-03,1.888257000000000130e-02,5.286512569999999300e-01,6.380732879999999607e-01,9.738076930000000297e-01,1.233291000000000075e-03,1.927722499999999853e-02,1.527627500000000062e-02,7.677393999999998844e-03,0.000000000000000000e+00,7.080395899999999965e-02,6.353126319999999883e-01,5.337058150000000278e-01,2.954609000000000055e-02,6.918547099999999839e-02,4.497518970000000116e-01,4.470336260000000173e-01,5.453569139999999704e-01,6.482705960000000323e-01,7.968913140000000173e-01,7.432904489999999642e-01
7.259896310000000241e-01,7.939999150000000006e-01,2.666698020000000113e-01,9.136019930000000011e-01,2.253973170000000137e-01,8.941587370000000368e-01,5.376306499999999877e-02,7.042402899999999910e-02,1.040000000000000038e-05,1.917036000000000000e-03,1.888257000000000130e-02,5.360270239999999076e-01,6.234731140000000504e-01,9.829073539999999554e-01,1.233291000000000075e-03,1.927722499999999853e-02,1.527627500000000062e-02,0.000000000000000000e+00,0.000000000000000000e+00,9.436816199999999155e-02,6.353126319999999883e-01,5.337058150000000278e-01,2.954609000000000055e-02,6.918547099999999839e-02,4.497518970000000116e-01,4.470336260000000173e-01,5.453569139999999704e-01,6.482705960000000323e-01,7.968913140000000173e-01,7.432904489999999642e-01
7.113522310000000015e-01,7.976385030000000542e-01,2.621060539999999772e-01,9.216027140000000450e-01,2.217668480000000164e-01,8.941587370000000368e-01,5.376306499999999877e-02,7.042402899999999910e-02,1.040000000000000038e-05,1.917036000000000000e-03,1.888257000000000130e-02,5.481239409999999479e-01,6.311578939999999971e-01,9.774502640000000131e-01,1.233291000000000075e-03,1.927722499999999853e-02,1.527627500000000062e-02,0.000000000000000000e+00,7.275910999999997755e-03,8.414052699999999274e-02,6.353126319999999883e-01,5.337058150000000278e-01,2.954609000000000055e-02,6.918547099999999839e-02,4.497518970000000116e-01,4.470336260000000173e-01,5.453569139999999704e-01,6.482705960000000323e-01,7.968913140000000173e-01,7.432904489999999642e-01
7.207918850000000210e-01,7.974240460000000530e-01,2.432593029999999823e-01,9.249964440000000288e-01,2.127581490000000075e-01,8.941587370000000368e-01,5.376306499999999877e-02,7.042402899999999910e-02,1.040000000000000038e-05,1.917036000000000000e-03,1.888257000000000130e-02,5.333877449999999687e-01,6.386633329999999997e-01,9.655138460000000089e-01,1.233291000000000075e-03,1.927722499999999853e-02,1.527627500000000062e-02,1.423042999999998837e-03,0.000000000000000000e+00,9.015050499999999190e-02,6.353126319999999883e-01,5.337058150000000278e-01,2.954609000000000055e-02,6.918547099999999839e-02,4.497518970000000116e-01,4.470336260000000173e-01,5.453569139999999704e-01,6.482705960000000323e-01,7.968913140000000173e-01,7.432904489999999642e-01
7.521883310000000433e-01,8.321756690000000622e-01,3.160164999999999780e-01,9.690227260000000564e-01,2.578077309999999844e-01,8.941587370000000368e-01,5.376306499999999877e-02,7.042402899999999910e-02,1.040000000000000038e-05,1.917036000000000000e-03,1.888257000000000130e-02,5.941840599999999029e-01,6.843426700000000418e-01,1.000000000000000000e+00,1.233291000000000075e-03,1.927722499999999853e-02,1.527627500000000062e-02,4.803925300000000398e-02,3.342367799999999833e-02,1.460407539999999948e-01,6.353126319999999883e-01,5.337058150000000278e-01,2.954609000000000055e-02,6.918547099999999839e-02,4.497518970000000116e-01,4.470336260000000173e-01,5.453569139999999704e-01,6.482705960000000323e-01,7.968913140000000173e-01,7.432904489999999642e-01
7.650647649999999800e-01,8.357796630000000615e-01,3.210631760000000057e-01,9.756959940000000664e-01,2.824598930000000174e-01,8.941587370000000368e-01,5.376306499999999877e-02,7.042402899999999910e-02,1.040000000000000038e-05,1.917036000000000000e-03,1.888257000000000130e-02,5.973078769999999871e-01,6.987677780000000061e-01,1.000000000000000000e+00,1.233291000000000075e-03,1.927722499999999853e-02,1.527627500000000062e-02,3.923801100000000319e-02,6.058668300000000229e-02,1.420191049999999788e-01,6.353126319999999883e-01,5.337058150000000278e-01,2.954609000000000055e-02,6.918547099999999839e-02,4.497518970000000116e-01,4.470336260000000173e-01,5.453569139999999704e-01,6.482705960000000323e-01,7.968913140000000173e-01,7.432904489999999642e-01
7.650121720000000458e-01,8.477275029999999933e-01,3.043296629999999725e-01,9.729838760000000253e-01,2.698278299999999907e-01,8.941587370000000368e-01,5.376306499999999877e-02,7.042402899999999910e-02,1.040000000000000038e-05,1.917036000000000000e-03,1.888257000000000130e-02,5.883515289999999842e-01,6.921586720000000303e-01,1.000000000000000000e+00,1.233291000000000075e-03,1.927722499999999853e-02,1.527627500000000062e-02,3.030470199999999933e-02,5.806957799999999670e-02,1.351679729999999968e-01,6.353126319999999883e-01,5.337058150000000278e-01,2.954609000000000055e-02,6.918547099999999839e-02,4.497518970000000116e-01,4.470336260000000173e-01,5.453569139999999704e-01,6.482705960000000323e-01,7.968913140000000173e-01,7.432904489999999642e-01
7.568974600000000219e-01,8.399886380000000097e-01,2.935961229999999866e-01,9.732175619999999805e-01,2.584485830000000095e-01,8.941587370000000368e-01,5.376306499999999877e-02,7.042402899999999910e-02,1.040000000000000038e-05,1.917036000000000000e-03,1.888257000000000130e-02,5.810265109999999122e-01,6.891962320000000197e-01,1.000000000000000000e+00,1.233291000000000075e-03,1.927722499999999853e-02,1.527627500000000062e-02,3.175925000000000276e-02,4.499617599999999884e-02,1.463022760000000089e-01,6.353126319999999883e-01,5.337058150000000278e-01,2.954609000000000055e-02,6.918547099999999839e-02,4.497518970000000116e-01,4.470336260000000173e-01,5.453569139999999704e-01,6.482705960000000323e-01,7.968913140000000173e-01,7.432904489999999642e-01
7.533647359999999793e-01,8.261969580000000368e-01,3.210302119999999815e-01,9.668856970000000439e-01,2.758133409999999897e-01,8.941587370000000368e-01,5.376306499999999877e-02,7.042402899999999910e-02,1.040000000000000038e-05,1.917036000000000000e-03,1.888257000000000130e-02,5.833168999999999160e-01,6.959590100000000445e-01,1.000000000000000000e+00,1.233291000000000075e-03,1.927722499999999853e-02,1.527627500000000062e-02,5.867424300000000092e-02,3.409057199999999954e-02,1.426952350000000036e-01,6.353126319999999883e-01,5.337058150000000278e-01,2.954609000000000055e-02,6.918547099999999839e-02,4.497518970000000116e-01,4.470336260000000173e-01,5.453569139999999704e-01,6.482705960000000323e-01,7.968913140000000173e-01,7.432904489999999642e-01
7.734466190000000019e-01,8.315722320000000778e-01,3.183679199999999709e-01,9.544146410000000635e-01,2.692303129999999989e-01,8.941587370000000368e-01,5.376306499999999877e-02,7.042402899999999910e-02,1.040000000000000038e-05,1.917036000000000000e-03,1.888257000000000130e-02,5.781541859999999033e-01,6.907252980000000431e-01,1.000000000000000000e+00,1.233291000000000075e-03,1.927722499999999853e-02,1.527627500000000062e-02,4.579167700000000285e-02,3.779650999999999844e-02,1.396110050000000102e-01,6.353126319999999883e-01,5.337058150000000278e-01,2.954609000000000055e-02,6.918547099999999839e-02,4.497518970000000116e-01,4.470336260000000173e-01,5.453569139999999704e-01,6.482705960000000323e-01,7.968913140000000173e-01,7.432904489999999642e-01
7.710487360000000123e-01,8.329078460000000073e-01,3.220774409999999643e-01,9.491882959999999869e-01,2.610455560000000119e-01,8.941587370000000368e-01,5.376306499999999877e-02,7.042402899999999910e-02,1.040000000000000038e-05,1.917036000000000000e-03,1.888257000000000130e-02,5.769353449999999883e-01,7.002564350000000104e-01,1.000000000000000000e+00,1.233291000000000075e-03,1.927722499999999853e-02,1.527627500000000062e-02,3.738278800000000013e-02,4.576420800000000066e-02,1.194259479999999901e-01,6.353126319999999883e-01,5.337058150000000278e-01,2.954609000000000055e-02,6.918547099999999839e-02,4.497518970000000116e-01,4.470336260000000173e-01,5.453569139999999704e-01,6.482705960000000323e-01,7.968913140000000173e-01,7.432904489999999642e-01
7.620090819999999487e-01,8.324292760000000513e-01,3.190844290000000028e-01,9.674960470000000257e-01,2.672489550000000103e-01,8.941587370000000368e-01,5.376306499999999877e-02,7.042402899999999910e-02,1.040000000000000038e-05,1.917036000000000000e-03,1.888257000000000130e-02,5.988045069999999859e-01,6.822923130000000391e-01,1.000000000000000000e+00,1.233291000000000075e-03,1.927722499999999853e-02,1.527627500000000062e-02,4.288646999999999598e-02,5.151077999999999907e-02,1.244431049999999983e-01,6.353126319999999883e-01,5.337058150000000278e-01,2.954609000000000055e-02,6.918547099999999839e-02,4.497518970000000116e-01,4.470336260000000173e-01,5.453569139999999704e-01,6.482705960000000323e-01,7.968913140000000173e-01,7.432904489999999642e-01
7.550232740000000220e-01,8.242424329999999966e-01,3.085469959999999623e-01,9.593049780000000304e-01,2.646181350000000321e-01,8.941587370000000368e-01,5.376306499999999877e-02,7.042402899999999910e-02,1.040000000000000038e-05,1.917036000000000000e-03,1.888257000000000130e-02,6.042324390000000101e-01,6.809705209999999953e-01,1.000000000000000000e+00,1.233291000000000075e-03,1.927722499999999853e-02,1.527627500000000062e-02,3.808710499999999610e-02,4.974613899999999478e-02,1.337824890000000044e-01,6.353126319999999883e-01,5.337058150000000278e-01,2.954609000000000055e-02,6.918547099999999839e-02,4.497518970000000116e-01,4.470336260000000173e-01,5.453569139999999704e-01,6.482705960000000323e-01,7.968913140000000173e-01,7.432904489999999642e-01
7.644761070000000158e-01,8.271256450000000759e-01,3.128266140000000028e-01,9.608316380000000434e-01,2.687460660000000057e-01,8.941587370000000368e-01,5.376306499999999877e-02,7.042402899999999910e-02,1.040000000000000038e-05,1.917036000000000000e-03,1.888257000000000130e-02,6.015892909999999150e-01,6.901803079999999646e-01,1.000000000000000000e+00,1.233291000000000075e-03,1.927722499999999853e-02,1.527627500000000062e-02,4.422731900000000105e-02,3.800356099999999820e-02,1.410395740000000009e-01,6.353126319999999883e-01,5.337058150000000278e-01,2.954609000000000055e-02,6.918547099999999839e-02,4.497518970000000116e-01,4.470336260000000173e-01,5.453569139999999704e-01,6.482705960000000323e-01,7.968913140000000173e-01,7.432904489999999642e-01
7.743750219999999684e-01,8.262647659999999838e-01,3.149803729999999802e-01,9.553992290000000720e-01,2.764254440000000201e-01,8.941587370000000368e-01,5.376306499999999877e-02,7.042402899999999910e-02,1.040000000000000038e-05,1.917036000000000000e-03,1.888257000000000130e-02,5.849244519999999836e-01,6.845376970000000005e-01,1.000000000000000000e+00,1.233291000000000075e-03,1.927722499999999853e-02,1.527627500000000062e-02,5.813793700000000064e-02,5.359157600000000188e-02,1.298577929999999991e-01,6.353126319999999883e-01,5.337058150000000278e-01,2.954609000000000055e-02,6.918547099999999839e-02,4.497518970000000116e-01,4.470336260000000173e-01,5.453569139999999704e-01,6.482705960000000323e-01,7.968913140000000173e-01,7.432904489999999642e-01
7.494119940000000257e-01,8.332450780000000279e-01,3.047186459999999819e-01,9.582720519999999853e-01,2.746227500000000266e-01,8.941587370000000368e-01,5.376306499999999877e-02,7.042402899999999910e-02,1.040000000000000038e-05,1.917036000000000000e-03,1.888257000000000130e-02,5.952314949999999438e-01,6.879006530000000286e-01,1.000000000000000000e+00,1.233291000000000075e-03,1.927722499999999853e-02,1.527627500000000062e-02,3.580688699999999558e-02,6.091545699999999230e-02,1.269773270000000009e-01,6.353126319999999883e-01,5.337058150000000278e-01,2.954609000000000055e-02,6.918547099999999839e-02,4.497518970000000116e-01,4.470336260000000173e-01,5.453569139999999704e-01,6.482705960000000323e-01,7.968913140000000173e-01,7.432904489999999642e-01
7.584875500000000104e-01,8.441244850000000355e-01,2.939551209999999859e-01,9.739990419999999816e-01,2.790884399999999932e-01,8.941587370000000368e-01,5.376306499999999877e-02,7.042402899999999910e-02,1.040000000000000038e-05,1.917036000000000000e-03,1.888257000000000130e-02,6.011562169999999927e-01,6.814715489999999543e-01,1.000000000000000000e+00,1.233291000000000075e-03,1.927722499999999853e-02,1.527627500000000062e-02,3.671749700000000172e-02,3.962162999999999796e-02,1.392316129999999763e-01,6.353126319999999883e-01,5.337058150000000278e-01,2.954609000000000055e-02,6.918547099999999839e-02,4.497518970000000116e-01,4.470336260000000173e-01,5.453569139999999704e-01,6.482705960000000323e-01,7.968913140000000173e-01,7.432904489999999642e-01
7.519092750000000436e-01,8.211609850000000099e-01,3.068560630000000122e-01,9.710792320000000144e-01,2.718488300000000413e-01,8.941587370000000368e-01,5.376306499999999877e-02,7.042402899999999910e-02,1.040000000000000038e-05,1.917036000000000000e-03,1.888257000000000130e-02,6.013137749999999393e-01,6.913207199999999997e-01,1.000000000000000000e+00,1.233291000000000075e-03,1.927722499999999853e-02,1.527627500000000062e-02,3.138431299999999702e-02,6.034702699999999753e-02,1.254765230000000065e-01,6.353126319999999883e-01,5.337058150000000278e-01,2.954609000000000055e-02,6.918547099999999839e-02,4.497518970000000116e-01,4.470336260000000173e-01,5.453569139999999704e-01,6.482705960000000323e-01,7.968913140000000173e-01,7.432904489999999642e-01
7.523095239999999517e-01,8.328323360000000619e-01,3.141397839999999775e-01,9.549740820000000019e-01,2.731792339999999930e-01,8.941587370000000368e-01,5.376306499999999877e-02,7.042402899999999910e-02,1.040000000000000038e-05,1.917036000000000000e-03,1.888257000000000130e-02,5.820735389999999176e-01,6.780836009999999803e-01,1.000000000000000000e+00,1.233291000000000075e-03,1.927722499999999853e-02,1.527627500000000062e-02,5.148532399999999898e-02,5.233345400000000147e-02,1.226689460000000009e-01,6.353126319999999883e-01,5.337058150000000278e-01,2.954609000000000055e-02,6.918547099999999839e-02,4.497518970000000116e-01,4.470336260000000173e-01,5.453569139999999704e-01,6.482705960000000323e-01,7.968913140000000173e-01,7.432904489999999642e-01
7.592673930000000126e-01,8.394418989999999914e-01,3.108295259999999671e-01,9.628580709999999820e-01,2.544292969999999987e-01,8.941587370000000368e-01,5.376306499999999877e-02,7.042402899999999910e-02,1.040000000000000038e-05,1.917036000000000000e-03,1.888257000000000130e-02,5.983642049999999823e-01,6.868241499999999666e-01,1.000000000000000000e+00,1.233291000000000075e-03,1.927722499999999853e-02,1.527627500000000062e-02,4.675572599999999746e-02,3.248052099999999831e-02,1.303698859999999904e-01,6.353126319999999883e-01,5.337058150000000278e-01,2.954609000000000055e-02,6.918547099999999839e-02,4.497518970000000116e-01,4.470336260000000173e-01,5.453569139999999704e-01,6.482705960000000323e-01,7.968913140000000173e-01,7.432904489999999642e-01
7.511442499999999578e-01,8.423039330000000602e-01,3.073985269999999770e-01,9.467973480000000386e-01,2.789787169999999872e-01,8.941587370000000368e-01,5.376306499999999877e-02,7.042402899999999910e-02,1.040000000000000038e-05,1.917036000000000000e-03,1.888257000000000130e-02,5.996538019999999580e-01,6.956386270000000094e-01,1.000000000000000000e+00,1.233291000000000075e-03,1.927722499999999853e-02,1.527627500000000062e-02,5.843585499999999489e-02,3.749352699999999872e-02,1.247574799999999901e-01,6.353126319999999883e-01,5.337058150000000278e-01,2.954609000000000055e-02,6.918547099999999839e-02,4.497518970000000116e-01,4.470336260000000173e-01,5.453569139999999704e-01,6.482705960000000323e-01,7.968913140000000173e-01,7.432904489999999642e-01
7.472030769999999933e-01,8.437605289999999814e-01,3.176611420000000074e-01,9.627244320000000188e-01,2.815495510000000090e-01,8.941587370000000368e-01,5.376306499999999877e-02,7.042402899999999910e-02,1.040000000000000038e-05,1.917036000000000000e-03,1.888257000000000130e-02,5.805465959999999148e-01,6.912758500000000250e-01,1.000000000000000000e+00,1.233291000000000075e-03,1.927722499999999853e-02,1.527627500000000062e-02,5.175118400000000562e-02,4.169465799999999556e-02,1.458456989999999953e-01,6.353126319999999883e-01,5.337058150000000278e-01,2.954609000000000055e-02,6.918547099999999839e-02,4.497518970000000116e-01,4.470336260000000173e-01,5.453569139999999704e-01,6.482705960000000323e-01,7.968913140000000173e-01,7.432904489999999642e-01
7.610686639999999503e-01,8.486456669999999924e-01,3.162054480000000001e-01,9.758451930000000552e-01,2.699990959999999940e-01,8.941587370000000368e-01,5.376306499999999877e-02,7.042402899999999910e-02,1.040000000000000038e-05,1.917036000000000000e-03,1.888257000000000130e-02,5.989132509999999243e-01,6.991753859999999543e-01,1.000000000000000000e+00,1.233291000000000075e-03,1.927722499999999853e-02,1.527627500000000062e-02,4.563872199999999962e-02,4.813217699999999821e-02,1.237371029999999872e-01,6.353126319999999883e-01,5.337058150000000278e-01,2.954609000000000055e-02,6.918547099999999839e-02,4.497518970000000116e-01,4.470336260000000173e-01,5.453569139999999704e-01,6.482705960000000323e-01,7.968913140000000173e-01,7.432904489999999642e-01
7.646867429999999466e-01,8.266079910000000419e-01,2.982968269999999866e-01,9.603382169999999940e-01,2.730613170000000256e-01,8.941587370000000368e-01,5.376306499999999877e-02,7.042402899999999910e-02,1.040000000000000038e-05,1.917036000000000000e-03,1.888257000000000130e-02,5.802481469999999364e-01,6.775406419999999708e-01,1.000000000000000000e+00,1.233291000000000075e-03,1.927722499999999853e-02,1.527627500000000062e-02,5.458301399999999914e-02,3.591617999999999894e-02,1.329364379999999901e-01,6.353126319999999883e-01,5.337058150000000278e-01,2.954609000000000055e-02,6.918547099999999839e-02,4.497518970000000116e-01,4.470336260000000173e-01,5.453569139999999704e-01,6.482705960000000323e-01,7.968913140000000173e-01,7.432904489999999642e-01
7.605363130000000194e-01,8.382733570000000523e-01,2.943679229999999758e-01,9.658331130000000764e-01,2.660146899999999981e-01,8.941587370000000368e-01,5.376306499999999877e-02,7.042402899999999910e-02,1.040000000000000038e-05,1.917036000000000000e-03,1.888257000000000130e-02,5.779592619999999181e-01,6.937838119999999442e-01,1.000000000000000000e+00,1.233291000000000075e-03,1.927722499999999853e-02,1.527627500000000062e-02,4.049087999999999993e-02,5.711180999999999897e-02,1.313420079999999823e-01,6.353126319999999883e-01,5.337058150000000278e-01,2.954609000000000055e-02,6.918547099999999839e-02,4.497518970000000116e-01,4.470336260000000173e-01,5.453569139999999704e-01,6.482705960000000323e-01,7.968913140000000173e-01,7.432904489999999642e-01
7.484473219999999705e-01,8.510952019999999951e-01,2.951967050000000037e-01,9.745365209999999889e-01,2.785172330000000307e-01,8.941587370000000368e-01,5.376306499999999877e-02,7.042402899999999910e-02,1.040000000000000038e-05,1.917036000000000000e-03,1.888257000000000130e-02,5.907681509999999081e-01,6.875469859999999711e-01,1.000000000000000000e+00,1.233291000000000075e-03,1.927722499999999853e-02,1.527627500000000062e-02,4.599224699999999999e-02,4.023629900000000315e-02,1.288353319999999969e-01,6.353126319999999883e-01,5.337058150000000278e-01,2.954609000000000055e-02,6.918547099999999839e-02,4.497518970000000116e-01,4.470336260000000173e-01,5.453569139999999704e-01,6.482705960000000323e-01,7.968913140000000173e-01,7.432904489999999642e-01
7.580207570000000450e-01,8.233175120000000291e-01,3.132172859999999837e-01,9.744417349999999756e-01,2.777807360000000281e-01,8.941587370000000368e-01,5.376306499999999877e-02,7.042402899999999910e-02,1.040000000000000038e-05,1.917036000000000000e-03,1.888257000000000130e-02,5.965909439999999009e-01,6.980243200000000314e-01,1.000000000000000000e+00,1.233291000000000075e-03,1.927722499999999853e-02,1.527627500000000062e-02,4.733262199999999781e-02,5.609879399999999350e-02,1.431008849999999832e-01,6.353126319999999883e-01,5.337058150000000278e-01,2.954609000000000055e-02,6.918547099999999839e-02,4.497518970000000116e-01,4.470336260000000173e-01,5.453569139999999704e-01,6.482705960000000323e-01,7.968913140000000173e-01,7.432904489999999642e-01
7.552312850000000299e-01,8.214794680000000460e-01,3.170235229999999738e-01,9.511522430000000083e-01,2.571561420000000320e-01,8.941587370000000368e-01,5.376306499999999877e-02,7.042402899999999910e-02,1.040000000000000038e-05,1.917036000000000000e-03,1.888257000000000130e-02,5.774437179999999392e-01,6.969014949999999819e-01,1.000000000000000000e+00,1.233291000000000075e-03,1.927722499999999853e-02,1.527627500000000062e-02,4.767831999999999626e-02,4.369854299999999941e-02,1.412787439999999839e-01,6.353126319999999883e-01,5.337058150000000278e-01,2.954609000000000055e-02,6.918547099999999839e-02,4.497518970000000116e-01,4.470336260000000173e-01,5.453569139999999704e-01,6.482705960000000323e-01,7.968913140000000173e-01,7.432904489999999642e-01
7.690694009999999858e-01,8.380330890000000643e-01,3.153216119999999734e-01,9.726985270000000350e-01,2.572986329999999988e-01,8.941587370000000368e-01,5.376306499999999877e-02,7.042402899999999910e-02,1.040000000000000038e-05,1.917036000000000000e-03,1.888257000000000130e-02,5.771545289999999717e-01,6.949714219999999498e-01,1.000000000000000000e+00,1.233291000000000075e-03,1.927722499999999853e-02,1.527627500000000062e-02,5.396136499999999725e-02,4.037207899999999822e-02,1.205673129999999954e-01,6.353126319999999883e-01,5.337058150000000278e-01,2.954609000000000055e-02,6.918547099999999839e-02,4.497518970000000116e-01,4.470336260000000173e-01,5.453569139999999704e-01,6.482705960000000323e-01,7.968913140000000173e-01,7.432904489999999642e-01
7.694305919999999688e-01,8.305095390000000188e-01,3.041777469999999983e-01,9.523517700000000419e-01,2.739680050000000144e-01,8.941587370000000368e-01,5.376306499999999877e-02,7.042402899999999910e-02,1.040000000000000038e-05,1.917036000000000000e-03,1.888257000000000130e-02,5.797118299999999280e-01,6.849863379999999724e-01,1.000000000000000000e+00,1.233291000000000075e-03,1.927722499999999853e-02,1.527627500000000062e-02,5.257659500000000374e-02,5.012453599999999732e-02,1.432668619999999948e-01,6.353126319999999883e-01,5.337058150000000278e-01,2.954609000000000055e-02,6.918547099999999839e-02,4.497518970000000116e-01,4.470336260000000173e-01,5.453569139999999704e-01,6.482705960000000323e-01,7.968913140000000173e-01,7.432904489999999642e-01
7.737674730000000389e-01,8.413186300000000672e-01,2.962571069999999640e-01,9.574301990000000373e-01,2.674578360000000044e-01,8.941587370000000368e-01,5.376306499999999877e-02,7.042402899999999910e-02,1.040000000000000038e-05,1.917036000000000000e-03,1.888257000000000130e-02,5.995689419999999936e-01,6.919585010000000036e-01,1.000000000000000000e+00,1.233291000000000075e-03,1.927722499999999853e-02,1.527627500000000062e-02,4.818483499999999531e-02,3.276503199999999949e-02,1.428432060000000003e-01,6.353126319999999883e-01,5.337058150000000278e-01,2.954609000000000055e-02,6.918547099999999839e-02,4.497518970000000116e-01,4.470336260000000173e-01,5.453569139999999704e-01,6.482705960000000323e-01,7.968913140000000173e-01,7.432904489999999642e-01
7.613779069999999649e-01,8.289712660000000399e-01,2.940643410000000069e-01,9.614307020000000259e-01,2.706366729999999943e-01,8.941587370000000368e-01,5.376306499999999877e-02,7.042402899999999910e-02,1.040000000000000038e-05,1.917036000000000000e-03,1.888257000000000130e-02,5.922197809999999452e-01,6.864606389999999836e-01,1.000000000000000000e+00,1.233291000000000075e-03,1.927722499999999853e-02,1.527627500000000062e-02,5.528746199999999555e-02,5.980764800000000492e-02,1.185064919999999911e-01,6.353126319999999883e-01,5.337058150000000278e-01,2.954609000000000055e-02,6.918547099999999839e-02,4.497518970000000116e-01,4.470336260000000173e-01,5.453569139999999704e-01,6.482705960000000323e-01,7.968913140000000173e-01,7.432904489999999642e-01
7.751274969999999431e-01,8.415504310000000432e-01,3.031062549999999911e-01,9.584284720000000313e-01,2.721550229999999959e-01,8.941587370000000368e-01,5.376306499999999877e-02,7.042402899999999910e-02,1.040000000000000038e-05,1.917036000000000000e-03,1.888257000000000130e-02,5.994506809999999852e-01,6.837744219999999373e-01,1.000000000000000000e+00,1.233291000000000075e-03,1.927722499999999853e-02,1.527627500000000062e-02,5.315835400000000488e-02,6.065849499999999284e-02,1.323920359999999907e-01,6.353126319999999883e-01,5.337058150000000278e-01,2.954609000000000055e-02,6.918547099999999839e-02,4.497518970000000116e-01,4.470336260000000173e-01,5.453569139999999704e-01,6.482705960000000323e-01,7.968913140000000173e-01,7.432904489999999642e-01
7.485020319999999838e-01,8.314009159999999898e-01,3.095726669999999681e-01,9.569139530000000393e-01,2.822227010000000202e-01,8.941587370000000368e-01,5.376306499999999877e-02,7.042402899999999910e-02,1.040000000000000038e-05,1.917036000000000000e-03,1.888257000000000130e-02,5.928894329999999657e-01,6.938337140000000458e-01,1.000000000000000000e+00,1.233291000000000075e-03,1.927722499999999853e-02,1.527627500000000062e-02,5.507775900000000391e-02,5.279404899999999567e-02,1.193016619999999889e-01,6.353126319999999883e-01,5.337058150000000278e-01,2.954609000000000055e-02,6.918547099999999839e-02,4.497518970000000116e-01,4.470336260000000173e-01,5.453569139999999704e-01,6.482705960000000323e-01,7.968913140000000173e-01,7.432904489999999642e-01
7.478439510000000068e-01,8.267417240000000112e-01,3.188722149999999589e-01,9.719452510000000656e-01,2.559505460000000010e-01,8.941587370000000368e-01,5.376306499999999877e-02,7.042402899999999910e-02,1.040000000000000038e-05,1.917036000000000000e-03,1.888257000000000130e-02,5.949193509999999296e-01,6.806115200000000254e-01,1.000000000000000000e+00,1.233291000000000075e-03,1.927722499999999853e-02,1.527627500000000062e-02,4.401094799999999418e-02,5.636021199999999287e-02,1.176341539999999908e-01,6.353126319999999883e-01,5.337058150000000278e-01,2.954609000000000055e-02,6.918547099999999839e-02,4.497518970000000116e-01,4.470336260000000173e-01,5.453569139999999704e-01,6.482705960000000323e-01,7.968913140000000173e-01,7.432904489999999642e-01
7.538331809999999633e-01,8.420438140000000571e-01,3.180022929999999914e-01,9.671486270000000385e-01,2.816625830000000219e-01,8.941587370000000368e-01,5.376306499999999877e-02,7.042402899999999910e-02,1.040000000000000038e-05,1.917036000000000000e-03,1.888257000000000130e-02,6.024164329999999179e-01,6.761506120000000397e-01,1.000000000000000000e+00,1.233291000000000075e-03,1.927722499999999853e-02,1.527627500000000062e-02,4.737797099999999789e-02,3.820646499999999501e-02,1.273741039999999880e-01,6.353126319999999883e-01,5.337058150000000278e-01,2.954609000000000055e-02,6.918547099999999839e-02,4.497518970000000116e-01,4.470336260000000173e-01,5.453569139999999704e-01,6.482705960000000323e-01,7.968913140000000173e-01,7.432904489999999642e-01
7.739738670000000376e-01,8.268911810000000306e-01,3.033386479999999885e-01,9.476681330000000791e-01,2.627647140000000103e-01,8.941587370000000368e-01,5.376306499999999877e-02,7.042402899999999910e-02,1.040000000000000038e-05,1.917036000000000000e-03,1.888257000000000130e-02,5.946931289999999315e-01,6.951606889999999428e-01,1.000000000000000000e+00,1.233291000000000075e-03,1.927722499999999853e-02,1.527627500000000062e-02,4.001031199999999927e-02,4.269887699999999620e-02,1.429525660000000031e-01,6.353126319999999883e-01,5.337058150000000278e-01,2.954609000000000055e-02,6.918547099999999839e-02,4.497518970000000116e-01,4.470336260000000173e-01,5.453569139999999704e-01,6.482705960000000323e-01,7.968913140000000173e-01,7.432904489999999642e-01
7.753506009999999726e-01,8.372384510000000502e-01,3.139350189999999818e-01,9.677822550000000357e-01,2.780188040000000083e-01,8.941587370000000368e-01,5.376306499999999877e-02,7.042402899999999910e-02,1.040000000000000038e-05,1.917036000000000000e-03,1.888257000000000130e-02,5.807330169999999070e-01,6.835690340000000198e-01,1.000000000000000000e+00,1.233291000000000075e-03,1.927722499999999853e-02,1.527627500000000062e-02,5.741919499999999232e-02,4.569227199999999905e-02,1.376419879999999929e-01,6.353126319999999883e-01,5.337058150000000278e-01,2.954609000000000055e-02,6.918547099999999839e-02,4.497518970000000116e-01,4.470336260000000173e-01,5.453569139999999704e-01,6.482705960000000323e-01,7.968913140000000173e-01,7.432904489999999642e-01
7.760453189999999557e-01,8.483539030000000203e-01,3.057923859999999716e-01,9.601369830000000549e-01,2.574324060000000025e-01,8.941587370000000368e-01,5.376306499999999877e-02,7.042402899999999910e-02,1.040000000000000038e-05,1.917036000000000000e-03,1.888257000000000130e-02,5.835377919999999996e-01,7.015956169999999492e-01,1.000000000000000000e+00,1.233291000000000075e-03,1.927722499999999853e-02,1.527627500000000062e-02,3.646312499999999901e-02,4.846681699999999537e-02,1.365750699999999929e-01,6.353126319999999883e-01,5.337058150000000278e-01,2.954609000000000055e-02,6.918547099999999839e-02,4.497518970000000116e-01,4.470336260000000173e-01,5.453569139999999704e-01,6.482705960000000323e-01,7.968913140000000173e-01,7.432904489999999642e-01
7.733032559999999389e-01,8.348165640000000387e-01,3.178840829999999840e-01,9.560451159999999726e-01,2.587713979999999858e-01,8.941587370000000368e-01,5.376306499999999877e-02,7.042402899999999910e-02,1.040000000000000038e-05,1.917036000000000000e-03,1.888257000000000130e-02,5.968516349999999360e-01,7.022676389999999991e-01,1.000000000000000000e+00,1.233291000000000075e-03,1.927722499999999853e-02,1.527627500000000062e-02,3.985547600000000079e-02,5.406963700000000372e-02,1.346416539999999995e-01,6.353126319999999883e-01,5.337058150000000278e-01,2.954609000000000055e-02,6.918547099999999839e-02,4.497518970000000116e-01,4.470336260000000173e-01,5.453569139999999704e-01,6.482705960000000323e-01,7.968913140000000173e-01,7.432904489999999642e-01
7.553447119999999737e-01,8.445834709999999745e-01,3.016479409999999750e-01,9.686736959999999730e-01,2.557314580000000226e-01,8.941587370000000368e-01,5.376306499999999877e-02,7.042402899999999910e-02,1.040000000000000038e-05,1.917036000000000000e-03,1.888257000000000130e-02,5.944746669999999567e-01,6.803228709999999957e-01,1.000000000000000000e+00,1.233291000000000075e-03,1.927722499999999853e-02,1.527627500000000062e-02,4.541201100000000213e-02,3.547423799999999822e-02,1.214845779999999958e-01,6.353126319999999883e-01,5.337058150000000278e-01,2.954609000000000055e-02,6.918547099999999839e-02,4.497518970000000116e-01,4.470336260000000173e-01,5.453569139999999704e-01,6.482705960000000323e-01,7.968913140000000173e-01,7.432904489999999642e-01
7.746755659999999821e-01,8.295485890000000584e-01,3.044125859999999850e-01,9.481334770000000578e-01,2.792562270000000235e-01,8.941587370000000368e-01,5.376306499999999877e-02,7.042402899999999910e-02,1.040000000000000038e-05,1.917036000000000000e-03,1.888257000000000130e-02,5.795471859999999920e-01,6.930346240000000435e-01,1.000000000000000000e+00,1.233291000000000075e-03,1.927722499999999853e-02,1.527627500000000062e-02,3.433492800000000067e-02,4.827177199999999752e-02,1.443262899999999960e-01,6.353126319999999883e-01,5.337058150000000278e-01,2.954609000000000055e-02,6.918547099999999839e-02,4.497518970000000116e-01,4.470336260000000173e-01,5.453569139999999704e-01,6.482705960000000323e-01,7.968913140000000173e-01,7.432904489999999642e-01
7.681032580000000110e-01,8.503601259999999940e-01,3.188902739999999736e-01,9.643883450000000357e-01,2.805912730000000299e-01,8.941587370000000368e-01,5.376306499999999877e-02,7.042402899999999910e-02,1.040000000000000038e-05,1.917036000000000000e-03,1.888257000000000130e-02,6.046457530000000080e-01,6.801846200000000175e-01,1.000000000000000000e+00,1.233291000000000075e-03,1.927722499999999853e-02,1.527627500000000062e-02,5.007727199999999906e-02,3.267446100000000186e-02,1.401906470000000016e-01,6.353126319999999883e-01,5.337058150000000278e-01,2.954609000000000055e-02,6.918547099999999839e-02,4.497518970000000116e-01,4.470336260000000173e-01,5.453569139999999704e-01,6.482705960000000323e-01,7.968913140000000173e-01,7.432904489999999642e-01
7.663722790000000451e-01,8.364788309999999782e-01,3.196505739999999651e-01,9.592169139999999761e-01,2.552715100000000348e-01,8.941587370000000368e-01,5.376306499999999877e-02,7.042402899999999910e-02,1.040000000000000038e-05,1.917036000000000000e-03,1.888257000000000130e-02,6.030135569999999223e-01,6.742518029999999829e-01,1.000000000000000000e+00,1.233291000000000075e-03,1.927722499999999853e-02,1.527627500000000062e-02,4.616648799999999858e-02,5.658243799999999879e-02,1.235388559999999886e-01,6.353126319999999883e-01,5.337058150000000278e-01,2.954609000000000055e-02,6.918547099999999839e-02,4.497518970000000116e-01,4.470336260000000173e-01,5.453569139999999704e-01,6.482705960000000323e-01,7.968913140000000173e-01,7.432904489999999642e-01
7.594048559999999615e-01,8.339540469999999761e-01,3.194711069999999764e-01,9.705097630000000253e-01,2.617270979999999914e-01,8.941587370000000368e-01,5.376306499999999877e-02,7.042402899999999910e-02,1.040000000000000038e-05,1.917036000000000000e-03,1.888257000000000130e-02,5.874073829999999496e-01,6.770012939999999757e-01,1.000000000000000000e+00,1.233291000000000075e-03,1.927722499999999853e-02,1.527627500000000062e-02,4.439528199999999425e-02,3.672478399999999643e-02,1.363843939999999921e-01,6.353126319999999883e-01,5.337058150000000278e-01,2.954609000000000055e-02,6.918547099999999839e-02,4.497518970000000116e-01,4.470336260000000173e-01,5.453569139999999704e-01,6.482705960000000323e-01,7.968913140000000173e-01,7.432904489999999642e-01
7.717217920000000175e-01,8.452188880000000015e-01,3.163436629999999972e-01,9.636991040000000286e-01,2.781282620000000150e-01,8.941587370000000368e-01,5.376306499999999877e-02,7.042402899999999910e-02,1.040000000000000038e-05,1.917036000000000000e-03,1.888257000000000130e-02,6.050110279999999507e-01,7.029002540000000021e-01,1.000000000000000000e+00,1.233291000000000075e-03,1.927722499999999853e-02,1.527627500000000062e-02,4.827797300000000180e-02,6.103428900000000545e-02,1.445247709999999963e-01,6.353126319999999883e-01,5.337058150000000278e-01,2.954609000000000055e-02,6.918547099999999839e-02,4.497518970000000116e-01,4.470336260000000173e-01,5.453569139999999704e-01,6.482705960000000323e-01,7.968913140000000173e-01,7.432904489999999642e-01
7.599201329999999421e-01,8.442187480000000743e-01,3.168963999999999670e-01,9.712747449999999949e-01,2.536557550000000383e-01,8.941587370000000368e-01,5.376306499999999877e-02,7.042402899999999910e-02,1.040000000000000038e-05,1.917036000000000000e-03,1.888257000000000130e-02,5.863123619999999203e-01,6.782894640000000086e-01,1.000000000000000000e+00,1.233291000000000075e-03,1.927722499999999853e-02,1.527627500000000062e-02,5.885126699999999877e-02,3.837693000000000354e-02,1.226964069999999934e-01,6.353126319999999883e-01,5.337058150000000278e-01,2.954609000000000055e-02,6.918547099999999839e-02,4.497518970000000116e-01,4.470336260000000173e-01,5.453569139999999704e-01,6.482705960000000323e-01,7.968913140000000173e-01,7.432904489999999642e-01
7.713991310000000157e-01,8.482570980000000427e-01,2.965666909999999934e-01,9.692673660000000746e-01,2.653814340000000271e-01,8.941587370000000368e-01,5.376306499999999877e-02,7.042402899999999910e-02,1.040000000000000038e-05,1.917036000000000000e-03,1.888257000000000130e-02,6.031974549999999935e-01,6.793548659999999462e-01,1.000000000000000000e+00,1.233291000000000075e-03,1.927722499999999853e-02,1.527627500000000062e-02,3.002757899999999869e-02,4.424688999999999706e-02,1.296074099999999785e-01,6.353126319999999883e-01,5.337058150000000278e-01,2.954609000000000055e-02,6.918547099999999839e-02,4.497518970000000116e-01,4.470336260000000173e-01,5.453569139999999704e-01,6.482705960000000323e-01,7.968913140000000173e-01,7.432904489999999642e-01
7.539946979999999632e-01,8.403879670000000690e-01,3.071340830000000022e-01,9.570145600000000696e-01,2.545150750000000350e-01,8.941587370000000368e-01,5.376306499999999877e-02,7.042402899999999910e-02,1.040000000000000038e-05,1.917036000000000000e-03,1.888257000000000130e-02,5.845348589999999067e-01,6.846270469999999886e-01,1.000000000000000000e+00,1.233291000000000075e-03,1.927722499999999853e-02,1.527627500000000062e-02,4.984012899999999691e-02,3.218822899999999876e-02,1.304021850000000038e-01,6.353126319999999883e-01,5.337058150000000278e-01,2.954609000000000055e-02,6.918547099999999839e-02,4.497518970000000116e-01,4.470336260000000173e-01,5.453569139999999704e-01,6.482705960000000323e-01,7.968913140000000173e-01,7.432904489999999642e-01
7.557609720000000308e-01,8.260579479999999863e-01,3.112189309999999764e-01,9.540216020000000796e-01,2.799271730000000291e-01,8.941587370000000368e-01,5.376306499999999877e-02,7.042402899999999910e-02,1.040000000000000038e-05,1.917036000000000000e-03,1.888257000000000130e-02,6.038496729999999202e-01,7.001590770000000186e-01,1.000000000000000000e+00,1.233291000000000075e-03,1.927722499999999853e-02,1.527627500000000062e-02,5.361506200000000499e-02,3.696772299999999400e-02,1.230704809999999955e-01,6.353126319999999883e-01,5.337058150000000278e-01,2.954609000000000055e-02,6.918547099999999839e-02,4.497518970000000116e-01,4.470336260000000173e-01,5.453569139999999704e-01,6.482705960000000323e-01,7.968913140000000173e-01,7.432904489999999642e-01
7.596422419999999676e-01,8.447720109999999893e-01,2.993836659999999927e-01,9.593827430000000378e-01,2.686058700000000243e-01,8.941587370000000368e-01,5.376306499999999877e-02,7.042402899999999910e-02,1.040000000000000038e-05,1.917036000000000000e-03,1.888257000000000130e-02,6.001946139999999597e-01,6.729716059999999445e-01,1.000000000000000000e+00,1.233291000000000075e-03,1.927722499999999853e-02,1.527627500000000062e-02,5.601567100000000299e-02,3.766696299999999775e-02,1.256561619999999879e-01,6.353126319999999883e-01,5.337058150000000278e-01,2.954609000000000055e-02,6.918547099999999839e-02,4.497518970000000116e-01,4.470336260000000173e-01,5.453569139999999704e-01,6.482705960000000323e-01,7.968913140000000173e-01,7.432904489999999642e-01
7.731510769999999644e-01,8.225296360000000639e-01,3.129270659999999760e-01,9.472620400000000274e-01,2.579752570000000134e-01,8.941587370000000368e-01,5.376306499999999877e-02,7.042402899999999910e-02,1.040000000000000038e-05,1.917036000000000000e-03,1.888257000000000130e-02,5.882340959999999841e-01,6.945698940000000210e-01,1.000000000000000000e+00,1.233291000000000075e-03,1.927722499999999853e-02,1.527627500000000062e-02,3.491320800000000113e-02,4.755237799999999931e-02,1.291150419999999854e-01,6.353126319999999883e-01,5.337058150000000278e-01,2.954609000000000055e-02,6.918547099999999839e-02,4.497518970000000116e-01,4.470336260000000173e-01,5.453569139999999704e-01,6.482705960000000323e-01,7.968913140000000173e-01,7.432904489999999642e-01
7.516300329999999752e-01,8.252502980000000488e-01,3.218072639999999818e-01,9.763400380000000212e-01,2.761061100000000157e-01,8.941587370000000368e-01,5.376306499999999877e-02,7.042402899999999910e-02,1.040000000000000038e-05,1.917036000000000000e-03,1.888257000000000130e-02,5.905477249999999678e-01,6.976317020000000202e-01,1.000000000000000000e+00,1.233291000000000075e-03,1.927722499999999853e-02,1.527627500000000062e-02,5.142112000000000072e-02,4.998748899999999606e-02,1.462054730000000025e-01,6.353126319999999883e-01,5.337058150000000278e-01,2.954609000000000055e-02,6.918547099999999839e-02,4.497518970000000116e-01,4.470336260000000173e-01,5.453569139999999704e-01,6.482705960000000323e-01,7.968913140000000173e-01,7.432904489999999642e-01
7.669757590000000347e-01,8.273909870000000222e-01,3.067610309999999618e-01,9.623182559999999830e-01,2.563074790000000047e-01,8.941587370000000368e-01,5.376306499999999877e-02,7.042402899999999910e-02,1.040000000000000038e-05,1.917036000000000000e-03,1.888257000000000130e-02,5.758838149999999656e-01,6.815044759999999702e-01,1.000000000000000000e+00,1.233291000000000075e-03,1.927722499999999853e-02,1.527627500000000062e-02,5.729311700000000451e-02,4.337426900000000002e-02,1.407146410000000014e-01,6.353126319999999883e-01,5.337058150000000278e-01,2.954609000000000055e-02,6.918547099999999839e-02,4.497518970000000116e-01,4.470336260000000173e-01,5.453569139999999704e-01,6.482705960000000323e-01,7.968913140000000173e-01,7.432904489999999642e-01
7.468954759999999471e-01,8.315157269999999823e-01,2.928431280000000081e-01,9.585612420000000355e-01,2.776178410000000318e-01,8.941587370000000368e-01,5.376306499999999877e-02,7.042402899999999910e-02,1.040000000000000038e-05,1.917036000000000000e-03,1.888257000000000130e-02,5.971203859999999475e-01,6.735623539999999743e-01,1.000000000000000000e+00,1.233291000000000075e-03,1.927722499999999853e-02,1.527627500000000062e-02,4.413532600000000250e-02,4.228772299999999928e-02,1.423407879999999959e-01,6.353126319999999883e-01,5.337058150000000278e-01,2.954609000000000055e-02,6.918547099999999839e-02,4.497518970000000116e-01,4.470336260000000173e-01,5.453569139999999704e-01,6.482705960000000323e-01,7.968913140000000173e-01,7.432904489999999642e-01
7.695209739999999687e-01,8.355397820000000086e-01,3.048730510000000060e-01,9.669471259999999901e-01,2.688561560000000128e-01,8.941587370000000368e-01,5.376306499999999877e-02,7.042402899999999910e-02,1.040000000000000038e-05,1.917036000000000000e-03,1.888257000000000130e-02,5.762430929999999840e-01,6.917906200000000227e-01,1.000000000000000000e+00,1.233291000000000075e-03,1.927722499999999853e-02,1.527627500000000062e-02,3.762497299999999906e-02,4.989943499999999893e-02,1.223450639999999895e-01,6.353126319999999883e-01,5.337058150000000278e-01,2.954609000000000055e-02,6.918547099999999839e-02,4.497518970000000116e-01,4.470336260000000173e-01,5.453569139999999704e-01,6.482705960000000323e-01,7.968913140000000173e-01,7.432904489999999642e-01
7.685416109999999579e-01,8.305993879999999940e-01,2.964613429999999883e-01,9.567742249999999782e-01,2.647968780000000133e-01,8.941587370000000368e-01,5.376306499999999877e-02,7.042402899999999910e-02,1.040000000000000038e-05,1.917036000000000000e-03,1.888257000000000130e-02,5.877509469999999681e-01,6.893478690000000020e-01,1.000000000000000000e+00,1.233291000000000075e-03,1.927722499999999853e-02,1.527627500000000062e-02,5.167518200000000006e-02,4.535271600000000125e-02,1.430567919999999882e-01,6.353126319999999883e-01,5.337058150000000278e-01,2.954609000000000055e-02,6.918547099999999839e-02,4.497518970000000116e-01,4.470336260000000173e-01,5.453569139999999704e-01,6.482705960000000323e-01,7.968913140000000173e-01,7.432904489999999642e-01
7.658339809999999970e-01,8.254658160000000189e-01,2.953268000000000004e-01,9.661195030000000461e-01,2.812987660000000334e-01,8.941587370000000368e-01,5.376306499999999877e-02,7.042402899999999910e-02,1.040000000000000038e-05,1.917036000000000000e-03,1.888257000000000130e-02,5.943176279999999867e-01,6.747150410000000154e-01,1.000000000000000000e+00,1.233291000000000075e-03,1.927722499999999853e-02,1.527627500000000062e-02,3.508972600000000164e-02,4.604081499999999882e-02,1.322759779999999885e-01,6.353126319999999883e-01,5.337058150000000278e-01,2.954609000000000055e-02,6.918547099999999839e-02,4.497518970000000116e-01,4.470336260000000173e-01,5.453569139999999704e-01,6.482705960000000323e-01,7.968913140000000173e-01,7.432904489999999642e-01
7.473189310000000196e-01,8.250423630000000008e-01,2.949405109999999608e-01,9.473905350000000336e-01,2.583684960000000030e-01,8.941587370000000368e-01,5.376306499999999877e-02,7.042402899999999910e-02,1.040000000000000038e-05,1.917036000000000000e-03,1.888257000000000130e-02,5.871315449999999769e-01,6.885093899999999989e-01,1.000000000000000000e+00,1.233291000000000075e-03,1.927722499999999853e-02,1.527627500000000062e-02,3.855972700000000197e-02,5.683423299999999789e-02,1.253898430000000008e-01,6.353126319999999883e-01,5.337058150000000278e-01,2.954609000000000055e-02,6.918547099999999839e-02,4.497518970000000116e-01,4.470336260000000173e-01,5.453569139999999704e-01,6.482705960000000323e-01,7.968913140000000173e-01,7.432904489999999642e-01
7.564351360000000080e-01,8.405062899999999892e-01,3.223468310000000003e-01,9.497233200000000375e-01,2.779139930000000258e-01,8.941587370000000368e-01,5.376306499999999877e-02,7.042402899999999910e-02,1.040000000000000038e-05,1.917036000000000000e-03,1.888257000000000130e-02,5.964857559999999781e-01,6.812778819999999458e-01,1.000000000000000000e+00,1.233291000000000075e-03,1.927722499999999853e-02,1.527627500000000062e-02,5.365546100000000151e-02,4.739659000000000233e-02,1.316631339999999872e-01,6.353126319999999883e-01,5.337058150000000278e-01,2.954609000000000055e-02,6.918547099999999839e-02,4.497518970000000116e-01,4.470336260000000173e-01,5.453569139999999704e-01,6.482705960000000323e-01,7.968913140000000173e-01,7.432904489999999642e-01
7.629695560000000487e-01,8.455945660000000474e-01,3.040260909999999983e-01,9.745978670000000621e-01,2.652605980000000141e-01,8.941587370000000368e-01,5.376306499999999877e-02,7.042402899999999910e-02,1.040000000000000038e-05,1.917036000000000000e-03,1.888257000000000130e-02,5.962315919999999769e-01,6.751186890000000496e-01,1.000000000000000000e+00,1.233291000000000075e-03,1.927722499999999853e-02,1.527627500000000062e-02,4.758769300000000035e-02,3.918561999999999740e-02,1.209025919999999893e-01,6.353126319999999883e-01,5.337058150000000278e-01,2.954609000000000055e-02,6.918547099999999839e-02,4.497518970000000116e-01,4.470336260000000173e-01,5.453569139999999704e-01,6.482705960000000323e-01,7.968913140000000173e-01,7.432904489999999642e-01
7.708072329999999805e-01,8.300457660000000182e-01,3.066007089999999713e-01,9.742719450000000281e-01,2.729664480000000282e-01,8.941587370000000368e-01,5.376306499999999877e-02,7.042402899999999910e-02,1.040000000000000038e-05,1.917036000000000000e-03,1.888257000000000130e-02,5.948221729999999541e-01,6.977696410000000515e-01,1.000000000000000000e+00,1.233291000000000075e-03,1.927722499999999853e-02,1.527627500000000062e-02,5.612134400000000356e-02,3.362903999999999893e-02,1.228362499999999941e-01,6.353126319999999883e-01,5.337058150000000278e-01,2.954609000000000055e-02,6.918547099999999839e-02,4.497518970000000116e-01,4.470336260000000173e-01,5.453569139999999704e-01,6.482705960000000323e-01,7.968913140000000173e-01,7.432904489999999642e-01
7.558339659999999682e-01,8.473039660000000195e-01,2.932743689999999792e-01,9.485512890000000752e-01,2.600213980000000147e-01,8.941587370000000368e-01,5.376306499999999877e-02,7.042402899999999910e-02,1.040000000000000038e-05,1.917036000000000000e-03,1.888257000000000130e-02,5.854567819999999534e-01,6.932115450000000401e-01,1.000000000000000000e+00,1.233291000000000075e-03,1.927722499999999853e-02,1.527627500000000062e-02,3.525983099999999842e-02,4.281556599999999935e-02,1.225265759999999982e-01,6.353126319999999883e-01,5.337058150000000278e-01,2.954609000000000055e-02,6.918547099999999839e-02,4.497518970000000116e-01,4.470336260000000173e-01,5.453569139999999704e-01,6.482705960000000323e-01,7.968913140000000173e-01,7.432904489999999642e-01
7.500965010000000266e-01,8.309851420000000655e-01,3.099303469999999949e-01,9.618249930000000170e-01,2.806987730000000125e-01,8.941587370000000368e-01,5.376306499999999877e-02,7.042402899999999910e-02,1.040000000000000038e-05,1.917036000000000000e-03,1.888257000000000130e-02,5.899592200000000064e-01,6.904689079999999368e-01,1.000000000000000000e+00,1.233291000000000075e-03,1.927722499999999853e-02,1.527627500000000062e-02,4.714894099999999977e-02,4.240165699999999538e-02,1.285540639999999957e-01,6.353126319999999883e-01,5.337058150000000278e-01,2.954609000000000055e-02,6.918547099999999839e-02,4.497518970000000116e-01,4.470336260000000173e-01,5.453569139999999704e-01,6.482705960000000323e-01,7.968913140000000173e-01,7.432904489999999642e-01
7.668476039999999605e-01,8.241800510000000246e-01,3.001309990000000094e-01,9.558435809999999977e-01,2.677098649999999913e-01,8.941587370000000368e-01,5.376306499999999877e-02,7.042402899999999910e-02,1.040000000000000038e-05,1.917036000000000000e-03,1.888257000000000130e-02,5.870026459999999613e-01,6.807720800000000017e-01,1.000000000000000000e+00,1.233291000000000075e-03,1.927722499999999853e-02,1.527627500000000062e-02,4.662992099999999779e-02,5.674453499999999873e-02,1.402878719999999801e-01,6.353126319999999883e-01,5.337058150000000278e-01,2.954609000000000055e-02,6.918547099999999839e-02,4.497518970000000116e-01,4.470336260000000173e-01,5.453569139999999704e-01,6.482705960000000323e-01,7.968913140000000173e-01,7.432904489999999642e-01
7.543991300000000289e-01,8.405472750000000381e-01,3.151003619999999672e-01,9.626364510000000596e-01,2.620015840000000096e-01,8.941587370000000368e-01,5.376306499999999877e-02,7.042402899999999910e-02,1.040000000000000038e-05,1.917036000000000000e-03,1.888257000000000130e-02,5.828283569999999081e-01,6.898747029999999780e-01,1.000000000000000000e+00,1.233291000000000075e-03,1.927722499999999853e-02,1.527627500000000062e-02,5.917057900000000092e-02,3.710302000000000044e-02,1.178676939999999951e-01,6.353126319999999883e-01,5.337058150000000278e-01,2.954609000000000055e-02,6.918547099999999839e-02,4.497518970000000116e-01,4.470336260000000173e-01,5.453569139999999704e-01,6.482705960000000323e-01,7.968913140000000173e-01,7.432904489999999642e-01
7.667600249999999562e-01,8.401395970000000712e-01,3.216721569999999586e-01,9.561651050000000707e-01,2.685496139999999921e-01,8.941587370000000368e-01,5.376306499999999877e-02,7.042402899999999910e-02,1.040000000000000038e-05,1.917036000000000000e-03,1.888257000000000130e-02,5.841980279999999803e-01,7.011221420000000037e-01,1.000000000000000000e+00,1.233291000000000075e-03,1.927722499999999853e-02,1.527627500000000062e-02,4.963602799999999871e-02,3.577084099999999767e-02,1.213465259999999962e-01,6.353126319999999883e-01,5.337058150000000278e-01,2.954609000000000055e-02,6.918547099999999839e-02,4.497518970000000116e-01,4.470336260000000173e-01,5.453569139999999704e-01,6.482705960000000323e-01,7.968913140000000173e-01,7.432904489999999642e-01
7.744069009999999809e-01,8.446432569999999806e-01,3.000358779999999781e-01,9.590200320000000778e-01,2.667349740000000136e-01,8.941587370000000368e-01,5.376306499999999877e-02,7.042402899999999910e-02,1.040000000000000038e-05,1.917036000000000000e-03,1.888257000000000130e-02,5.901930599999999361e-01,6.851297400000000426e-01,1.000000000000000000e+00,1.233291000000000075e-03,1.927722499999999853e-02,1.527627500000000062e-02,3.095101599999999786e-02,4.794589800000000068e-02,1.381825289999999984e-01,6.353126319999999883e-01,5.337058150000000278e-01,2.954609000000000055e-02,6.918547099999999839e-02,4.497518970000000116e-01,4.470336260000000173e-01,5.453569139999999704e-01,6.482705960000000323e-01,7.968913140000000173e-01,7.432904489999999642e-01
7.542420149999999879e-01,8.259285419999999878e-01,3.142517229999999828e-01,9.685546369999999960e-01,2.703259070000000319e-01,8.941587370000000368e-01,5.376306499999999877e-02,7.042402899999999910e-02,1.040000000000000038e-05,1.917036000000000000e-03,1.888257000000000130e-02,5.959978209999999832e-01,6.861873859999999548e-01,1.000000000000000000e+00,1.233291000000000075e-03,1.927722499999999853e-02,1.527627500000000062e-02,5.796249700000000171e-02,3.537865700000000085e-02,1.387645479999999876e-01,6.353126319999999883e-01,5.337058150000000278e-01,2.954609000000000055e-02,6.918547099999999839e-02,4.497518970000000116e-01,4.470336260000000173e-01,5.453569139999999704e-01,6.482705960000000323e-01,7.968913140000000173e-01,7.432904489999999642e-01
7.541709340000000150e-01,8.371608910000000181e-01,3.114406519999999845e-01,9.507487510000000031e-01,2.597308979999999878e-01,8.941587370000000368e-01,5.376306499999999877e-02,7.042402899999999910e-02,1.040000000000000038e-05,1.917036000000000000e-03,1.888257000000000130e-02,6.007995619999999537e-01,6.825023890000000426e-01,1.000000000000000000e+00,1.233291000000000075e-03,1.927722499999999853e-02,1.527627500000000062e-02,4.878420599999999663e-02,4.585384399999999777e-02,1.454856139999999853e-01,6.353126319999999883e-01,5.337058150000000278e-01,2.954609000000000055e-02,6.918547099999999839e-02,4.497518970000000116e-01,4.470336260000000173e-01,5.453569139999999704e-01,6.482705960000000323e-01,7.968913140000000173e-01,7.432904489999999642e-01
7.607348400000000233e-01,8.343480300000000183e-01,3.055504169999999631e-01,9.755203030000000330e-01,2.592544450000000000e-01,8.941587370000000368e-01,5.376306499999999877e-02,7.042402899999999910e-02,1.040000000000000038e-05,1.917036000000000000e-03,1.888257000000000130e-02,6.017071639999999055e-01,6.795564840000000162e-01,1.000000000000000000e+00,1.233291000000000075e-03,1.927722499999999853e-02,1.527627500000000062e-02,3.882690399999999542e-02,4.160096099999999880e-02,1.466011620000000071e-01,6.353126319999999883e-01,5.337058150000000278e-01,2.954609000000000055e-02,6.918547099999999839e-02,4.497518970000000116e-01,4.470336260000000173e-01,5.453569139999999704e-01,6.482705960000000323e-01,7.968913140000000173e-01,7.432904489999999642e-01
7.567987830000000304e-01,8.280195730000000642e-01,2.968042639999999843e-01,9.663596850000000238e-01,2.702597469999999946e-01,8.941587370000000368e-01,5.376306499999999877e-02,7.042402899999999910e-02,1.040000000000000038e-05,1.917036000000000000e-03,1.888257000000000130e-02,5.935273289999999369e-01,7.019109159999999958e-01,1.000000000000000000e+00,1.233291000000000075e-03,1.927722499999999853e-02,1.527627500000000062e-02,4.061485199999999990e-02,5.019196399999999864e-02,1.338565349999999987e-01,6.353126319999999883e-01,5.337058150000000278e-01,2.954609000000000055e-02,6.918547099999999839e-02,4.497518970000000116e-01,4.470336260000000173e-01,5.453569139999999704e-01,6.482705960000000323e-01,7.968913140000000173e-01,7.432904489999999642e-01
7.673967800000000006e-01,8.389118620000000082e-01,3.070557270000000005e-01,9.566855680000000417e-01,2.656980950000000230e-01,8.941587370000000368e-01,5.376306499999999877e-02,7.042402899999999910e-02,1.040000000000000038e-05,1.917036000000000000e-03,1.888257000000000130e-02,5.812337890000000007e-01,7.025291660000000382e-01,1.000000000000000000e+00,1.233291000000000075e-03,1.927722499999999853e-02,1.527627500000000062e-02,3.685541099999999765e-02,3.394394900000000104e-02,1.441555449999999960e-01,6.353126319999999883e-01,5.337058150000000278e-01,2.954609000000000055e-02,6.918547099999999839e-02,4.497518970000000116e-01,4.470336260000000173e-01,5.453569139999999704e-01,6.482705960000000323e-01,7.968913140000000173e-01,7.432904489999999642e-01
7.514131370000000087e-01,8.462634260000000408e-01,3.174216089999999935e-01,9.707471250000000440e-01,2.673666969999999865e-01,8.941587370000000368e-01,5.376306499999999877e-02,7.042402899999999910e-02,1.040000000000000038e-05,1.917036000000000000e-03,1.888257000000000130e-02,6.047663139999999160e-01,6.774543410000000154e-01,1.000000000000000000e+00,1.233291000000000075e-03,1.927722499999999853e-02,1.527627500000000062e-02,3.488228399999999951e-02,5.367635099999999715e-02,1.425059739999999797e-01,6.353126319999999883e-01,5.337058150000000278e-01,2.954609000000000055e-02,6.918547099999999839e-02,4.497518970000000116e-01,4.470336260000000173e-01,5.453569139999999704e-01,6.482705960000000323e-01,7.968913140000000173e-01,7.432904489999999642e-01
7.695942340000000437e-01,8.432240320000000677e-01,3.184498900000000132e-01,9.483342500000000452e-01,2.639813630000000244e-01,8.941587370000000368e-01,5.376306499999999877e-02,7.042402899999999910e-02,1.040000000000000038e-05,1.917036000000000000e-03,1.888257000000000130e-02,5.950774589999999753e-01,6.924739899999999837e-01,1.000000000000000000e+00,1.233291000000000075e-03,1.927722499999999853e-02,1.527627500000000062e-02,5.290516900000000189e-02,4.477386299999999708e-02,1.385004559999999940e-01,6.353126319999999883e-01,5.337058150000000278e-01,2.954609000000000055e-02,6.918547099999999839e-02,4.497518970000000116e-01,4.470336260000000173e-01,5.453569139999999704e-01,6.482705960000000323e-01,7.968913140000000173e-01,7.432904489999999642e-01
7.704684569999999955e-01,8.351124189999999947e-01,3.048409669999999627e-01,9.498901840000000263e-01,2.605157240000000041e-01,8.941587370000000368e-01,5.376306499999999877e-02,7.042402899999999910e-02,1.040000000000000038e-05,1.917036000000000000e-03,1.888257000000000130e-02,5.785469059999999164e-01,6.932403320000000146e-01,1.000000000000000000e+00,1.233291000000000075e-03,1.927722499999999853e-02,1.527627500000000062e-02,5.764397300000000113e-02,5.460147599999999601e-02,1.189616809999999858e-01,6.353126319999999883e-01,5.337058150000000278e-01,2.954609000000000055e-02,6.918547099999999839e-02,4.497518970000000116e-01,4.470336260000000173e-01,5.453569139999999704e-01,6.482705960000000323e-01,7.968913140000000173e-01,7.432904489999999642e-01
7.628394520000000290e-01,8.347178390000000725e-01,3.133683069999999571e-01,9.474867350000000243e-01,2.723000959999999915e-01,8.941587370000000368e-01,5.376306499999999877e-02,7.042402899999999910e-02,1.040000000000000038e-05,1.917036000000000000e-03,1.888257000000000130e-02,5.847267760000000036e-01,6.955920410000000498e-01,1.000000000000000000e+00,1.233291000000000075e-03,1.927722499999999853e-02,1.527627500000000062e-02,3.149268799999999785e-02,3.299548699999999696e-02,1.360758039999999947e-01,6.353126319999999883e-01,5.337058150000000278e-01,2.954609000000000055e-02,6.918547099999999839e-02,4.497518970000000116e-01,4.470336260000000173e-01,5.453569139999999704e-01,6.482705960000000323e-01,7.968913140000000173e-01,7.432904489999999642e-01
7.479946389999999612e-01,8.238141199999999831e-01,3.002373369999999930e-01,9.605776820000000438e-01,2.831408800000000392e-01,8.941587370000000368e-01,5.376306499999999877e-02,7.042402899999999910e-02,1.040000000000000038e-05,1.917036000000000000e-03,1.888257000000000130e-02,5.992809239999999926e-01,6.871744130000000395e-01,1.000000000000000000e+00,1.233291000000000075e-03,1.927722499999999853e-02,1.527627500000000062e-02,4.067198899999999867e-02,3.184638000000000052e-02,1.436259179999999913e-01,6.353126319999999883e-01,5.337058150000000278e-01,2.954609000000000055e-02,6.918547099999999839e-02,4.497518970000000116e-01,4.470336260000000173e-01,5.453569139999999704e-01,6.482705960000000323e-01,7.968913140000000173e-01,7.432904489999999642e-01
7.576644710000000060e-01,8.429342470000000809e-01,2.995335779999999670e-01,9.762268659999999709e-01,2.619009549999999908e-01,8.941587370000000368e-01,5.376306499999999877e-02,7.042402899999999910e-02,1.040000000000000038e-05,1.917036000000000000e-03,1.888257000000000130e-02,5.840775979999999201e-01,6.830658139999999934e-01,1.000000000000000000e+00,1.233291000000000075e-03,1.927722499999999853e-02,1.527627500000000062e-02,4.264649499999999954e-02,4.465572299999999439e-02,1.229658069999999964e-01,6.353126319999999883e-01,5.337058150000000278e-01,2.954609000000000055e-02,6.918547099999999839e-02,4.497518970000000116e-01,4.470336260000000173e-01,5.453569139999999704e-01,6.482705960000000323e-01,7.968913140000000173e-01,7.432904489999999642e-01
7.515017509999999401e-01,8.461307820000000257e-01,2.956299459999999768e-01,9.571443130000000243e-01,2.589511310000000011e-01,8.941587370000000368e-01,5.376306499999999877e-02,7.042402899999999910e-02,1.040000000000000038e-05,1.917036000000000000e-03,1.888257000000000130e-02,5.755265410000000026e-01,6.760647989999999385e-01,1.000000000000000000e+00,1.233291000000000075e-03,1.927722499999999853e-02,1.527627500000000062e-02,3.613275500000000251e-02,3.152961299999999800e-02,1.287078269999999969e-01,6.353126319999999883e-01,5.337058150000000278e-01,2.954609000000000055e-02,6.918547099999999839e-02,4.497518970000000116e-01,4.470336260000000173e-01,5.453569139999999704e-01,6.482705960000000323e-01,7.968913140000000173e-01,7.432904489999999642e-01
7.496947280000000324e-01,8.479279570000000099e-01,3.069719639999999861e-01,9.542828340000000242e-01,2.823630590000000273e-01,8.941587370000000368e-01,5.376306499999999877e-02,7.042402899999999910e-02,1.040000000000000038e-05,1.917036000000000000e-03,1.888257000000000130e-02,5.858313879999998974e-01,6.914865079999999997e-01,1.000000000000000000e+00,1.233291000000000075e-03,1.927722499999999853e-02,1.527627500000000062e-02,4.322920699999999866e-02,3.978244400000000014e-02,1.298981699999999795e-01,6.353126319999999883e-01,5.337058150000000278e-01,2.954609000000000055e-02,6.918547099999999839e-02,4.497518970000000116e-01,4.470336260000000173e-01,5.453569139999999704e-01,6.482705960000000323e-01,7.968913140000000173e-01,7.432904489999999642e-01
7.572305790000000147e-01,8.417772190000000210e-01,3.056623039999999958e-01,9.602122430000000763e-01,2.715866620000000342e-01,8.941587370000000368e-01,5.376306499999999877e-02,7.042402899999999910e-02,1.040000000000000038e-05,1.917036000000000000e-03,1.888257000000000130e-02,5.885504089999999966e-01,6.958344090000000426e-01,1.000000000000000000e+00,1.233291000000000075e-03,1.927722499999999853e-02,1.527627500000000062e-02,5.558315099999999731e-02,5.760508400000000084e-02,1.270180989999999954e-01,6.353126319999999883e-01,5.337058150000000278e-01,2.954609000000000055e-02,6.918547099999999839e-02,4.497518970000000116e-01,4.470336260000000173e-01,5.453569139999999704e-01,6.482705960000000323e-01,7.968913140000000173e-01,7.432904489999999642e-01
7.470229010000000169e-01,8.374972529999999971e-01,3.213498879999999724e-01,9.753946039999999984e-01,2.735042140000000233e-01,8.941587370000000368e-01,5.376306499999999877e-02,7.042402899999999910e-02,1.040000000000000038e-05,1.917036000000000000e-03,1.888257000000000130e-02,5.808132319999999016e-01,6.745629960000000258e-01,1.000000000000000000e+00,1.233291000000000075e-03,1.927722499999999853e-02,1.527627500000000062e-02,3.822028300000000073e-02,5.418607699999999916e-02,1.294094519999999804e-01,6.353126319999999883e-01,5.337058150000000278e-01,2.954609000000000055e-02,6.918547099999999839e-02,4.497518970000000116e-01,4.470336260000000173e-01,5.453569139999999704e-01,6.482705960000000323e-01,7.968913140000000173e-01,7.432904489999999642e-01
7.537306209999999895e-01,8.236438850000000755e-01,3.191726010000000002e-01,9.717847880000000105e-01,2.547280980000000139e-01,8.941587370000000368e-01,5.376306499999999877e-02,7.042402899999999910e-02,1.040000000000000038e-05,1.917036000000000000e-03,1.888257000000000130e-02,5.783713899999999297e-01,6.819078339999999905e-01,1.000000000000000000e+00,1.233291000000000075e-03,1.927722499999999853e-02,1.527627500000000062e-02,3.220028700000000105e-02,4.689817599999999975e-02,1.455702190000000007e-01,6.353126319999999883e-01,5.337058150000000278e-01,2.954609000000000055e-02,6.918547099999999839e-02,4.497518970000000116e-01,4.470336260000000173e-01,5.453569139999999704e-01,6.482705960000000323e-01,7.968913140000000173e-01,7.432904489999999642e-01
7.719563710000000301e-01,8.220648249999999990e-01,3.166646979999999667e-01,9.515816540000000545e-01,2.615741910000000114e-01,8.941587370000000368e-01,5.376306499999999877e-02,7.042402899999999910e-02,1.040000000000000038e-05,1.917036000000000000e-03,1.888257000000000130e-02,5.857392559999999859e-01,6.999115299999999484e-01,1.000000000000000000e+00,1.233291000000000075e-03,1.927722499999999853e-02,1.527627500000000062e-02,3.704246899999999454e-02,4.215586500000000070e-02,1.275118029999999791e-01,6.353126319999999883e-01,5.337058150000000278e-01,2.954609000000000055e-02,6.918547099999999839e-02,4.497518970000000116e-01,4.470336260000000173e-01,5.453569139999999704e-01,6.482705960000000323e-01,7.968913140000000173e-01,7.432904489999999642e-01
7.722869329999999533e-01,8.352842700000000509e-01,3.126087449999999657e-01,9.576170170000000148e-01,2.726048779999999949e-01,8.941587370000000368e-01,5.376306499999999877e-02,7.042402899999999910e-02,1.040000000000000038e-05,1.917036000000000000e-03,1.888257000000000130e-02,5.760507129999999920e-01,6.790984860000000012e-01,1.000000000000000000e+00,1.233291000000000075e-03,1.927722499999999853e-02,1.527627500000000062e-02,4.158834999999999615e-02,5.946452600000000366e-02,1.179117789999999943e-01,6.353126319999999883e-01,5.337058150000000278e-01,2.954609000000000055e-02,6.918547099999999839e-02,4.497518970000000116e-01,4.470336260000000173e-01,5.453569139999999704e-01,6.482705960000000323e-01,7.968913140000000173e-01,7.432904489999999642e-01
7.570601470000000166e-01,8.255558889999999872e-01,3.147758399999999734e-01,9.504157120000000791e-01,2.679717449999999834e-01,8.941587370000000368e-01,5.376306499999999877e-02,7.042402899999999910e-02,1.040000000000000038e-05,1.917036000000000000e-03,1.888257000000000130e-02,5.864510719999999067e-01,6.944057470000000176e-01,1.000000000000000000e+00,1.233291000000000075e-03,1.927722499999999853e-02,1.527627500000000062e-02,3.628871000000000180e-02,3.872330300000000058e-02,1.397511790000000031e-01,6.353126319999999883e-01,5.337058150000000278e-01,2.954609000000000055e-02,6.918547099999999839e-02,4.497518970000000116e-01,4.470336260000000173e-01,5.453569139999999704e-01,6.482705960000000323e-01,7.968913140000000173e-01,7.432904489999999642e-01
7.741659530000000178e-01,8.504273700000000158e-01,2.976479810000000059e-01,9.564127829999999886e-01,2.545803189999999994e-01,8.941587370000000368e-01,5.376306499999999877e-02,7.042402899999999910e-02,1.040000000000000038e-05,1.917036000000000000e-03,1.888257000000000130e-02,6.034678799999999566e-01,6.837237160000000369e-01,1.000000000000000000e+00,1.233291000000000075e-03,1.927722499999999853e-02,1.527627500000000062e-02,2.983048399999999739e-02,5.835468200000000494e-02,1.378685809999999901e-01,6.353126319999999883e-01,5.337058150000000278e-01,2.954609000000000055e-02,6.918547099999999839e-02,4.497518970000000116e-01,4.470336260000000173e-01,5.453569139999999704e-01,6.482705960000000323e-01,7.968913140000000173e-01,7.432904489999999642e-01
7.527284009999999359e-01,8.463106180000000700e-01,3.035729189999999966e-01,9.538888460000000125e-01,2.807334559999999923e-01,8.941587370000000368e-01,5.376306499999999877e-02,7.042402899999999910e-02,1.040000000000000038e-05,1.917036000000000000e-03,1.888257000000000130e-02,5.976018009999999325e-01,7.017423830000000251e-01,1.000000000000000000e+00,1.233291000000000075e-03,1.927722499999999853e-02,1.527627500000000062e-02,4.112278999999999934e-02,5.745286299999999291e-02,1.196164889999999925e-01,6.353126319999999883e-01,5.337058150000000278e-01,2.954609000000000055e-02,6.918547099999999839e-02,4.497518970000000116e-01,4.470336260000000173e-01,5.453569139999999704e-01,6.482705960000000323e-01,7.968913140000000173e-01,7.432904489999999642e-01
7.692047869999999454e-01,8.291281970000000667e-01,3.081030969999999924e-01,9.525479350000000123e-01,2.759467879999999984e-01,8.941587370000000368e-01,5.376306499999999877e-02,7.042402899999999910e-02,1.040000000000000038e-05,1.917036000000000000e-03,1.888257000000000130e-02,5.900517109999999787e-01,6.873175879999999793e-01,1.000000000000000000e+00,1.233291000000000075e-03,1.927722499999999853e-02,1.527627500000000062e-02,4.244039800000000418e-02,5.142310899999999463e-02,1.352425109999999819e-01,6.353126319999999883e-01,5.337058150000000278e-01,2.954609000000000055e-02,6.918547099999999839e-02,4.497518970000000116e-01,4.470336260000000173e-01,5.453569139999999704e-01,6.482705960000000323e-01,7.968913140000000173e-01,7.432904489999999642e-01
7.702510479999999937e-01,8.413798800000000799e-01,2.975175270000000038e-01,9.469671510000000625e-01,2.678672400000000065e-01,8.941587370000000368e-01,5.376306499999999877e-02,7.042402899999999910e-02,1.040000000000000038e-05,1.917036000000000000e-03,1.888257000000000130e-02,5.787089859999999808e-01,6.919126009999999605e-01,1.000000000000000000e+00,1.233291000000000075e-03,1.927722499999999853e-02,1.527627500000000062e-02,5.658523999999999499e-02,4.621707099999999846e-02,1.183278279999999960e-01,6.353126319999999883e-01,5.337058150000000278e-01,2.954609000000000055e-02,6.918547099999999839e-02,4.497518970000000116e-01,4.470336260000000173e-01,5.453569139999999704e-01,6.482705960000000323e-01,7.968913140000000173e-01,7.432904489999999642e-01
7.698201019999999506e-01,8.227980660000000501e-01,2.963331469999999634e-01,9.503039760000000502e-01,2.566916109999999862e-01,8.941587370000000368e-01,5.376306499999999877e-02,7.042402899999999910e-02,1.040000000000000038e-05,1.917036000000000000e-03,1.888257000000000130e-02,6.039641259999999345e-01,6.951296209999999753e-01,1.000000000000000000e+00,1.233291000000000075e-03,1.927722499999999853e-02,1.527627500000000062e-02,3.456202900000000106e-02,4.450193399999999994e-02,1.385903189999999896e-01,6.353126319999999883e-01,5.337058150000000278e-01,2.954609000000000055e-02,6.918547099999999839e-02,4.497518970000000116e-01,4.470336260000000173e-01,5.453569139999999704e-01,6.482705960000000323e-01,7.968913140000000173e-01,7.432904489999999642e-01
7.591312260000000478e-01,8.247721900000000161e-01,2.970733909999999645e-01,9.666788050000000299e-01,2.613762660000000237e-01,8.941587370000000368e-01,5.376306499999999877e-02,7.042402899999999910e-02,1.040000000000000038e-05,1.917036000000000000e-03,1.888257000000000130e-02,5.786119259999999986e-01,6.833681120000000275e-01,1.000000000000000000e+00,1.233291000000000075e-03,1.927722499999999853e-02,1.527627500000000062e-02,4.623377900000000262e-02,4.249483099999999680e-02,1.363123099999999921e-01,6.353126319999999883e-01,5.337058150000000278e-01,2.954609000000000055e-02,6.918547099999999839e-02,4.497518970000000116e-01,4.470336260000000173e-01,5.453569139999999704e-01,6.482705960000000323e-01,7.968913140000000173e-01,7.432904489999999642e-01
7.499236950000000013e-01,8.459568750000000525e-01,2.976167839999999676e-01,9.512144500000000447e-01,2.582524939999999991e-01,8.941587370000000368e-01,5.376306499999999877e-02,7.042402899999999910e-02,1.040000000000000038e-05,1.917036000000000000e-03,1.888257000000000130e-02,5.913161419999999335e-01,6.799093389999999459e-01,1.000000000000000000e+00,1.233291000000000075e-03,1.927722499999999853e-02,1.527627500000000062e-02,4.644257899999999772e-02,4.315995999999999722e-02,1.331683459999999930e-01,6.353126319999999883e-01,5.337058150000000278e-01,2.954609000000000055e-02,6.918547099999999839e-02,4.497518970000000116e-01,4.470336260000000173e-01,5.453569139999999704e-01,6.482705960000000323e-01,7.968913140000000173e-01,7.432904489999999642e-01
7.578244100000000039e-01,8.377350300000000471e-01,3.127397630000000039e-01,9.691154470000000742e-01,2.803619560000000233e-01,8.941587370000000368e-01,5.376306499999999877e-02,7.042402899999999910e-02,1.040000000000000038e-05,1.917036000000000000e-03,1.888257000000000130e-02,5.981956519999999111e-01,7.007386549999999881e-01,1.000000000000000000e+00,1.233291000000000075e-03,1.927722499999999853e-02,1.527627500000000062e-02,4.794429899999999578e-02,5.197582600000000275e-02,1.207784569999999918e-01,6.353126319999999883e-01,5.337058150000000278e-01,2.954609000000000055e-02,6.918547099999999839e-02,4.497518970000000116e-01,4.470336260000000173e-01,5.453569139999999704e-01,6.482705960000000323e-01,7.968913140000000173e-01,7.432904489999999642e-01
7.545475480000000124e-01,8.459252990000000194e-01,3.117354209999999570e-01,9.752492999999999856e-01,2.669230760000000369e-01,8.941587370000000368e-01,5.376306499999999877e-02,7.042402899999999910e-02,1.040000000000000038e-05,1.917036000000000000e-03,1.888257000000000130e-02,6.033834359999999952e-01,6.823424550000000144e-01,1.000000000000000000e+00,1.233291000000000075e-03,1.927722499999999853e-02,1.527627500000000062e-02,5.581376899999999919e-02,5.991971699999999734e-02,1.197946329999999976e-01,6.353126319999999883e-01,5.337058150000000278e-01,2.954609000000000055e-02,6.918547099999999839e-02,4.497518970000000116e-01,4.470336260000000173e-01,5.453569139999999704e-01,6.482705960000000323e-01,7.968913140000000173e-01,7.432904489999999642e-01
7.728461070000000044e-01,8.349517109999999853e-01,2.989718339999999919e-01,9.502197640000000778e-01,2.535503729999999956e-01,8.941587370000000368e-01,5.376306499999999877e-02,7.042402899999999910e-02,1.040000000000000038e-05,1.917036000000000000e-03,1.888257000000000130e-02,5.985449959999999958e-01,6.841591449999999686e-01,1.000000000000000000e+00,1.233291000000000075e-03,1.927722499999999853e-02,1.527627500000000062e-02,5.545391600000000587e-02,5.586236799999999558e-02,1.191438599999999903e-01,6.353126319999999883e-01,5.337058150000000278e-01,2.954609000000000055e-02,6.918547099999999839e-02,4.497518970000000116e-01,4.470336260000000173e-01,5.453569139999999704e-01,6.482705960000000323e-01,7.968913140000000173e-01,7.432904489999999642e-01
7.720289160000000095e-01,8.385761290000000034e-01,3.182491679999999712e-01,9.478798569999999923e-01,2.772968740000000265e-01,8.941587370000000368e-01,5.376306499999999877e-02,7.042402899999999910e-02,1.040000000000000038e-05,1.917036000000000000e-03,1.888257000000000130e-02,5.800928079999999598e-01,6.887666729999999404e-01,1.000000000000000000e+00,1.233291000000000075e-03,1.927722499999999853e-02,1.527627500000000062e-02,5.408152400000000581e-02,3.876163800000000104e-02,1.217407029999999918e-01,6.353126319999999883e-01,5.337058150000000278e-01,2.954609000000000055e-02,6.918547099999999839e-02,4.497518970000000116e-01,4.470336260000000173e-01,5.453569139999999704e-01,6.482705960000000323e-01,7.968913140000000173e-01,7.432904489999999642e-01
7.510783309999999879e-01,8.391051050000000178e-01,3.207263569999999619e-01,9.595109560000000259e-01,2.680903510000000045e-01,8.941587370000000368e-01,5.376306499999999877e-02,7.042402899999999910e-02,1.040000000000000038e-05,1.917036000000000000e-03,1.888257000000000130e-02,6.028846469999999957e-01,6.987319450000000209e-01,1.000000000000000000e+00,1.233291000000000075e-03,1.927722499999999853e-02,1.527627500000000062e-02,3.951201499999999756e-02,6.122416199999999864e-02,1.276338810000000046e-01,6.353126319999999883e-01,5.337058150000000278e-01,2.954609000000000055e-02,6.918547099999999839e-02,4.497518970000000116e-01,4.470336260000000173e-01,5.453569139999999704e-01,6.482705960000000323e-01,7.968913140000000173e-01,7.432904489999999642e-01
7.622318120000000086e-01,8.325010800000000044e-01,3.199399199999999888e-01,9.683566630000000064e-01,2.830178890000000225e-01,8.941587370000000368e-01,5.376306499999999877e-02,7.042402899999999910e-02,1.040000000000000038e-05,1.917036000000000000e-03,1.888257000000000130e-02,5.778616509999999762e-01,6.966013149999999987e-01,1.000000000000000000e+00,1.233291000000000075e-03,1.927722499999999853e-02,1.527627500000000062e-02,3.969297800000000376e-02,4.609204899999999605e-02,1.266921719999999918e-01,6.353126319999999883e-01,5.337058150000000278e-01,2.954609000000000055e-02,6.918547099999999839e-02,4.497518970000000116e-01,4.470336260000000173e-01,5.453569139999999704e-01,6.482705960000000323e-01,7.968913140000000173e-01,7.432904489999999642e-01
7.589028490000000460e-01,8.402182360000000072e-01,3.159411489999999767e-01,9.644406210000000534e-01,2.608240890000000367e-01,8.941587370000000368e-01,5.376306499999999877e-02,7.042402899999999910e-02,1.040000000000000038e-05,1.917036000000000000e-03,1.888257000000000130e-02,5.981243920000000047e-01,6.765638600000000169e-01,1.000000000000000000e+00,1.233291000000000075e-03,1.927722499999999853e-02,1.527627500000000062e-02,3.183527299999999727e-02,4.403590899999999808e-02,1.310911409999999944e-01,6.353126319999999883e-01,5.337058150000000278e-01,2.954609000000000055e-02,6.918547099999999839e-02,4.497518970000000116e-01,4.470336260000000173e-01,5.453569139999999704e-01,6.482705960000000323e-01,7.968913140000000173e-01,7.432904489999999642e-01
7.581279439999999425e-01,8.299028760000000116e-01,3.168059850000000122e-01,9.707991329999999808e-01,2.745204400000000322e-01,8.941587370000000368e-01,5.376306499999999877e-02,7.042402899999999910e-02,1.040000000000000038e-05,1.917036000000000000e-03,1.888257000000000130e-02,5.803975659999999204e-01,6.888102390000000463e-01,1.000000000000000000e+00,1.233291000000000075e-03,1.927722499999999853e-02,1.527627500000000062e-02,4.909702700000000142e-02,3.459556299999999585e-02,1.399763869999999799e-01,6.353126319999999883e-01,5.337058150000000278e-01,2.954609000000000055e-02,6.918547099999999839e-02,4.497518970000000116e-01,4.470336260000000173e-01,5.453569139999999704e-01,6.482705960000000323e-01,7.968913140000000173e-01,7.432904489999999642e-01
7.554395069999999546e-01,8.474593919999999780e-01,2.970301220000000075e-01,9.558888690000000299e-01,2.690497900000000109e-01,8.941587370000000368e-01,5.376306499999999877e-02,7.042402899999999910e-02,1.040000000000000038e-05,1.917036000000000000e-03,1.888257000000000130e-02,5.826082969999999417e-01,6.776541360000000180e-01,1.000000000000000000e+00,1.233291000000000075e-03,1.927722499999999853e-02,1.527627500000000062e-02,4.896553800000000289e-02,4.329486099999999699e-02,1.279614859999999854e-01,6.353126319999999883e-01,5.337058150000000278e-01,2.954609000000000055e-02,6.918547099999999839e-02,4.497518970000000116e-01,4.470336260000000173e-01,5.453569139999999704e-01,6.482705960000000323e-01,7.968913140000000173e-01,7.432904489999999642e-01
7.692686380000000046e-01,8.285325640000000824e-01,2.930743040000000077e-01,9.533808799999999861e-01,2.671239229999999854e-01,8.941587370000000368e-01,5.376306499999999877e-02,7.042402899999999910e-02,1.040000000000000038e-05,1.917036000000000000e-03,1.888257000000000130e-02,5.990797740000000093e-01,6.995404579999999761e-01,1.000000000000000000e+00,1.233291000000000075e-03,1.927722499999999853e-02,1.527627500000000062e-02,5.780721199999999671e-02,4.910725600000000191e-02,1.368079739999999989e-01,6.353126319999999883e-01,5.337058150000000278e-01,2.954609000000000055e-02,6.918547099999999839e-02,4.497518970000000116e-01,4.470336260000000173e-01,5.453569139999999704e-01,6.482705960000000323e-01,7.968913140000000173e-01,7.432904489999999642e-01
7.678399099999999589e-01,8.257214920000000014e-01,3.203781169999999623e-01,9.613806180000000756e-01,2.788255960000000089e-01,8.941587370000000368e-01,5.376306499999999877e-02,7.042402899999999910e-02,1.040000000000000038e-05,1.917036000000000000e-03,1.888257000000000130e-02,5.827629500000000018e-01,6.992702990000000396e-01,1.000000000000000000e+00,1.233291000000000075e-03,1.927722499999999853e-02,1.527627500000000062e-02,4.207730499999999541e-02,4.773061499999999707e-02,1.286001870000000047e-01,6.353126319999999883e-01,5.337058150000000278e-01,2.954609000000000055e-02,6.918547099999999839e-02,4.497518970000000116e-01,4.470336260000000173e-01,5.453569139999999704e-01,6.482705960000000323e-01,7.968913140000000173e-01,7.432904489999999642e-01
7.475651839999999382e-01,8.505977890000000485e-01,3.157171329999999831e-01,9.701766940000000616e-01,2.752459449999999919e-01,8.941587370000000368e-01,5.376306499999999877e-02,7.042402899999999910e-02,1.040000000000000038e-05,1.917036000000000000e-03,1.888257000000000130e-02,6.049554119999999147e-01,7.018560990000000110e-01,1.000000000000000000e+00,1.233291000000000075e-03,1.927722499999999853e-02,1.527627500000000062e-02,5.421883499999999301e-02,6.008335099999999318e-02,1.413852119999999823e-01,6.353126319999999883e-01,5.337058150000000278e-01,2.954609000000000055e-02,6.918547099999999839e-02,4.497518970000000116e-01,4.470336260000000173e-01,5.453569139999999704e-01,6.482705960000000323e-01,7.968913140000000173e-01,7.432904489999999642e-01
7.488859589999999899e-01,8.244428369999999839e-01,3.015288859999999960e-01,9.652728489999999884e-01,2.580797910000000028e-01,8.941587370000000368e-01,5.376306499999999877e-02,7.042402899999999910e-02,1.040000000000000038e-05,1.917036000000000000e-03,1.888257000000000130e-02,5.954421519999999468e-01,6.763089220000000346e-01,1.000000000000000000e+00,1.233291000000000075e-03,1.927722499999999853e-02,1.527627500000000062e-02,4.775804699999999792e-02,3.257023800000000135e-02,1.464310339999999877e-01,6.353126319999999883e-01,5.337058150000000278e-01,2.954609000000000055e-02,6.918547099999999839e-02,4.497518970000000116e-01,4.470336260000000173e-01,5.453569139999999704e-01,6.482705960000000323e-01,7.968913140000000173e-01,7.432904489999999642e-01
7.716049339999999646e-01,8.335774420000000573e-01,2.945799359999999867e-01,9.625032860000000134e-01,2.719821050000000295e-01,8.941587370000000368e-01,5.376306499999999877e-02,7.042402899999999910e-02,1.040000000000000038e-05,1.917036000000000000e-03,1.888257000000000130e-02,5.977133390000000102e-01,6.885630929999999594e-01,1.000000000000000000e+00,1.233291000000000075e-03,1.927722499999999853e-02,1.527627500000000062e-02,3.087864900000000107e-02,4.880455799999999789e-02,1.468107379999999962e-01,6.353126319999999883e-01,5.337058150000000278e-01,2.954609000000000055e-02,6.918547099999999839e-02,4.497518970000000116e-01,4.470336260000000173e-01,5.453569139999999704e-01,6.482705960000000323e-01,7.968913140000000173e-01,7.432904489999999642e-01
7.639837059999999846e-01,8.488636790000000376e-01,3.075147179999999647e-01,9.733014730000000281e-01,2.537586940000000069e-01,8.941587370000000368e-01,5.376306499999999877e-02,7.042402899999999910e-02,1.040000000000000038e-05,1.917036000000000000e-03,1.888257000000000130e-02,6.044047189999999237e-01,6.980488879999999785e-01,1.000000000000000000e+00,1.233291000000000075e-03,1.927722499999999853e-02,1.527627500000000062e-02,5.279673399999999794e-02,3.438447199999999926e-02,1.344233759999999833e-01,6.353126319999999883e-01,5.337058150000000278e-01,2.954609000000000055e-02,6.918547099999999839e-02,4.497518970000000116e-01,4.470336260000000173e-01,5.453569139999999704e-01,6.482705960000000323e-01,7.968913140000000173e-01,7.432904489999999642e-01
7.519863959999999459e-01,8.507599100000000636e-01,3.186398709999999634e-01,9.640463799999999805e-01,2.821085329999999947e-01,8.941587370000000368e-01,5.376306499999999877e-02,7.042402899999999910e-02,1.040000000000000038e-05,1.917036000000000000e-03,1.888257000000000130e-02,6.018734299999999315e-01,6.866193550000000423e-01,1.000000000000000000e+00,1.233291000000000075e-03,1.927722499999999853e-02,1.527627500000000062e-02,2.992654299999999989e-02,4.126188799999999657e-02,1.216461369999999875e-01,6.353126319999999883e-01,5.337058150000000278e-01,2.954609000000000055e-02,6.918547099999999839e-02,4.497518970000000116e-01,4.470336260000000173e-01,5.453569139999999704e-01,6.482705960000000323e-01,7.968913140000000173e-01,7.432904489999999642e-01
7.479295830000000089e-01,8.312833120000000520e-01,3.104536179999999868e-01,9.491285460000000729e-01,2.554337570000000390e-01,8.941587370000000368e-01,5.376306499999999877e-02,7.042402899999999910e-02,1.040000000000000038e-05,1.917036000000000000e-03,1.888257000000000130e-02,5.753092459999999964e-01,6.954235450000000318e-01,1.000000000000000000e+00,1.233291000000000075e-03,1.927722499999999853e-02,1.527627500000000062e-02,4.251681899999999736e-02,5.033594599999999947e-02,1.359983459999999922e-01,6.353126319999999883e-01,5.337058150000000278e-01,2.954609000000000055e-02,6.918547099999999839e-02,4.497518970000000116e-01,4.470336260000000173e-01,5.453569139999999704e-01,6.482705960000000323e-01,7.968913140000000173e-01,7.432904489999999642e-01
7.730623329999999349e-01,8.240932340000000078e-01,3.195091909999999702e-01,9.540915349999999906e-01,2.591102789999999989e-01,8.941587370000000368e-01,5.376306499999999877e-02,7.042402899999999910e-02,1.040000000000000038e-05,1.917036000000000000e-03,1.888257000000000130e-02,5.953528419999999377e-01,6.983607469999999484e-01,1.000000000000000000e+00,1.233291000000000075e-03,1.927722499999999853e-02,1.527627500000000062e-02,5.538093700000000508e-02,3.505659099999999806e-02,1.180547809999999975e-01,6.353126319999999883e-01,5.337058150000000278e-01,2.954609000000000055e-02,6.918547099999999839e-02,4.497518970000000116e-01,4.470336260000000173e-01,5.453569139999999704e-01,6.482705960000000323e-01,7.968913140000000173e-01,7.432904489999999642e-01
7.481075790000000225e-01,8.426204840000000029e-01,2.999135989999999752e-01,9.526476729999999726e-01,2.669034849999999959e-01,8.941587370000000368e-01,5.376306499999999877e-02,7.042402899999999910e-02,1.040000000000000038e-05,1.917036000000000000e-03,1.888257000000000130e-02,6.045857390000000109e-01,6.731153180000000180e-01,1.000000000000000000e+00,1.233291000000000075e-03,1.927722499999999853e-02,1.527627500000000062e-02,3.046582600000000141e-02,5.174900200000000228e-02,1.204347079999999875e-01,6.353126319999999883e-01,5.337058150000000278e-01,2.954609000000000055e-02,6.918547099999999839e-02,4.497518970000000116e-01,4.470336260000000173e-01,5.453569139999999704e-01,6.482705960000000323e-01,7.968913140000000173e-01,7.432904489999999642e-01
7.620451999999999781e-01,8.490430490000000496e-01,2.935380029999999918e-01,9.535868440000000446e-01,2.766843569999999919e-01,8.941587370000000368e-01,5.376306499999999877e-02,7.042402899999999910e-02,1.040000000000000038e-05,1.917036000000000000e-03,1.888257000000000130e-02,5.794714939999999759e-01,6.898350580000000010e-01,1.000000000000000000e+00,1.233291000000000075e-03,1.927722499999999853e-02,1.527627500000000062e-02,4.385028900000000063e-02,4.177134300000000244e-02,1.195157209999999914e-01,6.353126319999999883e-01,5.337058150000000278e-01,2.954609000000000055e-02,6.918547099999999839e-02,4.497518970000000116e-01,4.470336260000000173e-01,5.453569139999999704e-01,6.482705960000000323e-01,7.968913140000000173e-01,7.432904489999999642e-01
7.724504420000000149e-01,8.218074890000000021e-01,3.148803699999999650e-01,9.478285939999999687e-01,2.798448040000000026e-01,8.941587370000000368e-01,5.376306499999999877e-02,7.042402899999999910e-02,1.040000000000000038e-05,1.917036000000000000e-03,1.888257000000000130e-02,6.010020939999999312e-01,6.936077130000000146e-01,1.000000000000000000e+00,1.233291000000000075e-03,1.927722499999999853e-02,1.527627500000000062e-02,3.524175499999999961e-02,3.999128500000000142e-02,1.325560679999999991e-01,6.353126319999999883e-01,5.337058150000000278e-01,2.954609000000000055e-02,6.918547099999999839e-02,4.497518970000000116e-01,4.470336260000000173e-01,5.453569139999999704e-01,6.482705960000000323e-01,7.968913140000000173e-01,7.432904489999999642e-01
7.617961279999999613e-01,8.406912939999999779e-01,3.014636499999999719e-01,9.748197699999999744e-01,2.697491510000000203e-01,8.941587370000000368e-01,5.376306499999999877e-02,7.042402899999999910e-02,1.040000000000000038e-05,1.917036000000000000e-03,1.888257000000000130e-02,5.757708039999999139e-01,6.804920679999999500e-01,1.000000000000000000e+00,1.233291000000000075e-03,1.927722499999999853e-02,1.527627500000000062e-02,5.684581499999999399e-02,5.250519900000000240e-02,1.190076049999999885e-01,6.353126319999999883e-01,5.337058150000000278e-01,2.954609000000000055e-02,6.918547099999999839e-02,4.497518970000000116e-01,4.470336260000000173e-01,5.453569139999999704e-01,6.482705960000000323e-01,7.968913140000000173e-01,7.432904489999999642e-01
7.589342550000000021e-01,8.487741970000000080e-01,2.934295719999999719e-01,9.531915560000000509e-01,2.635433020000000348e-01,8.941587370000000368e-01,5.376306499999999877e-02,7.042402899999999910e-02,1.040000000000000038e-05,1.917036000000000000e-03,1.888257000000000130e-02,5.971935569999999860e-01,6.934497619999999696e-01,1.000000000000000000e+00,1.233291000000000075e-03,1.927722499999999853e-02,1.527627500000000062e-02,3.225864299999999657e-02,6.043814399999999920e-02,1.345035789999999842e-01,6.353126319999999883e-01,5.337058150000000278e-01,2.954609000000000055e-02,6.918547099999999839e-02,4.497518970000000116e-01,4.470336260000000173e-01,5.453569139999999704e-01,6.482705960000000323e-01,7.968913140000000173e-01,7.432904489999999642e-01
7.503681620000000052e-01,8.248501489999999770e-01,3.136902870000000121e-01,9.578499810000000725e-01,2.729089160000000014e-01,8.941587370000000368e-01,5.376306499999999877e-02,7.042402899999999910e-02,1.040000000000000038e-05,1.917036000000000000e-03,1.888257000000000130e-02,5.798234809999999184e-01,6.999664530000000440e-01,1.000000000000000000e+00,1.233291000000000075e-03,1.927722499999999853e-02,1.527627500000000062e-02,5.241346499999999242e-02,4.859936599999999801e-02,1.334817080000000045e-01,6.353126319999999883e-01,5.337058150000000278e-01,2.954609000000000055e-02,6.918547099999999839e-02,4.497518970000000116e-01,4.470336260000000173e-01,5.453569139999999704e-01,6.482705960000000323e-01,7.968913140000000173e-01,7.432904489999999642e-01
7.665684959999999881e-01,8.280907900000000765e-01,2.986380399999999935e-01,9.673599270000000638e-01,2.549622340000000098e-01,8.941587370000000368e-01,5.376306499999999877e-02,7.042402899999999910e-02,1.040000000000000038e-05,1.917036000000000000e-03,1.888257000000000130e-02,5.760976639999999538e-01,6.756741589999999409e-01,1.000000000000000000e+00,1.233291000000000075e-03,1.927722499999999853e-02,1.527627500000000062e-02,4.548121100000000055e-02,5.960551699999999675e-02,1.371234090000000017e-01,6.353126319999999883e-01,5.337058150000000278e-01,2.954609000000000055e-02,6.918547099999999839e-02,4.497518970000000116e-01,4.470336260000000173e-01,5.453569139999999704e-01,6.482705960000000323e-01,7.968913140000000173e-01,7.432904489999999642e-01
7.471216029999999675e-01,8.382276929999999959e-01,3.083370999999999751e-01,9.651740109999999984e-01,2.631180519999999912e-01,8.941587370000000368e-01,5.376306499999999877e-02,7.042402899999999910e-02,1.040000000000000038e-05,1.917036000000000000e-03,1.888257000000000130e-02,5.757030329999999196e-01,6.750040750000000367e-01,1.000000000000000000e+00,1.233291000000000075e-03,1.927722499999999853e-02,1.527627500000000062e-02,5.078200700000000400e-02,4.775781399999999566e-02,1.212496989999999886e-01,6.353126319999999883e-01,5.337058150000000278e-01,2.954609000000000055e-02,6.918547099999999839e-02,4.497518970000000116e-01,4.470336260000000173e-01,5.453569139999999704e-01,6.482705960000000323e-01,7.968913140000000173e-01,7.432904489999999642e-01
7.738736959999999998e-01,8.506445839999999814e-01,3.086450439999999795e-01,9.687677980000000133e-01,2.736106320000000203e-01,8.941587370000000368e-01,5.376306499999999877e-02,7.042402899999999910e-02,1.040000000000000038e-05,1.917036000000000000e-03,1.888257000000000130e-02,5.984731789999999663e-01,6.988837439999999734e-01,1.000000000000000000e+00,1.233291000000000075e-03,1.927722499999999853e-02,1.527627500000000062e-02,5.898981899999999889e-02,5.688442400000000287e-02,1.305764829999999932e-01,6.353126319999999883e-01,5.337058150000000278e-01,2.954609000000000055e-02,6.918547099999999839e-02,4.497518970000000116e-01,4.470336260000000173e-01,5.453569139999999704e-01,6.482705960000000323e-01,7.968913140000000173e-01,7.432904489999999642e-01
7.486589750000000043e-01,8.253133670000000199e-01,3.061833999999999945e-01,9.709883089999999939e-01,2.763037879999999946e-01,8.941587370000000368e-01,5.376306499999999877e-02,7.042402899999999910e-02,1.040000000000000038e-05,1.917036000000000000e-03,1.888257000000000130e-02,5.839188819999999724e-01,6.876302229999999849e-01,1.000000000000000000e+00,1.233291000000000075e-03,1.927722499999999853e-02,1.527627500000000062e-02,4.221149899999999955e-02,3.936375300000000133e-02,1.278144189999999847e-01,6.353126319999999883e-01,5.337058150000000278e-01,2.954609000000000055e-02,6.918547099999999839e-02,4.497518970000000116e-01,4.470336260000000173e-01,5.453569139999999704e-01,6.482705960000000323e-01,7.968913140000000173e-01,7.432904489999999642e-01
7.670666839999999986e-01,8.351941720000000124e-01,2.951095329999999795e-01,9.645817020000000408e-01,2.741020730000000016e-01,8.941587370000000368e-01,5.376306499999999877e-02,7.042402899999999910e-02,1.040000000000000038e-05,1.917036000000000000e-03,1.888257000000000130e-02,6.052144789999999164e-01,6.763537039999999445e-01,1.000000000000000000e+00,1.233291000000000075e-03,1.927722499999999853e-02,1.527627500000000062e-02,3.593682499999999863e-02,5.843051400000000284e-02,1.245071779999999961e-01,6.353126319999999883e-01,5.337058150000000278e-01,2.954609000000000055e-02,6.918547099999999839e-02,4.497518970000000116e-01,4.470336260000000173e-01,5.453569139999999704e-01,6.482705960000000323e-01,7.968913140000000173e-01,7.432904489999999642e-01
7.762406029999999735e-01,8.337722640000000407e-01,2.946739489999999906e-01,9.728788720000000056e-01,2.625977569999999872e-01,8.941587370000000368e-01,5.376306499999999877e-02,7.042402899999999910e-02,1.040000000000000038e-05,1.917036000000000000e-03,1.888257000000000130e-02,6.026335189999999509e-01,6.800344720000000009e-01,1.000000000000000000e+00,1.233291000000000075e-03,1.927722499999999853e-02,1.527627500000000062e-02,3.270798999999999929e-02,5.593878700000000370e-02,1.356846549999999874e-01,6.353126319999999883e-01,5.337058150000000278e-01,2.954609000000000055e-02,6.918547099999999839e-02,4.497518970000000116e-01,4.470336260000000173e-01,5.453569139999999704e-01,6.482705960000000323e-01,7.968913140000000173e-01,7.432904489999999642e-01
7.530603719999999779e-01,8.387972880000000853e-01,3.059521530000000045e-01,9.679622480000000806e-01,2.603419390000000222e-01,8.941587370000000368e-01,5.376306499999999877e-02,7.042402899999999910e-02,1.040000000000000038e-05,1.917036000000000000e-03,1.888257000000000130e-02,5.894701780000000113e-01,7.024288990000000510e-01,1.000000000000000000e+00,1.233291000000000075e-03,1.927722499999999853e-02,1.527627500000000062e-02,4.468161299999999503e-02,4.361045099999999453e-02,1.399034959999999883e-01,6.353126319999999883e-01,5.337058150000000278e-01,2.954609000000000055e-02,6.918547099999999839e-02,4.497518970000000116e-01,4.470336260000000173e-01,5.453569139999999704e-01,6.482705960000000323e-01,7.968913140000000173e-01,7.432904489999999642e-01
7.706358530000000373e-01,8.411181710000000811e-01,3.110524309999999626e-01,9.660229639999999840e-01,2.773599050000000177e-01,8.941587370000000368e-01,5.376306499999999877e-02,7.042402899999999910e-02,1.040000000000000038e-05,1.917036000000000000e-03,1.888257000000000130e-02,5.991080970000000061e-01,6.903462689999999569e-01,1.000000000000000000e+00,1.233291000000000075e-03,1.927722499999999853e-02,1.527627500000000062e-02,4.330558600000000008e-02,4.737853399999999993e-02,1.373622369999999981e-01,6.353126319999999883e-01,5.337058150000000278e-01,2.954609000000000055e-02,6.918547099999999839e-02,4.497518970000000116e-01,4.470336260000000173e-01,5.453569139999999704e-01,6.482705960000000323e-01,7.968913140000000173e-01,7.432904489999999642e-01
7.675752609999999532e-01,8.466674290000000269e-01,3.003114869999999881e-01,9.501117479999999782e-01,2.769663689999999900e-01,8.941587370000000368e-01,5.376306499999999877e-02,7.042402899999999910e-02,1.040000000000000038e-05,1.917036000000000000e-03,1.888257000000000130e-02,5.928534669999999673e-01,6.810720329999999656e-01,1.000000000000000000e+00,1.233291000000000075e-03,1.927722499999999853e-02,1.527627500000000062e-02,3.542198800000000147e-02,5.911843099999999906e-02,1.248643859999999939e-01,6.353126319999999883e-01,5.337058150000000278e-01,2.954609000000000055e-02,6.918547099999999839e-02,4.497518970000000116e-01,4.470336260000000173e-01,5.453569139999999704e-01,6.482705960000000323e-01,7.968913140000000173e-01,7.432904489999999642e-01
7.709982610000000181e-01,8.366678830000000566e-01,2.984913650000000085e-01,9.610819420000000779e-01,2.826338790000000323e-01,8.941587370000000368e-01,5.376306499999999877e-02,7.042402899999999910e-02,1.040000000000000038e-05,1.917036000000000000e-03,1.888257000000000130e-02,6.043105039999999706e-01,7.014492580000000199e-01,1.000000000000000000e+00,1.233291000000000075e-03,1.927722499999999853e-02,1.527627500000000062e-02,3.061909799999999737e-02,4.649996700000000316e-02,1.273437490000000061e-01,6.353126319999999883e-01,5.337058150000000278e-01,2.954609000000000055e-02,6.918547099999999839e-02,4.497518970000000116e-01,4.470336260000000173e-01,5.453569139999999704e-01,6.482705960000000323e-01,7.968913140000000173e-01,7.432904489999999642e-01
7.536146860000000336e-01,8.423801779999999795e-01,2.925651890000000033e-01,9.583536670000000202e-01,2.609563420000000078e-01,8.941587370000000368e-01,5.376306499999999877e-02,7.042402899999999910e-02,1.040000000000000038e-05,1.917036000000000000e-03,1.888257000000000130e-02,5.866867539999999215e-01,7.028026109999999660e-01,1.000000000000000000e+00,1.233291000000000075e-03,1.927722499999999853e-02,1.527627500000000062e-02,5.216524200000000056e-02,5.477355400000000207e-02,1.330517639999999890e-01,6.353126319999999883e-01,5.337058150000000278e-01,2.954609000000000055e-02,6.918547099999999839e-02,4.497518970000000116e-01,4.470336260000000173e-01,5.453569139999999704e-01,6.482705960000000323e-01,7.968913140000000173e-01,7.432904489999999642e-01
7.529431690000000232e-01,8.288127570000000111e-01,3.009376609999999674e-01,9.530886470000000665e-01,2.573821079999999983e-01,8.941587370000000368e-01,5.376306499999999877e-02,7.042402899999999910e-02,1.040000000000000038e-05,1.917036000000000000e-03,1.888257000000000130e-02,5.911769929999999285e-01,6.812118029999999491e-01,1.000000000000000000e+00,1.233291000000000075e-03,1.927722499999999853e-02,1.527627500000000062e-02,3.398514099999999649e-02,5.422965500000000161e-02,1.369912660000000004e-01,6.353126319999999883e-01,5.337058150000000278e-01,2.954609000000000055e-02,6.918547099999999839e-02,4.497518970000000116e-01,4.470336260000000173e-01,5.453569139999999704e-01,6.482705960000000323e-01,7.968913140000000173e-01,7.432904489999999642e-01
7.614883110000000288e-01,8.272506120000000518e-01,3.096770529999999799e-01,9.488549649999999946e-01,2.828727309999999884e-01,8.941587370000000368e-01,5.376306499999999877e-02,7.042402899999999910e-02,1.040000000000000038e-05,1.917036000000000000e-03,1.888257000000000130e-02,5.792910779999999038e-01,6.797333589999999814e-01,1.000000000000000000e+00,1.233291000000000075e-03,1.927722499999999853e-02,1.527627500000000062e-02,4.921000799999999953e-02,3.989188200000000351e-02,1.356040289999999870e-01,6.353126319999999883e-01,5.337058150000000278e-01,2.954609000000000055e-02,6.918547099999999839e-02,4.497518970000000116e-01,4.470336260000000173e-01,5.453569139999999704e-01,6.482705960000000323e-01,7.968913140000000173e-01,7.432904489999999642e-01
7.598059200000000235e-01,8.509304429999999808e-01,3.133118669999999661e-01,9.620911520000000605e-01,2.787731890000000323e-01,8.941587370000000368e-01,5.376306499999999877e-02,7.042402899999999910e-02,1.040000000000000038e-05,1.917036000000000000e-03,1.888257000000000130e-02,6.040758299999999803e-01,6.806803449999999645e-01,1.000000000000000000e+00,1.233291000000000075e-03,1.927722499999999853e-02,1.527627500000000062e-02,5.205409099999999678e-02,4.431787899999999752e-02,1.470853910000000098e-01,6.353126319999999883e-01,5.337058150000000278e-01,2.954609000000000055e-02,6.918547099999999839e-02,4.497518970000000116e-01,4.470336260000000173e-01,5.453569139999999704e-01,6.482705960000000323e-01,7.968913140000000173e-01,7.432904489999999642e-01
7.635837370000000401e-01,8.342817240000000023e-01,3.177033309999999777e-01,9.490026329999999843e-01,2.701367929999999862e-01,8.941587370000000368e-01,5.376306499999999877e-02,7.042402899999999910e-02,1.040000000000000038e-05,1.917036000000000000e-03,1.888257000000000130e-02,6.001705039999999380e-01,6.953008010000000239e-01,1.000000000000000000e+00,1.233291000000000075e-03,1.927722499999999853e-02,1.527627500000000062e-02,5.305622999999999589e-02,4.941660500000000233e-02,1.267840100000000025e-01,6.353126319999999883e-01,5.337058150000000278e-01,2.954609000000000055e-02,6.918547099999999839e-02,4.497518970000000116e-01,4.470336260000000173e-01,5.453569139999999704e-01,6.482705960000000323e-01,7.968913140000000173e-01,7.432904489999999642e-01
7.676907609999999993e-01,8.301313359999999975e-01,2.993124469999999815e-01,9.498642440000000242e-01,2.659375190000000111e-01,8.941587370000000368e-01,5.376306499999999877e-02,7.042402899999999910e-02,1.040000000000000038e-05,1.917036000000000000e-03,1.888257000000000130e-02,5.830344299999999924e-01,6.960607140000000248e-01,1.000000000000000000e+00,1.233291000000000075e-03,1.927722499999999853e-02,1.527627500000000062e-02,5.749926799999999227e-02,3.722827599999999765e-02,1.416341750000000010e-01,6.353126319999999883e-01,5.337058150000000278e-01,2.954609000000000055e-02,6.918547099999999839e-02,4.497518970000000116e-01,4.470336260000000173e-01,5.453569139999999704e-01,6.482705960000000323e-01,7.968913140000000173e-01,7.432904489999999642e-01
7.625164650000000321e-01,8.418936620000000426e-01,3.058067110000000088e-01,9.510473550000000387e-01,2.540503390000000139e-01,8.941587370000000368e-01,5.376306499999999877e-02,7.042402899999999910e-02,1.040000000000000038e-05,1.917036000000000000e-03,1.888257000000000130e-02,5.969459990000000049e-01,6.733762759999999403e-01,1.000000000000000000e+00,1.233291000000000075e-03,1.927722499999999853e-02,1.527627500000000062e-02,3.128993399999999842e-02,4.721685500000000202e-02,1.310990260000000074e-01,6.353126319999999883e-01,5.337058150000000278e-01,2.954609000000000055e-02,6.918547099999999839e-02,4.497518970000000116e-01,4.470336260000000173e-01,5.453569139999999704e-01,6.482705960000000323e-01,7.968913140000000173e-01,7.432904489999999642e-01
7.562168329999999772e-01,8.396146480000000745e-01,3.155679879999999660e-01,9.658539550000000418e-01,2.717080900000000132e-01,8.941587370000000368e-01,5.376306499999999877e-02,7.042402899999999910e-02,1.040000000000000038e-05,1.917036000000000000e-03,1.888257000000000130e-02,5.918667949999999456e-01,7.009398820000000141e-01,1.000000000000000000e+00,1.233291000000000075e-03,1.927722499999999853e-02,1.527627500000000062e-02,3.914799499999999793e-02,5.106113199999999519e-02,1.451888570000000045e-01,6.353126319999999883e-01,5.337058150000000278e-01,2.954609000000000055e-02,6.918547099999999839e-02,4.497518970000000116e-01,4.470336260000000173e-01,5.453569139999999704e-01,6.482705960000000323e-01,7.968913140000000173e-01,7.432904489999999642e-01
7.548144159999999880e-01,8.266986610000000013e-01,3.093307619999999813e-01,9.642244400000000715e-01,2.655147250000000070e-01,8.941587370000000368e-01,5.376306499999999877e-02,7.042402899999999910e-02,1.040000000000000038e-05,1.917036000000000000e-03,1.888257000000000130e-02,5.815849699999999789e-01,6.861523029999999634e-01,1.000000000000000000e+00,1.233291000000000075e-03,1.927722499999999853e-02,1.527627500000000062e-02,4.505463799999999408e-02,4.459441100000000047e-02,1.284007010000000060e-01,6.353126319999999883e-01,5.337058150000000278e-01,2.954609000000000055e-02,6.918547099999999839e-02,4.497518970000000116e-01,4.470336260000000173e-01,5.453569139999999704e-01,6.482705960000000323e-01,7.968913140000000173e-01,7.432904489999999642e-01
7.605856909999999527e-01,8.278931370000000012e-01,3.030234639999999646e-01,9.544603580000000642e-01,2.542022210000000060e-01,8.941587370000000368e-01,5.376306499999999877e-02,7.042402899999999910e-02,1.040000000000000038e-05,1.917036000000000000e-03,1.888257000000000130e-02,5.753504749999999168e-01,6.970072059999999903e-01,1.000000000000000000e+00,1.233291000000000075e-03,1.927722499999999853e-02,1.527627500000000062e-02,5.130224499999999632e-02,4.388837699999999925e-02,1.354429769999999922e-01,6.353126319999999883e-01,5.337058150000000278e-01,2.954609000000000055e-02,6.918547099999999839e-02,4.497518970000000116e-01,4.470336260000000173e-01,5.453569139999999704e-01,6.482705960000000323e-01,7.968913140000000173e-01,7.432904489999999642e-01
7.745720870000000202e-01,8.223173249999999879e-01,3.011772719999999959e-01,9.693489809999999984e-01,2.742347870000000354e-01,8.941587370000000368e-01,5.376306499999999877e-02,7.042402899999999910e-02,1.040000000000000038e-05,1.917036000000000000e-03,1.888257000000000130e-02,5.776293120000000059e-01,6.786620399999999664e-01,1.000000000000000000e+00,1.233291000000000075e-03,1.927722499999999853e-02,1.527627500000000062e-02,4.314459699999999981e-02,4.638807999999999820e-02,1.243365859999999989e-01,6.353126319999999883e-01,5.337058150000000278e-01,2.954609000000000055e-02,6.918547099999999839e-02,4.497518970000000116e-01,4.470336260000000173e-01,5.453569139999999704e-01,6.482705960000000323e-01,7.968913140000000173e-01,7.432904489999999642e-01
7.718492009999999848e-01,8.225552480000000166e-01,3.107052869999999967e-01,9.697461910000000351e-01,2.683921029999999930e-01,8.941587370000000368e-01,5.376306499999999877e-02,7.042402899999999910e-02,1.040000000000000038e-05,1.917036000000000000e-03,1.888257000000000130e-02,5.832009979999999150e-01,6.878011880000000078e-01,1.000000000000000000e+00,1.233291000000000075e-03,1.927722499999999853e-02,1.527627500000000062e-02,4.586261599999999494e-02,5.375311900000000198e-02,1.377240429999999904e-01,6.353126319999999883e-01,5.337058150000000278e-01,2.954609000000000055e-02,6.918547099999999839e-02,4.497518970000000116e-01,4.470336260000000173e-01,5.453569139999999704e-01,6.482705960000000323e-01,7.968913140000000173e-01,7.432904489999999642e-01
7.586615610000000398e-01,8.354908120000000826e-01,3.018686539999999585e-01,9.598964290000000510e-01,2.548932140000000346e-01,8.941587370000000368e-01,5.376306499999999877e-02,7.042402899999999910e-02,1.040000000000000038e-05,1.917036000000000000e-03,1.888257000000000130e-02,5.998766649999999201e-01,6.925639139999999472e-01,1.000000000000000000e+00,1.233291000000000075e-03,1.927722499999999853e-02,1.527627500000000062e-02,5.823852399999999985e-02,4.858639199999999908e-02,1.295200579999999935e-01,6.353126319999999883e-01,5.337058150000000278e-01,2.954609000000000055e-02,6.918547099999999839e-02,4.497518970000000116e-01,4.470336260000000173e-01,5.453569139999999704e-01,6.482705960000000323e-01,7.968913140000000173e-01,7.432904489999999642e-01
7.626386710000000457e-01,8.369259210000000726e-01,3.105083939999999654e-01,9.662754639999999728e-01,2.651111440000000208e-01,8.941587370000000368e-01,5.376306499999999877e-02,7.042402899999999910e-02,1.040000000000000038e-05,1.917036000000000000e-03,1.888257000000000130e-02,5.909767299999999501e-01,6.962427310000000036e-01,1.000000000000000000e+00,1.233291000000000075e-03,1.927722499999999853e-02,1.527627500000000062e-02,3.424933799999999723e-02,5.073524499999999826e-02,1.389938639999999948e-01,6.353126319999999883e-01,5.337058150000000278e-01,2.954609000000000055e-02,6.918547099999999839e-02,4.497518970000000116e-01,4.470336260000000173e-01,5.453569139999999704e-01,6.482705960000000323e-01,7.968913140000000173e-01,7.432904489999999642e-01
7.660192409999999619e-01,8.276961630000000403e-01,3.103230699999999787e-01,9.666155250000000310e-01,2.599381210000000220e-01,8.941587370000000368e-01,5.376306499999999877e-02,7.042402899999999910e-02,1.040000000000000038e-05,1.917036000000000000e-03,1.888257000000000130e-02,5.891955059999999245e-01,6.994482290000000324e-01,1.000000000000000000e+00,1.233291000000000075e-03,1.927722499999999853e-02,1.527627500000000062e-02,5.786939200000000560e-02,4.086704800000000304e-02,1.240465229999999919e-01,6.353126319999999883e-01,5.337058150000000278e-01,2.954609000000000055e-02,6.918547099999999839e-02,4.497518970000000116e-01,4.470336260000000173e-01,5.453569139999999704e-01,6.482705960000000323e-01,7.968913140000000173e-01,7.432904489999999642e-01
7.728152619999999473e-01,8.427418180000000314e-01,3.219481499999999885e-01,9.612628090000000514e-01,2.771831620000000385e-01,8.941587370000000368e-01,5.376306499999999877e-02,7.042402899999999910e-02,1.040000000000000038e-05,1.917036000000000000e-03,1.888257000000000130e-02,5.961966499999999947e-01,6.905929490000000115e-01,1.000000000000000000e+00,1.233291000000000075e-03,1.927722499999999853e-02,1.527627500000000062e-02,5.721497799999999967e-02,5.867508999999999919e-02,1.234739219999999860e-01,6.353126319999999883e-01,5.337058150000000278e-01,2.954609000000000055e-02,6.918547099999999839e-02,4.497518970000000116e-01,4.470336260000000173e-01,5.453569139999999704e-01,6.482705960000000323e-01,7.968913140000000173e-01,7.432904489999999642e-01
7.683497440000000012e-01,8.478012470000000356e-01,2.961029900000000104e-01,9.648325110000000038e-01,2.736677519999999864e-01,8.941587370000000368e-01,5.376306499999999877e-02,7.042402899999999910e-02,1.040000000000000038e-05,1.917036000000000000e-03,1.888257000000000130e-02,5.782389209999999613e-01,6.839841439999999606e-01,1.000000000000000000e+00,1.233291000000000075e-03,1.927722499999999853e-02,1.527627500000000062e-02,4.350220600000000160e-02,5.333530699999999847e-02,1.381301169999999967e-01,6.353126319999999883e-01,5.337058150000000278e-01,2.954609000000000055e-02,6.918547099999999839e-02,4.497518970000000116e-01,4.470336260000000173e-01,5.453569139999999704e-01,6.482705960000000323e-01,7.968913140000000173e-01,7.432904489999999642e-01
7.634112060000000088e-01,8.416642040000000824e-01,3.073135469999999647e-01,9.736164750000000367e-01,2.809915279999999904e-01,8.941587370000000368e-01,5.376306499999999877e-02,7.042402899999999910e-02,1.040000000000000038e-05,1.917036000000000000e-03,1.888257000000000130e-02,5.809357419999999772e-01,6.916102480000000385e-01,1.000000000000000000e+00,1.233291000000000075e-03,1.927722499999999853e-02,1.527627500000000062e-02,4.038211399999999673e-02,3.516807400000000056e-02,1.449156409999999839e-01,6.353126319999999883e-01,5.337058150000000278e-01,2.954609000000000055e-02,6.918547099999999839e-02,4.497518970000000116e-01,4.470336260000000173e-01,5.453569139999999704e-01,6.482705960000000323e-01,7.968913140000000173e-01,7.432904489999999642e-01
7.699125260000000415e-01,8.330469640000000009e-01,3.172971900000000067e-01,9.588265060000000783e-01,2.564259520000000125e-01,8.941587370000000368e-01,5.376306499999999877e-02,7.042402899999999910e-02,1.040000000000000038e-05,1.917036000000000000e-03,1.888257000000000130e-02,5.837050939999999244e-01,6.758420870000000358e-01,1.000000000000000000e+00,1.233291000000000075e-03,1.927722499999999853e-02,1.527627500000000062e-02,5.096235500000000085e-02,5.701810000000000211e-02,1.362471100000000046e-01,6.353126319999999883e-01,5.337058150000000278e-01,2.954609000000000055e-02,6.918547099999999839e-02,4.497518970000000116e-01,4.470336260000000173e-01,5.453569139999999704e-01,6.482705960000000323e-01,7.968913140000000173e-01,7.432904489999999642e-01
7.491248679999999993e-01,8.421238710000000793e-01,2.958393669999999642e-01,9.760014249999999780e-01,2.816825299999999865e-01,8.941587370000000368e-01,5.376306499999999877e-02,7.042402899999999910e-02,1.040000000000000038e-05,1.917036000000000000e-03,1.888257000000000130e-02,5.763161809999999274e-01,6.985660980000000242e-01,1.000000000000000000e+00,1.233291000000000075e-03,1.927722499999999853e-02,1.527627500000000062e-02,3.452351099999999978e-02,5.615114799999999795e-02,1.319281459999999961e-01,6.353126319999999883e-01,5.337058150000000278e-01,2.954609000000000055e-02,6.918547099999999839e-02,4.497518970000000116e-01,4.470336260000000173e-01,5.453569139999999704e-01,6.482705960000000323e-01,7.968913140000000173e-01,7.432904489999999642e-01
7.651566730000000094e-01,8.229457450000000618e-01,3.032001850000000109e-01,9.633521700000000632e-01,2.593940350000000228e-01,8.941587370000000368e-01,5.376306499999999877e-02,7.042402899999999910e-02,1.040000000000000038e-05,1.917036000000000000e-03,1.888257000000000130e-02,5.893373100000000031e-01,6.744805339999999649e-01,1.000000000000000000e+00,1.233291000000000075e-03,1.927722499999999853e-02,1.527627500000000062e-02,4.304723099999999830e-02,4.528903299999999937e-02,1.199097299999999922e-01,6.353126319999999883e-01,5.337058150000000278e-01,2.954609000000000055e-02,6.918547099999999839e-02,4.497518970000000116e-01,4.470336260000000173e-01,5.453569139999999704e-01,6.482705960000000323e-01,7.968913140000000173e-01,7.432904489999999642e-01
7.648048749999999396e-01,8.502145830000000792e-01,3.164143030000000079e-01,9.694860539999999860e-01,2.708490279999999917e-01,8.941587370000000368e-01,5.376306499999999877e-02,7.042402899999999910e-02,1.040000000000000038e-05,1.917036000000000000e-03,1.888257000000000130e-02,5.878335040000000067e-01,6.767746249999999630e-01,1.000000000000000000e+00,1.233291000000000075e-03,1.927722499999999853e-02,1.527627500000000062e-02,4.679658899999999955e-02,3.636408299999999844e-02,1.281043919999999836e-01,6.353126319999999883e-01,5.337058150000000278e-01,2.954609000000000055e-02,6.918547099999999839e-02,4.497518970000000116e-01,4.470336260000000173e-01,5.453569139999999704e-01,6.482705960000000323e-01,7.968913140000000173e-01,7.432904489999999642e-01
7.551422159999999772e-01,8.281883979999999923e-01,2.984491129999999881e-01,9.751520200000000083e-01,2.775145330000000077e-01,8.941587370000000368e-01,5.376306499999999877e-02,7.042402899999999910e-02,1.040000000000000038e-05,1.917036000000000000e-03,1.888257000000000130e-02,5.768490279999999304e-01,6.857066290000000119e-01,1.000000000000000000e+00,1.233291000000000075e-03,1.927722499999999853e-02,1.527627500000000062e-02,4.967108299999999782e-02,5.577142499999999947e-02,1.263876170000000076e-01,6.353126319999999883e-01,5.337058150000000278e-01,2.954609000000000055e-02,6.918547099999999839e-02,4.497518970000000116e-01,4.470336260000000173e-01,5.453569139999999704e-01,6.482705960000000323e-01,7.968913140000000173e-01,7.432904489999999642e-01
7.700105210000000033e-01,8.345558029999999849e-01,3.082217419999999652e-01,9.509303820000000185e-01,2.558400590000000085e-01,8.941587370000000368e-01,5.376306499999999877e-02,7.042402899999999910e-02,1.040000000000000038e-05,1.917036000000000000e-03,1.888257000000000130e-02,6.036358269999999582e-01,6.834020210000000262e-01,1.000000000000000000e+00,1.233291000000000075e-03,1.927722499999999853e-02,1.527627500000000062e-02,4.629974800000000168e-02,5.192930599999999453e-02,1.231877079999999930e-01,6.353126319999999883e-01,5.337058150000000278e-01,2.954609000000000055e-02,6.918547099999999839e-02,4.497518970000000116e-01,4.470336260000000173e-01,5.453569139999999704e-01,6.482705960000000323e-01,7.968913140000000173e-01,7.432904489999999642e-01
7.712804370000000409e-01,8.495499710000000704e-01,3.034257399999999993e-01,9.513342470000000217e-01,2.801260190000000039e-01,8.941587370000000368e-01,5.376306499999999877e-02,7.042402899999999910e-02,1.040000000000000038e-05,1.917036000000000000e-03,1.888257000000000130e-02,6.011094249999999750e-01,6.768320799999999471e-01,1.000000000000000000e+00,1.233291000000000075e-03,1.927722499999999853e-02,1.527627500000000062e-02,4.134810599999999559e-02,4.353830100000000147e-02,1.319727400000000050e-01,6.353126319999999883e-01,5.337058150000000278e-01,2.954609000000000055e-02,6.918547099999999839e-02,4.497518970000000116e-01,4.470336260000000173e-01,5.453569139999999704e-01,6.482705960000000323e-01,7.968913140000000173e-01,7.432904489999999642e-01
7.561315319999999396e-01,8.245908860000000784e-01,3.013604899999999809e-01,9.523975690000000549e-01,2.622675910000000221e-01,8.941587370000000368e-01,5.376306499999999877e-02,7.042402899999999910e-02,1.040000000000000038e-05,1.917036000000000000e-03,1.888257000000000130e-02,5.926248399999999306e-01,6.790243270000000386e-01,1.000000000000000000e+00,1.233291000000000075e-03,1.927722499999999853e-02,1.527627500000000062e-02,4.434572200000000408e-02,4.201760100000000164e-02,1.210505349999999869e-01,6.353126319999999883e-01,5.337058150000000278e-01,2.954609000000000055e-02,6.918547099999999839e-02,4.497518970000000116e-01,4.470336260000000173e-01,5.453569139999999704e-01,6.482705960000000323e-01,7.968913140000000173e-01,7.432904489999999642e-01
7.566414139999999566e-01,8.378853000000000550e-01,2.997165969999999735e-01,9.734730240000000201e-01,2.753727009999999975e-01,8.941587370000000368e-01,5.376306499999999877e-02,7.042402899999999910e-02,1.040000000000000038e-05,1.917036000000000000e-03,1.888257000000000130e-02,5.922971710000000112e-01,6.883801830000000344e-01,1.000000000000000000e+00,1.233291000000000075e-03,1.927722499999999853e-02,1.527627500000000062e-02,3.788707099999999439e-02,4.703750699999999924e-02,1.321124359999999998e-01,6.353126319999999883e-01,5.337058150000000278e-01,2.954609000000000055e-02,6.918547099999999839e-02,4.497518970000000116e-01,4.470336260000000173e-01,5.453569139999999704e-01,6.482705960000000323e-01,7.968913140000000173e-01,7.432904489999999642e-01
7.531663889999999917e-01,8.469048200000000026e-01,3.080287250000000032e-01,9.715970600000000124e-01,2.551345610000000375e-01,8.941587370000000368e-01,5.376306499999999877e-02,7.042402899999999910e-02,1.040000000000000038e-05,1.917036000000000000e-03,1.888257000000000130e-02,5.818700059999999397e-01,6.981942650000000361e-01,1.000000000000000000e+00,1.233291000000000075e-03,1.927722499999999853e-02,1.527627500000000062e-02,3.466705400000000270e-02,6.072361999999999205e-02,1.283153649999999868e-01,6.353126319999999883e-01,5.337058150000000278e-01,2.954609000000000055e-02,6.918547099999999839e-02,4.497518970000000116e-01,4.470336260000000173e-01,5.453569139999999704e-01,6.482705960000000323e-01,7.968913140000000173e-01,7.432904489999999642e-01
7.615573549999999914e-01,8.449856590000000001e-01,3.215741159999999654e-01,9.494118019999999714e-01,2.820085840000000066e-01,8.941587370000000368e-01,5.376306499999999877e-02,7.042402899999999910e-02,1.040000000000000038e-05,1.917036000000000000e-03,1.888257000000000130e-02,5.856455659999999508e-01,6.974636650000000104e-01,1.000000000000000000e+00,1.233291000000000075e-03,1.927722499999999853e-02,1.527627500000000062e-02,3.199216500000000296e-02,5.885376100000000443e-02,1.411454179999999947e-01,6.353126319999999883e-01,5.337058150000000278e-01,2.954609000000000055e-02,6.918547099999999839e-02,4.497518970000000116e-01,4.470336260000000173e-01,5.453569139999999704e-01,6.482705960000000323e-01,7.968913140000000173e-01,7.432904489999999642e-01
7.688134819999999925e-01,8.362994329999999810e-01,3.023462889999999903e-01,9.676646780000000003e-01,2.683250470000000387e-01,8.941587370000000368e-01,5.376306499999999877e-02,7.042402899999999910e-02,1.040000000000000038e-05,1.917036000000000000e-03,1.888257000000000130e-02,5.833892889999999776e-01,6.752447990000000067e-01,1.000000000000000000e+00,1.233291000000000075e-03,1.927722499999999853e-02,1.527627500000000062e-02,5.639672099999999688e-02,4.047414299999999715e-02,1.219096989999999964e-01,6.353126319999999883e-01,5.337058150000000278e-01,2.954609000000000055e-02,6.918547099999999839e-02,4.497518970000000116e-01,4.470336260000000173e-01,5.453569139999999704e-01,6.482705960000000323e-01,7.968913140000000173e-01,7.432904489999999642e-01
7.575311470000000158e-01,8.409740110000000213e-01,3.137375679999999667e-01,9.654670300000000038e-01,2.694308450000000299e-01,8.941587370000000368e-01,5.376306499999999877e-02,7.042402899999999910e-02,1.040000000000000038e-05,1.917036000000000000e-03,1.888257000000000130e-02,6.027945149999999197e-01,6.773800890000000186e-01,1.000000000000000000e+00,1.233291000000000075e-03,1.927722499999999853e-02,1.527627500000000062e-02,3.744100100000000153e-02,5.796543599999999519e-02,1.200906739999999945e-01,6.353126319999999883e-01,5.337058150000000278e-01,2.954609000000000055e-02,6.918547099999999839e-02,4.497518970000000116e-01,4.470336260000000173e-01,5.453569139999999704e-01,6.482705960000000323e-01,7.968913140000000173e-01,7.432904489999999642e-01
7.755509280000000283e-01,8.444703110000000290e-01,3.026264690000000090e-01,9.760875119999999905e-01,2.587492060000000094e-01,8.941587370000000368e-01,5.376306499999999877e-02,7.042402899999999910e-02,1.040000000000000038e-05,1.917036000000000000e-03,1.888257000000000130e-02,5.946252979999999688e-01,6.755814340000000362e-01,1.000000000000000000e+00,1.233291000000000075e-03,1.927722499999999853e-02,1.527627500000000062e-02,4.885580300000000320e-02,6.116944700000000179e-02,1.347622859999999811e-01,6.353126319999999883e-01,5.337058150000000278e-01,2.954609000000000055e-02,6.918547099999999839e-02,4.497518970000000116e-01,4.470336260000000173e-01,5.453569139999999704e-01,6.482705960000000323e-01,7.968913140000000173e-01,7.432904489999999642e-01
7.643237630000000449e-01,8.457366109999999715e-01,2.926965699999999893e-01,9.725863770000000574e-01,2.723663030000000318e-01,8.941587370000000368e-01,5.376306499999999877e-02,7.042402899999999910e-02,1.040000000000000038e-05,1.917036000000000000e-03,1.888257000000000130e-02,5.956660799999999867e-01,6.854755150000000352e-01,1.000000000000000000e+00,1.233291000000000075e-03,1.927722499999999853e-02,1.527627500000000062e-02,5.664312999999999987e-02,3.768041399999999541e-02,1.238046889999999955e-01,6.353126319999999883e-01,5.337058150000000278e-01,2.954609000000000055e-02,6.918547099999999839e-02,4.497518970000000116e-01,4.470336260000000173e-01,5.453569139999999704e-01,6.482705960000000323e-01,7.968913140000000173e-01,7.432904489999999642e-01
7.758555700000000499e-01,8.408942600000000045e-01,3.037779649999999831e-01,9.750663139999999895e-01,2.713161070000000286e-01,8.941587370000000368e-01,5.376306499999999877e-02,7.042402899999999910e-02,1.040000000000000038e-05,1.917036000000000000e-03,1.888257000000000130e-02,5.830194059999999068e-01,6.971843420000000124e-01,1.000000000000000000e+00,1.233291000000000075e-03,1.927722499999999853e-02,1.527627500000000062e-02,4.083911199999999686e-02,5.078376899999999944e-02,1.394889179999999895e-01,6.353126319999999883e-01,5.337058150000000278e-01,2.954609000000000055e-02,6.918547099999999839e-02,4.497518970000000116e-01,4.470336260000000173e-01,5.453569139999999704e-01,6.482705960000000323e-01,7.968913140000000173e-01,7.432904489999999642e-01
7.508364699999999781e-01,8.398886170000000595e-01,3.087116179999999654e-01,9.555869670000000093e-01,2.664281259999999874e-01,8.941587370000000368e-01,5.376306499999999877e-02,7.042402899999999910e-02,1.040000000000000038e-05,1.917036000000000000e-03,1.888257000000000130e-02,5.875656289999999782e-01,6.944382679999999697e-01,1.000000000000000000e+00,1.233291000000000075e-03,1.927722499999999853e-02,1.527627500000000062e-02,3.551176799999999911e-02,5.111977699999999819e-02,1.465197939999999810e-01,6.353126319999999883e-01,5.337058150000000278e-01,2.954609000000000055e-02,6.918547099999999839e-02,4.497518970000000116e-01,4.470336260000000173e-01,5.453569139999999704e-01,6.482705960000000323e-01,7.968913140000000173e-01,7.432904489999999642e-01
7.509080280000000052e-01,8.277311990000000286e-01,3.090838730000000090e-01,9.723492519999999972e-01,2.605681690000000161e-01,8.941587370000000368e-01,5.376306499999999877e-02,7.042402899999999910e-02,1.040000000000000038e-05,1.917036000000000000e-03,1.888257000000000130e-02,6.014929239999999844e-01,7.012824239999999598e-01,1.000000000000000000e+00,1.233291000000000075e-03,1.927722499999999853e-02,1.527627500000000062e-02,4.138667399999999830e-02,4.075335699999999700e-02,1.456395239999999924e-01,6.353126319999999883e-01,5.337058150000000278e-01,2.954609000000000055e-02,6.918547099999999839e-02,4.497518970000000116e-01,4.470336260000000173e-01,5.453569139999999704e-01,6.482705960000000323e-01,7.968913140000000173e-01,7.432904489999999642e-01
7.539505600000000474e-01,8.500398710000000024e-01,3.114614829999999834e-01,9.606829820000000186e-01,2.591751300000000313e-01,8.941587370000000368e-01,5.376306499999999877e-02,7.042402899999999910e-02,1.040000000000000038e-05,1.917036000000000000e-03,1.888257000000000130e-02,5.823002339999999721e-01,6.978984689999999658e-01,1.000000000000000000e+00,1.233291000000000075e-03,1.927722499999999853e-02,1.527627500000000062e-02,3.599339299999999853e-02,5.210820299999999877e-02,1.418098949999999914e-01,6.353126319999999883e-01,5.337058150000000278e-01,2.954609000000000055e-02,6.918547099999999839e-02,4.497518970000000116e-01,4.470336260000000173e-01,5.453569139999999704e-01,6.482705960000000323e-01,7.968913140000000173e-01,7.432904489999999642e-01
7.637190969999999579e-01,8.360465799999999836e-01,3.214636229999999761e-01,9.749092449999999799e-01,2.809132930000000083e-01,8.941587370000000368e-01,5.376306499999999877e-02,7.042402899999999910e-02,1.040000000000000038e-05,1.917036000000000000e-03,1.888257000000000130e-02,5.800243359999999182e-01,6.828419270000000152e-01,1.000000000000000000e+00,1.233291000000000075e-03,1.927722499999999853e-02,1.527627500000000062e-02,5.016626200000000313e-02,3.631611499999999604e-02,1.252040199999999992e-01,6.353126319999999883e-01,5.337058150000000278e-01,2.954609000000000055e-02,6.918547099999999839e-02,4.497518970000000116e-01,4.470336260000000173e-01,5.453569139999999704e-01,6.482705960000000323e-01,7.968913140000000173e-01,7.432904489999999642e-01
7.687083120000000047e-01,8.471341490000000585e-01,2.988783379999999656e-01,9.518789189999999900e-01,2.795524550000000330e-01,8.941587370000000368e-01,5.376306499999999877e-02,7.042402899999999910e-02,1.040000000000000038e-05,1.917036000000000000e-03,1.888257000000000130e-02,6.005688419999999361e-01,6.882362629999999593e-01,1.000000000000000000e+00,1.233291000000000075e-03,1.927722499999999853e-02,1.527627500000000062e-02,3.837870300000000012e-02,4.098074300000000003e-02,1.424752940000000023e-01,6.353126319999999883e-01,5.337058150000000278e-01,2.954609000000000055e-02,6.918547099999999839e-02,4.497518970000000116e-01,4.470336260000000173e-01,5.453569139999999704e-01,6.482705960000000323e-01,7.968913140000000173e-01,7.432904489999999642e-01
7.653021629999999798e-01,8.251630850000000184e-01,2.960537869999999572e-01,9.665271870000000654e-01,2.748187470000000299e-01,8.941587370000000368e-01,5.376306499999999877e-02,7.042402899999999910e-02,1.040000000000000038e-05,1.917036000000000000e-03,1.888257000000000130e-02,5.931107439999999675e-01,6.863145520000000221e-01,1.000000000000000000e+00,1.233291000000000075e-03,1.927722499999999853e-02,1.527627500000000062e-02,4.170022199999999513e-02,3.888658200000000287e-02,1.375088680000000063e-01,6.353126319999999883e-01,5.337058150000000278e-01,2.954609000000000055e-02,6.918547099999999839e-02,4.497518970000000116e-01,4.470336260000000173e-01,5.453569139999999704e-01,6.482705960000000323e-01,7.968913140000000173e-01,7.432904489999999642e-01
7.587255189999999594e-01,8.364351669999999794e-01,3.090428209999999676e-01,9.506640010000000363e-01,2.695663970000000131e-01,8.941587370000000368e-01,5.376306499999999877e-02,7.042402899999999910e-02,1.040000000000000038e-05,1.917036000000000000e-03,1.888257000000000130e-02,5.915731539999999899e-01,7.012559069999999561e-01,1.000000000000000000e+00,1.233291000000000075e-03,1.927722499999999853e-02,1.527627500000000062e-02,3.829811799999999905e-02,3.321994899999999862e-02,1.239375299999999902e-01,6.353126319999999883e-01,5.337058150000000278e-01,2.954609000000000055e-02,6.918547099999999839e-02,4.497518970000000116e-01,4.470336260000000173e-01,5.453569139999999704e-01,6.482705960000000323e-01,7.968913140000000173e-01,7.432904489999999642e-01
7.655629980000000501e-01,8.466316440000000165e-01,3.052716529999999762e-01,9.557147860000000383e-01,2.555859160000000241e-01,8.941587370000000368e-01,5.376306499999999877e-02,7.042402899999999910e-02,1.040000000000000038e-05,1.917036000000000000e-03,1.888257000000000130e-02,5.814048859999999541e-01,6.771773020000000365e-01,1.000000000000000000e+00,1.233291000000000075e-03,1.927722499999999853e-02,1.527627500000000062e-02,4.280103999999999853e-02,4.894590499999999789e-02,1.366575949999999928e-01,6.353126319999999883e-01,5.337058150000000278e-01,2.954609000000000055e-02,6.918547099999999839e-02,4.497518970000000116e-01,4.470336260000000173e-01,5.453569139999999704e-01,6.482705960000000323e-01,7.968913140000000173e-01,7.432904489999999642e-01
7.761289019999999539e-01,8.296783920000000423e-01,3.116665959999999624e-01,9.756197840000000454e-01,2.612180359999999868e-01,8.941587370000000368e-01,5.376306499999999877e-02,7.042402899999999910e-02,1.040000000000000038e-05,1.917036000000000000e-03,1.888257000000000130e-02,5.897575389999999418e-01,6.847330510000000370e-01,1.000000000000000000e+00,1.233291000000000075e-03,1.927722499999999853e-02,1.527627500000000062e-02,3.714797999999999711e-02,3.928196099999999719e-02,1.437314049999999788e-01,6.353126319999999883e-01,5.337058150000000278e-01,2.954609000000000055e-02,6.918547099999999839e-02,4.497518970000000116e-01,4.470336260000000173e-01,5.453569139999999704e-01,6.482705960000000323e-01,7.968913140000000173e-01,7.432904489999999642e-01
7.608592490000000153e-01,8.494960010000000006e-01,2.972987429999999764e-01,9.636390169999999866e-01,2.586153400000000269e-01,8.941587370000000368e-01,5.376306499999999877e-02,7.042402899999999910e-02,1.040000000000000038e-05,1.917036000000000000e-03,1.888257000000000130e-02,5.823259199999999414e-01,6.857972020000000501e-01,1.000000000000000000e+00,1.233291000000000075e-03,1.927722499999999853e-02,1.527627500000000062e-02,4.701749699999999837e-02,3.613051800000000036e-02,1.203396889999999997e-01,6.353126319999999883e-01,5.337058150000000278e-01,2.954609000000000055e-02,6.918547099999999839e-02,4.497518970000000116e-01,4.470336260000000173e-01,5.453569139999999704e-01,6.482705960000000323e-01,7.968913140000000173e-01,7.432904489999999642e-01
7.602928310000000023e-01,8.356712790000000446e-01,2.931224239999999925e-01,9.482678740000000106e-01,2.657498180000000265e-01,8.941587370000000368e-01,5.376306499999999877e-02,7.042402899999999910e-02,1.040000000000000038e-05,1.917036000000000000e-03,1.888257000000000130e-02,5.959594549999999158e-01,6.816918299999999986e-01,1.000000000000000000e+00,1.233291000000000075e-03,1.927722499999999853e-02,1.527627500000000062e-02,4.119263199999999986e-02,3.404805799999999910e-02,1.312917579999999806e-01,6.353126319999999883e-01,5.337058150000000278e-01,2.954609000000000055e-02,6.918547099999999839e-02,4.497518970000000116e-01,4.470336260000000173e-01,5.453569139999999704e-01,6.482705960000000323e-01,7.968913140000000173e-01,7.432904489999999642e-01
7.765853379999999584e-01,8.287142470000000705e-01,3.027206199999999958e-01,9.619553240000000560e-01,2.651222950000000078e-01,8.941587370000000368e-01,5.376306499999999877e-02,7.042402899999999910e-02,1.040000000000000038e-05,1.917036000000000000e-03,1.888257000000000130e-02,5.912351469999999054e-01,6.827055619999999880e-01,1.000000000000000000e+00,1.233291000000000075e-03,1.927722499999999853e-02,1.527627500000000062e-02,3.274732500000000074e-02,4.548174800000000240e-02,1.442759040000000104e-01,6.353126319999999883e-01,5.337058150000000278e-01,2.954609000000000055e-02,6.918547099999999839e-02,4.497518970000000116e-01,4.470336260000000173e-01,5.453569139999999704e-01,6.482705960000000323e-01,7.968913140000000173e-01,7.432904489999999642e-01
7.504769879999999560e-01,8.480568560000000256e-01,3.120891829999999922e-01,9.764232010000000184e-01,2.623925049999999981e-01,8.941587370000000368e-01,5.376306499999999877e-02,7.042402899999999910e-02,1.040000000000000038e-05,1.917036000000000000e-03,1.888257000000000130e-02,6.006999669999999458e-01,6.973660250000000005e-01,1.000000000000000000e+00,1.233291000000000075e-03,1.927722499999999853e-02,1.527627500000000062e-02,5.118864600000000431e-02,3.949532299999999885e-02,1.182342529999999975e-01,6.353126319999999883e-01,5.337058150000000278e-01,2.954609000000000055e-02,6.918547099999999839e-02,4.497518970000000116e-01,4.470336260000000173e-01,5.453569139999999704e-01,6.482705960000000323e-01,7.968913140000000173e-01,7.432904489999999642e-01
7.559618160000000087e-01,8.438884650000000320e-01,3.004227449999999910e-01,9.496012289999999911e-01,2.712163770000000085e-01,8.941587370000000368e-01,5.376306499999999877e-02,7.042402899999999910e-02,1.040000000000000038e-05,1.917036000000000000e-03,1.888257000000000130e-02,6.021082859999999926e-01,6.905594760000000054e-01,1.000000000000000000e+00,1.233291000000000075e-03,1.927722499999999853e-02,1.527627500000000062e-02,3.411637499999999740e-02,3.477801800000000082e-02,1.264740329999999857e-01,6.353126319999999883e-01,5.337058150000000278e-01,2.954609000000000055e-02,6.918547099999999839e-02,4.497518970000000116e-01,4.470336260000000173e-01,5.453569139999999704e-01,6.482705960000000323e-01,7.968913140000000173e-01,7.432904489999999642e-01
7.630903609999999393e-01,8.231167180000000805e-01,2.942283869999999801e-01,9.579321889999999895e-01,2.675703630000000333e-01,8.941587370000000368e-01,5.376306499999999877e-02,7.042402899999999910e-02,1.040000000000000038e-05,1.917036000000000000e-03,1.888257000000000130e-02,5.771046409999999183e-01,6.911709120000000262e-01,1.000000000000000000e+00,1.233291000000000075e-03,1.927722499999999853e-02,1.527627500000000062e-02,3.885954900000000017e-02,4.701774400000000020e-02,1.250222149999999921e-01,6.353126319999999883e-01,5.337058150000000278e-01,2.954609000000000055e-02,6.918547099999999839e-02,4.497518970000000116e-01,4.470336260000000173e-01,5.453569139999999704e-01,6.482705960000000323e-01,7.968913140000000173e-01,7.432904489999999642e-01
7.635332129999999884e-01,8.334318030000000821e-01,3.123167949999999804e-01,9.720630949999999881e-01,2.695317859999999954e-01,8.941587370000000368e-01,5.376306499999999877e-02,7.042402899999999910e-02,1.040000000000000038e-05,1.917036000000000000e-03,1.888257000000000130e-02,5.791005999999999654e-01,6.964750410000000169e-01,1.000000000000000000e+00,1.233291000000000075e-03,1.927722499999999853e-02,1.527627500000000062e-02,3.015588199999999844e-02,3.856069799999999742e-02,1.328538239999999815e-01,6.353126319999999883e-01,5.337058150000000278e-01,2.954609000000000055e-02,6.918547099999999839e-02,4.497518970000000116e-01,4.470336260000000173e-01,5.453569139999999704e-01,6.482705960000000323e-01,7.968913140000000173e-01,7.432904489999999642e-01
7.513250679999999848e-01,8.425563400000000147e-01,2.979395349999999776e-01,9.680347719999999878e-01,2.810856429999999961e-01,8.941587370000000368e-01,5.376306499999999877e-02,7.042402899999999910e-02,1.040000000000000038e-05,1.917036000000000000e-03,1.888257000000000130e-02,5.937378639999999486e-01,6.737129370000000117e-01,1.000000000000000000e+00,1.233291000000000075e-03,1.927722499999999853e-02,1.527627500000000062e-02,3.205992500000000300e-02,4.302887599999999368e-02,1.301760679999999781e-01,6.353126319999999883e-01,5.337058150000000278e-01,2.954609000000000055e-02,6.918547099999999839e-02,4.497518970000000116e-01,4.470336260000000173e-01,5.453569139999999704e-01,6.482705960000000323e-01,7.968913140000000173e-01,7.432904489999999642e-01
7.726104969999999517e-01,8.493640550000000067e-01,2.928599550000000051e-01,9.701303030000000271e-01,2.761817420000000078e-01,8.941587370000000368e-01,5.376306499999999877e-02,7.042402899999999910e-02,1.040000000000000038e-05,1.917036000000000000e-03,1.888257000000000130e-02,5.920117779999999330e-01,6.820681549999999538e-01,1.000000000000000000e+00,1.233291000000000075e-03,1.927722499999999853e-02,1.527627500000000062e-02,5.451827700000000387e-02,3.156031899999999640e-02,1.474846739999999823e-01,6.353126319999999883e-01,5.337058150000000278e-01,2.954609000000000055e-02,6.918547099999999839e-02,4.497518970000000116e-01,4.470336260000000173e-01,5.453569139999999704e-01,6.482705960000000323e-01,7.968913140000000173e-01,7.432904489999999642e-01
7.736270520000000372e-01,8.476010780000000633e-01,3.143932419999999617e-01,9.721864040000000040e-01,2.691486220000000040e-01,8.941587370000000368e-01,5.376306499999999877e-02,7.042402899999999910e-02,1.040000000000000038e-05,1.917036000000000000e-03,1.888257000000000130e-02,5.909198039999999930e-01,6.984999849999999899e-01,1.000000000000000000e+00,1.233291000000000075e-03,1.927722499999999853e-02,1.527627500000000062e-02,4.221795400000000198e-02,3.555641799999999936e-02,1.222925259999999986e-01,6.353126319999999883e-01,5.337058150000000278e-01,2.954609000000000055e-02,6.918547099999999839e-02,4.497518970000000116e-01,4.470336260000000173e-01,5.453569139999999704e-01,6.482705960000000323e-01,7.968913140000000173e-01,7.432904489999999642e-01
7.476913320000000418e-01,8.323416340000000524e-01,3.076178229999999569e-01,9.536487220000000598e-01,2.666068200000000221e-01,8.941587370000000368e-01,5.376306499999999877e-02,7.042402899999999910e-02,1.040000000000000038e-05,1.917036000000000000e-03,1.888257000000000130e-02,5.986323569999999483e-01,6.859967120000000085e-01,1.000000000000000000e+00,1.233291000000000075e-03,1.927722499999999853e-02,1.527627500000000062e-02,4.834922099999999778e-02,3.809087999999999363e-02,1.215267119999999951e-01,6.353126319999999883e-01,5.337058150000000278e-01,2.954609000000000055e-02,6.918547099999999839e-02,4.497518970000000116e-01,4.470336260000000173e-01,5.453569139999999704e-01,6.482705960000000323e-01,7.968913140000000173e-01,7.432904489999999642e-01
7.721298880000000420e-01,8.499517000000000877e-01,3.108680739999999942e-01,9.699177199999999832e-01,2.642991760000000245e-01,8.941587370000000368e-01,5.376306499999999877e-02,7.042402899999999910e-02,1.040000000000000038e-05,1.917036000000000000e-03,1.888257000000000130e-02,5.852357519999999980e-01,6.961220089999999860e-01,1.000000000000000000e+00,1.233291000000000075e-03,1.927722499999999853e-02,1.527627500000000062e-02,5.622837699999999606e-02,5.558212499999999612e-02,1.396979600000000099e-01,6.353126319999999883e-01,5.337058150000000278e-01,2.954609000000000055e-02,6.918547099999999839e-02,4.497518970000000116e-01,4.470336260000000173e-01,5.453569139999999704e-01,6.482705960000000323e-01,7.968913140000000173e-01,7.432904489999999642e-01
7.623318529999999482e-01,8.227741619999999756e-01,2.937262199999999823e-01,9.682515800000000006e-01,2.705746039999999963e-01,8.941587370000000368e-01,5.376306499999999877e-02,7.042402899999999910e-02,1.040000000000000038e-05,1.917036000000000000e-03,1.888257000000000130e-02,5.793679760000000067e-01,6.973061640000000061e-01,1.000000000000000000e+00,1.233291000000000075e-03,1.927722499999999853e-02,1.527627500000000062e-02,5.947614499999999416e-02,4.929643400000000009e-02,1.358615420000000018e-01,6.353126319999999883e-01,5.337058150000000278e-01,2.954609000000000055e-02,6.918547099999999839e-02,4.497518970000000116e-01,4.470336260000000173e-01,5.453569139999999704e-01,6.482705960000000323e-01,7.968913140000000173e-01,7.432904489999999642e-01
7.624775120000000239e-01,8.320100830000000114e-01,3.022411740000000013e-01,9.572700339999999919e-01,2.782285840000000010e-01,8.941587370000000368e-01,5.376306499999999877e-02,7.042402899999999910e-02,1.040000000000000038e-05,1.917036000000000000e-03,1.888257000000000130e-02,5.939425249999999989e-01,7.003461559999999420e-01,1.000000000000000000e+00,1.233291000000000075e-03,1.927722499999999853e-02,1.527627500000000062e-02,3.239080800000000010e-02,5.928133900000000234e-02,1.406381170000000069e-01,6.353126319999999883e-01,5.337058150000000278e-01,2.954609000000000055e-02,6.918547099999999839e-02,4.497518970000000116e-01,4.470336260000000173e-01,5.453569139999999704e-01,6.482705960000000323e-01,7.968913140000000173e-01,7.432904489999999642e-01
7.684324959999999649e-01,8.239020690000000702e-01,2.959273879999999579e-01,9.622080290000000202e-01,2.661476890000000206e-01,8.941587370000000368e-01,5.376306499999999877e-02,7.042402899999999910e-02,1.040000000000000038e-05,1.917036000000000000e-03,1.888257000000000130e-02,5.862126139999999097e-01,6.732971899999999899e-01,1.000000000000000000e+00,1.233291000000000075e-03,1.927722499999999853e-02,1.527627500000000062e-02,4.185927999999999871e-02,3.372703600000000190e-02,1.421998780000000018e-01,6.353126319999999883e-01,5.337058150000000278e-01,2.954609000000000055e-02,6.918547099999999839e-02,4.497518970000000116e-01,4.470336260000000173e-01,5.453569139999999704e-01,6.482705960000000323e-01,7.968913140000000173e-01,7.432904489999999642e-01
7.534845719999999636e-01,8.302288130000000654e-01,3.174803099999999878e-01,9.631918320000000255e-01,2.625348670000000051e-01,8.941587370000000368e-01,5.376306499999999877e-02,7.042402899999999910e-02,1.040000000000000038e-05,1.917036000000000000e-03,1.888257000000000130e-02,5.875851279999999566e-01,6.897489930000000324e-01,1.000000000000000000e+00,1.233291000000000075e-03,1.927722499999999853e-02,1.527627500000000062e-02,3.074198799999999787e-02,5.753020200000000250e-02,1.369288300000000014e-01,6.353126319999999883e-01,5.337058150000000278e-01,2.954609000000000055e-02,6.918547099999999839e-02,4.497518970000000116e-01,4.470336260000000173e-01,5.453569139999999704e-01,6.482705960000000323e-01,7.968913140000000173e-01,7.432904489999999642e-01
7.566180150000000326e-01,8.369577559999999972e-01,3.054369100000000059e-01,9.731426790000000659e-01,2.569597190000000309e-01,8.941587370000000368e-01,5.376306499999999877e-02,7.042402899999999910e-02,1.040000000000000038e-05,1.917036000000000000e-03,1.888257000000000130e-02,5.964571099999999015e-01,6.990016119999999944e-01,1.000000000000000000e+00,1.233291000000000075e-03,1.927722499999999853e-02,1.527627500000000062e-02,3.662214999999999915e-02,3.421315999999999941e-02,1.289964060000000079e-01,6.353126319999999883e-01,5.337058150000000278e-01,2.954609000000000055e-02,6.918547099999999839e-02,4.497518970000000116e-01,4.470336260000000173e-01,5.453569139999999704e-01,6.482705960000000323e-01,7.968913140000000173e-01,7.432904489999999642e-01
7.747716159999999963e-01,8.433554370000000411e-01,3.154901459999999713e-01,9.615829470000000212e-01,2.565095550000000002e-01,8.941587370000000368e-01,5.376306499999999877e-02,7.042402899999999910e-02,1.040000000000000038e-05,1.917036000000000000e-03,1.888257000000000130e-02,5.917402559999999090e-01,6.844281450000000433e-01,1.000000000000000000e+00,1.233291000000000075e-03,1.927722499999999853e-02,1.527627500000000062e-02,4.941578199999999838e-02,5.449152599999999846e-02,1.271628360000000013e-01,6.353126319999999883e-01,5.337058150000000278e-01,2.954609000000000055e-02,6.918547099999999839e-02,4.497518970000000116e-01,4.470336260000000173e-01,5.453569139999999704e-01,6.482705960000000323e-01,7.968913140000000173e-01,7.432904489999999642e-01
7.482931579999999583e-01,8.218930680000000599e-01,2.980991759999999657e-01,9.609557420000000016e-01,2.662412170000000300e-01,8.941587370000000368e-01,5.376306499999999877e-02,7.042402899999999910e-02,1.040000000000000038e-05,1.917036000000000000e-03,1.888257000000000130e-02,5.903979449999999796e-01,6.826629680000000366e-01,1.000000000000000000e+00,1.233291000000000075e-03,1.927722499999999853e-02,1.527627500000000062e-02,3.635477099999999406e-02,5.855140799999999923e-02,1.253042249999999913e-01,6.353126319999999883e-01,5.337058150000000278e-01,2.954609000000000055e-02,6.918547099999999839e-02,4.497518970000000116e-01,4.470336260000000173e-01,5.453569139999999704e-01,6.482705960000000323e-01,7.968913140000000173e-01,7.432904489999999642e-01
7.517043409999999426e-01,8.283447179999999799e-01,3.198237239999999759e-01,9.589625270000000645e-01,2.634124959999999960e-01,8.941587370000000368e-01,5.376306499999999877e-02,7.042402899999999910e-02,1.040000000000000038e-05,1.917036000000000000e-03,1.888257000000000130e-02,5.814995199999999365e-01,6.770514890000000063e-01,1.000000000000000000e+00,1.233291000000000075e-03,1.927722499999999853e-02,1.527627500000000062e-02,3.304778699999999514e-02,4.018400800000000023e-02,1.326920619999999995e-01,6.353126319999999883e-01,5.337058150000000278e-01,2.954609000000000055e-02,6.918547099999999839e-02,4.497518970000000116e-01,4.470336260000000173e-01,5.453569139999999704e-01,6.482705960000000323e-01,7.968913140000000173e-01,7.432904489999999642e-01
7.609448580000000018e-01,8.294037640000000433e-01,2.948421820000000082e-01,9.722766550000000452e-01,2.541631120000000243e-01,8.941587370000000368e-01,5.376306499999999877e-02,7.042402899999999910e-02,1.040000000000000038e-05,1.917036000000000000e-03,1.888257000000000130e-02,5.887402129999999012e-01,6.948570010000000297e-01,1.000000000000000000e+00,1.233291000000000075e-03,1.927722499999999853e-02,1.527627500000000062e-02,5.911947400000000519e-02,3.353144599999999947e-02,1.379429289999999919e-01,6.353126319999999883e-01,5.337058150000000278e-01,2.954609000000000055e-02,6.918547099999999839e-02,4.497518970000000116e-01,4.470336260000000173e-01,5.453569139999999704e-01,6.482705960000000323e-01,7.968913140000000173e-01,7.432904489999999642e-01
7.525019029999999720e-01,8.307797230000000255e-01,3.008268149999999697e-01,9.634920500000000443e-01,2.710799449999999888e-01,8.941587370000000368e-01,5.376306499999999877e-02,7.042402899999999910e-02,1.040000000000000038e-05,1.917036000000000000e-03,1.888257000000000130e-02,5.869262819999999659e-01,6.869839340000000183e-01,1.000000000000000000e+00,1.233291000000000075e-03,1.927722499999999853e-02,1.527627500000000062e-02,5.687246299999999810e-02,3.237640799999999541e-02,1.308134519999999967e-01,6.353126319999999883e-01,5.337058150000000278e-01,2.954609000000000055e-02,6.918547099999999839e-02,4.497518970000000116e-01,4.470336260000000173e-01,5.453569139999999704e-01,6.482705960000000323e-01,7.968913140000000173e-01,7.432904489999999642e-01
7.603481500000000004e-01,8.359754870000000171e-01,3.140772639999999671e-01,9.736682300000000234e-01,2.709603620000000102e-01,8.941587370000000368e-01,5.376306499999999877e-02,7.042402899999999910e-02,1.040000000000000038e-05,1.917036000000000000e-03,1.888257000000000130e-02,5.860620729999999057e-01,6.935151200000000404e-01,1.000000000000000000e+00,1.233291000000000075e-03,1.927722499999999853e-02,1.527627500000000062e-02,5.471809099999999648e-02,5.061646599999999885e-02,1.392842830000000087e-01,6.353126319999999883e-01,5.337058150000000278e-01,2.954609000000000055e-02,6.918547099999999839e-02,4.497518970000000116e-01,4.470336260000000173e-01,5.453569139999999704e-01,6.482705960000000323e-01,7.968913140000000173e-01,7.432904489999999642e-01
7.599996220000000413e-01,8.484613510000000858e-01,3.061181459999999799e-01,9.706007960000000434e-01,2.768337379999999959e-01,8.941587370000000368e-01,5.376306499999999877e-02,7.042402899999999910e-02,1.040000000000000038e-05,1.917036000000000000e-03,1.888257000000000130e-02,6.005027249999999039e-01,6.855904609999999844e-01,1.000000000000000000e+00,1.233291000000000075e-03,1.927722499999999853e-02,1.527627500000000062e-02,3.902743799999999763e-02,4.149791099999999844e-02,1.472224069999999996e-01,6.353126319999999883e-01,5.337058150000000278e-01,2.954609000000000055e-02,6.918547099999999839e-02,4.497518970000000116e-01,4.470336260000000173e-01,5.453569139999999704e-01,6.482705960000000323e-01,7.968913140000000173e-01,7.432904489999999642e-01
7.596185559999999448e-01,8.235077700000000833e-01,3.092110419999999915e-01,9.562696080000000487e-01,2.750463650000000149e-01,8.941587370000000368e-01,5.376306499999999877e-02,7.042402899999999910e-02,1.040000000000000038e-05,1.917036000000000000e-03,1.888257000000000130e-02,5.999700559999999738e-01,6.928093410000000230e-01,1.000000000000000000e+00,1.233291000000000075e-03,1.927722499999999853e-02,1.527627500000000062e-02,5.227690299999999957e-02,3.668665999999999594e-02,1.419895709999999811e-01,6.353126319999999883e-01,5.337058150000000278e-01,2.954609000000000055e-02,6.918547099999999839e-02,4.497518970000000116e-01,4.470336260000000173e-01,5.453569139999999704e-01,6.482705960000000323e-01,7.968913140000000173e-01,7.432904489999999642e-01
7.666470359999999484e-01,8.297766180000000213e-01,3.222195729999999814e-01,9.528419479999999941e-01,2.725109589999999971e-01,8.941587370000000368e-01,5.376306499999999877e-02,7.042402899999999910e-02,1.040000000000000038e-05,1.917036000000000000e-03,1.888257000000000130e-02,6.036661339999999099e-01,6.832285089999999839e-01,1.000000000000000000e+00,1.233291000000000075e-03,1.927722499999999853e-02,1.527627500000000062e-02,5.380681099999999606e-02,5.088709299999999436e-02,1.348890249999999957e-01,6.353126319999999883e-01,5.337058150000000278e-01,2.954609000000000055e-02,6.918547099999999839e-02,4.497518970000000116e-01,4.470336260000000173e-01,5.453569139999999704e-01,6.482705960000000323e-01,7.968913140000000173e-01,7.432904489999999642e-01
7.496476140000000177e-01,8.384299139999999984e-01,3.118688390000000088e-01,9.703433240000000071e-01,2.595976090000000069e-01,8.941587370000000368e-01,5.376306499999999877e-02,7.042402899999999910e-02,1.040000000000000038e-05,1.917036000000000000e-03,1.888257000000000130e-02,5.766935919999999216e-01,7.026993830000000107e-01,1.000000000000000000e+00,1.233291000000000075e-03,1.927722499999999853e-02,1.527627500000000062e-02,3.109714699999999860e-02,4.515964000000000089e-02,1.434691399999999950e-01,6.353126319999999883e-01,5.337058150000000278e-01,2.954609000000000055e-02,6.918547099999999839e-02,4.497518970000000116e-01,4.470336260000000173e-01,5.453569139999999704e-01,6.482705960000000323e-01,7.968913140000000173e-01,7.432904489999999642e-01
7.758086950000000481e-01,8.498331190000000257e-01,3.051063669999999894e-01,9.492973100000000608e-01,2.744041449999999882e-01,8.941587370000000368e-01,5.376306499999999877e-02,7.042402899999999910e-02,1.040000000000000038e-05,1.917036000000000000e-03,1.888257000000000130e-02,5.930827869999999447e-01,6.840013489999999807e-01,1.000000000000000000e+00,1.233291000000000075e-03,1.927722499999999853e-02,1.527627500000000062e-02,5.270537399999999928e-02,4.394004099999999913e-02,1.453015569999999979e-01,6.353126319999999883e-01,5.337058150000000278e-01,2.954609000000000055e-02,6.918547099999999839e-02,4.497518970000000116e-01,4.470336260000000173e-01,5.453569139999999704e-01,6.482705960000000323e-01,7.968913140000000173e-01,7.432904489999999642e-01
7.467657960000000372e-01,8.275233770000000044e-01,3.100693800000000055e-01,9.529166070000000266e-01,2.800131260000000011e-01,8.941587370000000368e-01,5.376306499999999877e-02,7.042402899999999910e-02,1.040000000000000038e-05,1.917036000000000000e-03,1.888257000000000130e-02,5.942344819999999528e-01,6.996661210000000297e-01,1.000000000000000000e+00,1.233291000000000075e-03,1.927722499999999853e-02,1.527627500000000062e-02,4.374611100000000419e-02,5.552232199999999895e-02,1.447247359999999927e-01,6.353126319999999883e-01,5.337058150000000278e-01,2.954609000000000055e-02,6.918547099999999839e-02,4.497518970000000116e-01,4.470336260000000173e-01,5.453569139999999704e-01,6.482705960000000323e-01,7.968913140000000173e-01,7.432904489999999642e-01
7.556586539999999852e-01,8.492932340000000080e-01,3.007315600000000089e-01,9.738210680000000119e-01,2.595540729999999963e-01,8.941587370000000368e-01,5.376306499999999877e-02,7.042402899999999910e-02,1.040000000000000038e-05,1.917036000000000000e-03,1.888257000000000130e-02,5.979043979999999481e-01,6.785069169999999872e-01,1.000000000000000000e+00,1.233291000000000075e-03,1.927722499999999853e-02,1.527627500000000062e-02,5.330759200000000086e-02,5.822364199999999212e-02,1.341536919999999911e-01,6.353126319999999883e-01,5.337058150000000278e-01,2.954609000000000055e-02,6.918547099999999839e-02,4.497518970000000116e-01,4.470336260000000173e-01,5.453569139999999704e-01,6.482705960000000323e-01,7.968913140000000173e-01,7.432904489999999642e-01
7.748816259999999900e-01,8.214204889999999759e-01,2.954010899999999773e-01,9.688449089999999764e-01,2.664388730000000205e-01,8.941587370000000368e-01,5.376306499999999877e-02,7.042402899999999910e-02,1.040000000000000038e-05,1.917036000000000000e-03,1.888257000000000130e-02,5.765071389999999463e-01,6.781912999999999414e-01,1.000000000000000000e+00,1.233291000000000075e-03,1.927722499999999853e-02,1.527627500000000062e-02,3.315005299999999877e-02,3.295957100000000001e-02,1.187248709999999957e-01,6.353126319999999883e-01,5.337058150000000278e-01,2.954609000000000055e-02,6.918547099999999839e-02,4.497518970000000116e-01,4.470336260000000173e-01,5.453569139999999704e-01,6.482705960000000323e-01,7.968913140000000173e-01,7.432904489999999642e-01
7.506490550000000095e-01,8.308482520000000093e-01,3.158337719999999571e-01,9.552422030000000674e-01,2.647296410000000155e-01,8.941587370000000368e-01,5.376306499999999877e-02,7.042402899999999910e-02,1.040000000000000038e-05,1.917036000000000000e-03,1.888257000000000130e-02,5.853538569999999774e-01,6.829741320000000115e-01,1.000000000000000000e+00,1.233291000000000075e-03,1.927722499999999853e-02,1.527627500000000062e-02,5.349144100000000068e-02,5.277425399999999267e-02,1.340257669999999901e-01,6.353126319999999883e-01,5.337058150000000278e-01,2.954609000000000055e-02,6.918547099999999839e-02,4.497518970000000116e-01,4.470336260000000173e-01,5.453569139999999704e-01,6.482705960000000323e-01,7.968913140000000173e-01,7.432904489999999642e-01
7.642929269999999553e-01,8.270807960000000625e-01,3.171199069999999787e-01,9.656201620000000041e-01,2.818286770000000274e-01,8.941587370000000368e-01,5.376306499999999877e-02,7.042402899999999910e-02,1.040000000000000038e-05,1.917036000000000000e-03,1.888257000000000130e-02,5.850899179999999866e-01,6.753932879999999805e-01,1.000000000000000000e+00,1.233291000000000075e-03,1.927722499999999853e-02,1.527627500000000062e-02,5.243251799999999740e-02,3.169544399999999623e-02,1.373095609999999966e-01,6.353126319999999883e-01,5.337058150000000278e-01,2.954609000000000055e-02,6.918547099999999839e-02,4.497518970000000116e-01,4.470336260000000173e-01,5.453569139999999704e-01,6.482705960000000323e-01,7.968913140000000173e-01,7.432904489999999642e-01
7.741207519999999676e-01,8.311658379999999902e-01,3.021399419999999947e-01,9.596856300000000672e-01,2.632658380000000298e-01,8.941587370000000368e-01,5.376306499999999877e-02,7.042402899999999910e-02,1.040000000000000038e-05,1.917036000000000000e-03,1.888257000000000130e-02,5.975148949999999903e-01,7.004880879999999532e-01,1.000000000000000000e+00,1.233291000000000075e-03,1.927722499999999853e-02,1.527627500000000062e-02,3.868712400000000329e-02,4.951604399999999517e-02,1.408282939999999928e-01,6.353126319999999883e-01,5.337058150000000278e-01,2.954609000000000055e-02,6.918547099999999839e-02,4.497518970000000116e-01,4.470336260000000173e-01,5.453569139999999704e-01,6.482705960000000323e-01,7.968913140000000173e-01,7.432904489999999642e-01
7.563173509999999711e-01,8.430479929999999955e-01,3.101910039999999924e-01,9.655693000000000747e-01,2.803451710000000041e-01,8.941587370000000368e-01,5.376306499999999877e-02,7.042402899999999910e-02,1.040000000000000038e-05,1.917036000000000000e-03,1.888257000000000130e-02,5.890334609999999804e-01,7.022134789999999738e-01,1.000000000000000000e+00,1.233291000000000075e-03,1.927722499999999853e-02,1.527627500000000062e-02,3.569115500000000218e-02,5.497793299999999272e-02,1.434063640000000084e-01,6.353126319999999883e-01,5.337058150000000278e-01,2.954609000000000055e-02,6.918547099999999839e-02,4.497518970000000116e-01,4.470336260000000173e-01,5.453569139999999704e-01,6.482705960000000323e-01,7.968913140000000173e-01,7.432904489999999642e-01
7.638916529999999483e-01,8.448748270000000504e-01,3.130731290000000056e-01,9.711919690000000438e-01,2.567685580000000356e-01,8.941587370000000368e-01,5.376306499999999877e-02,7.042402899999999910e-02,1.040000000000000038e-05,1.917036000000000000e-03,1.888257000000000130e-02,5.939491489999999541e-01,7.021086149999999915e-01,1.000000000000000000e+00,1.233291000000000075e-03,1.927722499999999853e-02,1.527627500000000062e-02,5.068343299999999996e-02,5.439990699999999735e-02,1.221765429999999986e-01,6.353126319999999883e-01,5.337058150000000278e-01,2.954609000000000055e-02,6.918547099999999839e-02,4.497518970000000116e-01,4.470336260000000173e-01,5.453569139999999704e-01,6.482705960000000323e-01,7.968913140000000173e-01,7.432904489999999642e-01
7.520654019999999385e-01,8.397732869999999794e-01,3.111377049999999866e-01,9.671892530000000265e-01,2.717160399999999920e-01,8.941587370000000368e-01,5.376306499999999877e-02,7.042402899999999910e-02,1.040000000000000038e-05,1.917036000000000000e-03,1.888257000000000130e-02,5.914309799999999395e-01,6.968300039999999473e-01,1.000000000000000000e+00,1.233291000000000075e-03,1.927722499999999853e-02,1.527627500000000062e-02,3.725216600000000322e-02,3.690286999999999734e-02,1.468528490000000075e-01,6.353126319999999883e-01,5.337058150000000278e-01,2.954609000000000055e-02,6.918547099999999839e-02,4.497518970000000116e-01,4.470336260000000173e-01,5.453569139999999704e-01,6.482705960000000323e-01,7.968913140000000173e-01,7.432904489999999642e-01
7.498411219999999711e-01,8.412315460000000522e-01,3.039138089999999792e-01,9.696231370000000238e-01,2.783397590000000199e-01,8.941587370000000368e-01,5.376306499999999877e-02,7.042402899999999910e-02,1.040000000000000038e-05,1.917036000000000000e-03,1.888257000000000130e-02,5.781001729999999394e-01,6.764949540000000372e-01,1.000000000000000000e+00,1.233291000000000075e-03,1.927722499999999853e-02,1.527627500000000062e-02,3.254431700000000316e-02,3.198669299999999660e-02,1.391149119999999795e-01,6.353126319999999883e-01,5.337058150000000278e-01,2.954609000000000055e-02,6.918547099999999839e-02,4.497518970000000116e-01,4.470336260000000173e-01,5.453569139999999704e-01,6.482705960000000323e-01,7.968913140000000173e-01,7.432904489999999642e-01
7.646234020000000076e-01,8.379425270000000481e-01,2.991900219999999999e-01,9.485579090000000324e-01,2.755998370000000142e-01,8.941587370000000368e-01,5.376306499999999877e-02,7.042402899999999910e-02,1.040000000000000038e-05,1.917036000000000000e-03,1.888257000000000130e-02,5.790039629999998994e-01,6.866789789999999671e-01,1.000000000000000000e+00,1.233291000000000075e-03,1.927722499999999853e-02,1.527627500000000062e-02,4.013194099999999737e-02,3.492313600000000046e-02,1.314732109999999787e-01,6.353126319999999883e-01,5.337058150000000278e-01,2.954609000000000055e-02,6.918547099999999839e-02,4.497518970000000116e-01,4.470336260000000173e-01,5.453569139999999704e-01,6.482705960000000323e-01,7.968913140000000173e-01,7.432904489999999642e-01
7.601999699999999471e-01,8.454371390000000597e-01,3.203221809999999836e-01,9.548871210000000609e-01,2.640946800000000261e-01,8.941587370000000368e-01,5.376306499999999877e-02,7.042402899999999910e-02,1.040000000000000038e-05,1.917036000000000000e-03,1.888257000000000130e-02,5.773512359999999344e-01,6.889307569999999492e-01,1.000000000000000000e+00,1.233291000000000075e-03,1.927722499999999853e-02,1.527627500000000062e-02,3.776340899999999778e-02,5.514815400000000478e-02,1.469924449999999994e-01,6.353126319999999883e-01,5.337058150000000278e-01,2.954609000000000055e-02,6.918547099999999839e-02,4.497518970000000116e-01,4.470336260000000173e-01,5.453569139999999704e-01,6.482705960000000323e-01,7.968913140000000173e-01,7.432904489999999642e-01
7.703598350000000483e-01,8.326496540000000168e-01,3.205303119999999839e-01,9.624106080000000008e-01,2.618606330000000093e-01,8.941587370000000368e-01,5.376306499999999877e-02,7.042402899999999910e-02,1.040000000000000038e-05,1.917036000000000000e-03,1.888257000000000130e-02,5.884414559999999739e-01,6.939673610000000048e-01,1.000000000000000000e+00,1.233291000000000075e-03,1.927722499999999853e-02,1.527627500000000062e-02,4.475689299999999898e-02,4.961681399999999520e-02,1.300214590000000059e-01,6.353126319999999883e-01,5.337058150000000278e-01,2.954609000000000055e-02,6.918547099999999839e-02,4.497518970000000116e-01,4.470336260000000173e-01,5.453569139999999704e-01,6.482705960000000323e-01,7.968913140000000173e-01,7.432904489999999642e-01
7.632317490000000149e-01,8.392885920000000555e-01,2.972757159999999677e-01,9.480284930000000276e-01,2.534526040000000258e-01,8.941587370000000368e-01,5.376306499999999877e-02,7.042402899999999910e-02,1.040000000000000038e-05,1.917036000000000000e-03,1.888257000000000130e-02,5.844238219999999817e-01,6.929232180000000074e-01,1.000000000000000000e+00,1.233291000000000075e-03,1.927722499999999853e-02,1.527627500000000062e-02,4.948463999999999641e-02,3.652481700000000109e-02,1.324720839999999900e-01,6.353126319999999883e-01,5.337058150000000278e-01,2.954609000000000055e-02,6.918547099999999839e-02,4.497518970000000116e-01,4.470336260000000173e-01,5.453569139999999704e-01,6.482705960000000323e-01,7.968913140000000173e-01,7.432904489999999642e-01
7.763049039999999623e-01,8.434981770000000711e-01,3.121772399999999670e-01,9.577223220000000703e-01,2.614526269999999930e-01,8.941587370000000368e-01,5.376306499999999877e-02,7.042402899999999910e-02,1.040000000000000038e-05,1.917036000000000000e-03,1.888257000000000130e-02,5.860239549999999298e-01,6.849416600000000077e-01,1.000000000000000000e+00,1.233291000000000075e-03,1.927722499999999853e-02,1.527627500000000062e-02,3.365063100000000029e-02,3.567895699999999726e-02,1.445550780000000035e-01,6.353126319999999883e-01,5.337058150000000278e-01,2.954609000000000055e-02,6.918547099999999839e-02,4.497518970000000116e-01,4.470336260000000173e-01,5.453569139999999704e-01,6.482705960000000323e-01,7.968913140000000173e-01,7.432904489999999642e-01
7.501691579999999471e-01,8.216411439999999899e-01,3.010407929999999732e-01,9.741352170000000532e-01,2.738698609999999922e-01,8.941587370000000368e-01,5.376306499999999877e-02,7.042402899999999910e-02,1.040000000000000038e-05,1.917036000000000000e-03,1.888257000000000130e-02,5.920793229999999907e-01,6.879820359999999635e-01,1.000000000000000000e+00,1.233291000000000075e-03,1.927722499999999853e-02,1.527627500000000062e-02,5.026137699999999597e-02,4.801421300000000003e-02,1.188279899999999945e-01,6.353126319999999883e-01,5.337058150000000278e-01,2.954609000000000055e-02,6.918547099999999839e-02,4.497518970000000116e-01,4.470336260000000173e-01,5.453569139999999704e-01,6.482705960000000323e-01,7.968913140000000173e-01,7.432904489999999642e-01
7.663325009999999438e-01,8.336088529999999830e-01,3.151982229999999996e-01,9.638144149999999799e-01,2.786325090000000282e-01,8.941587370000000368e-01,5.376306499999999877e-02,7.042402899999999910e-02,1.040000000000000038e-05,1.917036000000000000e-03,1.888257000000000130e-02,6.031168619999999203e-01,6.895725959999999821e-01,1.000000000000000000e+00,1.233291000000000075e-03,1.927722499999999853e-02,1.527627500000000062e-02,4.029351200000000355e-02,5.733751700000000451e-02,1.306299729999999826e-01,6.353126319999999883e-01,5.337058150000000278e-01,2.954609000000000055e-02,6.918547099999999839e-02,4.497518970000000116e-01,4.470336260000000173e-01,5.453569139999999704e-01,6.482705960000000323e-01,7.968913140000000173e-01,7.432904489999999642e-01
7.583610539999999789e-01,8.317824129999999982e-01,3.119981609999999961e-01,9.545711279999999910e-01,2.568942850000000000e-01,8.941587370000000368e-01,5.376306499999999877e-02,7.042402899999999910e-02,1.040000000000000038e-05,1.917036000000000000e-03,1.888257000000000130e-02,5.926419929999999781e-01,6.757328409999999730e-01,1.000000000000000000e+00,1.233291000000000075e-03,1.927722499999999853e-02,1.527627500000000062e-02,5.416164199999999596e-02,4.136283200000000215e-02,1.296648980000000007e-01,6.353126319999999883e-01,5.337058150000000278e-01,2.954609000000000055e-02,6.918547099999999839e-02,4.497518970000000116e-01,4.470336260000000173e-01,5.453569139999999704e-01,6.482705960000000323e-01,7.968913140000000173e-01,7.432904489999999642e-01
7.765243419999999785e-01,8.451460680000000281e-01,2.981621309999999969e-01,9.617278700000000402e-01,2.704977749999999959e-01,8.941587370000000368e-01,5.376306499999999877e-02,7.042402899999999910e-02,1.040000000000000038e-05,1.917036000000000000e-03,1.888257000000000130e-02,5.873219439999999292e-01,6.795014430000000383e-01,1.000000000000000000e+00,1.233291000000000075e-03,1.927722499999999853e-02,1.527627500000000062e-02,3.792123000000000022e-02,3.452925899999999965e-02,1.292102659999999903e-01,6.353126319999999883e-01,5.337058150000000278e-01,2.954609000000000055e-02,6.918547099999999839e-02,4.497518970000000116e-01,4.470336260000000173e-01,5.453569139999999704e-01,6.482705960000000323e-01,7.968913140000000173e-01,7.432904489999999642e-01
7.732860129999999943e-01,8.467938240000000283e-01,3.098264789999999880e-01,9.517062360000000387e-01,2.793883240000000212e-01,8.941587370000000368e-01,5.376306499999999877e-02,7.042402899999999910e-02,1.040000000000000038e-05,1.917036000000000000e-03,1.888257000000000130e-02,5.850118919999999223e-01,6.947116220000000286e-01,1.000000000000000000e+00,1.233291000000000075e-03,1.927722499999999853e-02,1.527627500000000062e-02,4.994324099999999933e-02,4.902383999999999908e-02,1.333078259999999904e-01,6.353126319999999883e-01,5.337058150000000278e-01,2.954609000000000055e-02,6.918547099999999839e-02,4.497518970000000116e-01,4.470336260000000173e-01,5.453569139999999704e-01,6.482705960000000323e-01,7.968913140000000173e-01,7.432904489999999642e-01
7.711956269999999947e-01,8.292943740000000563e-01,2.954935209999999812e-01,9.551532369999999883e-01,2.644961789999999979e-01,8.941587370000000368e-01,5.376306499999999877e-02,7.042402899999999910e-02,1.040000000000000038e-05,1.917036000000000000e-03,1.888257000000000130e-02,5.889423910000000095e-01,6.874702189999999380e-01,1.000000000000000000e+00,1.233291000000000075e-03,1.927722499999999853e-02,1.527627500000000062e-02,5.832031599999999705e-02,5.784318199999999299e-02,1.459642240000000035e-01,6.353126319999999883e-01,5.337058150000000278e-01,2.954609000000000055e-02,6.918547099999999839e-02,4.497518970000000116e-01,4.470336260000000173e-01,5.453569139999999704e-01,6.482705960000000323e-01,7.968913140000000173e-01,7.432904489999999642e-01
7.701169999999999405e-01,8.443555740000000531e-01,2.995810309999999976e-01,9.629584010000000749e-01,2.748638400000000259e-01,8.941587370000000368e-01,5.376306499999999877e-02,7.042402899999999910e-02,1.040000000000000038e-05,1.917036000000000000e-03,1.888257000000000130e-02,5.934476869999999460e-01,6.890509940000000277e-01,1.000000000000000000e+00,1.233291000000000075e-03,1.927722499999999853e-02,1.527627500000000062e-02,5.935066199999999847e-02,5.639561699999999511e-02,1.199880519999999978e-01,6.353126319999999883e-01,5.337058150000000278e-01,2.954609000000000055e-02,6.918547099999999839e-02,4.497518970000000116e-01,4.470336260000000173e-01,5.453569139999999704e-01,6.482705960000000323e-01,7.968913140000000173e-01,7.432904489999999642e-01
7.750557030000000402e-01,8.439228779999999874e-01,3.125176899999999591e-01,9.537631309999999862e-01,2.560883750000000347e-01,8.941587370000000368e-01,5.376306499999999877e-02,7.042402899999999910e-02,1.040000000000000038e-05,1.917036000000000000e-03,1.888257000000000130e-02,5.842739689999999486e-01,6.749368820000000158e-01,1.000000000000000000e+00,1.233291000000000075e-03,1.927722499999999853e-02,1.527627500000000062e-02,4.863608799999999399e-02,5.397952000000000305e-02,1.350297739999999913e-01,6.353126319999999883e-01,5.337058150000000278e-01,2.954609000000000055e-02,6.918547099999999839e-02,4.497518970000000116e-01,4.470336260000000173e-01,5.453569139999999704e-01,6.482705960000000323e-01,7.968913140000000173e-01,7.432904489999999642e-01
7.492041210000000007e-01,8.233876960000000578e-01,3.212122430000000084e-01,9.597377340000000645e-01,2.827912390000000276e-01,8.941587370000000368e-01,5.376306499999999877e-02,7.042402899999999910e-02,1.040000000000000038e-05,1.917036000000000000e-03,1.888257000000000130e-02,5.958004389999999040e-01,6.783824779999999555e-01,1.000000000000000000e+00,1.233291000000000075e-03,1.927722499999999853e-02,1.527627500000000062e-02,3.386665099999999762e-02,5.771483099999999422e-02,1.265504389999999868e-01,6.353126319999999883e-01,5.337058150000000278e-01,2.954609000000000055e-02,6.918547099999999839e-02,4.497518970000000116e-01,4.470336260000000173e-01,5.453569139999999704e-01,6.482705960000000323e-01,7.968913140000000173e-01,7.432904489999999642e-01
7.505451459999999964e-01,8.472085420000000644e-01,3.180519829999999826e-01,9.505516400000000310e-01,2.629394200000000348e-01,8.941587370000000368e-01,5.376306499999999877e-02,7.042402899999999910e-02,1.040000000000000038e-05,1.917036000000000000e-03,1.888257000000000130e-02,6.003863889999999648e-01,6.870793259999999902e-01,1.000000000000000000e+00,1.233291000000000075e-03,1.927722499999999853e-02,1.527627500000000062e-02,3.981366999999999545e-02,5.925193700000000452e-02,1.414500340000000023e-01,6.353126319999999883e-01,5.337058150000000278e-01,2.954609000000000055e-02,6.918547099999999839e-02,4.497518970000000116e-01,4.470336260000000173e-01,5.453569139999999704e-01,6.482705960000000323e-01,7.968913140000000173e-01,7.432904489999999642e-01
7.592201920000000159e-01,8.264439399999999880e-01,3.028349180000000085e-01,9.724808900000000422e-01,2.754765410000000192e-01,8.941587370000000368e-01,5.376306499999999877e-02,7.042402899999999910e-02,1.040000000000000038e-05,1.917036000000000000e-03,1.888257000000000130e-02,5.997979839999999507e-01,6.742742250000000048e-01,1.000000000000000000e+00,1.233291000000000075e-03,1.927722499999999853e-02,1.527627500000000062e-02,5.437314199999999931e-02,5.260882399999999848e-02,1.257221849999999863e-01,6.353126319999999883e-01,5.337058150000000278e-01,2.954609000000000055e-02,6.918547099999999839e-02,4.497518970000000116e-01,4.470336260000000173e-01,5.453569139999999704e-01,6.482705960000000323e-01,7.968913140000000173e-01,7.432904489999999642e-01
7.641630950000000144e-01,8.213126080000000551e-01,3.036892929999999713e-01,9.640085200000000354e-01,2.576655090000000148e-01,8.941587370000000368e-01,5.376306499999999877e-02,7.042402899999999910e-02,1.040000000000000038e-05,1.917036000000000000e-03,1.888257000000000130e-02,5.838643269999999053e-01,6.792977420000000377e-01,1.000000000000000000e+00,1.233291000000000075e-03,1.927722499999999853e-02,1.527627500000000062e-02,3.352267300000000283e-02,5.321199899999999594e-02,1.404508009999999862e-01,6.353126319999999883e-01,5.337058150000000278e-01,2.954609000000000055e-02,6.918547099999999839e-02,4.497518970000000116e-01,4.470336260000000173e-01,5.453569139999999704e-01,6.482705960000000323e-01,7.968913140000000173e-01,7.432904489999999642e-01
7.753329939999999976e-01,8.436521530000000713e-01,3.186948729999999896e-01,9.565438050000000247e-01,2.770793520000000010e-01,8.941587370000000368e-01,5.376306499999999877e-02,7.042402899999999910e-02,1.040000000000000038e-05,1.917036000000000000e-03,1.888257000000000130e-02,5.846319540000000092e-01,6.997194519999999640e-01,1.000000000000000000e+00,1.233291000000000075e-03,1.927722499999999853e-02,1.527627500000000062e-02,2.969019800000000098e-02,3.903769899999999515e-02,1.384117809999999837e-01,6.353126319999999883e-01,5.337058150000000278e-01,2.954609000000000055e-02,6.918547099999999839e-02,4.497518970000000116e-01,4.470336260000000173e-01,5.453569139999999704e-01,6.482705960000000323e-01,7.968913140000000173e-01,7.432904489999999642e-01
7.612090609999999646e-01,8.320618650000000116e-01,3.018151269999999609e-01,9.713759390000000771e-01,2.538464249999999867e-01,8.941587370000000368e-01,5.376306499999999877e-02,7.042402899999999910e-02,1.040000000000000038e-05,1.917036000000000000e-03,1.888257000000000130e-02,5.925038269999999274e-01,6.964509150000000037e-01,1.000000000000000000e+00,1.233291000000000075e-03,1.927722499999999853e-02,1.527627500000000062e-02,5.571741900000000414e-02,3.600992100000000029e-02,1.241398619999999897e-01,6.353126319999999883e-01,5.337058150000000278e-01,2.954609000000000055e-02,6.918547099999999839e-02,4.497518970000000116e-01,4.470336260000000173e-01,5.453569139999999704e-01,6.482705960000000323e-01,7.968913140000000173e-01,7.432904489999999642e-01
7.631567350000000305e-01,8.257974479999999895e-01,3.193407050000000025e-01,9.465761010000000031e-01,2.533288630000000152e-01,8.941587370000000368e-01,5.376306499999999877e-02,7.042402899999999910e-02,1.040000000000000038e-05,1.917036000000000000e-03,1.888257000000000130e-02,5.789312110000000011e-01,6.738066289999999903e-01,1.000000000000000000e+00,1.233291000000000075e-03,1.927722499999999853e-02,1.527627500000000062e-02,3.344289999999999763e-02,5.528037399999999324e-02,1.342675339999999939e-01,6.353126319999999883e-01,5.337058150000000278e-01,2.954609000000000055e-02,6.918547099999999839e-02,4.497518970000000116e-01,4.470336260000000173e-01,5.453569139999999704e-01,6.482705960000000323e-01,7.968913140000000173e-01,7.432904489999999642e-01
7.528161829999999721e-01,8.331440410000000574e-01,3.199761859999999958e-01,9.681698130000000457e-01,2.714645410000000036e-01,8.941587370000000368e-01,5.376306499999999877e-02,7.042402899999999910e-02,1.040000000000000038e-05,1.917036000000000000e-03,1.888257000000000130e-02,5.775908979999999637e-01,6.852411269999999499e-01,1.000000000000000000e+00,1.233291000000000075e-03,1.927722499999999853e-02,1.527627500000000062e-02,4.689718399999999454e-02,6.017328800000000533e-02,1.317795949999999994e-01,6.353126319999999883e-01,5.337058150000000278e-01,2.954609000000000055e-02,6.918547099999999839e-02,4.497518970000000116e-01,4.470336260000000173e-01,5.453569139999999704e-01,6.482705960000000323e-01,7.968913140000000173e-01,7.432904489999999642e-01
7.577941879999999797e-01,8.344852740000000546e-01,3.094802170000000019e-01,9.520123289999999905e-01,2.765952480000000158e-01,8.941587370000000368e-01,5.376306499999999877e-02,7.042402899999999910e-02,1.040000000000000038e-05,1.917036000000000000e-03,1.888257000000000130e-02,5.880392689999999201e-01,7.008197480000000201e-01,1.000000000000000000e+00,1.233291000000000075e-03,1.927722499999999853e-02,1.527627500000000062e-02,3.939350800000000069e-02,5.970418299999999401e-02,1.404667039999999978e-01,6.353126319999999883e-01,5.337058150000000278e-01,2.954609000000000055e-02,6.918547099999999839e-02,4.497518970000000116e-01,4.470336260000000173e-01,5.453569139999999704e-01,6.482705960000000323e-01,7.968913140000000173e-01,7.432904489999999642e-01
7.474279499999999521e-01,8.286020950000000385e-01,3.165828549999999963e-01,9.533326610000000256e-01,2.750837440000000189e-01,8.941587370000000368e-01,5.376306499999999877e-02,7.042402899999999910e-02,1.040000000000000038e-05,1.917036000000000000e-03,1.888257000000000130e-02,6.020944579999999435e-01,6.799705659999999430e-01,1.000000000000000000e+00,1.233291000000000075e-03,1.927722499999999853e-02,1.527627500000000062e-02,4.362720900000000013e-02,3.207275399999999499e-02,1.261766079999999957e-01,6.353126319999999883e-01,5.337058150000000278e-01,2.954609000000000055e-02,6.918547099999999839e-02,4.497518970000000116e-01,4.470336260000000173e-01,5.453569139999999704e-01,6.482705960000000323e-01,7.968913140000000173e-01,7.432904489999999642e-01
7.571750229999999471e-01,8.341504579999999835e-01,3.206718459999999826e-01,9.466529340000000570e-01,2.607067259999999997e-01,8.941587370000000368e-01,5.376306499999999877e-02,7.042402899999999910e-02,1.040000000000000038e-05,1.917036000000000000e-03,1.888257000000000130e-02,5.865694569999999608e-01,6.923541570000000256e-01,1.000000000000000000e+00,1.233291000000000075e-03,1.927722499999999853e-02,1.527627500000000062e-02,5.637148300000000001e-02,3.333167100000000022e-02,1.447938649999999938e-01,6.353126319999999883e-01,5.337058150000000278e-01,2.954609000000000055e-02,6.918547099999999839e-02,4.497518970000000116e-01,4.470336260000000173e-01,5.453569139999999704e-01,6.482705960000000323e-01,7.968913140000000173e-01,7.432904489999999642e-01
7.490108450000000362e-01,8.374011519999999820e-01,3.063451749999999696e-01,9.599627710000000480e-01,2.601969809999999939e-01,8.941587370000000368e-01,5.376306499999999877e-02,7.042402899999999910e-02,1.040000000000000038e-05,1.917036000000000000e-03,1.888257000000000130e-02,6.018419729999999745e-01,6.881039220000000345e-01,1.000000000000000000e+00,1.233291000000000075e-03,1.927722499999999853e-02,1.527627500000000062e-02,5.704408299999999543e-02,4.655355099999999857e-02,1.336733849999999779e-01,6.353126319999999883e-01,5.337058150000000278e-01,2.954609000000000055e-02,6.918547099999999839e-02,4.497518970000000116e-01,4.470336260000000173e-01,5.453569139999999704e-01,6.482705960000000323e-01,7.968913140000000173e-01,7.432904489999999642e-01
7.548233199999999643e-01,8.222508160000000510e-01,3.135990690000000081e-01,9.739930319999999808e-01,2.681674410000000064e-01,8.941587370000000368e-01,5.376306499999999877e-02,7.042402899999999910e-02,1.040000000000000038e-05,1.917036000000000000e-03,1.888257000000000130e-02,5.932774419999999882e-01,6.942888200000000287e-01,1.000000000000000000e+00,1.233291000000000075e-03,1.927722499999999853e-02,1.527627500000000062e-02,5.106694999999999984e-02,4.113112299999999860e-02,1.440284069999999972e-01,6.353126319999999883e-01,5.337058150000000278e-01,2.954609000000000055e-02,6.918547099999999839e-02,4.497518970000000116e-01,4.470336260000000173e-01,5.453569139999999704e-01,6.482705960000000323e-01,7.968913140000000173e-01,7.432904489999999642e-01
7.488176570000000254e-01,8.304321620000000292e-01,3.223802379999999856e-01,9.632032470000000401e-01,2.553468850000000234e-01,8.941587370000000368e-01,5.376306499999999877e-02,7.042402899999999910e-02,1.040000000000000038e-05,1.917036000000000000e-03,1.888257000000000130e-02,5.765693060000000036e-01,6.894954460000000118e-01,1.000000000000000000e+00,1.233291000000000075e-03,1.927722499999999853e-02,1.527627500000000062e-02,4.090600699999999423e-02,5.222544099999999745e-02,1.233423259999999883e-01,6.353126319999999883e-01,5.337058150000000278e-01,2.954609000000000055e-02,6.918547099999999839e-02,4.497518970000000116e-01,4.470336260000000173e-01,5.453569139999999704e-01,6.482705960000000323e-01,7.968913140000000173e-01,7.432904489999999642e-01
7.546593569999999751e-01,8.394845699999999855e-01,3.078022850000000088e-01,9.514651870000000455e-01,2.825379660000000293e-01,8.941587370000000368e-01,5.376306499999999877e-02,7.042402899999999910e-02,1.040000000000000038e-05,1.917036000000000000e-03,1.888257000000000130e-02,5.820234669999999610e-01,6.778047029999999529e-01,1.000000000000000000e+00,1.233291000000000075e-03,1.927722499999999853e-02,1.527627500000000062e-02,3.033930899999999833e-02,5.484034799999999710e-02,1.260841540000000038e-01,6.353126319999999883e-01,5.337058150000000278e-01,2.954609000000000055e-02,6.918547099999999839e-02,4.497518970000000116e-01,4.470336260000000173e-01,5.453569139999999704e-01,6.482705960000000323e-01,7.968913140000000173e-01,7.432904489999999642e-01
7.659262550000000003e-01,8.317238760000000841e-01,3.201142499999999891e-01,9.470354189999999894e-01,2.794540240000000231e-01,8.941587370000000368e-01,5.376306499999999877e-02,7.042402899999999910e-02,1.040000000000000038e-05,1.917036000000000000e-03,1.888257000000000130e-02,5.936818069999999503e-01,6.853142260000000263e-01,1.000000000000000000e+00,1.233291000000000075e-03,1.927722499999999853e-02,1.527627500000000062e-02,4.511038099999999801e-02,5.292172000000000542e-02,1.438401239999999859e-01,6.353126319999999883e-01,5.337058150000000278e-01,2.954609000000000055e-02,6.918547099999999839e-02,4.497518970000000116e-01,4.470336260000000173e-01,5.453569139999999704e-01,6.482705960000000323e-01,7.968913140000000173e-01,7.432904489999999642e-01
7.654721429999999938e-01,8.497078620000000360e-01,3.064841709999999719e-01,9.649768950000000567e-01,2.727914940000000232e-01,8.941587370000000368e-01,5.376306499999999877e-02,7.042402899999999910e-02,1.040000000000000038e-05,1.917036000000000000e-03,1.888257000000000130e-02,5.881054329999999553e-01,6.740626069999999803e-01,1.000000000000000000e+00,1.233291000000000075e-03,1.927722499999999853e-02,1.527627500000000062e-02,4.454960799999999749e-02,5.163100600000000012e-02,1.201879139999999929e-01,6.353126319999999883e-01,5.337058150000000278e-01,2.954609000000000055e-02,6.918547099999999839e-02,4.497518970000000116e-01,4.470336260000000173e-01,5.453569139999999704e-01,6.482705960000000323e-01,7.968913140000000173e-01,7.432904489999999642e-01
7.707505500000000342e-01,8.360993340000000273e-01,3.019881709999999719e-01,9.586500930000000364e-01,2.562292870000000278e-01,8.941587370000000368e-01,5.376306499999999877e-02,7.042402899999999910e-02,1.040000000000000038e-05,1.917036000000000000e-03,1.888257000000000130e-02,5.980149169999999792e-01,6.926527809999999397e-01,1.000000000000000000e+00,1.233291000000000075e-03,1.927722499999999853e-02,1.527627500000000062e-02,5.495786799999999306e-02,3.739330600000000115e-02,1.207344729999999949e-01,6.353126319999999883e-01,5.337058150000000278e-01,2.954609000000000055e-02,6.918547099999999839e-02,4.497518970000000116e-01,4.470336260000000173e-01,5.453569139999999704e-01,6.482705960000000323e-01,7.968913140000000173e-01,7.432904489999999642e-01
7.661332939999999647e-01,8.431509520000000091e-01,3.208489029999999631e-01,9.675914170000000647e-01,2.637391649999999976e-01,8.941587370000000368e-01,5.376306499999999877e-02,7.042402899999999910e-02,1.040000000000000038e-05,1.917036000000000000e-03,1.888257000000000130e-02,5.895662739999999458e-01,6.779916830000000116e-01,1.000000000000000000e+00,1.233291000000000075e-03,1.927722499999999853e-02,1.527627500000000062e-02,4.853192700000000248e-02,5.345847700000000424e-02,1.417664959999999919e-01,6.353126319999999883e-01,5.337058150000000278e-01,2.954609000000000055e-02,6.918547099999999839e-02,4.497518970000000116e-01,4.470336260000000173e-01,5.453569139999999704e-01,6.482705960000000323e-01,7.968913140000000173e-01,7.432904489999999642e-01
7.526188120000000259e-01,8.491445910000000596e-01,3.144735830000000010e-01,9.471568300000000606e-01,2.813211690000000376e-01,8.941587370000000368e-01,5.376306499999999877e-02,7.042402899999999910e-02,1.040000000000000038e-05,1.917036000000000000e-03,1.888257000000000130e-02,5.967825359999999746e-01,6.817538619999999883e-01,1.000000000000000000e+00,1.233291000000000075e-03,1.927722499999999853e-02,1.527627500000000062e-02,3.326213999999999560e-02,3.839998599999999707e-02,1.309531349999999983e-01,6.353126319999999883e-01,5.337058150000000278e-01,2.954609000000000055e-02,6.918547099999999839e-02,4.497518970000000116e-01,4.470336260000000173e-01,5.453569139999999704e-01,6.482705960000000323e-01,7.968913140000000173e-01,7.432904489999999642e-01
7.725603530000000330e-01,8.220444730000000533e-01,3.146781710000000065e-01,9.580360140000000468e-01,2.601409550000000070e-01,8.941587370000000368e-01,5.376306499999999877e-02,7.042402899999999910e-02,1.040000000000000038e-05,1.917036000000000000e-03,1.888257000000000130e-02,5.824699049999999545e-01,6.788888060000000113e-01,1.000000000000000000e+00,1.233291000000000075e-03,1.927722499999999853e-02,1.527627500000000062e-02,2.957793899999999754e-02,3.133870399999999501e-02,1.336009699999999856e-01,6.353126319999999883e-01,5.337058150000000278e-01,2.954609000000000055e-02,6.918547099999999839e-02,4.497518970000000116e-01,4.470336260000000173e-01,5.453569139999999704e-01,6.482705960000000323e-01,7.968913140000000173e-01,7.432904489999999642e-01
7.671953950000000022e-01,8.368102080000000553e-01,2.944431909999999930e-01,9.605288499999999896e-01,2.797520179999999912e-01,8.941587370000000368e-01,5.376306499999999877e-02,7.042402899999999910e-02,1.040000000000000038e-05,1.917036000000000000e-03,1.888257000000000130e-02,5.903023490000000040e-01,6.909837460000000098e-01,1.000000000000000000e+00,1.233291000000000075e-03,1.927722499999999853e-02,1.527627500000000062e-02,5.486495499999999303e-02,4.284267099999999884e-02,1.183831639999999991e-01,6.353126319999999883e-01,5.337058150000000278e-01,2.954609000000000055e-02,6.918547099999999839e-02,4.497518970000000116e-01,4.470336260000000173e-01,5.453569139999999704e-01,6.482705960000000323e-01,7.968913140000000173e-01,7.432904489999999642e-01
7.617036729999999700e-01,8.386493569999999842e-01,3.025305520000000081e-01,9.547841380000000600e-01,2.638502040000000326e-01,8.941587370000000368e-01,5.376306499999999877e-02,7.042402899999999910e-02,1.040000000000000038e-05,1.917036000000000000e-03,1.888257000000000130e-02,5.811259049999999426e-01,6.740067840000000254e-01,1.000000000000000000e+00,1.233291000000000075e-03,1.927722499999999853e-02,1.527627500000000062e-02,4.489678799999999997e-02,5.125165299999999424e-02,1.247286069999999913e-01,6.353126319999999883e-01,5.337058150000000278e-01,2.954609000000000055e-02,6.918547099999999839e-02,4.497518970000000116e-01,4.470336260000000173e-01,5.453569139999999704e-01,6.482705960000000323e-01,7.968913140000000173e-01,7.432904489999999642e-01
7.679870960000000357e-01,8.465221160000000467e-01,2.968221930000000119e-01,9.650254449999999817e-01,2.649486140000000267e-01,8.941587370000000368e-01,5.376306499999999877e-02,7.042402899999999910e-02,1.040000000000000038e-05,1.917036000000000000e-03,1.888257000000000130e-02,6.022588329999999379e-01,6.787892399999999604e-01,1.000000000000000000e+00,1.233291000000000075e-03,1.927722499999999853e-02,1.527627500000000062e-02,4.529049899999999795e-02,4.674487499999999823e-02,1.472974850000000058e-01,6.353126319999999883e-01,5.337058150000000278e-01,2.954609000000000055e-02,6.918547099999999839e-02,4.497518970000000116e-01,4.470336260000000173e-01,5.453569139999999704e-01,6.482705960000000323e-01,7.968913140000000173e-01,7.432904489999999642e-01
7.582554179999999588e-01,8.454989620000000761e-01,3.045181389999999655e-01,9.715631209999999740e-01,2.733524170000000142e-01,8.941587370000000368e-01,5.376306499999999877e-02,7.042402899999999910e-02,1.040000000000000038e-05,1.917036000000000000e-03,1.888257000000000130e-02,5.897432269999999255e-01,6.821359200000000067e-01,1.000000000000000000e+00,1.233291000000000075e-03,1.927722499999999853e-02,1.527627500000000062e-02,3.373777299999999868e-02,4.198240899999999831e-02,1.220767009999999958e-01,6.353126319999999883e-01,5.337058150000000278e-01,2.954609000000000055e-02,6.918547099999999839e-02,4.497518970000000116e-01,4.470336260000000173e-01,5.453569139999999704e-01,6.482705960000000323e-01,7.968913140000000173e-01,7.432904489999999642e-01
7.574061300000000108e-01,8.232088170000000371e-01,2.987655730000000065e-01,9.520389519999999939e-01,2.630231630000000043e-01,8.941587370000000368e-01,5.376306499999999877e-02,7.042402899999999910e-02,1.040000000000000038e-05,1.917036000000000000e-03,1.888257000000000130e-02,5.888623009999999214e-01,6.921356589999999587e-01,1.000000000000000000e+00,1.233291000000000075e-03,1.927722499999999853e-02,1.527627500000000062e-02,3.295992500000000103e-02,5.306020399999999970e-02,1.259627759999999985e-01,6.353126319999999883e-01,5.337058150000000278e-01,2.954609000000000055e-02,6.918547099999999839e-02,4.497518970000000116e-01,4.470336260000000173e-01,5.453569139999999704e-01,6.482705960000000323e-01,7.968913140000000173e-01,7.432904489999999642e-01
7.494336280000000183e-01,8.339127290000000192e-01,3.088960119999999976e-01,9.521666229999999898e-01,2.741371559999999930e-01,8.941587370000000368e-01,5.376306499999999877e-02,7.042402899999999910e-02,1.040000000000000038e-05,1.917036000000000000e-03,1.888257000000000130e-02,5.817961609999999784e-01,6.735079379999999727e-01,1.000000000000000000e+00,1.233291000000000075e-03,1.927722499999999853e-02,1.527627500000000062e-02,5.189599699999999927e-02,3.490279400000000087e-02,1.279799120000000012e-01,6.353126319999999883e-01,5.337058150000000278e-01,2.954609000000000055e-02,6.918547099999999839e-02,4.497518970000000116e-01,4.470336260000000173e-01,5.453569139999999704e-01,6.482705960000000323e-01,7.968913140000000173e-01,7.432904489999999642e-01
7.689340669999999989e-01,8.245527630000000219e-01,3.078697469999999714e-01,9.698532859999999811e-01,2.622245880000000362e-01,8.941587370000000368e-01,5.376306499999999877e-02,7.042402899999999910e-02,1.040000000000000038e-05,1.917036000000000000e-03,1.888257000000000130e-02,5.906065159999999148e-01,6.909248070000000297e-01,1.000000000000000000e+00,1.233291000000000075e-03,1.927722499999999853e-02,1.527627500000000062e-02,4.180801500000000392e-02,5.540195800000000115e-02,1.259320319999999993e-01,6.353126319999999883e-01,5.337058150000000278e-01,2.954609000000000055e-02,6.918547099999999839e-02,4.497518970000000116e-01,4.470336260000000173e-01,5.453569139999999704e-01,6.482705960000000323e-01,7.968913140000000173e-01,7.432904489999999642e-01
7.756368169999999784e-01,8.390381260000000507e-01,2.938567089999999937e-01,9.487143100000000606e-01,2.577650530000000217e-01,8.941587370000000368e-01,5.376306499999999877e-02,7.042402899999999910e-02,1.040000000000000038e-05,1.917036000000000000e-03,1.888257000000000130e-02,6.025571569999998989e-01,6.747638120000000184e-01,1.000000000000000000e+00,1.233291000000000075e-03,1.927722499999999853e-02,1.527627500000000062e-02,3.163328499999999710e-02,4.055103100000000127e-02,1.353609789999999924e-01,6.353126319999999883e-01,5.337058150000000278e-01,2.954609000000000055e-02,6.918547099999999839e-02,4.497518970000000116e-01,4.470336260000000173e-01,5.453569139999999704e-01,6.482705960000000323e-01,7.968913140000000173e-01,7.432904489999999642e-01
7.675076299999999963e-01,8.481895249999999997e-01,3.006025029999999654e-01,9.575078580000000450e-01,2.636197330000000227e-01,8.941587370000000368e-01,5.376306499999999877e-02,7.042402899999999910e-02,1.040000000000000038e-05,1.917036000000000000e-03,1.888257000000000130e-02,5.802794739999999063e-01,6.900725149999999974e-01,1.000000000000000000e+00,1.233291000000000075e-03,1.927722499999999853e-02,1.527627500000000062e-02,5.057658099999999546e-02,5.901724299999999701e-02,1.450510909999999931e-01,6.353126319999999883e-01,5.337058150000000278e-01,2.954609000000000055e-02,6.918547099999999839e-02,4.497518970000000116e-01,4.470336260000000173e-01,5.453569139999999704e-01,6.482705960000000323e-01,7.968913140000000173e-01,7.432904489999999642e-01
7.682566279999999415e-01,8.376376389999999894e-01,2.977649219999999874e-01,9.646477760000000679e-01,2.642606160000000037e-01,8.941587370000000368e-01,5.376306499999999877e-02,7.042402899999999910e-02,1.040000000000000038e-05,1.917036000000000000e-03,1.888257000000000130e-02,5.955518749999999528e-01,7.006389010000000361e-01,1.000000000000000000e+00,1.233291000000000075e-03,1.927722499999999853e-02,1.527627500000000062e-02,5.045230300000000390e-02,5.044219999999999954e-02,1.177670019999999956e-01,6.353126319999999883e-01,5.337058150000000278e-01,2.954609000000000055e-02,6.918547099999999839e-02,4.497518970000000116e-01,4.470336260000000173e-01,5.453569139999999704e-01,6.482705960000000323e-01,7.968913140000000173e-01,7.432904489999999642e-01
7.656500090000000203e-01,8.292308660000000664e-01,3.049751490000000009e-01,9.552846270000000528e-01,2.757521090000000230e-01,8.941587370000000368e-01,5.376306499999999877e-02,7.042402899999999910e-02,1.040000000000000038e-05,1.917036000000000000e-03,1.888257000000000130e-02,5.867978159999999166e-01,6.941501110000000141e-01,1.000000000000000000e+00,1.233291000000000075e-03,1.927722499999999853e-02,1.527627500000000062e-02,5.861332499999999390e-02,4.489074099999999790e-02,1.388636609999999993e-01,6.353126319999999883e-01,5.337058150000000278e-01,2.954609000000000055e-02,6.918547099999999839e-02,4.497518970000000116e-01,4.470336260000000173e-01,5.453569139999999704e-01,6.482705960000000323e-01,7.968913140000000173e-01,7.432904489999999642e-01
