REL_W,RF_W,INPC_W,PFC_W,WCC_W,REL_D,RF_D,INPC_D,PFC_D,WCC_D,REL_F,RF_F,INPC_F,PFC_F,WCC_F,REL_R,RF_R,INPC_R,PFC_R,WCC_R
0.0,0.03703666666666667,0.4087888935890345,0.014295279441394903,-0.04197104344870167,-0.05555555555555562,0.0,0.020185864815999703,0.019027187542014764,-3.428077785370196e-05,0.0,0.04347783553865988,0.0,0.0,0.006570436223433069,0.0,0.037036666666666655,0.17911582199732565,0.010043413464653688,0.005890580327861359
0.0,0.03703666666666667,0.35703976652117037,-0.005313289703881297,-0.04197104344870167,-0.05555555555555562,0.0,0.05922900065521743,0.027006330704795082,-3.428077785370196e-05,0.0,0.04347783553865988,0.0,0.0,0.006570436223433069,0.0,0.037036666666666655,0.1273666949294616,0.014255167498218101,0.005890580327861359
0.0,0.03703666666666667,0.4087888935890345,0.017880670054583124,-0.03899491491324828,-0.05555555555555562,0.0,0.020185864815999703,0.019027187542014764,-3.428077785370196e-05,0.0,0.04347783553865988,0.0,0.0,0.010148169391071596,0.0,0.037036666666666655,0.17911582199732565,0.010941303884995996,0.009098118442372866
0.0,0.03703666666666667,0.3889886762317744,-0.006982563646854455,-0.031322191929072395,-0.2222222222222225,0.0,0.10662917595951152,0.05412957193212178,-3.428077785370196e-05,0.0,0.04347783553865988,0.0,0.0,0.006570436223433069,0.0,0.037036666666666655,0.15931560464006564,0.02857204567824669,0.005890580327861359
0.0,0.03703666666666667,0.36924064997622813,-0.006982563646854455,-0.03899491491324828,-0.2222222222222225,0.0,0.10662917595951152,0.05412957193212178,-3.428077785370196e-05,0.0,0.04347783553865988,0.0,0.0,0.006570436223433069,0.0,0.037036666666666655,0.13956757838451941,0.02857204567824669,0.005890580327861359
0.0,0.03703666666666667,0.4087888935890345,0.014295279441394903,-0.031322191929072395,-0.05555555555555562,0.0,0.020185864815999703,0.019027187542014764,-3.428077785370196e-05,0.0,0.04347783553865988,0.0,0.0,0.006570436223433069,0.0,0.037036666666666655,0.17911582199732565,0.010043413464653688,0.005890580327861359
0.0,0.03703666666666667,0.35703976652117037,-0.005313289703881297,-0.031322191929072395,-0.05555555555555562,0.0,0.020185864815999703,0.019027187542014764,-3.428077785370196e-05,0.0,0.04347783553865988,0.0,0.0,0.007152917184462924,0.0,0.037036666666666655,0.1273666949294616,0.010043413464653688,0.0064127908438327726
-0.06666666666666676,0.0,0.5929992924444978,0.05649304366339293,-0.031322191929072395,-0.05555555555555562,0.0,0.020185864815999703,0.019027187542014764,-3.428077785370196e-05,0.0,0.0,0.0,0.0,0.003698817831309947,0.0,0.0,0.363326220852789,0.049553677493805806,0.0033160939110482394
0.0,0.03703666666666667,0.36924064997622813,7.713835226307648e-05,-0.04197104344870167,-0.05555555555555562,0.0,0.05922900065521743,0.027006330704795082,-3.428077785370196e-05,0.0,0.04347783553865988,0.0,0.0,0.007152917184462924,0.0,0.037036666666666655,0.13956757838451941,0.014255167498218101,0.0064127908438327726
0.0,0.03703666666666667,0.3889886762317744,0.01188239178260563,-0.011241996017953898,-0.05555555555555562,0.0,0.010107540435464692,0.002262218610986073,0.0,0.0,0.04347783553865988,0.0,0.0,0.005680782589299933,0.0,0.037036666666666655,0.15931560464006564,0.004943025613018504,0.005092980896465189
0.0,0.03703666666666667,0.3889886762317744,-0.005313289703881297,-0.04913387028519497,-0.05555555555555562,0.0,0.05922900065521743,0.027006330704795082,-3.428077785370196e-05,0.0,0.04347783553865988,0.0,0.0,0.006570436223433069,0.0,0.037036666666666655,0.15931560464006564,0.014255167498218101,0.005890580327861359
-0.06666666666666676,0.0,0.5535100501359406,0.05042071257324289,-0.04197104344870167,-0.05555555555555562,0.0,0.05922900065521743,0.027006330704795082,-3.428077785370196e-05,0.0,0.04347783553865988,0.0,0.0,0.0025924863779753383,0.0,0.037036666666666655,0.3238369785442319,0.043481346403655766,0.0023242367384810887
0.0,0.03703666666666667,0.3889886762317744,-0.005313289703881297,-0.04913387028519497,-0.05555555555555562,0.0,0.0526887790212425,0.010656394128753589,-3.428077785370196e-05,0.0,0.08695567107731979,0.0,0.0,0.010148169391071596,0.0,0.07407333333333334,0.15931560464006564,0.0056249286470241725,0.009098118442372866
-0.06666666666666676,0.0,0.5535100501359406,0.05042071257324289,-0.04197104344870167,-0.05555555555555562,0.0,0.020185864815999703,0.019027187542014764,-3.428077785370196e-05,0.0,0.04347783553865988,0.0,0.0,0.005675684287671667,0.0,0.037036666666666655,0.3238369785442319,0.043481346403655766,0.005088410126084699
0.0,0.03703666666666667,0.3893140184900406,0.006633898294625305,-0.04197104344870167,-0.05555555555555562,0.0,0.020185864815999703,0.019027187542014764,-3.428077785370196e-05,0.0,0.04347783553865988,0.0,0.0,0.006570436223433069,0.0,0.037036666666666655,0.1596409468983319,0.010043413464653688,0.005890580327861359
-0.06666666666666676,0.03703666666666667,0.40404989247088985,7.713835226307648e-05,-0.031322191929072395,-0.05555555555555562,0.0,0.05922900065521743,0.027006330704795082,-3.428077785370196e-05,0.0,0.04347783553865988,0.0,0.0,0.006570436223433069,0.0,0.037036666666666655,0.17437682087918108,0.014255167498218101,0.005890580327861359
-0.06666666666666676,0.0,0.5535100501359406,0.0465761370964507,-0.04197104344870167,-0.2222222222222225,0.0,0.10662917595951152,0.05412957193212178,-3.428077785370196e-05,0.0,0.04347783553865988,0.0,0.0,0.005675684287671667,0.0,0.037036666666666655,0.3238369785442319,0.039636770926863574,0.005088410126084699
-0.06666666666666676,0.03703666666666667,0.40404989247088985,0.014295279441394903,-0.031322191929072395,-0.05555555555555562,0.0,0.020185864815999703,0.019027187542014764,-3.428077785370196e-05,0.0,0.04347783553865988,0.0,0.0,0.005680782589299933,0.0,0.037036666666666655,0.17437682087918108,0.010043413464653688,0.005092980896465189
0.0,0.03703666666666667,0.3930950681607369,0.0,-0.031322191929072395,-0.16666666666666685,0.0,0.06880713449424386,0.048570476585745086,-3.428077785370196e-05,0.0,0.04347783553865988,0.0,0.0,0.006570436223433069,0.0,0.037036666666666655,0.16342199656902817,0.025637702758158912,0.005890580327861359
0.0,0.03703666666666667,0.3930950681607369,0.0,-0.04197104344870167,-0.2222222222222225,0.0,0.10662917595951152,0.05412957193212178,-3.428077785370196e-05,0.0,0.04347783553865988,0.0,0.0,0.007152917184462924,0.0,0.037036666666666655,0.16342199656902817,0.02857204567824669,0.0064127908438327726
-0.06666666666666676,0.0,0.5929992924444978,0.0521763814707507,-0.04913387028519497,-0.05555555555555562,0.0,0.05922900065521743,0.027006330704795082,-3.428077785370196e-05,0.0,0.04347783553865988,0.0,0.0,0.005675684287671667,0.0,0.037036666666666655,0.363326220852789,0.04523701530116357,0.005088410126084699
-0.13333333333333353,0.0,0.5535100501359406,0.0521763814707507,-0.03899491491324828,-0.05555555555555562,0.0,0.020185864815999703,0.019027187542014764,-3.428077785370196e-05,0.0,0.04347783553865988,0.0,0.0,0.003698817831309947,0.0,0.037036666666666655,0.3238369785442319,0.04523701530116357,0.0033160939110482394
0.0,0.03703666666666667,0.3893140184900406,0.006633898294625305,-0.03899491491324828,-0.05555555555555562,0.0,0.020185864815999703,0.019027187542014764,-3.428077785370196e-05,0.0,0.04347783553865988,0.0,0.0,0.005680782589299933,0.0,0.037036666666666655,0.1596409468983319,0.010043413464653688,0.005092980896465189
-0.06666666666666676,0.0,0.5535100501359406,0.05042071257324289,-0.031322191929072395,-0.05555555555555562,0.0,0.020185864815999703,0.019027187542014764,-3.428077785370196e-05,0.0,0.04347783553865988,0.0,0.0,0.005675684287671667,0.0,0.037036666666666655,0.3238369785442319,0.043481346403655766,0.005088410126084699
0.0,0.03703666666666667,0.3777848398313135,-0.008451277873943563,-0.04913387028519497,-0.2222222222222225,0.0,0.10662917595951152,0.05412957193212178,-3.428077785370196e-05,0.0,0.04347783553865988,0.0,0.0,0.006570436223433069,0.0,0.037036666666666655,0.14811176823960473,0.02857204567824669,0.005890580327861359
0.06666666666666676,0.03703666666666667,0.3620668787452811,-0.005313289703881297,-0.04197104344870167,-0.05555555555555562,0.0,0.010107540435464692,0.002262218610986073,-3.428077785370196e-05,0.0,0.08695567107731979,0.0,0.0,0.010148169391071596,0.0,0.07407333333333334,0.13239380715357238,0.0011941016930325505,0.009098118442372866
-0.06666666666666676,0.03703666666666667,0.4199927333980052,7.713835226307648e-05,-0.04913387028519497,-0.16666666666666685,0.0,0.06880713449424386,0.048570476585745086,-3.428077785370196e-05,0.0,0.04347783553865988,0.0,0.0,0.007152917184462924,0.0,0.037036666666666655,0.19031966180629645,0.025637702758158912,0.0064127908438327726
-0.06666666666666676,0.03703666666666667,0.40026884280019365,0.014295279441394903,-0.04197104344870167,-0.05555555555555562,0.0,0.05922900065521743,0.027006330704795082,-3.428077785370196e-05,0.0,0.04347783553865988,0.0,0.0,0.006570436223433069,0.0,0.037036666666666655,0.17059577120848488,0.014255167498218101,0.005890580327861359
-0.06666666666666676,0.0,0.5929992924444978,0.06263942757171552,-0.011241996017953898,-0.05555555555555562,0.0,0.0526887790212425,0.010656394128753589,0.0,0.0,0.04347783553865988,0.0,0.0,0.005675684287671667,0.0,0.037036666666666655,0.363326220852789,0.055700061402128395,0.005088410126084699
-0.06666666666666676,0.0,0.5535100501359406,0.05042071257324289,-0.031322191929072395,-0.05555555555555562,0.0,0.020185864815999703,0.019027187542014764,-3.428077785370196e-05,0.0,0.04347783553865988,0.0,0.0,0.0025924863779753383,0.0,0.037036666666666655,0.3238369785442319,0.043481346403655766,0.0023242367384810887
0.0,0.03703666666666667,0.35703976652117037,-0.006982563646854455,-0.031322191929072395,-0.16666666666666685,0.0,0.06880713449424386,0.048570476585745086,-3.428077785370196e-05,0.0,0.08695567107731979,0.0,0.0,0.010148169391071596,0.0,0.07407333333333334,0.1273666949294616,0.025637702758158912,0.009098118442372866
0.0,0.03703666666666667,0.4199927333980052,0.025313721678653974,-0.04197104344870167,-0.05555555555555562,0.0,0.05922900065521743,0.027006330704795082,-3.428077785370196e-05,0.0,0.04347783553865988,0.0,0.0,0.005680782589299933,0.0,0.037036666666666655,0.19031966180629645,0.018374355509066846,0.005092980896465189
-0.06666666666666676,0.03703666666666667,0.4199927333980052,0.017880670054583124,-0.031322191929072395,-0.05555555555555562,0.0,0.020185864815999703,0.019027187542014764,-3.428077785370196e-05,0.0,0.04347783553865988,0.0,0.0,0.005680782589299933,0.0,0.037036666666666655,0.19031966180629645,0.010941303884995996,0.005092980896465189
-0.06666666666666676,0.0,0.5535100501359406,0.05042071257324289,-0.031322191929072395,-0.05555555555555562,0.0,0.05922900065521743,0.027006330704795082,-3.428077785370196e-05,0.0,0.04347783553865988,0.0,0.0,0.0025924863779753383,0.0,0.037036666666666655,0.3238369785442319,0.043481346403655766,0.0023242367384810887
-0.13333333333333353,0.0,0.5535100501359406,0.05042071257324289,-0.04197104344870167,-0.2222222222222225,0.0,0.10662917595951152,0.05412957193212178,-3.428077785370196e-05,0.0,0.04347783553865988,0.0,0.0,0.0025924863779753383,0.0,0.037036666666666655,0.3238369785442319,0.043481346403655766,0.0023242367384810887
-0.06666666666666676,0.0,0.5535100501359406,0.05042071257324289,-0.031322191929072395,-0.05555555555555562,0.0,0.05922900065521743,0.027006330704795082,-3.428077785370196e-05,0.0,0.04347783553865988,0.0,0.0,0.003698817831309947,0.0,0.037036666666666655,0.3238369785442319,0.043481346403655766,0.0033160939110482394
-0.06666666666666676,0.0,0.5929992924444978,0.05649304366339293,-0.04197104344870167,-0.05555555555555562,0.0,0.05922900065521743,0.027006330704795082,-3.428077785370196e-05,0.0,0.0,0.0,0.0,0.0025924863779753383,0.0,0.0,0.363326220852789,0.049553677493805806,0.0023242367384810887
-0.06666666666666676,0.0,0.5535100501359406,0.05042071257324289,-0.04197104344870167,-0.05555555555555562,0.0,0.05922900065521743,0.027006330704795082,-3.428077785370196e-05,0.0,0.04347783553865988,0.0,0.0,0.003698817831309947,0.0,0.037036666666666655,0.3238369785442319,0.043481346403655766,0.0033160939110482394
-0.06666666666666676,0.0,0.5929992924444978,0.0465761370964507,-0.031322191929072395,-0.2222222222222225,0.0,0.10662917595951152,0.05412957193212178,-3.428077785370196e-05,0.0,0.0,0.0,0.0,0.0025924863779753383,0.0,0.0,0.363326220852789,0.039636770926863574,0.0023242367384810887
0.0,0.03703666666666667,0.36924064997622813,-0.005313289703881297,-0.04913387028519497,-0.05555555555555562,0.0,0.05922900065521743,0.027006330704795082,-3.428077785370196e-05,0.0,0.04347783553865988,0.0,0.0,0.007152917184462924,0.0,0.037036666666666655,0.13956757838451941,0.014255167498218101,0.0064127908438327726
0.0,0.03703666666666667,0.3893140184900406,0.0,-0.04197104344870167,-0.16666666666666685,0.0,0.06880713449424386,0.048570476585745086,-3.428077785370196e-05,0.0,0.04347783553865988,0.0,0.0,0.010148169391071596,0.0,0.037036666666666655,0.1596409468983319,0.025637702758158912,0.009098118442372866
0.0,0.03703666666666667,0.3705883849677969,-0.005313289703881297,-0.04913387028519497,-0.05555555555555562,0.0,0.05922900065521743,0.027006330704795082,-3.428077785370196e-05,0.0,0.04347783553865988,0.0,0.0,0.005680782589299933,0.0,0.037036666666666655,0.14091531337608815,0.014255167498218101,0.005092980896465189
-0.13333333333333353,0.0,0.5929992924444978,0.060056835537947426,-0.04197104344870167,-0.05555555555555562,0.0,0.020185864815999703,0.019027187542014764,-3.428077785370196e-05,0.0,0.04347783553865988,0.0,0.0,0.005675684287671667,0.0,0.037036666666666655,0.363326220852789,0.053117469368360294,0.005088410126084699
0.0,0.03703666666666667,0.3777848398313135,-0.005634185249295709,-0.04197104344870167,-0.05555555555555562,0.0,0.020185864815999703,0.019027187542014764,-3.428077785370196e-05,0.0,0.04347783553865988,0.0,0.0,0.006570436223433069,0.0,0.037036666666666655,0.14811176823960473,0.010043413464653688,0.005890580327861359
0.0,0.03703666666666667,0.4087888935890345,0.006633898294625305,-0.04197104344870167,-0.2222222222222225,0.0,0.10662917595951152,0.05412957193212178,-3.428077785370196e-05,0.0,0.04347783553865988,0.0,0.0,0.010148169391071596,0.0,0.037036666666666655,0.17911582199732565,0.02857204567824669,0.009098118442372866
-0.06666666666666676,0.0,0.5535100501359406,0.05042071257324289,-0.04197104344870167,-0.05555555555555562,0.0,0.020185864815999703,0.019027187542014764,-3.428077785370196e-05,0.0,0.04347783553865988,0.0,0.0,0.0025924863779753383,0.0,0.037036666666666655,0.3238369785442319,0.043481346403655766,0.0023242367384810887
-0.06666666666666676,0.0,0.5535100501359406,0.05396290570916374,-0.011241996017953898,-0.05555555555555562,0.0,0.020185864815999703,0.019027187542014764,0.0,0.0,0.04347783553865988,0.0,0.0,0.003698817831309947,0.0,0.037036666666666655,0.3238369785442319,0.04702353953957661,0.0033160939110482394
0.0,0.03703666666666667,0.3705883849677969,7.713835226307648e-05,-0.031322191929072395,-0.05555555555555562,0.0,0.020185864815999703,0.019027187542014764,-3.428077785370196e-05,0.0,0.04347783553865988,0.0,0.0,0.005680782589299933,0.0,0.037036666666666655,0.14091531337608815,0.010043413464653688,0.005092980896465189
-0.13333333333333353,0.0,0.5535100501359406,0.05396290570916374,-0.04913387028519497,-0.05555555555555562,0.0,0.05922900065521743,0.027006330704795082,-3.428077785370196e-05,0.0,0.04347783553865988,0.0,0.0,0.0025924863779753383,0.0,0.037036666666666655,0.3238369785442319,0.04702353953957661,0.0023242367384810887
-0.13333333333333353,0.0,0.5535100501359406,0.05649304366339293,-0.04197104344870167,-0.05555555555555562,0.0,0.05922900065521743,0.027006330704795082,-3.428077785370196e-05,0.0,0.04347783553865988,0.0,0.0,0.0025924863779753383,0.0,0.037036666666666655,0.3238369785442319,0.049553677493805806,0.0023242367384810887
-0.13333333333333353,0.0,0.5535100501359406,0.05396290570916374,-0.031322191929072395,-0.05555555555555562,0.0,0.020185864815999703,0.019027187542014764,-3.428077785370196e-05,0.0,0.04347783553865988,0.0,0.0,0.0025924863779753383,0.0,0.037036666666666655,0.3238369785442319,0.04702353953957661,0.0023242367384810887
-0.06666666666666676,0.03703666666666667,0.5535100501359406,0.05649304366339293,-0.04197104344870167,-0.05555555555555562,0.0,0.010107540435464692,0.002262218610986073,-3.428077785370196e-05,0.0,0.04347783553865988,0.0,0.0,0.005675684287671667,0.0,0.037036666666666655,0.3238369785442319,0.049553677493805806,0.005088410126084699
0.0,0.03703666666666667,0.4087888935890345,0.025313721678653974,-0.04913387028519497,-0.05555555555555562,0.0,0.010107540435464692,0.002262218610986073,-3.428077785370196e-05,0.0,0.04347783553865988,0.0,0.0,0.010148169391071596,0.0,0.037036666666666655,0.17911582199732565,0.018374355509066846,0.009098118442372866
0.0,0.03703666666666667,0.35703976652117037,-0.004106845874486641,-0.011241996017953898,-0.05555555555555562,0.0,0.020185864815999703,0.019027187542014764,0.0,0.0,0.04347783553865988,0.0,0.0,0.007152917184462924,0.0,0.037036666666666655,0.1273666949294616,0.010043413464653688,0.0064127908438327726
-0.06666666666666676,0.03703666666666667,0.4199927333980052,0.017880670054583124,-0.031322191929072395,-0.05555555555555562,0.0,0.020185864815999703,0.019027187542014764,-3.428077785370196e-05,0.0,0.04347783553865988,0.0,0.0,0.005680782589299933,0.0,0.037036666666666655,0.19031966180629645,0.010941303884995996,0.005092980896465189
0.0,0.03703666666666667,0.3777848398313135,0.0003301521476859913,-0.004901246644050857,-0.05555555555555562,0.0,0.05922900065521743,0.027006330704795082,0.0,0.0,0.04347783553865988,0.0,0.0,0.007152917184462924,0.0,0.037036666666666655,0.14811176823960473,0.014255167498218101,0.0064127908438327726
0.0,0.03703666666666667,0.40894284234164685,0.017880670054583124,-0.04197104344870167,-0.05555555555555562,0.0,0.010107540435464692,0.002262218610986073,-3.428077785370196e-05,0.0,0.04347783553865988,0.0,0.0,0.006570436223433069,0.0,0.037036666666666655,0.17926977074993813,0.010941303884995996,0.005890580327861359
0.0,0.03703666666666667,0.3889886762317744,-0.0035823050790976516,-0.031322191929072395,-0.05555555555555562,0.0,0.020185864815999703,0.019027187542014764,-3.428077785370196e-05,0.0,0.04347783553865988,0.0,0.0,0.006570436223433069,0.0,0.037036666666666655,0.15931560464006564,0.010043413464653688,0.005890580327861359
0.0,0.03703666666666667,0.3893140184900406,0.006633898294625305,-0.031322191929072395,-0.05555555555555562,0.0,0.020185864815999703,0.019027187542014764,-3.428077785370196e-05,0.0,0.04347783553865988,0.0,0.0,0.007152917184462924,0.0,0.037036666666666655,0.1596409468983319,0.010043413464653688,0.0064127908438327726
0.0,0.03703666666666667,0.35703976652117037,-0.005313289703881297,-0.04197104344870167,-0.05555555555555562,0.0,0.05922900065521743,0.027006330704795082,-3.428077785370196e-05,0.0,0.04347783553865988,0.0,0.0,0.006570436223433069,0.0,0.037036666666666655,0.1273666949294616,0.014255167498218101,0.005890580327861359
-0.13333333333333353,0.0,0.5535100501359406,0.0465761370964507,-0.04197104344870167,-0.2222222222222225,0.0,0.10662917595951152,0.05412957193212178,-3.428077785370196e-05,0.0,0.04347783553865988,0.0,0.0,0.003698817831309947,0.0,0.037036666666666655,0.3238369785442319,0.039636770926863574,0.0033160939110482394
0.0,0.03703666666666667,0.36924064997622813,-0.005313289703881297,-0.031322191929072395,-0.05555555555555562,0.0,0.05922900065521743,0.027006330704795082,-3.428077785370196e-05,0.0,0.04347783553865988,0.0,0.0,0.007152917184462924,0.0,0.037036666666666655,0.13956757838451941,0.014255167498218101,0.0064127908438327726
-0.06666666666666676,0.0,0.5535100501359406,0.04213296800609701,-0.04913387028519497,-0.16666666666666685,0.0,0.06880713449424386,0.048570476585745086,-3.428077785370196e-05,0.0,0.04347783553865988,0.0,0.0,0.003698817831309947,0.0,0.037036666666666655,0.3238369785442319,0.03519360183650989,0.0033160939110482394
0.0,0.03703666666666667,0.3777848398313135,-0.008451277873943563,-0.031322191929072395,-0.16666666666666685,0.0,0.06880713449424386,0.048570476585745086,-3.428077785370196e-05,0.0,0.04347783553865988,0.0,0.0,0.006570436223433069,0.0,0.037036666666666655,0.14811176823960473,0.025637702758158912,0.005890580327861359
-0.13333333333333353,0.0,0.5535100501359406,0.0521763814707507,-0.04913387028519497,-0.05555555555555562,0.0,0.020185864815999703,0.019027187542014764,-3.428077785370196e-05,0.0,0.04347783553865988,0.0,0.0,0.005675684287671667,0.0,0.037036666666666655,0.3238369785442319,0.04523701530116357,0.005088410126084699
-0.06666666666666676,0.03703666666666667,0.40404989247088985,0.014295279441394903,-0.04197104344870167,-0.05555555555555562,0.0,0.05922900065521743,0.027006330704795082,-3.428077785370196e-05,0.0,0.04347783553865988,0.0,0.0,0.007152917184462924,0.0,0.037036666666666655,0.17437682087918108,0.014255167498218101,0.0064127908438327726
-0.06666666666666676,0.0,0.5535100501359406,0.04213296800609701,-0.04913387028519497,-0.2222222222222225,0.0,0.10662917595951152,0.05412957193212178,-3.428077785370196e-05,0.0,0.04347783553865988,0.0,0.0,0.0025924863779753383,0.0,0.037036666666666655,0.3238369785442319,0.03519360183650989,0.0023242367384810887
0.0,0.03703666666666667,0.3889886762317744,-0.005313289703881297,-0.04197104344870167,-0.05555555555555562,0.0,0.020185864815999703,0.019027187542014764,-3.428077785370196e-05,0.0,0.04347783553865988,0.0,0.0,0.007152917184462924,0.0,0.037036666666666655,0.15931560464006564,0.010043413464653688,0.0064127908438327726
-0.06666666666666676,0.0,0.5535100501359406,0.050325061016436655,-0.03899491491324828,-0.05555555555555562,0.0,0.020185864815999703,0.019027187542014764,-3.428077785370196e-05,0.0,0.04347783553865988,0.0,0.0,0.0025924863779753383,0.0,0.037036666666666655,0.3238369785442319,0.043385694846849523,0.0023242367384810887
-0.13333333333333353,0.0,0.5535100501359406,0.05396290570916374,-0.031322191929072395,-0.05555555555555562,0.0,0.020185864815999703,0.019027187542014764,-3.428077785370196e-05,0.0,0.04347783553865988,0.0,0.0,0.0025924863779753383,0.0,0.037036666666666655,0.3238369785442319,0.04702353953957661,0.0023242367384810887
0.0,0.03703666666666667,0.3967813271745197,0.017880670054583124,-0.031322191929072395,-0.05555555555555562,0.0,0.010107540435464692,0.002262218610986073,-3.428077785370196e-05,0.0,0.04347783553865988,0.0,0.0,0.010148169391071596,0.0,0.037036666666666655,0.16710825558281092,0.010941303884995996,0.009098118442372866
0.0,0.03703666666666667,0.3705883849677969,7.713835226307648e-05,-0.031322191929072395,-0.05555555555555562,0.0,0.05922900065521743,0.027006330704795082,-3.428077785370196e-05,0.0,0.04347783553865988,0.0,0.0,0.007152917184462924,0.0,0.037036666666666655,0.14091531337608815,0.014255167498218101,0.0064127908438327726
0.0,0.03703666666666667,0.35703976652117037,-0.005634185249295709,-0.04197104344870167,-0.05555555555555562,0.0,0.05922900065521743,0.027006330704795082,-3.428077785370196e-05,0.0,0.04347783553865988,0.0,0.0,0.006570436223433069,0.0,0.037036666666666655,0.1273666949294616,0.014255167498218101,0.005890580327861359
0.0,0.03703666666666667,0.4199927333980052,0.025313721678653974,-0.04197104344870167,-0.05555555555555562,0.0,0.05922900065521743,0.027006330704795082,-3.428077785370196e-05,0.0,0.04347783553865988,0.0,0.0,0.006570436223433069,0.0,0.037036666666666655,0.19031966180629645,0.018374355509066846,0.005890580327861359
-0.06666666666666676,0.0,0.5929992924444978,0.060056835537947426,-0.011241996017953898,-0.05555555555555562,0.0,0.020185864815999703,0.019027187542014764,0.0,0.0,0.0,0.0,0.0,0.0025924863779753383,0.0,0.0,0.363326220852789,0.053117469368360294,0.0023242367384810887
0.0,0.03703666666666667,0.3930950681607369,0.007861940862653646,-0.031322191929072395,-0.05555555555555562,0.0,0.05922900065521743,0.027006330704795082,-3.428077785370196e-05,0.0,0.04347783553865988,0.0,0.0,0.006570436223433069,0.0,0.037036666666666655,0.16342199656902817,0.014255167498218101,0.005890580327861359
-0.06666666666666676,0.03703666666666667,0.40404989247088985,0.014295279441394903,-0.031322191929072395,-0.05555555555555562,0.0,0.05922900065521743,0.027006330704795082,-3.428077785370196e-05,0.0,0.04347783553865988,0.0,0.0,0.010148169391071596,0.0,0.037036666666666655,0.17437682087918108,0.014255167498218101,0.009098118442372866
0.0,0.03703666666666667,0.3967813271745197,0.007861940862653646,-0.04197104344870167,-0.16666666666666685,0.0,0.06880713449424386,0.048570476585745086,-3.428077785370196e-05,0.0,0.04347783553865988,0.0,0.0,0.007152917184462924,0.0,0.037036666666666655,0.16710825558281092,0.025637702758158912,0.0064127908438327726
-0.06666666666666676,0.0,0.5929992924444978,0.05649304366339293,-0.031322191929072395,-0.05555555555555562,0.0,0.05922900065521743,0.027006330704795082,-3.428077785370196e-05,0.0,0.0,0.0,0.0,0.003698817831309947,0.0,0.0,0.363326220852789,0.049553677493805806,0.0033160939110482394
-0.06666666666666676,0.0,0.5535100501359406,0.0465761370964507,-0.04197104344870167,-0.2222222222222225,0.0,0.10662917595951152,0.05412957193212178,-3.428077785370196e-05,0.0,0.04347783553865988,0.0,0.0,0.0025924863779753383,0.0,0.037036666666666655,0.3238369785442319,0.039636770926863574,0.0023242367384810887
-0.13333333333333353,0.0,0.5929992924444978,0.060056835537947426,-0.03899491491324828,-0.05555555555555562,0.0,0.020185864815999703,0.019027187542014764,-3.428077785370196e-05,0.0,0.0,0.0,0.0,0.0025924863779753383,0.0,0.0,0.363326220852789,0.053117469368360294,0.0023242367384810887
-0.13333333333333353,0.0,0.5929992924444978,0.060056835537947426,-0.04913387028519497,-0.05555555555555562,0.0,0.05922900065521743,0.027006330704795082,-3.428077785370196e-05,0.0,0.04347783553865988,0.0,0.0,0.005675684287671667,0.0,0.037036666666666655,0.363326220852789,0.053117469368360294,0.005088410126084699
-0.13333333333333353,0.0,0.5535100501359406,0.0521763814707507,-0.03899491491324828,-0.05555555555555562,0.0,0.020185864815999703,0.019027187542014764,-3.428077785370196e-05,0.0,0.04347783553865988,0.0,0.0,0.005675684287671667,0.0,0.037036666666666655,0.3238369785442319,0.04523701530116357,0.005088410126084699
-0.13333333333333353,0.0,0.5535100501359406,0.05649304366339293,-0.04197104344870167,-0.05555555555555562,0.0,0.05922900065521743,0.027006330704795082,-3.428077785370196e-05,0.0,0.04347783553865988,0.0,0.0,0.003698817831309947,0.0,0.037036666666666655,0.3238369785442319,0.049553677493805806,0.0033160939110482394
0.0,0.03703666666666667,0.3587732118876754,-0.005634185249295709,-0.031322191929072395,-0.05555555555555562,0.0,0.0526887790212425,0.010656394128753589,-3.428077785370196e-05,0.0,0.04347783553865988,0.0,0.0,0.007152917184462924,0.0,0.037036666666666655,0.12910014029596667,0.0056249286470241725,0.0064127908438327726
-0.13333333333333353,0.0,0.5535100501359406,0.05396290570916374,-0.04913387028519497,-0.05555555555555562,0.0,0.020185864815999703,0.019027187542014764,-3.428077785370196e-05,0.0,0.04347783553865988,0.0,0.0,0.003698817831309947,0.0,0.037036666666666655,0.3238369785442319,0.04702353953957661,0.0033160939110482394
0.06666666666666676,0.03703666666666667,0.3777848398313135,-0.005634185249295709,-0.04197104344870167,-0.05555555555555562,0.0,0.010107540435464692,0.002262218610986073,-3.428077785370196e-05,0.0,0.04347783553865988,0.0,0.0,0.005680782589299933,0.0,0.037036666666666655,0.14811176823960473,0.0011941016930325505,0.005092980896465189
-0.06666666666666676,0.03703666666666667,0.4199927333980052,0.017880670054583124,-0.031322191929072395,-0.05555555555555562,0.0,0.05922900065521743,0.027006330704795082,-3.428077785370196e-05,0.0,0.04347783553865988,0.0,0.0,0.007152917184462924,0.0,0.037036666666666655,0.19031966180629645,0.014255167498218101,0.0064127908438327726
-0.06666666666666676,0.03703666666666667,0.40404989247088985,0.014295279441394903,-0.04197104344870167,-0.05555555555555562,0.0,0.05922900065521743,0.027006330704795082,-3.428077785370196e-05,0.0,0.04347783553865988,0.0,0.0,0.007152917184462924,0.0,0.037036666666666655,0.17437682087918108,0.014255167498218101,0.0064127908438327726
-0.06666666666666676,0.0,0.5535100501359406,0.050325061016436655,-0.03899491491324828,-0.05555555555555562,0.0,0.020185864815999703,0.019027187542014764,-3.428077785370196e-05,0.0,0.04347783553865988,0.0,0.0,0.0025924863779753383,0.0,0.037036666666666655,0.3238369785442319,0.043385694846849523,0.0023242367384810887
-0.06666666666666676,0.0,0.5535100501359406,0.0521763814707507,-0.004901246644050857,-0.05555555555555562,0.0,0.100226240580925,0.035312823330663906,0.0,0.0,0.04347783553865988,0.0,0.0,0.0025924863779753383,0.0,0.037036666666666655,0.3238369785442319,0.04523701530116357,0.0023242367384810887
-0.06666666666666676,0.03703666666666667,0.4155160409668108,-0.00025918486360396783,-0.03899491491324828,-0.2222222222222225,0.0,0.10662917595951152,0.05412957193212178,-3.428077785370196e-05,0.0,0.04347783553865988,0.0,0.0,0.006570436223433069,0.0,0.037036666666666655,0.18584296937510203,0.02857204567824669,0.005890580327861359
-0.06666666666666676,0.0,0.5535100501359406,0.050325061016436655,-0.03899491491324828,-0.05555555555555562,0.0,0.020185864815999703,0.019027187542014764,-3.428077785370196e-05,0.0,0.04347783553865988,0.0,0.0,0.005675684287671667,0.0,0.037036666666666655,0.3238369785442319,0.043385694846849523,0.005088410126084699
0.0,0.03703666666666667,0.4087888935890345,0.017880670054583124,-0.031322191929072395,-0.05555555555555562,0.0,0.0526887790212425,0.010656394128753589,-3.428077785370196e-05,0.0,0.04347783553865988,0.0,0.0,0.010148169391071596,0.0,0.037036666666666655,0.17911582199732565,0.010941303884995996,0.009098118442372866
-0.13333333333333353,0.0,0.5535100501359406,0.05396290570916374,-0.031322191929072395,-0.05555555555555562,0.0,0.05922900065521743,0.027006330704795082,-3.428077785370196e-05,0.0,0.04347783553865988,0.0,0.0,0.003698817831309947,0.0,0.037036666666666655,0.3238369785442319,0.04702353953957661,0.0033160939110482394
0.0,0.03703666666666667,0.3777848398313135,-0.005313289703881297,-0.04197104344870167,-0.05555555555555562,0.0,0.020185864815999703,0.019027187542014764,-3.428077785370196e-05,0.0,0.04347783553865988,0.0,0.0,0.006570436223433069,0.0,0.037036666666666655,0.14811176823960473,0.010043413464653688,0.005890580327861359
-0.06666666666666676,0.0,0.5535100501359406,0.05042071257324289,-0.04197104344870167,-0.05555555555555562,0.0,0.05922900065521743,0.027006330704795082,-3.428077785370196e-05,0.0,0.04347783553865988,0.0,0.0,0.0025924863779753383,0.0,0.037036666666666655,0.3238369785442319,0.043481346403655766,0.0023242367384810887
-0.13333333333333353,0.0,0.5535100501359406,0.0521763814707507,-0.04913387028519497,-0.05555555555555562,0.0,0.05922900065521743,0.027006330704795082,-3.428077785370196e-05,0.0,0.04347783553865988,0.0,0.0,0.0025924863779753383,0.0,0.037036666666666655,0.3238369785442319,0.04523701530116357,0.0023242367384810887
-0.06666666666666676,0.03703666666666667,0.4199927333980052,0.017880670054583124,-0.04197104344870167,-0.05555555555555562,0.0,0.05922900065521743,0.027006330704795082,-3.428077785370196e-05,0.0,0.04347783553865988,0.0,0.0,0.007152917184462924,0.0,0.037036666666666655,0.19031966180629645,0.014255167498218101,0.0064127908438327726
0.0,0.03703666666666667,0.4087888935890345,0.017880670054583124,-0.03899491491324828,-0.05555555555555562,0.0,0.05922900065521743,0.027006330704795082,-3.428077785370196e-05,0.0,0.04347783553865988,0.0,0.0,0.007152917184462924,0.0,0.037036666666666655,0.17911582199732565,0.014255167498218101,0.0064127908438327726
-0.06666666666666676,0.0,0.5535100501359406,0.05042071257324289,-0.04197104344870167,-0.05555555555555562,0.0,0.020185864815999703,0.019027187542014764,-3.428077785370196e-05,0.0,0.04347783553865988,0.0,0.0,0.003698817831309947,0.0,0.037036666666666655,0.3238369785442319,0.043481346403655766,0.0033160939110482394
0.0,0.03703666666666667,0.3705883849677969,-0.005313289703881297,-0.031322191929072395,-0.05555555555555562,0.0,0.020185864815999703,0.019027187542014764,-3.428077785370196e-05,0.0,0.04347783553865988,0.0,0.0,0.007152917184462924,0.0,0.037036666666666655,0.14091531337608815,0.010043413464653688,0.0064127908438327726
-0.06666666666666676,0.03703666666666667,0.38427104306142523,0.0,-0.04197104344870167,-0.05555555555555562,0.0,0.020185864815999703,0.019027187542014764,-3.428077785370196e-05,0.0,0.04347783553865988,0.0,0.0,0.006570436223433069,0.0,0.037036666666666655,0.15459797146971646,0.010043413464653688,0.005890580327861359
0.0,0.03703666666666667,0.4087888935890345,0.017880670054583124,-0.04197104344870167,-0.05555555555555562,0.0,0.05922900065521743,0.027006330704795082,-3.428077785370196e-05,0.0,0.04347783553865988,0.0,0.0,0.006570436223433069,0.0,0.037036666666666655,0.17911582199732565,0.014255167498218101,0.005890580327861359
0.0,0.03703666666666667,0.3889886762317744,-0.005313289703881297,-0.04197104344870167,-0.05555555555555562,0.0,0.020185864815999703,0.019027187542014764,-3.428077785370196e-05,0.0,0.08695567107731979,0.0,0.0,0.010148169391071596,0.0,0.07407333333333334,0.15931560464006564,0.010043413464653688,0.009098118442372866
-0.06666666666666676,0.03703666666666667,0.5535100501359406,0.05649304366339293,-0.04197104344870167,-0.05555555555555562,0.0,0.010107540435464692,0.002262218610986073,-3.428077785370196e-05,0.0,0.04347783553865988,0.0,0.0,0.003698817831309947,0.0,0.037036666666666655,0.3238369785442319,0.049553677493805806,0.0033160939110482394
-0.06666666666666676,0.0,0.5929992924444978,0.06263942757171552,-0.031322191929072395,-0.05555555555555562,0.0,0.010107540435464692,0.002262218610986073,-3.428077785370196e-05,0.0,0.0,0.0,0.0,0.0025924863779753383,0.0,0.0,0.363326220852789,0.055700061402128395,0.0023242367384810887
-0.13333333333333353,0.0,0.5535100501359406,0.0465761370964507,-0.031322191929072395,-0.2222222222222225,0.0,0.1461774203540277,0.06286278796523082,-3.428077785370196e-05,0.0,0.04347783553865988,0.0,0.0,0.0025924863779753383,0.0,0.037036666666666655,0.3238369785442319,0.039636770926863574,0.0023242367384810887
0.0,0.03703666666666667,0.3777848398313135,-0.008451277873943563,-0.04913387028519497,-0.16666666666666685,0.0,0.06880713449424386,0.048570476585745086,-3.428077785370196e-05,0.0,0.04347783553865988,0.0,0.0,0.006570436223433069,0.0,0.037036666666666655,0.14811176823960473,0.025637702758158912,0.005890580327861359
-0.13333333333333353,0.0,0.5535100501359406,0.05396290570916374,-0.04197104344870167,-0.05555555555555562,0.0,0.020185864815999703,0.019027187542014764,-3.428077785370196e-05,0.0,0.04347783553865988,0.0,0.0,0.003698817831309947,0.0,0.037036666666666655,0.3238369785442319,0.04702353953957661,0.0033160939110482394
-0.06666666666666676,0.0,0.5929992924444978,0.0465761370964507,-0.04197104344870167,-0.16666666666666685,0.0,0.06880713449424386,0.048570476585745086,-3.428077785370196e-05,0.0,0.0,0.0,0.0,0.003698817831309947,0.0,0.0,0.363326220852789,0.039636770926863574,0.0033160939110482394
0.0,0.03703666666666667,0.4087888935890345,0.017880670054583124,-0.04197104344870167,-0.05555555555555562,0.0,0.020185864815999703,0.019027187542014764,-3.428077785370196e-05,0.0,0.04347783553865988,0.0,0.0,0.006570436223433069,0.0,0.037036666666666655,0.17911582199732565,0.010941303884995996,0.005890580327861359
0.0,0.03703666666666667,0.4199927333980052,0.025313721678653974,-0.031322191929072395,-0.05555555555555562,0.0,0.05922900065521743,0.027006330704795082,-3.428077785370196e-05,0.0,0.04347783553865988,0.0,0.0,0.006570436223433069,0.0,0.037036666666666655,0.19031966180629645,0.018374355509066846,0.005890580327861359
0.0,0.03703666666666667,0.3893140184900406,0.006633898294625305,-0.04197104344870167,-0.05555555555555562,0.0,0.020185864815999703,0.019027187542014764,-3.428077785370196e-05,0.0,0.04347783553865988,0.0,0.0,0.007152917184462924,0.0,0.037036666666666655,0.1596409468983319,0.010043413464653688,0.0064127908438327726
-0.13333333333333353,0.0,0.5535100501359406,0.0465761370964507,-0.031322191929072395,-0.2222222222222225,0.0,0.10662917595951152,0.05412957193212178,-3.428077785370196e-05,0.0,0.04347783553865988,0.0,0.0,0.0025924863779753383,0.0,0.037036666666666655,0.3238369785442319,0.039636770926863574,0.0023242367384810887
0.0,0.03703666666666667,0.3967813271745197,0.019108712622611424,-0.004901246644050857,-0.05555555555555562,0.0,0.010107540435464692,0.002262218610986073,0.0,0.0,0.04347783553865988,0.0,0.0,0.006570436223433069,0.0,0.037036666666666655,0.16710825558281092,0.012169346453024296,0.005890580327861359
0.0,0.03703666666666667,0.4087888935890345,0.017880670054583124,-0.04197104344870167,-0.05555555555555562,0.0,0.05922900065521743,0.027006330704795082,-3.428077785370196e-05,0.0,0.04347783553865988,0.0,0.0,0.006570436223433069,0.0,0.037036666666666655,0.17911582199732565,0.014255167498218101,0.005890580327861359
0.0,0.03703666666666667,0.35703976652117037,-0.005634185249295709,-0.04197104344870167,-0.05555555555555562,0.0,0.05922900065521743,0.027006330704795082,-3.428077785370196e-05,0.0,0.04347783553865988,0.0,0.0,0.006570436223433069,0.0,0.037036666666666655,0.1273666949294616,0.014255167498218101,0.005890580327861359
0.0,0.03703666666666667,0.4199927333980052,0.025313721678653974,-0.04197104344870167,-0.05555555555555562,0.0,0.0526887790212425,0.010656394128753589,-3.428077785370196e-05,0.0,0.04347783553865988,0.0,0.0,0.006570436223433069,0.0,0.037036666666666655,0.19031966180629645,0.018374355509066846,0.005890580327861359
-0.06666666666666676,0.0,0.5929992924444978,0.05727368378829532,-0.04197104344870167,-0.05555555555555562,0.0,0.020185864815999703,0.019027187542014764,-3.428077785370196e-05,0.0,0.0,0.0,0.0,0.003698817831309947,0.0,0.0,0.363326220852789,0.05033431761870819,0.0033160939110482394
-0.06666666666666676,0.0,0.5535100501359406,0.04213296800609701,-0.04913387028519497,-0.2222222222222225,0.0,0.10662917595951152,0.05412957193212178,-3.428077785370196e-05,0.0,0.04347783553865988,0.0,0.0,0.0025924863779753383,0.0,0.037036666666666655,0.3238369785442319,0.03519360183650989,0.0023242367384810887
-0.06666666666666676,0.0,0.5535100501359406,0.05042071257324289,-0.04197104344870167,-0.05555555555555562,0.0,0.020185864815999703,0.019027187542014764,-3.428077785370196e-05,0.0,0.04347783553865988,0.0,0.0,0.005675684287671667,0.0,0.037036666666666655,0.3238369785442319,0.043481346403655766,0.005088410126084699
0.0,0.03703666666666667,0.3893140184900406,0.007861940862653646,-0.04197104344870167,-0.05555555555555562,0.0,0.05922900065521743,0.027006330704795082,-3.428077785370196e-05,0.0,0.04347783553865988,0.0,0.0,0.007152917184462924,0.0,0.037036666666666655,0.1596409468983319,0.014255167498218101,0.0064127908438327726
-0.06666666666666676,0.0,0.5535100501359406,0.050325061016436655,-0.04913387028519497,-0.05555555555555562,0.0,0.05922900065521743,0.027006330704795082,-3.428077785370196e-05,0.0,0.04347783553865988,0.0,0.0,0.005675684287671667,0.0,0.037036666666666655,0.3238369785442319,0.043385694846849523,0.005088410126084699
-0.13333333333333353,0.0,0.5929992924444978,0.060056835537947426,-0.031322191929072395,-0.05555555555555562,0.0,0.020185864815999703,0.019027187542014764,-3.428077785370196e-05,0.0,0.0,0.0,0.0,0.0025924863779753383,0.0,0.0,0.363326220852789,0.053117469368360294,0.0023242367384810887
-0.13333333333333353,0.0,0.5929992924444978,0.05396290570916374,-0.04197104344870167,-0.16666666666666685,0.0,0.06880713449424386,0.048570476585745086,-3.428077785370196e-05,0.0,0.0,0.0,0.0,0.003698817831309947,0.0,0.0,0.363326220852789,0.04702353953957661,0.0033160939110482394
-0.06666666666666676,0.0,0.5535100501359406,0.05396290570916374,-0.011241996017953898,-0.05555555555555562,0.0,0.05922900065521743,0.027006330704795082,0.0,0.0,0.04347783553865988,0.0,0.0,0.005675684287671667,0.0,0.037036666666666655,0.3238369785442319,0.04702353953957661,0.005088410126084699
0.0,0.0,0.4087888935890345,7.713835226307648e-05,-0.04913387028519497,-0.16666666666666685,0.0,0.06880713449424386,0.048570476585745086,-3.428077785370196e-05,0.0,0.04347783553865988,0.0,0.0,0.010148169391071596,0.0,0.037036666666666655,0.17911582199732565,0.025637702758158912,0.009098118442372866
0.0,0.0,0.5929992924444978,0.0465761370964507,-0.004901246644050857,-0.16666666666666685,0.0,0.06880713449424386,0.048570476585745086,0.0,0.0,0.0,0.0,0.0,0.0025924863779753383,0.0,0.0,0.363326220852789,0.039636770926863574,0.0023242367384810887
-0.06666666666666676,0.03703666666666667,0.5929992924444978,0.06726155763931957,-0.04913387028519497,-0.05555555555555562,0.0,0.010107540435464692,0.002262218610986073,-3.428077785370196e-05,0.0,0.0,0.0,0.0,0.003698817831309947,0.0,0.0,0.363326220852789,0.060322191469732445,0.0033160939110482394
-0.06666666666666676,0.03703666666666667,0.5535100501359406,0.05396290570916374,-0.04913387028519497,-0.05555555555555562,0.0,0.010107540435464692,0.002262218610986073,-3.428077785370196e-05,0.0,0.0,0.0,0.0,0.0025924863779753383,0.0,0.0,0.3238369785442319,0.04702353953957661,0.0023242367384810887
-0.06666666666666676,0.0,0.5929992924444978,0.05787536293594738,-0.031322191929072395,-0.05555555555555562,0.0,0.0526887790212425,0.010656394128753589,-3.428077785370196e-05,0.0,0.0,0.0,0.0,0.0025924863779753383,0.0,0.0,0.363326220852789,0.05093599676636026,0.0023242367384810887
-0.06666666666666676,0.03703666666666667,0.40026884280019365,0.0,-0.03899491491324828,-0.16666666666666685,0.0,0.06880713449424386,0.048570476585745086,-3.428077785370196e-05,0.0,0.04347783553865988,0.0,0.0,0.006570436223433069,0.0,0.037036666666666655,0.17059577120848488,0.025637702758158912,0.005890580327861359
0.0,0.03703666666666667,0.35703976652117037,-0.005313289703881297,-0.04197104344870167,-0.05555555555555562,0.0,0.05922900065521743,0.027006330704795082,-3.428077785370196e-05,0.0,0.04347783553865988,0.0,0.0,0.007152917184462924,0.0,0.037036666666666655,0.1273666949294616,0.014255167498218101,0.0064127908438327726
-0.13333333333333353,0.0,0.5929992924444978,0.060056835537947426,-0.04197104344870167,-0.05555555555555562,0.0,0.020185864815999703,0.019027187542014764,-3.428077785370196e-05,0.0,0.0,0.0,0.0,0.0025924863779753383,0.0,0.0,0.363326220852789,0.053117469368360294,0.0023242367384810887
-0.06666666666666676,0.0,0.5535100501359406,0.05042071257324289,-0.011241996017953898,-0.2222222222222225,0.0,0.10662917595951152,0.05412957193212178,0.0,0.0,0.04347783553865988,0.0,0.0,0.0025924863779753383,0.0,0.037036666666666655,0.3238369785442319,0.043481346403655766,0.0023242367384810887
0.0,0.03703666666666667,0.3889886762317744,-0.005313289703881297,-0.04197104344870167,-0.05555555555555562,0.0,0.05922900065521743,0.027006330704795082,-3.428077785370196e-05,0.0,0.04347783553865988,0.0,0.0,0.007152917184462924,0.0,0.037036666666666655,0.15931560464006564,0.014255167498218101,0.0064127908438327726
-0.06666666666666676,0.03703666666666667,0.4199927333980052,0.017880670054583124,-0.03899491491324828,-0.05555555555555562,0.0,0.05922900065521743,0.027006330704795082,-3.428077785370196e-05,0.0,0.04347783553865988,0.0,0.0,0.007152917184462924,0.0,0.037036666666666655,0.19031966180629645,0.014255167498218101,0.0064127908438327726
0.0,0.03703666666666667,0.4087888935890345,0.014295279441394903,-0.04197104344870167,-0.05555555555555562,0.0,0.020185864815999703,0.019027187542014764,-3.428077785370196e-05,0.0,0.04347783553865988,0.0,0.0,0.006570436223433069,0.0,0.037036666666666655,0.17911582199732565,0.010043413464653688,0.005890580327861359
0.0,0.03703666666666667,0.35703976652117037,-0.004106845874486641,-0.011241996017953898,-0.05555555555555562,0.0,0.020185864815999703,0.019027187542014764,0.0,0.0,0.04347783553865988,0.0,0.0,0.006570436223433069,0.0,0.037036666666666655,0.1273666949294616,0.010043413464653688,0.005890580327861359
-0.06666666666666676,0.0,0.5535100501359406,0.050325061016436655,-0.03899491491324828,-0.05555555555555562,0.0,0.05922900065521743,0.027006330704795082,-3.428077785370196e-05,0.0,0.0,0.0,0.0,0.0025924863779753383,0.0,0.0,0.3238369785442319,0.043385694846849523,0.0023242367384810887
0.0,0.03703666666666667,0.3777848398313135,-0.005634185249295709,-0.04197104344870167,-0.05555555555555562,0.0,0.05922900065521743,0.027006330704795082,-3.428077785370196e-05,0.0,0.08695567107731979,0.0,0.0,0.010148169391071596,0.0,0.07407333333333334,0.14811176823960473,0.014255167498218101,0.009098118442372866
0.0,0.03703666666666667,0.3705883849677969,0.006633898294625305,-0.011241996017953898,-0.05555555555555562,0.0,0.05922900065521743,0.027006330704795082,0.0,0.0,0.04347783553865988,0.0,0.0,0.007152917184462924,0.0,0.037036666666666655,0.14091531337608815,0.014255167498218101,0.0064127908438327726
-0.06666666666666676,0.0,0.5929992924444978,0.0521763814707507,-0.04913387028519497,-0.05555555555555562,0.0,0.020185864815999703,0.019027187542014764,-3.428077785370196e-05,0.0,0.0,0.0,0.0,0.003698817831309947,0.0,0.0,0.363326220852789,0.04523701530116357,0.0033160939110482394
0.0,0.03703666666666667,0.3893140184900406,7.713835226307648e-05,-0.03899491491324828,-0.05555555555555562,0.0,0.05922900065521743,0.027006330704795082,-3.428077785370196e-05,0.0,0.04347783553865988,0.0,0.0,0.007152917184462924,0.0,0.037036666666666655,0.1596409468983319,0.014255167498218101,0.0064127908438327726
-0.06666666666666676,0.0,0.5535100501359406,0.05042071257324289,-0.04197104344870167,-0.05555555555555562,0.0,0.020185864815999703,0.019027187542014764,-3.428077785370196e-05,0.0,0.04347783553865988,0.0,0.0,0.003698817831309947,0.0,0.037036666666666655,0.3238369785442319,0.043481346403655766,0.0033160939110482394
-0.06666666666666676,0.0,0.5535100501359406,0.05396290570916374,-0.04913387028519497,-0.05555555555555562,0.0,0.0526887790212425,0.010656394128753589,-3.428077785370196e-05,0.0,0.04347783553865988,0.0,0.0,0.003698817831309947,0.0,0.037036666666666655,0.3238369785442319,0.04702353953957661,0.0033160939110482394
0.0,0.03703666666666667,0.3889886762317744,-0.005313289703881297,-0.04197104344870167,-0.05555555555555562,0.0,0.020185864815999703,0.019027187542014764,-3.428077785370196e-05,0.0,0.08695567107731979,0.0,0.0,0.010148169391071596,0.0,0.07407333333333334,0.15931560464006564,0.010043413464653688,0.009098118442372866
-0.06666666666666676,0.0,0.40404989247088985,0.0003301521476859913,-0.031322191929072395,-0.2222222222222225,0.0,0.10662917595951152,0.05412957193212178,-3.428077785370196e-05,0.0,0.04347783553865988,0.0,0.0,0.007152917184462924,0.0,0.037036666666666655,0.17437682087918108,0.02857204567824669,0.0064127908438327726
-0.13333333333333353,0.0,0.5535100501359406,0.05396290570916374,-0.04197104344870167,-0.05555555555555562,0.0,0.05922900065521743,0.027006330704795082,-3.428077785370196e-05,0.0,0.04347783553865988,0.0,0.0,0.005675684287671667,0.0,0.037036666666666655,0.3238369785442319,0.04702353953957661,0.005088410126084699
-0.06666666666666676,0.03703666666666667,0.40404989247088985,-0.00025918486360396783,-0.031322191929072395,-0.2222222222222225,0.0,0.10662917595951152,0.05412957193212178,-3.428077785370196e-05,0.0,0.08695567107731979,0.0,0.0,0.010148169391071596,0.0,0.07407333333333334,0.17437682087918108,0.02857204567824669,0.009098118442372866
0.0,0.03703666666666667,0.3777848398313135,-0.008451277873943563,-0.031322191929072395,-0.2222222222222225,0.0,0.10662917595951152,0.05412957193212178,-3.428077785370196e-05,0.0,0.04347783553865988,0.0,0.0,0.005680782589299933,0.0,0.037036666666666655,0.14811176823960473,0.02857204567824669,0.005092980896465189
0.0,0.03703666666666667,0.3889886762317744,-0.005313289703881297,-0.03899491491324828,-0.05555555555555562,0.0,0.010107540435464692,0.002262218610986073,-3.428077785370196e-05,0.0,0.04347783553865988,0.0,0.0,0.007152917184462924,0.0,0.037036666666666655,0.15931560464006564,0.0011941016930325505,0.0064127908438327726
-0.06666666666666676,0.0,0.5929992924444978,0.05649304366339293,-0.03899491491324828,-0.05555555555555562,0.0,0.020185864815999703,0.019027187542014764,-3.428077785370196e-05,0.0,0.0,0.0,0.0,0.0025924863779753383,0.0,0.0,0.363326220852789,0.049553677493805806,0.0023242367384810887
0.0,0.03703666666666667,0.3889886762317744,-0.005313289703881297,-0.04197104344870167,-0.05555555555555562,0.0,0.0526887790212425,0.010656394128753589,-3.428077785370196e-05,0.0,0.04347783553865988,0.0,0.0,0.007152917184462924,0.0,0.037036666666666655,0.15931560464006564,0.0056249286470241725,0.0064127908438327726
-0.13333333333333353,0.0,0.5929992924444978,0.05396290570916374,-0.04197104344870167,-0.2222222222222225,0.0,0.10662917595951152,0.05412957193212178,-3.428077785370196e-05,0.0,0.04347783553865988,0.0,0.0,0.003698817831309947,0.0,0.037036666666666655,0.363326220852789,0.04702353953957661,0.0033160939110482394
-0.06666666666666676,0.03703666666666667,0.4199927333980052,0.017880670054583124,-0.04197104344870167,-0.05555555555555562,0.0,0.020185864815999703,0.019027187542014764,-3.428077785370196e-05,0.0,0.04347783553865988,0.0,0.0,0.006570436223433069,0.0,0.037036666666666655,0.19031966180629645,0.010941303884995996,0.005890580327861359
-0.13333333333333353,0.0,0.5535100501359406,0.05396290570916374,-0.03899491491324828,-0.05555555555555562,0.0,0.020185864815999703,0.019027187542014764,-3.428077785370196e-05,0.0,0.04347783553865988,0.0,0.0,0.003698817831309947,0.0,0.037036666666666655,0.3238369785442319,0.04702353953957661,0.0033160939110482394
0.0,0.0,0.5535100501359406,0.05042071257324289,-0.004901246644050857,-0.05555555555555562,0.0,0.020185864815999703,0.019027187542014764,0.0,0.0,0.04347783553865988,0.0,0.0,0.005675684287671667,0.0,0.037036666666666655,0.3238369785442319,0.043481346403655766,0.005088410126084699
0.0,0.03703666666666667,0.36924064997622813,7.713835226307648e-05,-0.04197104344870167,-0.05555555555555562,0.0,0.05922900065521743,0.027006330704795082,-3.428077785370196e-05,0.0,0.04347783553865988,0.0,0.0,0.006570436223433069,0.0,0.037036666666666655,0.13956757838451941,0.014255167498218101,0.005890580327861359
-0.06666666666666676,0.0,0.5929992924444978,0.0465761370964507,-0.031322191929072395,-0.16666666666666685,0.0,0.06880713449424386,0.048570476585745086,-3.428077785370196e-05,0.0,0.04347783553865988,0.0,0.0,0.005675684287671667,0.0,0.037036666666666655,0.363326220852789,0.039636770926863574,0.005088410126084699
-0.13333333333333353,0.0,0.5535100501359406,0.0465761370964507,-0.04197104344870167,-0.2222222222222225,0.0,0.10662917595951152,0.05412957193212178,-3.428077785370196e-05,0.0,0.04347783553865988,0.0,0.0,0.005675684287671667,0.0,0.037036666666666655,0.3238369785442319,0.039636770926863574,0.005088410126084699
0.0,0.03703666666666667,0.3777848398313135,-0.004106845874486641,-0.011241996017953898,-0.05555555555555562,0.0,0.020185864815999703,0.019027187542014764,0.0,0.0,0.08695567107731979,0.0,0.0,0.010148169391071596,0.0,0.07407333333333334,0.14811176823960473,0.010043413464653688,0.009098118442372866
-0.06666666666666676,0.0,0.5929992924444978,0.05698364358378613,-0.031322191929072395,-0.05555555555555562,0.0,0.020185864815999703,0.019027187542014764,-3.428077785370196e-05,0.0,0.0,0.0,0.0,0.0025924863779753383,0.0,0.0,0.363326220852789,0.050044277414199,0.0023242367384810887
-0.06666666666666676,0.0,0.40026884280019365,0.007861940862653646,-0.031322191929072395,-0.05555555555555562,0.0,0.05922900065521743,0.027006330704795082,-3.428077785370196e-05,0.0,0.04347783553865988,0.0,0.0,0.006570436223433069,0.0,0.037036666666666655,0.17059577120848488,0.014255167498218101,0.005890580327861359
0.0,0.03703666666666667,0.3967813271745197,0.025313721678653974,-0.04197104344870167,-0.05555555555555562,0.0,0.010107540435464692,0.002262218610986073,-3.428077785370196e-05,0.0,0.04347783553865988,0.0,0.0,0.006570436223433069,0.0,0.037036666666666655,0.16710825558281092,0.018374355509066846,0.005890580327861359
-0.06666666666666676,0.03703666666666667,0.40026884280019365,0.014295279441394903,-0.04197104344870167,-0.05555555555555562,0.0,0.020185864815999703,0.019027187542014764,-3.428077785370196e-05,0.0,0.04347783553865988,0.0,0.0,0.007152917184462924,0.0,0.037036666666666655,0.17059577120848488,0.010043413464653688,0.0064127908438327726
0.0,0.03703666666666667,0.4087888935890345,7.713835226307648e-05,-0.04197104344870167,-0.05555555555555562,0.0,0.05922900065521743,0.027006330704795082,-3.428077785370196e-05,0.0,0.04347783553865988,0.0,0.0,0.007152917184462924,0.0,0.037036666666666655,0.17911582199732565,0.014255167498218101,0.0064127908438327726
0.0,0.03703666666666667,0.3889886762317744,-0.006982563646854455,-0.04197104344870167,-0.2222222222222225,0.0,0.10662917595951152,0.05412957193212178,-3.428077785370196e-05,0.0,0.08695567107731979,0.0,0.0,0.007152917184462924,0.0,0.07407333333333334,0.15931560464006564,0.02857204567824669,0.0064127908438327726
0.0,0.03703666666666667,0.40894284234164685,0.017880670054583124,-0.031322191929072395,-0.05555555555555562,0.0,0.010107540435464692,0.002262218610986073,-3.428077785370196e-05,0.0,0.04347783553865988,0.0,0.0,0.007152917184462924,0.0,0.037036666666666655,0.17926977074993813,0.010941303884995996,0.0064127908438327726
0.0,0.03703666666666667,0.4087888935890345,0.014295279441394903,-0.031322191929072395,-0.05555555555555562,0.0,0.020185864815999703,0.019027187542014764,-3.428077785370196e-05,0.0,0.04347783553865988,0.0,0.0,0.007152917184462924,0.0,0.037036666666666655,0.17911582199732565,0.010043413464653688,0.0064127908438327726
-0.06666666666666676,0.0,0.5535100501359406,0.050325061016436655,-0.03899491491324828,-0.05555555555555562,0.0,0.020185864815999703,0.019027187542014764,-3.428077785370196e-05,0.0,0.04347783553865988,0.0,0.0,0.005675684287671667,0.0,0.037036666666666655,0.3238369785442319,0.043385694846849523,0.005088410126084699
-0.13333333333333353,0.0,0.5929992924444978,0.057452644765545687,-0.031322191929072395,-0.05555555555555562,0.0,0.020185864815999703,0.019027187542014764,-3.428077785370196e-05,0.0,0.0,0.0,0.0,0.0025924863779753383,0.0,0.0,0.363326220852789,0.050513278595958555,0.0023242367384810887
0.0,0.03703666666666667,0.3777848398313135,-0.005313289703881297,-0.04197104344870167,-0.05555555555555562,0.0,0.05922900065521743,0.027006330704795082,-3.428077785370196e-05,0.0,0.04347783553865988,0.0,0.0,0.006570436223433069,0.0,0.037036666666666655,0.14811176823960473,0.014255167498218101,0.005890580327861359
-0.06666666666666676,0.0,0.5535100501359406,0.050325061016436655,-0.03899491491324828,-0.05555555555555562,0.0,0.020185864815999703,0.019027187542014764,-3.428077785370196e-05,0.0,0.04347783553865988,0.0,0.0,0.003698817831309947,0.0,0.037036666666666655,0.3238369785442319,0.043385694846849523,0.0033160939110482394
0.0,0.03703666666666667,0.3587732118876754,-0.005634185249295709,-0.03899491491324828,-0.05555555555555562,0.0,0.0526887790212425,0.010656394128753589,-3.428077785370196e-05,0.0,0.04347783553865988,0.0,0.0,0.006570436223433069,0.0,0.037036666666666655,0.12910014029596667,0.0056249286470241725,0.005890580327861359
-0.06666666666666676,0.0,0.5535100501359406,0.05649304366339293,-0.004901246644050857,-0.05555555555555562,0.0,0.05922900065521743,0.027006330704795082,0.0,0.0,0.04347783553865988,0.0,0.0,0.003698817831309947,0.0,0.037036666666666655,0.3238369785442319,0.049553677493805806,0.0033160939110482394
-0.06666666666666676,0.03703666666666667,0.4199927333980052,0.017880670054583124,-0.04197104344870167,-0.05555555555555562,0.0,0.05922900065521743,0.027006330704795082,-3.428077785370196e-05,0.0,0.04347783553865988,0.0,0.0,0.007152917184462924,0.0,0.037036666666666655,0.19031966180629645,0.014255167498218101,0.0064127908438327726
0.0,0.03703666666666667,0.40894284234164685,0.017880670054583124,-0.04197104344870167,-0.05555555555555562,0.0,0.010107540435464692,0.002262218610986073,-3.428077785370196e-05,0.0,0.04347783553865988,0.0,0.0,0.007152917184462924,0.0,0.037036666666666655,0.17926977074993813,0.010941303884995996,0.0064127908438327726
-0.06666666666666676,0.0,0.5535100501359406,0.05396290570916374,-0.04913387028519497,-0.05555555555555562,0.0,0.0526887790212425,0.010656394128753589,-3.428077785370196e-05,0.0,0.04347783553865988,0.0,0.0,0.0025924863779753383,0.0,0.037036666666666655,0.3238369785442319,0.04702353953957661,0.0023242367384810887
0.0,0.03703666666666667,0.3930950681607369,0.007861940862653646,-0.04197104344870167,-0.05555555555555562,0.0,0.05922900065521743,0.027006330704795082,-3.428077785370196e-05,0.0,0.04347783553865988,0.0,0.0,0.006570436223433069,0.0,0.037036666666666655,0.16342199656902817,0.014255167498218101,0.005890580327861359
0.0,0.03703666666666667,0.35703976652117037,-0.005634185249295709,-0.04913387028519497,-0.05555555555555562,0.0,0.020185864815999703,0.019027187542014764,-3.428077785370196e-05,0.0,0.04347783553865988,0.0,0.0,0.006570436223433069,0.0,0.037036666666666655,0.1273666949294616,0.010043413464653688,0.005890580327861359
-0.06666666666666676,0.0,0.5929992924444978,0.05649304366339293,-0.031322191929072395,-0.05555555555555562,0.0,0.05922900065521743,0.027006330704795082,-3.428077785370196e-05,0.0,0.0,0.0,0.0,0.003698817831309947,0.0,0.0,0.363326220852789,0.049553677493805806,0.0033160939110482394
-0.06666666666666676,0.0,0.5929992924444978,0.05234608584572949,-0.011241996017953898,-0.16666666666666685,0.0,0.06880713449424386,0.048570476585745086,0.0,0.0,0.04347783553865988,0.0,0.0,0.005675684287671667,0.0,0.037036666666666655,0.363326220852789,0.04540671967614236,0.005088410126084699
0.0,0.03703666666666667,0.3730216996469244,-0.005313289703881297,-0.04913387028519497,-0.05555555555555562,0.0,0.0526887790212425,0.010656394128753589,-3.428077785370196e-05,0.0,0.04347783553865988,0.0,0.0,0.005680782589299933,0.0,0.037036666666666655,0.14334862805521562,0.0056249286470241725,0.005092980896465189
0.0,0.0,0.5535100501359406,0.05042071257324289,-0.011241996017953898,-0.05555555555555562,0.0,0.020185864815999703,0.019027187542014764,0.0,0.0,0.04347783553865988,0.0,0.0,0.003698817831309947,0.0,0.037036666666666655,0.3238369785442319,0.043481346403655766,0.0033160939110482394
-0.13333333333333353,0.0,0.5535100501359406,0.0521763814707507,-0.03899491491324828,-0.05555555555555562,0.0,0.020185864815999703,0.019027187542014764,-3.428077785370196e-05,0.0,0.04347783553865988,0.0,0.0,0.005675684287671667,0.0,0.037036666666666655,0.3238369785442319,0.04523701530116357,0.005088410126084699
-0.06666666666666676,0.03703666666666667,0.4199927333980052,0.017880670054583124,-0.04197104344870167,-0.05555555555555562,0.0,0.05922900065521743,0.027006330704795082,-3.428077785370196e-05,0.0,0.04347783553865988,0.0,0.0,0.006570436223433069,0.0,0.037036666666666655,0.19031966180629645,0.014255167498218101,0.005890580327861359
0.0,0.03703666666666667,0.35703976652117037,-0.006982563646854455,-0.04913387028519497,-0.2222222222222225,0.0,0.10662917595951152,0.05412957193212178,-3.428077785370196e-05,0.0,0.08695567107731979,0.0,0.0,0.007152917184462924,0.0,0.07407333333333334,0.1273666949294616,0.02857204567824669,0.0064127908438327726
0.0,0.03703666666666667,0.4087888935890345,0.017880670054583124,-0.04197104344870167,-0.05555555555555562,0.0,0.05922900065521743,0.027006330704795082,-3.428077785370196e-05,0.0,0.04347783553865988,0.0,0.0,0.010148169391071596,0.0,0.037036666666666655,0.17911582199732565,0.014255167498218101,0.009098118442372866
-0.13333333333333353,0.0,0.5535100501359406,0.05396290570916374,-0.031322191929072395,-0.05555555555555562,0.0,0.05922900065521743,0.027006330704795082,-3.428077785370196e-05,0.0,0.0,0.0,0.0,0.0025924863779753383,0.0,0.0,0.3238369785442319,0.04702353953957661,0.0023242367384810887
-0.06666666666666676,0.03703666666666667,0.5535100501359406,0.05649304366339293,-0.031322191929072395,-0.05555555555555562,0.0,0.010107540435464692,0.002262218610986073,-3.428077785370196e-05,0.0,0.04347783553865988,0.0,0.0,0.003698817831309947,0.0,0.037036666666666655,0.3238369785442319,0.049553677493805806,0.0033160939110482394
-0.06666666666666676,0.0,0.5929992924444978,0.05727368378829532,-0.04197104344870167,-0.05555555555555562,0.0,0.020185864815999703,0.019027187542014764,-3.428077785370196e-05,0.0,0.04347783553865988,0.0,0.0,0.005675684287671667,0.0,0.037036666666666655,0.363326220852789,0.05033431761870819,0.005088410126084699
-0.06666666666666676,0.0,0.5929992924444978,0.05727368378829532,-0.04197104344870167,-0.05555555555555562,0.0,0.020185864815999703,0.019027187542014764,-3.428077785370196e-05,0.0,0.0,0.0,0.0,0.003698817831309947,0.0,0.0,0.363326220852789,0.05033431761870819,0.0033160939110482394
0.0,0.03703666666666667,0.3893140184900406,0.006633898294625305,-0.03899491491324828,-0.05555555555555562,0.0,0.020185864815999703,0.019027187542014764,-3.428077785370196e-05,0.0,0.04347783553865988,0.0,0.0,0.006570436223433069,0.0,0.037036666666666655,0.1596409468983319,0.010043413464653688,0.005890580327861359
0.0,0.03703666666666667,0.4199927333980052,0.019108712622611424,-0.004901246644050857,-0.05555555555555562,0.0,0.020185864815999703,0.019027187542014764,0.0,0.0,0.04347783553865988,0.0,0.0,0.005680782589299933,0.0,0.037036666666666655,0.19031966180629645,0.012169346453024296,0.005092980896465189
-0.13333333333333353,0.0,0.5535100501359406,0.05396290570916374,-0.031322191929072395,-0.05555555555555562,0.0,0.020185864815999703,0.019027187542014764,-3.428077785370196e-05,0.0,0.0,0.0,0.0,0.0025924863779753383,0.0,0.0,0.3238369785442319,0.04702353953957661,0.0023242367384810887
-0.06666666666666676,0.03703666666666667,0.40404989247088985,7.713835226307648e-05,-0.04197104344870167,-0.2222222222222225,0.0,0.10662917595951152,0.05412957193212178,-3.428077785370196e-05,0.0,0.04347783553865988,0.0,0.0,0.010148169391071596,0.0,0.037036666666666655,0.17437682087918108,0.02857204567824669,0.009098118442372866
-0.06666666666666676,0.0,0.5535100501359406,0.05042071257324289,-0.04197104344870167,-0.05555555555555562,0.0,0.05922900065521743,0.027006330704795082,-3.428077785370196e-05,0.0,0.04347783553865988,0.0,0.0,0.005675684287671667,0.0,0.037036666666666655,0.3238369785442319,0.043481346403655766,0.005088410126084699
0.0,0.0,0.3893140184900406,7.713835226307648e-05,-0.031322191929072395,-0.05555555555555562,0.0,0.05922900065521743,0.027006330704795082,-3.428077785370196e-05,0.0,0.04347783553865988,0.0,0.0,0.005680782589299933,0.0,0.037036666666666655,0.1596409468983319,0.014255167498218101,0.005092980896465189
-0.13333333333333353,0.0,0.5929992924444978,0.060056835537947426,-0.031322191929072395,-0.05555555555555562,0.0,0.05922900065521743,0.027006330704795082,-3.428077785370196e-05,0.0,0.04347783553865988,0.0,0.0,0.005675684287671667,0.0,0.037036666666666655,0.363326220852789,0.053117469368360294,0.005088410126084699
-0.13333333333333353,0.0,0.5929992924444978,0.060056835537947426,-0.04197104344870167,-0.05555555555555562,0.0,0.05922900065521743,0.027006330704795082,-3.428077785370196e-05,0.0,0.0,0.0,0.0,0.0025924863779753383,0.0,0.0,0.363326220852789,0.053117469368360294,0.0023242367384810887
-0.06666666666666676,0.0,0.5929992924444978,0.0465761370964507,-0.03899491491324828,-0.2222222222222225,0.0,0.10662917595951152,0.05412957193212178,-3.428077785370196e-05,0.0,0.04347783553865988,0.0,0.0,0.003698817831309947,0.0,0.037036666666666655,0.363326220852789,0.039636770926863574,0.0033160939110482394
0.0,0.03703666666666667,0.4087888935890345,0.006633898294625305,-0.03899491491324828,-0.2222222222222225,0.0,0.10662917595951152,0.05412957193212178,-3.428077785370196e-05,0.0,0.04347783553865988,0.0,0.0,0.007152917184462924,0.0,0.037036666666666655,0.17911582199732565,0.02857204567824669,0.0064127908438327726
0.0,0.03703666666666667,0.3705883849677969,-0.005313289703881297,-0.031322191929072395,-0.05555555555555562,0.0,0.020185864815999703,0.019027187542014764,-3.428077785370196e-05,0.0,0.04347783553865988,0.0,0.0,0.007152917184462924,0.0,0.037036666666666655,0.14091531337608815,0.010043413464653688,0.0064127908438327726
0.0,0.03703666666666667,0.35703976652117037,-0.005313289703881297,-0.031322191929072395,-0.05555555555555562,0.0,0.020185864815999703,0.019027187542014764,-3.428077785370196e-05,0.0,0.04347783553865988,0.0,0.0,0.006570436223433069,0.0,0.037036666666666655,0.1273666949294616,0.010043413464653688,0.005890580327861359
0.0,0.03703666666666667,0.3777848398313135,-0.005634185249295709,-0.04197104344870167,-0.05555555555555562,0.0,0.05922900065521743,0.027006330704795082,-3.428077785370196e-05,0.0,0.04347783553865988,0.0,0.0,0.006570436223433069,0.0,0.037036666666666655,0.14811176823960473,0.014255167498218101,0.005890580327861359
-0.06666666666666676,0.03703666666666667,0.5929992924444978,0.05787536293594738,-0.04197104344870167,-0.05555555555555562,0.0,0.010107540435464692,0.002262218610986073,-3.428077785370196e-05,0.0,0.0,0.0,0.0,0.0025924863779753383,0.0,0.0,0.363326220852789,0.05093599676636026,0.0023242367384810887
-0.13333333333333353,0.0,0.5535100501359406,0.0521763814707507,-0.03899491491324828,-0.05555555555555562,0.0,0.05922900065521743,0.027006330704795082,-3.428077785370196e-05,0.0,0.04347783553865988,0.0,0.0,0.0025924863779753383,0.0,0.037036666666666655,0.3238369785442319,0.04523701530116357,0.0023242367384810887
-0.06666666666666676,0.03703666666666667,0.5535100501359406,0.05649304366339293,-0.04197104344870167,-0.05555555555555562,0.0,0.010107540435464692,0.002262218610986073,-3.428077785370196e-05,0.0,0.0,0.0,0.0,0.0025924863779753383,0.0,0.0,0.3238369785442319,0.049553677493805806,0.0023242367384810887
-0.06666666666666676,0.03703666666666667,0.4199927333980052,0.017880670054583124,-0.031322191929072395,-0.05555555555555562,0.0,0.020185864815999703,0.019027187542014764,-3.428077785370196e-05,0.0,0.04347783553865988,0.0,0.0,0.006570436223433069,0.0,0.037036666666666655,0.19031966180629645,0.010941303884995996,0.005890580327861359
0.0,0.03703666666666667,0.4087888935890345,0.017880670054583124,-0.011241996017953898,-0.05555555555555562,0.0,0.05922900065521743,0.027006330704795082,0.0,0.0,0.04347783553865988,0.0,0.0,0.006570436223433069,0.0,0.037036666666666655,0.17911582199732565,0.014255167498218101,0.005890580327861359
-0.06666666666666676,0.0,0.5535100501359406,0.05042071257324289,-0.04197104344870167,-0.05555555555555562,0.0,0.05922900065521743,0.027006330704795082,-3.428077785370196e-05,0.0,0.04347783553865988,0.0,0.0,0.005675684287671667,0.0,0.037036666666666655,0.3238369785442319,0.043481346403655766,0.005088410126084699
0.0,0.03703666666666667,0.3889886762317744,-0.0035823050790976516,-0.031322191929072395,-0.05555555555555562,0.0,0.020185864815999703,0.019027187542014764,-3.428077785370196e-05,0.0,0.04347783553865988,0.0,0.0,0.007152917184462924,0.0,0.037036666666666655,0.15931560464006564,0.010043413464653688,0.0064127908438327726
0.0,0.03703666666666667,0.3705883849677969,-0.005313289703881297,-0.03899491491324828,-0.05555555555555562,0.0,0.020185864815999703,0.019027187542014764,-3.428077785370196e-05,0.0,0.04347783553865988,0.0,0.0,0.005680782589299933,0.0,0.037036666666666655,0.14091531337608815,0.010043413464653688,0.005092980896465189
-0.06666666666666676,0.0,0.5929992924444978,0.0465761370964507,-0.031322191929072395,-0.2222222222222225,0.0,0.10662917595951152,0.05412957193212178,-3.428077785370196e-05,0.0,0.04347783553865988,0.0,0.0,0.003698817831309947,0.0,0.037036666666666655,0.363326220852789,0.039636770926863574,0.0033160939110482394
-0.06666666666666676,0.03703666666666667,0.40026884280019365,7.713835226307648e-05,-0.03899491491324828,-0.05555555555555562,0.0,0.020185864815999703,0.019027187542014764,-3.428077785370196e-05,0.0,0.04347783553865988,0.0,0.0,0.007152917184462924,0.0,0.037036666666666655,0.17059577120848488,0.010043413464653688,0.0064127908438327726
-0.13333333333333353,0.0,0.5535100501359406,0.05396290570916374,-0.031322191929072395,-0.05555555555555562,0.0,0.05922900065521743,0.027006330704795082,-3.428077785370196e-05,0.0,0.04347783553865988,0.0,0.0,0.0025924863779753383,0.0,0.037036666666666655,0.3238369785442319,0.04702353953957661,0.0023242367384810887
0.0,0.03703666666666667,0.4087888935890345,0.014295279441394903,-0.04197104344870167,-0.05555555555555562,0.0,0.05922900065521743,0.027006330704795082,-3.428077785370196e-05,0.0,0.04347783553865988,0.0,0.0,0.007152917184462924,0.0,0.037036666666666655,0.17911582199732565,0.014255167498218101,0.0064127908438327726
0.0,0.03703666666666667,0.3893140184900406,0.006633898294625305,-0.03899491491324828,-0.05555555555555562,0.0,0.05922900065521743,0.027006330704795082,-3.428077785370196e-05,0.0,0.04347783553865988,0.0,0.0,0.006570436223433069,0.0,0.037036666666666655,0.1596409468983319,0.014255167498218101,0.005890580327861359
-0.06666666666666676,0.0,0.5535100501359406,0.050325061016436655,-0.04913387028519497,-0.05555555555555562,0.0,0.020185864815999703,0.019027187542014764,-3.428077785370196e-05,0.0,0.04347783553865988,0.0,0.0,0.003698817831309947,0.0,0.037036666666666655,0.3238369785442319,0.043385694846849523,0.0033160939110482394
0.0,0.0,0.5929992924444978,0.05396290570916374,-0.004901246644050857,-0.16666666666666685,0.0,0.06880713449424386,0.048570476585745086,0.0,0.0,0.04347783553865988,0.0,0.0,0.005675684287671667,0.0,0.037036666666666655,0.363326220852789,0.04702353953957661,0.005088410126084699
-0.06666666666666676,0.03703666666666667,0.5929992924444978,0.060056835537947426,-0.04197104344870167,-0.05555555555555562,0.0,0.010107540435464692,0.002262218610986073,-3.428077785370196e-05,0.0,0.0,0.0,0.0,0.0025924863779753383,0.0,0.0,0.363326220852789,0.053117469368360294,0.0023242367384810887
0.0,0.03703666666666667,0.3587732118876754,-0.008451277873943563,-0.03899491491324828,-0.16666666666666685,0.0,0.06880713449424386,0.048570476585745086,-3.428077785370196e-05,0.0,0.04347783553865988,0.0,0.0,0.006570436223433069,0.0,0.037036666666666655,0.12910014029596667,0.025637702758158912,0.005890580327861359
-0.06666666666666676,0.0,0.5535100501359406,0.05042071257324289,-0.031322191929072395,-0.05555555555555562,0.0,0.020185864815999703,0.019027187542014764,-3.428077785370196e-05,0.0,0.04347783553865988,0.0,0.0,0.005675684287671667,0.0,0.037036666666666655,0.3238369785442319,0.043481346403655766,0.005088410126084699
-0.06666666666666676,0.0,0.5929992924444978,0.06263942757171552,-0.031322191929072395,-0.05555555555555562,0.0,0.0526887790212425,0.010656394128753589,-3.428077785370196e-05,0.0,0.0,0.0,0.0,0.003698817831309947,0.0,0.0,0.363326220852789,0.055700061402128395,0.0033160939110482394
-0.13333333333333353,0.0,0.5929992924444978,0.060056835537947426,-0.04197104344870167,-0.05555555555555562,0.0,0.05922900065521743,0.027006330704795082,-3.428077785370196e-05,0.0,0.0,0.0,0.0,0.003698817831309947,0.0,0.0,0.363326220852789,0.053117469368360294,0.0033160939110482394
-0.06666666666666676,0.0,0.5535100501359406,0.05042071257324289,-0.04197104344870167,-0.05555555555555562,0.0,0.05922900065521743,0.027006330704795082,-3.428077785370196e-05,0.0,0.04347783553865988,0.0,0.0,0.0025924863779753383,0.0,0.037036666666666655,0.3238369785442319,0.043481346403655766,0.0023242367384810887
0.0,0.03703666666666667,0.3967813271745197,0.007861940862653646,-0.04197104344870167,-0.16666666666666685,0.0,0.06880713449424386,0.048570476585745086,-3.428077785370196e-05,0.0,0.04347783553865988,0.0,0.0,0.007152917184462924,0.0,0.037036666666666655,0.16710825558281092,0.025637702758158912,0.0064127908438327726
0.0,0.03703666666666667,0.3705883849677969,-0.005313289703881297,-0.011241996017953898,-0.2222222222222225,0.0,0.10662917595951152,0.05412957193212178,0.0,0.0,0.04347783553865988,0.0,0.0,0.006570436223433069,0.0,0.037036666666666655,0.14091531337608815,0.02857204567824669,0.005890580327861359
0.0,0.03703666666666667,0.4087888935890345,0.017880670054583124,-0.04197104344870167,-0.05555555555555562,0.0,0.020185864815999703,0.019027187542014764,-3.428077785370196e-05,0.0,0.04347783553865988,0.0,0.0,0.005680782589299933,0.0,0.037036666666666655,0.17911582199732565,0.010941303884995996,0.005092980896465189
-0.13333333333333353,0.0,0.5535100501359406,0.05396290570916374,-0.04197104344870167,-0.05555555555555562,0.0,0.05922900065521743,0.027006330704795082,-3.428077785370196e-05,0.0,0.0,0.0,0.0,0.0025924863779753383,0.0,0.0,0.3238369785442319,0.04702353953957661,0.0023242367384810887
-0.06666666666666676,0.0,0.5929992924444978,0.05649304366339293,-0.04197104344870167,-0.05555555555555562,0.0,0.020185864815999703,0.019027187542014764,-3.428077785370196e-05,0.0,0.0,0.0,0.0,0.003698817831309947,0.0,0.0,0.363326220852789,0.049553677493805806,0.0033160939110482394
-0.13333333333333353,0.0,0.5535100501359406,0.0465761370964507,-0.04197104344870167,-0.16666666666666685,0.0,0.06880713449424386,0.048570476585745086,-3.428077785370196e-05,0.0,0.04347783553865988,0.0,0.0,0.005675684287671667,0.0,0.037036666666666655,0.3238369785442319,0.039636770926863574,0.005088410126084699
0.0,0.03703666666666667,0.4087888935890345,0.006633898294625305,-0.04197104344870167,-0.05555555555555562,0.0,0.020185864815999703,0.019027187542014764,-3.428077785370196e-05,0.0,0.04347783553865988,0.0,0.0,0.007152917184462924,0.0,0.037036666666666655,0.17911582199732565,0.010043413464653688,0.0064127908438327726
0.0,0.03703666666666667,0.35703976652117037,-0.005634185249295709,-0.03899491491324828,-0.05555555555555562,0.0,0.05922900065521743,0.027006330704795082,-3.428077785370196e-05,0.0,0.04347783553865988,0.0,0.0,0.005680782589299933,0.0,0.037036666666666655,0.1273666949294616,0.014255167498218101,0.005092980896465189
-0.06666666666666676,0.0,0.5929992924444978,0.05649304366339293,-0.031322191929072395,-0.05555555555555562,0.0,0.020185864815999703,0.019027187542014764,-3.428077785370196e-05,0.0,0.0,0.0,0.0,0.0025924863779753383,0.0,0.0,0.363326220852789,0.049553677493805806,0.0023242367384810887
0.0,0.03703666666666667,0.3705883849677969,7.713835226307648e-05,-0.031322191929072395,-0.05555555555555562,0.0,0.020185864815999703,0.019027187542014764,-3.428077785370196e-05,0.0,0.04347783553865988,0.0,0.0,0.007152917184462924,0.0,0.037036666666666655,0.14091531337608815,0.010043413464653688,0.0064127908438327726
-0.13333333333333353,0.0,0.5535100501359406,0.0521763814707507,-0.04913387028519497,-0.05555555555555562,0.0,0.05922900065521743,0.027006330704795082,-3.428077785370196e-05,0.0,0.04347783553865988,0.0,0.0,0.005675684287671667,0.0,0.037036666666666655,0.3238369785442319,0.04523701530116357,0.005088410126084699
-0.06666666666666676,0.0,0.5535100501359406,0.05042071257324289,-0.04197104344870167,-0.05555555555555562,0.0,0.020185864815999703,0.019027187542014764,-3.428077785370196e-05,0.0,0.0,0.0,0.0,0.0025924863779753383,0.0,0.0,0.3238369785442319,0.043481346403655766,0.0023242367384810887
-0.06666666666666676,0.0,0.5535100501359406,0.05042071257324289,-0.031322191929072395,-0.05555555555555562,0.0,0.020185864815999703,0.019027187542014764,-3.428077785370196e-05,0.0,0.04347783553865988,0.0,0.0,0.0025924863779753383,0.0,0.037036666666666655,0.3238369785442319,0.043481346403655766,0.0023242367384810887
-0.13333333333333353,0.0,0.5535100501359406,0.05042071257324289,-0.031322191929072395,-0.16666666666666685,0.0,0.06880713449424386,0.048570476585745086,-3.428077785370196e-05,0.0,0.04347783553865988,0.0,0.0,0.005675684287671667,0.0,0.037036666666666655,0.3238369785442319,0.043481346403655766,0.005088410126084699
-0.13333333333333353,0.0,0.5535100501359406,0.05042071257324289,-0.04197104344870167,-0.2222222222222225,0.0,0.10662917595951152,0.05412957193212178,-3.428077785370196e-05,0.0,0.04347783553865988,0.0,0.0,0.005675684287671667,0.0,0.037036666666666655,0.3238369785442319,0.043481346403655766,0.005088410126084699
-0.13333333333333353,0.0,0.5535100501359406,0.05396290570916374,-0.031322191929072395,-0.05555555555555562,0.0,0.05922900065521743,0.027006330704795082,-3.428077785370196e-05,0.0,0.04347783553865988,0.0,0.0,0.003698817831309947,0.0,0.037036666666666655,0.3238369785442319,0.04702353953957661,0.0033160939110482394
-0.06666666666666676,0.0,0.5535100501359406,0.05042071257324289,-0.031322191929072395,-0.05555555555555562,0.0,0.05922900065521743,0.027006330704795082,-3.428077785370196e-05,0.0,0.04347783553865988,0.0,0.0,0.003698817831309947,0.0,0.037036666666666655,0.3238369785442319,0.043481346403655766,0.0033160939110482394
-0.13333333333333353,0.0,0.5929992924444978,0.060056835537947426,-0.04197104344870167,-0.05555555555555562,0.0,0.05922900065521743,0.027006330704795082,-3.428077785370196e-05,0.0,0.0,0.0,0.0,0.003698817831309947,0.0,0.0,0.363326220852789,0.053117469368360294,0.0033160939110482394
0.0,0.03703666666666667,0.35703976652117037,-0.005313289703881297,-0.031322191929072395,-0.05555555555555562,0.0,0.020185864815999703,0.019027187542014764,-3.428077785370196e-05,0.0,0.04347783553865988,0.0,0.0,0.006570436223433069,0.0,0.037036666666666655,0.1273666949294616,0.010043413464653688,0.005890580327861359
-0.13333333333333353,0.0,0.5535100501359406,0.0465761370964507,-0.031322191929072395,-0.2222222222222225,0.0,0.10662917595951152,0.05412957193212178,-3.428077785370196e-05,0.0,0.04347783553865988,0.0,0.0,0.0025924863779753383,0.0,0.037036666666666655,0.3238369785442319,0.039636770926863574,0.0023242367384810887
-0.06666666666666676,0.03703666666666667,0.4199927333980052,0.017880670054583124,-0.03899491491324828,-0.05555555555555562,0.0,0.020185864815999703,0.019027187542014764,-3.428077785370196e-05,0.0,0.04347783553865988,0.0,0.0,0.006570436223433069,0.0,0.037036666666666655,0.19031966180629645,0.010941303884995996,0.005890580327861359
0.0,0.03703666666666667,0.4087888935890345,7.713835226307648e-05,-0.04913387028519497,-0.2222222222222225,0.0,0.10662917595951152,0.05412957193212178,-3.428077785370196e-05,0.0,0.04347783553865988,0.0,0.0,0.010148169391071596,0.0,0.037036666666666655,0.17911582199732565,0.02857204567824669,0.009098118442372866
0.0,0.03703666666666667,-0.16058112978431,-0.04616884659650161,0.034197728707499986,0.05555555555555562,0.0,0.038720776959632344,0.002262218610986073,0.12226010883004276,0.166666666666667,0.04347783553865988,0.0,0.0,-0.006659656501927796,0.11764705882352955,0.037036666666666655,0.019885525539972266,0.0011941016930325505,0.07090064744962439
0.06666666666666676,0.03703666666666667,-0.16058112978431,-0.03612543313184795,0.012900025668241449,0.3333333333333325,0.0,-0.026786668946430496,-0.0281052896165919,0.12225782344485252,0.166666666666667,0.04347783553865988,0.0,0.0,-0.008493770512697962,0.2941176470588226,0.037036666666666655,-0.0137566193472912,-0.014835247907236481,0.07089836206443416
0.0,0.03703666666666667,-0.16058112978431,-0.014184200214136076,0.012900025668241449,0.3333333333333325,0.0,-0.026786668946430496,-0.0281052896165919,0.12226010883004276,0.166666666666667,0.04347783553865988,0.0,0.0,-0.006338463499346778,0.2941176470588226,0.037036666666666655,-0.0137566193472912,-0.014835247907236481,0.07090064744962439
0.0,0.03703666666666667,-0.16058112978431,-0.030546787496181626,0.034197728707499986,0.16666666666666685,0.0,-0.003930820417219856,-0.006529452683388727,0.12225896613744763,0.166666666666667,0.04347783553865988,0.0,0.0,-0.003312621482968491,0.11764705882352955,0.037036666666666655,-0.0020187205923362776,-0.0034465415791146152,0.07089950475702927
0.0,0.03703666666666667,-0.16058112978431,-0.0658823239008556,0.034197728707499986,0.05555555555555562,0.0,0.038720776959632344,0.002262218610986073,0.1222612515226379,0.166666666666667,0.04347783553865988,0.0,0.0,-0.008493770512697962,0.11764705882352955,0.037036666666666655,0.019885525539972266,0.0011941016930325505,0.07090179014221952
0.0,0.03703666666666667,-0.16058112978431,-0.045959030278346004,0.012900025668241449,0.05555555555555562,0.0,0.038720776959632344,0.002262218610986073,0.12226010883004276,0.166666666666667,0.04347783553865988,0.0,0.0,-0.006659656501927796,0.11764705882352955,0.037036666666666655,0.019885525539972266,0.0011941016930325505,0.07090064744962439
0.06666666666666676,0.03703666666666667,-0.16058112978431,-0.045959030278346004,0.012900025668241449,0.11111111111111124,0.0,-0.003930820417219856,-0.006529452683388727,0.12225782344485252,0.166666666666667,0.04347783553865988,0.0,0.0,-0.008493770512697962,0.11764705882352955,0.037036666666666655,-0.0020187205923362776,-0.0034465415791146152,0.07089836206443416
0.06666666666666676,0.03703666666666667,-0.16058112978431,-0.03626119663183098,0.034197728707499986,0.3333333333333325,0.0,-0.026786668946430496,-0.0281052896165919,0.12225782344485252,0.166666666666667,0.04347783553865988,0.0,0.0,-0.008493770512697962,0.2941176470588226,0.037036666666666655,-0.0137566193472912,-0.014835247907236481,0.07089836206443416
0.06666666666666676,0.03703666666666667,-0.16058112978431,-0.03626119663183098,0.034197728707499986,0.3333333333333325,0.0,-0.026786668946430496,-0.0281052896165919,0.12226353690782812,0.166666666666667,0.04347783553865988,0.0,0.0,-0.006659656501927796,0.2941176470588226,0.037036666666666655,-0.0137566193472912,-0.014835247907236481,0.07090407552740977
0.06666666666666676,0.03703666666666667,-0.16058112978431,-0.04616884659650161,0.012900025668241449,0.16666666666666685,0.0,-0.003930820417219856,-0.006529452683388727,0.12226353690782812,0.166666666666667,0.04347783553865988,0.0,0.0,-0.006659656501927796,0.11764705882352955,0.037036666666666655,-0.0020187205923362776,-0.0034465415791146152,0.07090407552740977
0.06666666666666676,0.03703666666666667,-0.16058112978431,-0.04784429160765582,0.0003121813149076977,0.2777777777777769,0.0,-0.026786668946430496,-0.0281052896165919,0.12226353690782812,0.166666666666667,0.04347783553865988,0.0,0.0,-0.006659656501927796,0.23529411764705782,0.037036666666666655,-0.0137566193472912,-0.014835247907236481,0.07090407552740977
0.06666666666666676,0.03703666666666667,-0.16058112978431,-0.04148809138117762,0.034197728707499986,0.16666666666666685,0.0,0.006210615155120297,-0.023195047670265558,0.12226010883004276,0.166666666666667,0.04347783553865988,0.0,0.0,-0.0009559315553006413,0.11764705882352955,0.037036666666666655,0.003189536883901829,-0.012243399271196847,0.07090064744962439
0.0,0.03703666666666667,-0.16058112978431,-0.04616884659650161,0.034197728707499986,0.05555555555555562,0.0,0.038720776959632344,0.002262218610986073,0.12225896613744763,0.166666666666667,0.04347783553865988,0.0,0.0,-0.0006525826084185687,0.11764705882352955,0.037036666666666655,0.019885525539972266,0.0011941016930325505,0.07089950475702927
0.06666666666666676,0.03703666666666667,-0.16058112978431,-0.014184200214136076,0.034197728707499986,0.3333333333333325,0.0,-0.026786668946430496,-0.0281052896165919,0.12226353690782812,0.166666666666667,0.04347783553865988,0.0,0.0,-0.006338463499346778,0.2941176470588226,0.037036666666666655,-0.0137566193472912,-0.014835247907236481,0.07090407552740977
0.06666666666666676,0.03703666666666667,-0.16058112978431,-0.04148809138117762,0.034197728707499986,0.16666666666666685,0.0,0.006210615155120297,-0.023195047670265558,0.12226010883004276,0.166666666666667,0.04347783553865988,0.0,0.0,-0.006659656501927796,0.11764705882352955,0.037036666666666655,0.003189536883901829,-0.012243399271196847,0.07090064744962439
0.0,0.03703666666666667,-0.16058112978431,-0.04616884659650161,0.034197728707499986,0.05555555555555562,0.0,0.038720776959632344,0.002262218610986073,0.12226010883004276,0.166666666666667,0.04347783553865988,0.0,0.0,-0.006659656501927796,0.11764705882352955,0.037036666666666655,0.019885525539972266,0.0011941016930325505,0.07090064744962439
0.06666666666666676,0.03703666666666667,-0.16058112978431,-0.05068298297093734,0.034197728707499986,0.05555555555555562,0.0,-0.003930820417219856,-0.006529452683388727,0.12226010883004276,0.166666666666667,0.04347783553865988,0.0,0.0,-0.0009559315553006413,0.11764705882352955,0.037036666666666655,-0.0020187205923362776,-0.0034465415791146152,0.07090064744962439
0.0,0.03703666666666667,-0.16058112978431,-0.04616884659650161,0.034197728707499986,0.05555555555555562,0.0,0.038720776959632344,0.002262218610986073,0.12226010883004276,0.166666666666667,0.04347783553865988,0.0,0.0,-0.006659656501927796,0.11764705882352955,0.037036666666666655,0.019885525539972266,0.0011941016930325505,0.07090064744962439
0.06666666666666676,0.03703666666666667,-0.16058112978431,-0.042401409471972566,0.034197728707499986,0.2222222222222225,0.0,0.006210615155120297,-0.023195047670265558,0.12226010883004276,0.166666666666667,0.04347783553865988,0.0,0.0,-0.006659656501927796,0.17647058823529432,0.037036666666666655,0.003189536883901829,-0.012243399271196847,0.07090064744962439
0.06666666666666676,0.03703666666666667,-0.16058112978431,-0.055582811106688494,0.012900025668241449,0.16666666666666685,0.0,-0.003930820417219856,-0.006529452683388727,0.12226239421523301,0.166666666666667,0.04347783553865988,0.0,0.0,-0.0006525826084185687,0.11764705882352955,0.037036666666666655,-0.0020187205923362776,-0.0034465415791146152,0.07090293283481464
0.06666666666666676,0.03703666666666667,-0.16058112978431,-0.03626119663183098,0.034197728707499986,0.3333333333333325,0.0,-0.026786668946430496,-0.0281052896165919,0.12225896613744763,0.166666666666667,0.04347783553865988,0.0,0.0,-0.0006525826084185687,0.2941176470588226,0.037036666666666655,-0.0137566193472912,-0.014835247907236481,0.07089950475702927
0.0,0.03703666666666667,-0.16058112978431,-0.04616884659650161,0.034197728707499986,0.05555555555555562,0.0,0.038720776959632344,0.002262218610986073,0.12225896613744763,0.166666666666667,0.04347783553865988,0.0,0.0,-0.0006525826084185687,0.11764705882352955,0.037036666666666655,0.019885525539972266,0.0011941016930325505,0.07089950475702927
0.06666666666666676,0.03703666666666667,-0.16058112978431,-0.03612543313184795,0.034197728707499986,0.3888888888888881,0.0,-0.026786668946430496,-0.0281052896165919,0.12226353690782812,0.166666666666667,0.04347783553865988,0.0,0.0,-0.006659656501927796,0.35294117647058737,0.037036666666666655,-0.0137566193472912,-0.014835247907236481,0.07090407552740977
0.0,0.03703666666666667,-0.16058112978431,-0.045959030278346004,0.034197728707499986,0.05555555555555562,0.0,0.038720776959632344,0.002262218610986073,0.12226353690782812,0.166666666666667,0.04347783553865988,0.0,0.0,-0.006659656501927796,0.11764705882352955,0.037036666666666655,0.019885525539972266,0.0011941016930325505,0.07090407552740977
0.0,0.03703666666666667,-0.16058112978431,-0.0656817641849716,0.012900025668241449,0.05555555555555562,0.0,0.038720776959632344,0.002262218610986073,0.12226010883004276,0.166666666666667,0.04347783553865988,0.0,0.0,-0.006659656501927796,0.11764705882352955,0.037036666666666655,0.02356542768301996,0.0011941016930325505,0.07090064744962439
0.06666666666666676,0.03703666666666667,-0.16058112978431,-0.04148809138117762,0.012900025668241449,0.16666666666666685,0.0,0.006210615155120297,-0.023195047670265558,0.12226010883004276,0.166666666666667,0.04347783553865988,0.0,0.0,-0.0009559315553006413,0.11764705882352955,0.037036666666666655,0.003189536883901829,-0.012243399271196847,0.07090064744962439
0.06666666666666676,0.03703666666666667,-0.16058112978431,-0.045959030278346004,0.012900025668241449,0.11111111111111124,0.0,-0.003930820417219856,-0.006529452683388727,0.12225896613744763,0.166666666666667,0.04347783553865988,0.0,0.0,-0.0006525826084185687,0.11764705882352955,0.037036666666666655,-0.0020187205923362776,-0.0034465415791146152,0.07089950475702927
0.06666666666666676,0.03703666666666667,-0.16058112978431,-0.05466640748180305,0.034197728707499986,0.2222222222222225,0.0,0.006210615155120297,-0.023195047670265558,0.12225896613744763,0.166666666666667,0.04347783553865988,0.0,0.0,-0.0006525826084185687,0.17647058823529432,0.037036666666666655,0.02356542768301996,-0.012243399271196847,0.07089950475702927
0.06666666666666676,0.03703666666666667,-0.16058112978431,-0.03626119663183098,0.0003121813149076977,0.2777777777777769,0.0,-0.026786668946430496,-0.0281052896165919,0.12226010883004276,0.166666666666667,0.04347783553865988,0.0,0.0,-0.0009559315553006413,0.23529411764705782,0.037036666666666655,-0.0137566193472912,-0.014835247907236481,0.07090064744962439
0.06666666666666676,0.03703666666666667,-0.16058112978431,-0.05444733456137588,0.034197728707499986,0.16666666666666685,0.0,0.006210615155120297,-0.023195047670265558,0.12226010883004276,0.166666666666667,0.04347783553865988,0.0,0.0,-0.006659656501927796,0.11764705882352955,0.037036666666666655,0.02356542768301996,-0.012243399271196847,0.07090064744962439
0.06666666666666676,0.03703666666666667,-0.16058112978431,-0.042401409471972566,0.034197728707499986,0.2222222222222225,0.0,0.006210615155120297,-0.023195047670265558,0.1222612515226379,0.166666666666667,0.04347783553865988,0.0,0.0,-0.008493770512697962,0.17647058823529432,0.037036666666666655,0.003189536883901829,-0.012243399271196847,0.07090179014221952
0.0,0.03703666666666667,-0.16058112978431,-0.04616884659650161,0.034197728707499986,0.05555555555555562,0.0,0.038720776959632344,0.002262218610986073,0.12226010883004276,0.166666666666667,0.04347783553865988,0.0,0.0,-0.006659656501927796,0.11764705882352955,0.037036666666666655,0.019885525539972266,0.0011941016930325505,0.07090064744962439
0.0,0.03703666666666667,-0.16058112978431,-0.04642803146010558,0.0003121813149076977,0.05555555555555562,0.0,0.038720776959632344,0.002262218610986073,0.12226353690782812,0.166666666666667,0.04347783553865988,0.0,0.0,-0.0009559315553006413,0.11764705882352955,0.037036666666666655,0.019885525539972266,0.0011941016930325505,0.07090407552740977
0.0,0.03703666666666667,-0.16058112978431,-0.0658823239008556,0.0003121813149076977,0.05555555555555562,0.0,0.038720776959632344,0.002262218610986073,0.12226010883004276,0.166666666666667,0.04347783553865988,0.0,0.0,-0.006659656501927796,0.11764705882352955,0.037036666666666655,0.019885525539972266,0.0011941016930325505,0.07090064744962439
0.06666666666666676,0.03703666666666667,-0.16058112978431,-0.042401409471972566,0.0003121813149076977,0.2222222222222225,0.0,0.006210615155120297,-0.023195047670265558,0.12226010883004276,0.166666666666667,0.04347783553865988,0.0,0.0,-0.0009559315553006413,0.17647058823529432,0.037036666666666655,0.003189536883901829,-0.012243399271196847,0.07090064744962439
0.06666666666666676,0.03703666666666667,-0.16058112978431,-0.03626119663183098,0.012900025668241449,0.2777777777777769,0.0,-0.026786668946430496,-0.0281052896165919,0.12226010883004276,0.166666666666667,0.04347783553865988,0.0,0.0,-0.006659656501927796,0.23529411764705782,0.037036666666666655,-0.0137566193472912,-0.014835247907236481,0.07090064744962439
0.06666666666666676,0.03703666666666667,-0.16058112978431,-0.04616884659650161,0.034197728707499986,0.16666666666666685,0.0,-0.003930820417219856,-0.006529452683388727,0.12226010883004276,0.166666666666667,0.04347783553865988,0.0,0.0,-0.0009559315553006413,0.11764705882352955,0.037036666666666655,-0.0020187205923362776,-0.0034465415791146152,0.07090064744962439
0.06666666666666676,0.03703666666666667,-0.16058112978431,-0.03626119663183098,0.0003121813149076977,0.2222222222222225,0.0,-0.026786668946430496,-0.0281052896165919,0.12226010883004276,0.166666666666667,0.04347783553865988,0.0,0.0,-0.0009559315553006413,0.17647058823529432,0.037036666666666655,-0.0137566193472912,-0.014835247907236481,0.07090064744962439
0.06666666666666676,0.03703666666666667,-0.16058112978431,-0.04616884659650161,0.012900025668241449,0.16666666666666685,0.0,-0.003930820417219856,-0.006529452683388727,0.12225782344485252,0.166666666666667,0.04347783553865988,0.0,0.0,-0.008493770512697962,0.11764705882352955,0.037036666666666655,-0.0020187205923362776,-0.0034465415791146152,0.07089836206443416
0.06666666666666676,0.03703666666666667,-0.16058112978431,-0.03626119663183098,0.012900025668241449,0.3333333333333325,0.0,-0.026786668946430496,-0.0281052896165919,0.12225782344485252,0.166666666666667,0.04347783553865988,0.0,0.0,-0.008493770512697962,0.2941176470588226,0.037036666666666655,-0.0137566193472912,-0.014835247907236481,0.07089836206443416
0.0,0.03703666666666667,-0.16058112978431,-0.04616884659650161,0.034197728707499986,0.05555555555555562,0.0,0.038720776959632344,0.002262218610986073,0.12225782344485252,0.166666666666667,0.04347783553865988,0.0,0.0,-0.008493770512697962,0.11764705882352955,0.037036666666666655,0.019885525539972266,0.0011941016930325505,0.07089836206443416
0.06666666666666676,0.03703666666666667,-0.16058112978431,-0.03626119663183098,0.012900025668241449,0.3333333333333325,0.0,-0.026786668946430496,-0.0281052896165919,0.12226010883004276,0.166666666666667,0.04347783553865988,0.0,0.0,-0.006659656501927796,0.2941176470588226,0.037036666666666655,-0.0137566193472912,-0.014835247907236481,0.07090064744962439
0.0,0.03703666666666667,-0.16058112978431,-0.0656817641849716,0.034197728707499986,0.05555555555555562,0.0,0.038720776959632344,0.002262218610986073,0.12226010883004276,0.166666666666667,0.04347783553865988,0.0,0.0,-0.006659656501927796,0.11764705882352955,0.037036666666666655,0.019885525539972266,0.0011941016930325505,0.07090064744962439
-0.06666666666666676,0.03703666666666667,-0.16058112978431,-0.023119906940291826,0.012900025668241449,0.05555555555555562,0.0,0.038720776959632344,0.002262218610986073,0.12225896613744763,0.166666666666667,0.04347783553865988,0.0,0.0,-0.003312621482968491,0.11764705882352955,0.037036666666666655,0.019885525539972266,0.0011941016930325505,0.07089950475702927
0.06666666666666676,0.03703666666666667,-0.16058112978431,-0.045959030278346004,0.034197728707499986,0.11111111111111124,0.0,-0.003930820417219856,-0.006529452683388727,0.12226010883004276,0.166666666666667,0.04347783553865988,0.0,0.0,-0.0009559315553006413,0.11764705882352955,0.037036666666666655,-0.0020187205923362776,-0.0034465415791146152,0.07090064744962439
0.0,0.03703666666666667,-0.16058112978431,-0.045959030278346004,0.034197728707499986,0.05555555555555562,0.0,0.038720776959632344,0.002262218610986073,0.12226353690782812,0.166666666666667,0.04347783553865988,0.0,0.0,-0.006659656501927796,0.11764705882352955,0.037036666666666655,0.019885525539972266,0.0011941016930325505,0.07090407552740977
0.0,0.03703666666666667,-0.16058112978431,-0.0658823239008556,0.034197728707499986,0.05555555555555562,0.0,0.038720776959632344,0.002262218610986073,0.12226010883004276,0.166666666666667,0.04347783553865988,0.0,0.0,-0.0009559315553006413,0.11764705882352955,0.037036666666666655,0.019885525539972266,0.0011941016930325505,0.07090064744962439
0.06666666666666676,0.03703666666666667,-0.16058112978431,-0.03626119663183098,0.012900025668241449,0.2222222222222225,0.0,0.006210615155120297,-0.023195047670265558,0.12226353690782812,0.166666666666667,0.04347783553865988,0.0,0.0,-0.006659656501927796,0.17647058823529432,0.037036666666666655,0.003189536883901829,-0.012243399271196847,0.07090407552740977
0.06666666666666676,0.03703666666666667,-0.16058112978431,-0.042401409471972566,0.034197728707499986,0.2222222222222225,0.0,0.006210615155120297,-0.023195047670265558,0.1222612515226379,0.166666666666667,0.04347783553865988,0.0,0.0,-0.008493770512697962,0.17647058823529432,0.037036666666666655,0.003189536883901829,-0.012243399271196847,0.07090179014221952
0.0,0.03703666666666667,-0.16058112978431,-0.0658823239008556,0.012900025668241449,0.05555555555555562,0.0,0.038720776959632344,0.002262218610986073,0.12226353690782812,0.166666666666667,0.04347783553865988,0.0,0.0,-0.0009559315553006413,0.11764705882352955,0.037036666666666655,0.019885525539972266,0.0011941016930325505,0.07090407552740977
0.06666666666666676,0.03703666666666667,-0.16058112978431,-0.045959030278346004,0.034197728707499986,0.11111111111111124,0.0,-0.003930820417219856,-0.006529452683388727,0.12225896613744763,0.166666666666667,0.04347783553865988,0.0,0.0,-0.0006525826084185687,0.11764705882352955,0.037036666666666655,-0.0020187205923362776,-0.0034465415791146152,0.07089950475702927
0.06666666666666676,0.03703666666666667,-0.16058112978431,-0.042401409471972566,0.012900025668241449,0.2222222222222225,0.0,0.006210615155120297,-0.023195047670265558,0.12226010883004276,0.166666666666667,0.04347783553865988,0.0,0.0,-0.0009559315553006413,0.17647058823529432,0.037036666666666655,0.003189536883901829,-0.012243399271196847,0.07090064744962439
0.0,0.03703666666666667,-0.16058112978431,-0.045959030278346004,0.012900025668241449,0.05555555555555562,0.0,0.038720776959632344,0.002262218610986073,0.12225896613744763,0.166666666666667,0.04347783553865988,0.0,0.0,-0.0006525826084185687,0.11764705882352955,0.037036666666666655,0.019885525539972266,0.0011941016930325505,0.07089950475702927
0.06666666666666676,0.03703666666666667,-0.16058112978431,-0.04616884659650161,0.012900025668241449,0.16666666666666685,0.0,-0.003930820417219856,-0.006529452683388727,0.12226239421523301,0.166666666666667,0.04347783553865988,0.0,0.0,-0.0006525826084185687,0.11764705882352955,0.037036666666666655,-0.0020187205923362776,-0.0034465415791146152,0.07090293283481464
0.06666666666666676,0.03703666666666667,-0.16058112978431,-0.03626119663183098,0.034197728707499986,0.2222222222222225,0.0,-0.026786668946430496,-0.0281052896165919,0.12226239421523301,0.166666666666667,0.04347783553865988,0.0,0.0,-0.0006525826084185687,0.17647058823529432,0.037036666666666655,-0.0137566193472912,-0.014835247907236481,0.07090293283481464
0.06666666666666676,0.03703666666666667,-0.16058112978431,-0.045959030278346004,0.034197728707499986,0.11111111111111124,0.0,-0.003930820417219856,-0.006529452683388727,0.12225782344485252,0.166666666666667,0.04347783553865988,0.0,0.0,-0.008493770512697962,0.11764705882352955,0.037036666666666655,-0.0020187205923362776,-0.0034465415791146152,0.07089836206443416
0.0,0.03703666666666667,-0.16058112978431,-0.04616884659650161,0.034197728707499986,0.05555555555555562,0.0,0.038720776959632344,0.002262218610986073,0.12226010883004276,0.166666666666667,0.04347783553865988,0.0,0.0,-0.0009559315553006413,0.11764705882352955,0.037036666666666655,0.019885525539972266,0.0011941016930325505,0.07090064744962439
0.0,0.03703666666666667,-0.16058112978431,-0.0656817641849716,0.012900025668241449,0.05555555555555562,0.0,0.038720776959632344,0.002262218610986073,0.12226010883004276,0.166666666666667,0.04347783553865988,0.0,0.0,-0.0009559315553006413,0.11764705882352955,0.037036666666666655,0.019885525539972266,0.0011941016930325505,0.07090064744962439
0.0,0.03703666666666667,-0.16058112978431,-0.04642803146010558,0.034197728707499986,0.05555555555555562,0.0,0.038720776959632344,0.002262218610986073,0.12225896613744763,0.166666666666667,0.04347783553865988,0.0,0.0,-0.0006525826084185687,0.11764705882352955,0.037036666666666655,0.019885525539972266,0.0011941016930325505,0.07089950475702927
0.06666666666666676,0.03703666666666667,-0.16058112978431,-0.04616884659650161,0.034197728707499986,0.16666666666666685,0.0,-0.003930820417219856,-0.006529452683388727,0.12226010883004276,0.166666666666667,0.04347783553865988,0.0,0.0,-0.006659656501927796,0.11764705882352955,0.037036666666666655,-0.0020187205923362776,-0.0034465415791146152,0.07090064744962439
0.06666666666666676,0.03703666666666667,-0.16058112978431,-0.04148809138117762,0.012900025668241449,0.16666666666666685,0.0,0.006210615155120297,-0.023195047670265558,0.12226353690782812,0.166666666666667,0.04347783553865988,0.0,0.0,-0.0009559315553006413,0.11764705882352955,0.037036666666666655,0.003189536883901829,-0.012243399271196847,0.07090407552740977
0.0,0.03703666666666667,-0.16058112978431,-0.0658823239008556,0.034197728707499986,0.05555555555555562,0.0,0.038720776959632344,0.002262218610986073,0.12226010883004276,0.166666666666667,0.04347783553865988,0.0,0.0,-0.006659656501927796,0.11764705882352955,0.037036666666666655,0.019885525539972266,0.0011941016930325505,0.07090064744962439
0.0,0.03703666666666667,-0.16058112978431,-0.045959030278346004,0.012900025668241449,0.05555555555555562,0.0,0.038720776959632344,0.002262218610986073,0.12225782344485252,0.166666666666667,0.04347783553865988,0.0,0.0,-0.008493770512697962,0.11764705882352955,0.037036666666666655,0.019885525539972266,0.0011941016930325505,0.07089836206443416
0.0,0.03703666666666667,-0.16058112978431,-0.013776909714186967,0.0003121813149076977,0.2777777777777769,0.0,-0.026786668946430496,-0.0281052896165919,0.12226010883004276,0.166666666666667,0.04347783553865988,0.0,0.0,-0.006338463499346778,0.23529411764705782,0.037036666666666655,-0.0137566193472912,-0.014835247907236481,0.07090064744962439
0.0,0.03703666666666667,-0.16058112978431,-0.0658823239008556,0.034197728707499986,0.05555555555555562,0.0,0.038720776959632344,0.002262218610986073,0.12226353690782812,0.166666666666667,0.04347783553865988,0.0,0.0,-0.006659656501927796,0.11764705882352955,0.037036666666666655,0.019885525539972266,0.0011941016930325505,0.07090407552740977
0.06666666666666676,0.03703666666666667,-0.16058112978431,-0.045959030278346004,0.034197728707499986,0.11111111111111124,0.0,-0.003930820417219856,-0.006529452683388727,0.12226010883004276,0.166666666666667,0.04347783553865988,0.0,0.0,-0.006659656501927796,0.11764705882352955,0.037036666666666655,-0.0020187205923362776,-0.0034465415791146152,0.07090064744962439
0.06666666666666676,0.03703666666666667,-0.16058112978431,-0.04616884659650161,0.034197728707499986,0.16666666666666685,0.0,-0.003930820417219856,-0.006529452683388727,0.12226010883004276,0.166666666666667,0.04347783553865988,0.0,0.0,-0.0009559315553006413,0.11764705882352955,0.037036666666666655,-0.0020187205923362776,-0.0034465415791146152,0.07090064744962439
0.06666666666666676,0.03703666666666667,-0.16058112978431,-0.042401409471972566,0.034197728707499986,0.2222222222222225,0.0,0.006210615155120297,-0.023195047670265558,0.12225896613744763,0.166666666666667,0.04347783553865988,0.0,0.0,-0.0006525826084185687,0.17647058823529432,0.037036666666666655,0.003189536883901829,-0.012243399271196847,0.07089950475702927
0.0,0.03703666666666667,-0.16058112978431,-0.045959030278346004,0.012900025668241449,0.05555555555555562,0.0,0.038720776959632344,0.002262218610986073,0.12226010883004276,0.166666666666667,0.04347783553865988,0.0,0.0,-0.0009559315553006413,0.11764705882352955,0.037036666666666655,0.019885525539972266,0.0011941016930325505,0.07090064744962439
0.06666666666666676,0.03703666666666667,-0.16058112978431,-0.042401409471972566,0.034197728707499986,0.2222222222222225,0.0,0.006210615155120297,-0.023195047670265558,0.12226010883004276,0.166666666666667,0.04347783553865988,0.0,0.0,-0.006659656501927796,0.17647058823529432,0.037036666666666655,0.003189536883901829,-0.012243399271196847,0.07090064744962439
0.0,0.03703666666666667,-0.16058112978431,-0.04642803146010558,0.012900025668241449,0.05555555555555562,0.0,0.038720776959632344,0.002262218610986073,0.12226010883004276,0.166666666666667,0.04347783553865988,0.0,0.0,-0.006659656501927796,0.11764705882352955,0.037036666666666655,0.019885525539972266,0.0011941016930325505,0.07090064744962439
0.06666666666666676,0.03703666666666667,-0.16058112978431,-0.05444733456137588,0.012900025668241449,0.16666666666666685,0.0,0.006210615155120297,-0.023195047670265558,0.12226010883004276,0.166666666666667,0.04347783553865988,0.0,0.0,-0.0009559315553006413,0.11764705882352955,0.037036666666666655,0.02356542768301996,-0.012243399271196847,0.07090064744962439
0.0,0.03703666666666667,-0.16058112978431,-0.023119906940291826,0.034197728707499986,0.05555555555555562,0.0,-0.003930820417219856,-0.006529452683388727,0.12226010883004276,0.166666666666667,0.04347783553865988,0.0,0.0,-0.006659656501927796,0.11764705882352955,0.037036666666666655,-0.0020187205923362776,-0.0034465415791146152,0.07090064744962439
0.0,0.03703666666666667,-0.16058112978431,-0.04616884659650161,0.034197728707499986,0.05555555555555562,0.0,0.038720776959632344,0.002262218610986073,0.12226353690782812,0.166666666666667,0.04347783553865988,0.0,0.0,-0.0009559315553006413,0.11764705882352955,0.037036666666666655,0.019885525539972266,0.0011941016930325505,0.07090407552740977
0.0,0.03703666666666667,-0.16058112978431,-0.04616884659650161,0.034197728707499986,0.05555555555555562,0.0,0.038720776959632344,0.002262218610986073,0.12226010883004276,0.166666666666667,0.04347783553865988,0.0,0.0,-0.0009559315553006413,0.11764705882352955,0.037036666666666655,0.019885525539972266,0.0011941016930325505,0.07090064744962439
0.06666666666666676,0.03703666666666667,-0.16058112978431,-0.045959030278346004,0.034197728707499986,0.11111111111111124,0.0,-0.003930820417219856,-0.006529452683388727,0.12225896613744763,0.166666666666667,0.04347783553865988,0.0,0.0,-0.0006525826084185687,0.11764705882352955,0.037036666666666655,-0.0020187205923362776,-0.0034465415791146152,0.07089950475702927
0.06666666666666676,0.03703666666666667,-0.16058112978431,-0.045959030278346004,0.034197728707499986,0.11111111111111124,0.0,-0.003930820417219856,-0.006529452683388727,0.12226010883004276,0.166666666666667,0.04347783553865988,0.0,0.0,-0.0009559315553006413,0.11764705882352955,0.037036666666666655,-0.0020187205923362776,-0.0034465415791146152,0.07090064744962439
0.06666666666666676,0.03703666666666667,-0.16058112978431,-0.05466640748180305,0.034197728707499986,0.2222222222222225,0.0,0.006210615155120297,-0.023195047670265558,0.12226010883004276,0.166666666666667,0.04347783553865988,0.0,0.0,-0.0009559315553006413,0.17647058823529432,0.037036666666666655,0.003189536883901829,-0.012243399271196847,0.07090064744962439
0.06666666666666676,0.03703666666666667,-0.16058112978431,-0.03612543313184795,0.034197728707499986,0.3333333333333325,0.0,-0.026786668946430496,-0.0281052896165919,0.12225782344485252,0.166666666666667,0.04347783553865988,0.0,0.0,-0.008493770512697962,0.2941176470588226,0.037036666666666655,-0.0137566193472912,-0.014835247907236481,0.07089836206443416
0.0,0.03703666666666667,-0.16058112978431,-0.030546787496181626,0.034197728707499986,0.05555555555555562,0.0,0.038720776959632344,0.002262218610986073,0.1222612515226379,0.166666666666667,0.04347783553865988,0.0,0.0,-0.010735748653729725,0.11764705882352955,0.037036666666666655,0.019885525539972266,0.0011941016930325505,0.07090179014221952
0.06666666666666676,0.03703666666666667,-0.16058112978431,-0.045959030278346004,0.012900025668241449,0.11111111111111124,0.0,-0.003930820417219856,-0.006529452683388727,0.12226353690782812,0.166666666666667,0.04347783553865988,0.0,0.0,-0.006659656501927796,0.11764705882352955,0.037036666666666655,-0.0020187205923362776,-0.0034465415791146152,0.07090407552740977
0.06666666666666676,0.03703666666666667,-0.16058112978431,-0.03626119663183098,0.012900025668241449,0.2777777777777769,0.0,-0.026786668946430496,-0.0281052896165919,0.12226010883004276,0.166666666666667,0.04347783553865988,0.0,0.0,-0.006659656501927796,0.23529411764705782,0.037036666666666655,-0.0137566193472912,-0.014835247907236481,0.07090064744962439
0.0,0.03703666666666667,-0.16058112978431,-0.045959030278346004,0.034197728707499986,0.05555555555555562,0.0,0.038720776959632344,0.002262218610986073,0.12226353690782812,0.166666666666667,0.04347783553865988,0.0,0.0,-0.006659656501927796,0.11764705882352955,0.037036666666666655,0.019885525539972266,0.0011941016930325505,0.07090407552740977
0.0,0.03703666666666667,-0.16058112978431,-0.00871046273754753,0.0003121813149076977,0.16666666666666685,0.0,0.006210615155120297,-0.023195047670265558,0.12225896613744763,0.166666666666667,0.04347783553865988,0.0,0.0,-0.003312621482968491,0.11764705882352955,0.037036666666666655,0.003189536883901829,-0.012243399271196847,0.07089950475702927
0.06666666666666676,0.03703666666666667,-0.16058112978431,-0.04148809138117762,0.034197728707499986,0.16666666666666685,0.0,0.006210615155120297,-0.023195047670265558,0.12226010883004276,0.166666666666667,0.04347783553865988,0.0,0.0,-0.0009559315553006413,0.11764705882352955,0.037036666666666655,0.003189536883901829,-0.012243399271196847,0.07090064744962439
0.06666666666666676,0.03703666666666667,-0.16058112978431,-0.03626119663183098,0.012900025668241449,0.2777777777777769,0.0,-0.026786668946430496,-0.0281052896165919,0.12226010883004276,0.166666666666667,0.04347783553865988,0.0,0.0,-0.0009559315553006413,0.23529411764705782,0.037036666666666655,-0.0137566193472912,-0.014835247907236481,0.07090064744962439
0.06666666666666676,0.03703666666666667,-0.16058112978431,-0.05068298297093734,0.012900025668241449,0.05555555555555562,0.0,-0.003930820417219856,-0.006529452683388727,0.12225896613744763,0.166666666666667,0.04347783553865988,0.0,0.0,-0.0006525826084185687,0.11764705882352955,0.037036666666666655,-0.0020187205923362776,-0.0034465415791146152,0.07089950475702927
0.06666666666666676,0.03703666666666667,-0.16058112978431,-0.045959030278346004,0.012900025668241449,0.11111111111111124,0.0,-0.003930820417219856,-0.006529452683388727,0.12226239421523301,0.166666666666667,0.04347783553865988,0.0,0.0,-0.0006525826084185687,0.11764705882352955,0.037036666666666655,-0.0020187205923362776,-0.0034465415791146152,0.07090293283481464
0.0,0.03703666666666667,-0.16058112978431,-0.04616884659650161,0.034197728707499986,0.05555555555555562,0.0,0.038720776959632344,0.002262218610986073,0.12226239421523301,0.166666666666667,0.04347783553865988,0.0,0.0,-0.0006525826084185687,0.11764705882352955,0.037036666666666655,0.019885525539972266,0.0011941016930325505,0.07090293283481464
0.0,0.03703666666666667,-0.16058112978431,-0.045959030278346004,0.034197728707499986,0.05555555555555562,0.0,0.038720776959632344,0.002262218610986073,0.12225896613744763,0.166666666666667,0.04347783553865988,0.0,0.0,-0.0006525826084185687,0.11764705882352955,0.037036666666666655,0.019885525539972266,0.0011941016930325505,0.07089950475702927
0.06666666666666676,0.03703666666666667,-0.16058112978431,-0.03612543313184795,0.034197728707499986,0.3333333333333325,0.0,-0.026786668946430496,-0.0281052896165919,0.12226010883004276,0.166666666666667,0.04347783553865988,0.0,0.0,-0.006659656501927796,0.2941176470588226,0.037036666666666655,-0.0137566193472912,-0.014835247907236481,0.07090064744962439
0.06666666666666676,0.03703666666666667,-0.16058112978431,-0.05466640748180305,0.034197728707499986,0.2222222222222225,0.0,0.006210615155120297,-0.023195047670265558,0.12226010883004276,0.166666666666667,0.04347783553865988,0.0,0.0,-0.006659656501927796,0.17647058823529432,0.037036666666666655,0.02356542768301996,-0.012243399271196847,0.07090064744962439
0.06666666666666676,0.03703666666666667,-0.16058112978431,-0.05444733456137588,0.012900025668241449,0.16666666666666685,0.0,0.006210615155120297,-0.023195047670265558,0.12226010883004276,0.166666666666667,0.04347783553865988,0.0,0.0,-0.0009559315553006413,0.11764705882352955,0.037036666666666655,0.02356542768301996,-0.012243399271196847,0.07090064744962439
0.0,0.03703666666666667,-0.16058112978431,-0.05068298297093734,0.012900025668241449,0.05555555555555562,0.0,0.038720776959632344,0.002262218610986073,0.12226010883004276,0.166666666666667,0.04347783553865988,0.0,0.0,-0.006659656501927796,0.11764705882352955,0.037036666666666655,0.02356542768301996,0.0011941016930325505,0.07090064744962439
0.06666666666666676,0.03703666666666667,-0.16058112978431,-0.042401409471972566,0.034197728707499986,0.2222222222222225,0.0,0.006210615155120297,-0.023195047670265558,0.12225782344485252,0.166666666666667,0.04347783553865988,0.0,0.0,-0.008493770512697962,0.17647058823529432,0.037036666666666655,0.003189536883901829,-0.012243399271196847,0.07089836206443416
0.0,0.03703666666666667,-0.16058112978431,-0.04616884659650161,0.034197728707499986,0.05555555555555562,0.0,0.038720776959632344,0.002262218610986073,0.12225782344485252,0.166666666666667,0.04347783553865988,0.0,0.0,-0.008493770512697962,0.11764705882352955,0.037036666666666655,0.019885525539972266,0.0011941016930325505,0.07089836206443416
0.06666666666666676,0.03703666666666667,-0.16058112978431,-0.023119906940291826,0.034197728707499986,0.16666666666666685,0.0,-0.003930820417219856,-0.006529452683388727,0.12226010883004276,0.166666666666667,0.04347783553865988,0.0,0.0,-0.006659656501927796,0.11764705882352955,0.037036666666666655,-0.0020187205923362776,-0.0034465415791146152,0.07090064744962439
0.06666666666666676,0.03703666666666667,-0.16058112978431,-0.04616884659650161,0.034197728707499986,0.16666666666666685,0.0,-0.003930820417219856,-0.006529452683388727,0.12226010883004276,0.166666666666667,0.04347783553865988,0.0,0.0,-0.006659656501927796,0.11764705882352955,0.037036666666666655,-0.0020187205923362776,-0.0034465415791146152,0.07090064744962439
0.0,0.03703666666666667,-0.16058112978431,-0.045959030278346004,0.034197728707499986,0.05555555555555562,0.0,0.038720776959632344,0.002262218610986073,0.12225896613744763,0.166666666666667,0.04347783553865988,0.0,0.0,-0.0006525826084185687,0.11764705882352955,0.037036666666666655,0.019885525539972266,0.0011941016930325505,0.07089950475702927
0.06666666666666676,0.03703666666666667,-0.16058112978431,-0.04784429160765582,0.012900025668241449,0.2777777777777769,0.0,-0.026786668946430496,-0.0281052896165919,0.12225896613744763,0.166666666666667,0.04347783553865988,0.0,0.0,-0.0006525826084185687,0.23529411764705782,0.037036666666666655,-0.0137566193472912,-0.014835247907236481,0.07089950475702927
0.06666666666666676,0.03703666666666667,-0.16058112978431,-0.03626119663183098,0.012900025668241449,0.3333333333333325,0.0,-0.026786668946430496,-0.0281052896165919,0.1222612515226379,0.166666666666667,0.04347783553865988,0.0,0.0,-0.008493770512697962,0.2941176470588226,0.037036666666666655,-0.0137566193472912,-0.014835247907236481,0.07090179014221952
0.06666666666666676,0.03703666666666667,-0.16058112978431,-0.04789983122128524,0.034197728707499986,0.3333333333333325,0.0,-0.026786668946430496,-0.0281052896165919,0.12226010883004276,0.166666666666667,0.04347783553865988,0.0,0.0,-0.006659656501927796,0.2941176470588226,0.037036666666666655,-0.0137566193472912,-0.014835247907236481,0.07090064744962439
0.0,0.03703666666666667,-0.16058112978431,-0.04616884659650161,0.034197728707499986,0.05555555555555562,0.0,0.038720776959632344,0.002262218610986073,0.12226353690782812,0.166666666666667,0.04347783553865988,0.0,0.0,-0.0009559315553006413,0.11764705882352955,0.037036666666666655,0.019885525539972266,0.0011941016930325505,0.07090407552740977
0.0,0.03703666666666667,-0.16058112978431,-0.014187285748226603,0.012900025668241449,0.2222222222222225,0.0,0.006210615155120297,-0.023195047670265558,0.12225896613744763,0.166666666666667,0.04347783553865988,0.0,0.0,-0.003312621482968491,0.17647058823529432,0.037036666666666655,0.003189536883901829,-0.012243399271196847,0.07089950475702927
0.06666666666666676,0.03703666666666667,-0.16058112978431,-0.04616884659650161,0.012900025668241449,0.16666666666666685,0.0,-0.003930820417219856,-0.006529452683388727,0.12226010883004276,0.166666666666667,0.04347783553865988,0.0,0.0,-0.0009559315553006413,0.11764705882352955,0.037036666666666655,-0.0020187205923362776,-0.0034465415791146152,0.07090064744962439
0.0,0.03703666666666667,-0.16058112978431,-0.022027627872246523,0.034197728707499986,0.3333333333333325,0.0,-0.003930820417219856,-0.006529452683388727,0.12225782344485252,0.166666666666667,0.04347783553865988,0.0,0.0,-0.010735748653729725,0.2941176470588226,0.037036666666666655,-0.0020187205923362776,-0.0034465415791146152,0.07089836206443416
0.06666666666666676,0.03703666666666667,-0.16058112978431,-0.03626119663183098,0.034197728707499986,0.2777777777777769,0.0,-0.026786668946430496,-0.0281052896165919,0.12226010883004276,0.166666666666667,0.04347783553865988,0.0,0.0,-0.006659656501927796,0.23529411764705782,0.037036666666666655,-0.0137566193472912,-0.014835247907236481,0.07090064744962439
0.0,0.03703666666666667,-0.16058112978431,-0.06079736371967305,0.012900025668241449,0.11111111111111124,0.0,0.038720776959632344,0.002262218610986073,0.1222612515226379,0.166666666666667,0.04347783553865988,0.0,0.0,-0.008493770512697962,0.11764705882352955,0.037036666666666655,0.019885525539972266,0.0011941016930325505,0.07090179014221952
0.0,0.03703666666666667,-0.16058112978431,-0.013776909714186967,0.034197728707499986,0.2777777777777769,0.0,-0.026786668946430496,-0.0281052896165919,0.12226010883004276,0.166666666666667,0.04347783553865988,0.0,0.0,-0.006338463499346778,0.23529411764705782,0.037036666666666655,-0.0137566193472912,-0.014835247907236481,0.07090064744962439
0.0,0.03703666666666667,-0.16058112978431,-0.045959030278346004,0.034197728707499986,0.05555555555555562,0.0,0.038720776959632344,0.002262218610986073,0.12225896613744763,0.166666666666667,0.04347783553865988,0.0,0.0,-0.0006525826084185687,0.11764705882352955,0.037036666666666655,0.019885525539972266,0.0011941016930325505,0.07089950475702927
0.0,0.03703666666666667,-0.16058112978431,-0.04642803146010558,0.012900025668241449,0.05555555555555562,0.0,0.038720776959632344,0.002262218610986073,0.12226353690782812,0.166666666666667,0.04347783553865988,0.0,0.0,-0.006659656501927796,0.11764705882352955,0.037036666666666655,0.019885525539972266,0.0011941016930325505,0.07090407552740977
0.06666666666666676,0.03703666666666667,-0.16058112978431,-0.04762213315313813,0.034197728707499986,0.3333333333333325,0.0,-0.026786668946430496,-0.0281052896165919,0.12226010883004276,0.166666666666667,0.04347783553865988,0.0,0.0,-0.0009559315553006413,0.2941176470588226,0.037036666666666655,0.02356542768301996,-0.014835247907236481,0.07090064744962439
0.0,0.03703666666666667,-0.16058112978431,-0.013776909714186967,0.034197728707499986,0.2777777777777769,0.0,-0.026786668946430496,-0.0281052896165919,0.12225896613744763,0.166666666666667,0.04347783553865988,0.0,0.0,-0.003312621482968491,0.23529411764705782,0.037036666666666655,-0.0137566193472912,-0.014835247907236481,0.07089950475702927
0.06666666666666676,0.03703666666666667,-0.16058112978431,-0.03626119663183098,0.034197728707499986,0.2777777777777769,0.0,-0.026786668946430496,-0.0281052896165919,0.12226353690782812,0.166666666666667,0.04347783553865988,0.0,0.0,-0.006659656501927796,0.23529411764705782,0.037036666666666655,-0.0137566193472912,-0.014835247907236481,0.07090407552740977
0.06666666666666676,0.03703666666666667,-0.16058112978431,-0.042401409471972566,0.012900025668241449,0.2222222222222225,0.0,0.006210615155120297,-0.023195047670265558,0.12226010883004276,0.166666666666667,0.04347783553865988,0.0,0.0,-0.0009559315553006413,0.17647058823529432,0.037036666666666655,0.003189536883901829,-0.012243399271196847,0.07090064744962439
0.06666666666666676,0.03703666666666667,-0.16058112978431,-0.03626119663183098,0.034197728707499986,0.3333333333333325,0.0,-0.026786668946430496,-0.0281052896165919,0.12226010883004276,0.166666666666667,0.04347783553865988,0.0,0.0,-0.0009559315553006413,0.2941176470588226,0.037036666666666655,-0.0137566193472912,-0.014835247907236481,0.07090064744962439
0.06666666666666676,0.03703666666666667,-0.16058112978431,-0.04784429160765582,0.0003121813149076977,0.3333333333333325,0.0,-0.026786668946430496,-0.0281052896165919,0.12226010883004276,0.166666666666667,0.04347783553865988,0.0,0.0,-0.006659656501927796,0.2941176470588226,0.037036666666666655,-0.0137566193472912,-0.014835247907236481,0.07090064744962439
0.0,0.03703666666666667,-0.16058112978431,-0.04616884659650161,0.034197728707499986,0.05555555555555562,0.0,0.038720776959632344,0.002262218610986073,0.12226353690782812,0.166666666666667,0.04347783553865988,0.0,0.0,-0.0009559315553006413,0.11764705882352955,0.037036666666666655,0.019885525539972266,0.0011941016930325505,0.07090407552740977
0.06666666666666676,0.03703666666666667,-0.16058112978431,-0.03626119663183098,0.012900025668241449,0.3333333333333325,0.0,-0.026786668946430496,-0.0281052896165919,0.12225896613744763,0.166666666666667,0.04347783553865988,0.0,0.0,-0.0006525826084185687,0.2941176470588226,0.037036666666666655,-0.0137566193472912,-0.014835247907236481,0.07089950475702927
0.06666666666666676,0.03703666666666667,-0.16058112978431,-0.014184200214136076,0.0003121813149076977,0.3333333333333325,0.0,-0.026786668946430496,-0.0281052896165919,0.12225896613744763,0.166666666666667,0.04347783553865988,0.0,0.0,-0.003312621482968491,0.2941176470588226,0.037036666666666655,-0.0137566193472912,-0.014835247907236481,0.07089950475702927
0.06666666666666676,0.03703666666666667,-0.16058112978431,-0.04616884659650161,0.034197728707499986,0.16666666666666685,0.0,-0.003930820417219856,-0.006529452683388727,0.12226010883004276,0.166666666666667,0.04347783553865988,0.0,0.0,-0.0009559315553006413,0.11764705882352955,0.037036666666666655,-0.0020187205923362776,-0.0034465415791146152,0.07090064744962439
0.0,0.03703666666666667,-0.16058112978431,-0.04616884659650161,0.012900025668241449,0.05555555555555562,0.0,0.038720776959632344,0.002262218610986073,0.12226010883004276,0.166666666666667,0.04347783553865988,0.0,0.0,-0.006659656501927796,0.11764705882352955,0.037036666666666655,0.019885525539972266,0.0011941016930325505,0.07090064744962439
0.06666666666666676,0.03703666666666667,-0.16058112978431,-0.03626119663183098,0.012900025668241449,0.2777777777777769,0.0,-0.026786668946430496,-0.0281052896165919,0.12226010883004276,0.166666666666667,0.04347783553865988,0.0,0.0,-0.0009559315553006413,0.23529411764705782,0.037036666666666655,-0.0137566193472912,-0.014835247907236481,0.07090064744962439
-0.06666666666666676,0.03703666666666667,-0.16058112978431,-0.022027627872246523,0.012900025668241449,0.05555555555555562,0.0,0.038720776959632344,0.002262218610986073,0.12226010883004276,0.166666666666667,0.04347783553865988,0.0,0.0,-0.006338463499346778,0.11764705882352955,0.037036666666666655,0.019885525539972266,0.0011941016930325505,0.07090064744962439
0.06666666666666676,0.03703666666666667,-0.16058112978431,-0.04148809138117762,0.034197728707499986,0.16666666666666685,0.0,0.006210615155120297,-0.023195047670265558,0.12225896613744763,0.166666666666667,0.04347783553865988,0.0,0.0,-0.0006525826084185687,0.11764705882352955,0.037036666666666655,0.003189536883901829,-0.012243399271196847,0.07089950475702927
0.06666666666666676,0.03703666666666667,-0.16058112978431,-0.03626119663183098,0.034197728707499986,0.2777777777777769,0.0,-0.026786668946430496,-0.0281052896165919,0.12226010883004276,0.166666666666667,0.04347783553865988,0.0,0.0,-0.0009559315553006413,0.23529411764705782,0.037036666666666655,-0.0137566193472912,-0.014835247907236481,0.07090064744962439
0.06666666666666676,0.03703666666666667,-0.16058112978431,-0.04642803146010558,0.034197728707499986,0.05555555555555562,0.0,-0.003930820417219856,-0.006529452683388727,0.12226353690782812,0.166666666666667,0.04347783553865988,0.0,0.0,-0.006659656501927796,0.11764705882352955,0.037036666666666655,-0.0020187205923362776,-0.0034465415791146152,0.07090407552740977
0.0,0.03703666666666667,-0.16058112978431,-0.04616884659650161,0.034197728707499986,0.16666666666666685,0.0,0.038720776959632344,0.002262218610986073,0.12226010883004276,0.166666666666667,0.04347783553865988,0.0,0.0,-0.006659656501927796,0.11764705882352955,0.037036666666666655,0.019885525539972266,0.0011941016930325505,0.07090064744962439
0.06666666666666676,0.03703666666666667,-0.16058112978431,-0.04117645243803474,0.034197728707499986,0.16666666666666685,0.0,0.006210615155120297,-0.023195047670265558,0.12226010883004276,0.166666666666667,0.04347783553865988,0.0,0.0,-0.006659656501927796,0.11764705882352955,0.037036666666666655,0.003189536883901829,-0.012243399271196847,0.07090064744962439
0.0,0.03703666666666667,-0.16058112978431,-0.06714122180978914,0.012900025668241449,0.05555555555555562,0.0,0.038720776959632344,0.002262218610986073,0.12226010883004276,0.166666666666667,0.04347783553865988,0.0,0.0,-0.0009559315553006413,0.11764705882352955,0.037036666666666655,0.019885525539972266,0.0011941016930325505,0.07090064744962439
0.0,0.03703666666666667,-0.16058112978431,-0.023119906940291826,0.034197728707499986,0.11111111111111124,0.0,-0.003930820417219856,-0.006529452683388727,0.12226010883004276,0.166666666666667,0.04347783553865988,0.0,0.0,-0.006338463499346778,0.11764705882352955,0.037036666666666655,-0.0020187205923362776,-0.0034465415791146152,0.07090064744962439
0.06666666666666676,0.03703666666666667,-0.16058112978431,-0.042401409471972566,0.034197728707499986,0.2222222222222225,0.0,0.006210615155120297,-0.023195047670265558,0.12226010883004276,0.166666666666667,0.04347783553865988,0.0,0.0,-0.006659656501927796,0.17647058823529432,0.037036666666666655,0.003189536883901829,-0.012243399271196847,0.07090064744962439
0.06666666666666676,0.03703666666666667,-0.16058112978431,-0.04616884659650161,0.034197728707499986,0.16666666666666685,0.0,-0.003930820417219856,-0.006529452683388727,0.12226353690782812,0.166666666666667,0.04347783553865988,0.0,0.0,-0.006659656501927796,0.11764705882352955,0.037036666666666655,-0.0020187205923362776,-0.0034465415791146152,0.07090407552740977
0.0,0.03703666666666667,-0.16058112978431,-0.045959030278346004,0.034197728707499986,0.05555555555555562,0.0,0.038720776959632344,0.002262218610986073,0.12226010883004276,0.166666666666667,0.04347783553865988,0.0,0.0,-0.0009559315553006413,0.11764705882352955,0.037036666666666655,0.019885525539972266,0.0011941016930325505,0.07090064744962439
0.06666666666666676,0.03703666666666667,-0.16058112978431,-0.045755385028371474,0.0003121813149076977,0.3333333333333325,0.0,-0.003930820417219856,-0.006529452683388727,0.12226353690782812,0.166666666666667,0.04347783553865988,0.0,0.0,-0.0009559315553006413,0.2941176470588226,0.037036666666666655,-0.0020187205923362776,-0.0034465415791146152,0.07090407552740977
0.06666666666666676,0.03703666666666667,-0.16058112978431,-0.03612543313184795,0.012900025668241449,0.3333333333333325,0.0,-0.026786668946430496,-0.0281052896165919,0.12226353690782812,0.166666666666667,0.04347783553865988,0.0,0.0,-0.006659656501927796,0.2941176470588226,0.037036666666666655,-0.0137566193472912,-0.014835247907236481,0.07090407552740977
0.06666666666666676,0.03703666666666667,-0.16058112978431,-0.05466640748180305,0.034197728707499986,0.2222222222222225,0.0,0.006210615155120297,-0.023195047670265558,0.12226010883004276,0.166666666666667,0.04347783553865988,0.0,0.0,-0.0009559315553006413,0.17647058823529432,0.037036666666666655,0.003189536883901829,-0.012243399271196847,0.07090064744962439
0.06666666666666676,0.03703666666666667,-0.16058112978431,-0.03626119663183098,0.034197728707499986,0.3333333333333325,0.0,-0.026786668946430496,-0.0281052896165919,0.12226010883004276,0.166666666666667,0.04347783553865988,0.0,0.0,-0.006659656501927796,0.2941176470588226,0.037036666666666655,-0.0137566193472912,-0.014835247907236481,0.07090064744962439
0.0,0.03703666666666667,-0.16058112978431,-0.0658823239008556,0.012900025668241449,0.05555555555555562,0.0,0.038720776959632344,0.002262218610986073,0.12226010883004276,0.166666666666667,0.04347783553865988,0.0,0.0,-0.006659656501927796,0.11764705882352955,0.037036666666666655,0.019885525539972266,0.0011941016930325505,0.07090064744962439
0.06666666666666676,0.03703666666666667,-0.16058112978431,-0.04784429160765582,0.012900025668241449,0.3333333333333325,0.0,-0.026786668946430496,-0.0281052896165919,0.12225782344485252,0.166666666666667,0.04347783553865988,0.0,0.0,-0.008493770512697962,0.2941176470588226,0.037036666666666655,-0.0137566193472912,-0.014835247907236481,0.07089836206443416
0.06666666666666676,0.03703666666666667,-0.16058112978431,-0.042401409471972566,0.012900025668241449,0.2222222222222225,0.0,0.006210615155120297,-0.023195047670265558,0.12225896613744763,0.166666666666667,0.04347783553865988,0.0,0.0,-0.0006525826084185687,0.17647058823529432,0.037036666666666655,0.003189536883901829,-0.012243399271196847,0.07089950475702927
0.0,0.03703666666666667,-0.16058112978431,-0.04616884659650161,0.034197728707499986,0.05555555555555562,0.0,0.038720776959632344,0.002262218610986073,0.12226010883004276,0.166666666666667,0.04347783553865988,0.0,0.0,-0.0009559315553006413,0.11764705882352955,0.037036666666666655,0.019885525539972266,0.0011941016930325505,0.07090064744962439
0.06666666666666676,0.03703666666666667,-0.16058112978431,-0.03626119663183098,0.012900025668241449,0.2777777777777769,0.0,-0.026786668946430496,-0.0281052896165919,0.12226010883004276,0.166666666666667,0.04347783553865988,0.0,0.0,-0.006659656501927796,0.23529411764705782,0.037036666666666655,-0.0137566193472912,-0.014835247907236481,0.07090064744962439
0.06666666666666676,0.03703666666666667,-0.16058112978431,-0.03612543313184795,0.034197728707499986,0.3333333333333325,0.0,-0.026786668946430496,-0.0281052896165919,0.12225896613744763,0.166666666666667,0.04347783553865988,0.0,0.0,-0.0006525826084185687,0.2941176470588226,0.037036666666666655,-0.0137566193472912,-0.014835247907236481,0.07089950475702927
0.0,0.03703666666666667,-0.16058112978431,-0.04616884659650161,0.012900025668241449,0.05555555555555562,0.0,0.038720776959632344,0.002262218610986073,0.12226353690782812,0.166666666666667,0.04347783553865988,0.0,0.0,-0.0009559315553006413,0.11764705882352955,0.037036666666666655,0.019885525539972266,0.0011941016930325505,0.07090407552740977
0.0,0.03703666666666667,-0.16058112978431,-0.04616884659650161,0.012900025668241449,0.05555555555555562,0.0,0.038720776959632344,0.002262218610986073,0.12226010883004276,0.166666666666667,0.04347783553865988,0.0,0.0,-0.006659656501927796,0.11764705882352955,0.037036666666666655,0.019885525539972266,0.0011941016930325505,0.07090064744962439
0.06666666666666676,0.03703666666666667,-0.16058112978431,-0.042401409471972566,0.034197728707499986,0.2222222222222225,0.0,0.006210615155120297,-0.023195047670265558,0.12225896613744763,0.166666666666667,0.04347783553865988,0.0,0.0,-0.0006525826084185687,0.17647058823529432,0.037036666666666655,0.003189536883901829,-0.012243399271196847,0.07089950475702927
0.06666666666666676,0.03703666666666667,-0.16058112978431,-0.03626119663183098,0.012900025668241449,0.2777777777777769,0.0,-0.026786668946430496,-0.0281052896165919,0.12226010883004276,0.166666666666667,0.04347783553865988,0.0,0.0,-0.0009559315553006413,0.23529411764705782,0.037036666666666655,-0.0137566193472912,-0.014835247907236481,0.07090064744962439
0.0,0.03703666666666667,-0.16058112978431,-0.045959030278346004,0.012900025668241449,0.05555555555555562,0.0,0.038720776959632344,0.002262218610986073,0.12226010883004276,0.166666666666667,0.04347783553865988,0.0,0.0,-0.0009559315553006413,0.11764705882352955,0.037036666666666655,0.019885525539972266,0.0011941016930325505,0.07090064744962439
0.06666666666666676,0.03703666666666667,-0.16058112978431,-0.045959030278346004,0.034197728707499986,0.11111111111111124,0.0,-0.003930820417219856,-0.006529452683388727,0.12226353690782812,0.166666666666667,0.04347783553865988,0.0,0.0,-0.0009559315553006413,0.11764705882352955,0.037036666666666655,-0.0020187205923362776,-0.0034465415791146152,0.07090407552740977
0.06666666666666676,0.03703666666666667,-0.16058112978431,-0.045755385028371474,0.034197728707499986,0.3333333333333325,0.0,-0.003930820417219856,-0.006529452683388727,0.12226010883004276,0.166666666666667,0.04347783553865988,0.0,0.0,-0.0009559315553006413,0.2941176470588226,0.037036666666666655,-0.0020187205923362776,-0.0034465415791146152,0.07090064744962439
0.06666666666666676,0.03703666666666667,-0.16058112978431,-0.042401409471972566,0.034197728707499986,0.2222222222222225,0.0,0.006210615155120297,-0.023195047670265558,0.12226010883004276,0.166666666666667,0.04347783553865988,0.0,0.0,-0.0009559315553006413,0.17647058823529432,0.037036666666666655,0.003189536883901829,-0.012243399271196847,0.07090064744962439
0.0,0.03703666666666667,-0.16058112978431,-0.013776909714186967,0.034197728707499986,0.2777777777777769,0.0,-0.026786668946430496,-0.0281052896165919,0.12225782344485252,0.166666666666667,0.0,0.0,0.0,-0.010735748653729725,0.23529411764705782,0.0,-0.0137566193472912,-0.014835247907236481,0.07089836206443416
0.06666666666666676,0.03703666666666667,-0.16058112978431,-0.055582811106688494,0.012900025668241449,0.16666666666666685,0.0,-0.003930820417219856,-0.006529452683388727,0.12226010883004276,0.166666666666667,0.04347783553865988,0.0,0.0,-0.0009559315553006413,0.11764705882352955,0.037036666666666655,-0.0020187205923362776,-0.0034465415791146152,0.07090064744962439
0.06666666666666676,0.03703666666666667,-0.16058112978431,-0.042401409471972566,0.034197728707499986,0.2222222222222225,0.0,0.006210615155120297,-0.023195047670265558,0.12226010883004276,0.166666666666667,0.04347783553865988,0.0,0.0,-0.006659656501927796,0.17647058823529432,0.037036666666666655,0.003189536883901829,-0.012243399271196847,0.07090064744962439
0.06666666666666676,0.03703666666666667,-0.16058112978431,-0.042401409471972566,0.0003121813149076977,0.2222222222222225,0.0,0.006210615155120297,-0.023195047670265558,0.12226010883004276,0.166666666666667,0.04347783553865988,0.0,0.0,-0.0009559315553006413,0.17647058823529432,0.037036666666666655,0.003189536883901829,-0.012243399271196847,0.07090064744962439
0.06666666666666676,0.03703666666666667,-0.16058112978431,-0.05483919739087236,0.012900025668241449,0.16666666666666685,0.0,-0.003930820417219856,-0.006529452683388727,0.12225896613744763,0.166666666666667,0.04347783553865988,0.0,0.0,-0.0006525826084185687,0.11764705882352955,0.037036666666666655,-0.0020187205923362776,-0.0034465415791146152,0.07089950475702927
0.06666666666666676,0.03703666666666667,-0.16058112978431,-0.03612543313184795,0.0003121813149076977,0.3333333333333325,0.0,-0.026786668946430496,-0.0281052896165919,0.12226010883004276,0.166666666666667,0.04347783553865988,0.0,0.0,-0.0009559315553006413,0.2941176470588226,0.037036666666666655,-0.0137566193472912,-0.014835247907236481,0.07090064744962439
0.06666666666666676,0.03703666666666667,-0.16058112978431,-0.03626119663183098,0.034197728707499986,0.2777777777777769,0.0,-0.026786668946430496,-0.0281052896165919,0.12226010883004276,0.166666666666667,0.04347783553865988,0.0,0.0,-0.006659656501927796,0.23529411764705782,0.037036666666666655,-0.0137566193472912,-0.014835247907236481,0.07090064744962439
0.0,0.03703666666666667,-0.16058112978431,-0.04616884659650161,0.034197728707499986,0.05555555555555562,0.0,0.038720776959632344,0.002262218610986073,0.12226010883004276,0.166666666666667,0.04347783553865988,0.0,0.0,-0.006659656501927796,0.11764705882352955,0.037036666666666655,0.019885525539972266,0.0011941016930325505,0.07090064744962439
0.06666666666666676,0.03703666666666667,-0.16058112978431,-0.042401409471972566,0.034197728707499986,0.2222222222222225,0.0,0.006210615155120297,-0.023195047670265558,0.12226010883004276,0.166666666666667,0.04347783553865988,0.0,0.0,-0.006659656501927796,0.17647058823529432,0.037036666666666655,0.003189536883901829,-0.012243399271196847,0.07090064744962439
0.06666666666666676,0.03703666666666667,-0.16058112978431,-0.04616884659650161,0.034197728707499986,0.16666666666666685,0.0,-0.003930820417219856,-0.006529452683388727,0.12225782344485252,0.166666666666667,0.04347783553865988,0.0,0.0,-0.008493770512697962,0.11764705882352955,0.037036666666666655,-0.0020187205923362776,-0.0034465415791146152,0.07089836206443416
0.0,0.03703666666666667,-0.16058112978431,-0.045959030278346004,0.012900025668241449,0.05555555555555562,0.0,0.038720776959632344,0.002262218610986073,0.12226010883004276,0.166666666666667,0.04347783553865988,0.0,0.0,-0.0009559315553006413,0.11764705882352955,0.037036666666666655,0.019885525539972266,0.0011941016930325505,0.07090064744962439
0.0,0.03703666666666667,-0.16058112978431,-0.04616884659650161,0.012900025668241449,0.05555555555555562,0.0,0.038720776959632344,0.002262218610986073,0.12226239421523301,0.166666666666667,0.04347783553865988,0.0,0.0,-0.0006525826084185687,0.11764705882352955,0.037036666666666655,0.019885525539972266,0.0011941016930325505,0.07090293283481464
0.06666666666666676,0.03703666666666667,-0.16058112978431,-0.045959030278346004,0.034197728707499986,0.11111111111111124,0.0,-0.003930820417219856,-0.006529452683388727,0.12226010883004276,0.166666666666667,0.04347783553865988,0.0,0.0,-0.006659656501927796,0.11764705882352955,0.037036666666666655,-0.0020187205923362776,-0.0034465415791146152,0.07090064744962439
0.06666666666666676,0.03703666666666667,-0.16058112978431,-0.04148809138117762,0.012900025668241449,0.16666666666666685,0.0,0.006210615155120297,-0.023195047670265558,0.12226010883004276,0.166666666666667,0.04347783553865988,0.0,0.0,-0.0009559315553006413,0.11764705882352955,0.037036666666666655,0.003189536883901829,-0.012243399271196847,0.07090064744962439
0.0,0.03703666666666667,-0.16058112978431,-0.04616884659650161,0.0003121813149076977,0.05555555555555562,0.0,0.038720776959632344,0.002262218610986073,0.12226010883004276,0.166666666666667,0.04347783553865988,0.0,0.0,-0.006659656501927796,0.11764705882352955,0.037036666666666655,0.019885525539972266,0.0011941016930325505,0.07090064744962439
0.06666666666666676,0.03703666666666667,-0.16058112978431,-0.04616884659650161,0.034197728707499986,0.16666666666666685,0.0,-0.003930820417219856,-0.006529452683388727,0.12225896613744763,0.166666666666667,0.04347783553865988,0.0,0.0,-0.0006525826084185687,0.11764705882352955,0.037036666666666655,-0.0020187205923362776,-0.0034465415791146152,0.07089950475702927
0.0,0.03703666666666667,-0.16058112978431,-0.04642803146010558,0.034197728707499986,0.05555555555555562,0.0,0.038720776959632344,0.002262218610986073,0.12225896613744763,0.166666666666667,0.04347783553865988,0.0,0.0,-0.0006525826084185687,0.11764705882352955,0.037036666666666655,0.019885525539972266,0.0011941016930325505,0.07089950475702927
-0.06666666666666676,0.03703666666666667,-0.16058112978431,-0.022027627872246523,0.0003121813149076977,0.05555555555555562,0.0,0.038720776959632344,0.002262218610986073,0.12226010883004276,0.166666666666667,0.04347783553865988,0.0,0.0,-0.006338463499346778,0.11764705882352955,0.037036666666666655,0.019885525539972266,0.0011941016930325505,0.07090064744962439
0.06666666666666676,0.03703666666666667,-0.16058112978431,-0.04616884659650161,0.034197728707499986,0.16666666666666685,0.0,-0.003930820417219856,-0.006529452683388727,0.12226010883004276,0.166666666666667,0.04347783553865988,0.0,0.0,-0.006659656501927796,0.11764705882352955,0.037036666666666655,-0.0020187205923362776,-0.0034465415791146152,0.07090064744962439
0.06666666666666676,0.03703666666666667,-0.16058112978431,-0.045959030278346004,0.034197728707499986,0.11111111111111124,0.0,-0.003930820417219856,-0.006529452683388727,0.12226010883004276,0.166666666666667,0.04347783553865988,0.0,0.0,-0.0009559315553006413,0.11764705882352955,0.037036666666666655,-0.0020187205923362776,-0.0034465415791146152,0.07090064744962439
0.0,0.03703666666666667,-0.16058112978431,-0.045959030278346004,0.034197728707499986,0.05555555555555562,0.0,0.038720776959632344,0.002262218610986073,0.12226239421523301,0.166666666666667,0.04347783553865988,0.0,0.0,-0.0006525826084185687,0.11764705882352955,0.037036666666666655,0.019885525539972266,0.0011941016930325505,0.07090293283481464
-0.06666666666666676,0.03703666666666667,-0.16058112978431,-0.023119906940291826,0.034197728707499986,0.05555555555555562,0.0,0.038720776959632344,0.002262218610986073,0.12226010883004276,0.166666666666667,0.04347783553865988,0.0,0.0,-0.006659656501927796,0.11764705882352955,0.037036666666666655,0.019885525539972266,0.0011941016930325505,0.07090064744962439
0.0,0.03703666666666667,-0.16058112978431,-0.022027627872246523,0.034197728707499986,0.16666666666666685,0.0,-0.003930820417219856,-0.006529452683388727,0.12225896613744763,0.166666666666667,0.04347783553865988,0.0,0.0,-0.003312621482968491,0.11764705882352955,0.037036666666666655,-0.0020187205923362776,-0.0034465415791146152,0.07089950475702927
0.06666666666666676,0.03703666666666667,-0.16058112978431,-0.05483919739087236,0.012900025668241449,0.16666666666666685,0.0,-0.003930820417219856,-0.006529452683388727,0.12225896613744763,0.166666666666667,0.04347783553865988,0.0,0.0,-0.0006525826084185687,0.11764705882352955,0.037036666666666655,-0.0020187205923362776,-0.0034465415791146152,0.07089950475702927
0.06666666666666676,0.03703666666666667,-0.16058112978431,-0.04616884659650161,0.012900025668241449,0.16666666666666685,0.0,-0.003930820417219856,-0.006529452683388727,0.12226010883004276,0.166666666666667,0.04347783553865988,0.0,0.0,-0.006659656501927796,0.11764705882352955,0.037036666666666655,-0.0020187205923362776,-0.0034465415791146152,0.07090064744962439
0.0,0.03703666666666667,-0.16058112978431,-0.045959030278346004,0.034197728707499986,0.11111111111111124,0.0,0.038720776959632344,0.002262218610986073,0.12226010883004276,0.166666666666667,0.04347783553865988,0.0,0.0,-0.0009559315553006413,0.11764705882352955,0.037036666666666655,0.019885525539972266,0.0011941016930325505,0.07090064744962439
0.06666666666666676,0.03703666666666667,-0.16058112978431,-0.04762213315313813,0.012900025668241449,0.3333333333333325,0.0,-0.026786668946430496,-0.0281052896165919,0.12226010883004276,0.166666666666667,0.04347783553865988,0.0,0.0,-0.006659656501927796,0.2941176470588226,0.037036666666666655,-0.0137566193472912,-0.014835247907236481,0.07090064744962439
0.06666666666666676,0.03703666666666667,-0.16058112978431,-0.04784429160765582,0.034197728707499986,0.3333333333333325,0.0,-0.026786668946430496,-0.0281052896165919,0.12226239421523301,0.166666666666667,0.04347783553865988,0.0,0.0,-0.0006525826084185687,0.2941176470588226,0.037036666666666655,-0.0137566193472912,-0.014835247907236481,0.07090293283481464
0.0,0.03703666666666667,-0.16058112978431,-0.013776909714186967,0.034197728707499986,0.2777777777777769,0.0,-0.026786668946430496,-0.0281052896165919,0.12226010883004276,0.166666666666667,0.04347783553865988,0.0,0.0,-0.006338463499346778,0.23529411764705782,0.037036666666666655,-0.0137566193472912,-0.014835247907236481,0.07090064744962439
0.06666666666666676,0.03703666666666667,-0.16058112978431,-0.04616884659650161,0.012900025668241449,0.16666666666666685,0.0,-0.003930820417219856,-0.006529452683388727,0.12226239421523301,0.166666666666667,0.04347783553865988,0.0,0.0,-0.0006525826084185687,0.11764705882352955,0.037036666666666655,-0.0020187205923362776,-0.0034465415791146152,0.07090293283481464
0.0,0.03703666666666667,-0.16058112978431,-0.014187285748226603,0.034197728707499986,0.3333333333333325,0.0,-0.026786668946430496,-0.0281052896165919,0.12226010883004276,0.166666666666667,0.0,0.0,0.0,-0.006659656501927796,0.2941176470588226,0.0,-0.0137566193472912,-0.014835247907236481,0.07090064744962439
0.06666666666666676,0.03703666666666667,-0.16058112978431,-0.04616884659650161,0.034197728707499986,0.16666666666666685,0.0,-0.003930820417219856,-0.006529452683388727,0.12226010883004276,0.166666666666667,0.04347783553865988,0.0,0.0,-0.0009559315553006413,0.11764705882352955,0.037036666666666655,-0.0020187205923362776,-0.0034465415791146152,0.07090064744962439
0.06666666666666676,0.03703666666666667,-0.16058112978431,-0.03626119663183098,0.0003121813149076977,0.3333333333333325,0.0,-0.026786668946430496,-0.0281052896165919,0.12226010883004276,0.166666666666667,0.04347783553865988,0.0,0.0,-0.006659656501927796,0.2941176470588226,0.037036666666666655,-0.0137566193472912,-0.014835247907236481,0.07090064744962439
0.06666666666666676,0.03703666666666667,-0.16058112978431,-0.042401409471972566,0.034197728707499986,0.2222222222222225,0.0,0.006210615155120297,-0.023195047670265558,0.12226239421523301,0.166666666666667,0.04347783553865988,0.0,0.0,-0.0006525826084185687,0.17647058823529432,0.037036666666666655,0.003189536883901829,-0.012243399271196847,0.07090293283481464
0.0,0.03703666666666667,-0.16058112978431,-0.023119906940291826,0.034197728707499986,0.05555555555555562,0.0,0.038720776959632344,0.002262218610986073,0.12225782344485252,0.166666666666667,0.04347783553865988,0.0,0.0,-0.010735748653729725,0.11764705882352955,0.037036666666666655,0.019885525539972266,0.0011941016930325505,0.07089836206443416
0.06666666666666676,0.03703666666666667,-0.16058112978431,-0.05483919739087236,0.034197728707499986,0.16666666666666685,0.0,-0.003930820417219856,-0.006529452683388727,0.12225896613744763,0.166666666666667,0.04347783553865988,0.0,0.0,-0.0006525826084185687,0.11764705882352955,0.037036666666666655,-0.0020187205923362776,-0.0034465415791146152,0.07089950475702927
0.06666666666666676,0.03703666666666667,-0.16058112978431,-0.05466640748180305,0.034197728707499986,0.3333333333333325,0.0,-0.003930820417219856,-0.006529452683388727,0.12226010883004276,0.166666666666667,0.04347783553865988,0.0,0.0,-0.0009559315553006413,0.2941176470588226,0.037036666666666655,-0.0020187205923362776,-0.0034465415791146152,0.07090064744962439
0.06666666666666676,0.03703666666666667,-0.16058112978431,-0.05466640748180305,0.034197728707499986,0.2222222222222225,0.0,0.006210615155120297,-0.023195047670265558,0.12226010883004276,0.166666666666667,0.04347783553865988,0.0,0.0,-0.006659656501927796,0.17647058823529432,0.037036666666666655,0.003189536883901829,-0.012243399271196847,0.07090064744962439
0.06666666666666676,0.03703666666666667,-0.16058112978431,-0.04616884659650161,0.034197728707499986,0.16666666666666685,0.0,-0.003930820417219856,-0.006529452683388727,0.12226010883004276,0.166666666666667,0.04347783553865988,0.0,0.0,-0.0009559315553006413,0.11764705882352955,0.037036666666666655,-0.0020187205923362776,-0.0034465415791146152,0.07090064744962439
0.0,0.03703666666666667,-0.16058112978431,-0.045959030278346004,0.034197728707499986,0.05555555555555562,0.0,0.038720776959632344,0.002262218610986073,0.12226353690782812,0.166666666666667,0.04347783553865988,0.0,0.0,-0.006659656501927796,0.11764705882352955,0.037036666666666655,0.019885525539972266,0.0011941016930325505,0.07090407552740977
0.06666666666666676,0.03703666666666667,-0.16058112978431,-0.04784429160765582,0.012900025668241449,0.2777777777777769,0.0,-0.026786668946430496,-0.0281052896165919,0.12225782344485252,0.166666666666667,0.04347783553865988,0.0,0.0,-0.008493770512697962,0.23529411764705782,0.037036666666666655,-0.0137566193472912,-0.014835247907236481,0.07089836206443416
0.0,0.03703666666666667,-0.16058112978431,-0.030546787496181626,0.034197728707499986,0.05555555555555562,0.0,0.038720776959632344,0.002262218610986073,0.12226010883004276,0.166666666666667,0.04347783553865988,0.0,0.0,-0.006659656501927796,0.11764705882352955,0.037036666666666655,0.019885525539972266,0.0011941016930325505,0.07090064744962439
0.0,0.03703666666666667,-0.16058112978431,-0.045959030278346004,0.0003121813149076977,0.05555555555555562,0.0,0.038720776959632344,0.002262218610986073,0.12226010883004276,0.166666666666667,0.04347783553865988,0.0,0.0,-0.0009559315553006413,0.11764705882352955,0.037036666666666655,0.019885525539972266,0.0011941016930325505,0.07090064744962439
0.06666666666666676,0.03703666666666667,-0.16058112978431,-0.03626119663183098,0.034197728707499986,0.2777777777777769,0.0,-0.026786668946430496,-0.0281052896165919,0.12226353690782812,0.166666666666667,0.04347783553865988,0.0,0.0,-0.006659656501927796,0.23529411764705782,0.037036666666666655,-0.0137566193472912,-0.014835247907236481,0.07090407552740977
0.06666666666666676,0.03703666666666667,-0.16058112978431,-0.03612543313184795,0.034197728707499986,0.3333333333333325,0.0,-0.026786668946430496,-0.0281052896165919,0.12226010883004276,0.166666666666667,0.04347783553865988,0.0,0.0,-0.0009559315553006413,0.2941176470588226,0.037036666666666655,-0.0137566193472912,-0.014835247907236481,0.07090064744962439
0.0,0.03703666666666667,-0.16058112978431,-0.022027627872246523,0.0003121813149076977,0.16666666666666685,0.0,-0.003930820417219856,-0.006529452683388727,0.12226239421523301,0.166666666666667,0.04347783553865988,0.0,0.0,-0.003312621482968491,0.11764705882352955,0.037036666666666655,-0.0020187205923362776,-0.0034465415791146152,0.07090293283481464
0.06666666666666676,0.03703666666666667,-0.16058112978431,-0.03626119663183098,0.034197728707499986,0.2777777777777769,0.0,-0.026786668946430496,-0.0281052896165919,0.12226010883004276,0.166666666666667,0.04347783553865988,0.0,0.0,-0.006659656501927796,0.23529411764705782,0.037036666666666655,-0.0137566193472912,-0.014835247907236481,0.07090064744962439
0.06666666666666676,0.03703666666666667,-0.16058112978431,-0.04616884659650161,0.012900025668241449,0.16666666666666685,0.0,-0.003930820417219856,-0.006529452683388727,0.12226353690782812,0.166666666666667,0.04347783553865988,0.0,0.0,-0.006659656501927796,0.11764705882352955,0.037036666666666655,-0.0020187205923362776,-0.0034465415791146152,0.07090407552740977
0.06666666666666676,0.03703666666666667,-0.16058112978431,-0.03626119663183098,0.0003121813149076977,0.3333333333333325,0.0,-0.026786668946430496,-0.0281052896165919,0.12226010883004276,0.166666666666667,0.04347783553865988,0.0,0.0,-0.0009559315553006413,0.2941176470588226,0.037036666666666655,-0.0137566193472912,-0.014835247907236481,0.07090064744962439
0.06666666666666676,0.03703666666666667,-0.16058112978431,-0.042401409471972566,0.034197728707499986,0.2222222222222225,0.0,0.006210615155120297,-0.023195047670265558,0.12226010883004276,0.166666666666667,0.04347783553865988,0.0,0.0,-0.006659656501927796,0.17647058823529432,0.037036666666666655,0.003189536883901829,-0.012243399271196847,0.07090064744962439
0.06666666666666676,0.03703666666666667,-0.16058112978431,-0.03612543313184795,0.012900025668241449,0.3333333333333325,0.0,-0.026786668946430496,-0.0281052896165919,0.12226010883004276,0.166666666666667,0.04347783553865988,0.0,0.0,-0.006659656501927796,0.2941176470588226,0.037036666666666655,-0.0137566193472912,-0.014835247907236481,0.07090064744962439
0.0,0.03703666666666667,-0.16058112978431,-0.04616884659650161,0.034197728707499986,0.05555555555555562,0.0,0.038720776959632344,0.002262218610986073,0.12226010883004276,0.166666666666667,0.04347783553865988,0.0,0.0,-0.006659656501927796,0.11764705882352955,0.037036666666666655,0.019885525539972266,0.0011941016930325505,0.07090064744962439
0.0,0.03703666666666667,-0.16058112978431,-0.030546787496181626,0.034197728707499986,0.05555555555555562,0.0,0.038720776959632344,0.002262218610986073,0.12226010883004276,0.166666666666667,0.04347783553865988,0.0,0.0,-0.006338463499346778,0.11764705882352955,0.037036666666666655,0.019885525539972266,0.0011941016930325505,0.07090064744962439
0.0,0.03703666666666667,-0.16058112978431,-0.04642803146010558,0.012900025668241449,0.05555555555555562,0.0,0.038720776959632344,0.002262218610986073,0.12226010883004276,0.166666666666667,0.04347783553865988,0.0,0.0,-0.0009559315553006413,0.11764705882352955,0.037036666666666655,0.019885525539972266,0.0011941016930325505,0.07090064744962439
0.06666666666666676,0.03703666666666667,-0.16058112978431,-0.03626119663183098,0.034197728707499986,0.2777777777777769,0.0,-0.026786668946430496,-0.0281052896165919,0.12225782344485252,0.166666666666667,0.04347783553865988,0.0,0.0,-0.008493770512697962,0.23529411764705782,0.037036666666666655,-0.0137566193472912,-0.014835247907236481,0.07089836206443416
0.06666666666666676,0.03703666666666667,-0.16058112978431,-0.03626119663183098,0.012900025668241449,0.3333333333333325,0.0,-0.026786668946430496,-0.0281052896165919,0.12225782344485252,0.166666666666667,0.04347783553865988,0.0,0.0,-0.008493770512697962,0.2941176470588226,0.037036666666666655,-0.0137566193472912,-0.014835247907236481,0.07089836206443416
0.06666666666666676,0.03703666666666667,-0.16058112978431,-0.04642803146010558,0.034197728707499986,0.05555555555555562,0.0,-0.003930820417219856,-0.006529452683388727,0.12225896613744763,0.166666666666667,0.04347783553865988,0.0,0.0,-0.0006525826084185687,0.11764705882352955,0.037036666666666655,-0.0020187205923362776,-0.0034465415791146152,0.07089950475702927
0.0,0.03703666666666667,-0.16058112978431,-0.023119906940291826,0.0003121813149076977,0.11111111111111124,0.0,-0.003930820417219856,-0.006529452683388727,0.12226010883004276,0.166666666666667,0.04347783553865988,0.0,0.0,-0.006659656501927796,0.11764705882352955,0.037036666666666655,-0.0020187205923362776,-0.0034465415791146152,0.07090064744962439
0.06666666666666676,0.03703666666666667,-0.16058112978431,-0.042401409471972566,0.034197728707499986,0.2222222222222225,0.0,0.006210615155120297,-0.023195047670265558,0.12226353690782812,0.166666666666667,0.04347783553865988,0.0,0.0,-0.0009559315553006413,0.17647058823529432,0.037036666666666655,0.003189536883901829,-0.012243399271196847,0.07090407552740977
0.06666666666666676,0.03703666666666667,-0.16058112978431,-0.042401409471972566,0.012900025668241449,0.2222222222222225,0.0,0.006210615155120297,-0.023195047670265558,0.12226010883004276,0.166666666666667,0.04347783553865988,0.0,0.0,-0.006659656501927796,0.17647058823529432,0.037036666666666655,0.003189536883901829,-0.012243399271196847,0.07090064744962439
0.0,0.03703666666666667,-0.16058112978431,-0.06714122180978914,0.034197728707499986,0.05555555555555562,0.0,0.038720776959632344,0.002262218610986073,0.12226010883004276,0.166666666666667,0.04347783553865988,0.0,0.0,-0.006659656501927796,0.11764705882352955,0.037036666666666655,0.019885525539972266,0.0011941016930325505,0.07090064744962439
0.0,0.03703666666666667,-0.16058112978431,-0.04616884659650161,0.0003121813149076977,0.05555555555555562,0.0,0.038720776959632344,0.002262218610986073,0.12225896613744763,0.166666666666667,0.04347783553865988,0.0,0.0,-0.0006525826084185687,0.11764705882352955,0.037036666666666655,0.019885525539972266,0.0011941016930325505,0.07089950475702927
0.06666666666666676,0.03703666666666667,-0.16058112978431,-0.03626119663183098,0.012900025668241449,0.2777777777777769,0.0,-0.026786668946430496,-0.0281052896165919,0.12226010883004276,0.166666666666667,0.04347783553865988,0.0,0.0,-0.006659656501927796,0.23529411764705782,0.037036666666666655,-0.0137566193472912,-0.014835247907236481,0.07090064744962439
0.06666666666666676,0.03703666666666667,-0.16058112978431,-0.05444733456137588,0.012900025668241449,0.16666666666666685,0.0,0.006210615155120297,-0.023195047670265558,0.12225896613744763,0.166666666666667,0.04347783553865988,0.0,0.0,-0.0006525826084185687,0.11764705882352955,0.037036666666666655,0.003189536883901829,-0.012243399271196847,0.07089950475702927
0.06666666666666676,0.03703666666666667,-0.16058112978431,-0.05466640748180305,0.012900025668241449,0.2222222222222225,0.0,0.006210615155120297,-0.023195047670265558,0.12226010883004276,0.166666666666667,0.04347783553865988,0.0,0.0,-0.0009559315553006413,0.17647058823529432,0.037036666666666655,0.003189536883901829,-0.012243399271196847,0.07090064744962439
0.06666666666666676,0.03703666666666667,-0.16058112978431,-0.04148809138117762,0.0003121813149076977,0.16666666666666685,0.0,0.006210615155120297,-0.023195047670265558,0.12226010883004276,0.166666666666667,0.04347783553865988,0.0,0.0,-0.006659656501927796,0.11764705882352955,0.037036666666666655,0.003189536883901829,-0.012243399271196847,0.07090064744962439
0.06666666666666676,0.03703666666666667,-0.16058112978431,-0.03626119663183098,0.034197728707499986,0.3333333333333325,0.0,-0.026786668946430496,-0.0281052896165919,0.1222612515226379,0.166666666666667,0.04347783553865988,0.0,0.0,-0.008493770512697962,0.2941176470588226,0.037036666666666655,-0.0137566193472912,-0.014835247907236481,0.07090179014221952
0.06666666666666676,0.03703666666666667,-0.16058112978431,-0.03626119663183098,0.034197728707499986,0.2777777777777769,0.0,-0.026786668946430496,-0.0281052896165919,0.12226010883004276,0.166666666666667,0.04347783553865988,0.0,0.0,-0.006659656501927796,0.23529411764705782,0.037036666666666655,-0.0137566193472912,-0.014835247907236481,0.07090064744962439
0.06666666666666676,0.03703666666666667,-0.16058112978431,-0.04762213315313813,0.034197728707499986,0.3333333333333325,0.0,-0.026786668946430496,-0.0281052896165919,0.12226353690782812,0.166666666666667,0.04347783553865988,0.0,0.0,-0.0009559315553006413,0.2941176470588226,0.037036666666666655,-0.0137566193472912,-0.014835247907236481,0.07090407552740977
0.0,0.03703666666666667,-0.16058112978431,-0.014187285748226603,0.012900025668241449,0.3333333333333325,0.0,-0.026786668946430496,-0.0281052896165919,0.12226353690782812,0.166666666666667,0.04347783553865988,0.0,0.0,-0.006338463499346778,0.2941176470588226,0.037036666666666655,-0.0137566193472912,-0.014835247907236481,0.07090407552740977
0.0,0.03703666666666667,-0.16058112978431,-0.023119906940291826,0.0003121813149076977,0.05555555555555562,0.0,0.038720776959632344,0.002262218610986073,0.12225782344485252,0.166666666666667,0.04347783553865988,0.0,0.0,-0.010735748653729725,0.11764705882352955,0.037036666666666655,0.019885525539972266,0.0011941016930325505,0.07089836206443416
0.0,0.03703666666666667,-0.16058112978431,-0.0656817641849716,0.034197728707499986,0.05555555555555562,0.0,0.038720776959632344,0.002262218610986073,0.12226010883004276,0.166666666666667,0.04347783553865988,0.0,0.0,-0.0009559315553006413,0.11764705882352955,0.037036666666666655,0.019885525539972266,0.0011941016930325505,0.07090064744962439
0.06666666666666676,0.03703666666666667,-0.16058112978431,-0.013776909714186967,0.034197728707499986,0.2222222222222225,0.0,-0.026786668946430496,-0.0281052896165919,0.1222612515226379,0.166666666666667,0.0,0.0,0.0,-0.010735748653729725,0.17647058823529432,0.0,-0.0137566193472912,-0.014835247907236481,0.07090179014221952
0.06666666666666676,0.03703666666666667,-0.16058112978431,-0.042401409471972566,0.034197728707499986,0.2222222222222225,0.0,0.006210615155120297,-0.023195047670265558,0.12225782344485252,0.166666666666667,0.04347783553865988,0.0,0.0,-0.008493770512697962,0.17647058823529432,0.037036666666666655,0.003189536883901829,-0.012243399271196847,0.07089836206443416
0.06666666666666676,0.03703666666666667,-0.16058112978431,-0.03626119663183098,0.034197728707499986,0.2777777777777769,0.0,-0.026786668946430496,-0.0281052896165919,0.12226010883004276,0.166666666666667,0.04347783553865988,0.0,0.0,-0.006659656501927796,0.23529411764705782,0.037036666666666655,-0.0137566193472912,-0.014835247907236481,0.07090064744962439
0.0,0.03703666666666667,-0.16058112978431,-0.045959030278346004,0.034197728707499986,0.05555555555555562,0.0,0.038720776959632344,0.002262218610986073,0.12226010883004276,0.166666666666667,0.04347783553865988,0.0,0.0,-0.006659656501927796,0.11764705882352955,0.037036666666666655,0.019885525539972266,0.0011941016930325505,0.07090064744962439
0.06666666666666676,0.03703666666666667,-0.16058112978431,-0.05068298297093734,0.034197728707499986,0.05555555555555562,0.0,-0.003930820417219856,-0.006529452683388727,0.12225782344485252,0.166666666666667,0.04347783553865988,0.0,0.0,-0.008493770512697962,0.11764705882352955,0.037036666666666655,-0.0020187205923362776,-0.0034465415791146152,0.07089836206443416
0.0,0.03703666666666667,-0.16058112978431,-0.0658823239008556,0.034197728707499986,0.05555555555555562,0.0,0.038720776959632344,0.002262218610986073,0.12226010883004276,0.166666666666667,0.04347783553865988,0.0,0.0,-0.0009559315553006413,0.11764705882352955,0.037036666666666655,0.019885525539972266,0.0011941016930325505,0.07090064744962439
0.0,0.03703666666666667,-0.16058112978431,-0.04616884659650161,0.034197728707499986,0.16666666666666685,0.0,0.038720776959632344,0.002262218610986073,0.12226353690782812,0.166666666666667,0.04347783553865988,0.0,0.0,-0.006659656501927796,0.11764705882352955,0.037036666666666655,0.019885525539972266,0.0011941016930325505,0.07090407552740977
0.06666666666666676,0.03703666666666667,-0.16058112978431,-0.042401409471972566,0.034197728707499986,0.2222222222222225,0.0,0.006210615155120297,-0.023195047670265558,0.12225782344485252,0.166666666666667,0.04347783553865988,0.0,0.0,-0.008493770512697962,0.17647058823529432,0.037036666666666655,0.003189536883901829,-0.012243399271196847,0.07089836206443416
0.0,0.03703666666666667,-0.16058112978431,-0.00871046273754753,0.034197728707499986,0.16666666666666685,0.0,0.006210615155120297,-0.023195047670265558,0.12226010883004276,0.166666666666667,0.04347783553865988,0.0,0.0,-0.006338463499346778,0.11764705882352955,0.037036666666666655,0.003189536883901829,-0.012243399271196847,0.07090064744962439
0.06666666666666676,0.03703666666666667,-0.16058112978431,-0.03626119663183098,0.012900025668241449,0.2222222222222225,0.0,-0.026786668946430496,-0.0281052896165919,0.12225782344485252,0.166666666666667,0.04347783553865988,0.0,0.0,-0.008493770512697962,0.17647058823529432,0.037036666666666655,-0.0137566193472912,-0.014835247907236481,0.07089836206443416
0.06666666666666676,0.03703666666666667,-0.16058112978431,-0.042401409471972566,0.012900025668241449,0.2222222222222225,0.0,0.006210615155120297,-0.023195047670265558,0.12226010883004276,0.166666666666667,0.04347783553865988,0.0,0.0,-0.0009559315553006413,0.17647058823529432,0.037036666666666655,0.003189536883901829,-0.012243399271196847,0.07090064744962439
0.0,0.03703666666666667,-0.16058112978431,-0.06714122180978914,0.012900025668241449,0.05555555555555562,0.0,0.038720776959632344,0.002262218610986073,0.12226010883004276,0.166666666666667,0.04347783553865988,0.0,0.0,-0.0009559315553006413,0.11764705882352955,0.037036666666666655,0.019885525539972266,0.0011941016930325505,0.07090064744962439
0.06666666666666676,0.03703666666666667,-0.16058112978431,-0.03626119663183098,0.012900025668241449,0.3333333333333325,0.0,-0.026786668946430496,-0.0281052896165919,0.12225782344485252,0.166666666666667,0.04347783553865988,0.0,0.0,-0.008493770512697962,0.2941176470588226,0.037036666666666655,-0.0137566193472912,-0.014835247907236481,0.07089836206443416
0.0,0.03703666666666667,-0.16058112978431,-0.022027627872246523,0.034197728707499986,0.05555555555555562,0.0,0.038720776959632344,0.002262218610986073,0.12226010883004276,0.166666666666667,0.04347783553865988,0.0,0.0,-0.006659656501927796,0.11764705882352955,0.037036666666666655,0.019885525539972266,0.0011941016930325505,0.07090064744962439
0.0,0.03703666666666667,-0.16058112978431,-0.023119906940291826,0.012900025668241449,0.05555555555555562,0.0,0.038720776959632344,0.002262218610986073,0.12226353690782812,0.166666666666667,0.04347783553865988,0.0,0.0,-0.006659656501927796,0.11764705882352955,0.037036666666666655,0.019885525539972266,0.0011941016930325505,0.07090407552740977
0.0,0.03703666666666667,-0.16058112978431,-0.0658823239008556,0.012900025668241449,0.05555555555555562,0.0,0.038720776959632344,0.002262218610986073,0.12225896613744763,0.166666666666667,0.04347783553865988,0.0,0.0,-0.0006525826084185687,0.11764705882352955,0.037036666666666655,0.02356542768301996,0.0011941016930325505,0.07089950475702927
0.06666666666666676,0.03703666666666667,-0.16058112978431,-0.03626119663183098,0.034197728707499986,0.2777777777777769,0.0,-0.026786668946430496,-0.0281052896165919,0.12226010883004276,0.166666666666667,0.04347783553865988,0.0,0.0,-0.0009559315553006413,0.23529411764705782,0.037036666666666655,-0.0137566193472912,-0.014835247907236481,0.07090064744962439
0.06666666666666676,0.03703666666666667,-0.16058112978431,-0.04616884659650161,0.012900025668241449,0.16666666666666685,0.0,-0.003930820417219856,-0.006529452683388727,0.12225896613744763,0.166666666666667,0.04347783553865988,0.0,0.0,-0.0006525826084185687,0.11764705882352955,0.037036666666666655,-0.0020187205923362776,-0.0034465415791146152,0.07089950475702927
0.0,0.03703666666666667,-0.16058112978431,-0.04616884659650161,0.034197728707499986,0.05555555555555562,0.0,0.038720776959632344,0.002262218610986073,0.12226010883004276,0.166666666666667,0.04347783553865988,0.0,0.0,-0.0009559315553006413,0.11764705882352955,0.037036666666666655,0.019885525539972266,0.0011941016930325505,0.07090064744962439
0.0,0.03703666666666667,-0.16058112978431,-0.013776909714186967,0.034197728707499986,0.16666666666666685,0.0,0.006210615155120297,-0.023195047670265558,0.12226353690782812,0.166666666666667,0.04347783553865988,0.0,0.0,-0.006338463499346778,0.11764705882352955,0.037036666666666655,0.003189536883901829,-0.012243399271196847,0.07090407552740977
0.06666666666666676,0.03703666666666667,-0.16058112978431,-0.045959030278346004,0.034197728707499986,0.11111111111111124,0.0,-0.003930820417219856,-0.006529452683388727,0.12226010883004276,0.166666666666667,0.04347783553865988,0.0,0.0,-0.006659656501927796,0.11764705882352955,0.037036666666666655,-0.0020187205923362776,-0.0034465415791146152,0.07090064744962439
0.06666666666666676,0.03703666666666667,-0.16058112978431,-0.042401409471972566,0.012900025668241449,0.2222222222222225,0.0,0.006210615155120297,-0.023195047670265558,0.12226353690782812,0.166666666666667,0.04347783553865988,0.0,0.0,-0.0009559315553006413,0.17647058823529432,0.037036666666666655,0.003189536883901829,-0.012243399271196847,0.07090407552740977
0.0,0.03703666666666667,-0.16058112978431,-0.023119906940291826,0.0003121813149076977,0.05555555555555562,0.0,-0.003930820417219856,-0.006529452683388727,0.12225896613744763,0.166666666666667,0.04347783553865988,0.0,0.0,-0.003312621482968491,0.11764705882352955,0.037036666666666655,-0.0020187205923362776,-0.0034465415791146152,0.07089950475702927
0.06666666666666676,0.03703666666666667,-0.16058112978431,-0.04148809138117762,0.012900025668241449,0.16666666666666685,0.0,0.006210615155120297,-0.023195047670265558,0.12226010883004276,0.166666666666667,0.04347783553865988,0.0,0.0,-0.0009559315553006413,0.11764705882352955,0.037036666666666655,0.003189536883901829,-0.012243399271196847,0.07090064744962439
0.06666666666666676,0.03703666666666667,-0.16058112978431,-0.042401409471972566,0.012900025668241449,0.2222222222222225,0.0,0.006210615155120297,-0.023195047670265558,0.12225896613744763,0.166666666666667,0.04347783553865988,0.0,0.0,-0.0006525826084185687,0.17647058823529432,0.037036666666666655,0.003189536883901829,-0.012243399271196847,0.07089950475702927
0.0,0.03703666666666667,-0.16058112978431,-0.06714122180978914,0.012900025668241449,0.05555555555555562,0.0,0.038720776959632344,0.002262218610986073,0.12226010883004276,0.166666666666667,0.04347783553865988,0.0,0.0,-0.0009559315553006413,0.11764705882352955,0.037036666666666655,0.019885525539972266,0.0011941016930325505,0.07090064744962439
