REL_W,RF_W,INPC_W,PFC_W,WCC_W,REL_D,RF_D,INPC_D,PFC_D,WCC_D,REL_F,RF_F,INPC_F,PFC_F,WCC_F,REL_R,RF_R,INPC_R,PFC_R,WCC_R
-0.14285714285714285,0.0,0.3991797111697394,0.25025247424762664,-1.0,0.0,-1.0,0.01718327547496078,0.013476718910879745,0.07669533342732261,0.0,-0.24999718750351554,-0.8417479321498695,-0.35686317727443634,0.1634603198742807,0.0,-0.24999718750351554,0.3991797111697394,-0.11719327360655532,0.1634603198742807
0.0,0.0,-0.15257724383857044,0.02708360110905046,-0.09931860417096834,0.0,-1.0,0.0680933007928379,0.02909278114632197,0.07669533342732261,0.14285714285714285,0.0,0.14130543336507564,0.09598853868194833,0.1634603198742807,0.14285714285714285,0.0,0.04816765002481543,0.09598853868194833,0.1634603198742807
0.0,0.0,-0.04677168422580144,0.02708360110905046,-0.09931860417096834,-0.42857142857142855,-1.0,0.12990042957344908,0.08217595240819123,0.0,0.2857142857142857,0.0,0.07617833593850222,0.07986619818745218,0.16216764251134264,0.2857142857142857,0.0,-0.011644661970647263,0.07986619818745218,0.16216764251134264
-0.14285714285714285,-1.0,0.5447521660482562,0.206670828666385,-1.0,-0.2857142857142857,-1.0,0.0805826417681867,0.07128475002860085,0.0,0.0,-0.24999718750351554,-0.8001136914324835,-0.35686317727443634,0.07122398803639773,0.0,-0.24999718750351554,0.5447521660482562,-0.14796639396336014,0.07122398803639773
0.0,0.0,-0.10476977099639455,0.03852297974697482,-0.09931860417096834,-0.2857142857142857,-1.0,0.0805826417681867,0.07128475002860085,0.0,0.14285714285714285,-0.24999718750351554,0.19950633371821663,0.10330096332118921,0.1634603198742807,0.14285714285714285,-0.24999718750351554,0.1016189866863894,0.10330096332118921,0.1634603198742807
-0.14285714285714285,0.0,0.5234049838674741,0.25025247424762664,-1.0,0.0,-1.0,0.0680933007928379,0.02909278114632197,0.07669533342732261,0.14285714285714285,-0.24999718750351554,-0.7805745509755838,-0.059445863423615054,0.1634603198742807,0.14285714285714285,-0.24999718750351554,0.5234049838674741,-0.059445863423615054,0.1634603198742807
0.0,0.0,-0.10023089412964648,0.02708360110905046,-0.09931860417096834,0.0,-1.0,0.01718327547496078,0.013476718910879745,0.07669533342732261,0.0,0.0,0.029680261488349045,0.06886514799880715,0.1634603198742807,0.0,0.0,-0.05434819776596486,0.06886514799880715,0.1634603198742807
-0.14285714285714285,0.0,0.4920774895226223,0.25025247424762664,-1.0,0.0,-1.0,0.0680933007928379,0.02909278114632197,0.07669533342732261,0.14285714285714285,-0.24999718750351554,-0.7805745509755838,-0.12940657858911697,0.1634603198742807,0.14285714285714285,-0.24999718750351554,0.4920774895226223,-0.11719327360655532,0.1634603198742807
-0.14285714285714285,0.0,0.5447521660482562,0.27170819485503384,-1.0,0.0,-1.0,0.0680933007928379,0.02909278114632197,0.07669533342732261,0.14285714285714285,-0.24999718750351554,-0.7920867084338741,-0.10794902047219593,0.16216764251134264,0.14285714285714285,-0.24999718750351554,0.5447521660482562,-0.1020433300055751,0.16216764251134264
-0.14285714285714285,0.0,0.4920774895226223,0.25025247424762664,-1.0,0.0,-1.0,0.0680933007928379,0.02909278114632197,0.07669533342732261,0.0,-0.24999718750351554,-0.8417479321498695,-0.35686317727443634,0.07122398803639773,0.0,-0.24999718750351554,0.4920774895226223,-0.11719327360655532,0.07122398803639773
-0.14285714285714285,-1.0,0.5443787126239765,0.25025247424762664,-1.0,0.0,-1.0,0.01718327547496078,0.013476718910879745,0.0,0.14285714285714285,-0.24999718750351554,-0.7920867084338741,-0.12940657858911697,0.1634603198742807,0.14285714285714285,-0.24999718750351554,0.5443787126239765,-0.11719327360655532,0.1634603198742807
-0.14285714285714285,0.0,0.4709529865998782,0.25025247424762664,-1.0,0.0,-1.0,0.01718327547496078,0.013476718910879745,0.07669533342732261,0.0,-0.24999718750351554,-0.8417479321498695,-0.35686317727443634,0.1634603198742807,0.0,-0.24999718750351554,0.4709529865998782,-0.11719327360655532,0.1634603198742807
0.0,0.0,-0.06371791318714994,0.02708360110905046,-0.09931860417096834,0.0,-1.0,0.0680933007928379,0.02909278114632197,0.0,0.14285714285714285,0.0,0.09760872629558795,0.07986619818745218,0.16216764251134264,0.14285714285714285,0.0,0.00803687221207467,0.07986619818745218,0.16216764251134264
-0.14285714285714285,0.0,0.3991797111697394,0.23671067369310136,-1.0,0.0,-1.0,0.01718327547496078,0.013476718910879745,0.0,0.0,0.0,-0.8417479321498695,-0.35686317727443634,0.16216764251134264,0.0,0.0,0.3991797111697394,-0.12675517639279657,0.16216764251134264
0.0,0.0,-0.12204580892019434,0.0013128660876589701,-0.09931860417096834,-0.42857142857142855,-1.0,0.12990042957344908,0.08217595240819123,0.07669533342732261,0.14285714285714285,-0.24999718750351554,0.2007393348211658,0.10745633937948117,0.07122398803639773,0.14285714285714285,-0.24999718750351554,0.10275136705607334,0.10745633937948117,0.07122398803639773
0.0,0.0,-0.12093683804388504,0.0013128660876589701,-0.09931860417096834,-0.2857142857142857,-1.0,0.0805826417681867,0.07128475002860085,0.07669533342732261,0.14285714285714285,-0.24999718750351554,0.21025169121743,0.10330096332118921,0.1634603198742807,0.14285714285714285,-0.24999718750351554,0.11148745466118812,0.10330096332118921,0.1634603198742807
-0.14285714285714285,0.0,0.4709529865998782,0.18326876113181903,-1.0,-0.42857142857142855,-1.0,0.12990042957344908,0.08217595240819123,0.07669533342732261,0.0,0.0,-0.7708793492808809,-0.12023363456028217,0.14513471725851,0.0,0.0,0.4709529865998782,-0.12023363456028217,0.14513471725851
0.0,0.0,-0.12093683804388504,0.02708360110905046,-0.09931860417096834,0.0,-1.0,0.0680933007928379,0.02909278114632197,0.07669533342732261,0.14285714285714285,-0.24999718750351554,0.21025169121743,0.10330096332118921,0.07122398803639773,0.14285714285714285,-0.24999718750351554,0.11148745466118812,0.10330096332118921,0.07122398803639773
-0.14285714285714285,0.0,0.3991797111697394,0.18326876113181903,-1.0,-0.42857142857142855,-1.0,0.12990042957344908,0.08217595240819123,0.07669533342732261,0.14285714285714285,-0.24999718750351554,-0.7594118644485565,-0.059445863423615054,0.07122398803639773,0.14285714285714285,-0.24999718750351554,0.3991797111697394,-0.059445863423615054,0.07122398803639773
0.0,0.0,-0.08238260604214051,0.02708360110905046,-0.09931860417096834,-0.2857142857142857,-1.0,0.0805826417681867,0.07128475002860085,0.07669533342732261,0.14285714285714285,0.0,0.017938090939765994,0.06886514799880715,0.16216764251134264,0.14285714285714285,0.0,-0.06513213250446,0.06886514799880715,0.16216764251134264
-0.14285714285714285,-1.0,0.5443787126239765,0.25025247424762664,-1.0,0.0,-1.0,0.0680933007928379,0.02909278114632197,0.0,0.0,0.0,-0.7920867084338741,-0.12023363456028217,0.14513471725851,0.0,0.0,0.5443787126239765,-0.11719327360655532,0.14513471725851
-0.14285714285714285,0.0,0.5447521660482562,0.206670828666385,-1.0,-0.42857142857142855,-1.0,0.12990042957344908,0.08217595240819123,0.0,0.14285714285714285,-0.24999718750351554,-0.7594118644485565,-0.059445863423615054,0.16216764251134264,0.14285714285714285,-0.24999718750351554,0.5447521660482562,-0.059445863423615054,0.16216764251134264
-0.14285714285714285,0.0,0.4920774895226223,0.23671067369310136,-1.0,0.0,-1.0,0.0680933007928379,0.02909278114632197,0.0,0.14285714285714285,-0.24999718750351554,-0.7920867084338741,-0.1192742029586796,0.07122398803639773,0.14285714285714285,-0.24999718750351554,0.4920774895226223,-0.1192742029586796,0.07122398803639773
-0.14285714285714285,0.0,0.3991797111697394,0.23671067369310136,-1.0,0.0,-1.0,0.0680933007928379,0.02909278114632197,0.0,0.0,0.0,-0.8313127878665302,-0.35686317727443634,0.1772995716422072,0.0,0.0,0.3991797111697394,-0.12675517639279657,0.1772995716422072
0.0,0.0,-0.04677168422580144,0.02708360110905046,-0.09931860417096834,-0.2857142857142857,-1.0,0.0805826417681867,0.07128475002860085,0.0,0.2857142857142857,-0.24999718750351554,0.08645413869932426,0.07979488908192758,0.07122398803639773,0.2857142857142857,-0.24999718750351554,-0.0022074300806944136,0.07979488908192758,0.07122398803639773
0.0,0.0,-0.0871256879035201,0.03852297974697482,-0.09931860417096834,0.0,-1.0,0.01718327547496078,0.013476718910879745,0.07669533342732261,0.0,0.0,0.21025169121743,0.10330096332118921,0.16216764251134264,0.0,0.0,0.11148745466118812,0.10330096332118921,0.16216764251134264
0.0,0.0,-0.03133529926125554,0.02708360110905046,-0.09931860417096834,-0.42857142857142855,-1.0,0.12990042957344908,0.08217595240819123,0.0,0.0,0.0,-0.031468276761350826,-0.014145133477680361,0.4787468633563986,0.0,0.0,-0.03133529926125554,-0.014145133477680361,0.4787468633563986
-0.14285714285714285,0.0,0.5447521660482562,0.27170819485503384,-1.0,0.0,-1.0,0.01718327547496078,0.013476718910879745,0.07669533342732261,0.14285714285714285,-0.24999718750351554,-0.7805745509755838,-0.1192742029586796,0.07122398803639773,0.14285714285714285,-0.24999718750351554,0.5447521660482562,-0.1020433300055751,0.07122398803639773
-0.14285714285714285,0.0,0.5126257373346572,0.2506747948072934,-1.0,0.0,-1.0,0.01718327547496078,0.013476718910879745,0.07669533342732261,0.14285714285714285,-0.24999718750351554,-0.7805745509755838,-0.1474737128706454,0.16216764251134264,0.14285714285714285,-0.24999718750351554,0.5126257373346572,-0.11689507189254361,0.16216764251134264
-0.14285714285714285,0.0,0.5126257373346572,0.25025247424762664,-1.0,0.0,-1.0,0.01718327547496078,0.013476718910879745,0.07669533342732261,0.0,-0.24999718750351554,-0.8417479321498695,-0.35686317727443634,0.1634603198742807,0.0,-0.24999718750351554,0.5126257373346572,-0.11719327360655532,0.1634603198742807
0.0,0.0,-0.04677168422580144,0.02708360110905046,-0.09931860417096834,-0.2857142857142857,-1.0,0.0805826417681867,0.07128475002860085,0.07669533342732261,0.14285714285714285,0.0,0.07617833593850222,0.07086828559945026,0.14513471725851,0.14285714285714285,0.0,-0.011644661970647263,0.07086828559945026,0.14513471725851
0.0,0.0,-0.04934588230743182,0.014138557867097553,-0.09931860417096834,-0.2857142857142857,-1.0,0.0805826417681867,0.07128475002860085,0.07669533342732261,0.14285714285714285,0.0,-0.031468276761350826,0.0,0.3713279091577319,0.14285714285714285,0.0,-0.04934588230743182,0.0,0.3713279091577319
0.0,0.0,-0.046924124492043244,0.02708360110905046,-0.09931860417096834,0.0,-1.0,0.0680933007928379,0.02909278114632197,0.07669533342732261,0.14285714285714285,0.0,-0.016125433042191915,0.008738606749730893,0.3713279091577319,0.14285714285714285,0.0,-0.046924124492043244,0.008738606749730893,0.3713279091577319
-0.14285714285714285,0.0,0.4709529865998782,0.18326876113181903,-1.0,-0.2857142857142857,-1.0,0.0805826417681867,0.07128475002860085,0.07669533342732261,0.14285714285714285,-0.24999718750351554,-0.7708793492808809,-0.1019785035460073,0.1634603198742807,0.14285714285714285,-0.24999718750351554,0.4709529865998782,-0.1019785035460073,0.1634603198742807
-0.14285714285714285,0.0,0.5126257373346572,0.19132039441067902,-1.0,-0.2857142857142857,-1.0,0.0805826417681867,0.07128475002860085,0.07669533342732261,0.14285714285714285,-0.24999718750351554,-0.7594118644485565,-0.059445863423615054,0.07122398803639773,0.14285714285714285,-0.24999718750351554,0.5126257373346572,-0.059445863423615054,0.07122398803639773
-0.14285714285714285,-1.0,0.3991797111697394,0.18326876113181903,-1.0,-0.2857142857142857,-1.0,0.0805826417681867,0.07128475002860085,0.07669533342732261,0.14285714285714285,-0.24999718750351554,-0.7708793492808809,-0.10794902047219593,0.16216764251134264,0.14285714285714285,-0.24999718750351554,0.3991797111697394,-0.10794902047219593,0.16216764251134264
-0.14285714285714285,0.0,0.5234049838674741,0.19132039441067902,-1.0,-0.2857142857142857,-1.0,0.0805826417681867,0.07128475002860085,0.07669533342732261,0.0,-0.24999718750351554,-0.7894797408010229,-0.303044250541301,0.07122398803639773,0.0,-0.24999718750351554,0.5234049838674741,-0.15880537800308586,0.07122398803639773
-0.14285714285714285,0.0,0.4920774895226223,0.19076036062503446,-1.0,-0.42857142857142855,-1.0,0.12990042957344908,0.08217595240819123,0.07669533342732261,0.0,0.0,-0.7894797408010229,-0.303044250541301,0.16216764251134264,0.0,0.0,0.4920774895226223,-0.1592008194064489,0.16216764251134264
-0.14285714285714285,0.0,0.3991797111697394,0.18326876113181903,-1.0,-0.2857142857142857,-1.0,0.0805826417681867,0.07128475002860085,0.07669533342732261,0.14285714285714285,-0.24999718750351554,-0.7708793492808809,-0.1019785035460073,0.07122398803639773,0.14285714285714285,-0.24999718750351554,0.3991797111697394,-0.1019785035460073,0.07122398803639773
-0.14285714285714285,0.0,0.3991797111697394,0.23671067369310136,-1.0,0.0,-1.0,0.01718327547496078,0.013476718910879745,0.0,0.14285714285714285,-0.24999718750351554,-0.7805745509755838,-0.15163557157489396,0.1634603198742807,0.14285714285714285,-0.24999718750351554,0.3991797111697394,-0.12675517639279657,0.1634603198742807
-0.14285714285714285,0.0,0.3912639807207528,0.182727089109638,-1.0,-0.2857142857142857,-1.0,0.0805826417681867,0.07128475002860085,0.07669533342732261,0.14285714285714285,-0.24999718750351554,-0.2840822191268303,-0.0154222147311648,0.16216764251134264,0.14285714285714285,-0.24999718750351554,0.3912639807207528,-0.0154222147311648,0.16216764251134264
0.0,0.0,-0.0871256879035201,0.04033161344815551,-0.09931860417096834,0.0,-1.0,0.01718327547496078,0.013476718910879745,0.0,0.14285714285714285,-0.24999718750351554,0.21025169121743,0.10330096332118921,0.07122398803639773,0.14285714285714285,-0.24999718750351554,0.11148745466118812,0.10330096332118921,0.07122398803639773
-0.14285714285714285,0.0,0.5447521660482562,0.25025247424762664,-1.0,0.0,-1.0,0.0680933007928379,0.02909278114632197,0.0,0.14285714285714285,-0.24999718750351554,-0.7805745509755838,-0.059445863423615054,0.16216764251134264,0.14285714285714285,-0.24999718750351554,0.5447521660482562,-0.059445863423615054,0.16216764251134264
0.0,0.0,-0.04934588230743182,0.014138557867097553,-0.09931860417096834,-0.42857142857142855,-1.0,0.12990042957344908,0.08217595240819123,0.07669533342732261,0.0,0.0,-0.031468276761350826,-0.014145133477680361,0.4787468633563986,0.0,0.0,-0.04934588230743182,-0.014145133477680361,0.4787468633563986
0.0,0.0,-0.08238260604214051,0.02708360110905046,-0.09931860417096834,-0.2857142857142857,-1.0,0.0805826417681867,0.07128475002860085,0.07669533342732261,0.14285714285714285,0.0,0.017938090939765994,0.06886514799880715,0.16216764251134264,0.14285714285714285,0.0,-0.06513213250446,0.06886514799880715,0.16216764251134264
-0.14285714285714285,0.0,0.5447521660482562,0.25025247424762664,-1.0,0.0,-1.0,0.0680933007928379,0.02909278114632197,0.07669533342732261,0.14285714285714285,-0.24999718750351554,-0.7920867084338741,-0.1019785035460073,0.07122398803639773,0.14285714285714285,-0.24999718750351554,0.5447521660482562,-0.1019785035460073,0.07122398803639773
-0.14285714285714285,0.0,0.3991797111697394,0.18729916821211498,-1.0,-0.2857142857142857,-1.0,0.12990042957344908,0.08217595240819123,0.07669533342732261,0.14285714285714285,-0.24999718750351554,-0.7708793492808809,-0.1019785035460073,0.1634603198742807,0.14285714285714285,-0.24999718750351554,0.3991797111697394,-0.1019785035460073,0.1634603198742807
-0.14285714285714285,0.0,0.3991797111697394,0.25025247424762664,-1.0,0.0,-1.0,0.01718327547496078,0.013476718910879745,0.07669533342732261,0.14285714285714285,-0.24999718750351554,-0.7920867084338741,-0.15612804522293816,0.07122398803639773,0.14285714285714285,-0.24999718750351554,0.3991797111697394,-0.11719327360655532,0.07122398803639773
-0.14285714285714285,0.0,0.5126257373346572,0.19132039441067902,-1.0,-0.42857142857142855,-1.0,0.12990042957344908,0.08217595240819123,0.0,0.14285714285714285,-0.24999718750351554,-0.7594118644485565,-0.059445863423615054,0.07122398803639773,0.14285714285714285,-0.24999718750351554,0.5126257373346572,-0.059445863423615054,0.07122398803639773
-0.14285714285714285,0.0,0.4709529865998782,0.25025247424762664,-1.0,0.0,-1.0,0.0680933007928379,0.02909278114632197,0.07669533342732261,0.14285714285714285,-0.24999718750351554,-0.7805745509755838,-0.12940657858911697,0.1634603198742807,0.14285714285714285,-0.24999718750351554,0.4709529865998782,-0.11719327360655532,0.1634603198742807
-0.14285714285714285,-1.0,0.5443787126239765,0.206670828666385,-1.0,-0.42857142857142855,-1.0,0.12990042957344908,0.08217595240819123,0.07669533342732261,0.14285714285714285,-0.24999718750351554,-0.7708793492808809,-0.1019785035460073,0.07122398803639773,0.14285714285714285,-0.24999718750351554,0.5443787126239765,-0.1019785035460073,0.07122398803639773
-0.14285714285714285,0.0,0.4709529865998782,0.25025247424762664,-1.0,0.0,-1.0,0.01718327547496078,0.013476718910879745,0.07669533342732261,0.0,0.0,-0.7920867084338741,-0.18409417988046003,0.14513471725851,0.0,0.0,0.4709529865998782,-0.11719327360655532,0.14513471725851
-0.14285714285714285,0.0,0.5329248953129453,0.25025247424762664,-1.0,0.0,-1.0,0.0680933007928379,0.02909278114632197,0.0,0.14285714285714285,-0.24999718750351554,-0.7805745509755838,-0.059445863423615054,0.16216764251134264,0.14285714285714285,-0.24999718750351554,0.5329248953129453,-0.059445863423615054,0.16216764251134264
-0.14285714285714285,0.0,0.3991797111697394,0.18729916821211498,-1.0,-0.42857142857142855,-1.0,0.12990042957344908,0.08217595240819123,0.07669533342732261,0.14285714285714285,-0.24999718750351554,-0.7708793492808809,-0.10794902047219593,0.16216764251134264,0.14285714285714285,-0.24999718750351554,0.3991797111697394,-0.10794902047219593,0.16216764251134264
0.0,0.0,0.023854483982288077,0.04033161344815551,-0.09931860417096834,-0.2857142857142857,-1.0,0.0805826417681867,0.07128475002860085,0.07669533342732261,0.14285714285714285,0.0,0.023718663499187175,0.025729621802434884,0.3713279091577319,0.14285714285714285,0.0,0.023854483982288077,0.025729621802434884,0.3713279091577319
0.0,0.0,0.009992369051766785,0.04033161344815551,-0.09931860417096834,0.0,-1.0,0.0680933007928379,0.02909278114632197,0.07669533342732261,0.0,0.0,0.04661625145837739,0.04294752946362582,0.4787468633563986,0.0,0.0,0.009992369051766785,0.04294752946362582,0.4787468633563986
0.0,0.0,-0.0371252122503655,0.04033161344815551,-0.09931860417096834,0.0,-1.0,0.01718327547496078,0.013476718910879745,0.07669533342732261,0.2857142857142857,-0.24999718750351554,0.09760872629558795,0.0794188956164347,0.07122398803639773,0.2857142857142857,-0.24999718750351554,0.00803687221207467,0.0794188956164347,0.07122398803639773
0.0,0.0,-0.11800422348466229,0.011044600723453441,-0.09931860417096834,0.0,-1.0,0.01718327547496078,0.013476718910879745,0.07669533342732261,0.14285714285714285,-0.24999718750351554,0.029680261488349045,0.06886514799880715,0.07122398803639773,0.14285714285714285,-0.24999718750351554,-0.05434819776596486,0.06886514799880715,0.07122398803639773
0.0,0.0,-0.025969258930808467,0.04033161344815551,-0.09931860417096834,-0.42857142857142855,-1.0,0.12990042957344908,0.08217595240819123,0.07669533342732261,0.14285714285714285,0.0,0.07617833593850222,0.07986619818745218,0.16216764251134264,0.14285714285714285,0.0,-0.011644661970647263,0.07986619818745218,0.16216764251134264
0.0,0.0,-0.14077565837360576,0.02708360110905046,-0.09931860417096834,0.0,-1.0,0.01718327547496078,0.013476718910879745,0.07669533342732261,0.0,0.0,0.15205079086428902,0.09598853868194833,0.1634603198742807,0.0,0.0,0.05803611799961414,0.09598853868194833,0.1634603198742807
-0.14285714285714285,0.0,0.5126257373346572,0.19132039441067902,-1.0,-0.42857142857142855,-1.0,0.12990042957344908,0.08217595240819123,0.07669533342732261,0.14285714285714285,-0.24999718750351554,-0.7594118644485565,-0.059445863423615054,0.1634603198742807,0.14285714285714285,-0.24999718750351554,0.5126257373346572,-0.059445863423615054,0.1634603198742807
0.0,0.0,-0.10318503133713348,0.014138557867097553,-0.09931860417096834,-0.42857142857142855,-1.0,0.12990042957344908,0.08217595240819123,0.0,0.14285714285714285,0.24999718750351568,0.017938090939765994,0.06886514799880715,0.16216764251134264,0.14285714285714285,0.24999718750351568,-0.06513213250446,0.06886514799880715,0.16216764251134264
-0.14285714285714285,0.0,0.4709529865998782,0.18326876113181903,-1.0,-0.42857142857142855,-1.0,0.12990042957344908,0.08217595240819123,0.0,0.14285714285714285,-0.24999718750351554,-0.7594118644485565,-0.059445863423615054,0.16216764251134264,0.14285714285714285,-0.24999718750351554,0.4709529865998782,-0.059445863423615054,0.16216764251134264
0.0,0.0,-0.03133529926125554,0.02708360110905046,-0.09931860417096834,-0.2857142857142857,-1.0,0.0805826417681867,0.07128475002860085,0.07669533342732261,0.0,0.0,-0.031468276761350826,-0.014145133477680361,0.4787468633563986,0.0,0.0,-0.03133529926125554,-0.014145133477680361,0.4787468633563986
-0.14285714285714285,0.0,0.5126257373346572,0.19132039441067902,-1.0,-0.42857142857142855,-1.0,0.12990042957344908,0.08217595240819123,0.0,0.14285714285714285,-0.24999718750351554,-0.7708793492808809,-0.10794902047219593,0.16216764251134264,0.14285714285714285,-0.24999718750351554,0.5126257373346572,-0.10794902047219593,0.16216764251134264
0.0,0.0,-0.0871256879035201,0.04033161344815551,-0.09931860417096834,0.0,-1.0,0.01718327547496078,0.013476718910879745,0.07669533342732261,0.14285714285714285,0.0,0.21025169121743,0.10330096332118921,0.1634603198742807,0.14285714285714285,0.0,0.11148745466118812,0.10330096332118921,0.1634603198742807
-0.14285714285714285,-1.0,0.5234049838674741,0.19132039441067902,-1.0,-0.42857142857142855,-1.0,0.12990042957344908,0.08217595240819123,0.0,0.14285714285714285,-0.24999718750351554,-0.7708793492808809,-0.1019785035460073,0.07122398803639773,0.14285714285714285,-0.24999718750351554,0.5234049838674741,-0.1019785035460073,0.07122398803639773
0.0,0.0,0.009992369051766785,0.04033161344815551,-0.09931860417096834,0.0,-1.0,0.01718327547496078,0.013476718910879745,0.0,0.14285714285714285,0.0,0.04661625145837739,0.04294752946362582,0.4787468633563986,0.14285714285714285,0.0,0.009992369051766785,0.04294752946362582,0.4787468633563986
-0.14285714285714285,0.0,0.5126257373346572,0.19132039441067902,-1.0,-0.42857142857142855,-1.0,0.12990042957344908,0.08217595240819123,0.0,0.14285714285714285,-0.24999718750351554,-0.7708793492808809,-0.1019785035460073,0.1634603198742807,0.14285714285714285,-0.24999718750351554,0.5126257373346572,-0.1019785035460073,0.1634603198742807
-0.14285714285714285,-1.0,0.5447521660482562,0.25025247424762664,-1.0,0.0,-1.0,0.0680933007928379,0.02909278114632197,0.07669533342732261,0.14285714285714285,-0.24999718750351554,-0.7920867084338741,-0.1019785035460073,0.07122398803639773,0.14285714285714285,-0.24999718750351554,0.5447521660482562,-0.1019785035460073,0.07122398803639773
-0.14285714285714285,0.0,0.4709529865998782,0.25025247424762664,-1.0,0.0,-1.0,0.0680933007928379,0.02909278114632197,0.07669533342732261,0.14285714285714285,0.0,-0.7805745509755838,-0.1474737128706454,0.16216764251134264,0.14285714285714285,0.0,0.4709529865998782,-0.11719327360655532,0.16216764251134264
0.0,0.0,-0.15257724383857044,0.02708360110905046,-0.09931860417096834,0.0,-1.0,0.0680933007928379,0.02909278114632197,0.07669533342732261,0.14285714285714285,0.0,0.14130543336507564,0.09598853868194833,0.16216764251134264,0.14285714285714285,0.0,0.04816765002481543,0.09598853868194833,0.16216764251134264
0.0,0.0,-0.04677168422580144,0.02708360110905046,-0.09931860417096834,-0.2857142857142857,-1.0,0.0805826417681867,0.07128475002860085,0.07669533342732261,0.14285714285714285,0.0,0.08645413869932426,0.07979488908192758,0.1634603198742807,0.14285714285714285,0.0,-0.0022074300806944136,0.07979488908192758,0.1634603198742807
-0.14285714285714285,0.0,0.5447521660482562,0.2306512917500596,-1.0,-0.42857142857142855,-1.0,0.12990042957344908,0.08217595240819123,0.0,0.14285714285714285,-0.24999718750351554,-0.7594118644485565,-0.059445863423615054,0.07122398803639773,0.14285714285714285,-0.24999718750351554,0.5447521660482562,-0.059445863423615054,0.07122398803639773
-0.14285714285714285,0.0,0.4920774895226223,0.25025247424762664,-1.0,0.0,-1.0,0.0680933007928379,0.02909278114632197,0.07669533342732261,0.14285714285714285,-0.24999718750351554,-0.7805745509755838,-0.12940657858911697,0.1634603198742807,0.14285714285714285,-0.24999718750351554,0.4920774895226223,-0.11719327360655532,0.1634603198742807
0.0,0.0,-0.08238260604214051,0.02708360110905046,-0.09931860417096834,-0.42857142857142855,-1.0,0.12990042957344908,0.08217595240819123,0.07669533342732261,0.14285714285714285,0.0,0.017938090939765994,0.06886514799880715,0.1634603198742807,0.14285714285714285,0.0,-0.06513213250446,0.06886514799880715,0.1634603198742807
0.0,0.0,-0.06371791318714994,0.02708360110905046,-0.09931860417096834,0.0,-1.0,0.01718327547496078,0.013476718910879745,0.0,0.2857142857142857,0.0,0.08640733144749538,0.07327982989536996,0.16216764251134264,0.2857142857142857,0.0,-0.0022504175630276443,0.07327982989536996,0.16216764251134264
0.0,0.0,-0.025969258930808467,0.04033161344815551,-0.09931860417096834,-0.42857142857142855,-1.0,0.12990042957344908,0.08217595240819123,0.07669533342732261,0.2857142857142857,0.0,0.07617833593850222,0.07986619818745218,0.16216764251134264,0.2857142857142857,0.0,-0.011644661970647263,0.07986619818745218,0.16216764251134264
-0.14285714285714285,0.0,0.3991797111697394,0.2425313527111142,-1.0,0.0,-1.0,0.0680933007928379,0.02909278114632197,0.07669533342732261,0.14285714285714285,0.0,-0.7920867084338741,-0.1474737128706454,0.16216764251134264,0.14285714285714285,0.0,0.3991797111697394,-0.12264517885620206,0.16216764251134264
-0.14285714285714285,0.0,0.4920774895226223,0.19076036062503446,-1.0,-0.42857142857142855,-1.0,0.12990042957344908,0.08217595240819123,0.07669533342732261,0.0,-0.24999718750351554,-0.7894797408010229,-0.303044250541301,0.07122398803639773,0.0,-0.24999718750351554,0.4920774895226223,-0.1592008194064489,0.07122398803639773
-0.14285714285714285,0.0,0.5234049838674741,0.25025247424762664,-1.0,0.0,-1.0,0.0680933007928379,0.02909278114632197,0.0,0.0,-0.24999718750351554,-0.8417479321498695,-0.35686317727443634,0.07122398803639773,0.0,-0.24999718750351554,0.5234049838674741,-0.11719327360655532,0.07122398803639773
-0.14285714285714285,0.0,0.3991797111697394,0.18326876113181903,-1.0,-0.2857142857142857,-1.0,0.0805826417681867,0.07128475002860085,0.0,0.14285714285714285,-0.24999718750351554,-0.7708793492808809,-0.10794902047219593,0.16216764251134264,0.14285714285714285,-0.24999718750351554,0.3991797111697394,-0.10794902047219593,0.16216764251134264
-0.14285714285714285,0.0,0.4709529865998782,0.23671067369310136,-1.0,0.0,-1.0,0.01718327547496078,0.013476718910879745,0.0,0.14285714285714285,-0.24999718750351554,-0.7805745509755838,-0.1836728078932697,0.16216764251134264,0.14285714285714285,-0.24999718750351554,0.4709529865998782,-0.12675517639279657,0.16216764251134264
-0.14285714285714285,0.0,0.4709529865998782,0.2425313527111142,-1.0,0.0,-1.0,0.0680933007928379,0.02909278114632197,0.07669533342732261,0.14285714285714285,-0.24999718750351554,-0.7805745509755838,-0.12940657858911697,0.1634603198742807,0.14285714285714285,-0.24999718750351554,0.4709529865998782,-0.12264517885620206,0.1634603198742807
-0.14285714285714285,0.0,0.41132052405519925,0.2306512917500596,-1.0,0.0,-1.0,0.0680933007928379,0.02909278114632197,0.0,0.14285714285714285,-0.24999718750351554,-0.2840822191268303,-0.006184444242762193,0.1634603198742807,0.14285714285714285,-0.24999718750351554,0.41132052405519925,-0.006184444242762193,0.1634603198742807
-0.14285714285714285,0.0,0.3991797111697394,0.23671067369310136,-1.0,0.0,-1.0,0.01718327547496078,0.013476718910879745,0.0,0.14285714285714285,-0.24999718750351554,-0.7920867084338741,-0.15163557157489396,0.1634603198742807,0.14285714285714285,-0.24999718750351554,0.3991797111697394,-0.12675517639279657,0.1634603198742807
-0.14285714285714285,0.0,0.5447521660482562,0.25025247424762664,-1.0,0.0,-1.0,0.01718327547496078,0.013476718910879745,0.07669533342732261,0.0,-0.24999718750351554,-0.8313127878665302,-0.35686317727443634,0.07122398803639773,0.0,-0.24999718750351554,0.5447521660482562,-0.11719327360655532,0.07122398803639773
0.0,0.0,0.009992369051766785,0.04033161344815551,-0.09931860417096834,0.0,-1.0,0.01718327547496078,0.013476718910879745,0.0,0.14285714285714285,0.0,0.04661625145837739,0.04294752946362582,0.3249689503966745,0.14285714285714285,0.0,0.009992369051766785,0.04294752946362582,0.3249689503966745
-0.14285714285714285,0.0,0.5447521660482562,0.2506747948072934,-1.0,0.0,-1.0,0.0680933007928379,0.02909278114632197,0.07669533342732261,0.14285714285714285,-0.24999718750351554,-0.7920867084338741,-0.10794902047219593,0.16216764251134264,0.14285714285714285,-0.24999718750351554,0.5447521660482562,-0.10794902047219593,0.16216764251134264
-0.14285714285714285,0.0,0.3991797111697394,0.23671067369310136,-1.0,0.0,-1.0,0.0680933007928379,0.02909278114632197,0.0,0.14285714285714285,-0.24999718750351554,-0.7920867084338741,-0.12940657858911697,0.1634603198742807,0.14285714285714285,-0.24999718750351554,0.3991797111697394,-0.12675517639279657,0.1634603198742807
-0.14285714285714285,-1.0,0.5443787126239765,0.2730302418244248,-1.0,0.0,-1.0,0.0680933007928379,0.02909278114632197,0.07669533342732261,0.14285714285714285,-0.24999718750351554,-0.7920867084338741,-0.1019785035460073,0.07122398803639773,0.14285714285714285,-0.24999718750351554,0.5443787126239765,-0.10110982898779966,0.07122398803639773
0.0,0.0,-0.08238260604214051,0.02708360110905046,-0.09931860417096834,-0.2857142857142857,-1.0,0.0805826417681867,0.07128475002860085,0.0,0.14285714285714285,0.0,0.02843429811306928,0.06886514799880715,0.07122398803639773,0.14285714285714285,0.0,-0.05549248260410269,0.06886514799880715,0.07122398803639773
-0.14285714285714285,0.0,0.3991797111697394,0.23671067369310136,-1.0,0.0,-1.0,0.01718327547496078,0.013476718910879745,0.0,0.0,0.0,-0.8313127878665302,-0.35686317727443634,0.1772995716422072,0.0,0.0,0.3991797111697394,-0.12675517639279657,0.1772995716422072
0.0,0.0,-0.11800422348466229,0.011044600723453441,-0.09931860417096834,0.0,-1.0,0.0680933007928379,0.02909278114632197,0.07669533342732261,0.0,0.0,0.029680261488349045,0.0705117400718277,0.14513471725851,0.0,0.0,-0.05434819776596486,0.0705117400718277,0.14513471725851
-0.14285714285714285,-1.0,0.3991797111697394,0.25025247424762664,-1.0,0.0,-1.0,0.01718327547496078,0.013476718910879745,0.07669533342732261,0.14285714285714285,-0.24999718750351554,-0.7920867084338741,-0.1836728078932697,0.16216764251134264,0.14285714285714285,-0.24999718750351554,0.3991797111697394,-0.11719327360655532,0.16216764251134264
-0.14285714285714285,0.0,0.4920774895226223,0.19076036062503446,-1.0,-0.42857142857142855,-1.0,0.12990042957344908,0.08217595240819123,0.07669533342732261,0.14285714285714285,-0.24999718750351554,-0.7594118644485565,-0.059445863423615054,0.07122398803639773,0.14285714285714285,-0.24999718750351554,0.4920774895226223,-0.059445863423615054,0.07122398803639773
-0.14285714285714285,0.0,0.4920774895226223,0.19076036062503446,-1.0,-0.42857142857142855,-1.0,0.12990042957344908,0.08217595240819123,0.07669533342732261,0.14285714285714285,-0.24999718750351554,-0.7594118644485565,-0.059445863423615054,0.1634603198742807,0.14285714285714285,-0.24999718750351554,0.4920774895226223,-0.059445863423615054,0.1634603198742807
-0.14285714285714285,-1.0,0.3991797111697394,0.23671067369310136,-1.0,0.0,-1.0,0.0680933007928379,0.02909278114632197,0.0,0.0,-0.24999718750351554,-0.8313127878665302,-0.35686317727443634,0.07122398803639773,0.0,-0.24999718750351554,0.3991797111697394,-0.12675517639279657,0.07122398803639773
-0.14285714285714285,0.0,0.5126257373346572,0.2506747948072934,-1.0,0.0,-1.0,0.01718327547496078,0.013476718910879745,0.07669533342732261,0.14285714285714285,-0.24999718750351554,-0.7805745509755838,-0.1474737128706454,0.16216764251134264,0.14285714285714285,-0.24999718750351554,0.5126257373346572,-0.11689507189254361,0.16216764251134264
0.0,0.0,-0.054898541605381455,0.02708360110905046,-0.09931860417096834,0.0,-1.0,0.01718327547496078,0.013476718910879745,0.0,0.2857142857142857,0.0,0.09760872629558795,0.0794188956164347,0.1634603198742807,0.2857142857142857,0.0,0.00803687221207467,0.0794188956164347,0.1634603198742807
-0.14285714285714285,0.0,0.4920774895226223,0.19076036062503446,-1.0,-0.2857142857142857,-1.0,0.0805826417681867,0.07128475002860085,0.07669533342732261,0.14285714285714285,-0.24999718750351554,-0.7708793492808809,-0.10794902047219593,0.16216764251134264,0.14285714285714285,-0.24999718750351554,0.4920774895226223,-0.10794902047219593,0.16216764251134264
0.0,0.0,-0.09141152254787785,0.02708360110905046,-0.09931860417096834,0.0,-1.0,0.0680933007928379,0.02909278114632197,0.07669533342732261,0.14285714285714285,0.0,0.019245117205009522,0.0705117400718277,0.1634603198742807,0.14285714285714285,0.0,-0.06393176789660766,0.0705117400718277,0.1634603198742807
0.0,0.0,-0.04677168422580144,0.02708360110905046,-0.09931860417096834,-0.42857142857142855,-1.0,0.12990042957344908,0.08217595240819123,0.0,0.2857142857142857,0.0,0.08645413869932426,0.07986619818745218,0.1634603198742807,0.2857142857142857,0.0,-0.0022074300806944136,0.07986619818745218,0.1634603198742807
0.0,0.0,-0.11800422348466229,0.011044600723453441,-0.09931860417096834,0.0,-1.0,0.0680933007928379,0.02909278114632197,0.07669533342732261,0.0,0.0,0.029680261488349045,0.0705117400718277,0.1634603198742807,0.0,0.0,-0.05434819776596486,0.0705117400718277,0.1634603198742807
0.0,0.0,0.009992369051766785,0.04033161344815551,-0.09931860417096834,0.0,-1.0,0.01718327547496078,0.013476718910879745,0.07669533342732261,0.0,0.0,0.04661625145837739,0.04294752946362582,0.3249689503966745,0.0,0.0,0.009992369051766785,0.04294752946362582,0.3249689503966745
-0.14285714285714285,0.0,0.46477186071677307,0.27170819485503384,-1.0,0.0,-1.0,0.01718327547496078,0.013476718910879745,0.07669533342732261,0.14285714285714285,-0.24999718750351554,-0.21893370104448046,-0.006184444242762193,0.1634603198742807,0.14285714285714285,-0.24999718750351554,0.46477186071677307,-0.006184444242762193,0.1634603198742807
-0.14285714285714285,-1.0,0.3991797111697394,0.23671067369310136,-1.0,0.0,-1.0,0.01718327547496078,0.013476718910879745,0.0,0.14285714285714285,-0.24999718750351554,-0.7920867084338741,-0.15612804522293816,0.07122398803639773,0.14285714285714285,-0.24999718750351554,0.3991797111697394,-0.12675517639279657,0.07122398803639773
-0.14285714285714285,-1.0,0.5447521660482562,0.2306512917500596,-1.0,-0.42857142857142855,-1.0,0.12990042957344908,0.08217595240819123,0.07669533342732261,0.0,-0.24999718750351554,-0.8001136914324835,-0.35686317727443634,0.07122398803639773,0.0,-0.24999718750351554,0.5447521660482562,-0.1310337227242672,0.07122398803639773
0.0,0.0,0.005843906191947601,0.02708360110905046,-0.09931860417096834,-0.42857142857142855,-1.0,0.12990042957344908,0.08217595240819123,0.0,0.14285714285714285,0.0,0.023718663499187175,0.025729621802434884,0.4787468633563986,0.14285714285714285,0.0,0.005843906191947601,0.025729621802434884,0.4787468633563986
-0.14285714285714285,0.0,0.5443787126239765,0.25025247424762664,-1.0,0.0,-1.0,0.01718327547496078,0.013476718910879745,0.07669533342732261,0.14285714285714285,-0.24999718750351554,-0.7805745509755838,-0.12940657858911697,0.1634603198742807,0.14285714285714285,-0.24999718750351554,0.5443787126239765,-0.11719327360655532,0.1634603198742807
-0.14285714285714285,0.0,0.6000779545589883,0.206670828666385,-1.0,-0.2857142857142857,-1.0,0.0805826417681867,0.07128475002860085,0.0,0.0,-0.24999718750351554,-0.7894797408010229,-0.28664315627066345,0.1634603198742807,0.0,-0.24999718750351554,0.6000779545589883,-0.14796639396336014,0.1634603198742807
-0.14285714285714285,0.0,0.5447521660482562,0.25025247424762664,-1.0,0.0,-1.0,0.0680933007928379,0.02909278114632197,0.07669533342732261,0.14285714285714285,-0.24999718750351554,-0.7920867084338741,-0.1019785035460073,0.07122398803639773,0.14285714285714285,-0.24999718750351554,0.5447521660482562,-0.1019785035460073,0.07122398803639773
0.0,0.0,-0.03133529926125554,0.02708360110905046,-0.09931860417096834,-0.42857142857142855,-1.0,0.12990042957344908,0.08217595240819123,0.0,0.14285714285714285,0.0,-0.031468276761350826,0.0,0.3713279091577319,0.14285714285714285,0.0,-0.03133529926125554,0.0,0.3713279091577319
0.0,0.0,-0.15257724383857044,0.02708360110905046,-0.09931860417096834,0.0,-1.0,0.0680933007928379,0.02909278114632197,0.07669533342732261,0.14285714285714285,0.0,0.14130543336507564,0.09598853868194833,0.16216764251134264,0.14285714285714285,0.0,0.04816765002481543,0.09598853868194833,0.16216764251134264
-0.14285714285714285,-1.0,0.4548338370088534,0.19975762472227818,-1.0,-0.2857142857142857,-1.0,0.0805826417681867,0.07128475002860085,0.07669533342732261,0.14285714285714285,-0.24999718750351554,-0.21893370104448046,0.0,0.1634603198742807,0.14285714285714285,-0.24999718750351554,0.4548338370088534,0.0,0.1634603198742807
0.0,0.0,-0.045944583832134116,0.04033161344815551,-0.09931860417096834,0.0,-1.0,0.01718327547496078,0.013476718910879745,0.07669533342732261,0.2857142857142857,0.0,0.08640733144749538,0.07327982989536996,0.1634603198742807,0.2857142857142857,0.0,-0.0022504175630276443,0.07327982989536996,0.1634603198742807
0.0,0.0,-0.09141152254787785,0.02708360110905046,-0.09931860417096834,0.0,-1.0,0.01718327547496078,0.013476718910879745,0.07669533342732261,0.14285714285714285,0.0,0.019245117205009522,0.06886514799880715,0.1634603198742807,0.14285714285714285,0.0,-0.06393176789660766,0.06886514799880715,0.1634603198742807
0.0,0.0,-0.10918485190289381,0.014138557867097553,-0.09931860417096834,0.0,-1.0,0.01718327547496078,0.013476718910879745,0.0,0.14285714285714285,-0.24999718750351554,0.019245117205009522,0.06886514799880715,0.07122398803639773,0.14285714285714285,-0.24999718750351554,-0.06393176789660766,0.06886514799880715,0.07122398803639773
0.0,0.0,-0.06371791318714994,0.02708360110905046,-0.09931860417096834,0.0,-1.0,0.01718327547496078,0.013476718910879745,0.07669533342732261,0.14285714285714285,0.0,0.08640733144749538,0.07327982989536996,0.1634603198742807,0.14285714285714285,0.0,-0.0022504175630276443,0.07327982989536996,0.1634603198742807
-0.14285714285714285,0.0,0.5443787126239765,0.206670828666385,-1.0,-0.42857142857142855,-1.0,0.12990042957344908,0.08217595240819123,0.07669533342732261,0.14285714285714285,-0.24999718750351554,-0.7708793492808809,-0.1019785035460073,0.1634603198742807,0.14285714285714285,-0.24999718750351554,0.5443787126239765,-0.1019785035460073,0.1634603198742807
-0.14285714285714285,0.0,0.434777293674407,0.18729916821211498,-1.0,-0.42857142857142855,-1.0,0.12990042957344908,0.08217595240819123,0.0,0.14285714285714285,-0.5000056249929687,-0.21533628417984524,0.007824553669825785,0.07122398803639773,0.14285714285714285,-0.5000056249929687,0.434777293674407,0.007824553669825785,0.07122398803639773
-0.14285714285714285,0.0,0.5447521660482562,0.25025247424762664,-1.0,0.0,-1.0,0.0680933007928379,0.02909278114632197,0.0,0.0,0.0,-0.8313127878665302,-0.35686317727443634,0.16216764251134264,0.0,0.0,0.5447521660482562,-0.11719327360655532,0.16216764251134264
-0.14285714285714285,0.0,0.5443787126239765,0.25025247424762664,-1.0,0.0,-1.0,0.01718327547496078,0.013476718910879745,0.07669533342732261,0.14285714285714285,-0.24999718750351554,-0.7920867084338741,-0.1474737128706454,0.16216764251134264,0.14285714285714285,-0.24999718750351554,0.5443787126239765,-0.11719327360655532,0.16216764251134264
-0.14285714285714285,0.0,0.5234049838674741,0.19132039441067902,-1.0,-0.2857142857142857,-1.0,0.0805826417681867,0.07128475002860085,0.0,0.0,0.0,-0.8001136914324835,-0.35686317727443634,0.16216764251134264,0.0,0.0,0.5234049838674741,-0.15880537800308586,0.16216764251134264
-0.14285714285714285,0.0,0.4709529865998782,0.18326876113181903,-1.0,-0.42857142857142855,-1.0,0.12990042957344908,0.08217595240819123,0.07669533342732261,0.14285714285714285,-0.24999718750351554,-0.7594118644485565,-0.059445863423615054,0.07122398803639773,0.14285714285714285,-0.24999718750351554,0.4709529865998782,-0.059445863423615054,0.07122398803639773
-0.14285714285714285,0.0,0.5234049838674741,0.19132039441067902,-1.0,-0.2857142857142857,-1.0,0.0805826417681867,0.07128475002860085,0.07669533342732261,0.14285714285714285,-0.24999718750351554,-0.7594118644485565,-0.059445863423615054,0.1634603198742807,0.14285714285714285,-0.24999718750351554,0.5234049838674741,-0.059445863423615054,0.1634603198742807
-0.14285714285714285,0.0,0.5234049838674741,0.206670828666385,-1.0,-0.42857142857142855,-1.0,0.12990042957344908,0.08217595240819123,0.07669533342732261,0.0,0.0,-0.7894797408010229,-0.303044250541301,0.16216764251134264,0.0,0.0,0.5234049838674741,-0.14796639396336014,0.16216764251134264
0.0,0.0,-0.08238260604214051,0.02708360110905046,-0.09931860417096834,-0.42857142857142855,-1.0,0.12990042957344908,0.08217595240819123,0.0,0.14285714285714285,0.24999718750351568,0.02843429811306928,0.06886514799880715,0.16216764251134264,0.14285714285714285,0.24999718750351568,-0.05549248260410269,0.06886514799880715,0.16216764251134264
-0.14285714285714285,0.0,0.4920774895226223,0.19076036062503446,-1.0,-0.2857142857142857,-1.0,0.0805826417681867,0.07128475002860085,0.07669533342732261,0.14285714285714285,-0.24999718750351554,-0.7594118644485565,-0.059445863423615054,0.07122398803639773,0.14285714285714285,-0.24999718750351554,0.4920774895226223,-0.059445863423615054,0.07122398803639773
-0.14285714285714285,0.0,0.3991797111697394,0.23671067369310136,-1.0,0.0,-1.0,0.0680933007928379,0.02909278114632197,0.0,0.14285714285714285,-0.24999718750351554,-0.7920867084338741,-0.12940657858911697,0.1634603198742807,0.14285714285714285,-0.24999718750351554,0.3991797111697394,-0.12675517639279657,0.1634603198742807
-0.14285714285714285,0.0,0.5126257373346572,0.25025247424762664,-1.0,0.0,-1.0,0.01718327547496078,0.013476718910879745,0.0,0.14285714285714285,-0.24999718750351554,-0.7920867084338741,-0.1192742029586796,0.07122398803639773,0.14285714285714285,-0.24999718750351554,0.5126257373346572,-0.11719327360655532,0.07122398803639773
-0.14285714285714285,0.0,0.3991797111697394,0.25025247424762664,-1.0,0.0,-1.0,0.0680933007928379,0.02909278114632197,0.07669533342732261,0.14285714285714285,-0.24999718750351554,-0.7920867084338741,-0.12940657858911697,0.1634603198742807,0.14285714285714285,-0.24999718750351554,0.3991797111697394,-0.11719327360655532,0.1634603198742807
0.0,0.0,-0.04677168422580144,0.02708360110905046,-0.09931860417096834,-0.42857142857142855,-1.0,0.12990042957344908,0.08217595240819123,0.0,0.2857142857142857,-0.24999718750351554,0.08645413869932426,0.07986619818745218,0.07122398803639773,0.2857142857142857,-0.24999718750351554,-0.0022074300806944136,0.07986619818745218,0.07122398803639773
-0.14285714285714285,0.0,0.4709529865998782,0.25025247424762664,-1.0,0.0,-1.0,0.0680933007928379,0.02909278114632197,0.07669533342732261,0.14285714285714285,-0.24999718750351554,-0.7805745509755838,-0.12940657858911697,0.1634603198742807,0.14285714285714285,-0.24999718750351554,0.4709529865998782,-0.11719327360655532,0.1634603198742807
-0.14285714285714285,0.0,0.5126257373346572,0.2506747948072934,-1.0,0.0,-1.0,0.0680933007928379,0.02909278114632197,0.07669533342732261,0.0,-0.24999718750351554,-0.8313127878665302,-0.35686317727443634,0.1634603198742807,0.0,-0.24999718750351554,0.5126257373346572,-0.11689507189254361,0.1634603198742807
-0.14285714285714285,0.0,0.46477186071677307,0.206670828666385,-1.0,-0.2857142857142857,-1.0,0.0805826417681867,0.07128475002860085,0.07669533342732261,0.14285714285714285,-0.5000056249929687,-0.21893370104448046,0.0,0.07122398803639773,0.14285714285714285,-0.5000056249929687,0.46477186071677307,0.0,0.07122398803639773
-0.14285714285714285,0.0,0.4920774895226223,0.18729916821211498,-1.0,-0.2857142857142857,-1.0,0.0805826417681867,0.07128475002860085,0.07669533342732261,0.14285714285714285,-0.24999718750351554,-0.7594118644485565,-0.059445863423615054,0.16216764251134264,0.14285714285714285,-0.24999718750351554,0.4920774895226223,-0.059445863423615054,0.16216764251134264
0.0,0.0,-0.08238260604214051,0.02708360110905046,-0.09931860417096834,-0.2857142857142857,-1.0,0.0805826417681867,0.07128475002860085,0.0,0.14285714285714285,0.0,0.02843429811306928,0.06886514799880715,0.1634603198742807,0.14285714285714285,0.0,-0.05549248260410269,0.06886514799880715,0.1634603198742807
-0.14285714285714285,0.0,0.4709529865998782,0.2425313527111142,-1.0,0.0,-1.0,0.0680933007928379,0.02909278114632197,0.07669533342732261,0.14285714285714285,-0.24999718750351554,-0.7920867084338741,-0.12940657858911697,0.1634603198742807,0.14285714285714285,-0.24999718750351554,0.4709529865998782,-0.12264517885620206,0.1634603198742807
-0.14285714285714285,0.0,0.4709529865998782,0.25025247424762664,-1.0,0.0,-1.0,0.0680933007928379,0.02909278114632197,0.07669533342732261,0.14285714285714285,-0.24999718750351554,-0.7920867084338741,-0.12940657858911697,0.1634603198742807,0.14285714285714285,-0.24999718750351554,0.4709529865998782,-0.11719327360655532,0.1634603198742807
-0.14285714285714285,0.0,0.5447521660482562,0.206670828666385,-1.0,-0.2857142857142857,-1.0,0.0805826417681867,0.07128475002860085,0.0,0.14285714285714285,-0.24999718750351554,-0.7708793492808809,-0.1019785035460073,0.07122398803639773,0.14285714285714285,-0.24999718750351554,0.5447521660482562,-0.1019785035460073,0.07122398803639773
0.0,0.0,-0.0676706697390882,0.011044600723453441,-0.09931860417096834,0.0,-1.0,0.01718327547496078,0.013476718910879745,0.07669533342732261,0.14285714285714285,0.24999718750351568,-0.016125433042191915,0.011130703107780446,0.3249689503966745,0.14285714285714285,0.24999718750351568,-0.0676706697390882,0.011130703107780446,0.3249689503966745
0.0,0.0,-0.10294660033871768,0.04033161344815551,-0.09931860417096834,0.0,-1.0,0.0680933007928379,0.02909278114632197,0.07669533342732261,0.14285714285714285,0.0,0.19950633371821663,0.10330096332118921,0.1634603198742807,0.14285714285714285,0.0,0.1016189866863894,0.10330096332118921,0.1634603198742807
-0.14285714285714285,0.0,0.4920774895226223,0.23671067369310136,-1.0,0.0,-1.0,0.01718327547496078,0.013476718910879745,0.0,0.14285714285714285,-0.24999718750351554,-0.7920867084338741,-0.15163557157489396,0.1634603198742807,0.14285714285714285,-0.24999718750351554,0.4920774895226223,-0.12675517639279657,0.1634603198742807
-0.14285714285714285,0.0,0.5234049838674741,0.25025247424762664,-1.0,0.0,-1.0,0.0680933007928379,0.02909278114632197,0.0,0.14285714285714285,-0.24999718750351554,-0.7920867084338741,-0.10794902047219593,0.16216764251134264,0.14285714285714285,-0.24999718750351554,0.5234049838674741,-0.10794902047219593,0.16216764251134264
-0.14285714285714285,0.0,0.4920774895226223,0.2425313527111142,-1.0,0.0,-1.0,0.01718327547496078,0.013476718910879745,0.07669533342732261,0.14285714285714285,-0.24999718750351554,-0.7805745509755838,-0.15163557157489396,0.1634603198742807,0.14285714285714285,-0.24999718750351554,0.4920774895226223,-0.12264517885620206,0.1634603198742807
-0.14285714285714285,0.0,0.5126257373346572,0.25025247424762664,-1.0,0.0,-1.0,0.0680933007928379,0.02909278114632197,0.0,0.14285714285714285,-0.24999718750351554,-0.7805745509755838,-0.059445863423615054,0.1634603198742807,0.14285714285714285,-0.24999718750351554,0.5126257373346572,-0.059445863423615054,0.1634603198742807
0.0,0.0,-0.11800422348466229,0.011044600723453441,-0.09931860417096834,0.0,-1.0,0.01718327547496078,0.013476718910879745,0.07669533342732261,0.14285714285714285,0.0,0.029680261488349045,0.06886514799880715,0.16216764251134264,0.14285714285714285,0.0,-0.05434819776596486,0.06886514799880715,0.16216764251134264
0.0,0.0,-0.08238260604214051,0.02708360110905046,-0.09931860417096834,-0.42857142857142855,-1.0,0.12990042957344908,0.08217595240819123,0.07669533342732261,0.14285714285714285,0.24999718750351568,0.02843429811306928,0.06886514799880715,0.16216764251134264,0.14285714285714285,0.24999718750351568,-0.05549248260410269,0.06886514799880715,0.16216764251134264
-0.14285714285714285,0.0,0.4447153121264907,0.25025247424762664,-1.0,0.0,-1.0,0.0680933007928379,0.02909278114632197,0.07669533342732261,0.14285714285714285,-0.24999718750351554,-0.21893370104448046,-0.006184444242762193,0.16216764251134264,0.14285714285714285,-0.24999718750351554,0.4447153121264907,-0.006184444242762193,0.16216764251134264
-0.14285714285714285,-1.0,0.4709529865998782,0.18729916821211498,-1.0,-0.2857142857142857,-1.0,0.0805826417681867,0.07128475002860085,0.07669533342732261,0.0,0.0,-0.7708793492808809,-0.12023363456028217,0.14513471725851,0.0,0.0,0.4709529865998782,-0.12023363456028217,0.14513471725851
0.0,0.0,-0.04934588230743182,0.011044600723453441,-0.09931860417096834,-0.42857142857142855,-1.0,0.12990042957344908,0.08217595240819123,0.07669533342732261,0.14285714285714285,0.0,-0.031468276761350826,0.0,0.3713279091577319,0.14285714285714285,0.0,-0.04934588230743182,0.0,0.3713279091577319
0.0,0.0,-0.0371252122503655,0.04033161344815551,-0.09931860417096834,0.0,-1.0,0.0680933007928379,0.02909278114632197,0.0,0.14285714285714285,0.0,0.09760872629558795,0.07986619818745218,0.1634603198742807,0.14285714285714285,0.0,0.00803687221207467,0.07986619818745218,0.1634603198742807
-0.14285714285714285,0.0,0.4920774895226223,0.18729916821211498,-1.0,-0.2857142857142857,-1.0,0.0805826417681867,0.07128475002860085,0.0,0.0,-0.24999718750351554,-0.8001136914324835,-0.35686317727443634,0.07122398803639773,0.0,-0.24999718750351554,0.4920774895226223,-0.1616447769321527,0.07122398803639773
-0.14285714285714285,0.0,0.5443787126239765,0.25025247424762664,-1.0,0.0,-1.0,0.0680933007928379,0.02909278114632197,0.07669533342732261,0.14285714285714285,-0.24999718750351554,-0.7805745509755838,-0.059445863423615054,0.16216764251134264,0.14285714285714285,-0.24999718750351554,0.5443787126239765,-0.059445863423615054,0.16216764251134264
-0.14285714285714285,0.0,0.4920774895226223,0.19076036062503446,-1.0,-0.2857142857142857,-1.0,0.0805826417681867,0.07128475002860085,0.07669533342732261,0.14285714285714285,-0.24999718750351554,-0.7708793492808809,-0.10794902047219593,0.16216764251134264,0.14285714285714285,-0.24999718750351554,0.4920774895226223,-0.10794902047219593,0.16216764251134264
0.0,0.0,-0.06371791318714994,0.02708360110905046,-0.09931860417096834,0.0,-1.0,0.01718327547496078,0.013476718910879745,0.0,0.2857142857142857,0.0,0.09760872629558795,0.0794188956164347,0.1634603198742807,0.2857142857142857,0.0,0.00803687221207467,0.0794188956164347,0.1634603198742807
-0.14285714285714285,0.0,0.5126257373346572,0.19132039441067902,-1.0,-0.2857142857142857,-1.0,0.0805826417681867,0.07128475002860085,0.0,0.14285714285714285,-0.24999718750351554,-0.7594118644485565,-0.059445863423615054,0.16216764251134264,0.14285714285714285,-0.24999718750351554,0.5126257373346572,-0.059445863423615054,0.16216764251134264
-0.14285714285714285,-1.0,0.5447521660482562,0.2506747948072934,-1.0,0.0,-1.0,0.01718327547496078,0.013476718910879745,0.07669533342732261,0.0,0.0,-0.8417479321498695,-0.35686317727443634,0.1772995716422072,0.0,0.0,0.5447521660482562,-0.11689507189254361,0.1772995716422072
0.0,0.0,-0.10318503133713348,0.011044600723453441,-0.09931860417096834,-0.42857142857142855,-1.0,0.12990042957344908,0.08217595240819123,0.07669533342732261,0.14285714285714285,0.0,0.017938090939765994,0.06886514799880715,0.07122398803639773,0.14285714285714285,0.0,-0.06513213250446,0.06886514799880715,0.07122398803639773
-0.14285714285714285,0.0,0.5126257373346572,0.206670828666385,-1.0,-0.42857142857142855,-1.0,0.12990042957344908,0.08217595240819123,0.07669533342732261,0.14285714285714285,-0.24999718750351554,-0.7708793492808809,-0.10794902047219593,0.16216764251134264,0.14285714285714285,-0.24999718750351554,0.5126257373346572,-0.10794902047219593,0.16216764251134264
-0.14285714285714285,0.0,0.3912639807207528,0.182727089109638,-1.0,-0.2857142857142857,-1.0,0.0805826417681867,0.07128475002860085,0.07669533342732261,0.0,-0.24999718750351554,-0.2840822191268303,-0.006184444242762193,0.14513471725851,0.0,-0.24999718750351554,0.3912639807207528,-0.006184444242762193,0.14513471725851
0.0,0.0,-0.10023089412964648,0.02708360110905046,-0.09931860417096834,0.0,-1.0,0.01718327547496078,0.013476718910879745,0.07669533342732261,0.0,0.0,0.029680261488349045,0.06886514799880715,0.16216764251134264,0.0,0.0,-0.05434819776596486,0.06886514799880715,0.16216764251134264
-0.14285714285714285,0.0,0.4920774895226223,0.19076036062503446,-1.0,-0.2857142857142857,-1.0,0.0805826417681867,0.07128475002860085,0.07669533342732261,0.0,-0.24999718750351554,-0.8001136914324835,-0.35686317727443634,0.07122398803639773,0.0,-0.24999718750351554,0.4920774895226223,-0.1592008194064489,0.07122398803639773
0.0,0.0,-0.0371252122503655,0.04033161344815551,-0.09931860417096834,0.0,-1.0,0.01718327547496078,0.013476718910879745,0.07669533342732261,0.2857142857142857,-0.24999718750351554,0.08640733144749538,0.07327982989536996,0.07122398803639773,0.2857142857142857,-0.24999718750351554,-0.0022504175630276443,0.07327982989536996,0.07122398803639773
-0.14285714285714285,0.0,0.5447521660482562,0.2506747948072934,-1.0,0.0,-1.0,0.01718327547496078,0.013476718910879745,0.07669533342732261,0.14285714285714285,-0.24999718750351554,-0.7920867084338741,-0.12940657858911697,0.1634603198742807,0.14285714285714285,-0.24999718750351554,0.5447521660482562,-0.11689507189254361,0.1634603198742807
0.0,0.0,-0.06371791318714994,0.02708360110905046,-0.09931860417096834,0.0,-1.0,0.0680933007928379,0.02909278114632197,0.07669533342732261,0.14285714285714285,0.0,0.09760872629558795,0.07986619818745218,0.16216764251134264,0.14285714285714285,0.0,0.00803687221207467,0.07986619818745218,0.16216764251134264
-0.14285714285714285,0.0,0.3991797111697394,0.18326876113181903,-1.0,-0.2857142857142857,-1.0,0.0805826417681867,0.07128475002860085,0.07669533342732261,0.14285714285714285,-0.24999718750351554,-0.7708793492808809,-0.1019785035460073,0.1634603198742807,0.14285714285714285,-0.24999718750351554,0.3991797111697394,-0.1019785035460073,0.1634603198742807
0.0,0.0,-0.08238260604214051,0.02708360110905046,-0.09931860417096834,-0.2857142857142857,-1.0,0.0805826417681867,0.07128475002860085,0.07669533342732261,0.0,0.0,0.017938090939765994,0.06886514799880715,0.16216764251134264,0.0,0.0,-0.06513213250446,0.06886514799880715,0.16216764251134264
0.0,0.0,-0.10918485190289381,0.014138557867097553,-0.09931860417096834,0.0,-1.0,0.01718327547496078,0.013476718910879745,0.0,0.14285714285714285,0.0,0.019245117205009522,0.06886514799880715,0.16216764251134264,0.14285714285714285,0.0,-0.06393176789660766,0.06886514799880715,0.16216764251134264
0.0,0.0,0.005843906191947601,0.02708360110905046,-0.09931860417096834,-0.42857142857142855,-1.0,0.12990042957344908,0.08217595240819123,0.07669533342732261,0.0,0.0,0.023718663499187175,0.025729621802434884,0.4787468633563986,0.0,0.0,0.005843906191947601,0.025729621802434884,0.4787468633563986
-0.14285714285714285,0.0,0.5447521660482562,0.27170819485503384,-1.0,0.0,-1.0,0.01718327547496078,0.013476718910879745,0.0,0.14285714285714285,-0.24999718750351554,-0.7920867084338741,-0.1474737128706454,0.16216764251134264,0.14285714285714285,-0.24999718750351554,0.5447521660482562,-0.1020433300055751,0.16216764251134264
-0.14285714285714285,-1.0,0.5234049838674741,0.19132039441067902,-1.0,-0.2857142857142857,-1.0,0.0805826417681867,0.07128475002860085,0.07669533342732261,0.14285714285714285,-0.24999718750351554,-0.7708793492808809,-0.1019785035460073,0.07122398803639773,0.14285714285714285,-0.24999718750351554,0.5234049838674741,-0.1019785035460073,0.07122398803639773
0.0,0.0,-0.10318503133713348,0.014138557867097553,-0.09931860417096834,-0.2857142857142857,-1.0,0.0805826417681867,0.07128475002860085,0.07669533342732261,0.0,0.0,0.02843429811306928,0.06886514799880715,0.1634603198742807,0.0,0.0,-0.05549248260410269,0.06886514799880715,0.1634603198742807
-0.14285714285714285,0.0,0.4709529865998782,0.23671067369310136,-1.0,0.0,-1.0,0.01718327547496078,0.013476718910879745,0.0,0.14285714285714285,-0.24999718750351554,-0.7805745509755838,-0.15163557157489396,0.1634603198742807,0.14285714285714285,-0.24999718750351554,0.4709529865998782,-0.12675517639279657,0.1634603198742807
-0.14285714285714285,0.0,0.4920774895226223,0.23671067369310136,-1.0,0.0,-1.0,0.0680933007928379,0.02909278114632197,0.0,0.14285714285714285,-0.24999718750351554,-0.7805745509755838,-0.12940657858911697,0.1634603198742807,0.14285714285714285,-0.24999718750351554,0.4920774895226223,-0.12675517639279657,0.1634603198742807
-0.14285714285714285,0.0,0.5144990749465914,0.25025247424762664,-1.0,0.0,-1.0,0.0680933007928379,0.02909278114632197,0.07669533342732261,0.0,0.0,-0.8417479321498695,-0.35686317727443634,0.1634603198742807,0.0,0.0,0.5144990749465914,-0.11719327360655532,0.1634603198742807
0.0,0.0,-0.06371791318714994,0.02708360110905046,-0.09931860417096834,0.0,-1.0,0.01718327547496078,0.013476718910879745,0.07669533342732261,0.2857142857142857,0.0,0.09760872629558795,0.0794188956164347,0.16216764251134264,0.2857142857142857,0.0,0.00803687221207467,0.0794188956164347,0.16216764251134264
0.0,0.0,-0.09141152254787785,0.02708360110905046,-0.09931860417096834,0.0,-1.0,0.01718327547496078,0.013476718910879745,0.07669533342732261,0.14285714285714285,0.0,0.029680261488349045,0.06886514799880715,0.1634603198742807,0.14285714285714285,0.0,-0.05434819776596486,0.06886514799880715,0.1634603198742807
-0.14285714285714285,-1.0,0.5447521660482562,0.25025247424762664,-1.0,0.0,-1.0,0.0680933007928379,0.02909278114632197,0.0,0.14285714285714285,-0.24999718750351554,-0.7805745509755838,-0.059445863423615054,0.1634603198742807,0.14285714285714285,-0.24999718750351554,0.5447521660482562,-0.059445863423615054,0.1634603198742807
-0.14285714285714285,0.0,0.41132052405519925,0.2425313527111142,-1.0,0.0,-1.0,0.0680933007928379,0.02909278114632197,0.07669533342732261,0.14285714285714285,-0.24999718750351554,-0.2840822191268303,-0.006184444242762193,0.1634603198742807,0.14285714285714285,-0.24999718750351554,0.41132052405519925,-0.006184444242762193,0.1634603198742807
-0.14285714285714285,0.0,0.41132052405519925,0.18326876113181903,-1.0,-0.42857142857142855,-1.0,0.12990042957344908,0.08217595240819123,0.0,0.14285714285714285,-0.5000056249929687,-0.27567274322160285,0.007824553669825785,0.07122398803639773,0.14285714285714285,-0.5000056249929687,0.41132052405519925,0.007824553669825785,0.07122398803639773
-0.14285714285714285,-1.0,0.41132052405519925,0.2425313527111142,-1.0,0.0,-1.0,0.01718327547496078,0.013476718910879745,0.07669533342732261,0.14285714285714285,-0.24999718750351554,-0.2840822191268303,-0.039926616447769306,0.16216764251134264,0.14285714285714285,-0.24999718750351554,0.41132052405519925,-0.039926616447769306,0.16216764251134264
-0.14285714285714285,0.0,0.5447521660482562,0.2306512917500596,-1.0,-0.2857142857142857,-1.0,0.0805826417681867,0.07128475002860085,0.07669533342732261,0.14285714285714285,-0.24999718750351554,-0.7708793492808809,-0.10794902047219593,0.16216764251134264,0.14285714285714285,-0.24999718750351554,0.5447521660482562,-0.10794902047219593,0.16216764251134264
0.0,0.0,-0.045944583832134116,0.04033161344815551,-0.09931860417096834,0.0,-1.0,0.01718327547496078,0.013476718910879745,0.0,0.2857142857142857,-0.24999718750351554,0.08640733144749538,0.07327982989536996,0.07122398803639773,0.2857142857142857,-0.24999718750351554,-0.0022504175630276443,0.07327982989536996,0.07122398803639773
-0.14285714285714285,0.0,0.4709529865998782,0.18729916821211498,-1.0,-0.42857142857142855,-1.0,0.12990042957344908,0.08217595240819123,0.07669533342732261,0.14285714285714285,-0.24999718750351554,-0.7708793492808809,-0.10794902047219593,0.16216764251134264,0.14285714285714285,-0.24999718750351554,0.4709529865998782,-0.10794902047219593,0.16216764251134264
-0.14285714285714285,0.0,0.5447521660482562,0.206670828666385,-1.0,-0.42857142857142855,-1.0,0.12990042957344908,0.08217595240819123,0.0,0.0,0.0,-0.8001136914324835,-0.35686317727443634,0.16216764251134264,0.0,0.0,0.5447521660482562,-0.14796639396336014,0.16216764251134264
-0.14285714285714285,0.0,0.5126257373346572,0.206670828666385,-1.0,-0.42857142857142855,-1.0,0.12990042957344908,0.08217595240819123,0.07669533342732261,0.14285714285714285,-0.24999718750351554,-0.7708793492808809,-0.1019785035460073,0.1634603198742807,0.14285714285714285,-0.24999718750351554,0.5126257373346572,-0.1019785035460073,0.1634603198742807
0.0,0.0,-0.10318503133713348,0.011044600723453441,-0.09931860417096834,-0.2857142857142857,-1.0,0.0805826417681867,0.07128475002860085,0.0,0.0,0.0,0.017938090939765994,0.06886514799880715,0.1634603198742807,0.0,0.0,-0.06513213250446,0.06886514799880715,0.1634603198742807
0.0,0.0,-0.054898541605381455,0.02708360110905046,-0.09931860417096834,0.0,-1.0,0.0680933007928379,0.02909278114632197,0.07669533342732261,0.14285714285714285,0.0,0.09760872629558795,0.07986619818745218,0.16216764251134264,0.14285714285714285,0.0,0.00803687221207467,0.07986619818745218,0.16216764251134264
-0.14285714285714285,0.0,0.3991797111697394,0.2425313527111142,-1.0,0.0,-1.0,0.0680933007928379,0.02909278114632197,0.07669533342732261,0.0,-0.24999718750351554,-0.8313127878665302,-0.35686317727443634,0.07122398803639773,0.0,-0.24999718750351554,0.3991797111697394,-0.12264517885620206,0.07122398803639773
-0.14285714285714285,0.0,0.4709529865998782,0.2425313527111142,-1.0,0.0,-1.0,0.01718327547496078,0.013476718910879745,0.07669533342732261,0.14285714285714285,-0.24999718750351554,-0.7805745509755838,-0.1836728078932697,0.16216764251134264,0.14285714285714285,-0.24999718750351554,0.4709529865998782,-0.12264517885620206,0.16216764251134264
-0.14285714285714285,0.0,0.5126257373346572,0.25025247424762664,-1.0,0.0,-1.0,0.01718327547496078,0.013476718910879745,0.07669533342732261,0.14285714285714285,-0.24999718750351554,-0.7805745509755838,-0.1474737128706454,0.16216764251134264,0.14285714285714285,-0.24999718750351554,0.5126257373346572,-0.11719327360655532,0.16216764251134264
-0.14285714285714285,0.0,0.46477186071677307,0.27170819485503384,-1.0,0.0,-1.0,0.01718327547496078,0.013476718910879745,0.07669533342732261,0.14285714285714285,-0.24999718750351554,-0.21893370104448046,-0.0154222147311648,0.16216764251134264,0.14285714285714285,-0.24999718750351554,0.46477186071677307,-0.0154222147311648,0.16216764251134264
0.0,0.0,-0.10918485190289381,0.014138557867097553,-0.09931860417096834,0.0,-1.0,0.01718327547496078,0.013476718910879745,0.0,0.0,0.0,0.019245117205009522,0.06886514799880715,0.1634603198742807,0.0,0.0,-0.06393176789660766,0.06886514799880715,0.1634603198742807
-0.14285714285714285,-1.0,0.5447521660482562,0.2306512917500596,-1.0,-0.2857142857142857,-1.0,0.0805826417681867,0.07128475002860085,0.07669533342732261,0.0,-0.24999718750351554,-0.8001136914324835,-0.35686317727443634,0.07122398803639773,0.0,-0.24999718750351554,0.5447521660482562,-0.1310337227242672,0.07122398803639773
-0.14285714285714285,0.0,0.3991797111697394,0.18729916821211498,-1.0,-0.2857142857142857,-1.0,0.12990042957344908,0.08217595240819123,0.07669533342732261,0.0,-0.24999718750351554,-0.7894797408010229,-0.303044250541301,0.07122398803639773,0.0,-0.24999718750351554,0.3991797111697394,-0.1616447769321527,0.07122398803639773
-0.14285714285714285,0.0,0.4920774895226223,0.19076036062503446,-1.0,-0.42857142857142855,-1.0,0.12990042957344908,0.08217595240819123,0.07669533342732261,0.14285714285714285,-0.24999718750351554,-0.7708793492808809,-0.10794902047219593,0.16216764251134264,0.14285714285714285,-0.24999718750351554,0.4920774895226223,-0.10794902047219593,0.16216764251134264
-0.14285714285714285,0.0,0.4548338370088534,0.2506747948072934,-1.0,0.0,-1.0,0.0680933007928379,0.02909278114632197,0.07669533342732261,0.14285714285714285,-0.24999718750351554,-0.21893370104448046,-0.006184444242762193,0.16216764251134264,0.14285714285714285,-0.24999718750351554,0.4548338370088534,-0.006184444242762193,0.16216764251134264
-0.14285714285714285,-1.0,0.5447521660482562,0.27170819485503384,-1.0,0.0,-1.0,0.01718327547496078,0.013476718910879745,0.07669533342732261,0.14285714285714285,-0.24999718750351554,-0.7920867084338741,-0.1192742029586796,0.07122398803639773,0.14285714285714285,-0.24999718750351554,0.5447521660482562,-0.1020433300055751,0.07122398803639773
-0.14285714285714285,-1.0,0.5447521660482562,0.2306512917500596,-1.0,-0.2857142857142857,-1.0,0.0805826417681867,0.07128475002860085,0.07669533342732261,0.0,0.0,-0.8001136914324835,-0.35686317727443634,0.16216764251134264,0.0,0.0,0.5447521660482562,-0.1310337227242672,0.16216764251134264
-0.14285714285714285,0.0,0.4920774895226223,0.25025247424762664,-1.0,0.0,-1.0,0.01718327547496078,0.013476718910879745,0.07669533342732261,0.14285714285714285,-0.24999718750351554,-0.7805745509755838,-0.15612804522293816,0.07122398803639773,0.14285714285714285,-0.24999718750351554,0.4920774895226223,-0.11719327360655532,0.07122398803639773
-0.14285714285714285,0.0,0.5126257373346572,0.19132039441067902,-1.0,-0.2857142857142857,-1.0,0.0805826417681867,0.07128475002860085,0.0,0.0,0.0,-0.7894797408010229,-0.303044250541301,0.16216764251134264,0.0,0.0,0.5126257373346572,-0.15880537800308586,0.16216764251134264
0.0,0.0,-0.08238260604214051,0.02708360110905046,-0.09931860417096834,-0.42857142857142855,-1.0,0.12990042957344908,0.08217595240819123,0.0,0.0,0.0,0.02843429811306928,0.06886514799880715,0.1634603198742807,0.0,0.0,-0.05549248260410269,0.06886514799880715,0.1634603198742807
-0.14285714285714285,0.0,0.3991797111697394,0.2425313527111142,-1.0,0.0,-1.0,0.01718327547496078,0.013476718910879745,0.07669533342732261,0.14285714285714285,-0.24999718750351554,-0.7805745509755838,-0.1836728078932697,0.16216764251134264,0.14285714285714285,-0.24999718750351554,0.3991797111697394,-0.12264517885620206,0.16216764251134264
0.0,0.0,-0.08238260604214051,0.022566607296964816,-0.09931860417096834,-0.2857142857142857,-1.0,0.0805826417681867,0.07128475002860085,0.07669533342732261,0.2857142857142857,0.0,0.017938090939765994,0.06886514799880715,0.4787468633563986,0.2857142857142857,0.0,-0.06513213250446,0.06886514799880715,0.4787468633563986
0.0,0.0,-0.08238260604214051,0.02708360110905046,-0.09931860417096834,-0.2857142857142857,-1.0,0.0805826417681867,0.07128475002860085,0.07669533342732261,0.14285714285714285,0.0,0.02843429811306928,0.06886514799880715,0.1634603198742807,0.14285714285714285,0.0,-0.05549248260410269,0.06886514799880715,0.1634603198742807
-0.14285714285714285,0.0,0.3991797111697394,0.23671067369310136,-1.0,0.0,-1.0,0.0680933007928379,0.02909278114632197,0.0,0.14285714285714285,-0.24999718750351554,-0.7920867084338741,-0.1192742029586796,0.07122398803639773,0.14285714285714285,-0.24999718750351554,0.3991797111697394,-0.1192742029586796,0.07122398803639773
-0.14285714285714285,0.0,0.3991797111697394,0.23671067369310136,-1.0,0.0,-1.0,0.0680933007928379,0.02909278114632197,0.0,0.14285714285714285,-0.24999718750351554,-0.7805745509755838,-0.1192742029586796,0.07122398803639773,0.14285714285714285,-0.24999718750351554,0.3991797111697394,-0.1192742029586796,0.07122398803639773
-0.14285714285714285,0.0,0.5447521660482562,0.2506747948072934,-1.0,0.0,-1.0,0.0680933007928379,0.02909278114632197,0.07669533342732261,0.0,-0.24999718750351554,-0.8313127878665302,-0.35686317727443634,0.07122398803639773,0.0,-0.24999718750351554,0.5447521660482562,-0.11689507189254361,0.07122398803639773
0.0,0.0,-0.10918485190289381,0.014138557867097553,-0.09931860417096834,0.0,-1.0,0.01718327547496078,0.013476718910879745,0.07669533342732261,0.14285714285714285,-0.24999718750351554,0.029680261488349045,0.06886514799880715,0.07122398803639773,0.14285714285714285,-0.24999718750351554,-0.05434819776596486,0.06886514799880715,0.07122398803639773
-0.14285714285714285,0.0,0.4920774895226223,0.25025247424762664,-1.0,0.0,-1.0,0.01718327547496078,0.013476718910879745,0.07669533342732261,0.0,-0.24999718750351554,-0.8313127878665302,-0.35686317727443634,0.1634603198742807,0.0,-0.24999718750351554,0.4920774895226223,-0.11719327360655532,0.1634603198742807
-0.14285714285714285,0.0,0.4920774895226223,0.19076036062503446,-1.0,-0.2857142857142857,-1.0,0.0805826417681867,0.07128475002860085,0.07669533342732261,0.0,0.0,-0.7708793492808809,-0.12023363456028217,0.14513471725851,0.0,0.0,0.4920774895226223,-0.12023363456028217,0.14513471725851
-0.14285714285714285,-1.0,0.5234049838674741,0.27170819485503384,-1.0,0.0,-1.0,0.0680933007928379,0.02909278114632197,0.07669533342732261,0.0,0.0,-0.8313127878665302,-0.35686317727443634,0.16216764251134264,0.0,0.0,0.5234049838674741,-0.1020433300055751,0.16216764251134264
0.0,0.0,-0.06371791318714994,0.02708360110905046,-0.09931860417096834,0.0,-1.0,0.01718327547496078,0.013476718910879745,0.0,0.2857142857142857,-0.24999718750351554,0.09760872629558795,0.0794188956164347,0.07122398803639773,0.2857142857142857,-0.24999718750351554,0.00803687221207467,0.0794188956164347,0.07122398803639773
-0.14285714285714285,0.0,0.4709529865998782,0.18326876113181903,-1.0,-0.42857142857142855,-1.0,0.12990042957344908,0.08217595240819123,0.07669533342732261,0.14285714285714285,-0.24999718750351554,-0.7594118644485565,-0.059445863423615054,0.1634603198742807,0.14285714285714285,-0.24999718750351554,0.4709529865998782,-0.059445863423615054,0.1634603198742807
0.0,0.0,-0.15514288541925464,0.0013128660876589701,-0.09931860417096834,-0.42857142857142855,-1.0,0.12990042957344908,0.08217595240819123,0.0,0.14285714285714285,0.0,0.1556390339882857,0.10018929326193776,0.16216764251134264,0.14285714285714285,0.0,0.06133153765945751,0.10018929326193776,0.16216764251134264
-0.14285714285714285,-1.0,0.6000779545589883,0.2306512917500596,-1.0,-0.2857142857142857,-1.0,0.0805826417681867,0.07128475002860085,0.07669533342732261,0.14285714285714285,-0.24999718750351554,-0.7594118644485565,-0.05230847022520707,0.07122398803639773,0.14285714285714285,-0.24999718750351554,0.6000779545589883,-0.05230847022520707,0.07122398803639773
0.0,0.0,-0.0371252122503655,0.04033161344815551,-0.09931860417096834,0.0,-1.0,0.01718327547496078,0.013476718910879745,0.07669533342732261,0.2857142857142857,0.0,0.08640733144749538,0.07327982989536996,0.1634603198742807,0.2857142857142857,0.0,-0.0022504175630276443,0.07327982989536996,0.1634603198742807
-0.14285714285714285,0.0,0.4920774895226223,0.23671067369310136,-1.0,0.0,-1.0,0.0680933007928379,0.02909278114632197,0.0,0.14285714285714285,-0.24999718750351554,-0.7920867084338741,-0.12940657858911697,0.1634603198742807,0.14285714285714285,-0.24999718750351554,0.4920774895226223,-0.12675517639279657,0.1634603198742807
-0.14285714285714285,-1.0,0.5447521660482562,0.25025247424762664,-1.0,0.0,-1.0,0.0680933007928379,0.02909278114632197,0.0,0.14285714285714285,-0.24999718750351554,-0.7920867084338741,-0.10794902047219593,0.16216764251134264,0.14285714285714285,-0.24999718750351554,0.5447521660482562,-0.10794902047219593,0.16216764251134264
-0.14285714285714285,-1.0,0.5447521660482562,0.2306512917500596,-1.0,-0.42857142857142855,-1.0,0.12990042957344908,0.08217595240819123,0.07669533342732261,0.14285714285714285,-0.24999718750351554,-0.7594118644485565,-0.059445863423615054,0.16216764251134264,0.14285714285714285,-0.24999718750351554,0.5447521660482562,-0.059445863423615054,0.16216764251134264
-0.14285714285714285,0.0,0.4920774895226223,0.2425313527111142,-1.0,0.0,-1.0,0.0680933007928379,0.02909278114632197,0.07669533342732261,0.14285714285714285,-0.24999718750351554,-0.7920867084338741,-0.1192742029586796,0.07122398803639773,0.14285714285714285,-0.24999718750351554,0.4920774895226223,-0.1192742029586796,0.07122398803639773
0.0,0.0,-0.10476977099639455,0.03852297974697482,-0.09931860417096834,-0.2857142857142857,-1.0,0.0805826417681867,0.07128475002860085,0.0,0.14285714285714285,-0.24999718750351554,0.21025169121743,0.10330096332118921,0.07122398803639773,0.14285714285714285,-0.24999718750351554,0.11148745466118812,0.10330096332118921,0.07122398803639773
-0.14285714285714285,-1.0,0.5447521660482562,0.2506747948072934,-1.0,0.0,-1.0,0.01718327547496078,0.013476718910879745,0.07669533342732261,0.14285714285714285,-0.24999718750351554,-0.7920867084338741,-0.1474737128706454,0.16216764251134264,0.14285714285714285,-0.24999718750351554,0.5447521660482562,-0.11689507189254361,0.16216764251134264
-0.14285714285714285,-1.0,0.5447521660482562,0.27170819485503384,-1.0,0.0,-1.0,0.0680933007928379,0.02909278114632197,0.0,0.14285714285714285,-0.24999718750351554,-0.7805745509755838,-0.059445863423615054,0.16216764251134264,0.14285714285714285,-0.24999718750351554,0.5447521660482562,-0.059445863423615054,0.16216764251134264
-0.14285714285714285,0.0,0.4709529865998782,0.25025247424762664,-1.0,0.0,-1.0,0.01718327547496078,0.013476718910879745,0.07669533342732261,0.0,-0.24999718750351554,-0.8417479321498695,-0.35686317727443634,0.1634603198742807,0.0,-0.24999718750351554,0.4709529865998782,-0.11719327360655532,0.1634603198742807
-0.14285714285714285,0.0,0.5234049838674741,0.25025247424762664,-1.0,0.0,-1.0,0.01718327547496078,0.013476718910879745,0.07669533342732261,0.14285714285714285,-0.24999718750351554,-0.7805745509755838,-0.1192742029586796,0.07122398803639773,0.14285714285714285,-0.24999718750351554,0.5234049838674741,-0.11719327360655532,0.07122398803639773
0.0,0.0,-0.04677168422580144,0.02708360110905046,-0.09931860417096834,-0.42857142857142855,-1.0,0.12990042957344908,0.08217595240819123,0.07669533342732261,0.2857142857142857,0.0,0.07617833593850222,0.07986619818745218,0.16216764251134264,0.2857142857142857,0.0,-0.011644661970647263,0.07986619818745218,0.16216764251134264
-0.14285714285714285,0.0,0.3991797111697394,0.18729916821211498,-1.0,-0.2857142857142857,-1.0,0.0805826417681867,0.07128475002860085,0.07669533342732261,0.14285714285714285,-0.24999718750351554,-0.7708793492808809,-0.1019785035460073,0.1634603198742807,0.14285714285714285,-0.24999718750351554,0.3991797111697394,-0.1019785035460073,0.1634603198742807
0.0,0.0,-0.03133529926125554,0.02708360110905046,-0.09931860417096834,-0.2857142857142857,-1.0,0.0805826417681867,0.07128475002860085,0.07669533342732261,0.14285714285714285,0.0,-0.031468276761350826,0.0,0.3713279091577319,0.14285714285714285,0.0,-0.03133529926125554,0.0,0.3713279091577319
-0.14285714285714285,0.0,0.5234049838674741,0.25025247424762664,-1.0,0.0,-1.0,0.01718327547496078,0.013476718910879745,0.07669533342732261,0.14285714285714285,-0.24999718750351554,-0.7920867084338741,-0.1192742029586796,0.07122398803639773,0.14285714285714285,-0.24999718750351554,0.5234049838674741,-0.11719327360655532,0.07122398803639773
-0.14285714285714285,0.0,0.5447521660482562,0.25025247424762664,-1.0,0.0,-1.0,0.01718327547496078,0.013476718910879745,0.07669533342732261,0.0,0.0,-0.8417479321498695,-0.35686317727443634,0.16216764251134264,0.0,0.0,0.5447521660482562,-0.11719327360655532,0.16216764251134264
-0.14285714285714285,0.0,0.5443787126239765,0.206670828666385,-1.0,-0.42857142857142855,-1.0,0.12990042957344908,0.08217595240819123,0.07669533342732261,0.0,0.0,-0.8001136914324835,-0.35686317727443634,0.16216764251134264,0.0,0.0,0.5443787126239765,-0.14796639396336014,0.16216764251134264
0.0,0.0,-0.08238260604214051,0.02708360110905046,-0.09931860417096834,-0.42857142857142855,-1.0,0.12990042957344908,0.08217595240819123,0.07669533342732261,0.14285714285714285,0.24999718750351568,0.02843429811306928,0.06886514799880715,0.16216764251134264,0.14285714285714285,0.24999718750351568,-0.05549248260410269,0.06886514799880715,0.16216764251134264
0.0,0.0,-0.09141152254787785,0.02708360110905046,-0.09931860417096834,0.0,-1.0,0.0680933007928379,0.02909278114632197,0.0,0.14285714285714285,-0.24999718750351554,0.029680261488349045,0.0705117400718277,0.07122398803639773,0.14285714285714285,-0.24999718750351554,-0.05434819776596486,0.0705117400718277,0.07122398803639773
-0.14285714285714285,0.0,0.4709529865998782,0.18326876113181903,-1.0,-0.2857142857142857,-1.0,0.0805826417681867,0.07128475002860085,0.07669533342732261,0.14285714285714285,-0.24999718750351554,-0.7594118644485565,-0.059445863423615054,0.07122398803639773,0.14285714285714285,-0.24999718750351554,0.4709529865998782,-0.059445863423615054,0.07122398803639773
-0.14285714285714285,0.0,0.4709529865998782,0.18729916821211498,-1.0,-0.2857142857142857,-1.0,0.0805826417681867,0.07128475002860085,0.07669533342732261,0.14285714285714285,-0.24999718750351554,-0.7594118644485565,-0.059445863423615054,0.16216764251134264,0.14285714285714285,-0.24999718750351554,0.4709529865998782,-0.059445863423615054,0.16216764251134264
-0.14285714285714285,0.0,0.3991797111697394,0.23671067369310136,-1.0,0.0,-1.0,0.0680933007928379,0.02909278114632197,0.0,0.14285714285714285,0.0,-0.7920867084338741,-0.1474737128706454,0.16216764251134264,0.14285714285714285,0.0,0.3991797111697394,-0.12675517639279657,0.16216764251134264
-0.14285714285714285,0.0,0.5126257373346572,0.206670828666385,-1.0,-0.2857142857142857,-1.0,0.0805826417681867,0.07128475002860085,0.07669533342732261,0.0,-0.24999718750351554,-0.7894797408010229,-0.303044250541301,0.07122398803639773,0.0,-0.24999718750351554,0.5126257373346572,-0.14796639396336014,0.07122398803639773
-0.14285714285714285,-1.0,0.46477186071677307,0.20616588017113152,-1.0,-0.2857142857142857,-1.0,0.0805826417681867,0.07128475002860085,0.07669533342732261,0.14285714285714285,-0.24999718750351554,-0.21893370104448046,0.0,0.1634603198742807,0.14285714285714285,-0.24999718750351554,0.46477186071677307,0.0,0.1634603198742807
-0.14285714285714285,0.0,0.5234049838674741,0.206670828666385,-1.0,-0.42857142857142855,-1.0,0.12990042957344908,0.08217595240819123,0.07669533342732261,0.14285714285714285,-0.24999718750351554,-0.7708793492808809,-0.10794902047219593,0.16216764251134264,0.14285714285714285,-0.24999718750351554,0.5234049838674741,-0.10794902047219593,0.16216764251134264
-0.14285714285714285,0.0,0.4920774895226223,0.18729916821211498,-1.0,-0.2857142857142857,-1.0,0.0805826417681867,0.07128475002860085,0.07669533342732261,0.14285714285714285,-0.24999718750351554,-0.7594118644485565,-0.059445863423615054,0.16216764251134264,0.14285714285714285,-0.24999718750351554,0.4920774895226223,-0.059445863423615054,0.16216764251134264
-0.14285714285714285,-1.0,0.5234049838674741,0.19132039441067902,-1.0,-0.2857142857142857,-1.0,0.0805826417681867,0.07128475002860085,0.0,0.14285714285714285,-0.24999718750351554,-0.7594118644485565,-0.059445863423615054,0.16216764251134264,0.14285714285714285,-0.24999718750351554,0.5234049838674741,-0.059445863423615054,0.16216764251134264
-0.14285714285714285,-1.0,0.5443787126239765,0.2506747948072934,-1.0,0.0,-1.0,0.01718327547496078,0.013476718910879745,0.07669533342732261,0.14285714285714285,-0.24999718750351554,-0.7805745509755838,-0.12940657858911697,0.1634603198742807,0.14285714285714285,-0.24999718750351554,0.5443787126239765,-0.11689507189254361,0.1634603198742807
-0.14285714285714285,0.0,0.5447521660482562,0.2306512917500596,-1.0,-0.2857142857142857,-1.0,0.0805826417681867,0.07128475002860085,0.07669533342732261,0.14285714285714285,-0.24999718750351554,-0.7708793492808809,-0.10794902047219593,0.16216764251134264,0.14285714285714285,-0.24999718750351554,0.5447521660482562,-0.10794902047219593,0.16216764251134264
0.0,0.0,-0.18084356062073312,0.0013128660876589701,-0.09931860417096834,-0.42857142857142855,-1.0,0.12990042957344908,0.08217595240819123,0.07669533342732261,0.14285714285714285,-0.24999718750351554,0.1455523945606278,0.09598853868194833,0.07122398803639773,0.14285714285714285,-0.24999718750351554,0.052068032171392435,0.09598853868194833,0.07122398803639773
-0.14285714285714285,-1.0,0.5126257373346572,0.19132039441067902,-1.0,-0.42857142857142855,-1.0,0.12990042957344908,0.08217595240819123,0.07669533342732261,0.0,-0.24999718750351554,-0.8001136914324835,-0.35686317727443634,0.07122398803639773,0.0,-0.24999718750351554,0.5126257373346572,-0.15880537800308586,0.07122398803639773
-0.14285714285714285,0.0,0.5126257373346572,0.25025247424762664,-1.0,0.0,-1.0,0.0680933007928379,0.02909278114632197,0.0,0.14285714285714285,-0.24999718750351554,-0.7920867084338741,-0.1019785035460073,0.1634603198742807,0.14285714285714285,-0.24999718750351554,0.5126257373346572,-0.1019785035460073,0.1634603198742807
0.0,0.0,-0.10318503133713348,0.014138557867097553,-0.09931860417096834,-0.42857142857142855,-1.0,0.12990042957344908,0.08217595240819123,0.0,0.0,0.24999718750351568,0.017938090939765994,0.06886514799880715,0.14513471725851,0.0,0.24999718750351568,-0.06513213250446,0.06886514799880715,0.14513471725851
0.14285714285714285,-1.0,-1.0,-0.25848772516112445,1.1766467065868265,0.14285714285714285,-1.0,0.05956522429966495,-0.002905846013042034,-0.29578457634287325,0.2857142857142857,0.0,-0.03449595454347989,-0.02338938661203957,0.40491217397916496,0.2857142857142857,0.0,-0.11328722633716225,-0.02338938661203957,0.40491217397916496
0.14285714285714285,-1.0,-1.0,-0.1841042213694203,1.1649803840594672,0.9999999999999968,0.0,-0.04406623309263981,-0.07876673149525229,15.589031439447343,0.2857142857142857,-0.24999718750351554,-0.0362781267789323,-0.04476915297747926,0.3747243555623146,0.9999999999999968,-0.24999718750351554,-0.11492396198159521,-0.04476915297747926,1.9824347958330166
0.14285714285714285,-1.0,-0.21817855430768576,-0.011237399239823018,-0.08982035928143722,0.9999999999999968,0.0,-0.04406623309263981,-0.07876673149525229,15.589031439447343,0.2857142857142857,-0.24999718750351554,-0.18555128295277878,-0.10537541002735688,0.39675056396218283,0.9999999999999968,-0.24999718750351554,-0.21817855430768576,-0.10537541002735688,1.9824347958330166
0.14285714285714285,-1.0,-0.48047962025954477,-0.1171296891353446,-0.08982035928143722,0.2857142857142857,0.0,0.04135174519990366,-0.019334172291499793,15.594670802199351,0.2857142857142857,0.0,-0.17295549669621998,-0.09969661216922301,0.4432616024129976,0.2857142857142857,0.0,-0.2404475890928579,-0.09969661216922301,1.9834486604313994
0.14285714285714285,-1.0,-1.0,-0.24790216852426505,1.1649803840594672,0.14285714285714285,-1.0,0.00404171452330603,-0.019334172291499793,-0.29578457634287325,0.2857142857142857,0.0,-0.03449595454347989,-0.043459658494211094,0.3794134793298354,0.2857142857142857,0.0,-0.11328722633716225,-0.043459658494211094,0.3794134793298354
0.14285714285714285,-1.0,-1.0,-0.2014193643157489,1.1649803840594672,0.42857142857142855,0.0,-0.01426350843252469,-0.0365404415970713,15.589736359791342,0.2857142857142857,-0.24999718750351554,0.0,-0.02338938661203957,0.3747243555623146,0.42857142857142855,-0.24999718750351554,-0.08160636111724154,-0.02338938661203957,1.9825615289078142
0.2857142857142857,-1.0,-0.5023894186567145,-0.09176291291015592,-0.08982035928143722,0.42857142857142855,0.0,-0.01426350843252469,-0.0365404415970713,15.589736359791342,0.2857142857142857,-0.24999718750351554,-0.15588168314802892,-0.044581156244732814,0.40138899449978444,0.42857142857142855,-0.24999718750351554,-0.22476710733872898,-0.044581156244732814,1.9825615289078142
0.14285714285714285,-1.0,-1.0,-0.2268412258313289,1.1766467065868265,0.5714285714285714,0.0,-0.01426350843252469,-0.0365404415970713,15.589736359791342,0.2857142857142857,0.0,0.02446213136806897,-0.014145133477680361,0.40491217397916496,0.5714285714285714,0.0,-0.0591404952752926,-0.014145133477680361,1.9825615289078142
0.14285714285714285,-1.0,-0.5023894186567145,-0.0689667835698941,-0.08982035928143722,0.2857142857142857,0.0,0.04135174519990366,-0.019334172291499793,15.589736359791342,0.2857142857142857,-0.24999718750351554,-0.11273468515965346,-0.04286973771214464,0.39675056396218283,0.2857142857142857,-0.24999718750351554,-0.18514117884931777,-0.04286973771214464,1.9825615289078142
0.14285714285714285,-1.0,-1.0,-0.2397954499550137,1.1649803840594672,0.2857142857142857,0.0,0.04135174519990366,-0.019334172291499793,15.589736359791342,0.2857142857142857,0.0,-0.03656842445056309,-0.039926616447769306,0.39675056396218283,0.2857142857142857,0.0,-0.1151905695166034,-0.039926616447769306,1.9825615289078142
0.0,-1.0,-1.0,-0.25523769302803845,1.1649803840594672,0.2857142857142857,0.0,0.04135174519990366,-0.019334172291499793,15.589736359791342,0.2857142857142857,-0.24999718750351554,0.09760872629558795,0.044859910020874,0.3747243555623146,0.2857142857142857,-0.24999718750351554,0.00803687221207467,0.044859910020874,1.9825615289078142
0.14285714285714285,-1.0,-0.5023894186567145,-0.08289418115715841,-0.08982035928143722,0.7142857142857143,0.0,-0.0010396540814393113,-0.0691568470426724,15.589031439447343,0.2857142857142857,-0.24999718750351554,-0.17295549669621998,-0.059633860156361504,0.39675056396218283,0.7142857142857143,-0.24999718750351554,-0.2404475890928579,-0.059633860156361504,1.9824347958330166
0.14285714285714285,-1.0,-0.21817855430768576,-0.03618185490534511,-0.08982035928143722,0.5714285714285714,0.0,-0.01426350843252469,-0.0365404415970713,15.595516706612152,0.2857142857142857,0.0,-0.15946689315752885,-0.059633860156361504,0.43616455022431755,0.5714285714285714,0.0,-0.21817855430768576,-0.059633860156361504,1.9836007401211566
0.14285714285714285,-1.0,-0.48047962025954477,-0.058454673986889805,-0.08982035928143722,0.7142857142857143,0.0,-0.0010396540814393113,-0.0691568470426724,15.589736359791342,0.2857142857142857,-0.24999718750351554,-0.1619677704572827,-0.05127124687212332,0.39675056396218283,0.7142857142857143,-0.24999718750351554,-0.23035653120923272,-0.05127124687212332,1.9825615289078142
0.14285714285714285,-1.0,-1.0,-0.21293219000752836,1.1649803840594672,0.42857142857142855,0.0,-0.01426350843252469,-0.0365404415970713,15.589736359791342,0.2857142857142857,0.0,0.035663526216161534,-0.00927018371818651,0.3747243555623146,0.42857142857142855,0.0,-0.04885320550019029,-0.00927018371818651,1.9825615289078142
0.0,-1.0,-1.0,-0.2561006959108353,-0.08982035928143722,0.14285714285714285,-1.0,0.00404171452330603,-0.019334172291499793,-0.29578457634287325,0.2857142857142857,0.0,0.035663526216161534,0.01950628168393201,0.39675056396218283,0.2857142857142857,0.0,-0.04885320550019029,0.01950628168393201,0.39675056396218283
0.0,-1.0,-1.0,-0.25523769302803845,1.1649803840594672,0.2857142857142857,0.0,0.04135174519990366,-0.019334172291499793,15.589031439447343,0.2857142857142857,0.0,0.035663526216161534,0.011130703107780446,0.39675056396218283,0.2857142857142857,0.0,-0.04885320550019029,0.011130703107780446,1.9824347958330166
0.14285714285714285,-1.0,-1.0,-0.1981693321826629,1.1649803840594672,0.5714285714285714,0.0,-0.01426350843252469,-0.0365404415970713,15.589031439447343,0.2857142857142857,0.0,-0.0487424361063414,-0.04644815828028371,0.3747243555623146,0.5714285714285714,0.0,-0.12637110438095478,-0.04644815828028371,1.9824347958330166
0.0,-1.0,-1.0,-0.2561006959108353,1.1649803840594672,0.2857142857142857,0.0,0.04135174519990366,-0.019334172291499793,15.589031439447343,0.2857142857142857,-0.24999718750351554,0.09760872629558795,0.044859910020874,0.3747243555623146,0.2857142857142857,-0.24999718750351554,0.00803687221207467,0.044859910020874,1.9824347958330166
0.14285714285714285,-1.0,-1.0,-0.2014193643157489,1.1649803840594672,0.5714285714285714,0.0,-0.01426350843252469,-0.0365404415970713,15.596221626956153,0.2857142857142857,0.0,0.0,-0.02338938661203957,0.43616455022431755,0.5714285714285714,0.0,-0.08160636111724154,-0.02338938661203957,1.9837274731959547
0.14285714285714285,-1.0,-1.0,-0.18782247847083236,1.1649803840594672,0.7142857142857143,0.0,-0.0010396540814393113,-0.0691568470426724,15.595516706612152,0.2857142857142857,0.0,-0.0362781267789323,-0.044581156244732814,0.43616455022431755,0.7142857142857143,0.0,-0.11492396198159521,-0.044581156244732814,1.9836007401211566
0.0,-1.0,-1.0,-0.2561006959108353,1.1649803840594672,0.2857142857142857,0.0,0.04135174519990366,-0.019334172291499793,15.595516706612152,0.2857142857142857,0.0,0.08640733144749538,0.043187387364026504,0.43616455022431755,0.2857142857142857,0.0,-0.0022504175630276443,0.043187387364026504,1.9836007401211566
0.14285714285714285,-1.0,-1.0,-0.1841042213694203,1.1649803840594672,0.9999999999999968,0.0,-0.04406623309263981,-0.07876673149525229,15.589736359791342,0.2857142857142857,0.0,-0.0362781267789323,-0.04476915297747926,0.39675056396218283,0.9999999999999968,0.0,-0.11492396198159521,-0.04476915297747926,1.9825615289078142
0.2857142857142857,-1.0,-1.0,-0.19767356456914129,1.1766467065868265,0.42857142857142855,0.0,-0.01426350843252469,-0.0365404415970713,15.590582264204144,0.2857142857142857,0.0,-0.0487424361063414,-0.04644815828028371,0.40491217397916496,0.42857142857142855,0.0,-0.12637110438095478,-0.04644815828028371,1.9827136085975718
0.0,-1.0,-1.0,-0.2397954499550137,-0.08982035928143722,0.2857142857142857,0.0,0.04135174519990366,-0.019334172291499793,15.589877343860143,0.2857142857142857,-0.24999718750351554,0.1096099019307669,0.04556003578420572,0.40138899449978444,0.2857142857142857,-0.24999718750351554,0.01905867557453777,0.04556003578420572,1.9825868755227738
0.14285714285714285,-1.0,-1.0,-0.2014193643157489,1.1649803840594672,0.42857142857142855,0.0,-0.01426350843252469,-0.0365404415970713,15.589736359791342,0.2857142857142857,0.0,0.0,-0.02338938661203957,0.39675056396218283,0.42857142857142855,0.0,-0.08160636111724154,-0.02338938661203957,1.9825615289078142
0.14285714285714285,-1.0,-1.0,-0.2397954499550137,1.1649803840594672,0.14285714285714285,-1.0,0.00404171452330603,-0.019334172291499793,-0.29578457634287325,0.2857142857142857,0.0,0.023718663499187175,-0.010793605518028236,0.5059691278229792,0.2857142857142857,0.0,-0.059823291436787364,-0.010793605518028236,0.5059691278229792
0.14285714285714285,-1.0,-1.0,-0.1931749325205193,-0.08982035928143722,0.9999999999999968,0.0,-0.04406623309263981,-0.07876673149525229,15.596221626956153,0.2857142857142857,0.0,0.021632470179720215,-0.00927018371818651,0.43616455022431755,0.9999999999999968,0.0,-0.06173923811086553,-0.00927018371818651,1.9837274731959547
0.14285714285714285,-1.0,-1.0,-0.1841042213694203,1.1649803840594672,1.1428571428571397,0.0,-0.04406623309263981,-0.07876673149525229,15.595516706612152,0.2857142857142857,0.0,-0.13242016480673693,-0.07593771473764734,0.43616455022431755,1.1428571428571397,0.0,-0.20322019813555525,-0.07593771473764734,1.9836007401211566
0.14285714285714285,-1.0,-1.0,-0.21293219000752836,1.1649803840594672,0.5714285714285714,0.0,-0.01426350843252469,-0.0365404415970713,15.589736359791342,0.2857142857142857,0.0,0.02446213136806897,-0.02338938661203957,0.39675056396218283,0.5714285714285714,0.0,-0.0591404952752926,-0.02338938661203957,1.9825615289078142
0.14285714285714285,-1.0,-1.0,-0.19130203264721551,-0.08982035928143722,0.9999999999999968,0.0,-0.04406623309263981,-0.07876673149525229,15.590582264204144,0.2857142857142857,-0.24999718750351554,0.021632470179720215,0.003591385860052632,0.40138899449978444,0.9999999999999968,-0.24999718750351554,-0.06173923811086553,0.003591385860052632,1.9827136085975718
0.0,-1.0,-1.0,-0.2561006959108353,1.1649803840594672,0.2857142857142857,0.0,0.04135174519990366,-0.019334172291499793,15.589031439447343,0.2857142857142857,-0.24999718750351554,0.09760872629558795,0.044859910020874,0.3747243555623146,0.2857142857142857,-0.24999718750351554,0.00803687221207467,0.044859910020874,1.9824347958330166
0.14285714285714285,-1.0,-1.0,-0.2268412258313289,1.1649803840594672,0.2857142857142857,0.0,0.04135174519990366,-0.019334172291499793,15.596221626956153,0.2857142857142857,0.0,0.021632470179720215,-0.00545190524964675,0.43616455022431755,0.2857142857142857,0.0,-0.06173923811086553,-0.00545190524964675,1.9837274731959547
0.0,-1.0,-1.0,-0.24790216852426505,1.1649803840594672,0.5714285714285714,0.0,0.04135174519990366,-0.019334172291499793,15.589031439447343,0.2857142857142857,-0.24999718750351554,0.021632470179720215,-0.0005964034280232386,0.3747243555623146,0.5714285714285714,-0.24999718750351554,-0.06173923811086553,-0.0005964034280232386,1.9824347958330166
0.14285714285714285,-1.0,-0.5023894186567145,-0.0689667835698941,-0.08982035928143722,0.2857142857142857,0.0,0.04135174519990366,-0.019334172291499793,15.589877343860143,0.2857142857142857,-0.24999718750351554,-0.11273468515965346,-0.04286973771214464,0.39675056396218283,0.2857142857142857,-0.24999718750351554,-0.18514117884931777,-0.04286973771214464,1.9825868755227738
0.2857142857142857,-1.0,-1.0,-0.19767356456914129,1.1766467065868265,0.42857142857142855,0.0,-0.01426350843252469,-0.0365404415970713,15.589031439447343,0.2857142857142857,0.0,-0.0487424361063414,-0.04476915297747926,0.40491217397916496,0.42857142857142855,0.0,-0.12637110438095478,-0.04476915297747926,1.9824347958330166
0.0,-1.0,-1.0,-0.2397954499550137,1.1649803840594672,0.2857142857142857,0.0,0.04135174519990366,-0.019334172291499793,15.595798674749751,0.2857142857142857,0.0,0.035663526216161534,0.011130703107780446,0.43616455022431755,0.2857142857142857,0.0,-0.04885320550019029,0.011130703107780446,1.9836514333510757
0.0,-1.0,-0.48047962025954477,-0.04293898386000992,-0.08982035928143722,0.2857142857142857,0.0,0.04135174519990366,-0.019334172291499793,15.589736359791342,0.2857142857142857,-0.24999718750351554,-0.10174696464357369,-0.04286973771214464,0.39675056396218283,0.2857142857142857,-0.24999718750351554,-0.17505012622152855,-0.04286973771214464,1.9825615289078142
0.14285714285714285,-1.0,-1.0,-0.2397954499550137,1.1649803840594672,0.14285714285714285,-1.0,0.00404171452330603,-0.019334172291499793,-0.29578457634287325,0.2857142857142857,0.0,-0.03449595454347989,-0.043459658494211094,0.3794134793298354,0.2857142857142857,0.0,-0.11328722633716225,-0.043459658494211094,0.3794134793298354
0.14285714285714285,-1.0,-1.0,-0.1981693321826629,1.1766467065868265,0.7142857142857143,0.0,-0.0010396540814393113,-0.0691568470426724,15.589877343860143,0.2857142857142857,-0.24999718750351554,-0.06267759994182365,-0.00927018371818651,0.40491217397916496,0.7142857142857143,-0.24999718750351554,-0.13916907020425073,-0.00927018371818651,1.9825868755227738
0.0,-1.0,-1.0,-0.2014193643157489,1.1766467065868265,0.5714285714285714,0.0,-0.01426350843252469,-0.0365404415970713,15.589031439447343,0.2857142857142857,-0.24999718750351554,0.0,-0.02338938661203957,0.40491217397916496,0.5714285714285714,-0.24999718750351554,-0.08160636111724154,-0.02338938661203957,1.9824347958330166
0.14285714285714285,-1.0,-1.0,-0.1841042213694203,1.1649803840594672,0.9999999999999968,0.0,-0.04406623309263981,-0.07876673149525229,15.589031439447343,0.2857142857142857,-0.24999718750351554,-0.0362781267789323,-0.04476915297747926,0.3747243555623146,0.9999999999999968,-0.24999718750351554,-0.11492396198159521,-0.04476915297747926,1.9824347958330166
0.14285714285714285,-1.0,-1.0,-0.2397954499550137,1.1766467065868265,0.2857142857142857,0.0,0.04135174519990366,-0.019334172291499793,15.589877343860143,0.2857142857142857,-0.24999718750351554,0.02446213136806897,0.011130703107780446,0.40491217397916496,0.2857142857142857,-0.24999718750351554,-0.0591404952752926,0.011130703107780446,1.9825868755227738
0.14285714285714285,-1.0,-0.48047962025954477,-0.1112722865904042,-0.08982035928143722,0.5714285714285714,0.0,-0.01426350843252469,-0.0365404415970713,15.595516706612152,0.2857142857142857,0.0,-0.15588168314802892,-0.05127124687212332,0.43616455022431755,0.5714285714285714,0.0,-0.22476710733872898,-0.05127124687212332,1.9836007401211566
0.0,-1.0,-1.0,-0.2561006959108353,-0.09931860417096834,0.14285714285714285,-1.0,0.05956522429966495,-0.002905846013042034,-0.29578457634287325,0.2857142857142857,0.0,0.035663526216161534,0.037359488648886864,0.39675056396218283,0.2857142857142857,0.0,-0.04885320550019029,0.037359488648886864,0.39675056396218283
0.14285714285714285,-1.0,-1.0,-0.21293219000752836,1.1649803840594672,0.42857142857142855,0.0,-0.01426350843252469,-0.0365404415970713,15.589736359791342,0.2857142857142857,0.0,0.02446213136806897,-0.020102685111955246,0.39675056396218283,0.42857142857142855,0.0,-0.0591404952752926,-0.020102685111955246,1.9825615289078142
0.0,-1.0,-1.0,-0.21293219000752836,-0.08982035928143722,0.5714285714285714,0.0,-0.01426350843252469,-0.0365404415970713,15.595516706612152,0.2857142857142857,0.0,0.09760872629558795,0.011130703107780446,0.43616455022431755,0.5714285714285714,0.0,0.00803687221207467,0.011130703107780446,1.9836007401211566
0.14285714285714285,-1.0,-0.48047962025954477,-0.08648390591432412,-0.08982035928143722,0.42857142857142855,0.0,-0.01426350843252469,-0.0365404415970713,15.589736359791342,0.2857142857142857,0.0,-0.15588168314802892,-0.05127124687212332,0.39675056396218283,0.42857142857142855,0.0,-0.22476710733872898,-0.05127124687212332,1.9825615289078142
0.14285714285714285,-1.0,-1.0,-0.24790216852426505,1.1649803840594672,0.2857142857142857,0.0,0.04135174519990366,-0.019334172291499793,15.589736359791342,0.2857142857142857,0.0,-0.03656842445056309,-0.039926616447769306,0.3747243555623146,0.2857142857142857,0.0,-0.1151905695166034,-0.039926616447769306,1.9825615289078142
0.14285714285714285,-1.0,-1.0,-0.21761443969078792,1.1649803840594672,0.2857142857142857,0.0,0.04135174519990366,-0.019334172291499793,15.590582264204144,0.2857142857142857,0.0,0.021632470179720215,-0.0005964034280232386,0.39675056396218283,0.2857142857142857,0.0,-0.06173923811086553,-0.0005964034280232386,1.9827136085975718
0.0,-1.0,-1.0,-0.2397954499550137,1.1649803840594672,0.2857142857142857,0.0,0.04135174519990366,-0.019334172291499793,15.59537572254335,0.2857142857142857,0.0,0.021632470179720215,-0.00545190524964675,0.4432616024129976,0.2857142857142857,0.0,-0.06173923811086553,-0.00545190524964675,1.983575393506197
0.0,-1.0,-0.6267139425607557,-0.0689667835698941,-0.08982035928143722,0.2857142857142857,0.0,0.04135174519990366,-0.019334172291499793,15.589031439447343,0.2857142857142857,-0.24999718750351554,-0.08413361153212101,0.008738606749730893,0.39675056396218283,0.2857142857142857,-0.24999718750351554,-0.15887413476457457,0.008738606749730893,1.9824347958330166
0.14285714285714285,-1.0,-1.0,-0.2268412258313289,1.1649803840594672,0.2857142857142857,0.0,0.04135174519990366,-0.019334172291499793,15.596221626956153,0.2857142857142857,0.0,0.021632470179720215,-0.00545190524964675,0.43616455022431755,0.2857142857142857,0.0,-0.06173923811086553,-0.00545190524964675,1.9837274731959547
0.14285714285714285,-1.0,-0.5023894186567145,-0.0689667835698941,-0.08982035928143722,0.2857142857142857,0.0,0.04135174519990366,-0.019334172291499793,15.596221626956153,0.2857142857142857,0.0,-0.11273468515965346,-0.04286973771214464,0.43616455022431755,0.2857142857142857,0.0,-0.18514117884931777,-0.04286973771214464,1.9837274731959547
0.14285714285714285,-1.0,-0.48047962025954477,-0.057876278437781196,-0.08982035928143722,0.857142857142854,0.0,-0.04406623309263981,-0.07876673149525229,15.596221626956153,0.2857142857142857,0.0,-0.1619677704572827,-0.06006819743546524,0.43616455022431755,0.857142857142854,0.0,-0.23035653120923272,-0.06006819743546524,1.9837274731959547
0.14285714285714285,-1.0,-1.0,-0.2397954499550137,1.1649803840594672,0.2857142857142857,0.0,0.04135174519990366,-0.019334172291499793,15.589031439447343,0.2857142857142857,0.0,0.021632470179720215,-0.0005964034280232386,0.3747243555623146,0.2857142857142857,0.0,-0.06173923811086553,-0.0005964034280232386,1.9824347958330166
0.0,-1.0,-1.0,-0.2268412258313289,-0.08982035928143722,0.5714285714285714,0.0,-0.01426350843252469,-0.0365404415970713,15.589031439447343,0.2857142857142857,-0.24999718750351554,0.08640733144749538,0.011130703107780446,0.39675056396218283,0.5714285714285714,-0.24999718750351554,-0.0022504175630276443,0.011130703107780446,1.9824347958330166
0.0,-1.0,-1.0,-0.2603881676796239,-0.08982035928143722,0.14285714285714285,-1.0,0.00404171452330603,-0.019334172291499793,-0.29578457634287325,0.2857142857142857,0.0,0.02446213136806897,0.01950628168393201,0.39675056396218283,0.2857142857142857,0.0,-0.0591404952752926,0.01950628168393201,0.39675056396218283
0.14285714285714285,-1.0,-0.48047962025954477,-0.04293898386000992,-0.08982035928143722,0.42857142857142855,0.0,-0.01426350843252469,-0.0365404415970713,15.594670802199351,0.2857142857142857,0.0,-0.09785698957857912,-0.023849654474970602,0.4432616024129976,0.42857142857142855,0.0,-0.171477597866425,-0.023849654474970602,1.9834486604313994
0.0,-1.0,-1.0,-0.2561006959108353,1.1649803840594672,0.2857142857142857,0.0,0.04135174519990366,-0.019334172291499793,15.589736359791342,0.2857142857142857,-0.24999718750351554,0.08640733144749538,0.043187387364026504,0.39675056396218283,0.2857142857142857,-0.24999718750351554,-0.0022504175630276443,0.043187387364026504,1.9825615289078142
0.2857142857142857,-1.0,-1.0,-0.1841042213694203,1.1649803840594672,0.857142857142854,0.0,-0.04406623309263981,-0.07876673149525229,15.596221626956153,0.2857142857142857,0.0,-0.13242016480673693,-0.07593771473764734,0.43616455022431755,0.857142857142854,0.0,-0.20322019813555525,-0.07593771473764734,1.9837274731959547
0.14285714285714285,-1.0,-1.0,-0.2561006959108353,1.1766467065868265,0.2857142857142857,0.0,0.04135174519990366,-0.019334172291499793,15.589031439447343,0.2857142857142857,-0.24999718750351554,0.11300989165594852,0.044859910020874,0.40491217397916496,0.2857142857142857,-0.24999718750351554,0.022181204510411306,0.044859910020874,1.9824347958330166
0.0,-1.0,-1.0,-0.25523769302803845,-0.08982035928143722,0.2857142857142857,0.0,0.04135174519990366,-0.019334172291499793,15.589031439447343,0.2857142857142857,-0.24999718750351554,0.09760872629558795,0.044859910020874,0.3747243555623146,0.2857142857142857,-0.24999718750351554,0.00803687221207467,0.044859910020874,1.9824347958330166
0.14285714285714285,-1.0,-0.21817855430768576,-0.03618185490534511,-0.08982035928143722,0.5714285714285714,0.0,-0.01426350843252469,-0.0365404415970713,15.595516706612152,0.2857142857142857,0.0,-0.15946689315752885,-0.059633860156361504,0.43616455022431755,0.5714285714285714,0.0,-0.21817855430768576,-0.059633860156361504,1.9836007401211566
0.14285714285714285,-1.0,-1.0,-0.24790216852426505,1.1649803840594672,0.2857142857142857,0.0,0.04135174519990366,-0.019334172291499793,15.589736359791342,0.2857142857142857,0.0,-0.03656842445056309,-0.039926616447769306,0.3747243555623146,0.2857142857142857,0.0,-0.1151905695166034,-0.039926616447769306,1.9825615289078142
0.14285714285714285,-1.0,-1.0,-0.1970768072565689,1.1649803840594672,0.42857142857142855,0.0,-0.01426350843252469,-0.0365404415970713,15.589031439447343,0.2857142857142857,0.0,-0.0487424361063414,-0.059633860156361504,0.39675056396218283,0.42857142857142855,0.0,-0.12637110438095478,-0.059633860156361504,1.9824347958330166
0.0,-1.0,-0.20128649724759748,-0.03510769174271504,-0.08982035928143722,0.5714285714285714,0.0,-0.01426350843252469,-0.0365404415970713,15.589031439447343,0.2857142857142857,0.0,-0.15946689315752885,-0.059633860156361504,0.39675056396218283,0.5714285714285714,0.0,-0.20128649724759748,-0.059633860156361504,1.9824347958330166
0.0,-1.0,-1.0,-0.2397954499550137,1.1649803840594672,0.2857142857142857,0.0,0.04135174519990366,-0.019334172291499793,15.596221626956153,0.2857142857142857,0.0,0.021632470179720215,-0.00545190524964675,0.43616455022431755,0.2857142857142857,0.0,-0.06173923811086553,-0.00545190524964675,1.9837274731959547
0.14285714285714285,-1.0,-0.21817855430768576,-0.08289418115715841,-0.08982035928143722,0.14285714285714285,-1.0,0.00404171452330603,-0.019334172291499793,-0.29578457634287325,0.2857142857142857,0.0,-0.1579708866905624,-0.05127124687212332,0.39675056396218283,0.2857142857142857,0.0,-0.21817855430768576,-0.05127124687212332,0.39675056396218283
0.14285714285714285,-1.0,-0.3932965438831556,-0.1112722865904042,-0.08982035928143722,0.5714285714285714,0.0,-0.01426350843252469,-0.0365404415970713,15.589031439447343,0.2857142857142857,0.0,-0.22422230243252173,-0.12781833032970744,0.40138899449978444,0.5714285714285714,0.0,-0.28753069736691556,-0.12781833032970744,1.9824347958330166
0.2857142857142857,-1.0,-1.0,-0.19767356456914129,1.1766467065868265,0.42857142857142855,0.0,-0.01426350843252469,-0.0365404415970713,15.589031439447343,0.2857142857142857,0.0,-0.0487424361063414,-0.04476915297747926,0.40491217397916496,0.42857142857142855,0.0,-0.12637110438095478,-0.04476915297747926,1.9824347958330166
0.14285714285714285,-1.0,-1.0,-0.21293219000752836,1.1649803840594672,0.42857142857142855,0.0,-0.01426350843252469,-0.0365404415970713,15.589031439447343,0.2857142857142857,0.0,0.035663526216161534,-0.010793605518028236,0.39675056396218283,0.42857142857142855,0.0,-0.04885320550019029,-0.010793605518028236,1.9824347958330166
0.14285714285714285,-1.0,-0.5023894186567145,-0.12826609867611696,-0.08982035928143722,0.14285714285714285,-1.0,0.05956522429966495,-0.002905846013042034,-0.29578457634287325,0.2857142857142857,0.0,-0.15588168314802892,-0.06313448897301921,0.39675056396218283,0.2857142857142857,0.0,-0.22476710733872898,-0.06313448897301921,0.39675056396218283
0.14285714285714285,-1.0,-1.0,-0.2397954499550137,1.1649803840594672,0.14285714285714285,-1.0,0.00404171452330603,-0.019334172291499793,-0.29578457634287325,0.2857142857142857,0.0,0.023718663499187175,-0.010793605518028236,0.5059691278229792,0.2857142857142857,0.0,-0.059823291436787364,-0.010793605518028236,0.5059691278229792
0.0,-1.0,-1.0,-0.2268412258313289,-0.08982035928143722,0.5714285714285714,0.0,-0.01426350843252469,-0.0365404415970713,15.595516706612152,0.2857142857142857,0.0,0.09760872629558795,0.011130703107780446,0.43616455022431755,0.5714285714285714,0.0,0.00803687221207467,0.011130703107780446,1.9836007401211566
0.0,-1.0,-0.6696144933671088,-0.13730008630028837,-0.09931860417096834,0.14285714285714285,-1.0,0.05956522429966495,-0.002905846013042034,-0.29578457634287325,0.2857142857142857,0.0,-0.031468276761350826,0.008738606749730893,0.5059691278229792,0.2857142857142857,0.0,-0.11050662632146827,0.008738606749730893,0.5059691278229792
0.0,-1.0,-1.0,-0.25523769302803845,1.1649803840594672,0.2857142857142857,0.0,0.04135174519990366,-0.019334172291499793,15.589031439447343,0.2857142857142857,0.0,0.035663526216161534,0.011130703107780446,0.39675056396218283,0.2857142857142857,0.0,-0.04885320550019029,0.011130703107780446,1.9824347958330166
0.14285714285714285,-1.0,-1.0,-0.1981693321826629,1.1649803840594672,0.7142857142857143,0.0,-0.0010396540814393113,-0.0691568470426724,15.589031439447343,0.2857142857142857,0.0,-0.06267759994182365,-0.02338938661203957,0.39675056396218283,0.7142857142857143,0.0,-0.13916907020425073,-0.02338938661203957,1.9824347958330166
0.0,-1.0,-0.6075083716269162,-0.04293898386000992,-0.08982035928143722,0.2857142857142857,0.0,0.04135174519990366,-0.019334172291499793,15.589031439447343,0.2857142857142857,-0.24999718750351554,-0.08413361153212101,0.008738606749730893,0.3747243555623146,0.2857142857142857,-0.24999718750351554,-0.15887413476457457,0.008738606749730893,1.9824347958330166
0.14285714285714285,-1.0,-0.3932965438831556,-0.12372156221883551,-0.08982035928143722,0.5714285714285714,0.0,-0.01426350843252469,-0.0365404415970713,15.590582264204144,0.2857142857142857,0.0,-0.22422230243252173,-0.12781833032970744,0.40138899449978444,0.5714285714285714,0.0,-0.28753069736691556,-0.12781833032970744,1.9827136085975718
0.0,-1.0,-0.6075083716269162,-0.09176291291015592,-0.08982035928143722,0.2857142857142857,0.0,0.04135174519990366,-0.019334172291499793,15.589736359791342,0.2857142857142857,-0.24999718750351554,-0.1409027559399098,-0.01476098484357376,0.40138899449978444,0.2857142857142857,-0.24999718750351554,-0.2110105558735045,-0.01476098484357376,1.9825615289078142
0.14285714285714285,-1.0,-1.0,-0.1931749325205193,-0.08982035928143722,0.9999999999999968,0.0,-0.04406623309263981,-0.07876673149525229,15.589031439447343,0.2857142857142857,-0.24999718750351554,0.021632470179720215,0.003591385860052632,0.39675056396218283,0.9999999999999968,-0.24999718750351554,-0.06173923811086553,0.003591385860052632,1.9824347958330166
0.0,-1.0,-0.48047962025954477,-0.04293898386000992,-0.08982035928143722,0.2857142857142857,0.0,0.04135174519990366,-0.019334172291499793,15.589736359791342,0.2857142857142857,-0.24999718750351554,-0.10174696464357369,-0.04286973771214464,0.3747243555623146,0.2857142857142857,-0.24999718750351554,-0.17505012622152855,-0.04286973771214464,1.9825615289078142
0.14285714285714285,-1.0,-0.3932965438831556,-0.057876278437781196,-0.08982035928143722,0.857142857142854,0.0,-0.04406623309263981,-0.07876673149525229,15.595798674749751,0.2857142857142857,0.0,-0.24866354537056565,-0.2286494055413658,0.43616455022431755,0.857142857142854,0.0,-0.3099773794076032,-0.2286494055413658,1.9836514333510757
0.14285714285714285,-1.0,-1.0,-0.19816015130093098,-0.08982035928143722,0.5714285714285714,0.0,-0.0010396540814393113,-0.0691568470426724,15.595516706612152,0.2857142857142857,0.0,0.021632470179720215,0.0,0.43616455022431755,0.5714285714285714,0.0,-0.06173923811086553,0.0,1.9836007401211566
0.14285714285714285,-1.0,-1.0,-0.2397954499550137,1.1649803840594672,0.2857142857142857,0.0,0.04135174519990366,-0.019334172291499793,15.589736359791342,0.2857142857142857,0.0,0.021632470179720215,-0.0005964034280232386,0.39675056396218283,0.2857142857142857,0.0,-0.06173923811086553,-0.0005964034280232386,1.9825615289078142
0.14285714285714285,-1.0,-1.0,-0.25523769302803845,1.1649803840594672,0.2857142857142857,0.0,0.04135174519990366,-0.019334172291499793,15.595516706612152,0.2857142857142857,0.0,0.02446213136806897,0.011130703107780446,0.43616455022431755,0.2857142857142857,0.0,-0.0591404952752926,0.011130703107780446,1.9836007401211566
0.14285714285714285,-1.0,-0.20128649724759748,-0.03510769174271504,-0.08982035928143722,0.42857142857142855,0.0,-0.01426350843252469,-0.0365404415970713,15.596503595093754,0.2857142857142857,0.0,-0.15946689315752885,-0.059633860156361504,0.43616455022431755,0.42857142857142855,0.0,-0.20128649724759748,-0.059633860156361504,1.9837781664258738
0.14285714285714285,-1.0,-1.0,-0.24790216852426505,1.1649803840594672,0.2857142857142857,0.0,0.04135174519990366,-0.019334172291499793,15.596221626956153,0.2857142857142857,0.0,-0.03656842445056309,-0.039926616447769306,0.43616455022431755,0.2857142857142857,0.0,-0.1151905695166034,-0.039926616447769306,1.9837274731959547
0.14285714285714285,-1.0,-1.0,-0.2014193643157489,1.1649803840594672,0.42857142857142855,0.0,-0.01426350843252469,-0.0365404415970713,15.595516706612152,0.2857142857142857,0.0,0.0,-0.02338938661203957,0.43616455022431755,0.42857142857142855,0.0,-0.08160636111724154,-0.02338938661203957,1.9836007401211566
0.14285714285714285,-1.0,-1.0,-0.2397954499550137,1.1649803840594672,0.5714285714285714,0.0,-0.01426350843252469,-0.0365404415970713,15.589031439447343,0.2857142857142857,0.0,0.035663526216161534,-0.010793605518028236,0.39675056396218283,0.5714285714285714,0.0,-0.04885320550019029,-0.010793605518028236,1.9824347958330166
0.14285714285714285,-1.0,-1.0,-0.19690237050366324,1.1649803840594672,0.7142857142857143,0.0,-0.0010396540814393113,-0.0691568470426724,15.589031439447343,0.2857142857142857,-0.24999718750351554,0.021632470179720215,0.003591385860052632,0.39675056396218283,0.7142857142857143,-0.24999718750351554,-0.06173923811086553,0.003591385860052632,1.9824347958330166
0.2857142857142857,-1.0,-1.0,-0.1970768072565689,1.1649803840594672,0.5714285714285714,0.0,-0.0010396540814393113,-0.0691568470426724,15.595798674749751,0.2857142857142857,0.0,-0.06267759994182365,-0.014145133477680361,0.43616455022431755,0.5714285714285714,0.0,-0.13916907020425073,-0.014145133477680361,1.9836514333510757
0.0,-1.0,-1.0,-0.25523769302803845,1.1649803840594672,0.2857142857142857,0.0,0.04135174519990366,-0.019334172291499793,15.589031439447343,0.2857142857142857,-0.24999718750351554,0.02446213136806897,0.011130703107780446,0.3747243555623146,0.2857142857142857,-0.24999718750351554,-0.0591404952752926,0.011130703107780446,1.9824347958330166
0.14285714285714285,-1.0,-1.0,-0.1981693321826629,-0.08982035928143722,0.7142857142857143,0.0,-0.0010396540814393113,-0.0691568470426724,15.589031439447343,0.2857142857142857,-0.24999718750351554,0.021632470179720215,0.003591385860052632,0.3747243555623146,0.7142857142857143,-0.24999718750351554,-0.06173923811086553,0.003591385860052632,1.9824347958330166
0.14285714285714285,-1.0,-1.0,-0.2397954499550137,1.1649803840594672,0.5714285714285714,0.0,-0.01426350843252469,-0.0365404415970713,15.589736359791342,0.2857142857142857,0.0,0.035663526216161534,-0.00927018371818651,0.3747243555623146,0.5714285714285714,0.0,-0.04885320550019029,-0.00927018371818651,1.9825615289078142
0.14285714285714285,-1.0,-0.21817855430768576,-0.03618185490534511,-0.08982035928143722,0.5714285714285714,0.0,-0.01426350843252469,-0.0365404415970713,15.589031439447343,0.2857142857142857,-0.24999718750351554,-0.15946689315752885,-0.059633860156361504,0.40138899449978444,0.5714285714285714,-0.24999718750351554,-0.21817855430768576,-0.059633860156361504,1.9824347958330166
0.14285714285714285,-1.0,-1.0,-0.25848772516112445,1.1649803840594672,0.14285714285714285,-1.0,0.05956522429966495,-0.002905846013042034,-0.29578457634287325,0.2857142857142857,0.0,-0.03449595454347989,-0.02338938661203957,0.3794134793298354,0.2857142857142857,0.0,-0.11328722633716225,-0.02338938661203957,0.3794134793298354
0.2857142857142857,-1.0,-1.0,-0.21293219000752836,1.1649803840594672,0.42857142857142855,0.0,-0.01426350843252469,-0.0365404415970713,15.595516706612152,0.2857142857142857,0.0,0.035663526216161534,-0.020102685111955246,0.43616455022431755,0.42857142857142855,0.0,-0.04885320550019029,-0.020102685111955246,1.9836007401211566
0.0,-1.0,-1.0,-0.2268412258313289,1.1649803840594672,0.2857142857142857,0.0,0.04135174519990366,-0.019334172291499793,15.59537572254335,0.2857142857142857,0.0,0.021632470179720215,-0.00545190524964675,0.4432616024129976,0.2857142857142857,0.0,-0.06173923811086553,-0.00545190524964675,1.983575393506197
0.0,-1.0,-1.0,-0.2561006959108353,1.1649803840594672,0.2857142857142857,0.0,0.04135174519990366,-0.019334172291499793,15.589736359791342,0.2857142857142857,-0.24999718750351554,0.035663526216161534,0.011130703107780446,0.3747243555623146,0.2857142857142857,-0.24999718750351554,-0.04885320550019029,0.011130703107780446,1.9825615289078142
0.14285714285714285,-1.0,-1.0,-0.1841042213694203,1.1649803840594672,0.9999999999999968,0.0,-0.04406623309263981,-0.07876673149525229,15.589031439447343,0.2857142857142857,-0.24999718750351554,-0.0362781267789323,-0.04476915297747926,0.3747243555623146,0.9999999999999968,-0.24999718750351554,-0.11492396198159521,-0.04476915297747926,1.9824347958330166
0.0,-1.0,-1.0,-0.2397954499550137,1.1649803840594672,0.14285714285714285,-1.0,0.05956522429966495,-0.002905846013042034,-0.29578457634287325,0.2857142857142857,0.0,0.023718663499187175,0.008388543868065122,0.5059691278229792,0.2857142857142857,0.0,-0.059823291436787364,0.008388543868065122,0.5059691278229792
0.14285714285714285,-1.0,-0.48047962025954477,-0.09176291291015592,-0.08982035928143722,0.2857142857142857,0.0,0.04135174519990366,-0.019334172291499793,15.595516706612152,0.2857142857142857,0.0,-0.17295549669621998,-0.08952534066304513,0.43616455022431755,0.2857142857142857,0.0,-0.2404475890928579,-0.08952534066304513,1.9836007401211566
0.0,-1.0,-1.0,-0.24790216852426505,1.1649803840594672,0.14285714285714285,-1.0,0.00404171452330603,-0.019334172291499793,-0.29578457634287325,0.2857142857142857,0.0,0.023718663499187175,-0.010793605518028236,0.39675056396218283,0.2857142857142857,0.0,-0.059823291436787364,-0.010793605518028236,0.39675056396218283
0.0,-1.0,-0.6075083716269162,-0.09176291291015592,-0.08982035928143722,0.2857142857142857,0.0,0.04135174519990366,-0.019334172291499793,15.589031439447343,0.2857142857142857,-0.24999718750351554,-0.1409027559399098,-0.02534714569098521,0.3747243555623146,0.2857142857142857,-0.24999718750351554,-0.2110105558735045,-0.02534714569098521,1.9824347958330166
0.14285714285714285,-1.0,-1.0,-0.2014193643157489,1.1649803840594672,0.42857142857142855,0.0,-0.01426350843252469,-0.0365404415970713,15.590582264204144,0.2857142857142857,0.0,0.0,-0.02338938661203957,0.39675056396218283,0.42857142857142855,0.0,-0.08160636111724154,-0.02338938661203957,1.9827136085975718
0.14285714285714285,-1.0,-1.0,-0.21293219000752836,1.1766467065868265,0.42857142857142855,0.0,-0.01426350843252469,-0.0365404415970713,15.589736359791342,0.2857142857142857,0.0,0.02446213136806897,-0.014145133477680361,0.40491217397916496,0.42857142857142855,0.0,-0.0591404952752926,-0.014145133477680361,1.9825615289078142
0.0,-1.0,-0.6075083716269162,-0.09176291291015592,-0.08982035928143722,0.2857142857142857,0.0,0.04135174519990366,-0.019334172291499793,15.595516706612152,0.2857142857142857,0.0,-0.1409027559399098,-0.030319335139830764,0.43616455022431755,0.2857142857142857,0.0,-0.2110105558735045,-0.030319335139830764,1.9836007401211566
0.14285714285714285,-1.0,-1.0,-0.21293219000752836,-0.08982035928143722,0.42857142857142855,0.0,-0.01426350843252469,-0.0365404415970713,15.594670802199351,0.2857142857142857,0.0,0.08640733144749538,0.011130703107780446,0.4432616024129976,0.42857142857142855,0.0,-0.0022504175630276443,0.011130703107780446,1.9834486604313994
0.2857142857142857,-1.0,-0.3932965438831556,-0.09176291291015592,-0.08982035928143722,0.42857142857142855,0.0,-0.01426350843252469,-0.0365404415970713,15.589736359791342,0.2857142857142857,0.0,-0.22422230243252173,-0.12781833032970744,0.3747243555623146,0.42857142857142855,0.0,-0.28753069736691556,-0.12781833032970744,1.9825615289078142
0.0,-1.0,-1.0,-0.2561006959108353,1.1649803840594672,0.2857142857142857,0.0,0.04135174519990366,-0.019334172291499793,15.595516706612152,0.2857142857142857,0.0,0.08640733144749538,0.043187387364026504,0.43616455022431755,0.2857142857142857,0.0,-0.0022504175630276443,0.043187387364026504,1.9836007401211566
0.14285714285714285,-1.0,-0.3932965438831556,-0.057876278437781196,-0.08982035928143722,0.857142857142854,0.0,-0.04406623309263981,-0.07876673149525229,15.594670802199351,0.2857142857142857,0.0,-0.24866354537056565,-0.2359229343048659,0.4432616024129976,0.857142857142854,0.0,-0.3099773794076032,-0.2359229343048659,1.9834486604313994
0.14285714285714285,-1.0,-1.0,-0.1981693321826629,1.1649803840594672,0.5714285714285714,0.0,-0.01426350843252469,-0.0365404415970713,15.589736359791342,0.2857142857142857,0.0,-0.0487424361063414,-0.059633860156361504,0.39675056396218283,0.5714285714285714,0.0,-0.12637110438095478,-0.059633860156361504,1.9825615289078142
0.14285714285714285,-1.0,-1.0,-0.1841042213694203,1.1649803840594672,0.9999999999999968,0.0,-0.04406623309263981,-0.07876673149525229,15.596503595093754,0.2857142857142857,0.0,-0.0362781267789323,-0.04476915297747926,0.43616455022431755,0.9999999999999968,0.0,-0.11492396198159521,-0.04476915297747926,1.9837781664258738
0.0,-1.0,-1.0,-0.2268412258313289,1.1649803840594672,0.2857142857142857,0.0,0.04135174519990366,-0.019334172291499793,15.589031439447343,0.2857142857142857,-0.24999718750351554,0.09760872629558795,0.044859910020874,0.39675056396218283,0.2857142857142857,-0.24999718750351554,0.00803687221207467,0.044859910020874,1.9824347958330166
0.14285714285714285,-1.0,-1.0,-0.19690237050366324,1.1649803840594672,0.9999999999999968,0.0,-0.04406623309263981,-0.07876673149525229,15.589031439447343,0.2857142857142857,0.0,-0.06267759994182365,-0.02534714569098521,0.39675056396218283,0.9999999999999968,0.0,-0.13916907020425073,-0.02534714569098521,1.9824347958330166
0.0,-1.0,-1.0,-0.2561006959108353,-0.08982035928143722,0.2857142857142857,0.0,0.04135174519990366,-0.019334172291499793,15.589736359791342,0.2857142857142857,-0.24999718750351554,0.09760872629558795,0.044859910020874,0.39675056396218283,0.2857142857142857,-0.24999718750351554,0.00803687221207467,0.044859910020874,1.9825615289078142
0.14285714285714285,-1.0,-0.5023894186567145,-0.03174748902884635,-0.08982035928143722,0.9999999999999968,0.0,-0.04406623309263981,-0.07876673149525229,15.595516706612152,0.2857142857142857,0.0,-0.11273468515965346,-0.044581156244732814,0.43616455022431755,0.9999999999999968,0.0,-0.18514117884931777,-0.044581156244732814,1.9836007401211566
0.14285714285714285,-1.0,-0.3932965438831556,-0.04293898386000992,-0.08982035928143722,0.9999999999999968,0.0,-0.04406623309263981,-0.07876673149525229,15.595516706612152,0.2857142857142857,0.0,-0.24866354537056565,-0.2286494055413658,0.43616455022431755,0.9999999999999968,0.0,-0.3099773794076032,-0.2286494055413658,1.9836007401211566
0.14285714285714285,-1.0,-1.0,-0.19767356456914129,1.1649803840594672,0.5714285714285714,0.0,-0.01426350843252469,-0.0365404415970713,15.589031439447343,0.2857142857142857,0.0,-0.0487424361063414,-0.05679446122729465,0.39675056396218283,0.5714285714285714,0.0,-0.12637110438095478,-0.05679446122729465,1.9824347958330166
0.14285714285714285,-1.0,-1.0,-0.1981693321826629,1.1649803840594672,0.5714285714285714,0.0,-0.01426350843252469,-0.0365404415970713,15.589031439447343,0.2857142857142857,0.0,-0.0487424361063414,-0.05679446122729465,0.39675056396218283,0.5714285714285714,0.0,-0.12637110438095478,-0.05679446122729465,1.9824347958330166
0.14285714285714285,-1.0,-0.48047962025954477,-0.058454673986889805,-0.08982035928143722,0.5714285714285714,0.0,-0.0010396540814393113,-0.0691568470426724,15.595516706612152,0.2857142857142857,0.0,-0.17295549669621998,-0.059633860156361504,0.43616455022431755,0.5714285714285714,0.0,-0.2404475890928579,-0.059633860156361504,1.9836007401211566
0.0,-1.0,-0.48047962025954477,-0.04293898386000992,-0.08982035928143722,0.5714285714285714,0.0,-0.01426350843252469,-0.0365404415970713,15.595516706612152,0.2857142857142857,0.0,-0.09785698957857912,-0.023849654474970602,0.43616455022431755,0.5714285714285714,0.0,-0.171477597866425,-0.023849654474970602,1.9836007401211566
0.14285714285714285,-1.0,-1.0,-0.2014193643157489,1.1649803840594672,0.5714285714285714,0.0,-0.01426350843252469,-0.0365404415970713,15.594670802199351,0.2857142857142857,0.0,0.0,-0.02338938661203957,0.4432616024129976,0.5714285714285714,0.0,-0.08160636111724154,-0.02338938661203957,1.9834486604313994
0.14285714285714285,-1.0,-0.21817855430768576,-0.03618185490534511,-0.08982035928143722,0.42857142857142855,0.0,-0.01426350843252469,-0.0365404415970713,15.596503595093754,0.2857142857142857,0.0,-0.15946689315752885,-0.059633860156361504,0.43616455022431755,0.42857142857142855,0.0,-0.21817855430768576,-0.059633860156361504,1.9837781664258738
0.14285714285714285,-1.0,-1.0,-0.2014193643157489,1.1649803840594672,0.42857142857142855,0.0,-0.01426350843252469,-0.0365404415970713,15.589736359791342,0.2857142857142857,0.0,0.0,-0.02338938661203957,0.39675056396218283,0.42857142857142855,0.0,-0.08160636111724154,-0.02338938661203957,1.9825615289078142
0.0,-1.0,-1.0,-0.2014193643157489,1.1649803840594672,0.5714285714285714,0.0,-0.01426350843252469,-0.0365404415970713,15.589031439447343,0.2857142857142857,0.0,0.0,-0.02338938661203957,0.39675056396218283,0.5714285714285714,0.0,-0.08160636111724154,-0.02338938661203957,1.9824347958330166
0.2857142857142857,-1.0,-1.0,-0.21293219000752836,1.1649803840594672,0.42857142857142855,0.0,-0.01426350843252469,-0.0365404415970713,15.589031439447343,0.2857142857142857,0.0,0.035663526216161534,-0.00927018371818651,0.3747243555623146,0.42857142857142855,0.0,-0.04885320550019029,-0.00927018371818651,1.9824347958330166
0.14285714285714285,-1.0,-1.0,-0.2014193643157489,1.1649803840594672,0.42857142857142855,0.0,-0.01426350843252469,-0.0365404415970713,15.596221626956153,0.2857142857142857,0.0,0.0,-0.02338938661203957,0.43616455022431755,0.42857142857142855,0.0,-0.08160636111724154,-0.02338938661203957,1.9837274731959547
0.14285714285714285,-1.0,-0.48047962025954477,-0.09176291291015592,-0.08982035928143722,0.2857142857142857,0.0,0.04135174519990366,-0.019334172291499793,15.589877343860143,0.2857142857142857,-0.24999718750351554,-0.1619677704572827,-0.08952534066304513,0.39675056396218283,0.2857142857142857,-0.24999718750351554,-0.23035653120923272,-0.08952534066304513,1.9825868755227738
0.14285714285714285,-1.0,-0.3932965438831556,-0.08289418115715841,-0.08982035928143722,0.5714285714285714,0.0,-0.01426350843252469,-0.0365404415970713,15.589031439447343,0.2857142857142857,0.0,-0.22422230243252173,-0.12781833032970744,0.3747243555623146,0.5714285714285714,0.0,-0.28753069736691556,-0.12781833032970744,1.9824347958330166
0.0,-1.0,-1.0,-0.21293219000752836,1.1649803840594672,0.5714285714285714,0.0,-0.01426350843252469,-0.0365404415970713,15.589736359791342,0.2857142857142857,-0.24999718750351554,0.1527754190861455,0.04294752946362582,0.39675056396218283,0.5714285714285714,-0.24999718750351554,0.05870161194912207,0.04294752946362582,1.9825615289078142
0.14285714285714285,-1.0,-1.0,-0.21761443969078792,1.1649803840594672,0.2857142857142857,0.0,0.04135174519990366,-0.019334172291499793,15.596503595093754,0.2857142857142857,0.0,0.021632470179720215,-0.00545190524964675,0.43616455022431755,0.2857142857142857,0.0,-0.06173923811086553,-0.00545190524964675,1.9837781664258738
0.14285714285714285,-1.0,-1.0,-0.2397954499550137,1.1649803840594672,0.5714285714285714,0.0,-0.01426350843252469,-0.0365404415970713,15.596221626956153,0.2857142857142857,0.0,0.02446213136806897,-0.020102685111955246,0.43616455022431755,0.5714285714285714,0.0,-0.0591404952752926,-0.020102685111955246,1.9837274731959547
0.14285714285714285,-1.0,-1.0,-0.19767356456914129,1.1649803840594672,0.5714285714285714,0.0,-0.01426350843252469,-0.0365404415970713,15.589736359791342,0.2857142857142857,0.0,-0.0487424361063414,-0.059633860156361504,0.39675056396218283,0.5714285714285714,0.0,-0.12637110438095478,-0.059633860156361504,1.9825615289078142
0.14285714285714285,-1.0,-1.0,-0.21293219000752836,1.1649803840594672,0.5714285714285714,0.0,-0.01426350843252469,-0.0365404415970713,15.595798674749751,0.2857142857142857,0.0,0.02446213136806897,-0.014145133477680361,0.43616455022431755,0.5714285714285714,0.0,-0.0591404952752926,-0.014145133477680361,1.9836514333510757
0.14285714285714285,-1.0,-0.48047962025954477,-0.09176291291015592,-0.08982035928143722,0.2857142857142857,0.0,0.04135174519990366,-0.019334172291499793,15.589031439447343,0.2857142857142857,-0.24999718750351554,-0.17295549669621998,-0.08952534066304513,0.39675056396218283,0.2857142857142857,-0.24999718750351554,-0.2404475890928579,-0.08952534066304513,1.9824347958330166
0.14285714285714285,-1.0,-1.0,-0.2268412258313289,1.1649803840594672,0.5714285714285714,0.0,-0.01426350843252469,-0.0365404415970713,15.589736359791342,0.2857142857142857,0.0,0.035663526216161534,-0.010793605518028236,0.39675056396218283,0.5714285714285714,0.0,-0.04885320550019029,-0.010793605518028236,1.9825615289078142
0.14285714285714285,-1.0,-1.0,-0.1981693321826629,1.1649803840594672,0.7142857142857143,0.0,-0.0010396540814393113,-0.0691568470426724,15.589031439447343,0.2857142857142857,-0.24999718750351554,0.021632470179720215,0.003591385860052632,0.3747243555623146,0.7142857142857143,-0.24999718750351554,-0.06173923811086553,0.003591385860052632,1.9824347958330166
0.14285714285714285,-1.0,-1.0,-0.2397954499550137,1.1649803840594672,0.2857142857142857,0.0,0.04135174519990366,-0.019334172291499793,15.595516706612152,0.2857142857142857,0.0,-0.03656842445056309,-0.030319335139830764,0.43616455022431755,0.2857142857142857,0.0,-0.1151905695166034,-0.030319335139830764,1.9836007401211566
0.0,-1.0,-1.0,-0.24790216852426505,1.1649803840594672,0.2857142857142857,0.0,0.04135174519990366,-0.019334172291499793,15.589031439447343,0.2857142857142857,0.0,0.021632470179720215,-0.0005964034280232386,0.39675056396218283,0.2857142857142857,0.0,-0.06173923811086553,-0.0005964034280232386,1.9824347958330166
0.14285714285714285,-1.0,-1.0,-0.1841042213694203,1.1766467065868265,0.9999999999999968,0.0,-0.04406623309263981,-0.07876673149525229,15.590582264204144,0.2857142857142857,-0.24999718750351554,-0.0362781267789323,-0.04476915297747926,0.40491217397916496,0.9999999999999968,-0.24999718750351554,-0.11492396198159521,-0.04476915297747926,1.9827136085975718
0.14285714285714285,-1.0,-0.21817855430768576,-0.03174748902884635,-0.08982035928143722,0.7142857142857143,0.0,-0.0010396540814393113,-0.0691568470426724,15.595516706612152,0.2857142857142857,0.0,-0.18555128295277878,-0.08952534066304513,0.43616455022431755,0.7142857142857143,0.0,-0.21817855430768576,-0.08952534066304513,1.9836007401211566
0.0,-1.0,-1.0,-0.2268412258313289,1.1649803840594672,0.2857142857142857,0.0,0.04135174519990366,-0.019334172291499793,15.596221626956153,0.2857142857142857,0.0,0.02446213136806897,0.011130703107780446,0.43616455022431755,0.2857142857142857,0.0,-0.0591404952752926,0.011130703107780446,1.9837274731959547
0.0,-1.0,-1.0,-0.2397954499550137,-0.08982035928143722,0.5714285714285714,0.0,-0.01426350843252469,-0.0365404415970713,15.589031439447343,0.2857142857142857,-0.24999718750351554,0.08640733144749538,0.011130703107780446,0.3747243555623146,0.5714285714285714,-0.24999718750351554,-0.0022504175630276443,0.011130703107780446,1.9824347958330166
0.14285714285714285,-1.0,-1.0,-0.1931749325205193,-0.08982035928143722,0.9999999999999968,0.0,-0.04406623309263981,-0.07876673149525229,15.596221626956153,0.2857142857142857,0.0,0.021632470179720215,-0.00927018371818651,0.43616455022431755,0.9999999999999968,0.0,-0.06173923811086553,-0.00927018371818651,1.9837274731959547
0.14285714285714285,-1.0,-1.0,-0.21293219000752836,-0.08982035928143722,0.42857142857142855,0.0,-0.01426350843252469,-0.0365404415970713,15.589877343860143,0.2857142857142857,-0.24999718750351554,0.09760872629558795,0.011130703107780446,0.39675056396218283,0.42857142857142855,-0.24999718750351554,0.00803687221207467,0.011130703107780446,1.9825868755227738
0.14285714285714285,-1.0,-1.0,-0.2397954499550137,1.1649803840594672,0.2857142857142857,0.0,0.04135174519990366,-0.019334172291499793,15.595516706612152,0.2857142857142857,0.0,-0.03656842445056309,-0.030319335139830764,0.43616455022431755,0.2857142857142857,0.0,-0.1151905695166034,-0.030319335139830764,1.9836007401211566
0.0,-1.0,-1.0,-0.2268412258313289,1.1649803840594672,0.2857142857142857,0.0,0.04135174519990366,-0.019334172291499793,15.596221626956153,0.2857142857142857,0.0,0.035663526216161534,0.011130703107780446,0.43616455022431755,0.2857142857142857,0.0,-0.04885320550019029,0.011130703107780446,1.9837274731959547
0.14285714285714285,-1.0,-0.48047962025954477,-0.1171296891353446,-0.08982035928143722,0.2857142857142857,0.0,0.04135174519990366,-0.019334172291499793,15.595516706612152,0.2857142857142857,0.0,-0.17295549669621998,-0.08952534066304513,0.43616455022431755,0.2857142857142857,0.0,-0.2404475890928579,-0.08952534066304513,1.9836007401211566
0.0,-1.0,-0.4576051394507305,-0.04293898386000992,-0.08982035928143722,0.7142857142857143,0.0,-0.0010396540814393113,-0.0691568470426724,15.589877343860143,0.2857142857142857,-0.24999718750351554,-0.1619677704572827,-0.05127124687212332,0.39675056396218283,0.7142857142857143,-0.24999718750351554,-0.23035653120923272,-0.05127124687212332,1.9825868755227738
0.14285714285714285,-1.0,-0.3932965438831556,-0.058454673986889805,-0.08982035928143722,0.5714285714285714,0.0,-0.0010396540814393113,-0.0691568470426724,15.589031439447343,0.2857142857142857,0.0,-0.24866354537056565,-0.19903667881082346,0.3747243555623146,0.5714285714285714,0.0,-0.3099773794076032,-0.19903667881082346,1.9824347958330166
0.14285714285714285,-1.0,-1.0,-0.2397954499550137,1.1649803840594672,0.5714285714285714,0.0,-0.01426350843252469,-0.0365404415970713,15.595516706612152,0.2857142857142857,0.0,0.08640733144749538,0.011130703107780446,0.43616455022431755,0.5714285714285714,0.0,-0.0022504175630276443,0.011130703107780446,1.9836007401211566
0.14285714285714285,-1.0,-0.5023894186567145,-0.03618185490534511,-0.08982035928143722,0.7142857142857143,0.0,-0.0010396540814393113,-0.0691568470426724,15.589031439447343,0.2857142857142857,-0.24999718750351554,-0.10174696464357369,-0.039926616447769306,0.39675056396218283,0.7142857142857143,-0.24999718750351554,-0.17505012622152855,-0.039926616447769306,1.9824347958330166
0.14285714285714285,-1.0,-1.0,-0.1841042213694203,1.1649803840594672,0.9999999999999968,0.0,-0.04406623309263981,-0.07876673149525229,15.595516706612152,0.2857142857142857,0.0,-0.0362781267789323,-0.04476915297747926,0.43616455022431755,0.9999999999999968,0.0,-0.11492396198159521,-0.04476915297747926,1.9836007401211566
0.14285714285714285,-1.0,-1.0,-0.2397954499550137,1.1649803840594672,0.5714285714285714,0.0,-0.01426350843252469,-0.0365404415970713,15.594670802199351,0.2857142857142857,0.0,0.02446213136806897,-0.02338938661203957,0.4432616024129976,0.5714285714285714,0.0,-0.0591404952752926,-0.02338938661203957,1.9834486604313994
0.14285714285714285,-1.0,-1.0,-0.24790216852426505,1.1649803840594672,0.2857142857142857,0.0,0.04135174519990366,-0.019334172291499793,15.595516706612152,0.2857142857142857,0.0,-0.03656842445056309,-0.030319335139830764,0.43616455022431755,0.2857142857142857,0.0,-0.1151905695166034,-0.030319335139830764,1.9836007401211566
0.14285714285714285,-1.0,-0.3932965438831556,-0.08648390591432412,-0.08982035928143722,0.42857142857142855,0.0,-0.01426350843252469,-0.0365404415970713,15.589031439447343,0.2857142857142857,0.0,-0.22422230243252173,-0.1357466063348417,0.39675056396218283,0.42857142857142855,0.0,-0.28753069736691556,-0.1357466063348417,1.9824347958330166
0.14285714285714285,-1.0,-1.0,-0.24790216852426505,1.1649803840594672,0.2857142857142857,0.0,0.04135174519990366,-0.019334172291499793,15.589736359791342,0.2857142857142857,0.0,-0.03656842445056309,-0.030319335139830764,0.39675056396218283,0.2857142857142857,0.0,-0.1151905695166034,-0.030319335139830764,1.9825615289078142
0.0,-1.0,-0.20128649724759748,-0.03510769174271504,-0.08982035928143722,0.5714285714285714,0.0,-0.01426350843252469,-0.0365404415970713,15.589031439447343,0.2857142857142857,0.0,-0.15946689315752885,-0.059633860156361504,0.39675056396218283,0.5714285714285714,0.0,-0.20128649724759748,-0.059633860156361504,1.9824347958330166
0.0,-1.0,-1.0,-0.2397954499550137,-0.08982035928143722,0.5714285714285714,0.0,-0.01426350843252469,-0.0365404415970713,15.589031439447343,0.2857142857142857,-0.24999718750351554,0.09760872629558795,0.011130703107780446,0.3747243555623146,0.5714285714285714,-0.24999718750351554,0.00803687221207467,0.011130703107780446,1.9824347958330166
0.14285714285714285,-1.0,-0.48047962025954477,-0.09176291291015592,-0.08982035928143722,0.2857142857142857,0.0,0.04135174519990366,-0.019334172291499793,15.595516706612152,0.2857142857142857,0.0,-0.1619677704572827,-0.08952534066304513,0.43616455022431755,0.2857142857142857,0.0,-0.23035653120923272,-0.08952534066304513,1.9836007401211566
0.14285714285714285,-1.0,-1.0,-0.2397954499550137,1.1649803840594672,0.2857142857142857,0.0,0.04135174519990366,-0.019334172291499793,15.596221626956153,0.2857142857142857,0.0,-0.03656842445056309,-0.030319335139830764,0.43616455022431755,0.2857142857142857,0.0,-0.1151905695166034,-0.030319335139830764,1.9837274731959547
0.14285714285714285,-1.0,-0.6696144933671088,-0.09561888323754619,-0.09931860417096834,0.14285714285714285,-1.0,0.00404171452330603,-0.019334172291499793,-0.29578457634287325,0.2857142857142857,-0.24999718750351554,0.023718663499187175,0.011130703107780446,0.39675056396218283,0.2857142857142857,-0.24999718750351554,-0.059823291436787364,0.011130703107780446,0.39675056396218283
0.14285714285714285,-1.0,-1.0,-0.2014193643157489,1.1649803840594672,0.42857142857142855,0.0,-0.01426350843252469,-0.0365404415970713,15.589877343860143,0.2857142857142857,0.0,0.0,-0.02338938661203957,0.39675056396218283,0.42857142857142855,0.0,-0.08160636111724154,-0.02338938661203957,1.9825868755227738
0.14285714285714285,-1.0,-0.3932965438831556,-0.1112722865904042,-0.08982035928143722,0.5714285714285714,0.0,-0.01426350843252469,-0.0365404415970713,15.589736359791342,0.2857142857142857,0.0,-0.22422230243252173,-0.1357466063348417,0.39675056396218283,0.5714285714285714,0.0,-0.28753069736691556,-0.1357466063348417,1.9825615289078142
0.14285714285714285,-1.0,-1.0,-0.21293219000752836,1.1649803840594672,0.5714285714285714,0.0,-0.01426350843252469,-0.0365404415970713,15.595516706612152,0.2857142857142857,0.0,0.035663526216161534,-0.014145133477680361,0.43616455022431755,0.5714285714285714,0.0,-0.04885320550019029,-0.014145133477680361,1.9836007401211566
0.14285714285714285,-1.0,-1.0,-0.2561006959108353,1.1649803840594672,0.14285714285714285,-1.0,0.05956522429966495,-0.002905846013042034,-0.29578457634287325,0.2857142857142857,0.24999718750351568,-0.03449595454347989,-0.02338938661203957,0.5059691278229792,0.2857142857142857,0.24999718750351568,-0.11328722633716225,-0.02338938661203957,0.5059691278229792
0.0,-1.0,-0.20128649724759748,-0.03510769174271504,-0.08982035928143722,0.5714285714285714,0.0,-0.01426350843252469,-0.0365404415970713,15.596221626956153,0.2857142857142857,0.0,-0.15946689315752885,-0.059633860156361504,0.43616455022431755,0.5714285714285714,0.0,-0.20128649724759748,-0.059633860156361504,1.9837274731959547
0.14285714285714285,-1.0,-1.0,-0.2397954499550137,1.1649803840594672,0.2857142857142857,0.0,0.04135174519990366,-0.019334172291499793,15.589031439447343,0.2857142857142857,0.0,0.02446213136806897,0.011130703107780446,0.39675056396218283,0.2857142857142857,0.0,-0.0591404952752926,0.011130703107780446,1.9824347958330166
0.0,-1.0,-0.6520379845571976,-0.13730008630028837,-0.09931860417096834,0.14285714285714285,-1.0,0.05956522429966495,-0.002905846013042034,-0.29578457634287325,0.2857142857142857,0.0,-0.031468276761350826,0.008738606749730893,0.5059691278229792,0.2857142857142857,0.0,-0.11050662632146827,0.008738606749730893,0.5059691278229792
0.0,-1.0,-0.48047962025954477,-0.04293898386000992,-0.08982035928143722,0.5714285714285714,0.0,-0.01426350843252469,-0.0365404415970713,15.596221626956153,0.2857142857142857,0.0,-0.09785698957857912,-0.023849654474970602,0.43616455022431755,0.5714285714285714,0.0,-0.171477597866425,-0.023849654474970602,1.9837274731959547
0.14285714285714285,-1.0,-0.48047962025954477,-0.1171296891353446,-0.08982035928143722,0.2857142857142857,0.0,0.04135174519990366,-0.019334172291499793,15.589031439447343,0.2857142857142857,-0.24999718750351554,-0.17295549669621998,-0.08952534066304513,0.39675056396218283,0.2857142857142857,-0.24999718750351554,-0.2404475890928579,-0.08952534066304513,1.9824347958330166
0.0,-1.0,-0.6075083716269162,-0.12826609867611696,-0.08982035928143722,0.2857142857142857,0.0,0.04135174519990366,-0.019334172291499793,15.595516706612152,0.2857142857142857,0.0,-0.1409027559399098,-0.030319335139830764,0.43616455022431755,0.2857142857142857,0.0,-0.2110105558735045,-0.030319335139830764,1.9836007401211566
0.14285714285714285,-1.0,-1.0,-0.24790216852426505,1.1649803840594672,0.14285714285714285,-1.0,0.00404171452330603,-0.019334172291499793,-0.29578457634287325,0.2857142857142857,0.24999718750351568,-0.03449595454347989,-0.044581156244732814,0.5059691278229792,0.2857142857142857,0.24999718750351568,-0.11328722633716225,-0.044581156244732814,0.5059691278229792
0.0,-1.0,-1.0,-0.2561006959108353,1.1649803840594672,0.2857142857142857,0.0,0.04135174519990366,-0.019334172291499793,15.589031439447343,0.2857142857142857,-0.24999718750351554,0.035663526216161534,0.011130703107780446,0.3747243555623146,0.2857142857142857,-0.24999718750351554,-0.04885320550019029,0.011130703107780446,1.9824347958330166
0.14285714285714285,-1.0,-1.0,-0.21293219000752836,-0.08982035928143722,0.42857142857142855,0.0,-0.01426350843252469,-0.0365404415970713,15.589736359791342,0.2857142857142857,-0.24999718750351554,0.08640733144749538,0.011130703107780446,0.39675056396218283,0.42857142857142855,-0.24999718750351554,-0.0022504175630276443,0.011130703107780446,1.9825615289078142
0.14285714285714285,-1.0,-1.0,-0.1841042213694203,1.1649803840594672,0.9999999999999968,0.0,-0.04406623309263981,-0.07876673149525229,15.589031439447343,0.2857142857142857,0.0,-0.13242016480673693,-0.07554875598024088,0.39675056396218283,0.9999999999999968,0.0,-0.20322019813555525,-0.07554875598024088,1.9824347958330166
0.14285714285714285,-1.0,-1.0,-0.2603881676796239,1.1649803840594672,0.2857142857142857,0.0,0.04135174519990366,-0.019334172291499793,15.59537572254335,0.2857142857142857,0.0,0.023718663499187175,0.008738606749730893,0.4432616024129976,0.2857142857142857,0.0,-0.059823291436787364,0.008738606749730893,1.983575393506197
0.14285714285714285,-1.0,-0.3932965438831556,-0.058454673986889805,-0.08982035928143722,0.7142857142857143,0.0,-0.0010396540814393113,-0.0691568470426724,15.596221626956153,0.2857142857142857,0.0,-0.24866354537056565,-0.2169741601732163,0.43616455022431755,0.7142857142857143,0.0,-0.3099773794076032,-0.2169741601732163,1.9837274731959547
0.0,-1.0,-1.0,-0.2397954499550137,1.1649803840594672,0.14285714285714285,-1.0,0.05956522429966495,-0.002905846013042034,-0.29578457634287325,0.2857142857142857,0.0,0.023718663499187175,0.008388543868065122,0.5059691278229792,0.2857142857142857,0.0,-0.059823291436787364,0.008388543868065122,0.5059691278229792
0.14285714285714285,-1.0,-0.33468899037440947,-0.03174748902884635,-0.08982035928143722,0.9999999999999968,0.0,-0.04406623309263981,-0.07876673149525229,15.589736359791342,0.2857142857142857,-0.24999718750351554,-0.18555128295277878,-0.10794902047219593,0.40138899449978444,0.9999999999999968,-0.24999718750351554,-0.2520154790676084,-0.10794902047219593,1.9825615289078142
0.0,-1.0,-0.6696144933671088,-0.14248728447880138,-0.09931860417096834,0.14285714285714285,-1.0,0.05956522429966495,-0.002905846013042034,-0.29578457634287325,0.2857142857142857,-0.24999718750351554,-0.031468276761350826,0.008738606749730893,0.39675056396218283,0.2857142857142857,-0.24999718750351554,-0.11050662632146827,0.008738606749730893,0.39675056396218283
0.14285714285714285,-1.0,-1.0,-0.21761443969078792,1.1766467065868265,0.2857142857142857,0.0,0.04135174519990366,-0.019334172291499793,15.589877343860143,0.2857142857142857,-0.24999718750351554,0.02446213136806897,0.011130703107780446,0.40491217397916496,0.2857142857142857,-0.24999718750351554,-0.0591404952752926,0.011130703107780446,1.9825868755227738
0.0,-1.0,-0.48047962025954477,-0.03384991094544729,-0.08982035928143722,0.7142857142857143,0.0,-0.0010396540814393113,-0.0691568470426724,15.596221626956153,0.2857142857142857,0.0,-0.10174696464357369,-0.039926616447769306,0.43616455022431755,0.7142857142857143,0.0,-0.17505012622152855,-0.039926616447769306,1.9837274731959547
0.14285714285714285,-1.0,-0.3932965438831556,-0.08289418115715841,-0.08982035928143722,0.5714285714285714,0.0,-0.01426350843252469,-0.0365404415970713,15.589736359791342,0.2857142857142857,0.0,-0.22422230243252173,-0.12781833032970744,0.40138899449978444,0.5714285714285714,0.0,-0.28753069736691556,-0.12781833032970744,1.9825615289078142
0.14285714285714285,-1.0,-1.0,-0.24790216852426505,1.1649803840594672,0.14285714285714285,-1.0,0.05956522429966495,-0.002905846013042034,-0.29578457634287325,0.2857142857142857,0.0,0.023718663499187175,0.008388543868065122,0.5059691278229792,0.2857142857142857,0.0,-0.059823291436787364,0.008388543868065122,0.5059691278229792
0.0,-1.0,-1.0,-0.2603881676796239,-0.09931860417096834,0.14285714285714285,-1.0,0.00404171452330603,-0.019334172291499793,-0.29578457634287325,0.2857142857142857,0.0,0.09464705022948068,0.04705104435426355,0.5059691278229792,0.2857142857142857,0.0,0.005316887752530455,0.04705104435426355,0.5059691278229792
0.14285714285714285,-1.0,-1.0,-0.19767356456914129,1.1649803840594672,0.5714285714285714,0.0,-0.01426350843252469,-0.0365404415970713,15.589031439447343,0.2857142857142857,0.0,-0.0487424361063414,-0.04476915297747926,0.3747243555623146,0.5714285714285714,0.0,-0.12637110438095478,-0.04476915297747926,1.9824347958330166
0.14285714285714285,-1.0,-0.21817855430768576,-0.03618185490534511,-0.08982035928143722,0.5714285714285714,0.0,-0.01426350843252469,-0.0365404415970713,15.589031439447343,0.2857142857142857,0.0,-0.15946689315752885,-0.059633860156361504,0.39675056396218283,0.5714285714285714,0.0,-0.21817855430768576,-0.059633860156361504,1.9824347958330166
0.0,-1.0,-1.0,-0.2397954499550137,1.1649803840594672,0.2857142857142857,0.0,0.04135174519990366,-0.019334172291499793,15.589736359791342,0.2857142857142857,0.0,0.021632470179720215,-0.0005964034280232386,0.39675056396218283,0.2857142857142857,0.0,-0.06173923811086553,-0.0005964034280232386,1.9825615289078142
0.14285714285714285,-1.0,-1.0,-0.2014193643157489,1.1649803840594672,0.42857142857142855,0.0,-0.01426350843252469,-0.0365404415970713,15.589736359791342,0.2857142857142857,-0.24999718750351554,0.0,-0.02338938661203957,0.3747243555623146,0.42857142857142855,-0.24999718750351554,-0.08160636111724154,-0.02338938661203957,1.9825615289078142
0.14285714285714285,-1.0,-0.3932965438831556,-0.12372156221883551,-0.08982035928143722,0.5714285714285714,0.0,-0.01426350843252469,-0.0365404415970713,15.589031439447343,0.2857142857142857,0.0,-0.22422230243252173,-0.1357466063348417,0.39675056396218283,0.5714285714285714,0.0,-0.28753069736691556,-0.1357466063348417,1.9824347958330166
0.14285714285714285,-1.0,-1.0,-0.2397954499550137,1.1649803840594672,0.42857142857142855,0.0,0.04135174519990366,-0.019334172291499793,15.589031439447343,0.2857142857142857,0.0,0.021632470179720215,-0.0005964034280232386,0.39675056396218283,0.42857142857142855,0.0,-0.06173923811086553,-0.0005964034280232386,1.9824347958330166
0.14285714285714285,-1.0,-1.0,-0.1841042213694203,1.1649803840594672,0.857142857142854,0.0,-0.04406623309263981,-0.07876673149525229,15.589736359791342,0.2857142857142857,0.0,-0.0362781267789323,-0.04476915297747926,0.39675056396218283,0.857142857142854,0.0,-0.11492396198159521,-0.04476915297747926,1.9825615289078142
0.14285714285714285,-1.0,-1.0,-0.18782247847083236,1.1649803840594672,0.9999999999999968,0.0,-0.04406623309263981,-0.07876673149525229,15.595516706612152,0.2857142857142857,0.0,-0.13242016480673693,-0.07593771473764734,0.43616455022431755,0.9999999999999968,0.0,-0.20322019813555525,-0.07593771473764734,1.9836007401211566
0.0,-1.0,-0.6696144933671088,-0.11227300269917925,-0.09931860417096834,0.14285714285714285,0.0,0.00404171452330603,-0.019334172291499793,-0.29578457634287325,0.2857142857142857,0.0,0.023718663499187175,0.011130703107780446,0.5059691278229792,0.2857142857142857,0.0,-0.059823291436787364,0.011130703107780446,0.5059691278229792
0.14285714285714285,-1.0,-1.0,-0.2014193643157489,1.1766467065868265,0.42857142857142855,0.0,-0.01426350843252469,-0.0365404415970713,15.589736359791342,0.2857142857142857,-0.24999718750351554,0.0,-0.02338938661203957,0.40491217397916496,0.42857142857142855,-0.24999718750351554,-0.08160636111724154,-0.02338938661203957,1.9825615289078142
0.0,-1.0,-1.0,-0.2397954499550137,1.1649803840594672,0.14285714285714285,-1.0,0.00404171452330603,-0.019334172291499793,-0.29578457634287325,0.2857142857142857,0.0,0.023718663499187175,-0.00927018371818651,0.3794134793298354,0.2857142857142857,0.0,-0.059823291436787364,-0.00927018371818651,0.3794134793298354
0.14285714285714285,-1.0,-0.5023894186567145,-0.0689667835698941,-0.08982035928143722,0.2857142857142857,0.0,0.04135174519990366,-0.019334172291499793,15.596221626956153,0.2857142857142857,0.0,-0.10174696464357369,-0.04286973771214464,0.43616455022431755,0.2857142857142857,0.0,-0.17505012622152855,-0.04286973771214464,1.9837274731959547
0.14285714285714285,-1.0,-0.3932965438831556,-0.09176291291015592,-0.08982035928143722,0.5714285714285714,0.0,-0.01426350843252469,-0.0365404415970713,15.589031439447343,0.2857142857142857,0.0,-0.22422230243252173,-0.1357466063348417,0.39675056396218283,0.5714285714285714,0.0,-0.28753069736691556,-0.1357466063348417,1.9824347958330166
0.14285714285714285,-1.0,-1.0,-0.21761443969078792,1.1649803840594672,0.5714285714285714,0.0,-0.01426350843252469,-0.0365404415970713,15.589877343860143,0.2857142857142857,-0.24999718750351554,0.09760872629558795,0.011130703107780446,0.39675056396218283,0.5714285714285714,-0.24999718750351554,0.00803687221207467,0.011130703107780446,1.9825868755227738
0.14285714285714285,-1.0,-0.21817855430768576,-0.03618185490534511,-0.08982035928143722,0.5714285714285714,0.0,-0.01426350843252469,-0.0365404415970713,15.589031439447343,0.2857142857142857,0.0,-0.15946689315752885,-0.059633860156361504,0.39675056396218283,0.5714285714285714,0.0,-0.21817855430768576,-0.059633860156361504,1.9824347958330166
0.14285714285714285,-1.0,-0.5023894186567145,-0.1112722865904042,-0.08982035928143722,0.14285714285714285,-1.0,0.05956522429966495,-0.002905846013042034,-0.29578457634287325,0.2857142857142857,0.0,-0.09785698957857912,-0.039926616447769306,0.5059691278229792,0.2857142857142857,0.0,-0.171477597866425,-0.039926616447769306,0.5059691278229792
0.2857142857142857,-1.0,-1.0,-0.2397954499550137,1.1649803840594672,0.14285714285714285,-1.0,0.00404171452330603,-0.019334172291499793,-0.29578457634287325,0.2857142857142857,0.24999718750351568,-0.03449595454347989,-0.044581156244732814,0.5059691278229792,0.2857142857142857,0.24999718750351568,-0.11328722633716225,-0.044581156244732814,0.5059691278229792
0.14285714285714285,-1.0,-0.21817855430768576,-0.011237399239823018,-0.08982035928143722,0.857142857142854,0.0,-0.04406623309263981,-0.07876673149525229,15.589031439447343,0.2857142857142857,-0.24999718750351554,-0.18555128295277878,-0.10537541002735688,0.40138899449978444,0.857142857142854,-0.24999718750351554,-0.21817855430768576,-0.10537541002735688,1.9824347958330166
0.0,-1.0,-1.0,-0.2268412258313289,1.1766467065868265,0.2857142857142857,0.0,0.04135174519990366,-0.019334172291499793,15.589736359791342,0.2857142857142857,-0.24999718750351554,0.02446213136806897,0.011130703107780446,0.40491217397916496,0.2857142857142857,-0.24999718750351554,-0.0591404952752926,0.011130703107780446,1.9825615289078142
0.14285714285714285,-1.0,-1.0,-0.1970768072565689,1.1649803840594672,0.42857142857142855,0.0,-0.01426350843252469,-0.0365404415970713,15.595798674749751,0.2857142857142857,0.24999718750351568,-0.0487424361063414,-0.05679446122729465,0.43616455022431755,0.42857142857142855,0.24999718750351568,-0.12637110438095478,-0.05679446122729465,1.9836514333510757
0.0,-1.0,-0.48047962025954477,-0.04293898386000992,-0.08982035928143722,0.2857142857142857,0.0,0.04135174519990366,-0.019334172291499793,15.589031439447343,0.2857142857142857,-0.24999718750351554,-0.11273468515965346,-0.04286973771214464,0.39675056396218283,0.2857142857142857,-0.24999718750351554,-0.18514117884931777,-0.04286973771214464,1.9824347958330166
0.0,-1.0,-1.0,-0.2561006959108353,-0.08982035928143722,0.2857142857142857,0.0,0.04135174519990366,-0.019334172291499793,15.596221626956153,0.2857142857142857,0.0,0.09760872629558795,0.044859910020874,0.43616455022431755,0.2857142857142857,0.0,0.00803687221207467,0.044859910020874,1.9837274731959547
0.14285714285714285,-1.0,-1.0,-0.19767356456914129,1.1649803840594672,0.9999999999999968,0.0,-0.04406623309263981,-0.07876673149525229,15.589031439447343,0.2857142857142857,-0.24999718750351554,-0.06267759994182365,-0.02534714569098521,0.3747243555623146,0.9999999999999968,-0.24999718750351554,-0.13916907020425073,-0.02534714569098521,1.9824347958330166
0.2857142857142857,-1.0,-1.0,-0.21293219000752836,1.1649803840594672,0.42857142857142855,0.0,-0.01426350843252469,-0.0365404415970713,15.590582264204144,0.2857142857142857,0.0,0.035663526216161534,-0.010793605518028236,0.39675056396218283,0.42857142857142855,0.0,-0.04885320550019029,-0.010793605518028236,1.9827136085975718
0.0,-1.0,-0.6696144933671088,-0.13730008630028837,-0.08982035928143722,0.14285714285714285,-1.0,0.00404171452330603,-0.019334172291499793,-0.29578457634287325,0.2857142857142857,0.0,-0.031468276761350826,-0.010793605518028236,0.5059691278229792,0.2857142857142857,0.0,-0.11050662632146827,-0.010793605518028236,0.5059691278229792
0.14285714285714285,-1.0,-1.0,-0.2397954499550137,1.1649803840594672,0.2857142857142857,0.0,0.04135174519990366,-0.019334172291499793,15.589031439447343,0.2857142857142857,0.0,-0.03656842445056309,-0.030319335139830764,0.39675056396218283,0.2857142857142857,0.0,-0.1151905695166034,-0.030319335139830764,1.9824347958330166
0.2857142857142857,-1.0,-1.0,-0.19130203264721551,1.1649803840594672,0.5714285714285714,0.0,-0.0010396540814393113,-0.0691568470426724,15.596221626956153,0.2857142857142857,0.0,-0.13242016480673693,-0.07554875598024088,0.43616455022431755,0.5714285714285714,0.0,-0.20322019813555525,-0.07554875598024088,1.9837274731959547
0.14285714285714285,-1.0,-1.0,-0.25890086483905916,1.1649803840594672,0.7142857142857143,0.0,-0.0010396540814393113,-0.0691568470426724,15.595516706612152,0.2857142857142857,0.0,-0.031468276761350826,0.0,0.43616455022431755,0.7142857142857143,0.0,-0.11050662632146827,0.0,1.9836007401211566
0.14285714285714285,-1.0,-1.0,-0.1970768072565689,1.1649803840594672,0.42857142857142855,0.0,-0.01426350843252469,-0.0365404415970713,15.589877343860143,0.2857142857142857,0.0,-0.0487424361063414,-0.05679446122729465,0.39675056396218283,0.42857142857142855,0.0,-0.12637110438095478,-0.05679446122729465,1.9825868755227738
0.14285714285714285,-1.0,-0.5023894186567145,-0.08289418115715841,-0.08982035928143722,0.7142857142857143,0.0,-0.0010396540814393113,-0.0691568470426724,15.589736359791342,0.2857142857142857,-0.24999718750351554,-0.1619677704572827,-0.04644815828028371,0.3747243555623146,0.7142857142857143,-0.24999718750351554,-0.23035653120923272,-0.04644815828028371,1.9825615289078142
0.2857142857142857,-1.0,-1.0,-0.1841042213694203,1.1766467065868265,0.857142857142854,0.0,-0.04406623309263981,-0.07876673149525229,15.589031439447343,0.2857142857142857,0.0,-0.13242016480673693,-0.06313448897301921,0.40491217397916496,0.857142857142854,0.0,-0.20322019813555525,-0.06313448897301921,1.9824347958330166
0.0,-1.0,-1.0,-0.2397954499550137,-0.08982035928143722,0.5714285714285714,0.0,-0.01426350843252469,-0.0365404415970713,15.596221626956153,0.2857142857142857,0.0,0.08640733144749538,0.011130703107780446,0.43616455022431755,0.5714285714285714,0.0,-0.0022504175630276443,0.011130703107780446,1.9837274731959547
0.14285714285714285,-1.0,-0.3932965438831556,-0.09176291291015592,-0.08982035928143722,0.5714285714285714,0.0,-0.01426350843252469,-0.0365404415970713,15.596221626956153,0.2857142857142857,0.0,-0.22422230243252173,-0.1357466063348417,0.43616455022431755,0.5714285714285714,0.0,-0.28753069736691556,-0.1357466063348417,1.9837274731959547
0.2857142857142857,-1.0,-0.3932965438831556,-0.09176291291015592,-0.08982035928143722,0.42857142857142855,0.0,-0.01426350843252469,-0.0365404415970713,15.589031439447343,0.2857142857142857,0.0,-0.22422230243252173,-0.12781833032970744,0.3747243555623146,0.42857142857142855,0.0,-0.28753069736691556,-0.12781833032970744,1.9824347958330166
0.0,-1.0,-1.0,-0.2397954499550137,-0.08982035928143722,0.2857142857142857,0.0,0.04135174519990366,-0.019334172291499793,15.596503595093754,0.2857142857142857,0.0,0.09760872629558795,0.044859910020874,0.43616455022431755,0.2857142857142857,0.0,0.00803687221207467,0.044859910020874,1.9837781664258738
0.14285714285714285,-1.0,-0.20128649724759748,-0.011237399239823018,-0.08982035928143722,0.5714285714285714,0.0,-0.0010396540814393113,-0.0691568470426724,15.590582264204144,0.2857142857142857,-0.24999718750351554,-0.18555128295277878,-0.08952534066304513,0.40138899449978444,0.5714285714285714,-0.24999718750351554,-0.20128649724759748,-0.08952534066304513,1.9827136085975718
0.14285714285714285,-1.0,-1.0,-0.1841042213694203,1.1649803840594672,0.9999999999999968,0.0,-0.04406623309263981,-0.07876673149525229,15.589031439447343,0.2857142857142857,-0.24999718750351554,-0.0362781267789323,-0.04476915297747926,0.3747243555623146,0.9999999999999968,-0.24999718750351554,-0.11492396198159521,-0.04476915297747926,1.9824347958330166
0.2857142857142857,-1.0,-1.0,-0.1841042213694203,1.1649803840594672,0.5714285714285714,0.0,-0.0010396540814393113,-0.0691568470426724,15.589031439447343,0.2857142857142857,0.0,-0.0362781267789323,-0.044581156244732814,0.39675056396218283,0.5714285714285714,0.0,-0.11492396198159521,-0.044581156244732814,1.9824347958330166
0.0,-1.0,-1.0,-0.25890086483905916,-0.09931860417096834,0.14285714285714285,-1.0,0.05956522429966495,-0.002905846013042034,-0.29578457634287325,0.2857142857142857,0.0,0.035663526216161534,0.037359488648886864,0.3794134793298354,0.2857142857142857,0.0,-0.04885320550019029,0.037359488648886864,0.3794134793298354
0.14285714285714285,-1.0,-1.0,-0.2397954499550137,1.1766467065868265,0.14285714285714285,-1.0,0.00404171452330603,-0.019334172291499793,-0.29578457634287325,0.2857142857142857,0.0,0.023718663499187175,-0.00927018371818651,0.40491217397916496,0.2857142857142857,0.0,-0.059823291436787364,-0.00927018371818651,0.40491217397916496
0.14285714285714285,-1.0,-1.0,-0.2014193643157489,1.1649803840594672,0.5714285714285714,0.0,-0.01426350843252469,-0.0365404415970713,15.589031439447343,0.2857142857142857,0.0,0.0,-0.02338938661203957,0.39675056396218283,0.5714285714285714,0.0,-0.08160636111724154,-0.02338938661203957,1.9824347958330166
0.14285714285714285,-1.0,-1.0,-0.2014193643157489,1.1649803840594672,0.5714285714285714,0.0,-0.01426350843252469,-0.0365404415970713,15.589736359791342,0.2857142857142857,0.0,0.0,-0.02338938661203957,0.39675056396218283,0.5714285714285714,0.0,-0.08160636111724154,-0.02338938661203957,1.9825615289078142
0.14285714285714285,-1.0,-1.0,-0.21761443969078792,1.1766467065868265,0.2857142857142857,0.0,0.04135174519990366,-0.019334172291499793,15.590582264204144,0.2857142857142857,-0.24999718750351554,0.035663526216161534,0.011130703107780446,0.40491217397916496,0.2857142857142857,-0.24999718750351554,-0.04885320550019029,0.011130703107780446,1.9827136085975718
0.0,-1.0,-0.6075083716269162,-0.04293898386000992,-0.08982035928143722,0.2857142857142857,0.0,0.04135174519990366,-0.019334172291499793,15.589031439447343,0.2857142857142857,-0.24999718750351554,-0.08413361153212101,0.008738606749730893,0.39675056396218283,0.2857142857142857,-0.24999718750351554,-0.15887413476457457,0.008738606749730893,1.9824347958330166
0.14285714285714285,-1.0,-1.0,-0.1970768072565689,1.1649803840594672,0.42857142857142855,0.0,-0.01426350843252469,-0.0365404415970713,15.589736359791342,0.2857142857142857,0.0,-0.0487424361063414,-0.04476915297747926,0.3747243555623146,0.42857142857142855,0.0,-0.12637110438095478,-0.04476915297747926,1.9825615289078142
0.14285714285714285,-1.0,-1.0,-0.21293219000752836,1.1649803840594672,0.5714285714285714,0.0,-0.01426350843252469,-0.0365404415970713,15.589031439447343,0.2857142857142857,0.0,0.02446213136806897,-0.020102685111955246,0.39675056396218283,0.5714285714285714,0.0,-0.0591404952752926,-0.020102685111955246,1.9824347958330166
0.0,-1.0,-1.0,-0.21761443969078792,-0.08982035928143722,0.2857142857142857,0.0,0.04135174519990366,-0.019334172291499793,15.595798674749751,0.2857142857142857,0.0,0.09760872629558795,0.044859910020874,0.43616455022431755,0.2857142857142857,0.0,0.00803687221207467,0.044859910020874,1.9836514333510757
0.14285714285714285,-1.0,-1.0,-0.24790216852426505,1.1766467065868265,0.2857142857142857,0.0,0.04135174519990366,-0.019334172291499793,15.589031439447343,0.2857142857142857,0.0,-0.03656842445056309,-0.039926616447769306,0.40491217397916496,0.2857142857142857,0.0,-0.1151905695166034,-0.039926616447769306,1.9824347958330166
0.0,-1.0,-0.6075083716269162,-0.04293898386000992,-0.08982035928143722,0.2857142857142857,0.0,0.04135174519990366,-0.019334172291499793,15.589031439447343,0.2857142857142857,-0.24999718750351554,-0.08413361153212101,0.008738606749730893,0.3747243555623146,0.2857142857142857,-0.24999718750351554,-0.15887413476457457,0.008738606749730893,1.9824347958330166
0.0,-1.0,-0.20128649724759748,-0.0689667835698941,-0.08982035928143722,0.14285714285714285,0.0,0.00404171452330603,-0.019334172291499793,-0.29578457634287325,0.2857142857142857,-0.24999718750351554,-0.1579708866905624,-0.05127124687212332,0.40138899449978444,0.2857142857142857,-0.24999718750351554,-0.20128649724759748,-0.05127124687212332,0.40138899449978444
0.0,-1.0,-1.0,-0.21293219000752836,-0.08982035928143722,0.5714285714285714,0.0,-0.01426350843252469,-0.0365404415970713,15.595516706612152,0.2857142857142857,0.0,0.09760872629558795,0.011130703107780446,0.43616455022431755,0.5714285714285714,0.0,0.00803687221207467,0.011130703107780446,1.9836007401211566
0.2857142857142857,-1.0,-1.0,-0.21293219000752836,1.1649803840594672,0.42857142857142855,0.0,-0.01426350843252469,-0.0365404415970713,15.595516706612152,0.2857142857142857,0.0,0.02446213136806897,-0.014145133477680361,0.43616455022431755,0.42857142857142855,0.0,-0.0591404952752926,-0.014145133477680361,1.9836007401211566
0.14285714285714285,-1.0,-1.0,-0.2268412258313289,1.1649803840594672,0.2857142857142857,0.0,0.04135174519990366,-0.019334172291499793,15.595516706612152,0.2857142857142857,0.0,0.021632470179720215,-0.00545190524964675,0.43616455022431755,0.2857142857142857,0.0,-0.06173923811086553,-0.00545190524964675,1.9836007401211566
0.14285714285714285,-1.0,-0.5023894186567145,-0.058454673986889805,-0.08982035928143722,0.5714285714285714,0.0,-0.01426350843252469,-0.0365404415970713,15.589031439447343,0.2857142857142857,-0.24999718750351554,-0.09785698957857912,-0.023849654474970602,0.39675056396218283,0.5714285714285714,-0.24999718750351554,-0.171477597866425,-0.023849654474970602,1.9824347958330166
0.14285714285714285,-1.0,-0.6267139425607557,-0.1171296891353446,-0.08982035928143722,0.2857142857142857,0.0,0.04135174519990366,-0.019334172291499793,15.596221626956153,0.2857142857142857,0.0,-0.1409027559399098,-0.02728545683206069,0.43616455022431755,0.2857142857142857,0.0,-0.2110105558735045,-0.02728545683206069,1.9837274731959547
0.0,-1.0,-1.0,-0.25890086483905916,-0.09931860417096834,0.14285714285714285,-1.0,0.05956522429966495,-0.002905846013042034,-0.29578457634287325,0.2857142857142857,0.0,0.09760872629558795,0.049436658066356325,0.39675056396218283,0.2857142857142857,0.0,0.00803687221207467,0.049436658066356325,0.39675056396218283
0.14285714285714285,-1.0,-1.0,-0.19690237050366324,-0.08982035928143722,0.7142857142857143,0.0,-0.0010396540814393113,-0.0691568470426724,15.589736359791342,0.2857142857142857,-0.24999718750351554,0.021632470179720215,0.003591385860052632,0.39675056396218283,0.7142857142857143,-0.24999718750351554,-0.06173923811086553,0.003591385860052632,1.9825615289078142
0.14285714285714285,-1.0,-0.5023894186567145,-0.1171296891353446,-0.08982035928143722,0.2857142857142857,0.0,0.04135174519990366,-0.019334172291499793,15.594670802199351,0.2857142857142857,0.0,-0.17295549669621998,-0.09969661216922301,0.4432616024129976,0.2857142857142857,0.0,-0.2404475890928579,-0.09969661216922301,1.9834486604313994
0.14285714285714285,-1.0,-1.0,-0.18782247847083236,1.1649803840594672,0.7142857142857143,0.0,-0.0010396540814393113,-0.0691568470426724,15.595516706612152,0.2857142857142857,0.0,-0.0362781267789323,-0.044581156244732814,0.43616455022431755,0.7142857142857143,0.0,-0.11492396198159521,-0.044581156244732814,1.9836007401211566
0.0,-1.0,-1.0,-0.2268412258313289,1.1649803840594672,0.2857142857142857,0.0,0.04135174519990366,-0.019334172291499793,15.595516706612152,0.2857142857142857,0.0,0.035663526216161534,0.011130703107780446,0.43616455022431755,0.2857142857142857,0.0,-0.04885320550019029,0.011130703107780446,1.9836007401211566
0.14285714285714285,-1.0,-1.0,-0.1970768072565689,1.1649803840594672,0.42857142857142855,0.0,-0.01426350843252469,-0.0365404415970713,15.589736359791342,0.2857142857142857,0.0,-0.0487424361063414,-0.059633860156361504,0.39675056396218283,0.42857142857142855,0.0,-0.12637110438095478,-0.059633860156361504,1.9825615289078142
