REL_W,RF_W,INPC_W,PFC_W,WCC_W,REL_D,RF_D,INPC_D,PFC_D,WCC_D,REL_F,RF_F,INPC_F,PFC_F,WCC_F,REL_R,RF_R,INPC_R,PFC_R,WCC_R
-0.2000000000000003,0.0,0.2647448886370834,0.05192336767532774,0.002077740084774627,-0.11111111111111124,-0.04166627604142253,0.09345779921391695,0.023458096345961632,0.0036817555414877436,0.08333333333333348,0.0,-0.1633441818246247,-0.026290154501381946,-0.03846541120989071,0.0,0.0,0.2317407452014702,-0.000731271579454049,0.0006844728644789621
-0.2000000000000003,0.0,0.30002037777570495,0.05679851153835471,0.002077740084774627,-0.05555555555555562,-0.04166627604142253,0.055635757748649296,0.017893155473458437,0.0017208950482559087,0.08333333333333348,0.0,-0.18745364295274206,-0.026290154501381946,-0.04111652805659114,0.0,0.0,0.2670162343400917,0.004143872283572916,0.0006844728644789621
-0.2000000000000003,0.0,0.25491791976125977,0.05192336767532774,0.0,-0.11111111111111124,-0.04166627604142253,0.10827073064601281,0.0696143706414296,-0.024330210735368393,0.0,0.04347979206082438,-0.08224277992362189,-0.02303928231616149,0.0037956855622470875,-0.05882352941176478,0.03703833333333335,0.22191377632564654,-0.000731271579454049,0.0
-0.2000000000000003,0.0,0.2732508997741505,0.0487637807666318,0.002077740084774627,-0.11111111111111124,-0.04166627604142253,0.06760539359966102,0.06535882762128012,-0.024330210735368393,0.08333333333333348,0.0,-0.036311960726055456,-0.009645009288206222,0.004737596788069972,0.0,0.0,0.2402467563385373,-0.003890858488150001,0.0006844728644789621
-0.2000000000000003,0.0,0.2325477303423614,0.041343071278923005,0.002077740084774627,-0.11111111111111124,-0.04166627604142253,0.10827073064601281,0.0696143706414296,-0.024330210735368393,0.08333333333333348,0.0,-0.009087929695059949,0.025253726609578205,0.0046713188669024654,0.0,0.0,0.19954358690674825,0.01375839650964385,0.0006844728644789621
-0.2000000000000003,0.0,0.27691956065195183,0.05679851153835471,0.002077740084774627,-0.05555555555555562,-0.04166627604142253,0.055635757748649296,0.017893155473458437,0.0018031689151048,0.08333333333333348,0.04347979206082438,-0.2404805508383329,-0.04249920710434505,-0.03846541120989071,0.0,0.03703833333333335,0.24391541721633866,0.004143872283572916,0.0006844728644789621
-0.2000000000000003,0.0,0.2647448886370834,0.05192336767532774,0.002077740084774627,-0.05555555555555562,-0.04166627604142253,0.055635757748649296,0.017893155473458437,0.0036817555414877436,0.08333333333333348,0.04347979206082438,-0.23710286077212214,-0.04133251778351682,-0.03846541120989071,0.0,0.03703833333333335,0.2317407452014702,-0.000731271579454049,0.0006844728644789621
-0.2000000000000003,0.0,0.30002037777570495,0.057097808345135476,0.002077740084774627,-0.11111111111111124,-0.04166627604142253,0.09345779921391695,0.023458096345961632,0.0036817555414877436,0.08333333333333348,0.0,-0.11780909831842751,-0.024222962258166843,-0.03846541120989071,0.0,0.0,0.2670162343400917,0.004443169090353685,0.0006844728644789621
-0.2000000000000003,0.0,0.27691956065195183,0.057097808345135476,0.002077740084774627,-0.11111111111111124,-0.04166627604142253,0.09345779921391695,0.023458096345961632,0.0017208950482559087,0.0,0.04347979206082438,-0.1633441818246247,-0.03155724706628612,-0.034144600579931815,-0.05882352941176478,0.03703833333333335,0.24391541721633866,0.004443169090353685,0.0006844728644789621
-0.2000000000000003,0.0,0.27691956065195183,0.057097808345135476,0.002077740084774627,-0.05555555555555562,-0.04166627604142253,0.055635757748649296,0.017893155473458437,0.0036817555414877436,0.08333333333333348,0.0,-0.23710286077212214,-0.04133251778351682,-0.04111652805659114,0.0,0.0,0.24391541721633866,0.004443169090353685,0.0006844728644789621
-0.2000000000000003,0.0,0.2515937399241255,0.0487637807666318,0.002077740084774627,-0.11111111111111124,-0.04166627604142253,0.09345779921391695,0.023458096345961632,0.0018031689151048,0.08333333333333348,0.0,-0.10221535358271155,-0.02303928231616149,-0.03846541120989071,0.0,0.0,0.21858959648851234,-0.003890858488150001,0.0006844728644789621
-0.2000000000000003,0.0,0.30002037777570495,0.05679851153835471,0.002077740084774627,-0.05555555555555562,-0.04166627604142253,0.055635757748649296,0.017893155473458437,0.0017208950482559087,0.08333333333333348,0.0,-0.1925142073657726,-0.03270128222554484,-0.04111652805659114,0.0,0.0,0.2670162343400917,0.004143872283572916,0.0006844728644789621
-0.2000000000000003,0.0,0.2732508997741505,0.0487637807666318,0.002077740084774627,-0.11111111111111124,-0.04166627604142253,0.09345779921391695,0.023458096345961632,0.0018031689151048,0.0,0.04347979206082438,-0.0589483894357232,-0.01189343482397719,-0.034144600579931815,-0.05882352941176478,0.03703833333333335,0.2402467563385373,-0.003890858488150001,0.0006844728644789621
-0.2000000000000003,0.0,0.28850086224219723,0.04953207875517211,0.002077740084774627,-0.05555555555555562,-0.04166627604142253,0.055635757748649296,0.017893155473458437,0.0018031689151048,0.0,0.04347979206082438,-0.1507980210380555,-0.026290154501381946,-0.034144600579931815,-0.05882352941176478,0.03703833333333335,0.25549671880658403,-0.0031225604996096765,0.0006844728644789621
-0.2000000000000003,0.0,0.27775964583129287,0.04953207875517211,0.002077740084774627,-0.16666666666666688,-0.04166627604142253,0.06760539359966102,0.06535882762128012,-0.024330210735368393,0.08333333333333348,0.0,-0.036311960726055456,-0.009645009288206222,0.004737596788069972,0.0,0.0,0.24475550239567967,-0.0031225604996096765,0.0006844728644789621
-0.2000000000000003,0.0,0.27691956065195183,0.05679851153835471,0.002077740084774627,-0.11111111111111124,-0.04166627604142253,0.06760539359966102,0.06649870521596303,-0.024330210735368393,0.08333333333333348,0.0,-0.12058186060584575,-0.02358298219382901,0.0046713188669024654,0.0,0.0,0.24391541721633866,0.004143872283572916,0.0006844728644789621
-0.2000000000000003,0.0,0.27691956065195183,0.05679851153835471,0.002077740084774627,-0.11111111111111124,-0.04166627604142253,0.06760539359966102,0.06649870521596303,-0.024330210735368393,0.0,0.04347979206082438,-0.12058186060584575,-0.03155724706628612,0.0037956855622470875,-0.05882352941176478,0.03703833333333335,0.24391541721633866,0.004143872283572916,0.0006844728644789621
-0.2000000000000003,0.0,0.31219504979057355,0.06230310435584843,0.002077740084774627,-0.11111111111111124,-0.04166627604142253,0.09345779921391695,0.023458096345961632,0.0017208950482559087,0.08333333333333348,0.0,-0.11780909831842751,-0.024222962258166843,-0.04111652805659114,0.0,0.0,0.2791909063549604,0.00964846510106664,0.0006844728644789621
-0.2000000000000003,0.0,0.2515937399241255,0.050198554118725154,0.002077740084774627,-0.11111111111111124,-0.04166627604142253,0.10827073064601281,0.0696143706414296,-0.024330210735368393,0.08333333333333348,0.0,-0.02238528917104381,-0.00568053101354721,0.004737596788069972,0.0,0.0,0.21858959648851234,-0.002456085136056641,0.0006844728644789621
-0.2000000000000003,0.0,0.25491791976125977,0.05192336767532774,0.002077740084774627,-0.11111111111111124,-0.04166627604142253,0.10827073064601281,0.0696143706414296,-0.024330210735368393,0.0,0.04347979206082438,-0.07449309080600447,-0.01189343482397719,0.0037956855622470875,-0.05882352941176478,0.03703833333333335,0.22191377632564654,-0.000731271579454049,0.0006844728644789621
-0.2000000000000003,0.0,0.2911038866231482,0.05255898769797556,0.002077740084774627,-0.11111111111111124,-0.04166627604142253,0.09345779921391695,0.023458096345961632,0.0018031689151048,0.0,0.04347979206082438,-0.07936775709468755,-0.01889357074894661,-0.034144600579931815,-0.05882352941176478,0.03703833333333335,0.25809974318753504,-9.565155680623539e-05,0.0006844728644789621
-0.2000000000000003,0.0,0.2680743584813924,0.057097808345135476,0.002077740084774627,-0.11111111111111124,-0.04166627604142253,0.10827073064601281,0.0696143706414296,-0.024330210735368393,0.0,0.04347979206082438,-0.07449309080600447,-0.01189343482397719,0.0037956855622470875,-0.05882352941176478,0.03703833333333335,0.2350702150457792,0.004443169090353685,0.0006844728644789621
-0.2000000000000003,0.0,0.2647448886370834,0.04953207875517211,0.0,-0.11111111111111124,-0.04166627604142253,0.09345779921391695,0.023458096345961632,0.0037651721009317554,0.08333333333333348,0.0,-0.1633441818246247,-0.026290154501381946,-0.04111652805659114,0.0,0.0,0.2317407452014702,-0.0031225604996096765,0.0
-0.2000000000000003,0.0,0.2515937399241255,0.0487637807666318,0.002077740084774627,-0.11111111111111124,-0.04166627604142253,0.09345779921391695,0.023458096345961632,0.0037651721009317554,0.0,0.04347979206082438,-0.10221535358271155,-0.02423995287934397,-0.03236529331166555,-0.05882352941176478,0.03703833333333335,0.21858959648851234,-0.003890858488150001,0.0006844728644789621
-0.2000000000000003,0.0,0.23914767554374966,0.041343071278923005,0.002077740084774627,-0.11111111111111124,-0.04166627604142253,0.06760539359966102,0.06649870521596303,-0.024330210735368393,0.08333333333333348,0.0,-0.08224277992362189,-0.01889357074894661,0.004737596788069972,0.0,0.0,0.2061435321081365,-0.010293341725986076,0.0006844728644789621
-0.2000000000000003,0.0,0.27775964583129287,0.04953207875517211,0.002077740084774627,-0.11111111111111124,-0.04166627604142253,0.09345779921391695,0.023458096345961632,0.0036817555414877436,0.0,0.04347979206082438,-0.07936775709468755,-0.01889357074894661,-0.034144600579931815,-0.05882352941176478,0.03703833333333335,0.24475550239567967,-0.0031225604996096765,0.0006844728644789621
-0.2000000000000003,0.0,0.2325477303423614,0.041343071278923005,0.0,-0.11111111111111124,-0.04166627604142253,0.10827073064601281,0.0696143706414296,-0.024330210735368393,0.08333333333333348,0.0,-0.009087929695059949,0.025253726609578205,0.0046713188669024654,0.0,0.0,0.19954358690674825,0.01375839650964385,0.0
-0.2000000000000003,0.0,0.24496243643278384,0.0487637807666318,0.002077740084774627,-0.05555555555555562,-0.04166627604142253,0.055635757748649296,0.017893155473458437,0.0036817555414877436,0.08333333333333348,0.0,-0.19636884143499275,-0.03367541117303252,-0.04111652805659114,0.0,0.0,0.21195829299717064,-0.003890858488150001,0.0006844728644789621
-0.2000000000000003,0.0,0.29775429140328324,0.054203577368224544,0.002077740084774627,-0.05555555555555562,-0.04166627604142253,0.055635757748649296,0.017893155473458437,0.0017208950482559087,0.0,0.04347979206082438,-0.1507980210380555,-0.026290154501381946,-0.034144600579931815,-0.05882352941176478,0.03703833333333335,0.26475014796767005,0.0015489381134427538,0.0006844728644789621
-0.2000000000000003,0.0,0.31219504979057355,0.057097808345135476,0.002077740084774627,-0.05555555555555562,-0.04166627604142253,0.055635757748649296,0.017893155473458437,0.0036817555414877436,0.08333333333333348,0.0,-0.1925142073657726,-0.03270128222554484,-0.03846541120989071,0.0,0.0,0.2791909063549604,0.004443169090353685,0.0006844728644789621
-0.2000000000000003,0.0,0.2680743584813924,0.05679851153835471,0.002077740084774627,-0.11111111111111124,-0.04166627604142253,0.10827073064601281,0.06649870521596303,-0.024330210735368393,0.0,0.04347979206082438,-0.07449309080600447,-0.01189343482397719,0.0037956855622470875,-0.05882352941176478,0.03703833333333335,0.2350702150457792,0.004143872283572916,0.0006844728644789621
-0.2000000000000003,0.0,0.30526235904768206,0.06230310435584843,0.002077740084774627,-0.11111111111111124,-0.04166627604142253,0.10827073064601281,0.0696143706414296,-0.024330210735368393,0.08333333333333348,0.0,-0.036311960726055456,-0.007719405554800434,0.004737596788069972,0.0,0.0,0.27225821561206887,0.00964846510106664,0.0006844728644789621
-0.2000000000000003,0.0,0.23522010085473674,0.0487637807666318,0.002077740084774627,-0.05555555555555562,-0.04166627604142253,0.055635757748649296,0.017893155473458437,0.0036817555414877436,0.08333333333333348,0.0,-0.1633441818246247,-0.02423995287934397,-0.04111652805659114,0.0,0.0,0.20221595741912357,-0.003890858488150001,0.0006844728644789621
-0.2000000000000003,0.0,0.2732508997741505,0.050198554118725154,0.002077740084774627,-0.11111111111111124,-0.04166627604142253,0.06760539359966102,0.06535882762128012,-0.024330210735368393,0.08333333333333348,0.0,0.002730492096418553,-0.007719405554800434,0.0046713188669024654,0.0,0.0,0.2402467563385373,-0.002456085136056641,0.0006844728644789621
-0.2000000000000003,0.0,0.2732508997741505,0.0487637807666318,0.002077740084774627,-0.11111111111111124,-0.04166627604142253,0.10827073064601281,0.0696143706414296,-0.024330210735368393,0.08333333333333348,0.0,0.0223979850569293,0.0013705767749535149,0.004737596788069972,0.0,0.0,0.2402467563385373,0.0007466992499066385,0.0006844728644789621
-0.2000000000000003,0.0,0.2647448886370834,0.05192336767532774,0.002077740084774627,-0.11111111111111124,-0.04166627604142253,0.06760539359966102,0.06649870521596303,-0.024330210735368393,0.0,0.04347979206082438,-0.12058186060584575,-0.03155724706628612,0.0037956855622470875,-0.05882352941176478,0.03703833333333335,0.2317407452014702,-0.000731271579454049,0.0006844728644789621
-0.2000000000000003,0.0,0.23858668937052296,0.041343071278923005,0.002077740084774627,-0.05555555555555562,0.0,0.055635757748649296,0.017893155473458437,0.0037651721009317554,0.08333333333333348,0.0,-0.1633441818246247,-0.02423995287934397,-0.04111652805659114,0.0,0.0,0.20558254593490982,-0.011311567975858788,0.0006844728644789621
-0.2000000000000003,0.0,0.2911038866231482,0.05255898769797556,0.002077740084774627,-0.11111111111111124,-0.04166627604142253,0.09345779921391695,0.023458096345961632,0.0036817555414877436,0.0,0.04347979206082438,-0.07936775709468755,-0.01889357074894661,-0.034144600579931815,-0.05882352941176478,0.03703833333333335,0.25809974318753504,-9.565155680623539e-05,0.0006844728644789621
-0.2000000000000003,0.0,0.2732508997741505,0.0487637807666318,0.002077740084774627,-0.11111111111111124,-0.04166627604142253,0.06760539359966102,0.06649870521596303,-0.024330210735368393,0.08333333333333348,0.0,-0.036311960726055456,-0.009645009288206222,0.004737596788069972,0.0,0.0,0.2402467563385373,-0.003890858488150001,0.0006844728644789621
-0.2000000000000003,0.0,0.2647448886370834,0.05192336767532774,0.002077740084774627,-0.05555555555555562,-0.04166627604142253,0.055635757748649296,0.017893155473458437,0.0037651721009317554,0.08333333333333348,0.04347979206082438,-0.23710286077212214,-0.04133251778351682,-0.03846541120989071,0.0,0.03703833333333335,0.2317407452014702,-0.000731271579454049,0.0006844728644789621
-0.2000000000000003,0.0,0.31219504979057355,0.06230310435584843,0.002077740084774627,-0.11111111111111124,-0.04166627604142253,0.06760539359966102,0.06649870521596303,-0.024330210735368393,0.0,0.04347979206082438,-0.06790061576791077,-0.02303928231616149,0.0037956855622470875,-0.05882352941176478,0.03703833333333335,0.2791909063549604,0.00964846510106664,0.0006844728644789621
-0.2000000000000003,0.0,0.30002037777570495,0.057097808345135476,0.002077740084774627,-0.11111111111111124,-0.04166627604142253,0.09345779921391695,0.023458096345961632,0.0018031689151048,0.08333333333333348,0.0,-0.11780909831842751,-0.02303928231616149,-0.04111652805659114,0.0,0.0,0.2670162343400917,0.004443169090353685,0.0006844728644789621
-0.2000000000000003,0.0,0.2647448886370834,0.05192336767532774,0.002077740084774627,-0.11111111111111124,-0.04166627604142253,0.09345779921391695,0.023458096345961632,0.0037651721009317554,0.0,0.04347979206082438,-0.1633441818246247,-0.03270128222554484,-0.034144600579931815,-0.05882352941176478,0.03703833333333335,0.2317407452014702,-0.000731271579454049,0.0006844728644789621
-0.2000000000000003,0.0,0.25759084245221897,0.050198554118725154,0.002077740084774627,-0.05555555555555562,-0.04166627604142253,0.055635757748649296,0.017893155473458437,0.0036817555414877436,0.08333333333333348,0.04347979206082438,-0.19636884143499275,-0.03367541117303252,-0.03846541120989071,0.0,0.03703833333333335,0.2245866990166058,-0.002456085136056641,0.0006844728644789621
-0.2000000000000003,0.0,0.24599888245189924,0.04953207875517211,0.002077740084774627,-0.11111111111111124,-0.04166627604142253,0.10827073064601281,0.06649870521596303,-0.024330210735368393,0.0,0.04347979206082438,-0.009087929695059949,0.025253726609578205,0.0037956855622470875,-0.05882352941176478,0.03703833333333335,0.21299473901628604,0.01375839650964385,0.0006844728644789621
-0.2000000000000003,0.0,0.31219504979057355,0.06230310435584843,0.002077740084774627,-0.05555555555555562,-0.04166627604142253,0.055635757748649296,0.017893155473458437,0.0017208950482559087,0.08333333333333348,0.0,-0.1925142073657726,-0.03270128222554484,-0.04111652805659114,0.0,0.0,0.2791909063549604,0.00964846510106664,0.0006844728644789621
-0.2000000000000003,0.0,0.27691956065195183,0.057097808345135476,0.002077740084774627,-0.11111111111111124,-0.04166627604142253,0.09345779921391695,0.023458096345961632,0.0036817555414877436,0.08333333333333348,0.0,-0.1633441818246247,-0.026290154501381946,-0.03846541120989071,0.0,0.0,0.24391541721633866,0.004443169090353685,0.0006844728644789621
-0.2000000000000003,0.0,0.27691956065195183,0.057097808345135476,0.002077740084774627,-0.05555555555555562,-0.04166627604142253,0.055635757748649296,0.017893155473458437,0.0036817555414877436,0.08333333333333348,0.0,-0.2404805508383329,-0.04249920710434505,-0.04111652805659114,0.0,0.0,0.24391541721633866,0.004443169090353685,0.0006844728644789621
-0.2000000000000003,0.0,0.30002037777570495,0.057097808345135476,0.0,-0.05555555555555562,0.0,0.055635757748649296,0.017893155473458437,0.0037651721009317554,0.08333333333333348,0.0,-0.18745364295274206,-0.026290154501381946,-0.04111652805659114,0.0,0.0,0.2670162343400917,0.004443169090353685,0.0
-0.2000000000000003,0.0,0.2862579503277528,0.05192336767532774,0.002077740084774627,-0.11111111111111124,-0.04166627604142253,0.09345779921391695,0.023458096345961632,0.0017208950482559087,0.08333333333333348,0.0,-0.0589483894357232,-0.01189343482397719,-0.03846541120989071,0.0,0.0,0.2532538068921396,-0.000731271579454049,0.0006844728644789621
-0.2000000000000003,0.0,0.2807919106655492,0.050198554118725154,0.002077740084774627,-0.11111111111111124,-0.04166627604142253,0.10827073064601281,0.0696143706414296,-0.024330210735368393,0.08333333333333348,0.0,0.03583448899986107,0.025253726609578205,0.004737596788069972,0.0,0.0,0.24778776722993598,0.01375839650964385,0.0006844728644789621
-0.2000000000000003,0.0,0.27691956065195183,0.057097808345135476,0.002077740084774627,-0.05555555555555562,-0.04166627604142253,0.055635757748649296,0.017893155473458437,0.0017208950482559087,0.0,0.04347979206082438,-0.23710286077212214,-0.04133251778351682,-0.034144600579931815,-0.05882352941176478,0.03703833333333335,0.24391541721633866,0.004443169090353685,0.0006844728644789621
-0.2000000000000003,0.0,0.27691956065195183,0.05679851153835471,0.002077740084774627,-0.05555555555555562,-0.04166627604142253,0.055635757748649296,0.017893155473458437,0.0018031689151048,0.0,0.04347979206082438,-0.23710286077212214,-0.04133251778351682,-0.034144600579931815,-0.05882352941176478,0.03703833333333335,0.24391541721633866,0.004143872283572916,0.0006844728644789621
-0.2000000000000003,0.0,0.27691956065195183,0.057097808345135476,0.002077740084774627,-0.11111111111111124,-0.04166627604142253,0.09345779921391695,0.023458096345961632,0.0036817555414877436,0.0,0.04347979206082438,-0.1633441818246247,-0.03270128222554484,-0.034144600579931815,-0.05882352941176478,0.03703833333333335,0.24391541721633866,0.004443169090353685,0.0006844728644789621
-0.2000000000000003,0.0,0.33735031209764144,0.05679851153835471,0.002077740084774627,-0.11111111111111124,-0.04166627604142253,0.06760539359966102,0.06535882762128012,-0.024330210735368393,0.08333333333333348,0.0,-0.018938982006710972,0.004383580263694423,0.004737596788069972,0.0,0.0,0.3043461686620283,0.004143872283572916,0.0006844728644789621
-0.2000000000000003,0.0,0.27691956065195183,0.054203577368224544,0.002077740084774627,-0.11111111111111124,-0.04166627604142253,0.09345779921391695,0.023458096345961632,0.0017208950482559087,0.08333333333333348,0.0,-0.1633441818246247,-0.026290154501381946,-0.03846541120989071,0.0,0.0,0.24391541721633866,0.0015489381134427538,0.0006844728644789621
-0.2000000000000003,0.0,0.23858668937052296,0.04035570036995551,0.002077740084774627,-0.11111111111111124,-0.04166627604142253,0.09345779921391695,0.023458096345961632,0.0036817555414877436,0.08333333333333348,0.0,-0.10221535358271155,-0.02303928231616149,-0.04111652805659114,0.0,0.0,0.20558254593490982,-0.012298938884826279,0.0006844728644789621
-0.2000000000000003,0.0,0.25759084245221897,0.04953207875517211,0.002077740084774627,-0.05555555555555562,-0.04166627604142253,0.055635757748649296,0.017893155473458437,0.0036817555414877436,0.08333333333333348,0.0,-0.19636884143499275,-0.03367541117303252,-0.04111652805659114,0.0,0.0,0.2245866990166058,-0.0031225604996096765,0.0006844728644789621
-0.2000000000000003,0.0,0.31219504979057355,0.06230310435584843,0.002077740084774627,-0.11111111111111124,-0.04166627604142253,0.06760539359966102,0.06649870521596303,-0.024330210735368393,0.0,0.04347979206082438,-0.06790061576791077,-0.02303928231616149,0.0037956855622470875,-0.05882352941176478,0.03703833333333335,0.2791909063549604,0.00964846510106664,0.0006844728644789621
-0.2000000000000003,0.0,0.2911038866231482,0.05255898769797556,0.002077740084774627,-0.11111111111111124,-0.04166627604142253,0.09345779921391695,0.023458096345961632,0.0017208950482559087,0.08333333333333348,0.0,-0.07936775709468755,-0.01889357074894661,-0.04111652805659114,0.0,0.0,0.25809974318753504,-9.565155680623539e-05,0.0006844728644789621
-0.2000000000000003,0.0,0.27691956065195183,0.05679851153835471,0.002077740084774627,-0.11111111111111124,-0.04166627604142253,0.06760539359966102,0.06649870521596303,-0.024330210735368393,0.08333333333333348,0.0,-0.12058186060584575,-0.02303928231616149,0.0046713188669024654,0.0,0.0,0.24391541721633866,0.004143872283572916,0.0006844728644789621
-0.2000000000000003,0.0,0.2515937399241255,0.0487637807666318,0.002077740084774627,-0.16666666666666688,-0.04166627604142253,0.06760539359966102,0.06535882762128012,-0.024330210735368393,0.0,0.04347979206082438,-0.04595348512643821,-0.009645009288206222,0.0037956855622470875,-0.05882352941176478,0.03703833333333335,0.21858959648851234,-0.003890858488150001,0.0006844728644789621
-0.2000000000000003,0.0,0.23858668937052296,0.041343071278923005,0.0,-0.11111111111111124,-0.04166627604142253,0.10827073064601281,0.06649870521596303,-0.024330210735368393,0.0,0.04347979206082438,-0.02238528917104381,-0.00568053101354721,0.0037956855622470875,-0.05882352941176478,0.03703833333333335,0.20558254593490982,-0.003094790692794981,0.0
-0.2000000000000003,0.0,0.28457328755318406,0.049186498937033495,0.002077740084774627,-0.11111111111111124,-0.04166627604142253,0.10827073064601281,0.0696143706414296,-0.024330210735368393,0.08333333333333348,0.0,0.0223979850569293,0.0013705767749535149,0.0046713188669024654,0.0,0.0,0.25156914411757086,0.0007466992499066385,0.0006844728644789621
-0.2000000000000003,0.0,0.2647448886370834,0.05192336767532774,0.0,-0.11111111111111124,-0.04166627604142253,0.06760539359966102,0.06535882762128012,-0.024330210735368393,0.0,0.04347979206082438,-0.12058186060584575,-0.03155724706628612,0.0037956855622470875,-0.05882352941176478,0.03703833333333335,0.2317407452014702,-0.000731271579454049,0.0
-0.2000000000000003,0.0,0.23858668937052296,0.04787823248265155,0.002077740084774627,-0.05555555555555562,-0.04166627604142253,0.055635757748649296,0.017893155473458437,0.0017208950482559087,0.08333333333333348,0.04347979206082438,-0.1633441818246247,-0.02423995287934397,-0.03846541120989071,0.0,0.03703833333333335,0.20558254593490982,-0.0047764067721302456,0.0006844728644789621
-0.2000000000000003,0.0,0.2515937399241255,0.0487637807666318,0.002077740084774627,-0.11111111111111124,-0.04166627604142253,0.06760539359966102,0.06649870521596303,-0.024330210735368393,0.08333333333333348,0.0,-0.04595348512643821,-0.00568053101354721,0.004737596788069972,0.0,0.0,0.21858959648851234,-0.003094790692794981,0.0006844728644789621
-0.2000000000000003,0.0,0.2719448815337489,0.04787823248265155,0.002077740084774627,-0.05555555555555562,-0.04166627604142253,0.055635757748649296,0.017893155473458437,0.0018031689151048,0.08333333333333348,0.0,-0.11780909831842751,-0.01671310769788415,-0.03846541120989071,0.0,0.0,0.23894073809813576,-0.0047764067721302456,0.0006844728644789621
-0.2000000000000003,0.0,0.23914767554374966,0.041343071278923005,0.002077740084774627,-0.05555555555555562,-0.04166627604142253,0.055635757748649296,0.017893155473458437,0.0018031689151048,0.08333333333333348,0.04347979206082438,-0.19636884143499275,-0.03367541117303252,-0.03846541120989071,0.0,0.03703833333333335,0.2061435321081365,-0.011311567975858788,0.0006844728644789621
-0.2000000000000003,0.0,0.2515937399241255,0.04787823248265155,0.002077740084774627,-0.11111111111111124,-0.04166627604142253,0.09345779921391695,0.023458096345961632,0.0037651721009317554,0.08333333333333348,0.0,-0.10221535358271155,-0.02303928231616149,-0.04111652805659114,0.0,0.0,0.21858959648851234,-0.0047764067721302456,0.0006844728644789621
-0.2000000000000003,0.0,0.27691956065195183,0.057097808345135476,0.002077740084774627,-0.11111111111111124,-0.04166627604142253,0.09345779921391695,0.023458096345961632,0.0017208950482559087,0.0,0.04347979206082438,-0.1633441818246247,-0.03155724706628612,-0.034144600579931815,-0.05882352941176478,0.03703833333333335,0.24391541721633866,0.004443169090353685,0.0006844728644789621
-0.2000000000000003,0.0,0.30002037777570495,0.057097808345135476,0.002077740084774627,-0.05555555555555562,-0.04166627604142253,0.055635757748649296,0.017893155473458437,0.0036817555414877436,0.08333333333333348,0.0,-0.1925142073657726,-0.03270128222554484,-0.03846541120989071,0.0,0.0,0.2670162343400917,0.004443169090353685,0.0006844728644789621
-0.2000000000000003,0.0,0.27691956065195183,0.05679851153835471,0.002077740084774627,-0.11111111111111124,-0.04166627604142253,0.06760539359966102,0.06649870521596303,-0.024330210735368393,0.08333333333333348,0.0,-0.12058186060584575,-0.02303928231616149,0.0046713188669024654,0.0,0.0,0.24391541721633866,0.004143872283572916,0.0006844728644789621
-0.2000000000000003,0.0,0.29431562313123116,0.054203577368224544,0.002077740084774627,-0.11111111111111124,-0.04166627604142253,0.06760539359966102,0.06649870521596303,-0.024330210735368393,0.08333333333333348,0.0,-0.036311960726055456,-0.009645009288206222,0.004737596788069972,0.0,0.0,0.261311479695618,0.0015489381134427538,0.0006844728644789621
-0.2000000000000003,0.0,0.29775429140328324,0.054203577368224544,0.002077740084774627,-0.05555555555555562,-0.04166627604142253,0.055635757748649296,0.017893155473458437,0.0017208950482559087,0.08333333333333348,0.0,-0.1507980210380555,-0.02303928231616149,-0.03846541120989071,0.0,0.0,0.26475014796767005,0.0015489381134427538,0.0006844728644789621
-0.2000000000000003,0.0,0.25491791976125977,0.04953207875517211,0.002077740084774627,-0.11111111111111124,-0.04166627604142253,0.10827073064601281,0.0696143706414296,-0.024330210735368393,0.08333333333333348,0.0,-0.08224277992362189,-0.01889357074894661,0.0046713188669024654,0.0,0.0,0.22191377632564654,-0.0031225604996096765,0.0006844728644789621
-0.2000000000000003,0.0,0.2911038866231482,0.05255898769797556,0.002077740084774627,-0.11111111111111124,-0.04166627604142253,0.09345779921391695,0.023458096345961632,0.0037651721009317554,0.0,0.04347979206082438,-0.07936775709468755,-0.01889357074894661,-0.034144600579931815,-0.05882352941176478,0.03703833333333335,0.25809974318753504,-9.565155680623539e-05,0.0006844728644789621
-0.2000000000000003,0.0,0.2807919106655492,0.050198554118725154,0.002077740084774627,-0.11111111111111124,-0.04166627604142253,0.10827073064601281,0.06649870521596303,-0.024330210735368393,0.08333333333333348,0.0,0.03583448899986107,0.025253726609578205,0.0046713188669024654,0.0,0.0,0.24778776722993598,0.01375839650964385,0.0006844728644789621
-0.2000000000000003,0.0,0.23858668937052296,0.0487637807666318,0.002077740084774627,-0.11111111111111124,-0.04166627604142253,0.09345779921391695,0.023458096345961632,0.0017208950482559087,0.08333333333333348,0.0,-0.11862785865959392,-0.02423995287934397,-0.03846541120989071,0.0,0.0,0.20558254593490982,-0.003890858488150001,0.0006844728644789621
-0.2000000000000003,0.0,0.27691956065195183,0.05679851153835471,0.002077740084774627,-0.11111111111111124,-0.04166627604142253,0.06760539359966102,0.06535882762128012,-0.024330210735368393,0.08333333333333348,0.0,-0.12058186060584575,-0.02358298219382901,0.004737596788069972,0.0,0.0,0.24391541721633866,0.004143872283572916,0.0006844728644789621
-0.2000000000000003,0.0,0.2517760815631848,0.0487637807666318,0.002077740084774627,-0.05555555555555562,-0.04166627604142253,0.055635757748649296,0.017893155473458437,0.0018031689151048,0.08333333333333348,0.0,-0.19636884143499275,-0.03367541117303252,-0.04111652805659114,0.0,0.0,0.21877193812757165,-0.003890858488150001,0.0006844728644789621
-0.2000000000000003,0.0,0.30526235904768206,0.05679851153835471,0.002077740084774627,-0.11111111111111124,-0.04166627604142253,0.10827073064601281,0.06582062418527983,-0.024330210735368393,0.0,0.04347979206082438,-0.028562275969786666,-0.007719405554800434,0.0037956855622470875,-0.05882352941176478,0.03703833333333335,0.27225821561206887,0.004143872283572916,0.0006844728644789621
-0.2000000000000003,0.0,0.24103486515228045,0.04586646425563029,0.0,-0.05555555555555562,0.0,0.055635757748649296,0.017893155473458437,0.0037651721009317554,0.0,0.04347979206082438,-0.19636884143499275,-0.03367541117303252,-0.034144600579931815,-0.05882352941176478,0.03703833333333335,0.20803072171666728,-0.006788174999151501,0.0
-0.2000000000000003,0.0,0.2515937399241255,0.04787823248265155,0.002077740084774627,-0.05555555555555562,-0.04166627604142253,0.055635757748649296,0.017893155473458437,0.0018031689151048,0.08333333333333348,0.04347979206082438,-0.19636884143499275,-0.03367541117303252,-0.03846541120989071,0.0,0.03703833333333335,0.21858959648851234,-0.0047764067721302456,0.0006844728644789621
-0.2000000000000003,0.0,0.24103486515228045,0.04586646425563029,0.002077740084774627,-0.05555555555555562,-0.04166627604142253,0.055635757748649296,0.017893155473458437,0.0037651721009317554,0.08333333333333348,0.04347979206082438,-0.19636884143499275,-0.03367541117303252,-0.03846541120989071,0.0,0.03703833333333335,0.20803072171666728,-0.006788174999151501,0.0006844728644789621
-0.2000000000000003,0.0,0.30002037777570495,0.05679851153835471,0.0,-0.11111111111111124,-0.04166627604142253,0.09345779921391695,0.023458096345961632,0.0018031689151048,0.08333333333333348,0.0,-0.11780909831842751,-0.024222962258166843,-0.03846541120989071,0.0,0.0,0.2670162343400917,0.004143872283572916,0.0
-0.2000000000000003,0.0,0.25759084245221897,0.050198554118725154,0.002077740084774627,-0.11111111111111124,-0.04166627604142253,0.09345779921391695,0.023458096345961632,0.0036817555414877436,0.08333333333333348,0.0,-0.11862785865959392,-0.02423995287934397,-0.04111652805659114,0.0,0.0,0.2245866990166058,-0.002456085136056641,0.0006844728644789621
-0.2000000000000003,0.0,0.2515937399241255,0.0487637807666318,0.002077740084774627,-0.11111111111111124,-0.04166627604142253,0.09345779921391695,0.023458096345961632,0.0037651721009317554,0.08333333333333348,0.0,-0.10221535358271155,-0.02303928231616149,-0.03846541120989071,0.0,0.0,0.21858959648851234,-0.003890858488150001,0.0006844728644789621
-0.2000000000000003,0.0,0.23858668937052296,0.041343071278923005,0.002077740084774627,-0.05555555555555562,-0.04166627604142253,0.055635757748649296,0.017893155473458437,0.0036817555414877436,0.0,0.04347979206082438,-0.1633441818246247,-0.02423995287934397,-0.034144600579931815,-0.05882352941176478,0.03703833333333335,0.20558254593490982,-0.011311567975858788,0.0006844728644789621
-0.2000000000000003,0.0,0.2515937399241255,0.04787823248265155,0.0,-0.05555555555555562,-0.04166627604142253,0.055635757748649296,0.017893155473458437,0.0018031689151048,0.08333333333333348,0.04347979206082438,-0.1633441818246247,-0.02423995287934397,-0.03846541120989071,0.0,0.03703833333333335,0.21858959648851234,-0.0047764067721302456,0.0
-0.2000000000000003,0.0,0.25759084245221897,0.04953207875517211,0.002077740084774627,-0.11111111111111124,-0.04166627604142253,0.09345779921391695,0.023458096345961632,0.0017208950482559087,0.08333333333333348,0.0,-0.11862785865959392,-0.02423995287934397,-0.04111652805659114,0.0,0.0,0.2245866990166058,-0.0031225604996096765,0.0006844728644789621
-0.2000000000000003,0.0,0.31219504979057355,0.06230310435584843,0.0,-0.11111111111111124,-0.04166627604142253,0.06760539359966102,0.06649870521596303,-0.024330210735368393,0.08333333333333348,0.0,-0.06648830640654849,-0.01889357074894661,0.004737596788069972,0.0,0.0,0.2791909063549604,0.00964846510106664,0.0
-0.2000000000000003,0.0,0.2647448886370834,0.05192336767532774,0.0,-0.11111111111111124,-0.04166627604142253,0.09345779921391695,0.023458096345961632,0.0018031689151048,0.0,0.04347979206082438,-0.1633441818246247,-0.03270128222554484,-0.034144600579931815,-0.05882352941176478,0.03703833333333335,0.2317407452014702,-0.000731271579454049,0.0
-0.2000000000000003,0.0,0.25759084245221897,0.04953207875517211,0.002077740084774627,-0.05555555555555562,-0.04166627604142253,0.055635757748649296,0.017893155473458437,0.0017208950482559087,0.0,0.04347979206082438,-0.19636884143499275,-0.03367541117303252,-0.02889207532740655,-0.05882352941176478,0.03703833333333335,0.2245866990166058,-0.0031225604996096765,0.0006844728644789621
-0.2000000000000003,0.0,0.27691956065195183,0.0677151311506265,0.002077740084774627,-0.11111111111111124,-0.04166627604142253,0.09345779921391695,0.023458096345961632,0.0017208950482559087,0.0,0.04347979206082438,-0.1633441818246247,-0.03270128222554484,-0.034144600579931815,-0.05882352941176478,0.03703833333333335,0.24391541721633866,0.0150604918958447,0.0006844728644789621
-0.2000000000000003,0.0,0.2758724562227621,0.050198554118725154,0.002077740084774627,-0.05555555555555562,-0.04166627604142253,0.055635757748649296,0.017893155473458437,0.0017208950482559087,0.08333333333333348,0.0,-0.1507980210380555,-0.02303928231616149,-0.04111652805659114,0.0,0.0,0.24286831278714888,-0.002456085136056641,0.0006844728644789621
-0.2000000000000003,0.0,0.2862579503277528,0.05192336767532774,0.002077740084774627,-0.11111111111111124,-0.04166627604142253,0.06760539359966102,0.06649870521596303,-0.024330210735368393,0.08333333333333348,0.0,0.002730492096418553,-0.007719405554800434,0.0046713188669024654,0.0,0.0,0.2532538068921396,-0.000731271579454049,0.0006844728644789621
-0.2000000000000003,0.0,0.2536632711717156,0.049186498937033495,0.002077740084774627,-0.05555555555555562,-0.04166627604142253,0.055635757748649296,0.017893155473458437,0.0018031689151048,0.08333333333333348,0.0,-0.19636884143499275,-0.03367541117303252,-0.04111652805659114,0.0,0.0,0.22065912773610244,-0.0034681403177483005,0.0006844728644789621
-0.2000000000000003,0.0,0.2732508997741505,0.049186498937033495,0.002077740084774627,-0.05555555555555562,-0.04166627604142253,0.055635757748649296,0.017893155473458437,0.0036817555414877436,0.0,0.04347979206082438,-0.11780909831842751,-0.01671310769788415,-0.034144600579931815,-0.05882352941176478,0.03703833333333335,0.2402467563385373,-0.0034681403177483005,0.0006844728644789621
-0.2000000000000003,0.0,0.27691956065195183,0.057097808345135476,0.002077740084774627,-0.05555555555555562,-0.04166627604142253,0.055635757748649296,0.017893155473458437,0.0037651721009317554,0.08333333333333348,0.04347979206082438,-0.23710286077212214,-0.04133251778351682,-0.03846541120989071,0.0,0.03703833333333335,0.24391541721633866,0.004443169090353685,0.0006844728644789621
-0.2000000000000003,0.0,0.23858668937052296,0.0487637807666318,0.002077740084774627,-0.11111111111111124,-0.04166627604142253,0.06760539359966102,0.06649870521596303,-0.024330210735368393,0.0,0.04347979206082438,-0.04595348512643821,-0.009645009288206222,0.0037956855622470875,-0.05882352941176478,0.03703833333333335,0.20558254593490982,-0.003890858488150001,0.0006844728644789621
-0.2000000000000003,0.0,0.2862579503277528,0.05255898769797556,0.002077740084774627,-0.11111111111111124,-0.04166627604142253,0.09345779921391695,0.023458096345961632,0.0036817555414877436,0.08333333333333348,0.0,-0.07936775709468755,-0.01889357074894661,-0.03846541120989071,0.0,0.0,0.2532538068921396,-9.565155680623539e-05,0.0006844728644789621
-0.2000000000000003,0.0,0.29038805185072786,0.054203577368224544,0.002077740084774627,-0.11111111111111124,-0.04166627604142253,0.06760539359966102,0.06649870521596303,-0.024330210735368393,0.08333333333333348,0.0,-0.036311960726055456,-0.009645009288206222,0.0046713188669024654,0.0,0.0,0.25738390841511466,0.0015489381134427538,0.0006844728644789621
-0.2000000000000003,0.0,0.23858668937052296,0.04035570036995551,0.002077740084774627,-0.11111111111111124,-0.04166627604142253,0.09345779921391695,0.023458096345961632,0.0037651721009317554,0.08333333333333348,0.0,-0.10221535358271155,-0.02303928231616149,-0.03846541120989071,0.0,0.0,0.20558254593490982,-0.012298938884826279,0.0006844728644789621
-0.2000000000000003,0.0,0.30002037777570495,0.05679851153835471,0.002077740084774627,-0.05555555555555562,0.0,0.055635757748649296,0.017893155473458437,0.0037651721009317554,0.0,0.04347979206082438,-0.1925142073657726,-0.03270128222554484,-0.034144600579931815,-0.05882352941176478,0.03703833333333335,0.2670162343400917,0.004143872283572916,0.0006844728644789621
-0.2000000000000003,0.0,0.23914767554374966,0.0487637807666318,0.002077740084774627,-0.11111111111111124,-0.04166627604142253,0.09345779921391695,0.023458096345961632,0.0017208950482559087,0.08333333333333348,0.0,-0.11862785865959392,-0.02423995287934397,-0.03846541120989071,0.0,0.0,0.2061435321081365,-0.003890858488150001,0.0006844728644789621
-0.2000000000000003,0.0,0.2862579503277528,0.05192336767532774,0.002077740084774627,-0.05555555555555562,-0.04166627604142253,0.055635757748649296,0.017893155473458437,0.0018031689151048,0.08333333333333348,0.0,-0.11780909831842751,-0.01671310769788415,-0.04111652805659114,0.0,0.0,0.2532538068921396,-0.000731271579454049,0.0006844728644789621
-0.2000000000000003,0.0,0.28850086224219723,0.05255898769797556,0.002077740084774627,-0.11111111111111124,-0.04166627604142253,0.06760539359966102,0.06535882762128012,-0.024330210735368393,0.08333333333333348,0.0,-0.036311960726055456,-0.009645009288206222,0.004737596788069972,0.0,0.0,0.25549671880658403,-9.565155680623539e-05,0.0006844728644789621
-0.2000000000000003,0.0,0.2325477303423614,0.04035570036995551,0.0,-0.11111111111111124,-0.04166627604142253,0.10827073064601281,0.06649870521596303,-0.024330210735368393,0.08333333333333348,0.0,-0.009087929695059949,0.025253726609578205,0.0046713188669024654,0.0,0.0,0.19954358690674825,0.01375839650964385,0.0
-0.2000000000000003,0.0,0.2911038866231482,0.05255898769797556,0.002077740084774627,-0.05555555555555562,-0.04166627604142253,0.055635757748649296,0.017893155473458437,0.0018031689151048,0.08333333333333348,0.0,-0.1507980210380555,-0.02303928231616149,-0.03846541120989071,0.0,0.0,0.25809974318753504,-9.565155680623539e-05,0.0006844728644789621
-0.2000000000000003,0.0,0.2912584932181477,0.05679851153835471,0.002077740084774627,-0.11111111111111124,-0.04166627604142253,0.10827073064601281,0.06649870521596303,-0.024330210735368393,0.08333333333333348,0.0,-0.036311960726055456,-0.007719405554800434,0.0046713188669024654,0.0,0.0,0.25825434978253453,0.004143872283572916,0.0006844728644789621
-0.2000000000000003,0.0,0.31219504979057355,0.0677151311506265,0.002077740084774627,-0.05555555555555562,-0.04166627604142253,0.055635757748649296,0.017893155473458437,0.0036817555414877436,0.08333333333333348,0.0,-0.1925142073657726,-0.03270128222554484,-0.04111652805659114,0.0,0.0,0.2791909063549604,0.0150604918958447,0.0006844728644789621
-0.2000000000000003,0.0,0.2912584932181477,0.054203577368224544,0.002077740084774627,-0.11111111111111124,-0.04166627604142253,0.10827073064601281,0.06649870521596303,-0.024330210735368393,0.08333333333333348,0.0,-0.028562275969786666,-0.0039248334919124595,0.004737596788069972,0.0,0.0,0.25825434978253453,0.0015489381134427538,0.0006844728644789621
-0.2000000000000003,0.0,0.31219504979057355,0.0677151311506265,0.002077740084774627,-0.05555555555555562,-0.04166627604142253,0.055635757748649296,0.017893155473458437,0.0036817555414877436,0.0,0.04347979206082438,-0.1925142073657726,-0.03270128222554484,-0.034144600579931815,-0.05882352941176478,0.03703833333333335,0.2791909063549604,0.0150604918958447,0.0006844728644789621
-0.2000000000000003,0.0,0.2647448886370834,0.05192336767532774,0.002077740084774627,-0.11111111111111124,-0.04166627604142253,0.06760539359966102,0.06649870521596303,-0.024330210735368393,0.08333333333333348,0.0,-0.12058186060584575,-0.02303928231616149,0.0046713188669024654,0.0,0.0,0.2317407452014702,-0.000731271579454049,0.0006844728644789621
-0.2000000000000003,0.0,0.2647448886370834,0.05192336767532774,0.002077740084774627,-0.05555555555555562,-0.04166627604142253,0.055635757748649296,0.017893155473458437,0.0017208950482559087,0.08333333333333348,0.0,-0.23710286077212214,-0.04133251778351682,-0.04111652805659114,0.0,0.0,0.2317407452014702,-0.000731271579454049,0.0006844728644789621
-0.2000000000000003,0.0,0.25759084245221897,0.050198554118725154,0.002077740084774627,-0.05555555555555562,-0.04166627604142253,0.055635757748649296,0.017893155473458437,0.0036817555414877436,0.08333333333333348,0.04347979206082438,-0.19636884143499275,-0.03367541117303252,-0.03846541120989071,0.0,0.03703833333333335,0.2245866990166058,-0.002456085136056641,0.0006844728644789621
-0.2000000000000003,0.0,0.2536632711717156,0.049186498937033495,0.002077740084774627,-0.11111111111111124,-0.04166627604142253,0.09345779921391695,0.023458096345961632,0.0018031689151048,0.08333333333333348,0.0,-0.11862785865959392,-0.02423995287934397,-0.04111652805659114,0.0,0.0,0.22065912773610244,-0.0034681403177483005,0.0006844728644789621
-0.2000000000000003,0.0,0.31219504979057355,0.06230310435584843,0.002077740084774627,-0.11111111111111124,-0.04166627604142253,0.09345779921391695,0.023458096345961632,0.0037651721009317554,0.08333333333333348,0.0,-0.11780909831842751,-0.02303928231616149,-0.04111652805659114,0.0,0.0,0.2791909063549604,0.00964846510106664,0.0006844728644789621
-0.2000000000000003,0.0,0.2719448815337489,0.04787823248265155,0.002077740084774627,-0.11111111111111124,-0.04166627604142253,0.09345779921391695,0.023458096345961632,0.0018031689151048,0.08333333333333348,0.0,-0.0589483894357232,-0.01189343482397719,-0.03846541120989071,0.0,0.0,0.23894073809813576,-0.0047764067721302456,0.0006844728644789621
-0.2000000000000003,0.0,0.27691956065195183,0.057097808345135476,0.0,-0.16666666666666688,-0.04166627604142253,0.06760539359966102,0.06535882762128012,-0.024330210735368393,0.08333333333333348,0.0,-0.12058186060584575,-0.02358298219382901,0.004737596788069972,0.0,0.0,0.24391541721633866,0.004443169090353685,0.0
-0.2000000000000003,0.0,0.27691956065195183,0.057097808345135476,0.002077740084774627,-0.05555555555555562,-0.04166627604142253,0.055635757748649296,0.017893155473458437,0.0037651721009317554,0.0,0.04347979206082438,-0.23710286077212214,-0.04133251778351682,-0.034144600579931815,-0.05882352941176478,0.03703833333333335,0.24391541721633866,0.004443169090353685,0.0006844728644789621
-0.2000000000000003,0.0,0.27691956065195183,0.05679851153835471,0.002077740084774627,-0.05555555555555562,-0.04166627604142253,0.055635757748649296,0.017893155473458437,0.0017208950482559087,0.0,0.04347979206082438,-0.23710286077212214,-0.04133251778351682,-0.034144600579931815,-0.05882352941176478,0.03703833333333335,0.24391541721633866,0.004143872283572916,0.0006844728644789621
-0.2000000000000003,0.0,0.26734075855601136,0.041343071278923005,0.002077740084774627,-0.11111111111111124,-0.04166627604142253,0.10827073064601281,0.0696143706414296,-0.024330210735368393,0.0,0.04347979206082438,0.03583448899986107,0.025253726609578205,0.0037956855622470875,-0.05882352941176478,0.03703833333333335,0.2343366151203982,0.01375839650964385,0.0006844728644789621
-0.2000000000000003,0.0,0.2807919106655492,0.04961230264152572,0.002077740084774627,-0.11111111111111124,-0.04166627604142253,0.13300604360843313,0.032185466852944156,0.0036817555414877436,0.08333333333333348,0.0,0.002730492096418553,0.021810294051017132,-0.04111652805659114,0.0,0.0,0.24778776722993598,0.011882391782605589,0.0006844728644789621
-0.2000000000000003,0.0,0.30002037777570495,0.05679851153835471,0.002077740084774627,-0.11111111111111124,-0.04166627604142253,0.06760539359966102,0.06649870521596303,-0.024330210735368393,0.08333333333333348,0.0,-0.06648830640654849,-0.01889357074894661,0.0046713188669024654,0.0,0.0,0.2670162343400917,0.004143872283572916,0.0006844728644789621
-0.2000000000000003,0.0,0.23858668937052296,0.04787823248265155,0.002077740084774627,-0.11111111111111124,-0.04166627604142253,0.10827073064601281,0.06649870521596303,-0.024330210735368393,0.0,0.04347979206082438,-0.02238528917104381,-0.00568053101354721,0.0037956855622470875,-0.05882352941176478,0.03703833333333335,0.20558254593490982,-0.003094790692794981,0.0006844728644789621
-0.2000000000000003,0.0,0.24599888245189924,0.0487637807666318,0.002077740084774627,-0.11111111111111124,-0.04166627604142253,0.10827073064601281,0.06649870521596303,-0.024330210735368393,0.0,0.04347979206082438,-0.009087929695059949,0.025253726609578205,0.0037956855622470875,-0.05882352941176478,0.03703833333333335,0.21299473901628604,0.01375839650964385,0.0006844728644789621
-0.2000000000000003,0.0,0.27691956065195183,0.05679851153835471,0.002077740084774627,-0.11111111111111124,-0.04166627604142253,0.06760539359966102,0.06649870521596303,-0.024330210735368393,0.08333333333333348,0.0,-0.12058186060584575,-0.02303928231616149,0.004737596788069972,0.0,0.0,0.24391541721633866,0.004143872283572916,0.0006844728644789621
-0.2000000000000003,0.0,0.24784850687417168,0.04586646425563029,0.0,-0.11111111111111124,-0.04166627604142253,0.09345779921391695,0.023458096345961632,0.0018031689151048,0.08333333333333348,0.0,-0.10221535358271155,-0.02303928231616149,-0.03846541120989071,0.0,0.0,0.21484436343855848,-0.006788174999151501,0.0
-0.2000000000000003,0.0,0.27691956065195183,0.05679851153835471,0.002077740084774627,-0.05555555555555562,-0.04166627604142253,0.055635757748649296,0.017893155473458437,0.0037651721009317554,0.08333333333333348,0.0,-0.2404805508383329,-0.04249920710434505,-0.04111652805659114,0.0,0.0,0.24391541721633866,0.004143872283572916,0.0006844728644789621
-0.2000000000000003,0.0,0.29775429140328324,0.054203577368224544,0.002077740084774627,-0.11111111111111124,-0.04166627604142253,0.09345779921391695,0.023458096345961632,0.0017208950482559087,0.08333333333333348,0.0,-0.07936775709468755,-0.01889357074894661,-0.04111652805659114,0.0,0.0,0.26475014796767005,0.0015489381134427538,0.0006844728644789621
-0.2000000000000003,0.0,0.2732508997741505,0.049186498937033495,0.0,-0.11111111111111124,-0.04166627604142253,0.10827073064601281,0.0696143706414296,-0.024330210735368393,0.08333333333333348,0.0,0.0223979850569293,0.0013705767749535149,0.004737596788069972,0.0,0.0,0.2402467563385373,0.0007466992499066385,0.0
-0.2000000000000003,0.0,0.2515937399241255,0.04953207875517211,0.002077740084774627,-0.05555555555555562,-0.04166627604142253,0.055635757748649296,0.017893155473458437,0.0017208950482559087,0.08333333333333348,0.04347979206082438,-0.1633441818246247,-0.02423995287934397,-0.03846541120989071,0.0,0.03703833333333335,0.21858959648851234,-0.0031225604996096765,0.0006844728644789621
-0.2000000000000003,0.0,0.27775964583129287,0.04953207875517211,0.002077740084774627,-0.05555555555555562,-0.04166627604142253,0.055635757748649296,0.017893155473458437,0.0036817555414877436,0.08333333333333348,0.0,-0.1507980210380555,-0.02303928231616149,-0.03846541120989071,0.0,0.0,0.24475550239567967,-0.0031225604996096765,0.0006844728644789621
-0.2000000000000003,0.0,0.2680743584813924,0.057097808345135476,0.002077740084774627,-0.11111111111111124,-0.04166627604142253,0.10827073064601281,0.0696143706414296,-0.024330210735368393,0.08333333333333348,0.0,-0.08224277992362189,-0.01889357074894661,0.004737596788069972,0.0,0.0,0.2350702150457792,0.004443169090353685,0.0006844728644789621
-0.2000000000000003,0.0,0.2911038866231482,0.05255898769797556,0.002077740084774627,-0.11111111111111124,-0.04166627604142253,0.09345779921391695,0.023458096345961632,0.0037651721009317554,0.08333333333333348,0.0,-0.07936775709468755,-0.01889357074894661,-0.03846541120989071,0.0,0.0,0.25809974318753504,-9.565155680623539e-05,0.0006844728644789621
-0.2000000000000003,0.0,0.23914767554374966,0.041343071278923005,0.0,-0.05555555555555562,0.0,0.055635757748649296,0.017893155473458437,0.0037651721009317554,0.08333333333333348,0.04347979206082438,-0.19636884143499275,-0.03367541117303252,-0.03846541120989071,0.0,0.03703833333333335,0.2061435321081365,-0.011311567975858788,0.0
-0.2000000000000003,0.0,0.29038805185072786,0.05255898769797556,0.002077740084774627,-0.05555555555555562,-0.04166627604142253,0.055635757748649296,0.017893155473458437,0.0017208950482559087,0.08333333333333348,0.0,-0.11780909831842751,-0.01671310769788415,-0.04111652805659114,0.0,0.0,0.25738390841511466,-9.565155680623539e-05,0.0006844728644789621
-0.2000000000000003,0.0,0.27691956065195183,0.057097808345135476,0.002077740084774627,-0.11111111111111124,-0.04166627604142253,0.09345779921391695,0.023458096345961632,0.0017208950482559087,0.08333333333333348,0.0,-0.1633441818246247,-0.03270128222554484,-0.04111652805659114,0.0,0.0,0.24391541721633866,0.004443169090353685,0.0006844728644789621
-0.2000000000000003,0.0,0.2647448886370834,0.04953207875517211,0.0,-0.05555555555555562,-0.04166627604142253,0.055635757748649296,0.017893155473458437,0.0037651721009317554,0.08333333333333348,0.0,-0.23710286077212214,-0.04133251778351682,-0.04111652805659114,0.0,0.0,0.2317407452014702,-0.0031225604996096765,0.0
-0.2000000000000003,0.0,0.29775429140328324,0.054203577368224544,0.002077740084774627,-0.11111111111111124,-0.04166627604142253,0.09345779921391695,0.023458096345961632,0.0017208950482559087,0.0,0.04347979206082438,-0.07936775709468755,-0.01889357074894661,-0.034144600579931815,-0.05882352941176478,0.03703833333333335,0.26475014796767005,0.0015489381134427538,0.0006844728644789621
-0.2000000000000003,0.0,0.2911038866231482,0.05255898769797556,0.002077740084774627,-0.05555555555555562,-0.04166627604142253,0.055635757748649296,0.017893155473458437,0.0036817555414877436,0.08333333333333348,0.0,-0.1507980210380555,-0.02303928231616149,-0.03846541120989071,0.0,0.0,0.25809974318753504,-9.565155680623539e-05,0.0006844728644789621
-0.2000000000000003,0.0,0.24103486515228045,0.04586646425563029,0.002077740084774627,-0.05555555555555562,-0.04166627604142253,0.055635757748649296,0.017893155473458437,0.0037651721009317554,0.08333333333333348,0.04347979206082438,-0.19636884143499275,-0.03367541117303252,-0.03846541120989071,0.0,0.03703833333333335,0.20803072171666728,-0.006788174999151501,0.0006844728644789621
-0.2000000000000003,0.0,0.2911038866231482,0.05255898769797556,0.002077740084774627,-0.11111111111111124,-0.04166627604142253,0.09345779921391695,0.023458096345961632,0.0037651721009317554,0.0,0.04347979206082438,-0.07936775709468755,-0.01889357074894661,-0.034144600579931815,-0.05882352941176478,0.03703833333333335,0.25809974318753504,-9.565155680623539e-05,0.0006844728644789621
-0.2000000000000003,0.0,0.28850086224219723,0.05192336767532774,0.002077740084774627,-0.05555555555555562,-0.04166627604142253,0.055635757748649296,0.017893155473458437,0.0036817555414877436,0.08333333333333348,0.0,-0.11780909831842751,-0.01671310769788415,-0.03846541120989071,0.0,0.0,0.25549671880658403,-0.000731271579454049,0.0006844728644789621
-0.2000000000000003,0.0,0.31219504979057355,0.06438275433286124,0.002077740084774627,-0.05555555555555562,-0.04166627604142253,0.055635757748649296,0.017893155473458437,0.0018031689151048,0.08333333333333348,0.0,-0.18745364295274206,-0.026290154501381946,-0.03846541120989071,0.0,0.0,0.2791909063549604,0.011728115078079438,0.0006844728644789621
-0.2000000000000003,0.0,0.25759084245221897,0.049186498937033495,0.002077740084774627,-0.11111111111111124,-0.04166627604142253,0.09345779921391695,0.023458096345961632,0.0018031689151048,0.0,0.04347979206082438,-0.11862785865959392,-0.026290154501381946,-0.034144600579931815,-0.05882352941176478,0.03703833333333335,0.2245866990166058,-0.0034681403177483005,0.0006844728644789621
-0.2000000000000003,0.0,0.31219504979057355,0.06230310435584843,0.002077740084774627,-0.11111111111111124,-0.04166627604142253,0.06760539359966102,0.06535882762128012,-0.024330210735368393,0.08333333333333348,0.0,-0.06648830640654849,-0.01889357074894661,0.0046713188669024654,0.0,0.0,0.2791909063549604,0.00964846510106664,0.0006844728644789621
-0.2000000000000003,0.0,0.30002037777570495,0.05679851153835471,0.002077740084774627,-0.11111111111111124,-0.04166627604142253,0.09345779921391695,0.023458096345961632,0.0017208950482559087,0.0,0.04347979206082438,-0.11780909831842751,-0.02303928231616149,-0.034144600579931815,-0.05882352941176478,0.03703833333333335,0.2670162343400917,0.004143872283572916,0.0006844728644789621
-0.2000000000000003,0.0,0.30002037777570495,0.057097808345135476,0.002077740084774627,-0.11111111111111124,-0.04166627604142253,0.06760539359966102,0.06649870521596303,-0.024330210735368393,0.0,0.04347979206082438,-0.06790061576791077,-0.02303928231616149,0.0037956855622470875,-0.05882352941176478,0.03703833333333335,0.2670162343400917,0.004443169090353685,0.0006844728644789621
-0.2000000000000003,0.0,0.2912584932181477,0.05679851153835471,0.002077740084774627,-0.11111111111111124,-0.04166627604142253,0.10827073064601281,0.0696143706414296,-0.024330210735368393,0.08333333333333348,0.0,-0.028562275969786666,-0.0039248334919124595,0.004737596788069972,0.0,0.0,0.25825434978253453,0.004143872283572916,0.0006844728644789621
-0.2000000000000003,0.0,0.29775429140328324,0.054203577368224544,0.002077740084774627,-0.11111111111111124,-0.04166627604142253,0.09345779921391695,0.023458096345961632,0.0037651721009317554,0.08333333333333348,0.0,-0.07936775709468755,-0.01889357074894661,-0.03846541120989071,0.0,0.0,0.26475014796767005,0.0015489381134427538,0.0006844728644789621
-0.2000000000000003,0.0,0.30526235904768206,0.05679851153835471,0.002077740084774627,-0.11111111111111124,-0.04166627604142253,0.10827073064601281,0.0696143706414296,-0.024330210735368393,0.08333333333333348,0.0,-0.028562275969786666,-0.0039248334919124595,0.004737596788069972,0.0,0.0,0.27225821561206887,0.004143872283572916,0.0006844728644789621
-0.2000000000000003,0.0,0.23858668937052296,0.041343071278923005,0.002077740084774627,-0.11111111111111124,-0.04166627604142253,0.09345779921391695,0.023458096345961632,0.0037651721009317554,0.0,0.04347979206082438,-0.11862785865959392,-0.026290154501381946,-0.034144600579931815,-0.05882352941176478,0.03703833333333335,0.20558254593490982,-0.011311567975858788,0.0006844728644789621
-0.2000000000000003,0.0,0.2680743584813924,0.057097808345135476,0.002077740084774627,-0.11111111111111124,-0.04166627604142253,0.10827073064601281,0.06649870521596303,-0.024330210735368393,0.0,0.04347979206082438,-0.08224277992362189,-0.02303928231616149,0.0037956855622470875,-0.05882352941176478,0.03703833333333335,0.2350702150457792,0.004443169090353685,0.0006844728644789621
-0.2000000000000003,0.0,0.30002037777570495,0.05679851153835471,0.002077740084774627,-0.11111111111111124,-0.04166627604142253,0.09345779921391695,0.023458096345961632,0.0037651721009317554,0.08333333333333348,0.0,-0.11780909831842751,-0.024222962258166843,-0.03846541120989071,0.0,0.0,0.2670162343400917,0.004143872283572916,0.0006844728644789621
-0.2000000000000003,0.0,0.29775429140328324,0.054203577368224544,0.002077740084774627,-0.05555555555555562,-0.04166627604142253,0.055635757748649296,0.017893155473458437,0.0037651721009317554,0.0,0.04347979206082438,-0.1507980210380555,-0.026290154501381946,-0.034144600579931815,-0.05882352941176478,0.03703833333333335,0.26475014796767005,0.0015489381134427538,0.0006844728644789621
-0.2000000000000003,0.0,0.30002037777570495,0.05679851153835471,0.002077740084774627,-0.05555555555555562,-0.04166627604142253,0.055635757748649296,0.017893155473458437,0.0036817555414877436,0.0,0.04347979206082438,-0.18745364295274206,-0.03155724706628612,-0.034144600579931815,-0.05882352941176478,0.03703833333333335,0.2670162343400917,0.004143872283572916,0.0006844728644789621
-0.2000000000000003,0.0,0.2719448815337489,0.04920192660748608,0.002077740084774627,-0.05555555555555562,-0.04166627604142253,0.055635757748649296,0.017893155473458437,0.0017208950482559087,0.08333333333333348,0.0,-0.11780909831842751,-0.01671310769788415,-0.04111652805659114,0.0,0.0,0.23894073809813576,-0.0034527126472957107,0.0006844728644789621
-0.2000000000000003,0.0,0.28850086224219723,0.05255898769797556,0.002077740084774627,-0.11111111111111124,-0.04166627604142253,0.06760539359966102,0.06649870521596303,-0.024330210735368393,0.0,0.04347979206082438,-0.036311960726055456,-0.009645009288206222,0.0037956855622470875,-0.05882352941176478,0.03703833333333335,0.25549671880658403,-9.565155680623539e-05,0.0006844728644789621
-0.2000000000000003,0.0,0.2719448815337489,0.04953207875517211,0.002077740084774627,-0.11111111111111124,-0.04166627604142253,0.10827073064601281,0.06582062418527983,-0.024330210735368393,0.0,0.04347979206082438,0.0223979850569293,0.0013705767749535149,0.0037956855622470875,-0.05882352941176478,0.03703833333333335,0.23894073809813576,0.0007466992499066385,0.0006844728644789621
-0.2000000000000003,0.0,0.2862579503277528,0.05192336767532774,0.002077740084774627,-0.05555555555555562,-0.04166627604142253,0.055635757748649296,0.017893155473458437,0.0017208950482559087,0.0,0.04347979206082438,-0.11780909831842751,-0.01671310769788415,-0.034144600579931815,-0.05882352941176478,0.03703833333333335,0.2532538068921396,-0.000731271579454049,0.0006844728644789621
-0.2000000000000003,0.0,0.23858668937052296,0.04586646425563029,0.002077740084774627,-0.11111111111111124,-0.04166627604142253,0.06760539359966102,0.06535882762128012,-0.024330210735368393,0.08333333333333348,0.0,-0.04595348512643821,-0.00568053101354721,0.004737596788069972,0.0,0.0,0.20558254593490982,-0.003094790692794981,0.0006844728644789621
-0.2000000000000003,0.0,0.23858668937052296,0.04920192660748608,0.002077740084774627,-0.11111111111111124,-0.04166627604142253,0.09345779921391695,0.023458096345961632,0.0036817555414877436,0.08333333333333348,0.0,-0.11862785865959392,-0.02423995287934397,-0.04111652805659114,0.0,0.0,0.20558254593490982,-0.0034527126472957107,0.0006844728644789621
-0.2000000000000003,0.0,0.31219504979057355,0.06230310435584843,0.002077740084774627,-0.05555555555555562,-0.04166627604142253,0.055635757748649296,0.017893155473458437,0.0036817555414877436,0.08333333333333348,0.0,-0.18745364295274206,-0.026290154501381946,-0.03846541120989071,0.0,0.0,0.2791909063549604,0.00964846510106664,0.0006844728644789621
-0.2000000000000003,0.0,0.29775429140328324,0.054203577368224544,0.002077740084774627,-0.05555555555555562,-0.04166627604142253,0.055635757748649296,0.017893155473458437,0.0036817555414877436,0.08333333333333348,0.0,-0.1507980210380555,-0.02303928231616149,-0.03846541120989071,0.0,0.0,0.26475014796767005,0.0015489381134427538,0.0006844728644789621
-0.2000000000000003,0.0,0.31219504979057355,0.0677151311506265,0.002077740084774627,-0.11111111111111124,-0.04166627604142253,0.06760539359966102,0.06649870521596303,-0.024330210735368393,0.08333333333333348,0.0,-0.06790061576791077,-0.02303928231616149,0.0046713188669024654,0.0,0.0,0.2791909063549604,0.0150604918958447,0.0006844728644789621
-0.2000000000000003,0.0,0.2325477303423614,0.041343071278923005,0.002077740084774627,-0.11111111111111124,-0.04166627604142253,0.10827073064601281,0.0696143706414296,-0.024330210735368393,0.0,0.04347979206082438,-0.009087929695059949,0.025253726609578205,0.0037956855622470875,-0.05882352941176478,0.03703833333333335,0.19954358690674825,0.01375839650964385,0.0006844728644789621
-0.2000000000000003,0.0,0.24784850687417168,0.04586646425563029,0.002077740084774627,-0.11111111111111124,-0.04166627604142253,0.09345779921391695,0.023458096345961632,0.0018031689151048,0.0,0.04347979206082438,-0.10221535358271155,-0.02358298219382901,-0.034144600579931815,-0.05882352941176478,0.03703833333333335,0.21484436343855848,-0.006788174999151501,0.0006844728644789621
-0.2000000000000003,0.0,0.27691956065195183,0.057097808345135476,0.002077740084774627,-0.11111111111111124,-0.04166627604142253,0.09345779921391695,0.023458096345961632,0.0017208950482559087,0.08333333333333348,0.0,-0.1633441818246247,-0.026290154501381946,-0.03846541120989071,0.0,0.0,0.24391541721633866,0.004443169090353685,0.0006844728644789621
-0.2000000000000003,0.0,0.2647448886370834,0.05192336767532774,0.002077740084774627,-0.05555555555555562,0.0,0.055635757748649296,0.017893155473458437,0.0037651721009317554,0.0,0.04347979206082438,-0.23710286077212214,-0.04133251778351682,-0.034144600579931815,-0.05882352941176478,0.03703833333333335,0.2317407452014702,-0.000731271579454049,0.0006844728644789621
-0.2000000000000003,0.0,0.2515937399241255,0.04953207875517211,0.002077740084774627,-0.05555555555555562,-0.04166627604142253,0.055635757748649296,0.017893155473458437,0.0017208950482559087,0.08333333333333348,0.0,-0.19636884143499275,-0.03367541117303252,-0.04111652805659114,0.0,0.0,0.21858959648851234,-0.0031225604996096765,0.0006844728644789621
-0.2000000000000003,0.0,0.29038805185072786,0.054203577368224544,0.002077740084774627,-0.11111111111111124,-0.04166627604142253,0.06760539359966102,0.06649870521596303,-0.024330210735368393,0.08333333333333348,0.0,-0.036311960726055456,-0.009645009288206222,0.0046713188669024654,0.0,0.0,0.25738390841511466,0.0015489381134427538,0.0006844728644789621
-0.2000000000000003,0.0,0.27775964583129287,0.04953207875517211,0.002077740084774627,-0.05555555555555562,0.0,0.055635757748649296,0.017893155473458437,0.0037651721009317554,0.08333333333333348,0.0,-0.1507980210380555,-0.02303928231616149,-0.03846541120989071,0.0,0.0,0.24475550239567967,-0.0031225604996096765,0.0006844728644789621
-0.2000000000000003,0.0,0.23858668937052296,0.041343071278923005,0.0,-0.11111111111111124,-0.04166627604142253,0.09345779921391695,0.023458096345961632,0.0018031689151048,0.08333333333333348,0.0,-0.11862785865959392,-0.02423995287934397,-0.03846541120989071,0.0,0.0,0.20558254593490982,-0.011311567975858788,0.0
-0.2000000000000003,0.0,0.23858668937052296,0.0487637807666318,0.002077740084774627,-0.05555555555555562,-0.04166627604142253,0.055635757748649296,0.017893155473458437,0.0017208950482559087,0.08333333333333348,0.04347979206082438,-0.1633441818246247,-0.02423995287934397,-0.03846541120989071,0.0,0.03703833333333335,0.20558254593490982,-0.003890858488150001,0.0006844728644789621
-0.2000000000000003,0.0,0.2719448815337489,0.04953207875517211,0.002077740084774627,-0.11111111111111124,-0.04166627604142253,0.09345779921391695,0.023458096345961632,0.0036817555414877436,0.0,0.04347979206082438,-0.0589483894357232,-0.01189343482397719,-0.034144600579931815,-0.05882352941176478,0.03703833333333335,0.23894073809813576,-0.0031225604996096765,0.0006844728644789621
-0.2000000000000003,0.0,0.27691956065195183,0.057097808345135476,0.002077740084774627,-0.05555555555555562,-0.04166627604142253,0.055635757748649296,0.017893155473458437,0.0036817555414877436,0.08333333333333348,0.04347979206082438,-0.23710286077212214,-0.04133251778351682,-0.03846541120989071,0.0,0.03703833333333335,0.24391541721633866,0.004443169090353685,0.0006844728644789621
-0.2000000000000003,0.0,0.2719448815337489,0.04787823248265155,0.0,-0.11111111111111124,-0.04166627604142253,0.09345779921391695,0.023458096345961632,0.0037651721009317554,0.08333333333333348,0.0,-0.0589483894357232,-0.01189343482397719,-0.03846541120989071,0.0,0.0,0.23894073809813576,-0.0047764067721302456,0.0
-0.2000000000000003,0.0,0.2647448886370834,0.05192336767532774,0.002077740084774627,-0.11111111111111124,-0.04166627604142253,0.09345779921391695,0.023458096345961632,0.0017208950482559087,0.08333333333333348,0.0,-0.1633441818246247,-0.026290154501381946,-0.03846541120989071,0.0,0.0,0.2317407452014702,-0.000731271579454049,0.0006844728644789621
-0.2000000000000003,0.0,0.2517760815631848,0.0487637807666318,0.0,-0.11111111111111124,-0.04166627604142253,0.06760539359966102,0.06649870521596303,-0.024330210735368393,0.08333333333333348,0.0,-0.08224277992362189,-0.01889357074894661,0.004737596788069972,0.0,0.0,0.21877193812757165,-0.003890858488150001,0.0
-0.2000000000000003,0.0,0.31219504979057355,0.0677151311506265,0.002077740084774627,-0.11111111111111124,-0.04166627604142253,0.09345779921391695,0.023458096345961632,0.0036817555414877436,0.0,0.04347979206082438,-0.11780909831842751,-0.02303928231616149,-0.034144600579931815,-0.05882352941176478,0.03703833333333335,0.2791909063549604,0.0150604918958447,0.0006844728644789621
-0.2000000000000003,0.0,0.2536632711717156,0.04920192660748608,0.002077740084774627,-0.11111111111111124,-0.04166627604142253,0.06760539359966102,0.06649870521596303,-0.024330210735368393,0.0,0.04347979206082438,-0.08224277992362189,-0.02303928231616149,0.0037956855622470875,-0.05882352941176478,0.03703833333333335,0.22065912773610244,-0.0034527126472957107,0.0006844728644789621
-0.2000000000000003,0.0,0.29775429140328324,0.054203577368224544,0.002077740084774627,-0.05555555555555562,-0.04166627604142253,0.055635757748649296,0.017893155473458437,0.0018031689151048,0.08333333333333348,0.0,-0.1507980210380555,-0.02303928231616149,-0.04111652805659114,0.0,0.0,0.26475014796767005,0.0015489381134427538,0.0006844728644789621
-0.2000000000000003,0.0,0.23858668937052296,0.0487637807666318,0.002077740084774627,-0.05555555555555562,-0.04166627604142253,0.055635757748649296,0.017893155473458437,0.0017208950482559087,0.08333333333333348,0.04347979206082438,-0.1633441818246247,-0.02423995287934397,-0.03846541120989071,0.0,0.03703833333333335,0.20558254593490982,-0.003890858488150001,0.0006844728644789621
-0.2000000000000003,0.0,0.26734075855601136,0.0487637807666318,0.002077740084774627,-0.11111111111111124,-0.04166627604142253,0.10827073064601281,0.0696143706414296,-0.024330210735368393,0.0,0.04347979206082438,0.03583448899986107,0.025253726609578205,0.0037956855622470875,-0.05882352941176478,0.03703833333333335,0.2343366151203982,0.01375839650964385,0.0006844728644789621
-0.2000000000000003,0.0,0.30002037777570495,0.057097808345135476,0.002077740084774627,-0.11111111111111124,-0.04166627604142253,0.06760539359966102,0.06649870521596303,-0.024330210735368393,0.08333333333333348,0.0,-0.06648830640654849,-0.01889357074894661,0.004737596788069972,0.0,0.0,0.2670162343400917,0.004443169090353685,0.0006844728644789621
-0.2000000000000003,0.0,0.30002037777570495,0.057097808345135476,0.0,-0.11111111111111124,-0.04166627604142253,0.06760539359966102,0.06535882762128012,-0.024330210735368393,0.08333333333333348,0.0,-0.06790061576791077,-0.02303928231616149,0.0046713188669024654,0.0,0.0,0.2670162343400917,0.004443169090353685,0.0
-0.2000000000000003,0.0,0.31715799000110245,0.050198554118725154,0.002077740084774627,-0.11111111111111124,-0.04166627604142253,0.09345779921391695,0.023458096345961632,0.0017208950482559087,0.0,0.04347979206082438,-0.012828401102330866,0.004785691631552708,-0.034144600579931815,-0.05882352941176478,0.03703833333333335,0.2841538465654892,0.0026072763064922677,0.0006844728644789621
-0.2000000000000003,0.0,0.2647448886370834,0.05192336767532774,0.002077740084774627,-0.11111111111111124,-0.04166627604142253,0.09345779921391695,0.023458096345961632,0.0017208950482559087,0.08333333333333348,0.0,-0.1633441818246247,-0.026290154501381946,-0.04111652805659114,0.0,0.0,0.2317407452014702,-0.000731271579454049,0.0006844728644789621
-0.2000000000000003,0.0,0.24496243643278384,0.04953207875517211,0.002077740084774627,-0.05555555555555562,-0.04166627604142253,0.055635757748649296,0.017893155473458437,0.0017208950482559087,0.0,0.04347979206082438,-0.19636884143499275,-0.03367541117303252,-0.034144600579931815,-0.05882352941176478,0.03703833333333335,0.21195829299717064,-0.0031225604996096765,0.0006844728644789621
-0.2000000000000003,0.0,0.28168721711179623,0.04953207875517211,0.002077740084774627,-0.11111111111111124,-0.04166627604142253,0.09345779921391695,0.023458096345961632,0.0037651721009317554,0.0,0.04347979206082438,-0.07936775709468755,-0.01889357074894661,-0.034144600579931815,-0.05882352941176478,0.03703833333333335,0.24868307367618303,-0.0031225604996096765,0.0006844728644789621
-0.2000000000000003,0.0,0.2647448886370834,0.04953207875517211,0.002077740084774627,-0.05555555555555562,-0.04166627604142253,0.055635757748649296,0.017893155473458437,0.0037651721009317554,0.0,0.04347979206082438,-0.23710286077212214,-0.04133251778351682,-0.034144600579931815,-0.05882352941176478,0.03703833333333335,0.2317407452014702,-0.0031225604996096765,0.0006844728644789621
-0.2000000000000003,0.0,0.31219504979057355,0.06230310435584843,0.0,-0.11111111111111124,-0.04166627604142253,0.09345779921391695,0.023458096345961632,0.0037651721009317554,0.08333333333333348,0.0,-0.11780909831842751,-0.024222962258166843,-0.03846541120989071,0.0,0.0,0.2791909063549604,0.00964846510106664,0.0
-0.2000000000000003,0.0,0.28980328450478327,0.06230310435584843,0.002077740084774627,-0.11111111111111124,-0.04166627604142253,0.09345779921391695,0.023458096345961632,0.0017208950482559087,0.08333333333333348,0.0,-0.1633441818246247,-0.026290154501381946,-0.04111652805659114,0.0,0.0,0.25679914106917007,0.00964846510106664,0.0006844728644789621
-0.2000000000000003,0.0,0.27691956065195183,0.05679851153835471,0.002077740084774627,-0.11111111111111124,-0.04166627604142253,0.06760539359966102,0.06535882762128012,-0.024330210735368393,0.08333333333333348,0.0,-0.12058186060584575,-0.02358298219382901,0.004737596788069972,0.0,0.0,0.24391541721633866,0.004143872283572916,0.0006844728644789621
-0.2000000000000003,0.0,0.2862579503277528,0.05319152218653284,0.002077740084774627,-0.11111111111111124,-0.04166627604142253,0.10827073064601281,0.0696143706414296,-0.024330210735368393,0.0,0.04347979206082438,0.0223979850569293,0.0013705767749535149,0.0037956855622470875,-0.05882352941176478,0.03703833333333335,0.2532538068921396,0.0007466992499066385,0.0006844728644789621
-0.2000000000000003,0.0,0.29431562313123116,0.05319152218653284,0.002077740084774627,-0.11111111111111124,-0.04166627604142253,0.09345779921391695,0.023458096345961632,0.0017208950482559087,0.0,0.04347979206082438,-0.0589483894357232,-0.01189343482397719,-0.034144600579931815,-0.05882352941176478,0.03703833333333335,0.261311479695618,0.0005368829317510517,0.0006844728644789621
-0.2000000000000003,0.0,0.27691956065195183,0.057097808345135476,0.002077740084774627,-0.11111111111111124,-0.04166627604142253,0.09345779921391695,0.023458096345961632,0.0037651721009317554,0.08333333333333348,0.0,-0.1633441818246247,-0.03270128222554484,-0.04111652805659114,0.0,0.0,0.24391541721633866,0.004443169090353685,0.0006844728644789621
-0.2000000000000003,0.0,0.24599888245189924,0.04586646425563029,0.002077740084774627,-0.11111111111111124,-0.04166627604142253,0.10827073064601281,0.0696143706414296,-0.024330210735368393,0.0,0.04347979206082438,-0.009087929695059949,0.025253726609578205,0.0037956855622470875,-0.05882352941176478,0.03703833333333335,0.21299473901628604,0.01375839650964385,0.0006844728644789621
-0.2000000000000003,0.0,0.27691956065195183,0.057097808345135476,0.002077740084774627,-0.05555555555555562,-0.04166627604142253,0.055635757748649296,0.017893155473458437,0.0036817555414877436,0.08333333333333348,0.0,-0.23710286077212214,-0.04133251778351682,-0.04111652805659114,0.0,0.0,0.24391541721633866,0.004443169090353685,0.0006844728644789621
-0.2000000000000003,0.0,0.25491791976125977,0.05192336767532774,0.002077740084774627,-0.11111111111111124,-0.04166627604142253,0.10827073064601281,0.06649870521596303,-0.024330210735368393,0.0,0.04347979206082438,-0.07449309080600447,-0.01189343482397719,0.0037956855622470875,-0.05882352941176478,0.03703833333333335,0.22191377632564654,-0.000731271579454049,0.0006844728644789621
-0.2000000000000003,0.0,0.2647448886370834,0.05192336767532774,0.002077740084774627,-0.11111111111111124,-0.04166627604142253,0.06760539359966102,0.06649870521596303,-0.024330210735368393,0.08333333333333348,0.0,-0.12058186060584575,-0.02358298219382901,0.0046713188669024654,0.0,0.0,0.2317407452014702,-0.000731271579454049,0.0006844728644789621
-0.2000000000000003,0.0,0.30002037777570495,0.057097808345135476,0.002077740084774627,-0.11111111111111124,-0.04166627604142253,0.09345779921391695,0.023458096345961632,0.0017208950482559087,0.0,0.04347979206082438,-0.11780909831842751,-0.02303928231616149,-0.034144600579931815,-0.05882352941176478,0.03703833333333335,0.2670162343400917,0.004443169090353685,0.0006844728644789621
-0.2000000000000003,0.0,0.30002037777570495,0.057097808345135476,0.002077740084774627,-0.11111111111111124,-0.04166627604142253,0.06760539359966102,0.06582062418527983,-0.024330210735368393,0.08333333333333348,0.0,-0.06790061576791077,-0.02303928231616149,0.0046713188669024654,0.0,0.0,0.2670162343400917,0.004443169090353685,0.0006844728644789621
-0.2000000000000003,0.0,0.27691956065195183,0.057097808345135476,0.002077740084774627,-0.05555555555555562,-0.04166627604142253,0.055635757748649296,0.017893155473458437,0.0036817555414877436,0.08333333333333348,0.04347979206082438,-0.23710286077212214,-0.04133251778351682,-0.03846541120989071,0.0,0.03703833333333335,0.24391541721633866,0.004443169090353685,0.0006844728644789621
-0.2000000000000003,0.0,0.23522010085473674,0.04035570036995551,0.002077740084774627,-0.11111111111111124,-0.04166627604142253,0.09345779921391695,0.023458096345961632,0.0037651721009317554,0.08333333333333348,0.0,-0.10221535358271155,-0.02303928231616149,-0.04111652805659114,0.0,0.0,0.20221595741912357,-0.012298938884826279,0.0006844728644789621
-0.2000000000000003,0.0,0.2517760815631848,0.0487637807666318,0.002077740084774627,-0.11111111111111124,-0.04166627604142253,0.09345779921391695,0.023458096345961632,0.0037651721009317554,0.08333333333333348,0.0,-0.11862785865959392,-0.02423995287934397,-0.04111652805659114,0.0,0.0,0.21877193812757165,-0.003890858488150001,0.0006844728644789621
-0.2000000000000003,0.0,0.2732508997741505,0.050198554118725154,0.002077740084774627,-0.05555555555555562,-0.04166627604142253,0.055635757748649296,0.017893155473458437,0.0017208950482559087,0.08333333333333348,0.0,-0.1507980210380555,-0.02303928231616149,-0.04111652805659114,0.0,0.0,0.2402467563385373,-0.002456085136056641,0.0006844728644789621
-0.2000000000000003,0.0,0.27691956065195183,0.05679851153835471,0.002077740084774627,-0.05555555555555562,-0.04166627604142253,0.055635757748649296,0.017893155473458437,0.0036817555414877436,0.08333333333333348,0.0,-0.2404805508383329,-0.04249920710434505,-0.04111652805659114,0.0,0.0,0.24391541721633866,0.004143872283572916,0.0006844728644789621
-0.2000000000000003,0.0,0.31219504979057355,0.06230310435584843,0.002077740084774627,-0.05555555555555562,-0.04166627604142253,0.055635757748649296,0.017893155473458437,0.0036817555414877436,0.08333333333333348,0.0,-0.18745364295274206,-0.026290154501381946,-0.03846541120989071,0.0,0.0,0.2791909063549604,0.00964846510106664,0.0006844728644789621
-0.2000000000000003,0.0,0.2325477303423614,0.04586646425563029,0.002077740084774627,-0.11111111111111124,-0.04166627604142253,0.10827073064601281,0.06649870521596303,-0.024330210735368393,0.0,0.04347979206082438,-0.009087929695059949,0.025253726609578205,0.0037956855622470875,-0.05882352941176478,0.03703833333333335,0.19954358690674825,0.01375839650964385,0.0006844728644789621
-0.2000000000000003,0.0,0.23914767554374966,0.0487637807666318,0.002077740084774627,-0.11111111111111124,-0.04166627604142253,0.09345779921391695,0.023458096345961632,0.0017208950482559087,0.0,0.04347979206082438,-0.11862785865959392,-0.026290154501381946,-0.034144600579931815,-0.05882352941176478,0.03703833333333335,0.2061435321081365,-0.003890858488150001,0.0006844728644789621
-0.2000000000000003,0.0,0.2515937399241255,0.04787823248265155,0.002077740084774627,-0.11111111111111124,-0.04166627604142253,0.09345779921391695,0.023458096345961632,0.0037651721009317554,0.08333333333333348,0.0,-0.10221535358271155,-0.02303928231616149,-0.04111652805659114,0.0,0.0,0.21858959648851234,-0.0047764067721302456,0.0006844728644789621
-0.2000000000000003,0.0,0.28457328755318406,0.05192336767532774,0.002077740084774627,-0.11111111111111124,-0.04166627604142253,0.06760539359966102,0.06649870521596303,-0.024330210735368393,0.08333333333333348,0.0,0.002730492096418553,-0.007719405554800434,0.0046713188669024654,0.0,0.0,0.25156914411757086,-0.000731271579454049,0.0006844728644789621
-0.2000000000000003,0.0,0.2515937399241255,0.0487637807666318,0.002077740084774627,-0.11111111111111124,-0.04166627604142253,0.10827073064601281,0.0696143706414296,-0.024330210735368393,0.0,0.04347979206082438,-0.02238528917104381,-0.00568053101354721,0.0037956855622470875,-0.05882352941176478,0.03703833333333335,0.21858959648851234,-0.003094790692794981,0.0006844728644789621
-0.2000000000000003,0.0,0.27691956065195183,0.05679851153835471,0.002077740084774627,-0.11111111111111124,-0.04166627604142253,0.06760539359966102,0.06649870521596303,-0.024330210735368393,0.08333333333333348,0.0,-0.12058186060584575,-0.02303928231616149,0.004737596788069972,0.0,0.0,0.24391541721633866,0.004143872283572916,0.0006844728644789621
-0.2000000000000003,0.0,0.30002037777570495,0.057097808345135476,0.002077740084774627,-0.05555555555555562,-0.04166627604142253,0.055635757748649296,0.017893155473458437,0.0017208950482559087,0.08333333333333348,0.0,-0.1925142073657726,-0.03270128222554484,-0.03846541120989071,0.0,0.0,0.2670162343400917,0.004443169090353685,0.0006844728644789621
-0.2000000000000003,0.0,0.23858668937052296,0.041343071278923005,0.002077740084774627,-0.11111111111111124,-0.04166627604142253,0.09345779921391695,0.023458096345961632,0.0037651721009317554,0.08333333333333348,0.0,-0.10221535358271155,-0.02303928231616149,-0.03846541120989071,0.0,0.0,0.20558254593490982,-0.011311567975858788,0.0006844728644789621
-0.2000000000000003,0.0,0.27691956065195183,0.05679851153835471,0.0,-0.05555555555555562,0.0,0.055635757748649296,0.017893155473458437,0.0037651721009317554,0.0,0.04347979206082438,-0.2404805508383329,-0.04249920710434505,-0.034144600579931815,-0.05882352941176478,0.03703833333333335,0.24391541721633866,0.004143872283572916,0.0
-0.2000000000000003,0.0,0.24599888245189924,0.04920192660748608,0.002077740084774627,-0.11111111111111124,-0.04166627604142253,0.10827073064601281,0.0696143706414296,-0.024330210735368393,0.0,0.04347979206082438,-0.009087929695059949,0.025253726609578205,0.0037956855622470875,-0.05882352941176478,0.03703833333333335,0.21299473901628604,0.01375839650964385,0.0006844728644789621
-0.2000000000000003,0.0,0.25759084245221897,0.050198554118725154,0.002077740084774627,-0.05555555555555562,-0.04166627604142253,0.055635757748649296,0.017893155473458437,0.0017208950482559087,0.08333333333333348,0.0,-0.19636884143499275,-0.03367541117303252,-0.04111652805659114,0.0,0.0,0.2245866990166058,-0.002456085136056641,0.0006844728644789621
-0.2000000000000003,0.0,0.26734075855601136,0.0487637807666318,0.0,-0.11111111111111124,-0.04166627604142253,0.10827073064601281,0.0696143706414296,-0.024330210735368393,0.08333333333333348,0.0,0.03583448899986107,0.025253726609578205,0.004737596788069972,0.0,0.0,0.2343366151203982,0.01375839650964385,0.0
-0.2000000000000003,0.0,0.27691956065195183,0.057097808345135476,0.002077740084774627,-0.05555555555555562,-0.04166627604142253,0.055635757748649296,0.017893155473458437,0.0017208950482559087,0.0,0.04347979206082438,-0.23710286077212214,-0.04133251778351682,-0.034144600579931815,-0.05882352941176478,0.03703833333333335,0.24391541721633866,0.004443169090353685,0.0006844728644789621
-0.2000000000000003,0.0,0.29775429140328324,0.054203577368224544,0.002077740084774627,-0.05555555555555562,-0.04166627604142253,0.055635757748649296,0.017893155473458437,0.0037651721009317554,0.0,0.04347979206082438,-0.1507980210380555,-0.026290154501381946,-0.034144600579931815,-0.05882352941176478,0.03703833333333335,0.26475014796767005,0.0015489381134427538,0.0006844728644789621
-0.2000000000000003,0.0,0.31219504979057355,0.0677151311506265,0.002077740084774627,-0.05555555555555562,-0.04166627604142253,0.055635757748649296,0.017893155473458437,0.0036817555414877436,0.08333333333333348,0.0,-0.1925142073657726,-0.03270128222554484,-0.03846541120989071,0.0,0.0,0.2791909063549604,0.0150604918958447,0.0006844728644789621
-0.2000000000000003,0.0,0.24496243643278384,0.04953207875517211,0.002077740084774627,-0.05555555555555562,-0.04166627604142253,0.055635757748649296,0.017893155473458437,0.0017208950482559087,0.08333333333333348,0.0,-0.19636884143499275,-0.03367541117303252,-0.04111652805659114,0.0,0.0,0.21195829299717064,-0.0031225604996096765,0.0006844728644789621
-0.2000000000000003,0.0,0.25491791976125977,0.050198554118725154,0.002077740084774627,-0.11111111111111124,-0.04166627604142253,0.10827073064601281,0.0696143706414296,-0.024330210735368393,0.08333333333333348,0.0,-0.07449309080600447,-0.01189343482397719,0.0046713188669024654,0.0,0.0,0.22191377632564654,-0.002456085136056641,0.0006844728644789621
-0.2000000000000003,0.0,0.2325477303423614,0.04586646425563029,0.002077740084774627,-0.11111111111111124,-0.04166627604142253,0.10827073064601281,0.06649870521596303,-0.024330210735368393,0.08333333333333348,0.0,-0.009087929695059949,0.025253726609578205,0.0046713188669024654,0.0,0.0,0.19954358690674825,0.01375839650964385,0.0006844728644789621
-0.2000000000000003,0.0,0.2647448886370834,0.05255898769797556,0.002077740084774627,-0.11111111111111124,-0.04166627604142253,0.09345779921391695,0.023458096345961632,0.0017208950482559087,0.08333333333333348,0.0,-0.1633441818246247,-0.026290154501381946,-0.04111652805659114,0.0,0.0,0.2317407452014702,-9.565155680623539e-05,0.0006844728644789621
-0.2000000000000003,0.0,0.2647448886370834,0.04953207875517211,0.002077740084774627,-0.05555555555555562,-0.04166627604142253,0.055635757748649296,0.017893155473458437,0.0018031689151048,0.08333333333333348,0.0,-0.2404805508383329,-0.04249920710434505,-0.04111652805659114,0.0,0.0,0.2317407452014702,-0.0031225604996096765,0.0006844728644789621
-0.2000000000000003,0.0,0.27691956065195183,0.05319152218653284,0.002077740084774627,-0.11111111111111124,-0.04166627604142253,0.09345779921391695,0.023458096345961632,0.0036817555414877436,0.0,0.04347979206082438,-0.1633441818246247,-0.03270128222554484,-0.034144600579931815,-0.05882352941176478,0.03703833333333335,0.24391541721633866,0.0005368829317510517,0.0006844728644789621
-0.2000000000000003,0.0,0.30002037777570495,0.057097808345135476,0.002077740084774627,-0.11111111111111124,-0.04166627604142253,0.06760539359966102,0.06649870521596303,-0.024330210735368393,0.0,0.04347979206082438,-0.06790061576791077,-0.02303928231616149,0.0037956855622470875,-0.05882352941176478,0.03703833333333335,0.2670162343400917,0.004443169090353685,0.0006844728644789621
-0.2000000000000003,0.0,0.2647448886370834,0.05192336767532774,0.002077740084774627,-0.11111111111111124,-0.04166627604142253,0.06760539359966102,0.06649870521596303,-0.024330210735368393,0.0,0.04347979206082438,-0.12058186060584575,-0.03155724706628612,0.0037956855622470875,-0.05882352941176478,0.03703833333333335,0.2317407452014702,-0.000731271579454049,0.0006844728644789621
-0.2000000000000003,0.0,0.2647448886370834,0.05192336767532774,0.002077740084774627,-0.05555555555555562,0.0,0.055635757748649296,0.017893155473458437,0.0037651721009317554,0.08333333333333348,0.0,-0.23710286077212214,-0.04133251778351682,-0.04111652805659114,0.0,0.0,0.2317407452014702,-0.000731271579454049,0.0006844728644789621
-0.2000000000000003,0.0,0.27691956065195183,0.05679851153835471,0.002077740084774627,-0.11111111111111124,-0.04166627604142253,0.09345779921391695,0.023458096345961632,0.0018031689151048,0.08333333333333348,0.0,-0.1633441818246247,-0.03270128222554484,-0.04111652805659114,0.0,0.0,0.24391541721633866,0.004143872283572916,0.0006844728644789621
-0.2000000000000003,0.0,0.24599888245189924,0.04920192660748608,0.002077740084774627,-0.11111111111111124,-0.04166627604142253,0.10827073064601281,0.06649870521596303,-0.024330210735368393,0.08333333333333348,0.0,-0.009087929695059949,0.025253726609578205,0.0046713188669024654,0.0,0.0,0.21299473901628604,0.01375839650964385,0.0006844728644789621
-0.2000000000000003,0.0,0.30002037777570495,0.057097808345135476,0.002077740084774627,-0.11111111111111124,-0.04166627604142253,0.09345779921391695,0.023458096345961632,0.0037651721009317554,0.0,0.04347979206082438,-0.11780909831842751,-0.024222962258166843,-0.034144600579931815,-0.05882352941176478,0.03703833333333335,0.2670162343400917,0.004443169090353685,0.0006844728644789621
-0.2000000000000003,0.0,0.27691956065195183,0.057097808345135476,0.002077740084774627,-0.11111111111111124,-0.04166627604142253,0.06760539359966102,0.06535882762128012,-0.024330210735368393,0.08333333333333348,0.0,-0.12058186060584575,-0.02303928231616149,0.004737596788069972,0.0,0.0,0.24391541721633866,0.004443169090353685,0.0006844728644789621
-0.2000000000000003,0.0,0.23858668937052296,0.0487637807666318,0.002077740084774627,-0.05555555555555562,-0.04166627604142253,0.055635757748649296,0.017893155473458437,0.0036817555414877436,0.08333333333333348,0.0,-0.19636884143499275,-0.03367541117303252,-0.04111652805659114,0.0,0.0,0.20558254593490982,-0.003890858488150001,0.0006844728644789621
-0.2000000000000003,0.0,0.2515937399241255,0.04953207875517211,0.002077740084774627,-0.11111111111111124,-0.04166627604142253,0.06760539359966102,0.06649870521596303,-0.024330210735368393,0.0,0.04347979206082438,-0.08224277992362189,-0.02303928231616149,0.0037956855622470875,-0.05882352941176478,0.03703833333333335,0.21858959648851234,-0.0031225604996096765,0.0006844728644789621
-0.2000000000000003,0.0,0.31219504979057355,0.06230310435584843,0.002077740084774627,-0.11111111111111124,-0.04166627604142253,0.06760539359966102,0.06535882762128012,-0.024330210735368393,0.0,0.04347979206082438,-0.06648830640654849,-0.01889357074894661,0.0037956855622470875,-0.05882352941176478,0.03703833333333335,0.2791909063549604,0.00964846510106664,0.0006844728644789621
-0.2000000000000003,0.0,0.2680743584813924,0.057097808345135476,0.002077740084774627,-0.11111111111111124,-0.04166627604142253,0.10827073064601281,0.0696143706414296,-0.024330210735368393,0.0,0.04347979206082438,-0.07449309080600447,-0.01189343482397719,0.0037956855622470875,-0.05882352941176478,0.03703833333333335,0.2350702150457792,0.004443169090353685,0.0006844728644789621
-0.2000000000000003,0.0,0.23522010085473674,0.0487637807666318,0.002077740084774627,-0.11111111111111124,-0.04166627604142253,0.09345779921391695,0.023458096345961632,0.0036817555414877436,0.08333333333333348,0.0,-0.10221535358271155,-0.02303928231616149,-0.03846541120989071,0.0,0.0,0.20221595741912357,-0.003890858488150001,0.0006844728644789621
-0.2000000000000003,0.0,0.34952498411250993,0.0677151311506265,0.002077740084774627,-0.05555555555555562,-0.04166627604142253,0.055635757748649296,0.017893155473458437,0.0036817555414877436,0.0,0.04347979206082438,-0.13328634707067294,-0.026290154501381946,-0.034144600579931815,-0.05882352941176478,0.03703833333333335,0.31652084067689673,0.0150604918958447,0.0006844728644789621
-0.2000000000000003,0.0,0.2515937399241255,0.049186498937033495,0.002077740084774627,-0.11111111111111124,-0.04166627604142253,0.10827073064601281,0.0696143706414296,-0.024330210735368393,0.08333333333333348,0.0,-0.02238528917104381,-0.00568053101354721,0.004737596788069972,0.0,0.0,0.21858959648851234,-0.003094790692794981,0.0006844728644789621
-0.2000000000000003,0.0,0.30002037777570495,0.05679851153835471,0.002077740084774627,-0.11111111111111124,-0.04166627604142253,0.06760539359966102,0.06535882762128012,-0.024330210735368393,0.08333333333333348,0.0,-0.06790061576791077,-0.02303928231616149,0.004737596788069972,0.0,0.0,0.2670162343400917,0.004143872283572916,0.0006844728644789621
-0.2000000000000003,0.0,0.2647448886370834,0.04953207875517211,0.002077740084774627,-0.11111111111111124,-0.04166627604142253,0.09345779921391695,0.023458096345961632,0.0018031689151048,0.08333333333333348,0.0,-0.1633441818246247,-0.026290154501381946,-0.03846541120989071,0.0,0.0,0.2317407452014702,-0.0031225604996096765,0.0006844728644789621
-0.2000000000000003,0.0,0.24599888245189924,0.04586646425563029,0.0,-0.11111111111111124,-0.04166627604142253,0.10827073064601281,0.06649870521596303,-0.024330210735368393,0.0,0.04347979206082438,-0.009087929695059949,0.025253726609578205,0.0037956855622470875,-0.05882352941176478,0.03703833333333335,0.21299473901628604,0.01375839650964385,0.0
0.0,0.0,-0.5816011062250313,-0.07019590055940735,0.0,0.05555555555555562,0.0,-0.003063836310129867,-0.02841510250130057,0.0011312656691722122,0.16666666666666696,0.04347979206082438,-0.06622642050488056,-0.04110031262742966,0.009132332791638791,0.05882352941176478,0.03703833333333335,-0.05175770628697408,-0.02239172089492831,0.0
0.0,0.0,-0.5816011062250313,-0.06323493565118656,0.0,0.11111111111111124,0.0,0.02554940021403778,-0.02841510250130057,0.15572728955601822,0.16666666666666696,0.04347979206082438,-0.09013538607475889,-0.05104548955643155,0.004403658031418283,0.05882352941176478,0.03703833333333335,-0.07044319778956772,-0.02780991875788742,0.0287364333821644
0.0,0.0,-0.03828843113094921,0.009870623555584334,0.0,0.11111111111111124,0.0,0.02554940021403778,-0.02841510250130057,0.15619008005704324,0.16666666666666696,0.04347979206082438,-0.036311960726055456,-0.018253590684608783,-0.010912914635312113,0.05882352941176478,0.03703833333333335,-0.028378761582393122,-0.009944676373756926,0.029199223883189414
0.0,0.0,0.0029432584184354723,0.00033632321586704426,0.0,0.05555555555555562,0.0,-0.003063836310129867,-0.02841510250130057,0.0011312656691722122,0.16666666666666696,0.04347979206082438,-0.06677950493241264,-0.043739522450274154,-0.005328999776949301,0.05882352941176478,0.03703833333333335,-0.030060885017177717,-0.023829579781112234,0.0
0.0,0.0,-0.6601530840136818,-0.14095645385738045,0.0,0.05555555555555562,0.0,-0.003063836310129867,-0.02841510250130057,0.0011312656691722122,0.16666666666666696,0.04347979206082438,0.02814753788240176,-0.03412849440442211,0.009132332791638791,0.05882352941176478,0.03703833333333335,0.021998048321386535,-0.018593428429494015,0.0
0.0,0.0,-0.5816011062250313,-0.06188655725362783,0.0,0.05555555555555562,0.0,0.03951740227564794,-0.020015081457406554,0.0012101114582357294,0.16666666666666696,0.04347979206082438,0.009363527676845942,-0.02969960581758868,0.009132332791638791,0.05882352941176478,0.03703833333333335,0.007317845530733913,-0.016180540770704698,0.0
0.0,0.0,-0.590268309197988,-0.09163419142036391,0.0,0.05555555555555562,0.0,0.03951740227564794,-0.020015081457406554,0.0011701172174064084,0.16666666666666696,0.04347979206082438,-0.007363626897527333,-0.010755063205110767,0.009132332791638791,0.05882352941176478,0.03703833333333335,-0.005754869963732902,-0.0058594292379039285,0.0
0.0,0.0,-0.5961384515538876,-0.09341145905650539,0.0,0.05555555555555562,0.0,0.03951740227564794,-0.020015081457406554,0.0011312656691722122,0.16666666666666696,0.04347979206082438,-0.007363626897527333,-0.010755063205110767,0.009132332791638791,0.05882352941176478,0.03703833333333335,-0.005754869963732902,-0.0058594292379039285,0.0
0.0,0.0,-0.5961384515538876,-0.09163419142036391,0.0,0.05555555555555562,0.0,-0.003063836310129867,-0.02841510250130057,0.0012101114582357294,0.16666666666666696,0.04347979206082438,-0.013910033009957416,-0.020037605908205334,0.012153076506388812,0.05882352941176478,0.03703833333333335,-0.01087106018236986,-0.010916619612271784,0.0
0.0,0.0,-0.5816011062250313,-0.0736054157294357,0.0,0.05555555555555562,0.0,0.03951740227564794,-0.020015081457406554,0.0012101114582357294,0.16666666666666696,0.04347979206082438,-0.025533284449883984,-0.03710185311041639,0.009132332791638791,0.05882352941176478,0.03703833333333335,-0.01995493984159187,-0.02021333382701879,0.0
0.0,0.0,-0.6601530840136818,-0.1302990191087126,0.0,0.11111111111111124,0.0,0.02554940021403778,-0.02841510250130057,0.15831206020618746,0.16666666666666696,0.0,0.07731432076083726,-0.006462099587694277,0.004403658031418283,0.05882352941176478,0.0,0.06042319477951279,-0.003520594397287208,0.03132120403233365
0.0,0.0,-0.5961384515538876,-0.07119561360473692,0.0,0.16666666666666688,0.0,-0.017102197162814418,-0.03720092826954887,0.15830748943580697,0.08333333333333348,0.04347979206082438,0.03583448899986107,-0.01303746998323591,0.00719625274830322,0.05882352941176478,0.03703833333333335,0.02800560474896767,-0.00710289947638486,0.03131663326195315
0.0,0.0,-0.5816011062250313,-0.07119561360473692,0.0,0.05555555555555562,0.0,-0.003063836310129867,-0.02841510250130057,0.0011312656691722122,0.16666666666666696,0.04347979206082438,-0.07449309080600447,-0.043739522450274154,0.012153076506388812,0.05882352941176478,0.03703833333333335,-0.05821832865120546,-0.023829579781112234,0.0
0.0,0.0,-0.044972552889803605,0.0,0.0,0.05555555555555562,0.041668151042594415,-0.017102197162814418,-0.03720092826954887,0.15516965556959797,0.16666666666666696,0.04347979206082438,-0.05044755832622337,-0.02459109238367087,-0.010912914635312113,0.05882352941176478,0.03703833333333335,-0.03942610648194766,-0.013397389021052595,0.028178799395744174
0.0,0.0,-0.5961384515538876,-0.08516691196662689,0.0,0.11111111111111124,0.0,0.02554940021403778,-0.02841510250130057,0.15830748943580697,0.16666666666666696,0.0,-0.013910033009957416,-0.020037605908205334,0.004403658031418283,0.05882352941176478,0.0,-0.01087106018236986,-0.010916619612271784,0.03131663326195315
0.0,0.0,-0.5961384515538876,-0.09163419142036391,0.0,0.05555555555555562,0.0,0.03951740227564794,-0.020015081457406554,0.0012101114582357294,0.16666666666666696,0.04347979206082438,-0.007363626897527333,-0.010755063205110767,0.012153076506388812,0.05882352941176478,0.03703833333333335,-0.005754869963732902,-0.0058594292379039285,0.0
0.0,0.0,-0.6601530840136818,-0.14235111526629704,0.0,0.05555555555555562,0.0,0.03951740227564794,-0.020015081457406554,0.0011701172174064084,0.16666666666666696,0.04347979206082438,0.07731432076083726,7.362602510080605e-05,0.012153076506388812,0.05882352941176478,0.03703833333333335,0.06042319477951279,4.011194317680149e-05,0.0
0.0,0.0,-0.574837780924476,-0.06433955685559392,0.0,0.05555555555555562,0.0,0.03951740227564794,-0.020015081457406554,0.0012101114582357294,0.16666666666666696,0.04347979206082438,-0.025533284449883984,-0.03710185311041639,0.009132332791638791,0.05882352941176478,0.03703833333333335,-0.01995493984159187,-0.02021333382701879,0.0
0.0,0.0,-0.5961384515538876,-0.09091217644318145,0.0,0.05555555555555562,0.0,-0.003063836310129867,-0.02841510250130057,0.0011312656691722122,0.16666666666666696,0.0,0.03583448899986107,-0.006462099587694277,0.009132332791638791,0.05882352941176478,0.0,0.02800560474896767,-0.003520594397287208,0.0
0.0,0.0,-0.6601530840136818,-0.14367172385704105,0.0,0.05555555555555562,0.0,-0.003063836310129867,-0.02841510250130057,0.0012101114582357294,0.16666666666666696,0.04347979206082438,0.00619008392870289,-0.010755063205110767,0.012153076506388812,0.05882352941176478,0.03703833333333335,0.004837714969811965,-0.0058594292379039285,0.0
0.0,0.0,-0.590268309197988,-0.07119561360473692,0.0,0.11111111111111124,0.0,0.02554940021403778,-0.02841510250130057,0.1557398591745646,0.16666666666666696,0.04347979206082438,0.03583448899986107,-0.010755063205110767,0.005795494375936028,0.05882352941176478,0.03703833333333335,0.02800560474896767,-0.0058594292379039285,0.02874900300071077
0.0,0.0,-0.590268309197988,-0.09091217644318145,0.0,0.05555555555555562,0.0,0.03951740227564794,-0.020015081457406554,0.0011312656691722122,0.16666666666666696,0.04347979206082438,0.03583448899986107,-0.0052387748629423745,0.012153076506388812,0.05882352941176478,0.03703833333333335,0.02800560474896767,-0.0028541190337341726,0.0
0.0,0.0,-0.5816011062250313,-0.0736054157294357,0.0,0.05555555555555562,0.041668151042594415,-0.017102197162814418,-0.03720092826954887,0.15516965556959797,0.16666666666666696,0.04347979206082438,-0.09013538607475889,-0.05874224094966248,0.004403658031418283,0.05882352941176478,0.03703833333333335,-0.07044319778956772,-0.03200315958690871,0.028178799395744174
0.0,0.0,-0.574837780924476,-0.06188655725362783,0.0,0.05555555555555562,0.0,0.03951740227564794,-0.020015081457406554,0.0011701172174064084,0.16666666666666696,0.04347979206082438,0.009363527676845942,-0.02969960581758868,0.009132332791638791,0.05882352941176478,0.03703833333333335,0.007317845530733913,-0.016180540770704698,0.0
0.0,0.0,-0.6601530840136818,-0.14372726347067047,0.0,0.05555555555555562,0.0,-0.003063836310129867,-0.02841510250130057,0.0011312656691722122,0.16666666666666696,0.0,0.07731432076083726,-0.0014045580173077693,0.009132332791638791,0.05882352941176478,0.0,0.06042319477951279,-0.0007652124544497975,0.0
0.0,0.0,-0.574837780924476,-0.06433955685559392,0.0,0.05555555555555562,0.0,-0.003063836310129867,-0.02841510250130057,0.0011701172174064084,0.16666666666666696,0.04347979206082438,-0.07449309080600447,-0.043739522450274154,0.012153076506388812,0.05882352941176478,0.03703833333333335,-0.05821832865120546,-0.023829579781112234,0.0
0.0,0.0,-0.574837780924476,-0.06433955685559392,0.0,0.05555555555555562,0.0,-0.003063836310129867,-0.02841510250130057,0.0012101114582357294,0.16666666666666696,0.04347979206082438,-0.07449309080600447,-0.043739522450274154,0.012153076506388812,0.05882352941176478,0.03703833333333335,-0.05821832865120546,-0.023829579781112234,0.0
0.0,0.0,-0.6601530840136818,-0.1302990191087126,0.0,0.11111111111111124,0.0,0.02554940021403778,-0.02841510250130057,0.15832005905435334,0.16666666666666696,0.04347979206082438,0.00619008392870289,-0.010755063205110767,0.005795494375936028,0.05882352941176478,0.03703833333333335,0.004837714969811965,-0.0058594292379039285,0.03132920288049952
0.0,0.0,-0.590268309197988,-0.07119561360473692,0.0,0.05555555555555562,0.0,-0.017102197162814418,-0.03720092826954887,0.15830748943580697,0.08333333333333348,0.04347979206082438,0.02925092419703493,-0.018253590684608783,0.00719625274830322,0.0,0.03703833333333335,0.02286037402702605,-0.009944676373756926,0.03131663326195315
0.0,0.0,-0.6601530840136818,-0.1302990191087126,0.0,0.11111111111111124,0.0,0.02554940021403778,-0.02841510250130057,0.15830748943580697,0.16666666666666696,0.04347979206082438,0.00619008392870289,-0.010024466494495081,0.00719625274830322,0.05882352941176478,0.03703833333333335,0.004837714969811965,-0.00546139534022644,0.03131663326195315
0.0,0.0,-0.590268309197988,-0.0736054157294357,0.0,0.11111111111111124,0.0,0.02554940021403778,-0.02841510250130057,0.15516965556959797,0.16666666666666696,0.0,-0.013910033009957416,-0.020037605908205334,0.004403658031418283,0.05882352941176478,0.0,-0.01087106018236986,-0.010916619612271784,0.028178799395744174
0.0,0.0,-0.5961384515538876,-0.0736054157294357,0.0,0.05555555555555562,0.0,0.03951740227564794,-0.020015081457406554,0.0011312656691722122,0.16666666666666696,0.04347979206082438,0.03583448899986107,-0.0052387748629423745,0.009132332791638791,0.05882352941176478,0.03703833333333335,0.02800560474896767,-0.0028541190337341726,0.0
0.0,0.0,-0.5816011062250313,-0.06188655725362783,0.0,0.05555555555555562,0.0,0.03951740227564794,-0.020015081457406554,0.0011701172174064084,0.16666666666666696,0.04347979206082438,0.017769194159063816,-0.029937474514068228,0.012153076506388812,0.05882352941176478,0.03703833333333335,0.0138870971015754,-0.016310133202506686,0.0
0.0,0.0,-0.6601530840136818,-0.14095645385738045,0.0,0.05555555555555562,0.0,-0.003063836310129867,-0.02841510250130057,0.0011312656691722122,0.16666666666666696,0.04347979206082438,-0.01837998359042566,-0.03988265144307013,0.009132332791638791,0.05882352941176478,0.03703833333333335,-0.014364445261880764,-0.021728331065465796,0.0
0.0,0.0,-0.574837780924476,-0.06433955685559392,0.0,0.05555555555555562,0.0,0.03951740227564794,-0.020015081457406554,0.0012101114582357294,0.16666666666666696,0.04347979206082438,-0.025533284449883984,-0.03710185311041639,0.012153076506388812,0.05882352941176478,0.03703833333333335,-0.01995493984159187,-0.02021333382701879,0.0
0.0,0.0,-0.5961384515538876,-0.07119561360473692,0.0,0.11111111111111124,0.0,0.02554940021403778,-0.02841510250130057,0.15830748943580697,0.16666666666666696,0.0,0.03583448899986107,-0.010755063205110767,0.004403658031418283,0.05882352941176478,0.0,0.02800560474896767,-0.0058594292379039285,0.03131663326195315
0.0,0.0,-0.5961384515538876,-0.0736054157294357,0.0,0.05555555555555562,0.0,0.03951740227564794,-0.020015081457406554,0.0011312656691722122,0.16666666666666696,0.04347979206082438,0.03583448899986107,-0.0052387748629423745,0.012153076506388812,0.05882352941176478,0.03703833333333335,0.02800560474896767,-0.0028541190337341726,0.0
0.0,0.0,-0.574837780924476,-0.06433955685559392,0.0,0.05555555555555562,0.0,0.03951740227564794,-0.020015081457406554,0.0011701172174064084,0.16666666666666696,0.04347979206082438,-0.025533284449883984,-0.03710185311041639,0.012153076506388812,0.05882352941176478,0.03703833333333335,-0.01995493984159187,-0.02021333382701879,0.0
0.0,0.0,-0.5816011062250313,-0.06433955685559392,0.0,0.05555555555555562,0.0,0.03951740227564794,-0.020015081457406554,0.0011312656691722122,0.16666666666666696,0.04347979206082438,0.017769194159063816,-0.02969960581758868,0.009132332791638791,0.05882352941176478,0.03703833333333335,0.0138870971015754,-0.016180540770704698,0.0
0.0,0.0,-0.590268309197988,-0.0736054157294357,0.0,0.11111111111111124,0.0,0.02554940021403778,-0.02841510250130057,0.15830748943580697,0.16666666666666696,0.0,-0.007363626897527333,-0.01303746998323591,0.004403658031418283,0.05882352941176478,0.0,-0.005754869963732902,-0.00710289947638486,0.03131663326195315
0.0,0.0,-0.5816011062250313,-0.0736054157294357,0.0,0.05555555555555562,0.0,-0.003063836310129867,-0.02841510250130057,0.0011312656691722122,0.16666666666666696,0.04347979206082438,-0.07449309080600447,-0.043739522450274154,0.009132332791638791,0.05882352941176478,0.03703833333333335,-0.05821832865120546,-0.023829579781112234,0.0
0.0,0.0,-0.5816011062250313,-0.06323493565118656,0.0,0.11111111111111124,0.0,0.02554940021403778,-0.02841510250130057,0.15572728955601822,0.16666666666666696,0.04347979206082438,-0.036311960726055456,-0.035074305649947915,0.004403658031418283,0.05882352941176478,0.03703833333333335,-0.028378761582393122,-0.019108712622611424,0.0287364333821644
0.0,0.0,-0.6601530840136818,-0.14372726347067047,0.0,0.05555555555555562,0.0,0.03951740227564794,-0.020015081457406554,0.0011312656691722122,0.16666666666666696,0.04347979206082438,0.07731432076083726,7.362602510080605e-05,0.009132332791638791,0.05882352941176478,0.03703833333333335,0.06042319477951279,4.011194317680149e-05,0.0
0.0,0.0,-0.07499323794266508,-0.01150287108947126,0.0,0.05555555555555562,0.0,0.03951740227564794,-0.020067691192545735,0.0011312656691722122,0.16666666666666696,0.04347979206082438,-0.07449309080600447,-0.020037605908205334,-0.005328999776949301,0.05882352941176478,0.03703833333333335,-0.05821832865120546,-0.010916619612271784,0.0
0.0,0.0,-0.593429313446542,-0.09524426630627629,0.0,0.0,-0.04166627604142253,0.04605762390962287,-0.003665144881364981,0.0012101114582357294,0.16666666666666696,0.04347979206082438,-0.007895336355384456,-0.01303746998323591,0.012153076506388812,0.05882352941176478,0.03703833333333335,-0.006170415024751972,-0.00710289947638486,0.0
0.0,0.0,-0.6601530840136818,-0.14367172385704105,0.0,0.05555555555555562,0.0,-0.003063836310129867,-0.02841510250130057,0.0012101114582357294,0.16666666666666696,0.04347979206082438,0.00619008392870289,-0.010755063205110767,0.012153076506388812,0.05882352941176478,0.03703833333333335,0.004837714969811965,-0.0058594292379039285,0.0
0.0,0.0,-0.6601530840136818,-0.14367172385704105,0.0,0.05555555555555562,0.0,-0.003063836310129867,-0.02841510250130057,0.0012101114582357294,0.16666666666666696,0.04347979206082438,0.00619008392870289,-0.007742059716369937,0.012153076506388812,0.05882352941176478,0.03703833333333335,0.004837714969811965,-0.004217925101745509,0.0
0.0,0.0,-0.5961384515538876,-0.0736054157294357,0.0,0.05555555555555562,0.0,0.03951740227564794,-0.020015081457406554,0.0011701172174064084,0.16666666666666696,0.04347979206082438,0.03583448899986107,-0.0052387748629423745,0.009132332791638791,0.05882352941176478,0.03703833333333335,0.02800560474896767,-0.0028541190337341726,0.0
0.0,0.0,-0.574837780924476,-0.07119561360473692,0.0,0.05555555555555562,0.0,-0.003063836310129867,-0.02841510250130057,0.0011312656691722122,0.16666666666666696,0.04347979206082438,-0.08224277992362189,-0.043739522450274154,0.009132332791638791,0.05882352941176478,0.03703833333333335,-0.06427491649193652,-0.023829579781112234,0.0
0.0,0.0,-0.6601530840136818,-0.13919769942578214,0.0,0.05555555555555562,0.0,-0.003063836310129867,-0.02841510250130057,0.0012101114582357294,0.16666666666666696,0.04347979206082438,0.02814753788240176,-0.034513615151103266,0.012153076506388812,0.05882352941176478,0.03703833333333335,0.021998048321386535,-0.0188032447476496,0.0
0.0,0.0,-0.5816011062250313,-0.06188655725362783,0.0,0.05555555555555562,0.0,0.03951740227564794,-0.020015081457406554,0.0012101114582357294,0.16666666666666696,0.04347979206082438,0.009363527676845942,-0.029937474514068228,0.012153076506388812,0.05882352941176478,0.03703833333333335,0.007317845530733913,-0.016310133202506686,0.0
0.0,0.0,-0.5961384515538876,-0.09341145905650539,0.0,0.05555555555555562,0.0,0.03951740227564794,-0.020015081457406554,0.0011312656691722122,0.16666666666666696,0.04347979206082438,-0.013910033009957416,-0.016231706764532686,0.012153076506388812,0.05882352941176478,0.03703833333333335,-0.01087106018236986,-0.008843140703440085,0.0
0.0,0.0,-0.574837780924476,-0.06188655725362783,0.0,0.05555555555555562,0.0,0.03951740227564794,-0.020015081457406554,0.0012101114582357294,0.16666666666666696,0.04347979206082438,0.009363527676845942,-0.029937474514068228,0.012153076506388812,0.05882352941176478,0.03703833333333335,0.007317845530733913,-0.016310133202506686,0.0
0.0,0.0,-0.5961384515538876,-0.0736054157294357,0.0,0.05555555555555562,0.0,0.03951740227564794,-0.020015081457406554,0.0011312656691722122,0.16666666666666696,0.04347979206082438,0.02925092419703493,-0.010755063205110767,0.012153076506388812,0.05882352941176478,0.03703833333333335,0.02286037402702605,-0.0058594292379039285,0.0
0.0,0.0,-0.5961384515538876,-0.0736054157294357,0.0,0.05555555555555562,0.0,-0.017102197162814418,-0.03720092826954887,0.1583246298247338,0.08333333333333348,0.04347979206082438,-0.017146611640984636,-0.020824838022744777,0.005795494375936028,0.0,0.03703833333333335,-0.013400532330831489,-0.011345508850854539,0.031333773650879984
0.0,0.0,-0.6601530840136818,-0.14235111526629704,0.0,0.05555555555555562,0.0,0.03951740227564794,-0.020015081457406554,0.0011701172174064084,0.16666666666666696,0.04347979206082438,0.07731432076083726,7.362602510080605e-05,0.009132332791638791,0.05882352941176478,0.03703833333333335,0.06042319477951279,4.011194317680149e-05,0.0
0.0,0.0,-0.590268309197988,-0.09341145905650539,0.0,0.05555555555555562,0.0,0.03951740227564794,-0.020015081457406554,0.0011312656691722122,0.16666666666666696,0.04347979206082438,-0.013910033009957416,-0.016231706764532686,0.012153076506388812,0.05882352941176478,0.03703833333333335,-0.01087106018236986,-0.008843140703440085,0.0
0.0,0.0,-0.6601530840136818,-0.14372726347067047,0.0,0.05555555555555562,0.0,-0.003063836310129867,-0.02841510250130057,0.0011312656691722122,0.16666666666666696,0.04347979206082438,0.07731432076083726,-0.0052387748629423745,0.012153076506388812,0.05882352941176478,0.03703833333333335,0.06042319477951279,-0.0028541190337341726,0.0
0.0,0.0,-0.590268309197988,-0.08516691196662689,0.0,0.05555555555555562,0.0,-0.003063836310129867,-0.02841510250130057,0.0011701172174064084,0.16666666666666696,0.04347979206082438,0.03583448899986107,-0.006462099587694277,0.012153076506388812,0.05882352941176478,0.03703833333333335,0.02800560474896767,-0.003520594397287208,0.0
0.0,0.0,-0.590268309197988,-0.0736054157294357,0.0,0.05555555555555562,0.0,-0.003063836310129867,-0.02841510250130057,0.0012101114582357294,0.16666666666666696,0.04347979206082438,0.03583448899986107,-0.006462099587694277,0.012153076506388812,0.05882352941176478,0.03703833333333335,0.02800560474896767,-0.003520594397287208,0.0
0.0,0.0,-0.5816011062250313,-0.06188655725362783,0.0,0.11111111111111124,0.0,0.02554940021403778,-0.02841510250130057,0.1583246298247338,0.16666666666666696,0.08695762759948426,-0.09013538607475889,-0.05104548955643155,0.005795494375936028,0.05882352941176478,0.074075,-0.07044319778956772,-0.02780991875788742,0.031333773650879984
0.0,0.0,-0.6601530840136818,-0.14367172385704105,0.0,0.05555555555555562,0.0,0.03951740227564794,-0.020015081457406554,0.0012101114582357294,0.16666666666666696,0.04347979206082438,0.00619008392870289,-0.006462099587694277,0.009132332791638791,0.05882352941176478,0.03703833333333335,0.004837714969811965,-0.003520594397287208,0.0
0.0,0.0,-0.590268309197988,-0.0736054157294357,0.0,0.05555555555555562,0.0,0.03951740227564794,-0.020015081457406554,0.0012101114582357294,0.16666666666666696,0.04347979206082438,0.03583448899986107,-0.0052387748629423745,0.009132332791638791,0.05882352941176478,0.03703833333333335,0.02800560474896767,-0.0028541190337341726,0.0
0.0,0.0,-0.03926463514825626,-0.009623780828342515,0.0,0.05555555555555562,0.0,-0.003063836310129867,-0.02841510250130057,0.0012101114582357294,0.16666666666666696,0.04347979206082438,-0.11266513619674032,-0.06238956096234877,-0.005328999776949301,0.05882352941176478,0.03703833333333335,-0.07226877858386944,-0.03399024354120576,0.0
0.0,0.0,-0.6601530840136818,-0.14095645385738045,0.0,0.05555555555555562,0.0,-0.003063836310129867,-0.02841510250130057,0.0011312656691722122,0.16666666666666696,0.04347979206082438,-0.009087929695059949,-0.03710185311041639,0.009132332791638791,0.05882352941176478,0.03703833333333335,-0.0071024583893813005,-0.02021333382701879,0.0
0.0,0.0,-0.574837780924476,-0.06188655725362783,0.0,0.05555555555555562,0.0,-0.003063836310129867,-0.02841510250130057,0.0011701172174064084,0.16666666666666696,0.04347979206082438,-0.028562275969786666,-0.034513615151103266,0.012153076506388812,0.05882352941176478,0.03703833333333335,-0.02232217715017183,-0.0188032447476496,0.0
0.0,0.0,-0.574837780924476,-0.07119561360473692,0.0,0.05555555555555562,0.0,0.03951740227564794,-0.020015081457406554,0.0011312656691722122,0.16666666666666696,0.04347979206082438,-0.03393895529345061,-0.03710185311041639,0.012153076506388812,0.05882352941176478,0.03703833333333335,-0.02652419482094322,-0.02021333382701879,0.0
0.0,0.0,-0.590268309197988,-0.09341145905650539,0.0,0.05555555555555562,0.0,0.03951740227564794,-0.020015081457406554,0.0011312656691722122,0.16666666666666696,0.04347979206082438,-0.013910033009957416,-0.016231706764532686,0.012153076506388812,0.05882352941176478,0.03703833333333335,-0.01087106018236986,-0.008843140703440085,0.0
0.0,0.0,-0.574837780924476,-0.06188655725362783,0.0,0.05555555555555562,0.0,0.03951740227564794,-0.020015081457406554,0.0012101114582357294,0.16666666666666696,0.04347979206082438,0.017769194159063816,-0.029937474514068228,0.012153076506388812,0.05882352941176478,0.03703833333333335,0.0138870971015754,-0.016310133202506686,0.0
0.0,0.0,-0.5816011062250313,-0.06323493565118656,0.0,0.05555555555555562,0.0,-0.017102197162814418,-0.03720092826954887,0.15572728955601822,0.16666666666666696,0.04347979206082438,-0.036311960726055456,-0.03694327397943002,0.004403658031418283,0.05882352941176478,0.03703833333333335,-0.028378761582393122,-0.020126938872484134,0.0287364333821644
0.0,0.0,-0.574837780924476,-0.06433955685559392,0.0,0.05555555555555562,0.0,0.03951740227564794,-0.020015081457406554,0.0011701172174064084,0.16666666666666696,0.04347979206082438,-0.03393895529345061,-0.03710185311041639,0.009132332791638791,0.05882352941176478,0.03703833333333335,-0.02652419482094322,-0.02021333382701879,0.0
0.0,0.0,-0.6601530840136818,-0.1302990191087126,0.0,0.11111111111111124,0.0,0.02554940021403778,-0.02841510250130057,0.15830748943580697,0.16666666666666696,0.04347979206082438,0.00619008392870289,-0.010755063205110767,0.00719625274830322,0.05882352941176478,0.03703833333333335,0.004837714969811965,-0.0058594292379039285,0.03131663326195315
0.0,0.0,-0.03279487116080154,-0.01150287108947126,0.0,0.05555555555555562,0.0,0.03951740227564794,-0.020015081457406554,0.0011701172174064084,0.16666666666666696,0.04347979206082438,-0.11266513619674032,-0.05301640161297635,-0.01285536755568301,0.05882352941176478,0.03703833333333335,-0.06579901459641473,-0.028883684621389565,0.0
0.0,0.0,-0.593429313446542,-0.09163419142036391,0.0,0.0,0.0,0.04605762390962287,-0.003665144881364981,0.0012101114582357294,0.16666666666666696,0.04347979206082438,-0.025533284449883984,-0.019901680938788472,0.012153076506388812,0.05882352941176478,0.03703833333333335,-0.01995493984159187,-0.010842566794099234,0.0
0.0,0.0,-0.590268309197988,-0.09091217644318145,0.0,0.05555555555555562,0.0,-0.003063836310129867,-0.02841510250130057,0.0011312656691722122,0.16666666666666696,0.04347979206082438,0.03583448899986107,-0.006462099587694277,0.012153076506388812,0.05882352941176478,0.03703833333333335,0.02800560474896767,-0.003520594397287208,0.0
0.0,0.0,-0.590268309197988,-0.09341145905650539,0.0,0.0,-0.04166627604142253,0.04605762390962287,-0.003665144881364981,0.0012101114582357294,0.16666666666666696,0.04347979206082438,0.03312627467228562,-0.010024466494495081,0.012153076506388812,0.05882352941176478,0.03703833333333335,0.025889063334525748,-0.00546139534022644,0.0
0.0,0.0,-0.5961384515538876,-0.0736054157294357,0.0,0.05555555555555562,0.0,0.03951740227564794,-0.020015081457406554,0.0012101114582357294,0.16666666666666696,0.04347979206082438,0.02925092419703493,-0.010755063205110767,0.012153076506388812,0.05882352941176478,0.03703833333333335,0.02286037402702605,-0.0058594292379039285,0.0
0.0,0.0,-0.6601530840136818,-0.1302990191087126,0.0,0.11111111111111124,0.0,0.02554940021403778,-0.02841510250130057,0.15830748943580697,0.16666666666666696,0.04347979206082438,0.07731432076083726,-0.006462099587694277,0.00719625274830322,0.05882352941176478,0.03703833333333335,0.06042319477951279,-0.003520594397287208,0.03131663326195315
0.0,0.0,-0.5961384515538876,-0.0736054157294357,0.0,0.05555555555555562,0.0,-0.017102197162814418,-0.03720092826954887,0.15572728955601822,0.08333333333333348,0.0,0.02925092419703493,-0.018253590684608783,0.004403658031418283,0.0,0.0,0.02286037402702605,-0.009944676373756926,0.0287364333821644
0.0,0.0,-0.028060798747795334,-0.008935706726155793,0.0,0.05555555555555562,0.0,-0.003063836310129867,-0.02841510250130057,0.0011312656691722122,0.16666666666666696,0.04347979206082438,-0.11266513619674032,-0.062146028725476844,-0.01285536755568301,0.05882352941176478,0.03703833333333335,-0.06106494218340853,-0.03385756557531325,0.0
0.0,0.0,-0.5961384515538876,-0.09163419142036391,0.0,0.05555555555555562,0.0,0.03951740227564794,-0.020015081457406554,0.0011701172174064084,0.16666666666666696,0.04347979206082438,-0.013910033009957416,-0.016231706764532686,0.009132332791638791,0.05882352941176478,0.03703833333333335,-0.01087106018236986,-0.008843140703440085,0.0
0.0,0.0,-0.590268309197988,-0.07119561360473692,0.0,0.05555555555555562,0.0,-0.017102197162814418,-0.03720092826954887,0.15830748943580697,0.16666666666666696,0.04347979206082438,0.03583448899986107,-0.01303746998323591,0.00719625274830322,0.05882352941176478,0.03703833333333335,0.02800560474896767,-0.00710289947638486,0.03131663326195315
0.0,0.0,-0.5816011062250313,-0.06188655725362783,0.0,0.05555555555555562,0.0,-0.003063836310129867,-0.02841510250130057,0.0011701172174064084,0.16666666666666696,0.04347979206082438,-0.028562275969786666,-0.03418512980834579,0.009132332791638791,0.05882352941176478,0.03703833333333335,-0.02232217715017183,-0.018624283770399236,0.0
0.0,0.0,-0.015191632640223687,-0.0009966275112390697,0.0,0.05555555555555562,0.0,-0.017102197162814418,-0.03720092826954887,0.15840461830639246,0.16666666666666696,0.04347979206082438,-0.12536629495255666,-0.09626319604911421,-0.005328999776949301,0.05882352941176478,0.03703833333333335,-0.048195776075836874,-0.05244482293662621,0.031413762132538645
0.0,0.0,-0.5961384515538876,-0.0736054157294357,0.0,0.11111111111111124,0.0,0.02554940021403778,-0.02841510250130057,0.15830748943580697,0.16666666666666696,0.04347979206082438,-0.013910033009957416,-0.020037605908205334,0.00719625274830322,0.05882352941176478,0.03703833333333335,-0.01087106018236986,-0.010916619612271784,0.03131663326195315
0.0,0.0,-0.5961384515538876,-0.09163419142036391,0.0,0.05555555555555562,0.0,0.03951740227564794,-0.020015081457406554,0.0011701172174064084,0.16666666666666696,0.04347979206082438,-0.013910033009957416,-0.016231706764532686,0.012153076506388812,0.05882352941176478,0.03703833333333335,-0.01087106018236986,-0.008843140703440085,0.0
0.0,0.0,-0.6601530840136818,-0.14235111526629704,0.0,0.05555555555555562,0.0,-0.003063836310129867,-0.02841510250130057,0.0011701172174064084,0.16666666666666696,0.04347979206082438,0.07731432076083726,-0.0052387748629423745,0.012153076506388812,0.05882352941176478,0.03703833333333335,0.06042319477951279,-0.0028541190337341726,0.0
0.0,0.0,-0.5816011062250313,-0.0736054157294357,0.0,0.05555555555555562,0.0,-0.003063836310129867,-0.02841510250130057,0.0011701172174064084,0.16666666666666696,0.04347979206082438,-0.08224277992362189,-0.043739522450274154,0.012153076506388812,0.05882352941176478,0.03703833333333335,-0.06427491649193652,-0.023829579781112234,0.0
0.0,0.0,-0.5816011062250313,-0.07019590055940735,0.0,0.05555555555555562,0.0,-0.003063836310129867,-0.02841510250130057,0.0011312656691722122,0.16666666666666696,0.04347979206082438,-0.07449309080600447,-0.043739522450274154,0.012153076506388812,0.05882352941176478,0.03703833333333335,-0.05821832865120546,-0.023829579781112234,0.0
0.0,0.0,-0.590268309197988,-0.09163419142036391,0.0,0.05555555555555562,0.0,-0.003063836310129867,-0.02841510250130057,0.0011701172174064084,0.16666666666666696,0.04347979206082438,-0.007363626897527333,-0.010755063205110767,0.012153076506388812,0.05882352941176478,0.03703833333333335,-0.005754869963732902,-0.0058594292379039285,0.0
0.0,0.0,-0.590268309197988,-0.09341145905650539,0.0,0.05555555555555562,0.0,0.03951740227564794,-0.020015081457406554,0.0011312656691722122,0.16666666666666696,0.04347979206082438,-0.007363626897527333,-0.010755063205110767,0.009132332791638791,0.05882352941176478,0.03703833333333335,-0.005754869963732902,-0.0058594292379039285,0.0
0.0,0.0,-0.6601530840136818,-0.1266179769387182,0.0,0.05555555555555562,0.0,-0.017102197162814418,-0.03720092826954887,0.15572728955601822,0.08333333333333348,0.04347979206082438,0.07731432076083726,-0.006462099587694277,0.00719625274830322,0.0,0.03703833333333335,0.06042319477951279,-0.003520594397287208,0.0287364333821644
0.0,0.0,-0.6601530840136818,-0.1302990191087126,0.0,0.11111111111111124,0.0,0.02554940021403778,-0.02841510250130057,0.15832005905435334,0.16666666666666696,0.04347979206082438,0.07731432076083726,-0.0052387748629423745,0.005795494375936028,0.05882352941176478,0.03703833333333335,0.06042319477951279,-0.0028541190337341726,0.03132920288049952
0.0,0.0,-0.6601530840136818,-0.14235111526629704,0.0,0.05555555555555562,0.0,0.03951740227564794,-0.020015081457406554,0.0011701172174064084,0.16666666666666696,0.04347979206082438,0.00619008392870289,-0.006462099587694277,0.009132332791638791,0.05882352941176478,0.03703833333333335,0.004837714969811965,-0.003520594397287208,0.0
0.0,0.0,-0.5961384515538876,-0.0743860558543381,0.0,0.05555555555555562,0.0,-0.017102197162814418,-0.03720092826954887,0.15830748943580697,0.08333333333333348,0.0,-0.017146611640984636,-0.020824838022744777,0.004403658031418283,0.0,0.0,-0.013400532330831489,-0.011345508850854539,0.03131663326195315
0.0,0.0,-0.5961384515538876,-0.09341145905650539,0.0,0.05555555555555562,0.0,-0.003063836310129867,-0.02841510250130057,0.0011312656691722122,0.16666666666666696,0.04347979206082438,-0.013910033009957416,-0.020037605908205334,0.009132332791638791,0.05882352941176478,0.03703833333333335,-0.01087106018236986,-0.010916619612271784,0.0
0.0,0.0,-0.08651958072125741,-0.01286359162339207,0.0,0.05555555555555562,0.0,0.03951740227564794,-0.020015081457406554,0.0011312656691722122,0.16666666666666696,0.04347979206082438,-0.07449309080600447,-0.020037605908205334,-0.01285536755568301,0.05882352941176478,0.03703833333333335,-0.05821832865120546,-0.010916619612271784,0.0
0.0,0.0,-0.5816011062250313,-0.0736054157294357,0.0,0.05555555555555562,0.0,0.03951740227564794,-0.020015081457406554,0.0011312656691722122,0.16666666666666696,0.04347979206082438,-0.03393895529345061,-0.03710185311041639,0.009132332791638791,0.05882352941176478,0.03703833333333335,-0.02652419482094322,-0.02021333382701879,0.0
0.0,0.0,-0.590268309197988,-0.09163419142036391,0.0,0.05555555555555562,0.0,0.03951740227564794,-0.020015081457406554,0.0012101114582357294,0.16666666666666696,0.04347979206082438,-0.007363626897527333,-0.010755063205110767,0.012153076506388812,0.05882352941176478,0.03703833333333335,-0.005754869963732902,-0.0058594292379039285,0.0
0.0,0.0,-0.6601530840136818,-0.137929544914577,0.0,0.05555555555555562,0.0,0.03951740227564794,-0.020015081457406554,0.0011701172174064084,0.16666666666666696,0.04347979206082438,0.035396836386731786,-0.026023968102940522,0.012153076506388812,0.05882352941176478,0.03703833333333335,0.027663567609811056,-0.014178029145955026,0.0
0.0,0.0,-0.5961384515538876,-0.0736054157294357,0.0,0.05555555555555562,0.0,0.03951740227564794,-0.020015081457406554,0.0012101114582357294,0.16666666666666696,0.04347979206082438,0.02925092419703493,-0.010755063205110767,0.009132332791638791,0.05882352941176478,0.03703833333333335,0.02286037402702605,-0.0058594292379039285,0.0
0.0,0.0,-0.6601530840136818,-0.12314675108687939,0.0,0.11111111111111124,0.0,0.02554940021403778,-0.02841510250130057,0.15619008005704324,0.16666666666666696,0.04347979206082438,0.02814753788240176,-0.03412849440442211,0.004403658031418283,0.05882352941176478,0.03703833333333335,0.021998048321386535,-0.018593428429494015,0.029199223883189414
0.0,0.0,-0.574837780924476,-0.07019590055940735,0.0,0.05555555555555562,0.0,-0.003063836310129867,-0.02841510250130057,0.0011312656691722122,0.16666666666666696,0.04347979206082438,-0.07449309080600447,-0.043739522450274154,0.012153076506388812,0.05882352941176478,0.03703833333333335,-0.05821832865120546,-0.023829579781112234,0.0
0.0,0.0,-0.03279487116080154,-0.005708238067468302,0.0,0.05555555555555562,0.0,-0.003063836310129867,-0.02841510250130057,0.0012101114582357294,0.16666666666666696,0.04347979206082438,-0.11266513619674032,-0.06238956096234877,-0.005328999776949301,0.05882352941176478,0.03703833333333335,-0.06579901459641473,-0.03399024354120576,0.0
0.0,0.0,-0.590268309197988,-0.09341145905650539,0.0,0.05555555555555562,0.0,0.03951740227564794,-0.020015081457406554,0.0011312656691722122,0.16666666666666696,0.04347979206082438,-0.013910033009957416,-0.016231706764532686,0.012153076506388812,0.05882352941176478,0.03703833333333335,-0.01087106018236986,-0.008843140703440085,0.0
0.0,0.0,-0.03828843113094921,-0.0023573480451598793,0.0,0.05555555555555562,0.0,0.03951740227564794,-0.020015081457406554,0.0011312656691722122,0.16666666666666696,0.0,-0.036311960726055456,-0.014923428933895148,-0.01285536755568301,0.05882352941176478,0.0,-0.028378761582393122,-0.008130382328529152,0.0
0.0,0.0,-0.5816011062250313,-0.0736054157294357,0.0,0.05555555555555562,0.0,-0.003063836310129867,-0.02841510250130057,0.0011701172174064084,0.16666666666666696,0.04347979206082438,-0.08224277992362189,-0.043739522450274154,0.012153076506388812,0.05882352941176478,0.03703833333333335,-0.06427491649193652,-0.023829579781112234,0.0
0.0,0.0,-0.6601530840136818,-0.14367172385704105,0.0,0.05555555555555562,0.0,0.03951740227564794,-0.020067691192545735,0.0012101114582357294,0.16666666666666696,0.0,0.07731432076083726,7.362602510080605e-05,0.009132332791638791,0.05882352941176478,0.0,0.06042319477951279,4.011194317680149e-05,0.0
0.0,0.0,-0.05131387400331122,-0.005708238067468302,0.0,0.05555555555555562,0.0,0.03951740227564794,-0.020015081457406554,0.0011701172174064084,0.16666666666666696,0.04347979206082438,-0.036311960726055456,-0.014923428933895148,-0.005328999776949301,0.05882352941176478,0.03703833333333335,-0.028378761582393122,-0.008130382328529152,0.0
0.0,0.0,-0.5961384515538876,-0.0736054157294357,0.0,0.05555555555555562,0.0,0.03951740227564794,-0.020015081457406554,0.0012101114582357294,0.16666666666666696,0.04347979206082438,0.03583448899986107,-0.0052387748629423745,0.012153076506388812,0.05882352941176478,0.03703833333333335,0.02800560474896767,-0.0028541190337341726,0.0
0.0,0.0,-0.590268309197988,-0.0736054157294357,0.0,0.05555555555555562,0.0,0.03951740227564794,-0.020015081457406554,0.0011701172174064084,0.16666666666666696,0.04347979206082438,0.03583448899986107,-0.0052387748629423745,0.009132332791638791,0.05882352941176478,0.03703833333333335,0.02800560474896767,-0.0028541190337341726,0.0
0.0,0.0,-0.6601530840136818,-0.12989481414285406,0.0,0.11111111111111124,0.0,0.02554940021403778,-0.02841510250130057,0.1557398591745646,0.16666666666666696,0.04347979206082438,0.07731432076083726,-0.006462099587694277,0.005795494375936028,0.05882352941176478,0.03703833333333335,0.06042319477951279,-0.003520594397287208,0.02874900300071077
0.0,0.0,-0.03978753122471899,0.0,0.0,0.11111111111111124,0.0,0.02554940021403778,-0.02841510250130057,0.15751788885257667,0.16666666666666696,0.04347979206082438,-0.036311960726055456,-0.018253590684608783,-0.005328999776949301,0.05882352941176478,0.03703833333333335,-0.028378761582393122,-0.009944676373756926,0.030527032678722855
0.0,0.0,-0.590268309197988,-0.09163419142036391,0.0,0.05555555555555562,0.0,0.03951740227564794,-0.020015081457406554,0.0012101114582357294,0.16666666666666696,0.04347979206082438,-0.013910033009957416,-0.016231706764532686,0.009132332791638791,0.05882352941176478,0.03703833333333335,-0.01087106018236986,-0.008843140703440085,0.0
0.0,0.0,-0.574837780924476,-0.06323493565118656,0.0,0.05555555555555562,0.041668151042594415,-0.017102197162814418,-0.03720092826954887,0.1557398591745646,0.16666666666666696,0.04347979206082438,-0.036311960726055456,-0.03710185311041639,0.005795494375936028,0.05882352941176478,0.03703833333333335,-0.028378761582393122,-0.02021333382701879,0.02874900300071077
0.0,0.0,-0.590268309197988,-0.09341145905650539,0.0,0.05555555555555562,0.0,0.03951740227564794,-0.020015081457406554,0.0011312656691722122,0.16666666666666696,0.04347979206082438,-0.007363626897527333,-0.010755063205110767,0.012153076506388812,0.05882352941176478,0.03703833333333335,-0.005754869963732902,-0.0058594292379039285,0.0
0.0,0.0,-0.6601530840136818,-0.1266179769387182,0.0,0.05555555555555562,0.0,-0.017102197162814418,-0.03720092826954887,0.15619008005704324,0.08333333333333348,0.04347979206082438,0.07731432076083726,-0.006462099587694277,0.00719625274830322,0.0,0.03703833333333335,0.06042319477951279,-0.003520594397287208,0.029199223883189414
0.0,0.0,-0.590268309197988,-0.0736054157294357,0.0,0.05555555555555562,0.0,0.03951740227564794,-0.020015081457406554,0.0011312656691722122,0.16666666666666696,0.04347979206082438,0.03583448899986107,-0.0052387748629423745,0.012153076506388812,0.05882352941176478,0.03703833333333335,0.02800560474896767,-0.0028541190337341726,0.0
0.0,0.0,-0.590268309197988,-0.0736054157294357,0.0,0.11111111111111124,0.0,0.02554940021403778,-0.02841510250130057,0.1557398591745646,0.16666666666666696,0.04347979206082438,-0.007363626897527333,-0.01303746998323591,0.005795494375936028,0.05882352941176478,0.03703833333333335,-0.005754869963732902,-0.00710289947638486,0.02874900300071077
0.0,0.0,0.02702135664858549,0.004168556556297085,0.0,0.05555555555555562,0.041668151042594415,-0.017102197162814418,-0.03720092826954887,0.1557398591745646,0.16666666666666696,0.04347979206082438,-0.0804560138908954,-0.06722622445743286,-0.005328999776949301,0.05882352941176478,0.03703833333333335,-0.005982786787027701,-0.03662528965451276,0.02874900300071077
0.0,0.0,-0.574837780924476,-0.07019590055940735,0.0,0.05555555555555562,0.0,-0.003063836310129867,-0.02841510250130057,0.0011312656691722122,0.16666666666666696,0.04347979206082438,-0.08224277992362189,-0.043739522450274154,0.012153076506388812,0.05882352941176478,0.03703833333333335,-0.06427491649193652,-0.023829579781112234,0.0
0.0,0.0,-0.574837780924476,-0.06433955685559392,0.0,0.05555555555555562,0.0,0.03951740227564794,-0.020015081457406554,0.0011312656691722122,0.16666666666666696,0.04347979206082438,0.009363527676845942,-0.029937474514068228,0.012153076506388812,0.05882352941176478,0.03703833333333335,0.007317845530733913,-0.016310133202506686,0.0
0.0,0.0,-0.590268309197988,-0.07119561360473692,0.0,0.05555555555555562,0.0,-0.017102197162814418,-0.03720092826954887,0.15751788885257667,0.08333333333333348,0.04347979206082438,0.07424181606557298,-0.010755063205110767,0.005795494375936028,0.0,0.03703833333333335,0.058021950768882335,-0.0058594292379039285,0.030527032678722855
0.0,0.0,-0.023681095462320837,0.0,0.0,0.05555555555555562,0.0,0.03951740227564794,-0.020015081457406554,0.0012101114582357294,0.16666666666666696,0.0,-0.028562275969786666,-0.014923428933895148,-0.005328999776949301,0.05882352941176478,0.0,-0.02232217715017183,-0.008130382328529152,0.0
0.0,0.0,-0.5961384515538876,-0.0743860558543381,0.0,0.11111111111111124,0.0,0.02554940021403778,-0.02841510250130057,0.15834405559885092,0.08333333333333348,0.04347979206082438,-0.007363626897527333,-0.01303746998323591,0.005674409712264599,0.0,0.03703833333333335,-0.005754869963732902,-0.00710289947638486,0.031353199424997105
0.0,0.0,-0.5816011062250313,-0.06188655725362783,0.0,0.11111111111111124,0.0,0.02554940021403778,-0.02841510250130057,0.15832005905435334,0.16666666666666696,0.08695762759948426,-0.09013538607475889,-0.05104548955643155,0.005795494375936028,0.05882352941176478,0.074075,-0.07044319778956772,-0.02780991875788742,0.03132920288049952
0.0,0.0,-0.5816011062250313,-0.06188655725362783,0.0,0.05555555555555562,0.0,-0.003063836310129867,-0.02841510250130057,0.0011701172174064084,0.16666666666666696,0.04347979206082438,-0.028562275969786666,-0.034513615151103266,0.012153076506388812,0.05882352941176478,0.03703833333333335,-0.02232217715017183,-0.0188032447476496,0.0
0.0,0.0,-0.574837780924476,-0.06188655725362783,0.0,0.05555555555555562,0.0,-0.003063836310129867,-0.02841510250130057,0.0012101114582357294,0.16666666666666696,0.04347979206082438,-0.036311960726055456,-0.036325948076661695,0.009132332791638791,0.05882352941176478,0.03703833333333335,-0.028378761582393122,-0.019790615656617088,0.0
0.0,0.0,-0.5961384515538876,-0.0736054157294357,0.0,0.05555555555555562,0.0,0.03951740227564794,-0.020015081457406554,0.0011701172174064084,0.16666666666666696,0.04347979206082438,0.03583448899986107,-0.0052387748629423745,0.009132332791638791,0.05882352941176478,0.03703833333333335,0.02800560474896767,-0.0028541190337341726,0.0
0.0,0.0,-0.6601530840136818,-0.137929544914577,0.0,0.05555555555555562,0.0,-0.003063836310129867,-0.02841510250130057,0.0011701172174064084,0.16666666666666696,0.04347979206082438,0.02814753788240176,-0.034513615151103266,0.012153076506388812,0.05882352941176478,0.03703833333333335,0.021998048321386535,-0.0188032447476496,0.0
0.0,0.0,-0.08651958072125741,-0.01150287108947126,0.0,0.05555555555555562,0.0,-0.003063836310129867,-0.02841510250130057,0.0011701172174064084,0.16666666666666696,0.04347979206082438,-0.07449309080600447,-0.020037605908205334,-0.010912914635312113,0.05882352941176478,0.03703833333333335,-0.05821832865120546,-0.010916619612271784,0.0
0.0,0.0,-0.5816011062250313,-0.0736054157294357,0.0,0.05555555555555562,0.0,-0.003063836310129867,-0.02841510250130057,0.0011312656691722122,0.16666666666666696,0.04347979206082438,-0.08224277992362189,-0.043739522450274154,0.009132332791638791,0.05882352941176478,0.03703833333333335,-0.06427491649193652,-0.023829579781112234,0.0
0.0,0.0,-0.5961384515538876,-0.09341145905650539,0.0,0.05555555555555562,0.0,-0.003063836310129867,-0.02841510250130057,0.0011312656691722122,0.16666666666666696,0.04347979206082438,-0.013910033009957416,-0.020037605908205334,0.012153076506388812,0.05882352941176478,0.03703833333333335,-0.01087106018236986,-0.010916619612271784,0.0
0.0,0.0,-0.5816011062250313,-0.06188655725362783,0.0,0.05555555555555562,0.0,0.03951740227564794,-0.020015081457406554,0.0012101114582357294,0.16666666666666696,0.04347979206082438,0.009363527676845942,-0.029937474514068228,0.012153076506388812,0.05882352941176478,0.03703833333333335,0.007317845530733913,-0.016310133202506686,0.0
0.0,0.0,-0.5961384515538876,-0.09341145905650539,0.0,0.05555555555555562,0.0,-0.003063836310129867,-0.02841510250130057,0.0011312656691722122,0.16666666666666696,0.04347979206082438,-0.007363626897527333,-0.010755063205110767,0.012153076506388812,0.05882352941176478,0.03703833333333335,-0.005754869963732902,-0.0058594292379039285,0.0
0.0,0.0,-0.574837780924476,-0.06323493565118656,0.0,0.05555555555555562,0.041668151042594415,-0.017102197162814418,-0.03720092826954887,0.15516965556959797,0.16666666666666696,0.04347979206082438,-0.036311960726055456,-0.03710185311041639,0.00719625274830322,0.05882352941176478,0.03703833333333335,-0.028378761582393122,-0.02021333382701879,0.028178799395744174
0.0,0.0,-0.6601530840136818,-0.14367172385704105,0.0,0.05555555555555562,0.0,0.03951740227564794,-0.020015081457406554,0.0012101114582357294,0.16666666666666696,0.04347979206082438,0.00619008392870289,-0.010675773639617584,0.012153076506388812,0.05882352941176478,0.03703833333333335,0.004837714969811965,-0.0058162317606366,0.0
0.0,0.0,-0.574837780924476,-0.06433955685559392,0.0,0.05555555555555562,0.0,-0.003063836310129867,-0.02841510250130057,0.0011312656691722122,0.16666666666666696,0.04347979206082438,-0.028562275969786666,-0.034513615151103266,0.012153076506388812,0.05882352941176478,0.03703833333333335,-0.02232217715017183,-0.0188032447476496,0.0
0.0,0.0,-0.6601530840136818,-0.14372726347067047,0.0,0.05555555555555562,0.0,0.03951740227564794,-0.020015081457406554,0.0011312656691722122,0.16666666666666696,0.04347979206082438,0.00619008392870289,-0.010675773639617584,0.012153076506388812,0.05882352941176478,0.03703833333333335,0.004837714969811965,-0.0058162317606366,0.0
0.0,0.0,-0.6601530840136818,-0.1302990191087126,0.0,0.11111111111111124,0.0,0.02554940021403778,-0.02841510250130057,0.15830748943580697,0.16666666666666696,0.04347979206082438,0.00619008392870289,-0.010755063205110767,0.004403658031418283,0.05882352941176478,0.03703833333333335,0.004837714969811965,-0.0058594292379039285,0.03131663326195315
0.0,0.0,-0.574837780924476,-0.06433955685559392,0.0,0.11111111111111124,0.0,0.02554940021403778,-0.02841510250130057,0.15620264967558956,0.16666666666666696,0.08695762759948426,-0.09013538607475889,-0.05104548955643155,0.005795494375936028,0.05882352941176478,0.074075,-0.07044319778956772,-0.02780991875788742,0.029211793501735753
0.0,0.0,-0.574837780924476,-0.07119561360473692,0.0,0.05555555555555562,0.0,0.03951740227564794,-0.020015081457406554,0.0011312656691722122,0.16666666666666696,0.04347979206082438,-0.03393895529345061,-0.03710185311041639,0.012153076506388812,0.05882352941176478,0.03703833333333335,-0.02652419482094322,-0.02021333382701879,0.0
0.0,0.0,-0.5816011062250313,-0.056418990845220375,0.0,0.11111111111111124,0.0,0.02554940021403778,-0.02841510250130057,0.15830748943580697,0.16666666666666696,0.04347979206082438,-0.028562275969786666,-0.034513615151103266,0.004403658031418283,0.05882352941176478,0.03703833333333335,-0.02232217715017183,-0.0188032447476496,0.03131663326195315
0.0,0.0,-0.5961384515538876,-0.0736054157294357,0.0,0.05555555555555562,0.0,-0.017102197162814418,-0.03720092826954887,0.1557398591745646,0.16666666666666696,0.04347979206082438,0.03583448899986107,-0.01303746998323591,0.005795494375936028,0.05882352941176478,0.03703833333333335,0.02800560474896767,-0.00710289947638486,0.02874900300071077
0.0,0.0,-0.590268309197988,-0.09163419142036391,0.0,0.05555555555555562,0.0,0.03951740227564794,-0.020015081457406554,0.0012101114582357294,0.16666666666666696,0.04347979206082438,-0.007363626897527333,-0.010755063205110767,0.012153076506388812,0.05882352941176478,0.03703833333333335,-0.005754869963732902,-0.0058594292379039285,0.0
0.0,0.0,-0.5961384515538876,-0.09341145905650539,0.0,0.05555555555555562,0.0,-0.003063836310129867,-0.02841510250130057,0.0011312656691722122,0.16666666666666696,0.04347979206082438,-0.013910033009957416,-0.020037605908205334,0.009132332791638791,0.05882352941176478,0.03703833333333335,-0.01087106018236986,-0.010916619612271784,0.0
0.0,0.0,-0.5961384515538876,-0.0736054157294357,0.0,0.05555555555555562,0.041668151042594415,-0.017102197162814418,-0.03720092826954887,0.1557398591745646,0.16666666666666696,0.04347979206082438,0.03583448899986107,-0.01303746998323591,0.005795494375936028,0.05882352941176478,0.03703833333333335,0.02800560474896767,-0.00710289947638486,0.02874900300071077
0.0,0.0,-0.590268309197988,-0.0736054157294357,0.0,0.05555555555555562,0.0,-0.003063836310129867,-0.02841510250130057,0.0011701172174064084,0.16666666666666696,0.04347979206082438,0.02925092419703493,-0.01303746998323591,0.012153076506388812,0.05882352941176478,0.03703833333333335,0.02286037402702605,-0.00710289947638486,0.0
0.0,0.0,-0.5961384515538876,-0.0736054157294357,0.0,0.05555555555555562,0.0,-0.003063836310129867,-0.02841510250130057,0.0011701172174064084,0.16666666666666696,0.04347979206082438,0.02925092419703493,-0.01303746998323591,0.012153076506388812,0.05882352941176478,0.03703833333333335,0.02286037402702605,-0.00710289947638486,0.0
0.0,0.0,-0.5961384515538876,-0.0736054157294357,0.0,0.05555555555555562,0.0,0.03951740227564794,-0.020015081457406554,0.0011701172174064084,0.16666666666666696,0.04347979206082438,0.02925092419703493,-0.010755063205110767,0.012153076506388812,0.05882352941176478,0.03703833333333335,0.02286037402702605,-0.0058594292379039285,0.0
0.0,0.0,-0.5961384515538876,-0.09484314687450826,0.0,0.0,0.0,0.08445338055440706,-0.012696482746929598,0.0011312656691722122,0.16666666666666696,0.04347979206082438,-0.007363626897527333,-0.010755063205110767,0.012153076506388812,0.05882352941176478,0.03703833333333335,-0.005754869963732902,-0.0058594292379039285,0.0
0.0,0.0,-0.590268309197988,-0.0736054157294357,0.0,0.11111111111111124,0.0,0.02554940021403778,-0.02841510250130057,0.15572728955601822,0.16666666666666696,0.04347979206082438,-0.007363626897527333,-0.01303746998323591,0.00719625274830322,0.05882352941176478,0.03703833333333335,-0.005754869963732902,-0.00710289947638486,0.0287364333821644
0.0,0.0,-0.00826058139053532,0.0,0.0,0.05555555555555562,0.0,0.06770481579476473,-0.02506561603077085,0.15713051606282982,0.16666666666666696,0.04347979206082438,-0.06677950493241264,-0.05301640161297635,-0.01285536755568301,0.05882352941176478,0.03703833333333335,-0.041264724826148506,-0.028883684621389565,0.030139659888976003
0.0,0.0,-0.6601530840136818,-0.14372726347067047,0.0,0.05555555555555562,0.0,-0.003063836310129867,-0.02841510250130057,0.0011312656691722122,0.16666666666666696,0.04347979206082438,0.00619008392870289,-0.010755063205110767,0.012153076506388812,0.05882352941176478,0.03703833333333335,0.004837714969811965,-0.0058594292379039285,0.0
0.0,0.0,-0.5961384515538876,-0.07119561360473692,0.0,0.05555555555555562,0.0,-0.017102197162814418,-0.03720092826954887,0.15572728955601822,0.08333333333333348,0.0,0.02925092419703493,-0.018253590684608783,0.004403658031418283,0.0,0.0,0.02286037402702605,-0.009944676373756926,0.0287364333821644
0.0,0.0,-0.5961384515538876,-0.0743860558543381,0.0,0.05555555555555562,0.0,-0.017102197162814418,-0.03720092826954887,0.1557398591745646,0.16666666666666696,0.04347979206082438,-0.008957651849893214,-0.020824838022744777,0.005795494375936028,0.05882352941176478,0.03703833333333335,-0.007000642793816343,-0.011345508850854539,0.02874900300071077
0.0,0.0,-0.6601530840136818,-0.14372726347067047,0.0,0.05555555555555562,0.0,-0.003063836310129867,-0.02841510250130057,0.0011312656691722122,0.08333333333333348,0.04347979206082438,0.07731432076083726,-0.0014045580173077693,0.014974986457636312,0.0,0.03703833333333335,0.06042319477951279,-0.0007652124544497975,0.0
0.0,0.0,-0.5816011062250313,-0.07119561360473692,0.0,0.05555555555555562,0.0,0.03951740227564794,-0.020015081457406554,0.0011312656691722122,0.16666666666666696,0.04347979206082438,-0.03393895529345061,-0.03710185311041639,0.012153076506388812,0.05882352941176478,0.03703833333333335,-0.02652419482094322,-0.02021333382701879,0.0
0.0,0.0,-0.5816011062250313,-0.06188655725362783,0.0,0.05555555555555562,0.0,-0.003063836310129867,-0.02841510250130057,0.0012101114582357294,0.16666666666666696,0.04347979206082438,-0.036311960726055456,-0.03694327397943002,0.012153076506388812,0.05882352941176478,0.03703833333333335,-0.028378761582393122,-0.020126938872484134,0.0
0.0,0.0,-0.574837780924476,-0.07019590055940735,0.0,0.05555555555555562,0.0,0.03951740227564794,-0.020015081457406554,0.0011312656691722122,0.16666666666666696,0.04347979206082438,-0.025533284449883984,-0.03710185311041639,0.012153076506388812,0.05882352941176478,0.03703833333333335,-0.01995493984159187,-0.02021333382701879,0.0
0.0,0.0,-0.5816011062250313,-0.06188655725362783,0.0,0.05555555555555562,0.0,-0.003063836310129867,-0.02841510250130057,0.0012101114582357294,0.16666666666666696,0.04347979206082438,-0.036311960726055456,-0.03694327397943002,0.012153076506388812,0.05882352941176478,0.03703833333333335,-0.028378761582393122,-0.020126938872484134,0.0
0.0,0.0,-0.5961384515538876,-0.09091217644318145,0.0,0.05555555555555562,0.0,-0.003063836310129867,-0.02841510250130057,0.0011312656691722122,0.16666666666666696,0.0,0.03583448899986107,-0.006462099587694277,0.009132332791638791,0.05882352941176478,0.0,0.02800560474896767,-0.003520594397287208,0.0
0.0,0.0,-0.574837780924476,-0.06188655725362783,0.0,0.05555555555555562,-0.04166627604142253,0.03951740227564794,-0.020015081457406554,0.0011701172174064084,0.16666666666666696,0.04347979206082438,0.017769194159063816,-0.029937474514068228,0.012153076506388812,0.05882352941176478,0.03703833333333335,0.0138870971015754,-0.016310133202506686,0.0
0.0,0.0,-0.5816011062250313,-0.07019590055940735,0.0,0.05555555555555562,0.0,-0.003063836310129867,-0.02841510250130057,0.0011312656691722122,0.16666666666666696,0.04347979206082438,-0.07449309080600447,-0.043739522450274154,0.012153076506388812,0.05882352941176478,0.03703833333333335,-0.05821832865120546,-0.023829579781112234,0.0
0.0,0.0,-0.590268309197988,-0.0736054157294357,0.0,0.05555555555555562,0.0,-0.003063836310129867,-0.02841510250130057,0.0011701172174064084,0.16666666666666696,0.04347979206082438,0.03583448899986107,-0.006462099587694277,0.012153076506388812,0.05882352941176478,0.03703833333333335,0.02800560474896767,-0.003520594397287208,0.0
0.0,0.0,-0.5816011062250313,-0.06188655725362783,0.0,0.05555555555555562,0.0,0.03951740227564794,-0.020015081457406554,0.0012101114582357294,0.16666666666666696,0.04347979206082438,0.017769194159063816,-0.029937474514068228,0.012153076506388812,0.05882352941176478,0.03703833333333335,0.0138870971015754,-0.016310133202506686,0.0
0.0,0.0,-0.5816011062250313,-0.06323493565118656,0.0,0.05555555555555562,0.0,0.03951740227564794,-0.020015081457406554,0.0011312656691722122,0.16666666666666696,0.04347979206082438,0.017769194159063816,-0.029937474514068228,0.012153076506388812,0.05882352941176478,0.03703833333333335,0.0138870971015754,-0.016310133202506686,0.0
0.0,0.0,-0.590268309197988,-0.0736054157294357,0.0,0.05555555555555562,0.0,0.03951740227564794,-0.020015081457406554,0.0011312656691722122,0.16666666666666696,0.04347979206082438,0.02925092419703493,-0.010755063205110767,0.012153076506388812,0.05882352941176478,0.03703833333333335,0.02286037402702605,-0.0058594292379039285,0.0
0.0,0.0,-0.5961384515538876,-0.09163419142036391,0.0,0.05555555555555562,0.0,0.03951740227564794,-0.020015081457406554,0.0011701172174064084,0.16666666666666696,0.04347979206082438,-0.013910033009957416,-0.016231706764532686,0.012153076506388812,0.05882352941176478,0.03703833333333335,-0.01087106018236986,-0.008843140703440085,0.0
0.0,0.0,-0.028060798747795334,-0.009623780828342515,0.0,0.05555555555555562,0.0,-0.003063836310129867,-0.02841510250130057,0.0012101114582357294,0.16666666666666696,0.04347979206082438,-0.11266513619674032,-0.06238956096234877,-0.010912914635312113,0.05882352941176478,0.03703833333333335,-0.06106494218340853,-0.03399024354120576,0.0
0.0,0.0,-0.5961384515538876,-0.09091217644318145,0.0,0.05555555555555562,0.0,0.03951740227564794,-0.020015081457406554,0.0011312656691722122,0.16666666666666696,0.04347979206082438,0.02925092419703493,-0.010755063205110767,0.012153076506388812,0.05882352941176478,0.03703833333333335,0.02286037402702605,-0.0058594292379039285,0.0
0.0,0.0,-0.5961384515538876,-0.0736054157294357,0.0,0.05555555555555562,0.0,-0.003063836310129867,-0.02841510250130057,0.0011701172174064084,0.16666666666666696,0.04347979206082438,0.03583448899986107,-0.006462099587694277,0.012153076506388812,0.05882352941176478,0.03703833333333335,0.02800560474896767,-0.003520594397287208,0.0
0.0,0.0,-0.590268309197988,-0.09341145905650539,0.0,0.0,0.0,0.08445338055440706,-0.012696482746929598,0.0012101114582357294,0.16666666666666696,0.04347979206082438,-0.013910033009957416,-0.016231706764532686,0.012153076506388812,0.05882352941176478,0.03703833333333335,-0.01087106018236986,-0.008843140703440085,0.0
0.0,0.0,-0.023681095462320837,0.00033632321586704426,0.0,0.05555555555555562,0.0,-0.003063836310129867,-0.02841510250130057,0.0011312656691722122,0.16666666666666696,0.0,-0.028562275969786666,-0.014923428933895148,-0.010912914635312113,0.05882352941176478,0.0,-0.02232217715017183,-0.008130382328529152,0.0
0.0,0.0,-0.06912309558676547,-0.0009966275112390697,0.0,0.05555555555555562,0.0,0.03951740227564794,-0.020015081457406554,0.0011312656691722122,0.16666666666666696,0.04347979206082438,-0.07449309080600447,-0.020037605908205334,-0.005328999776949301,0.05882352941176478,0.03703833333333335,-0.05821832865120546,-0.010916619612271784,0.0
0.0,0.0,-0.6601530840136818,-0.14372726347067047,0.0,0.0,0.0,0.0070144880704051445,-0.011644288044145377,0.0011312656691722122,0.16666666666666696,0.04347979206082438,0.03583448899986107,-0.01671877123827645,0.012153076506388812,0.05882352941176478,0.03703833333333335,0.02800560474896767,-0.009108496635225062,0.0
0.0,0.0,-0.590268309197988,-0.0736054157294357,0.0,0.05555555555555562,0.0,0.03951740227564794,-0.020015081457406554,0.0011312656691722122,0.16666666666666696,0.04347979206082438,0.02925092419703493,-0.010755063205110767,0.009132332791638791,0.05882352941176478,0.03703833333333335,0.02286037402702605,-0.0058594292379039285,0.0
0.0,0.0,-0.5961384515538876,-0.0736054157294357,0.0,0.05555555555555562,0.0,-0.003063836310129867,-0.02841510250130057,0.0012101114582357294,0.16666666666666696,0.04347979206082438,0.03583448899986107,-0.006462099587694277,0.012153076506388812,0.05882352941176478,0.03703833333333335,0.02800560474896767,-0.003520594397287208,0.0
0.0,0.0,-0.6601530840136818,-0.12314675108687939,0.0,0.11111111111111124,0.0,0.02554940021403778,-0.02841510250130057,0.15619008005704324,0.16666666666666696,0.04347979206082438,-0.01845903739583874,-0.04110031262742966,0.00719625274830322,0.05882352941176478,0.03703833333333335,-0.01442622791010854,-0.02239172089492831,0.029199223883189414
0.0,0.0,-0.6601530840136818,-0.14095645385738045,0.0,0.05555555555555562,0.0,0.03951740227564794,-0.020015081457406554,0.0011312656691722122,0.16666666666666696,0.04347979206082438,-0.01837998359042566,-0.036325948076661695,0.012153076506388812,0.05882352941176478,0.03703833333333335,-0.014364445261880764,-0.019790615656617088,0.0
0.0,0.0,-0.02159103476034062,0.0,0.0,0.11111111111111124,0.0,0.02554940021403778,-0.02841510250130057,0.15832005905435334,0.16666666666666696,0.04347979206082438,-0.12058186060584575,-0.0949945630012233,-0.005328999776949301,0.05882352941176478,0.03703833333333335,-0.05459517819595381,-0.051753663300348966,0.03132920288049952
0.0,0.0,-0.5816011062250313,-0.06188655725362783,0.0,0.05555555555555562,0.0,0.03951740227564794,-0.020015081457406554,0.0012101114582357294,0.16666666666666696,0.04347979206082438,0.017769194159063816,-0.029937474514068228,0.012153076506388812,0.05882352941176478,0.03703833333333335,0.0138870971015754,-0.016310133202506686,0.0
0.0,0.0,-0.03926463514825626,-0.005708238067468302,0.0,0.11111111111111124,0.0,0.02554940021403778,-0.02841510250130057,0.15830748943580697,0.16666666666666696,0.04347979206082438,-0.12058186060584575,-0.0949945630012233,-0.01285536755568301,0.05882352941176478,0.03703833333333335,-0.07226877858386944,-0.051753663300348966,0.03131663326195315
0.0,0.0,-0.590268309197988,-0.0736054157294357,0.0,0.05555555555555562,0.0,-0.003063836310129867,-0.02841510250130057,0.0011312656691722122,0.16666666666666696,0.04347979206082438,0.03583448899986107,-0.006462099587694277,0.012153076506388812,0.05882352941176478,0.03703833333333335,0.02800560474896767,-0.003520594397287208,0.0
0.0,0.0,-0.5961384515538876,-0.0736054157294357,0.0,0.11111111111111124,0.0,0.02554940021403778,-0.02841510250130057,0.15830748943580697,0.16666666666666696,0.0,-0.013910033009957416,-0.020037605908205334,0.004403658031418283,0.05882352941176478,0.0,-0.01087106018236986,-0.010916619612271784,0.03131663326195315
0.0,0.0,-0.5961384515538876,-0.0736054157294357,0.0,0.11111111111111124,0.0,0.02554940021403778,-0.02841510250130057,0.1583246298247338,0.16666666666666696,0.04347979206082438,-0.013910033009957416,-0.020037605908205334,0.005795494375936028,0.05882352941176478,0.03703833333333335,-0.01087106018236986,-0.010916619612271784,0.031333773650879984
0.0,0.0,-0.03828843113094921,-0.005708238067468302,0.0,0.05555555555555562,0.0,-0.003063836310129867,-0.02841510250130057,0.0012101114582357294,0.16666666666666696,0.0,-0.036311960726055456,-0.018253590684608783,-0.01285536755568301,0.05882352941176478,0.0,-0.028378761582393122,-0.009944676373756926,0.0
0.0,0.0,-0.6601530840136818,-0.14095645385738045,0.0,0.05555555555555562,0.0,-0.003063836310129867,-0.02841510250130057,0.0011312656691722122,0.16666666666666696,0.04347979206082438,0.035396836386731786,-0.03412849440442211,0.012153076506388812,0.05882352941176478,0.03703833333333335,0.027663567609811056,-0.018593428429494015,0.0
0.0,0.0,-0.6601530840136818,-0.14367172385704105,0.0,0.05555555555555562,0.0,-0.003063836310129867,-0.02841510250130057,0.0012101114582357294,0.16666666666666696,0.04347979206082438,0.00619008392870289,-0.007742059716369937,0.012153076506388812,0.05882352941176478,0.03703833333333335,0.004837714969811965,-0.004217925101745509,0.0
0.0,0.0,-0.6601530840136818,-0.14095645385738045,0.0,0.05555555555555562,0.0,0.03951740227564794,-0.020015081457406554,0.0011312656691722122,0.16666666666666696,0.04347979206082438,0.02814753788240176,-0.026023968102940522,0.009132332791638791,0.05882352941176478,0.03703833333333335,0.021998048321386535,-0.014178029145955026,0.0
0.0,0.0,-0.5816011062250313,-0.07019590055940735,0.0,0.05555555555555562,0.0,-0.003063836310129867,-0.02841510250130057,0.0011312656691722122,0.16666666666666696,0.04347979206082438,-0.08224277992362189,-0.043739522450274154,0.012153076506388812,0.05882352941176478,0.03703833333333335,-0.06427491649193652,-0.023829579781112234,0.0
0.0,0.0,-0.5816011062250313,-0.0736054157294357,0.0,0.05555555555555562,0.0,0.03951740227564794,-0.020015081457406554,0.0012101114582357294,0.16666666666666696,0.04347979206082438,-0.03393895529345061,-0.03710185311041639,0.012153076506388812,0.05882352941176478,0.03703833333333335,-0.02652419482094322,-0.02021333382701879,0.0
0.0,0.0,-0.6601530840136818,-0.14235111526629704,0.0,0.05555555555555562,0.0,-0.003063836310129867,-0.02841510250130057,0.0011701172174064084,0.16666666666666696,0.04347979206082438,0.00619008392870289,-0.010755063205110767,0.009132332791638791,0.05882352941176478,0.03703833333333335,0.004837714969811965,-0.0058594292379039285,0.0
0.0,0.0,0.0206756283319355,0.0,0.0,0.05555555555555562,0.0,-0.003063836310129867,-0.02841510250130057,0.0011312656691722122,0.16666666666666696,0.04347979206082438,-0.06790061576791077,-0.04808912147161433,-0.010912914635312113,0.05882352941176478,0.03703833333333335,-0.012328515103677686,-0.026199269962634178,0.0
0.0,0.0,-0.5816011062250313,-0.06188655725362783,0.0,0.05555555555555562,-0.04166627604142253,0.03951740227564794,-0.020015081457406554,0.0011701172174064084,0.16666666666666696,0.04347979206082438,0.009363527676845942,-0.029937474514068228,0.012153076506388812,0.05882352941176478,0.03703833333333335,0.007317845530733913,-0.016310133202506686,0.0
0.0,0.0,-0.574837780924476,-0.06188655725362783,0.0,0.05555555555555562,0.0,-0.017102197162814418,-0.03720092826954887,0.15830748943580697,0.16666666666666696,0.04347979206082438,-0.09013538607475889,-0.05874224094966248,0.00719625274830322,0.05882352941176478,0.03703833333333335,-0.07044319778956772,-0.03200315958690871,0.03131663326195315
0.0,0.0,-0.5961384515538876,-0.08516691196662689,0.0,0.05555555555555562,0.0,-0.017102197162814418,-0.03720092826954887,0.15620264967558956,0.08333333333333348,0.04347979206082438,-0.017146611640984636,-0.020824838022744777,0.005795494375936028,0.0,0.03703833333333335,-0.013400532330831489,-0.011345508850854539,0.029211793501735753
0.0,0.0,-0.0806494383653578,-0.009623780828342515,0.0,0.05555555555555562,0.0,-0.003063836310129867,-0.02841510250130057,0.0011312656691722122,0.16666666666666696,0.04347979206082438,-0.08224277992362189,-0.02459109238367087,-0.005328999776949301,0.05882352941176478,0.03703833333333335,-0.06427491649193652,-0.013397389021052595,0.0
0.0,0.0,-0.590268309197988,-0.07119561360473692,0.0,0.11111111111111124,0.0,0.02554940021403778,-0.02841510250130057,0.15830748943580697,0.16666666666666696,0.0,0.03583448899986107,-0.010755063205110767,0.004403658031418283,0.05882352941176478,0.0,0.02800560474896767,-0.0058594292379039285,0.03131663326195315
0.0,0.0,-0.593429313446542,-0.0736054157294357,0.0,0.0,0.0,0.04605762390962287,-0.003665144881364981,0.0011312656691722122,0.16666666666666696,0.04347979206082438,0.021697338759577973,-0.01370576774953562,0.009132332791638791,0.05882352941176478,0.03703833333333335,0.016957046419932287,-0.007466992499066643,0.0
0.0,0.0,-0.574837780924476,-0.06433955685559392,0.0,0.05555555555555562,0.0,-0.003063836310129867,-0.02841510250130057,0.0012101114582357294,0.16666666666666696,0.04347979206082438,-0.08224277992362189,-0.043739522450274154,0.012153076506388812,0.05882352941176478,0.03703833333333335,-0.06427491649193652,-0.023829579781112234,0.0
0.0,0.0,-0.5816011062250313,-0.06433955685559392,0.0,0.11111111111111124,0.0,0.02554940021403778,-0.02841510250130057,0.15572728955601822,0.16666666666666696,0.04347979206082438,-0.09013538607475889,-0.05104548955643155,0.00719625274830322,0.05882352941176478,0.03703833333333335,-0.07044319778956772,-0.02780991875788742,0.0287364333821644
0.0,0.0,-0.5961384515538876,-0.07119561360473692,0.0,0.05555555555555562,0.0,-0.017102197162814418,-0.03720092826954887,0.15572728955601822,0.08333333333333348,0.0,0.02925092419703493,-0.018253590684608783,0.004403658031418283,0.0,0.0,0.02286037402702605,-0.009944676373756926,0.0287364333821644
0.0,0.0,-0.5816011062250313,-0.06433955685559392,0.0,0.05555555555555562,0.0,0.03951740227564794,-0.020015081457406554,0.0011312656691722122,0.16666666666666696,0.04347979206082438,0.009363527676845942,-0.029937474514068228,0.012153076506388812,0.05882352941176478,0.03703833333333335,0.007317845530733913,-0.016310133202506686,0.0
0.0,0.0,-0.03391738886881937,0.004168556556297085,0.0,0.0,-0.04166627604142253,0.04605762390962287,-0.003665144881364981,0.0011312656691722122,0.16666666666666696,0.04347979206082438,-0.03871044079605507,-0.02969960581758868,-0.010912914635312113,0.05882352941176478,0.03703833333333335,-0.030253237449453647,-0.016180540770704698,0.0
0.0,0.0,-0.590268309197988,-0.0736054157294357,0.0,0.05555555555555562,0.0,-0.003063836310129867,-0.02841510250130057,0.0011701172174064084,0.16666666666666696,0.04347979206082438,0.03583448899986107,-0.006462099587694277,0.012153076506388812,0.05882352941176478,0.03703833333333335,0.02800560474896767,-0.003520594397287208,0.0
0.0,0.0,-0.5816011062250313,-0.06188655725362783,0.0,0.05555555555555562,0.0,-0.017102197162814418,-0.03720092826954887,0.15830748943580697,0.16666666666666696,0.04347979206082438,-0.09013538607475889,-0.05874224094966248,0.004403658031418283,0.05882352941176478,0.03703833333333335,-0.07044319778956772,-0.03200315958690871,0.03131663326195315
0.0,0.0,-0.590268309197988,-0.0736054157294357,0.0,0.05555555555555562,0.0,0.03951740227564794,-0.020015081457406554,0.0012101114582357294,0.16666666666666696,0.04347979206082438,0.02925092419703493,-0.010755063205110767,0.009132332791638791,0.05882352941176478,0.03703833333333335,0.02286037402702605,-0.0058594292379039285,0.0
0.0,0.0,-0.590268309197988,-0.0736054157294357,0.0,0.05555555555555562,0.0,0.03951740227564794,-0.020015081457406554,0.0011701172174064084,0.16666666666666696,0.04347979206082438,0.03583448899986107,-0.0052387748629423745,0.012153076506388812,0.05882352941176478,0.03703833333333335,0.02800560474896767,-0.0028541190337341726,0.0
0.0,0.0,-0.5816011062250313,-0.06188655725362783,0.0,0.05555555555555562,0.0,0.03951740227564794,-0.020015081457406554,0.0012101114582357294,0.16666666666666696,0.04347979206082438,0.017769194159063816,-0.029937474514068228,0.012153076506388812,0.05882352941176478,0.03703833333333335,0.0138870971015754,-0.016310133202506686,0.0
0.0,0.0,-0.5961384515538876,-0.09484314687450826,0.0,0.05555555555555562,0.0,-0.003063836310129867,-0.02841510250130057,0.0011312656691722122,0.16666666666666696,0.04347979206082438,-0.013910033009957416,-0.020037605908205334,0.012153076506388812,0.05882352941176478,0.03703833333333335,-0.01087106018236986,-0.010916619612271784,0.0
0.0,0.0,-0.590268309197988,-0.07119561360473692,0.0,0.05555555555555562,0.041668151042594415,-0.017102197162814418,-0.03720092826954887,0.15572728955601822,0.16666666666666696,0.0,0.03583448899986107,-0.01303746998323591,0.004403658031418283,0.05882352941176478,0.03703833333333335,0.02800560474896767,-0.00710289947638486,0.0287364333821644
0.0,0.0,-0.6601530840136818,-0.14367172385704105,0.0,0.05555555555555562,0.0,-0.003063836310129867,-0.02841510250130057,0.0012101114582357294,0.16666666666666696,0.04347979206082438,0.07731432076083726,-0.0052387748629423745,0.012153076506388812,0.05882352941176478,0.03703833333333335,0.06042319477951279,-0.0028541190337341726,0.0
0.0,0.0,-0.590268309197988,-0.09163419142036391,0.0,0.05555555555555562,0.0,-0.003063836310129867,-0.02841510250130057,0.0012101114582357294,0.16666666666666696,0.04347979206082438,-0.007363626897527333,-0.010755063205110767,0.012153076506388812,0.05882352941176478,0.03703833333333335,-0.005754869963732902,-0.0058594292379039285,0.0
0.0,0.0,-0.5961384515538876,-0.09163419142036391,0.0,0.05555555555555562,0.0,0.03951740227564794,-0.020015081457406554,0.0011701172174064084,0.16666666666666696,0.04347979206082438,-0.007363626897527333,-0.010755063205110767,0.012153076506388812,0.05882352941176478,0.03703833333333335,-0.005754869963732902,-0.0058594292379039285,0.0
0.0,0.0,-0.6601530840136818,-0.11017516577031901,0.0,0.11111111111111124,0.0,0.02554940021403778,-0.02841510250130057,0.15832005905435334,0.16666666666666696,0.08695762759948426,-0.01845903739583874,-0.04044334194191478,0.005795494375936028,0.05882352941176478,0.074075,-0.01442622791010854,-0.02203379894042762,0.03132920288049952
0.0,0.0,-0.6601530840136818,-0.1110020889065793,0.0,0.05555555555555562,0.0,-0.017102197162814418,-0.03720092826954887,0.15832005905435334,0.16666666666666696,0.04347979206082438,0.0,-0.010675773639617584,0.005795494375936028,0.05882352941176478,0.03703833333333335,0.0,-0.0058162317606366,0.03132920288049952
0.0,0.0,-0.590268309197988,-0.0736054157294357,0.0,0.05555555555555562,0.0,0.06770481579476473,-0.02506561603077085,0.15830748943580697,0.16666666666666696,0.04347979206082438,0.03583448899986107,-0.010755063205110767,0.00719625274830322,0.05882352941176478,0.03703833333333335,0.02800560474896767,-0.0058594292379039285,0.03131663326195315
0.0,0.0,-0.5961384515538876,-0.07119561360473692,0.0,0.11111111111111124,0.0,0.02554940021403778,-0.02841510250130057,0.15831206020618746,0.16666666666666696,0.0,0.04408049523113784,-0.009565719722713039,0.004403658031418283,0.05882352941176478,0.0,0.03445007759387295,-0.0052114670788940085,0.03132120403233365
0.0,0.0,-0.574837780924476,-0.05348156239104208,0.0,0.05555555555555562,0.0,-0.017102197162814418,-0.03720092826954887,0.15713051606282982,0.16666666666666696,0.04347979206082438,-0.036311960726055456,-0.03694327397943002,0.004403658031418283,0.05882352941176478,0.03703833333333335,-0.028378761582393122,-0.020126938872484134,0.030139659888976003
0.0,0.0,-0.6601530840136818,-0.1266179769387182,0.0,0.05555555555555562,0.041668151042594415,-0.017102197162814418,-0.03720092826954887,0.15516965556959797,0.08333333333333348,0.04347979206082438,0.07731432076083726,-0.006462099587694277,0.00719625274830322,0.0,0.03703833333333335,0.06042319477951279,-0.003520594397287208,0.028178799395744174
0.0,0.0,-0.015191632640223687,0.0,0.0,0.05555555555555562,0.041668151042594415,-0.017102197162814418,-0.03720092826954887,0.15516965556959797,0.16666666666666696,0.04347979206082438,-0.12536629495255666,-0.09626319604911421,-0.010912914635312113,0.05882352941176478,0.03703833333333335,-0.048195776075836874,-0.05244482293662621,0.028178799395744174
0.0,0.0,0.0206756283319355,-0.0023573480451598793,0.0,0.05555555555555562,0.0,-0.003063836310129867,-0.02841510250130057,0.0012101114582357294,0.16666666666666696,0.04347979206082438,-0.06677950493241264,-0.043739522450274154,-0.01285536755568301,0.05882352941176478,0.03703833333333335,-0.012328515103677686,-0.023829579781112234,0.0
0.0,0.0,-0.6601530840136818,-0.14372726347067047,0.0,0.05555555555555562,0.0,-0.003063836310129867,-0.02841510250130057,0.0011312656691722122,0.16666666666666696,0.04347979206082438,0.07731432076083726,-0.0052387748629423745,0.012153076506388812,0.05882352941176478,0.03703833333333335,0.06042319477951279,-0.0028541190337341726,0.0
0.0,0.0,-0.03978753122471899,0.0,0.0,0.11111111111111124,0.0,0.02554940021403778,-0.02841510250130057,0.15831206020618746,0.16666666666666696,0.0,-0.036311960726055456,-0.018253590684608783,-0.01285536755568301,0.05882352941176478,0.0,-0.028378761582393122,-0.009944676373756926,0.03132120403233365
0.0,0.0,-0.5961384515538876,-0.07119561360473692,0.0,0.05555555555555562,0.041668151042594415,-0.017102197162814418,-0.03720092826954887,0.15572728955601822,0.08333333333333348,0.0,0.02925092419703493,-0.018253590684608783,0.004403658031418283,0.0,0.03703833333333335,0.02286037402702605,-0.009944676373756926,0.0287364333821644
0.0,0.0,-0.574837780924476,-0.06188655725362783,0.0,0.11111111111111124,0.0,0.02554940021403778,-0.02841510250130057,0.15830748943580697,0.16666666666666696,0.04347979206082438,-0.09013538607475889,-0.05104548955643155,0.00719625274830322,0.05882352941176478,0.03703833333333335,-0.07044319778956772,-0.02780991875788742,0.03131663326195315
0.0,0.0,-0.593429313446542,-0.09524426630627629,0.0,0.0,-0.04166627604142253,0.04605762390962287,-0.003665144881364981,0.0011701172174064084,0.16666666666666696,0.04347979206082438,-0.007895336355384456,-0.01303746998323591,0.009132332791638791,0.05882352941176478,0.03703833333333335,-0.006170415024751972,-0.00710289947638486,0.0
0.0,0.0,-0.6601530840136818,-0.137929544914577,0.0,0.05555555555555562,0.0,-0.003063836310129867,-0.02841510250130057,0.0011701172174064084,0.16666666666666696,0.04347979206082438,0.035396836386731786,-0.031251415885098145,0.009132332791638791,0.05882352941176478,0.03703833333333335,0.027663567609811056,-0.017025977111508144,0.0
0.0,0.0,-0.6601530840136818,-0.14367172385704105,0.0,0.05555555555555562,0.0,-0.003063836310129867,-0.02841510250130057,0.0012101114582357294,0.16666666666666696,0.04347979206082438,0.00619008392870289,-0.007742059716369937,0.012153076506388812,0.05882352941176478,0.03703833333333335,0.004837714969811965,-0.004217925101745509,0.0
0.0,0.0,-0.5816011062250313,-0.07003545278670012,0.0,0.05555555555555562,0.0,-0.003063836310129867,-0.02841510250130057,0.0011312656691722122,0.16666666666666696,0.04347979206082438,-0.028562275969786666,-0.03418512980834579,0.009132332791638791,0.05882352941176478,0.03703833333333335,-0.02232217715017183,-0.018624283770399236,0.0
0.0,0.0,-0.590268309197988,-0.0736054157294357,0.0,0.11111111111111124,0.0,0.02554940021403778,-0.02841510250130057,0.15830748943580697,0.16666666666666696,0.0,-0.007363626897527333,-0.020037605908205334,0.004403658031418283,0.05882352941176478,0.0,-0.005754869963732902,-0.010916619612271784,0.03131663326195315
0.0,0.0,-0.03828843113094921,0.009870623555584334,0.0,0.11111111111111124,0.0,0.02554940021403778,-0.02841510250130057,0.15713051606282982,0.16666666666666696,0.04347979206082438,-0.036311960726055456,-0.018253590684608783,-0.010912914635312113,0.05882352941176478,0.03703833333333335,-0.028378761582393122,-0.009944676373756926,0.030139659888976003
0.0,0.0,-0.574837780924476,-0.06188655725362783,0.0,0.11111111111111124,0.0,0.02554940021403778,-0.02841510250130057,0.15830748943580697,0.16666666666666696,0.04347979206082438,-0.09013538607475889,-0.05104548955643155,0.004403658031418283,0.05882352941176478,0.03703833333333335,-0.07044319778956772,-0.02780991875788742,0.03131663326195315
0.0,0.0,-0.590268309197988,-0.0736054157294357,0.0,0.05555555555555562,0.0,-0.003063836310129867,-0.02841510250130057,0.0011312656691722122,0.16666666666666696,0.04347979206082438,0.03583448899986107,-0.006462099587694277,0.012153076506388812,0.05882352941176478,0.03703833333333335,0.02800560474896767,-0.003520594397287208,0.0
0.0,0.0,-0.6601530840136818,-0.14367172385704105,0.0,0.05555555555555562,0.0,0.03951740227564794,-0.020015081457406554,0.0012101114582357294,0.16666666666666696,0.04347979206082438,0.07731432076083726,7.362602510080605e-05,0.012153076506388812,0.05882352941176478,0.03703833333333335,0.06042319477951279,4.011194317680149e-05,0.0
0.0,0.0,-0.574837780924476,-0.06433955685559392,0.0,0.11111111111111124,0.0,0.02554940021403778,-0.02841510250130057,0.15572728955601822,0.16666666666666696,0.04347979206082438,-0.09013538607475889,-0.05104548955643155,0.004403658031418283,0.05882352941176478,0.03703833333333335,-0.07044319778956772,-0.02780991875788742,0.0287364333821644
0.0,0.0,-0.08651958072125741,-0.01150287108947126,0.0,0.05555555555555562,0.0,-0.003063836310129867,-0.02841510250130057,0.0011701172174064084,0.25000000000000044,0.04347979206082438,-0.07449309080600447,-0.02303928231616149,-0.0027454354268234347,0.11764705882352956,0.03703833333333335,-0.05821832865120546,-0.012551952680249194,0.0
0.0,0.0,-0.054592117354173554,-0.005708238067468302,0.0,0.0,0.0,0.0070144880704051445,-0.011644288044145377,0.0012101114582357294,0.16666666666666696,0.0,0.02720787659564037,-0.013450908431878947,-0.01285536755568301,0.05882352941176478,0.0,0.021263678072795913,-0.007328143464993079,0.0
0.0,0.0,-0.6601530840136818,-0.14367172385704105,0.0,0.05555555555555562,0.0,0.03951740227564794,-0.020015081457406554,0.0012101114582357294,0.16666666666666696,0.04347979206082438,0.07731432076083726,-0.0052387748629423745,0.012153076506388812,0.05882352941176478,0.03703833333333335,0.06042319477951279,-0.0028541190337341726,0.0
0.0,0.0,-0.5961384515538876,-0.0736054157294357,0.0,0.05555555555555562,0.0,-0.003063836310129867,-0.02841510250130057,0.0012101114582357294,0.16666666666666696,0.04347979206082438,0.03583448899986107,-0.006462099587694277,0.012153076506388812,0.05882352941176478,0.03703833333333335,0.02800560474896767,-0.003520594397287208,0.0
0.0,0.0,-0.574837780924476,-0.06433955685559392,0.0,0.05555555555555562,0.0,0.03951740227564794,-0.020015081457406554,0.0011312656691722122,0.16666666666666696,0.04347979206082438,0.017769194159063816,-0.029937474514068228,0.012153076506388812,0.05882352941176478,0.03703833333333335,0.0138870971015754,-0.016310133202506686,0.0
0.0,0.0,-0.590268309197988,-0.09341145905650539,0.0,0.05555555555555562,0.0,0.03951740227564794,-0.020015081457406554,0.0011312656691722122,0.16666666666666696,0.04347979206082438,-0.013910033009957416,-0.016231706764532686,0.012153076506388812,0.05882352941176478,0.03703833333333335,-0.01087106018236986,-0.008843140703440085,0.0
0.0,0.0,-0.03978753122471899,0.0,0.0,0.11111111111111124,0.0,0.02554940021403778,-0.02841510250130057,0.1583246298247338,0.16666666666666696,0.04347979206082438,-0.036311960726055456,-0.018253590684608783,-0.005328999776949301,0.05882352941176478,0.03703833333333335,-0.028378761582393122,-0.009944676373756926,0.031333773650879984
0.0,0.0,-0.5961384515538876,-0.09163419142036391,0.0,0.05555555555555562,0.0,0.03951740227564794,-0.020015081457406554,0.0011701172174064084,0.16666666666666696,0.04347979206082438,-0.013910033009957416,-0.016231706764532686,0.012153076506388812,0.05882352941176478,0.03703833333333335,-0.01087106018236986,-0.008843140703440085,0.0
0.0,0.0,-0.590268309197988,-0.0736054157294357,0.0,0.05555555555555562,0.041668151042594415,-0.017102197162814418,-0.03720092826954887,0.15516965556959797,0.16666666666666696,0.04347979206082438,-0.008957651849893214,-0.020824838022744777,0.00719625274830322,0.05882352941176478,0.03703833333333335,-0.007000642793816343,-0.011345508850854539,0.028178799395744174
0.0,0.0,-0.07499323794266508,-0.01150287108947126,0.0,0.05555555555555562,0.0,0.03951740227564794,-0.020015081457406554,0.0011701172174064084,0.16666666666666696,0.04347979206082438,-0.08224277992362189,-0.02303928231616149,-0.005328999776949301,0.05882352941176478,0.03703833333333335,-0.06427491649193652,-0.012551952680249194,0.0
0.0,0.0,-0.5816011062250313,-0.07119561360473692,0.0,0.05555555555555562,0.0,-0.017102197162814418,-0.03720092826954887,0.15840461830639246,0.16666666666666696,0.04347979206082438,-0.09013538607475889,-0.05874224094966248,0.005795494375936028,0.05882352941176478,0.03703833333333335,-0.07044319778956772,-0.03200315958690871,0.031413762132538645
0.0,0.0,-0.5961384515538876,-0.09341145905650539,0.0,0.05555555555555562,0.0,0.03951740227564794,-0.020015081457406554,0.0011312656691722122,0.16666666666666696,0.04347979206082438,-0.013910033009957416,-0.016231706764532686,0.012153076506388812,0.05882352941176478,0.03703833333333335,-0.01087106018236986,-0.008843140703440085,0.0
0.0,0.0,-0.6601530840136818,-0.13919769942578214,0.0,0.05555555555555562,0.0,-0.003063836310129867,-0.02841510250130057,0.0012101114582357294,0.16666666666666696,0.04347979206082438,0.035396836386731786,-0.03412849440442211,0.012153076506388812,0.05882352941176478,0.03703833333333335,0.027663567609811056,-0.018593428429494015,0.0
