REL_W,RF_W,INPC_W,PFC_W,WCC_W,REL_D,RF_D,INPC_D,PFC_D,WCC_D,REL_F,RF_F,INPC_F,PFC_F,WCC_F,REL_R,RF_R,INPC_R,PFC_R,WCC_R
-0.25,0.49999437500703137,0.15905968404827442,0.08969161074158151,-0.008313190043770752,0.25,-0.5,-0.03627410410056023,0.005730869935540898,0.0,0.0,0.0,-0.6542416313451672,-0.017651238327243104,-0.049316566429743025,0.0,0.0,0.15905968404827442,0.08969161074158151,-0.049316566429743025
-0.25,0.24999718750351568,0.04795355716268991,0.06294669852000921,-0.17921539165087863,0.25,-0.5,-0.03627410410056023,0.005730869935540898,0.0,0.0,0.0714278826528151,-0.6542416313451672,-0.025964271213966616,-0.049316566429743025,0.0,0.0714278826528151,0.04795355716268991,0.06294669852000921,-0.049316566429743025
-0.25,0.24999718750351568,0.04795355716268991,0.05890224922927471,-0.17921539165087863,0.25,-0.5,0.010343564028148663,0.0077708493254398416,0.0,0.0,0.28571474489812315,-0.6542416313451672,-0.031993503857084875,0.0,0.0,0.28571474489812315,0.04795355716268991,0.05890224922927471,0.0
-0.25,0.0,0.15905968404827442,0.0954906372981493,-0.5215097667733717,0.25,-0.5,-0.03627410410056023,0.0077708493254398416,0.0,0.0,0.0714278826528151,-0.6866704302776028,-0.0371599675192854,-0.0882176052487699,0.0,0.0714278826528151,0.15905968404827442,0.0954906372981493,-0.0882176052487699
-0.25,0.24999718750351568,0.10368662454107913,0.07345433638319175,-0.2020970797674266,0.25,-0.5,0.010343564028148663,0.0077708493254398416,0.0,0.0,0.0714278826528151,-0.6542416313451672,-0.020635403978887468,-0.049316566429743025,0.0,0.0714278826528151,0.10368662454107913,0.07345433638319175,-0.049316566429743025
-0.25,0.24999718750351568,0.13495455629199446,0.07345433638319175,-0.4015809760240413,0.0,-0.5,0.010343564028148663,0.0077708493254398416,0.0,0.0,0.0714278826528151,-0.6542416313451672,-0.008881445391798628,-0.049316566429743025,0.0,0.0714278826528151,0.13495455629199446,0.07345433638319175,-0.049316566429743025
-0.25,0.0,0.11220586437087367,0.07345433638319175,-0.5215097667733717,0.25,-0.5,-0.03627410410056023,0.005730869935540898,0.0,0.0,0.0714278826528151,-0.6542416313451672,-0.025964271213966616,-0.049316566429743025,0.0,0.0714278826528151,0.11220586437087367,0.07345433638319175,-0.049316566429743025
-0.25,0.24999718750351568,0.11220586437087367,0.07345433638319175,-0.4015809760240413,0.25,-0.5,-0.03627410410056023,0.005730869935540898,0.0,0.0,0.0714278826528151,0.02156198597832383,-0.012971985383678455,-0.049316566429743025,0.0,0.0714278826528151,0.11220586437087367,0.07345433638319175,-0.049316566429743025
-0.25,0.24999718750351568,0.10368662454107913,0.07345433638319175,-0.20549421833148226,0.25,-0.5,-0.03627410410056023,0.005730869935540898,0.0,0.0,0.21428686224530785,-0.6542416313451672,-0.03490661794559478,0.0,0.0,0.21428686224530785,0.10368662454107913,0.07345433638319175,0.0
-0.25,0.49999437500703137,0.11953677851493529,0.07741948274665686,0.12360358006140978,0.25,-0.5,-0.03627410410056023,0.005730869935540898,0.0,0.0,0.0714278826528151,-0.7220833566086158,-0.11075923670320738,-0.0882176052487699,0.0,0.0714278826528151,0.11953677851493529,0.07741948274665686,-0.0882176052487699
-0.25,0.0,0.10368662454107913,0.07345433638319175,-0.5215097667733717,0.25,-0.5,-0.03627410410056023,0.0077708493254398416,0.0,0.0,0.0714278826528151,0.02156198597832383,-0.012971985383678455,-0.049316566429743025,0.0,0.0714278826528151,0.10368662454107913,0.07345433638319175,-0.049316566429743025
-0.25,0.24999718750351568,0.13495455629199446,0.07345433638319175,-0.20549421833148226,0.0,-0.5,0.010343564028148663,0.013386050326501817,0.0,0.0,0.0714278826528151,0.09673372488595756,0.10459805115712555,-0.049316566429743025,0.0,0.0714278826528151,0.13495455629199446,0.07876763251023512,-0.049316566429743025
-0.25,0.0,0.14304244919494893,0.07345433638319175,-0.5215097667733717,0.25,-0.5,0.010343564028148663,0.0077708493254398416,0.0,0.0,0.21428686224530785,-0.6542416313451672,-0.020635403978887468,0.0,0.0,0.21428686224530785,0.14304244919494893,0.07345433638319175,0.0
-0.25,0.24999718750351568,0.04795355716268991,0.05675115732709492,-0.17921539165087863,0.0,-0.5,0.010343564028148663,0.013386050326501817,0.0,0.0,0.28571474489812315,-0.6542416313451672,-0.031993503857084875,0.0,0.0,0.28571474489812315,0.04795355716268991,0.05675115732709492,0.0
-0.25,0.49999437500703137,0.14304244919494893,0.07741948274665686,0.12360358006140978,0.25,-0.5,-0.03627410410056023,0.0077708493254398416,0.0,0.0,-0.07142788265281529,0.09673372488595756,0.125121802679659,-0.0882176052487699,0.0,-0.07142788265281529,0.14304244919494893,0.09881144737755138,-0.0882176052487699
-0.25,0.0,0.14304244919494893,0.07741948274665686,-0.5215097667733717,0.25,-0.5,-0.03627410410056023,0.0077708493254398416,0.0,0.0,0.0,0.09673372488595756,0.06739748274462046,-0.049316566429743025,0.0,0.0,0.14304244919494893,0.07741948274665686,-0.049316566429743025
-0.25,0.0,0.15905968404827442,0.08969161074158151,-0.4015809760240413,0.25,-0.5,-0.03627410410056023,0.005730869935540898,0.0,-0.16666666666666666,0.35714262755093823,-0.6542416313451672,-0.03490661794559478,0.033005285219609985,-0.16666666666666666,0.35714262755093823,0.15905968404827442,0.08969161074158151,0.033005285219609985
-0.25,0.0,0.15877947417547675,0.08969161074158151,-0.5215097667733717,0.0,-0.5,0.010343564028148663,0.013386050326501817,0.0,0.0,-0.07142788265281529,-0.6542416313451672,0.030866829070239566,-0.0882176052487699,0.0,-0.07142788265281529,0.15877947417547675,0.08969161074158151,-0.0882176052487699
-0.25,0.24999718750351568,0.10368662454107913,0.07345433638319175,-0.4015809760240413,0.25,-0.5,-0.03627410410056023,0.0077708493254398416,0.0,0.0,-0.07142788265281529,-0.6542416313451672,-0.012971985383678455,-0.0882176052487699,0.0,-0.07142788265281529,0.10368662454107913,0.07345433638319175,-0.0882176052487699
-0.25,0.24999718750351568,0.14304244919494893,0.07741948274665686,-0.20549421833148226,0.25,-0.5,-0.03627410410056023,0.0077708493254398416,0.0,0.0,0.21428686224530785,0.09673372488595756,-0.015651644336175413,0.0,0.0,0.21428686224530785,0.14304244919494893,0.07741948274665686,0.0
-0.25,0.24999718750351568,0.11220586437087367,0.07345433638319175,-0.4015809760240413,0.25,-0.5,-0.03627410410056023,0.005730869935540898,0.0,-0.16666666666666666,0.35714262755093823,-0.6542416313451672,-0.04416362159967513,0.033005285219609985,-0.16666666666666666,0.35714262755093823,0.11220586437087367,0.07345433638319175,0.033005285219609985
-0.25,0.49999437500703137,0.13495455629199446,0.07345433638319175,0.12360358006140978,0.0,-0.5,0.010343564028148663,0.013386050326501817,0.0,0.0,0.21428686224530785,-0.6542416313451672,-0.020635403978887468,0.0,0.0,0.21428686224530785,0.13495455629199446,0.07345433638319175,0.0
-0.25,0.49999437500703137,0.04795355716268991,0.05890224922927471,0.14080159404194154,0.25,-0.5,0.010343564028148663,0.013386050326501817,0.0,0.0,0.0,0.02156198597832383,0.12336581404790904,-0.0882176052487699,0.0,0.0,0.04795355716268991,0.09709652157535263,-0.0882176052487699
-0.25,0.0,0.15905968404827442,0.0954906372981493,-0.4015809760240413,0.25,-0.5,-0.03627410410056023,0.0077708493254398416,0.0,-0.16666666666666666,0.35714262755093823,0.09673372488595756,-0.015651644336175413,0.033005285219609985,-0.16666666666666666,0.35714262755093823,0.15905968404827442,0.0954906372981493,0.033005285219609985
-0.25,0.0,0.10368662454107913,0.07345433638319175,-0.5215097667733717,0.25,-0.5,-0.03627410410056023,0.005730869935540898,0.0,0.0,-0.07142788265281529,0.02156198597832383,0.030866829070239566,-0.0882176052487699,0.0,-0.07142788265281529,0.10368662454107913,0.07345433638319175,-0.0882176052487699
-0.25,0.24999718750351568,0.13495455629199446,0.07345433638319175,-0.20423662376690396,0.0,-0.5,0.010343564028148663,0.0077708493254398416,0.0,0.0,0.21428686224530785,-0.6542416313451672,-0.020635403978887468,0.0,0.0,0.21428686224530785,0.13495455629199446,0.07345433638319175,0.0
-0.25,0.0,0.11220586437087367,0.07345433638319175,-0.5215097667733717,0.25,-0.5,-0.03627410410056023,0.0077708493254398416,0.0,0.0,0.21428686224530785,-0.7220833566086158,-0.16367235079171744,-0.049316566429743025,0.0,0.21428686224530785,0.11220586437087367,0.07345433638319175,-0.049316566429743025
-0.25,0.24999718750351568,0.11220586437087367,0.07345433638319175,-0.20423662376690396,0.0,-0.5,0.010343564028148663,0.013386050326501817,0.0,0.0,0.0,-0.6542416313451672,-0.012971985383678455,-0.0882176052487699,0.0,0.0,0.11220586437087367,0.07345433638319175,-0.0882176052487699
-0.25,0.0,0.15905968404827442,0.08969161074158151,-0.44576010975370745,0.25,-0.5,-0.03627410410056023,0.0077708493254398416,0.0,0.0,0.21428686224530785,-0.6542416313451672,-0.033069427527405576,0.0,0.0,0.21428686224530785,0.15905968404827442,0.08969161074158151,0.0
-0.25,0.0,0.15905968404827442,0.08969161074158151,-0.5215097667733717,0.0,-0.5,0.010343564028148663,0.013386050326501817,0.0,0.0,0.0714278826528151,-0.6542416313451672,-0.008881445391798628,-0.049316566429743025,0.0,0.0714278826528151,0.15905968404827442,0.08969161074158151,-0.049316566429743025
-0.25,0.0,0.15877947417547675,0.08969161074158151,-0.4015809760240413,0.0,-0.5,0.010343564028148663,0.0077708493254398416,0.0,-0.16666666666666666,0.35714262755093823,-0.6542416313451672,-0.020635403978887468,0.033005285219609985,-0.16666666666666666,0.35714262755093823,0.15877947417547675,0.08969161074158151,0.033005285219609985
-0.25,0.24999718750351568,0.11220586437087367,0.07345433638319175,-0.20549421833148226,0.0,-0.5,0.010343564028148663,0.0077708493254398416,0.0,0.0,0.0714278826528151,-0.6866704302776028,-0.04829476248477465,-0.0882176052487699,0.0,0.0714278826528151,0.11220586437087367,0.07345433638319175,-0.0882176052487699
-0.25,0.0,0.15905968404827442,0.0954906372981493,-0.4015809760240413,0.25,-0.5,-0.03627410410056023,0.0077708493254398416,0.0,0.0,0.0714278826528151,-0.7220833566086158,-0.07820747056435232,-0.0882176052487699,0.0,0.0714278826528151,0.15905968404827442,0.0954906372981493,-0.0882176052487699
-0.25,0.0,0.15877947417547675,0.08969161074158151,-0.4015809760240413,0.25,-0.5,-0.03627410410056023,0.0077708493254398416,0.0,0.0,0.0,0.09673372488595756,0.06739748274462046,-0.049316566429743025,0.0,0.0,0.15877947417547675,0.08969161074158151,-0.049316566429743025
-0.25,0.24999718750351568,0.14304244919494893,0.07741948274665686,-0.20423662376690396,0.25,-0.5,-0.03627410410056023,0.005730869935540898,0.0,0.0,-0.07142788265281529,-0.6542416313451672,-0.009429557450263899,-0.0882176052487699,0.0,-0.07142788265281529,0.14304244919494893,0.07741948274665686,-0.0882176052487699
-0.25,0.0,0.15905968404827442,0.10322267270690635,-0.5215097667733717,0.25,-0.5,-0.03627410410056023,0.005730869935540898,0.0,0.0,0.21428686224530785,0.09673372488595756,-0.015651644336175413,0.0,0.0,0.21428686224530785,0.15905968404827442,0.10322267270690635,0.0
-0.25,0.24999718750351568,0.04795355716268991,0.06294669852000921,-0.17921539165087863,0.0,-0.5,0.010343564028148663,0.013386050326501817,0.0,0.0,0.0,0.02156198597832383,0.12336581404790904,-0.0882176052487699,0.0,0.0,0.04795355716268991,0.09709652157535263,-0.0882176052487699
-0.25,0.0,0.15877947417547675,0.08969161074158151,-0.4015809760240413,0.0,-0.5,0.010343564028148663,0.013386050326501817,0.0,0.0,0.21428686224530785,0.09673372488595756,-0.012971985383678455,0.0,0.0,0.21428686224530785,0.15877947417547675,0.08969161074158151,0.0
-0.25,0.0,0.15905968404827442,0.08969161074158151,-0.5215097667733717,0.25,-0.5,-0.03627410410056023,0.005730869935540898,0.0,0.0,-0.07142788265281529,0.09673372488595756,0.125121802679659,-0.0882176052487699,0.0,-0.07142788265281529,0.15905968404827442,0.09881144737755138,-0.0882176052487699
-0.25,0.0,0.15905968404827442,0.08969161074158151,-0.4015809760240413,0.0,-0.5,0.010343564028148663,0.0077708493254398416,0.0,0.0,0.0714278826528151,-0.6542416313451672,-0.008881445391798628,-0.049316566429743025,0.0,0.0714278826528151,0.15905968404827442,0.08969161074158151,-0.049316566429743025
-0.25,0.24999718750351568,0.15905968404827442,0.10322267270690635,-0.4015809760240413,0.25,-0.5,-0.03627410410056023,0.005730869935540898,0.0,-0.16666666666666666,0.35714262755093823,-0.6542416313451672,-0.03490661794559478,0.033005285219609985,-0.16666666666666666,0.35714262755093823,0.15905968404827442,0.10322267270690635,0.033005285219609985
-0.25,0.24999718750351568,0.04795355716268991,0.05890224922927471,-0.4015809760240413,0.0,-0.5,0.010343564028148663,0.013386050326501817,0.0,0.0,0.0,-0.6542416313451672,-0.012971985383678455,-0.0882176052487699,0.0,0.0,0.04795355716268991,0.05890224922927471,-0.0882176052487699
-0.25,0.24999718750351568,0.14304244919494893,0.07741948274665686,-0.4015809760240413,0.25,-0.5,-0.03627410410056023,0.005730869935540898,0.0,0.0,0.21428686224530785,0.09673372488595756,-0.015651644336175413,0.0,0.0,0.21428686224530785,0.14304244919494893,0.07741948274665686,0.0
-0.25,0.24999718750351568,0.11220586437087367,0.07345433638319175,-0.20549421833148226,0.25,-0.5,-0.03627410410056023,0.005730869935540898,0.0,0.0,0.0714278826528151,0.02156198597832383,-0.012971985383678455,-0.049316566429743025,0.0,0.0714278826528151,0.11220586437087367,0.07345433638319175,-0.049316566429743025
-0.25,0.0,0.15905968404827442,0.08969161074158151,-0.4015809760240413,0.0,-0.5,0.010343564028148663,0.0077708493254398416,0.0,0.0,0.21428686224530785,0.09673372488595756,-0.012971985383678455,0.0,0.0,0.21428686224530785,0.15905968404827442,0.08969161074158151,0.0
-0.25,0.24999718750351568,0.15905968404827442,0.10322267270690635,-0.4015809760240413,0.0,-0.5,0.010343564028148663,0.0077708493254398416,0.0,0.0,-0.07142788265281529,-0.6542416313451672,0.030866829070239566,-0.0882176052487699,0.0,-0.07142788265281529,0.15905968404827442,0.10322267270690635,-0.0882176052487699
-0.25,0.24999718750351568,0.04795355716268991,0.05890224922927471,-0.17921539165087863,0.0,-0.5,0.010343564028148663,0.013386050326501817,0.0,0.0,0.0714278826528151,-0.6542416313451672,-0.020635403978887468,-0.049316566429743025,0.0,0.0714278826528151,0.04795355716268991,0.05890224922927471,-0.049316566429743025
-0.25,0.0,0.11220586437087367,0.07345433638319175,-0.5215097667733717,0.0,-0.5,0.010343564028148663,0.013386050326501817,0.0,0.0,0.0,-0.6542416313451672,-0.012971985383678455,-0.0882176052487699,0.0,0.0,0.11220586437087367,0.07345433638319175,-0.0882176052487699
-0.25,0.24999718750351568,0.04795355716268991,0.06294669852000921,-0.4015809760240413,0.25,-0.5,0.010343564028148663,0.013386050326501817,0.0,0.0,0.0,-0.6542416313451672,-0.012971985383678455,-0.0882176052487699,0.0,0.0,0.04795355716268991,0.06294669852000921,-0.0882176052487699
-0.25,0.24999718750351568,0.15905968404827442,0.08969161074158151,-0.4015809760240413,0.25,-0.5,-0.03627410410056023,0.005730869935540898,0.0,0.0,0.0,0.09673372488595756,0.06739748274462046,-0.049316566429743025,0.0,0.0,0.15905968404827442,0.08969161074158151,-0.049316566429743025
-0.25,0.0,0.15905968404827442,0.10322267270690635,-0.5215097667733717,0.0,-0.5,0.010343564028148663,0.013386050326501817,0.0,0.0,-0.07142788265281529,0.09673372488595756,0.17873528217620788,-0.0882176052487699,0.0,-0.07142788265281529,0.15905968404827442,0.15117120510710852,-0.0882176052487699
-0.25,0.49999437500703137,0.15905968404827442,0.08969161074158151,-0.008313190043770752,0.25,-0.5,-0.03627410410056023,0.0077708493254398416,0.0,-0.16666666666666666,0.35714262755093823,-0.6542416313451672,-0.03490661794559478,0.033005285219609985,-0.16666666666666666,0.35714262755093823,0.15905968404827442,0.08969161074158151,0.033005285219609985
-0.25,0.0,0.15905968404827442,0.10322267270690635,-0.4015809760240413,0.25,-0.5,0.010343564028148663,0.011346070936602873,0.0,0.0,0.21428686224530785,-0.6542416313451672,-0.020635403978887468,0.0,0.0,0.21428686224530785,0.15905968404827442,0.10322267270690635,0.0
-0.25,0.49999437500703137,0.14304244919494893,0.07345433638319175,0.12360358006140978,0.0,-0.5,0.010343564028148663,0.013386050326501817,0.0,0.0,0.21428686224530785,0.09673372488595756,-0.012971985383678455,0.0,0.0,0.21428686224530785,0.14304244919494893,0.07345433638319175,0.0
-0.25,0.24999718750351568,0.04795355716268991,0.05890224922927471,-0.44576010975370745,0.0,-0.5,0.010343564028148663,0.013386050326501817,0.0,0.0,0.0,-0.6542416313451672,-0.012971985383678455,-0.0882176052487699,0.0,0.0,0.04795355716268991,0.05890224922927471,-0.0882176052487699
-0.25,0.0,0.04795355716268991,0.05890224922927471,-0.5215097667733717,0.25,-0.5,-0.03627410410056023,0.0077708493254398416,0.0,0.0,0.0714278826528151,0.02156198597832383,-0.012971985383678455,-0.049316566429743025,0.0,0.0714278826528151,0.04795355716268991,0.05890224922927471,-0.049316566429743025
-0.25,0.49999437500703137,0.04795355716268991,0.05890224922927471,0.14080159404194154,0.0,-0.5,0.010343564028148663,0.013386050326501817,0.0,0.0,0.0,0.02156198597832383,0.12336581404790904,-0.0882176052487699,0.0,0.0,0.04795355716268991,0.09709652157535263,-0.0882176052487699
-0.25,0.0,0.04795355716268991,0.06294669852000921,-0.5215097667733717,0.0,-0.5,0.010343564028148663,0.0077708493254398416,0.0,0.0,-0.07142788265281529,0.02156198597832383,0.12336581404790904,-0.0882176052487699,0.0,-0.07142788265281529,0.04795355716268991,0.09709652157535263,-0.0882176052487699
-0.25,0.0,0.14304244919494893,0.07345433638319175,-0.5215097667733717,0.0,-0.5,0.010343564028148663,0.0077708493254398416,0.0,0.0,0.21428686224530785,-0.6542416313451672,-0.020635403978887468,0.0,0.0,0.21428686224530785,0.14304244919494893,0.07345433638319175,0.0
-0.25,0.24999718750351568,0.14304244919494893,0.07345433638319175,-0.20549421833148226,0.0,-0.5,0.010343564028148663,0.013386050326501817,0.0,0.0,0.0714278826528151,-0.6542416313451672,-0.008881445391798628,-0.049316566429743025,0.0,0.0714278826528151,0.14304244919494893,0.07345433638319175,-0.049316566429743025
-0.25,0.24999718750351568,0.14304244919494893,0.07345433638319175,-0.4015809760240413,0.0,-0.5,0.010343564028148663,0.0077708493254398416,0.0,0.0,0.0714278826528151,-0.6542416313451672,-0.008881445391798628,-0.049316566429743025,0.0,0.0714278826528151,0.14304244919494893,0.07345433638319175,-0.049316566429743025
-0.25,0.24999718750351568,0.14304244919494893,0.07741948274665686,-0.4015809760240413,0.25,-0.5,-0.03627410410056023,0.005730869935540898,0.0,0.0,0.21428686224530785,0.09673372488595756,-0.015651644336175413,0.0,0.0,0.21428686224530785,0.14304244919494893,0.07741948274665686,0.0
-0.25,0.0,0.15905968404827442,0.08969161074158151,-0.4015809760240413,0.25,-0.5,-0.03627410410056023,0.006561583192252279,0.0,0.0,0.21428686224530785,-0.6542416313451672,-0.033069427527405576,0.0,0.0,0.21428686224530785,0.15905968404827442,0.08969161074158151,0.0
-0.25,0.0,0.11220586437087367,0.07345433638319175,-0.5215097667733717,0.0,-0.5,0.010343564028148663,0.0077708493254398416,0.0,0.0,0.0714278826528151,-0.6542416313451672,-0.020635403978887468,-0.049316566429743025,0.0,0.0714278826528151,0.11220586437087367,0.07345433638319175,-0.049316566429743025
-0.25,0.24999718750351568,0.04795355716268991,0.06294669852000921,-0.4015809760240413,0.25,-0.5,-0.03627410410056023,0.005730869935540898,0.0,0.0,0.21428686224530785,-0.6542416313451672,-0.03490661794559478,0.0,0.0,0.21428686224530785,0.04795355716268991,0.06294669852000921,0.0
-0.25,0.24999718750351568,0.04795355716268991,0.05890224922927471,-0.4015809760240413,0.0,-0.5,0.010343564028148663,0.0077708493254398416,0.0,0.0,0.0714278826528151,-0.6542416313451672,-0.020635403978887468,-0.049316566429743025,0.0,0.0714278826528151,0.04795355716268991,0.05890224922927471,-0.049316566429743025
-0.25,0.0,0.15905968404827442,0.10322267270690635,-0.5215097667733717,0.25,-0.5,-0.03627410410056023,0.005730869935540898,0.0,0.0,-0.07142788265281529,0.09673372488595756,0.125121802679659,-0.0882176052487699,0.0,-0.07142788265281529,0.15905968404827442,0.10322267270690635,-0.0882176052487699
-0.25,0.24999718750351568,0.13495455629199446,0.07345433638319175,-0.2781407199320572,0.0,-0.5,0.010343564028148663,0.0077708493254398416,0.0,0.0,0.0714278826528151,-0.6542416313451672,-0.008881445391798628,-0.049316566429743025,0.0,0.0714278826528151,0.13495455629199446,0.07345433638319175,-0.049316566429743025
-0.25,0.24999718750351568,0.13495455629199446,0.07345433638319175,-0.2020970797674266,0.25,-0.5,0.010343564028148663,0.0077708493254398416,0.0,0.0,0.0714278826528151,-0.6542416313451672,-0.008881445391798628,-0.049316566429743025,0.0,0.0714278826528151,0.13495455629199446,0.07345433638319175,-0.049316566429743025
-0.25,0.24999718750351568,0.04795355716268991,0.05890224922927471,-0.4015809760240413,0.25,-0.5,-0.03627410410056023,0.0077708493254398416,0.0,0.0,0.0714278826528151,-0.6542416313451672,-0.025964271213966616,-0.049316566429743025,0.0,0.0714278826528151,0.04795355716268991,0.05890224922927471,-0.049316566429743025
-0.25,0.0,0.13495455629199446,0.07345433638319175,-0.5215097667733717,0.0,-0.5,0.010343564028148663,0.013386050326501817,0.0,-0.16666666666666666,0.35714262755093823,-0.6542416313451672,-0.020635403978887468,0.033005285219609985,-0.16666666666666666,0.35714262755093823,0.13495455629199446,0.07345433638319175,0.033005285219609985
-0.25,0.24999718750351568,0.14304244919494893,0.07345433638319175,-0.4015809760240413,0.0,-0.5,0.010343564028148663,0.0077708493254398416,0.0,0.0,0.21428686224530785,0.09673372488595756,-0.012971985383678455,0.0,0.0,0.21428686224530785,0.14304244919494893,0.07345433638319175,0.0
-0.25,0.49999437500703137,0.11220586437087367,0.07345433638319175,0.12360358006140978,0.25,-0.5,-0.03627410410056023,0.005730869935540898,0.0,0.0,0.0714278826528151,-0.6542416313451672,-0.025964271213966616,-0.049316566429743025,0.0,0.0714278826528151,0.11220586437087367,0.07345433638319175,-0.049316566429743025
-0.25,0.49999437500703137,0.15905968404827442,0.0954906372981493,-0.008313190043770752,0.25,-0.5,-0.03627410410056023,0.005730869935540898,0.0,0.0,0.0,-0.6542416313451672,-0.017651238327243104,-0.049316566429743025,0.0,0.0,0.15905968404827442,0.0954906372981493,-0.049316566429743025
-0.25,0.24999718750351568,0.13495455629199446,0.07741948274665686,-0.20549421833148226,0.25,-0.5,-0.03627410410056023,0.005730869935540898,0.0,0.0,0.0,0.09673372488595756,0.06739748274462046,-0.049316566429743025,0.0,0.0,0.13495455629199446,0.07741948274665686,-0.049316566429743025
-0.25,0.24999718750351568,0.14304244919494893,0.07741948274665686,-0.4015809760240413,0.25,-0.5,-0.03627410410056023,0.005730869935540898,0.0,0.0,0.0,0.09673372488595756,0.06739748274462046,-0.049316566429743025,0.0,0.0,0.14304244919494893,0.07741948274665686,-0.049316566429743025
-0.25,0.24999718750351568,0.11220586437087367,0.07345433638319175,-0.4015809760240413,0.25,-0.5,-0.03627410410056023,0.0077708493254398416,0.0,0.0,0.21428686224530785,0.02156198597832383,-0.023924076329679234,0.0,0.0,0.21428686224530785,0.11220586437087367,0.07345433638319175,0.0
-0.25,0.24999718750351568,0.15018543678523827,0.07741948274665686,-0.4015809760240413,0.0,-0.5,0.010343564028148663,0.013386050326501817,0.0,0.0,0.21428686224530785,-0.6542416313451672,-0.020635403978887468,0.0,0.0,0.21428686224530785,0.15018543678523827,0.07741948274665686,0.0
-0.25,0.24999718750351568,0.021288666571660893,0.07345433638319175,-0.4015809760240413,0.0,-0.5,0.06317575967993935,0.02350182441455747,0.0,0.0,0.28571474489812315,0.12325266018524227,-0.012971985383678455,0.0,0.0,0.28571474489812315,0.021288666571660893,0.07345433638319175,0.0
-0.25,0.49999437500703137,0.10368662454107913,0.07345433638319175,0.12360358006140978,0.0,-0.5,0.010343564028148663,0.013386050326501817,0.0,0.0,0.0,0.02156198597832383,0.12336581404790904,-0.0882176052487699,0.0,0.0,0.10368662454107913,0.09709652157535263,-0.0882176052487699
-0.25,0.49999437500703137,0.13495455629199446,0.07345433638319175,0.12360358006140978,0.25,-0.5,0.010343564028148663,0.0077708493254398416,0.0,0.0,0.0,-0.7220833566086158,-0.05783597239139256,-0.0882176052487699,0.0,0.0,0.13495455629199446,0.07345433638319175,-0.0882176052487699
-0.25,0.24999718750351568,0.10368662454107913,0.07345433638319175,-0.4015809760240413,0.25,-0.5,0.010343564028148663,0.011346070936602873,0.0,0.0,0.28571474489812315,-0.6542416313451672,-0.031993503857084875,0.0,0.0,0.28571474489812315,0.10368662454107913,0.07345433638319175,0.0
-0.25,0.0,0.15905968404827442,0.10322267270690635,-0.4015809760240413,0.25,-0.5,-0.03627410410056023,0.005730869935540898,0.0,0.0,0.21428686224530785,-0.6542416313451672,-0.033069427527405576,0.0,0.0,0.21428686224530785,0.15905968404827442,0.10322267270690635,0.0
-0.25,0.24999718750351568,0.11220586437087367,0.07345433638319175,-0.20549421833148226,0.0,-0.5,0.010343564028148663,0.013386050326501817,0.0,0.0,0.0714278826528151,-0.6542416313451672,-0.020635403978887468,-0.049316566429743025,0.0,0.0714278826528151,0.11220586437087367,0.07345433638319175,-0.049316566429743025
-0.25,0.0,0.15905968404827442,0.0954906372981493,-0.5215097667733717,0.0,-0.5,0.010343564028148663,0.013386050326501817,0.0,0.0,0.0714278826528151,-0.6542416313451672,-0.008881445391798628,-0.049316566429743025,0.0,0.0714278826528151,0.15905968404827442,0.0954906372981493,-0.049316566429743025
-0.25,0.0,0.04795355716268991,0.05890224922927471,-0.5215097667733717,0.25,-0.5,0.010343564028148663,0.0077708493254398416,0.0,0.0,0.0714278826528151,-0.6542416313451672,-0.020635403978887468,-0.049316566429743025,0.0,0.0714278826528151,0.04795355716268991,0.05890224922927471,-0.049316566429743025
-0.25,0.24999718750351568,0.04795355716268991,0.05890224922927471,-0.4015809760240413,0.25,-0.5,-0.03627410410056023,0.005730869935540898,0.0,0.0,0.0714278826528151,-0.7220833566086158,-0.11075923670320738,-0.0882176052487699,0.0,0.0714278826528151,0.04795355716268991,0.05890224922927471,-0.0882176052487699
-0.25,0.0,0.04795355716268991,0.06294669852000921,-0.5215097667733717,0.25,-0.5,-0.03627410410056023,0.005730869935540898,0.0,0.0,0.28571474489812315,-0.6866704302776028,-0.1637637028014616,0.0,0.0,0.28571474489812315,0.04795355716268991,0.06294669852000921,0.0
-0.25,0.24999718750351568,0.11220586437087367,0.07345433638319175,-0.4015809760240413,0.25,-0.5,-0.03627410410056023,0.0077708493254398416,0.0,0.0,0.21428686224530785,0.02156198597832383,-0.023924076329679234,0.0,0.0,0.21428686224530785,0.11220586437087367,0.07345433638319175,0.0
-0.25,0.0,0.15905968404827442,0.08969161074158151,-0.4015809760240413,0.25,-0.5,0.010343564028148663,0.013386050326501817,0.0,0.0,0.0714278826528151,-0.6542416313451672,-0.008881445391798628,-0.049316566429743025,0.0,0.0714278826528151,0.15905968404827442,0.08969161074158151,-0.049316566429743025
-0.25,0.0,0.04795355716268991,0.06294669852000921,-0.5215097667733717,0.0,-0.5,0.010343564028148663,0.013386050326501817,0.0,0.0,0.0,-0.6542416313451672,-0.012971985383678455,-0.0882176052487699,0.0,0.0,0.04795355716268991,0.06294669852000921,-0.0882176052487699
-0.25,0.24999718750351568,0.11220586437087367,0.07345433638319175,-0.18909649180113672,0.25,-0.5,-0.03627410410056023,0.005730869935540898,0.0,0.0,-0.07142788265281529,0.02156198597832383,0.030866829070239566,-0.0882176052487699,0.0,-0.07142788265281529,0.11220586437087367,0.07345433638319175,-0.0882176052487699
-0.25,0.24999718750351568,0.15905968404827442,0.08969161074158151,-0.4015809760240413,0.25,-0.5,-0.03627410410056023,0.005730869935540898,0.0,-0.16666666666666666,0.35714262755093823,0.09673372488595756,-0.015651644336175413,0.033005285219609985,-0.16666666666666666,0.35714262755093823,0.15905968404827442,0.08969161074158151,0.033005285219609985
-0.25,0.0,0.15905968404827442,0.0954906372981493,-0.4015809760240413,0.25,-0.5,-0.03627410410056023,0.005730869935540898,0.0,-0.16666666666666666,0.35714262755093823,0.09673372488595756,-0.015651644336175413,0.033005285219609985,-0.16666666666666666,0.35714262755093823,0.15905968404827442,0.0954906372981493,0.033005285219609985
-0.25,0.0,0.13495455629199446,0.07345433638319175,-0.5215097667733717,0.0,-0.5,0.010343564028148663,0.013386050326501817,0.0,0.0,0.21428686224530785,0.09673372488595756,-0.012971985383678455,0.0,0.0,0.21428686224530785,0.13495455629199446,0.07345433638319175,0.0
-0.25,0.49999437500703137,0.15905968404827442,0.0954906372981493,-0.008313190043770752,0.0,-0.5,0.010343564028148663,0.013386050326501817,0.0,0.0,-0.07142788265281529,0.09673372488595756,0.17873528217620788,-0.0882176052487699,0.0,-0.07142788265281529,0.15905968404827442,0.15117120510710852,-0.0882176052487699
-0.25,0.24999718750351568,0.04795355716268991,0.05890224922927471,-0.17921539165087863,0.0,-0.5,0.010343564028148663,0.0077708493254398416,0.0,0.0,0.0714278826528151,-0.6542416313451672,-0.020635403978887468,-0.049316566429743025,0.0,0.0714278826528151,0.04795355716268991,0.05890224922927471,-0.049316566429743025
-0.25,0.0,0.11220586437087367,0.07345433638319175,-0.5215097667733717,0.25,-0.5,-0.03627410410056023,0.005730869935540898,0.0,0.0,0.0714278826528151,-0.6866704302776028,-0.08327243199350388,-0.0882176052487699,0.0,0.0714278826528151,0.11220586437087367,0.07345433638319175,-0.0882176052487699
-0.25,0.24999718750351568,0.04795355716268991,0.05675115732709492,-0.4015809760240413,0.25,-0.5,-0.03627410410056023,0.0077708493254398416,0.0,0.0,0.21428686224530785,0.02156198597832383,-0.023924076329679234,0.0,0.0,0.21428686224530785,0.04795355716268991,0.05675115732709492,0.0
-0.25,0.24999718750351568,0.11220586437087367,0.07345433638319175,-0.4015809760240413,0.0,-0.5,0.010343564028148663,0.013386050326501817,0.0,0.0,0.28571474489812315,0.02156198597832383,-0.015651644336175413,0.0,0.0,0.28571474489812315,0.11220586437087367,0.07345433638319175,0.0
-0.25,0.24999718750351568,0.11220586437087367,0.07345433638319175,-0.20549421833148226,0.25,-0.5,-0.03627410410056023,0.005730869935540898,0.0,0.0,0.21428686224530785,-0.6542416313451672,-0.03490661794559478,0.0,0.0,0.21428686224530785,0.11220586437087367,0.07345433638319175,0.0
-0.25,0.0,0.04795355716268991,0.06294669852000921,-0.5215097667733717,0.25,-0.5,-0.03627410410056023,0.005730869935540898,0.0,0.0,0.0714278826528151,0.02156198597832383,-0.012971985383678455,-0.049316566429743025,0.0,0.0714278826528151,0.04795355716268991,0.06294669852000921,-0.049316566429743025
-0.25,0.24999718750351568,0.04795355716268991,0.05890224922927471,-0.4015809760240413,0.0,-0.5,0.010343564028148663,0.013386050326501817,0.0,0.0,0.0714278826528151,-0.6542416313451672,-0.020635403978887468,-0.049316566429743025,0.0,0.0714278826528151,0.04795355716268991,0.05890224922927471,-0.049316566429743025
-0.25,0.24999718750351568,0.13495455629199446,0.07345433638319175,-0.20423662376690396,0.0,-0.5,0.010343564028148663,0.0077708493254398416,0.0,0.0,0.0714278826528151,-0.6542416313451672,-0.008881445391798628,-0.049316566429743025,0.0,0.0714278826528151,0.13495455629199446,0.07345433638319175,-0.049316566429743025
-0.25,0.49999437500703137,0.10368662454107913,0.07345433638319175,0.12360358006140978,0.0,-0.5,0.010343564028148663,0.0077708493254398416,0.0,0.0,0.28571474489812315,-0.6363977354107143,-0.020635403978887468,0.0,0.0,0.28571474489812315,0.10368662454107913,0.07345433638319175,0.0
-0.25,0.24999718750351568,0.15905968404827442,0.10322267270690635,-0.4015809760240413,0.0,-0.5,0.010343564028148663,0.0077708493254398416,0.0,0.0,0.21428686224530785,0.09673372488595756,-0.012971985383678455,0.0,0.0,0.21428686224530785,0.15905968404827442,0.10322267270690635,0.0
-0.25,0.0,0.10368662454107913,0.07345433638319175,-0.5215097667733717,0.25,-0.5,-0.03627410410056023,0.0077708493254398416,0.0,0.0,-0.07142788265281529,-0.6542416313451672,-0.012971985383678455,-0.0882176052487699,0.0,-0.07142788265281529,0.10368662454107913,0.07345433638319175,-0.0882176052487699
-0.25,0.24999718750351568,0.11220586437087367,0.07345433638319175,-0.4015809760240413,0.25,-0.5,-0.03627410410056023,0.0077708493254398416,0.0,0.0,-0.07142788265281529,0.02156198597832383,0.030866829070239566,-0.0882176052487699,0.0,-0.07142788265281529,0.11220586437087367,0.07345433638319175,-0.0882176052487699
-0.25,0.0,0.15905968404827442,0.0954906372981493,-0.5215097667733717,0.25,-0.5,-0.03627410410056023,0.0077708493254398416,0.0,0.0,0.0,0.09673372488595756,0.06739748274462046,-0.049316566429743025,0.0,0.0,0.15905968404827442,0.0954906372981493,-0.049316566429743025
-0.25,0.24999718750351568,0.14304244919494893,0.07345433638319175,-0.20549421833148226,0.0,-0.5,0.010343564028148663,0.0077708493254398416,0.0,0.0,0.0714278826528151,-0.6542416313451672,-0.008881445391798628,-0.049316566429743025,0.0,0.0714278826528151,0.14304244919494893,0.07345433638319175,-0.049316566429743025
-0.25,0.24999718750351568,0.04795355716268991,0.05675115732709492,-0.17921539165087863,0.0,-0.5,0.010343564028148663,0.0077708493254398416,0.0,0.0,0.0714278826528151,-0.6542416313451672,-0.020635403978887468,-0.049316566429743025,0.0,0.0714278826528151,0.04795355716268991,0.05675115732709492,-0.049316566429743025
-0.25,0.0,0.15905968404827442,0.10322267270690635,-0.4015809760240413,0.25,-0.5,-0.03627410410056023,0.005730869935540898,0.0,0.0,-0.07142788265281529,-0.6542416313451672,-0.009429557450263899,-0.0882176052487699,0.0,-0.07142788265281529,0.15905968404827442,0.10322267270690635,-0.0882176052487699
-0.25,0.24999718750351568,0.04795355716268991,0.06294669852000921,-0.4015809760240413,0.25,-0.5,-0.03627410410056023,0.005730869935540898,0.0,0.0,0.0714278826528151,-0.7220833566086158,-0.11075923670320738,-0.0882176052487699,0.0,0.0714278826528151,0.04795355716268991,0.06294669852000921,-0.0882176052487699
-0.25,0.24999718750351568,0.10368662454107913,0.07345433638319175,-0.20423662376690396,0.25,-0.5,-0.03627410410056023,0.005730869935540898,0.0,0.0,0.21428686224530785,0.02156198597832383,-0.023924076329679234,0.0,0.0,0.21428686224530785,0.10368662454107913,0.07345433638319175,0.0
-0.25,0.24999718750351568,0.13495455629199446,0.07345433638319175,-0.4015809760240413,0.0,-0.5,0.010343564028148663,0.013386050326501817,0.0,0.0,0.0714278826528151,0.09673372488595756,0.10459805115712555,-0.049316566429743025,0.0,0.0714278826528151,0.13495455629199446,0.07876763251023512,-0.049316566429743025
-0.25,0.0,0.11220586437087367,0.07345433638319175,-0.5215097667733717,0.0,-0.5,0.010343564028148663,0.0077708493254398416,0.0,0.0,0.0714278826528151,-0.6363977354107143,-0.013276492082825718,-0.049316566429743025,0.0,0.0714278826528151,0.11220586437087367,0.07345433638319175,-0.049316566429743025
-0.25,0.24999718750351568,0.04795355716268991,0.05675115732709492,-0.17921539165087863,0.25,-0.5,-0.03627410410056023,0.0077708493254398416,0.0,0.0,0.0714278826528151,0.02156198597832383,-0.012971985383678455,-0.049316566429743025,0.0,0.0714278826528151,0.04795355716268991,0.05675115732709492,-0.049316566429743025
-0.25,0.49999437500703137,0.10368662454107913,0.07345433638319175,0.12360358006140978,0.0,-0.5,0.010343564028148663,0.013386050326501817,0.0,0.0,0.0714278826528151,0.02156198597832383,0.06739748274462046,-0.049316566429743025,0.0,0.0714278826528151,0.10368662454107913,0.07345433638319175,-0.049316566429743025
-0.25,0.24999718750351568,0.04795355716268991,0.05675115732709492,-0.17921539165087863,0.0,-0.5,0.010343564028148663,0.0077708493254398416,0.0,0.0,0.0714278826528151,-0.6542416313451672,-0.020635403978887468,-0.049316566429743025,0.0,0.0714278826528151,0.04795355716268991,0.05675115732709492,-0.049316566429743025
-0.25,0.49999437500703137,0.13495455629199446,0.07345433638319175,0.12360358006140978,0.0,-0.5,0.010343564028148663,0.0077708493254398416,0.0,0.0,0.0714278826528151,0.09673372488595756,0.10459805115712555,-0.049316566429743025,0.0,0.0714278826528151,0.13495455629199446,0.07876763251023512,-0.049316566429743025
-0.25,0.0,0.13495455629199446,0.07741948274665686,-0.5215097667733717,0.25,-0.5,-0.03627410410056023,0.005730869935540898,0.0,0.0,-0.07142788265281529,-0.6542416313451672,-0.009429557450263899,-0.0882176052487699,0.0,-0.07142788265281529,0.13495455629199446,0.07741948274665686,-0.0882176052487699
-0.25,0.24999718750351568,0.04795355716268991,0.05890224922927471,-0.17921539165087863,0.25,-0.5,-0.03627410410056023,0.0077708493254398416,0.0,0.0,0.28571474489812315,-0.6866704302776028,-0.1570747056435242,0.0,0.0,0.28571474489812315,0.04795355716268991,0.05890224922927471,0.0
-0.25,0.24999718750351568,0.13495455629199446,0.07741948274665686,-0.4015809760240413,0.25,-0.5,-0.03627410410056023,0.005730869935540898,0.0,0.0,0.21428686224530785,-0.6363977354107143,-0.023924076329679234,0.0,0.0,0.21428686224530785,0.13495455629199446,0.07741948274665686,0.0
-0.25,0.24999718750351568,0.10368662454107913,0.07345433638319175,-0.4015809760240413,0.25,-0.5,-0.03627410410056023,0.0077708493254398416,0.0,0.0,0.21428686224530785,-0.6542416313451672,-0.03490661794559478,0.0,0.0,0.21428686224530785,0.10368662454107913,0.07345433638319175,0.0
-0.25,0.0,0.13495455629199446,0.07345433638319175,-0.5215097667733717,0.0,-0.5,0.010343564028148663,0.0077708493254398416,0.0,0.0,-0.07142788265281529,0.09673372488595756,0.17873528217620788,-0.0882176052487699,0.0,-0.07142788265281529,0.13495455629199446,0.15117120510710852,-0.0882176052487699
-0.25,0.49999437500703137,0.13495455629199446,0.07345433638319175,0.12360358006140978,0.0,-0.5,0.010343564028148663,0.013386050326501817,0.0,0.0,0.0714278826528151,-0.6542416313451672,-0.008881445391798628,-0.049316566429743025,0.0,0.0714278826528151,0.13495455629199446,0.07345433638319175,-0.049316566429743025
-0.25,0.24999718750351568,0.15905968404827442,0.10322267270690635,-0.44576010975370745,0.25,-0.5,-0.03627410410056023,0.0077708493254398416,0.0,-0.16666666666666666,0.35714262755093823,-0.6542416313451672,-0.03490661794559478,0.033005285219609985,-0.16666666666666666,0.35714262755093823,0.15905968404827442,0.10322267270690635,0.033005285219609985
-0.25,0.0,0.13495455629199446,0.07741948274665686,-0.5215097667733717,0.25,-0.5,-0.03627410410056023,0.0077708493254398416,0.0,0.0,0.21428686224530785,0.09673372488595756,-0.015651644336175413,0.0,0.0,0.21428686224530785,0.13495455629199446,0.07741948274665686,0.0
-0.25,0.24999718750351568,0.04795355716268991,0.05890224922927471,-0.44576010975370745,0.0,-0.5,0.010343564028148663,0.013386050326501817,0.0,0.0,0.0,0.02156198597832383,0.12336581404790904,-0.0882176052487699,0.0,0.0,0.04795355716268991,0.09709652157535263,-0.0882176052487699
-0.25,0.0,0.11220586437087367,0.07345433638319175,-0.5215097667733717,0.25,-0.5,-0.03627410410056023,0.005730869935540898,0.0,0.0,0.0714278826528151,0.02156198597832383,-0.012971985383678455,-0.049316566429743025,0.0,0.0714278826528151,0.11220586437087367,0.07345433638319175,-0.049316566429743025
-0.25,0.0,0.11220586437087367,0.07345433638319175,-0.5215097667733717,0.25,-0.5,-0.03627410410056023,0.0077708493254398416,0.0,0.0,-0.07142788265281529,-0.6542416313451672,-0.012971985383678455,-0.0882176052487699,0.0,-0.07142788265281529,0.11220586437087367,0.07345433638319175,-0.0882176052487699
-0.25,0.24999718750351568,0.13495455629199446,0.07345433638319175,-0.4015809760240413,0.0,-0.5,0.010343564028148663,0.0077708493254398416,0.0,0.0,0.0714278826528151,0.09673372488595756,0.10459805115712555,-0.049316566429743025,0.0,0.0714278826528151,0.13495455629199446,0.07876763251023512,-0.049316566429743025
-0.25,0.24999718750351568,0.04795355716268991,0.05890224922927471,-0.2781407199320572,0.25,-0.5,-0.03627410410056023,0.0077708493254398416,0.0,0.0,0.0714278826528151,0.02156198597832383,-0.012971985383678455,-0.049316566429743025,0.0,0.0714278826528151,0.04795355716268991,0.05890224922927471,-0.049316566429743025
-0.25,0.49999437500703137,0.13495455629199446,0.07741948274665686,0.12360358006140978,0.25,-0.5,-0.03627410410056023,0.0031230612309276827,0.0,0.0,0.0,0.09673372488595756,0.06739748274462046,-0.049316566429743025,0.0,0.0,0.13495455629199446,0.07741948274665686,-0.049316566429743025
-0.25,0.24999718750351568,0.04795355716268991,0.06294669852000921,-0.17921539165087863,0.0,-0.5,0.010343564028148663,0.013386050326501817,0.0,0.0,0.21428686224530785,-0.7220833566086158,-0.16367235079171744,-0.049316566429743025,0.0,0.21428686224530785,0.04795355716268991,0.06294669852000921,-0.049316566429743025
-0.25,0.24999718750351568,0.13495455629199446,0.07345433638319175,-0.20549421833148226,0.0,-0.5,0.010343564028148663,0.013386050326501817,0.0,0.0,-0.07142788265281529,0.09673372488595756,0.17873528217620788,-0.0882176052487699,0.0,-0.07142788265281529,0.13495455629199446,0.15117120510710852,-0.0882176052487699
-0.25,0.49999437500703137,0.15905968404827442,0.0954906372981493,-0.008313190043770752,0.0,-0.5,0.010343564028148663,0.0077708493254398416,0.0,0.0,0.21428686224530785,0.09673372488595756,-0.012971985383678455,0.0,0.0,0.21428686224530785,0.15905968404827442,0.0954906372981493,0.0
-0.25,0.0,0.15905968404827442,0.10322267270690635,-0.4015809760240413,0.25,-0.5,-0.03627410410056023,0.0077708493254398416,0.0,0.0,0.0,0.09673372488595756,0.06739748274462046,-0.049316566429743025,0.0,0.0,0.15905968404827442,0.10322267270690635,-0.049316566429743025
-0.25,0.24999718750351568,0.10368662454107913,0.07345433638319175,-0.4015809760240413,0.0,-0.5,0.010343564028148663,0.0077708493254398416,0.0,0.0,0.0714278826528151,-0.6542416313451672,-0.020635403978887468,-0.049316566429743025,0.0,0.0714278826528151,0.10368662454107913,0.07345433638319175,-0.049316566429743025
-0.25,0.24999718750351568,0.04795355716268991,0.07741948274665686,-0.17921539165087863,0.0,-0.5,0.010343564028148663,0.013386050326501817,0.0,0.0,0.0714278826528151,0.02156198597832383,0.06739748274462046,-0.049316566429743025,0.0,0.0714278826528151,0.04795355716268991,0.07741948274665686,-0.049316566429743025
-0.25,0.24999718750351568,0.13495455629199446,0.07741948274665686,-0.18909649180113672,0.25,-0.5,-0.03627410410056023,0.0077708493254398416,0.0,0.0,-0.07142788265281529,-0.6542416313451672,-0.009429557450263899,-0.0882176052487699,0.0,-0.07142788265281529,0.13495455629199446,0.07741948274665686,-0.0882176052487699
-0.25,0.24999718750351568,0.13495455629199446,0.07345433638319175,-0.4015809760240413,0.0,-0.5,0.010343564028148663,0.013386050326501817,0.0,0.0,0.21428686224530785,0.09673372488595756,-0.012971985383678455,0.0,0.0,0.21428686224530785,0.13495455629199446,0.07345433638319175,0.0
-0.25,0.24999718750351568,0.13495455629199446,0.07345433638319175,-0.20423662376690396,0.0,-0.5,0.010343564028148663,0.0077708493254398416,0.0,0.0,0.0714278826528151,0.09673372488595756,0.10459805115712555,-0.049316566429743025,0.0,0.0714278826528151,0.13495455629199446,0.07876763251023512,-0.049316566429743025
-0.25,0.0,0.15905968404827442,0.0954906372981493,-0.4015809760240413,0.25,-0.5,0.010343564028148663,0.013386050326501817,0.0,0.0,0.21428686224530785,-0.6542416313451672,-0.020635403978887468,0.0,0.0,0.21428686224530785,0.15905968404827442,0.0954906372981493,0.0
-0.25,0.24999718750351568,0.15877947417547675,0.08969161074158151,-0.4015809760240413,0.25,-0.5,-0.03627410410056023,0.0077708493254398416,0.0,0.0,0.21428686224530785,-0.6542416313451672,-0.033069427527405576,0.0,0.0,0.21428686224530785,0.15877947417547675,0.08969161074158151,0.0
-0.25,0.24999718750351568,0.14304244919494893,0.07345433638319175,-0.4015809760240413,0.0,-0.5,0.010343564028148663,0.013386050326501817,0.0,0.0,0.0714278826528151,-0.6542416313451672,-0.008881445391798628,-0.049316566429743025,0.0,0.0714278826528151,0.14304244919494893,0.07345433638319175,-0.049316566429743025
-0.25,0.0,0.04795355716268991,0.05890224922927471,-0.5215097667733717,0.25,-0.5,0.010343564028148663,0.0077708493254398416,0.0,0.0,0.0714278826528151,0.02156198597832383,0.06739748274462046,-0.049316566429743025,0.0,0.0714278826528151,0.04795355716268991,0.05890224922927471,-0.049316566429743025
-0.25,0.24999718750351568,0.13495455629199446,0.07345433638319175,-0.20549421833148226,0.0,-0.5,0.010343564028148663,0.013386050326501817,0.0,0.0,0.21428686224530785,0.09673372488595756,-0.012971985383678455,0.0,0.0,0.21428686224530785,0.13495455629199446,0.07345433638319175,0.0
-0.25,0.0,0.11220586437087367,0.07345433638319175,-0.5215097667733717,0.25,-0.5,-0.03627410410056023,0.0077708493254398416,0.0,0.0,0.21428686224530785,0.02156198597832383,-0.023924076329679234,0.0,0.0,0.21428686224530785,0.11220586437087367,0.07345433638319175,0.0
-0.25,0.24999718750351568,0.04795355716268991,0.05675115732709492,-0.17921539165087863,0.25,-0.5,-0.03627410410056023,0.0077708493254398416,0.0,0.0,0.21428686224530785,-0.6542416313451672,-0.03490661794559478,0.0,0.0,0.21428686224530785,0.04795355716268991,0.05675115732709492,0.0
-0.25,0.0,0.11220586437087367,0.07345433638319175,-0.5215097667733717,0.25,-0.5,-0.03627410410056023,0.0077708493254398416,0.0,-0.16666666666666666,0.35714262755093823,-0.6542416313451672,-0.04212342671538775,0.033005285219609985,-0.16666666666666666,0.35714262755093823,0.11220586437087367,0.07345433638319175,0.033005285219609985
-0.25,0.24999718750351568,0.10368662454107913,0.07345433638319175,-0.4015809760240413,0.25,-0.5,-0.03627410410056023,0.0077708493254398416,0.0,0.0,-0.07142788265281529,0.02156198597832383,0.030866829070239566,-0.0882176052487699,0.0,-0.07142788265281529,0.10368662454107913,0.07345433638319175,-0.0882176052487699
-0.25,0.24999718750351568,0.04795355716268991,0.05890224922927471,-0.17921539165087863,0.25,-0.5,0.010343564028148663,0.013386050326501817,0.0,0.0,0.0714278826528151,-0.6542416313451672,-0.020635403978887468,-0.049316566429743025,0.0,0.0714278826528151,0.04795355716268991,0.05890224922927471,-0.049316566429743025
-0.25,0.24999718750351568,0.04795355716268991,0.05675115732709492,-0.17921539165087863,0.25,-0.5,-0.03627410410056023,0.005730869935540898,0.0,0.0,-0.07142788265281529,0.02156198597832383,0.030866829070239566,-0.0882176052487699,0.0,-0.07142788265281529,0.04795355716268991,0.05675115732709492,-0.0882176052487699
-0.25,0.24999718750351568,0.11220586437087367,0.07345433638319175,-0.20423662376690396,0.25,-0.5,-0.03627410410056023,0.0077708493254398416,0.0,0.0,0.21428686224530785,0.02156198597832383,-0.023924076329679234,0.0,0.0,0.21428686224530785,0.11220586437087367,0.07345433638319175,0.0
-0.25,0.24999718750351568,0.04795355716268991,0.05675115732709492,-0.17921539165087863,0.25,-0.5,-0.03627410410056023,0.0077708493254398416,0.0,0.0,0.21428686224530785,0.02156198597832383,-0.023924076329679234,0.0,0.0,0.21428686224530785,0.04795355716268991,0.05675115732709492,0.0
-0.25,0.24999718750351568,0.10368662454107913,0.07345433638319175,-0.20423662376690396,0.0,-0.5,0.010343564028148663,0.0077708493254398416,0.0,0.0,0.0714278826528151,0.02156198597832383,0.06739748274462046,-0.049316566429743025,0.0,0.0714278826528151,0.10368662454107913,0.07345433638319175,-0.049316566429743025
-0.25,0.24999718750351568,0.11220586437087367,0.07345433638319175,-0.20549421833148226,0.25,-0.5,-0.03627410410056023,0.005730869935540898,0.0,0.0,0.21428686224530785,-0.6542416313451672,-0.03490661794559478,0.0,0.0,0.21428686224530785,0.11220586437087367,0.07345433638319175,0.0
-0.25,0.0,0.15905968404827442,0.0954906372981493,-0.44576010975370745,0.0,-0.5,0.010343564028148663,0.0077708493254398416,0.0,-0.16666666666666666,0.35714262755093823,0.09673372488595756,-0.014961429151441363,0.033005285219609985,-0.16666666666666666,0.35714262755093823,0.15905968404827442,0.0954906372981493,0.033005285219609985
-0.25,0.24999718750351568,0.04795355716268991,0.05675115732709492,-0.17921539165087863,0.25,-0.5,-0.03627410410056023,0.0077708493254398416,0.0,0.0,-0.07142788265281529,-0.6542416313451672,-0.012971985383678455,-0.0882176052487699,0.0,-0.07142788265281529,0.04795355716268991,0.05675115732709492,-0.0882176052487699
-0.25,0.0,0.15905968404827442,0.10322267270690635,-0.5215097667733717,0.25,-0.5,-0.03627410410056023,0.0077708493254398416,0.0,0.0,0.21428686224530785,0.09673372488595756,-0.015651644336175413,0.0,0.0,0.21428686224530785,0.15905968404827442,0.10322267270690635,0.0
-0.25,0.49999437500703137,0.14304244919494893,0.07345433638319175,0.12360358006140978,0.0,-0.5,0.010343564028148663,0.013386050326501817,0.0,-0.16666666666666666,0.35714262755093823,0.09673372488595756,-0.014961429151441363,0.033005285219609985,-0.16666666666666666,0.35714262755093823,0.14304244919494893,0.07345433638319175,0.033005285219609985
-0.25,0.24999718750351568,0.04795355716268991,0.05675115732709492,-0.17921539165087863,0.0,-0.5,0.010343564028148663,0.0077708493254398416,0.0,0.0,0.28571474489812315,-0.6542416313451672,-0.031993503857084875,0.0,0.0,0.28571474489812315,0.04795355716268991,0.05675115732709492,0.0
-0.25,0.0,0.15905968404827442,0.0954906372981493,-0.4015809760240413,0.25,-0.5,-0.03627410410056023,0.0077708493254398416,0.0,0.0,-0.07142788265281529,0.09673372488595756,0.125121802679659,-0.0882176052487699,0.0,-0.07142788265281529,0.15905968404827442,0.09881144737755138,-0.0882176052487699
-0.25,0.0,0.04795355716268991,0.05890224922927471,-0.5215097667733717,0.0,-0.5,0.010343564028148663,0.013386050326501817,0.0,0.0,0.0,0.02156198597832383,0.12336581404790904,-0.0882176052487699,0.0,0.0,0.04795355716268991,0.09709652157535263,-0.0882176052487699
-0.25,0.24999718750351568,0.04795355716268991,0.05675115732709492,-0.17921539165087863,0.25,-0.5,-0.03627410410056023,0.005730869935540898,0.0,0.0,0.0714278826528151,0.02156198597832383,-0.012971985383678455,-0.049316566429743025,0.0,0.0714278826528151,0.04795355716268991,0.05675115732709492,-0.049316566429743025
-0.25,0.49999437500703137,0.13495455629199446,0.07741948274665686,0.12360358006140978,0.25,-0.5,-0.03627410410056023,0.005730869935540898,0.0,0.0,0.21428686224530785,-0.6542416313451672,-0.033069427527405576,0.0,0.0,0.21428686224530785,0.13495455629199446,0.07741948274665686,0.0
-0.25,0.24999718750351568,0.15905968404827442,0.10322267270690635,-0.4015809760240413,0.25,-0.5,-0.03627410410056023,0.0077708493254398416,0.0,0.0,0.0,-0.6542416313451672,-0.017651238327243104,-0.049316566429743025,0.0,0.0,0.15905968404827442,0.10322267270690635,-0.049316566429743025
-0.25,0.24999718750351568,0.10368662454107913,0.07345433638319175,-0.4015809760240413,0.25,-0.5,-0.03627410410056023,0.0077708493254398416,0.0,0.0,0.21428686224530785,-0.6542416313451672,-0.03490661794559478,0.0,0.0,0.21428686224530785,0.10368662454107913,0.07345433638319175,0.0
-0.25,0.0,0.15905968404827442,0.10322267270690635,-0.4015809760240413,0.0,-0.5,0.010343564028148663,0.0077708493254398416,0.0,0.0,0.21428686224530785,0.09673372488595756,-0.012971985383678455,0.0,0.0,0.21428686224530785,0.15905968404827442,0.10322267270690635,0.0
-0.25,0.0,0.10368662454107913,0.07345433638319175,-0.5215097667733717,0.0,-0.5,0.010343564028148663,0.013386050326501817,0.0,0.0,0.21428686224530785,-0.7220833566086158,-0.16367235079171744,-0.049316566429743025,0.0,0.21428686224530785,0.10368662454107913,0.07345433638319175,-0.049316566429743025
-0.25,0.24999718750351568,0.04795355716268991,0.05890224922927471,-0.17921539165087863,0.25,-0.5,0.010343564028148663,0.0077708493254398416,0.0,0.0,0.28571474489812315,0.02156198597832383,-0.015651644336175413,0.0,0.0,0.28571474489812315,0.04795355716268991,0.05890224922927471,0.0
-0.25,0.0,0.04795355716268991,0.06294669852000921,-0.5215097667733717,0.25,-0.5,-0.03627410410056023,0.005730869935540898,0.0,0.0,-0.07142788265281529,-0.6542416313451672,-0.012971985383678455,-0.0882176052487699,0.0,-0.07142788265281529,0.04795355716268991,0.06294669852000921,-0.0882176052487699
-0.25,0.24999718750351568,0.11220586437087367,0.07345433638319175,-0.20549421833148226,0.25,-0.5,-0.03627410410056023,0.0077708493254398416,0.0,0.0,0.0714278826528151,-0.6542416313451672,-0.025964271213966616,-0.049316566429743025,0.0,0.0714278826528151,0.11220586437087367,0.07345433638319175,-0.049316566429743025
-0.25,0.49999437500703137,0.14304244919494893,0.07345433638319175,0.12360358006140978,0.25,-0.5,0.010343564028148663,0.0077708493254398416,0.0,0.0,0.0714278826528151,0.09673372488595756,0.10459805115712555,-0.049316566429743025,0.0,0.0714278826528151,0.14304244919494893,0.07876763251023512,-0.049316566429743025
-0.25,0.24999718750351568,0.04795355716268991,0.05675115732709492,-0.17921539165087863,0.25,-0.5,0.010343564028148663,0.013386050326501817,0.0,0.0,0.0714278826528151,-0.6542416313451672,-0.020635403978887468,-0.049316566429743025,0.0,0.0714278826528151,0.04795355716268991,0.05675115732709492,-0.049316566429743025
-0.25,0.24999718750351568,0.14304244919494893,0.07345433638319175,-0.44576010975370745,0.0,-0.5,0.010343564028148663,0.0077708493254398416,0.0,0.0,0.0714278826528151,-0.6542416313451672,-0.008881445391798628,-0.049316566429743025,0.0,0.0714278826528151,0.14304244919494893,0.07345433638319175,-0.049316566429743025
-0.25,0.24999718750351568,0.14304244919494893,0.07345433638319175,-0.4015809760240413,0.0,-0.5,0.010343564028148663,0.0077708493254398416,0.0,0.0,0.21428686224530785,-0.6542416313451672,-0.020635403978887468,0.0,0.0,0.21428686224530785,0.14304244919494893,0.07345433638319175,0.0
-0.25,0.24999718750351568,0.04795355716268991,0.05890224922927471,-0.17921539165087863,0.0,-0.5,0.010343564028148663,0.013386050326501817,0.0,0.0,0.28571474489812315,-0.6542416313451672,-0.031993503857084875,0.0,0.0,0.28571474489812315,0.04795355716268991,0.05890224922927471,0.0
-0.25,0.24999718750351568,0.04795355716268991,0.05890224922927471,-0.4015809760240413,0.25,-0.5,-0.03627410410056023,0.0077708493254398416,0.0,0.0,0.0714278826528151,-0.6542416313451672,-0.025964271213966616,-0.049316566429743025,0.0,0.0714278826528151,0.04795355716268991,0.05890224922927471,-0.049316566429743025
-0.25,0.24999718750351568,0.15905968404827442,0.0954906372981493,-0.4015809760240413,0.25,-0.5,-0.03627410410056023,0.005730869935540898,0.0,0.0,0.0,-0.6542416313451672,-0.017651238327243104,-0.049316566429743025,0.0,0.0,0.15905968404827442,0.0954906372981493,-0.049316566429743025
-0.25,0.0,0.13495455629199446,0.07345433638319175,-0.5215097667733717,0.25,-0.5,0.010343564028148663,0.0077708493254398416,0.0,0.0,0.0714278826528151,-0.6542416313451672,-0.008881445391798628,-0.049316566429743025,0.0,0.0714278826528151,0.13495455629199446,0.07345433638319175,-0.049316566429743025
-0.25,0.0,0.13495455629199446,0.07741948274665686,-0.5215097667733717,0.25,-0.5,-0.03627410410056023,0.0077708493254398416,0.0,0.0,0.21428686224530785,-0.6542416313451672,-0.033069427527405576,0.0,0.0,0.21428686224530785,0.13495455629199446,0.07741948274665686,0.0
-0.25,0.24999718750351568,0.11220586437087367,0.07345433638319175,-0.44576010975370745,0.0,-0.5,0.010343564028148663,0.0077708493254398416,0.0,0.0,0.28571474489812315,-0.6363977354107143,-0.020635403978887468,0.0,0.0,0.28571474489812315,0.11220586437087367,0.07345433638319175,0.0
-0.25,0.0,0.15905968404827442,0.10322267270690635,-0.4015809760240413,0.25,-0.5,0.010343564028148663,0.013386050326501817,0.0,0.0,-0.07142788265281529,-0.6542416313451672,0.030866829070239566,-0.0882176052487699,0.0,-0.07142788265281529,0.15905968404827442,0.10322267270690635,-0.0882176052487699
-0.25,0.24999718750351568,0.04795355716268991,0.06294669852000921,-0.2781407199320572,0.25,-0.5,-0.03627410410056023,0.0077708493254398416,0.0,0.0,0.21428686224530785,0.02156198597832383,-0.023924076329679234,0.0,0.0,0.21428686224530785,0.04795355716268991,0.06294669852000921,0.0
-0.25,0.24999718750351568,0.15877947417547675,0.08969161074158151,-0.4015809760240413,0.25,-0.5,0.010343564028148663,0.0077708493254398416,0.0,0.0,0.21428686224530785,0.09673372488595756,-0.012971985383678455,0.0,0.0,0.21428686224530785,0.15877947417547675,0.08969161074158151,0.0
-0.25,0.24999718750351568,0.15905968404827442,0.0954906372981493,-0.4015809760240413,0.0,-0.5,0.010343564028148663,0.013386050326501817,0.0,0.0,0.0714278826528151,-0.6542416313451672,-0.008881445391798628,-0.049316566429743025,0.0,0.0714278826528151,0.15905968404827442,0.0954906372981493,-0.049316566429743025
-0.25,0.0,0.15905968404827442,0.10322267270690635,-0.5215097667733717,0.25,-0.5,-0.03627410410056023,0.0077708493254398416,0.0,0.0,0.0,0.09673372488595756,0.06739748274462046,-0.049316566429743025,0.0,0.0,0.15905968404827442,0.10322267270690635,-0.049316566429743025
-0.25,0.24999718750351568,0.04795355716268991,0.05890224922927471,-0.4015809760240413,0.0,-0.5,0.010343564028148663,0.011346070936602873,0.0,0.0,0.28571474489812315,0.02156198597832383,-0.015651644336175413,0.0,0.0,0.28571474489812315,0.04795355716268991,0.05890224922927471,0.0
-0.25,0.0,0.15877947417547675,0.08969161074158151,-0.5215097667733717,0.0,-0.5,0.010343564028148663,0.013386050326501817,0.0,0.0,-0.07142788265281529,0.09673372488595756,0.17873528217620788,-0.0882176052487699,0.0,-0.07142788265281529,0.15877947417547675,0.15117120510710852,-0.0882176052487699
-0.25,0.0,0.15877947417547675,0.08969161074158151,-0.4015809760240413,0.0,-0.5,0.010343564028148663,0.0077708493254398416,0.0,0.0,0.21428686224530785,0.09673372488595756,-0.012971985383678455,0.0,0.0,0.21428686224530785,0.15877947417547675,0.08969161074158151,0.0
-0.25,0.49999437500703137,0.04795355716268991,0.06294669852000921,0.14080159404194154,0.25,-0.5,-0.03627410410056023,0.005730869935540898,0.0,0.0,0.21428686224530785,-0.6542416313451672,-0.03490661794559478,0.0,0.0,0.21428686224530785,0.04795355716268991,0.06294669852000921,0.0
-0.25,0.24999718750351568,0.13495455629199446,0.07741948274665686,-0.20423662376690396,0.25,-0.5,-0.03627410410056023,0.0077708493254398416,0.0,0.0,0.21428686224530785,0.09673372488595756,-0.015651644336175413,0.0,0.0,0.21428686224530785,0.13495455629199446,0.07741948274665686,0.0
-0.25,0.24999718750351568,0.04795355716268991,0.05675115732709492,-0.17921539165087863,0.25,-0.5,-0.03627410410056023,0.005730869935540898,0.0,0.0,0.0714278826528151,-0.6542416313451672,-0.025964271213966616,-0.049316566429743025,0.0,0.0714278826528151,0.04795355716268991,0.05675115732709492,-0.049316566429743025
-0.25,0.0,0.13495455629199446,0.07345433638319175,-0.5215097667733717,0.0,-0.5,0.010343564028148663,0.0077708493254398416,0.0,0.0,-0.07142788265281529,-0.6542416313451672,-0.003095818107998373,-0.0882176052487699,0.0,-0.07142788265281529,0.13495455629199446,0.07345433638319175,-0.0882176052487699
-0.25,0.24999718750351568,0.04795355716268991,0.05890224922927471,-0.4015809760240413,0.25,-0.5,-0.03627410410056023,0.0077708493254398416,0.0,0.0,-0.07142788265281529,0.02156198597832383,0.030866829070239566,-0.0882176052487699,0.0,-0.07142788265281529,0.04795355716268991,0.05890224922927471,-0.0882176052487699
-0.25,0.24999718750351568,0.04795355716268991,0.05890224922927471,-0.4015809760240413,0.0,-0.5,0.010343564028148663,0.013386050326501817,0.0,-0.16666666666666666,0.35714262755093823,0.02156198597832383,-0.020635403978887468,0.033005285219609985,-0.16666666666666666,0.35714262755093823,0.04795355716268991,0.05890224922927471,0.033005285219609985
-0.25,0.24999718750351568,0.04795355716268991,0.05675115732709492,-0.17921539165087863,0.0,-0.5,0.010343564028148663,0.013386050326501817,0.0,0.0,0.28571474489812315,0.02156198597832383,-0.015651644336175413,0.0,0.0,0.28571474489812315,0.04795355716268991,0.05675115732709492,0.0
-0.25,0.0,0.04795355716268991,0.05890224922927471,-0.5215097667733717,0.25,-0.5,-0.03627410410056023,0.005730869935540898,0.0,0.0,-0.07142788265281529,0.02156198597832383,0.030866829070239566,-0.0882176052487699,0.0,-0.07142788265281529,0.04795355716268991,0.05890224922927471,-0.0882176052487699
-0.25,0.0,0.15905968404827442,0.10322267270690635,-0.4015809760240413,0.25,-0.5,-0.03627410410056023,0.0077708493254398416,0.0,0.0,0.21428686224530785,-0.7220833566086158,-0.1637637028014616,0.0,0.0,0.21428686224530785,0.15905968404827442,0.10322267270690635,0.0
-0.25,0.0,0.15905968404827442,0.10322267270690635,-0.4015809760240413,0.25,-0.5,-0.03627410410056023,0.005730869935540898,0.0,0.0,-0.07142788265281529,-0.6542416313451672,-0.009429557450263899,-0.0882176052487699,0.0,-0.07142788265281529,0.15905968404827442,0.10322267270690635,-0.0882176052487699
-0.25,0.24999718750351568,0.04795355716268991,0.05890224922927471,-0.17921539165087863,0.25,-0.5,0.010343564028148663,0.013386050326501817,0.0,0.0,0.28571474489812315,0.02156198597832383,-0.015651644336175413,0.0,0.0,0.28571474489812315,0.04795355716268991,0.05890224922927471,0.0
-0.25,0.24999718750351568,0.11220586437087367,0.07345433638319175,-0.18909649180113672,0.25,-0.5,0.010343564028148663,0.0077708493254398416,0.0,0.0,0.0714278826528151,0.02156198597832383,0.06739748274462046,-0.049316566429743025,0.0,0.0714278826528151,0.11220586437087367,0.07345433638319175,-0.049316566429743025
-0.25,0.24999718750351568,0.10368662454107913,0.07345433638319175,-0.4015809760240413,0.25,-0.5,-0.03627410410056023,0.0077708493254398416,0.0,0.0,0.21428686224530785,-0.6542416313451672,-0.03490661794559478,0.0,0.0,0.21428686224530785,0.10368662454107913,0.07345433638319175,0.0
-0.25,0.0,0.15877947417547675,0.08969161074158151,-0.4015809760240413,0.25,-0.5,-0.03627410410056023,0.005730869935540898,0.0,0.0,0.0,-0.6542416313451672,-0.017651238327243104,-0.049316566429743025,0.0,0.0,0.15877947417547675,0.08969161074158151,-0.049316566429743025
-0.25,0.24999718750351568,0.14304244919494893,0.07741948274665686,-0.20549421833148226,0.25,-0.5,-0.03627410410056023,0.005730869935540898,0.0,0.0,0.0,0.09673372488595756,0.06739748274462046,-0.049316566429743025,0.0,0.0,0.14304244919494893,0.07741948274665686,-0.049316566429743025
-0.25,0.24999718750351568,0.13495455629199446,0.07741948274665686,-0.20423662376690396,0.25,-0.5,-0.03627410410056023,0.0077708493254398416,0.0,0.0,-0.07142788265281529,-0.6542416313451672,-0.009429557450263899,-0.0882176052487699,0.0,-0.07142788265281529,0.13495455629199446,0.07741948274665686,-0.0882176052487699
-0.25,0.24999718750351568,0.14304244919494893,0.07345433638319175,-0.4015809760240413,0.25,-0.5,0.010343564028148663,0.013386050326501817,0.0,0.0,-0.07142788265281529,0.09673372488595756,0.17873528217620788,-0.0882176052487699,0.0,-0.07142788265281529,0.14304244919494893,0.15117120510710852,-0.0882176052487699
-0.25,0.24999718750351568,0.15905968404827442,0.0954906372981493,-0.4015809760240413,0.0,-0.5,0.010343564028148663,0.0077708493254398416,0.0,0.0,0.0,-0.7220833566086158,-0.05783597239139256,-0.0882176052487699,0.0,0.0,0.15905968404827442,0.0954906372981493,-0.0882176052487699
-0.25,0.24999718750351568,0.13495455629199446,0.07345433638319175,-0.4015809760240413,0.0,-0.5,0.010343564028148663,0.0077708493254398416,0.0,0.0,-0.07142788265281529,0.09673372488595756,0.17873528217620788,-0.0882176052487699,0.0,-0.07142788265281529,0.13495455629199446,0.15117120510710852,-0.0882176052487699
-0.25,0.0,0.15877947417547675,0.08969161074158151,-0.44576010975370745,0.0,-0.5,0.010343564028148663,0.0077708493254398416,0.0,0.0,0.0714278826528151,-0.6542416313451672,-0.008881445391798628,-0.049316566429743025,0.0,0.0714278826528151,0.15877947417547675,0.08969161074158151,-0.049316566429743025
-0.25,0.24999718750351568,0.11220586437087367,0.07345433638319175,-0.4015809760240413,0.25,-0.5,-0.03627410410056023,0.0077708493254398416,0.0,-0.16666666666666666,0.35714262755093823,-0.6542416313451672,-0.04212342671538775,0.033005285219609985,-0.16666666666666666,0.35714262755093823,0.11220586437087367,0.07345433638319175,0.033005285219609985
-0.25,0.0,0.04795355716268991,0.05890224922927471,-0.5215097667733717,0.0,-0.5,0.010343564028148663,0.0077708493254398416,0.0,0.0,0.28571474489812315,-0.6542416313451672,-0.031993503857084875,0.0,0.0,0.28571474489812315,0.04795355716268991,0.05890224922927471,0.0
-0.25,0.24999718750351568,0.04795355716268991,0.05890224922927471,-0.17921539165087863,0.25,-0.5,-0.03627410410056023,0.005730869935540898,0.0,0.0,-0.07142788265281529,-0.6542416313451672,-0.012971985383678455,-0.0882176052487699,0.0,-0.07142788265281529,0.04795355716268991,0.05890224922927471,-0.0882176052487699
-0.25,0.24999718750351568,0.13495455629199446,0.07741948274665686,-0.4015809760240413,0.25,-0.5,-0.03627410410056023,0.005730869935540898,0.0,0.0,0.21428686224530785,0.09673372488595756,-0.015651644336175413,0.0,0.0,0.21428686224530785,0.13495455629199446,0.07741948274665686,0.0
-0.25,0.49999437500703137,0.10368662454107913,0.07345433638319175,0.12360358006140978,0.25,-0.5,-0.03627410410056023,0.0077708493254398416,0.0,0.0,0.21428686224530785,-0.6542416313451672,-0.03490661794559478,0.0,0.0,0.21428686224530785,0.10368662454107913,0.07345433638319175,0.0
-0.25,0.0,0.15905968404827442,0.0954906372981493,-0.4015809760240413,0.25,-0.5,-0.03627410410056023,0.0077708493254398416,0.0,0.0,-0.07142788265281529,0.09673372488595756,0.125121802679659,-0.0882176052487699,0.0,-0.07142788265281529,0.15905968404827442,0.09881144737755138,-0.0882176052487699
-0.25,0.24999718750351568,0.13495455629199446,0.07741948274665686,-0.20549421833148226,0.25,-0.5,-0.03627410410056023,0.005730869935540898,0.0,0.0,0.0,-0.6542416313451672,-0.017651238327243104,-0.049316566429743025,0.0,0.0,0.13495455629199446,0.07741948274665686,-0.049316566429743025
-0.25,0.24999718750351568,0.14304244919494893,0.07345433638319175,-0.18909649180113672,0.25,-0.5,0.010343564028148663,0.013386050326501817,0.0,0.0,0.0714278826528151,0.09673372488595756,0.10459805115712555,-0.049316566429743025,0.0,0.0714278826528151,0.14304244919494893,0.07876763251023512,-0.049316566429743025
-0.25,0.0,0.14304244919494893,0.07741948274665686,-0.5215097667733717,0.25,-0.5,-0.03627410410056023,0.005730869935540898,0.0,0.0,0.21428686224530785,0.09673372488595756,-0.015651644336175413,0.0,0.0,0.21428686224530785,0.14304244919494893,0.07741948274665686,0.0
-0.25,0.24999718750351568,0.10368662454107913,0.07345433638319175,-0.44576010975370745,0.25,-0.5,-0.03627410410056023,0.005730869935540898,0.0,0.0,0.21428686224530785,-0.6542416313451672,-0.03490661794559478,0.0,0.0,0.21428686224530785,0.10368662454107913,0.07345433638319175,0.0
-0.25,0.24999718750351568,0.15905968404827442,0.10322267270690635,-0.4015809760240413,0.25,-0.5,-0.03627410410056023,0.005730869935540898,0.0,0.0,-0.07142788265281529,0.09673372488595756,0.125121802679659,-0.0882176052487699,0.0,-0.07142788265281529,0.15905968404827442,0.10322267270690635,-0.0882176052487699
-0.25,0.24999718750351568,0.15905968404827442,0.08969161074158151,-0.4015809760240413,0.25,-0.5,-0.03627410410056023,0.005730869935540898,0.0,0.0,0.0,0.09673372488595756,0.06739748274462046,-0.049316566429743025,0.0,0.0,0.15905968404827442,0.08969161074158151,-0.049316566429743025
-0.25,0.24999718750351568,0.04795355716268991,0.05890224922927471,-0.4015809760240413,0.25,-0.5,-0.03627410410056023,0.0077708493254398416,0.0,-0.16666666666666666,0.35714262755093823,0.02156198597832383,-0.031993503857084875,0.033005285219609985,-0.16666666666666666,0.35714262755093823,0.04795355716268991,0.05890224922927471,0.033005285219609985
-0.25,0.0,0.15905968404827442,0.10322267270690635,-0.4015809760240413,0.25,-0.5,-0.03627410410056023,0.005730869935540898,0.0,0.0,0.21428686224530785,-0.6542416313451672,-0.033069427527405576,0.0,0.0,0.21428686224530785,0.15905968404827442,0.10322267270690635,0.0
-0.25,0.24999718750351568,0.15877947417547675,0.08969161074158151,-0.4015809760240413,0.25,-0.5,-0.03627410410056023,0.005730869935540898,0.0,0.0,0.14285897959249255,-0.7220833566086158,-0.16367235079171744,-0.049316566429743025,0.0,0.14285897959249255,0.15877947417547675,0.08969161074158151,-0.049316566429743025
-0.25,0.24999718750351568,0.11220586437087367,0.07345433638319175,-0.4015809760240413,0.0,-0.5,0.010343564028148663,0.013386050326501817,0.0,0.0,0.0,0.02156198597832383,0.12336581404790904,-0.0882176052487699,0.0,0.0,0.11220586437087367,0.09709652157535263,-0.0882176052487699
-0.25,0.49999437500703137,0.04795355716268991,0.06294669852000921,0.14080159404194154,0.25,-0.5,-0.03627410410056023,0.0077708493254398416,0.0,0.0,0.21428686224530785,0.02156198597832383,-0.023924076329679234,0.0,0.0,0.21428686224530785,0.04795355716268991,0.06294669852000921,0.0
-0.25,0.24999718750351568,0.15905968404827442,0.0954906372981493,-0.44576010975370745,0.0,-0.5,0.010343564028148663,0.0077708493254398416,0.0,0.0,0.0714278826528151,0.09673372488595756,0.10459805115712555,-0.049316566429743025,0.0,0.0714278826528151,0.15905968404827442,0.0954906372981493,-0.049316566429743025
-0.25,0.49999437500703137,0.11220586437087367,0.07345433638319175,0.12360358006140978,0.25,-0.5,-0.03627410410056023,0.0077708493254398416,0.0,0.0,-0.07142788265281529,-0.6542416313451672,-0.012971985383678455,-0.0882176052487699,0.0,-0.07142788265281529,0.11220586437087367,0.07345433638319175,-0.0882176052487699
-0.25,0.24999718750351568,0.04795355716268991,0.06294669852000921,-0.17921539165087863,0.0,-0.5,0.010343564028148663,0.0077708493254398416,0.0,0.0,-0.07142788265281529,0.02156198597832383,0.12336581404790904,-0.0882176052487699,0.0,-0.07142788265281529,0.04795355716268991,0.09709652157535263,-0.0882176052487699
-0.25,0.24999718750351568,0.04795355716268991,0.05890224922927471,-0.4015809760240413,0.0,-0.5,0.010343564028148663,0.0077708493254398416,0.0,0.0,0.28571474489812315,0.02156198597832383,-0.015651644336175413,0.0,0.0,0.28571474489812315,0.04795355716268991,0.05890224922927471,0.0
-0.25,0.24999718750351568,0.14304244919494893,0.07741948274665686,-0.20549421833148226,0.25,-0.5,-0.03627410410056023,0.005730869935540898,0.0,0.0,0.21428686224530785,-0.6866704302776028,-0.1570747056435242,0.0,0.0,0.21428686224530785,0.14304244919494893,0.07741948274665686,0.0
-0.25,0.24999718750351568,0.11220586437087367,0.07345433638319175,-0.20549421833148226,0.0,-0.5,0.010343564028148663,0.0077708493254398416,0.0,0.0,0.28571474489812315,0.02156198597832383,-0.015651644336175413,0.0,0.0,0.28571474489812315,0.11220586437087367,0.07345433638319175,0.0
-0.25,0.24999718750351568,0.04795355716268991,0.05890224922927471,-0.17921539165087863,0.25,-0.5,0.010343564028148663,0.013386050326501817,0.0,0.0,0.0,0.02156198597832383,0.12336581404790904,-0.0882176052487699,0.0,0.0,0.04795355716268991,0.09709652157535263,-0.0882176052487699
-0.25,0.24999718750351568,0.10368662454107913,0.07345433638319175,-0.4015809760240413,0.0,-0.5,0.010343564028148663,0.006561583192252279,0.0,0.0,-0.07142788265281529,0.02156198597832383,0.12336581404790904,-0.0882176052487699,0.0,-0.07142788265281529,0.10368662454107913,0.09709652157535263,-0.0882176052487699
-0.25,0.0,0.11220586437087367,0.07345433638319175,-0.5215097667733717,0.25,-0.5,-0.03627410410056023,0.0077708493254398416,0.0,0.0,0.21428686224530785,-0.6542416313451672,-0.03490661794559478,0.0,0.0,0.21428686224530785,0.11220586437087367,0.07345433638319175,0.0
-0.25,0.0,0.14304244919494893,0.07345433638319175,-0.5215097667733717,0.25,-0.5,0.010343564028148663,0.0077708493254398416,0.0,0.0,0.21428686224530785,0.09673372488595756,-0.012971985383678455,0.0,0.0,0.21428686224530785,0.14304244919494893,0.07345433638319175,0.0
-0.25,0.24999718750351568,0.13495455629199446,0.07345433638319175,-0.4015809760240413,0.0,-0.5,0.010343564028148663,0.0077708493254398416,0.0,0.0,0.0,-0.7220833566086158,-0.05783597239139256,-0.0882176052487699,0.0,0.0,0.13495455629199446,0.07345433638319175,-0.0882176052487699
-0.25,0.0,0.15905968404827442,0.08969161074158151,-0.5215097667733717,0.0,-0.5,0.010343564028148663,0.0077708493254398416,0.0,0.0,0.0714278826528151,-0.6542416313451672,-0.008881445391798628,-0.049316566429743025,0.0,0.0714278826528151,0.15905968404827442,0.08969161074158151,-0.049316566429743025
-0.25,0.0,0.15905968404827442,0.08969161074158151,-0.5215097667733717,0.0,-0.5,0.010343564028148663,0.0077708493254398416,0.0,0.0,0.21428686224530785,0.09673372488595756,-0.012971985383678455,0.0,0.0,0.21428686224530785,0.15905968404827442,0.08969161074158151,0.0
-0.25,0.24999718750351568,0.04795355716268991,0.06294669852000921,-0.4015809760240413,0.0,-0.5,0.010343564028148663,0.0077708493254398416,0.0,0.0,0.28571474489812315,0.02156198597832383,-0.015651644336175413,0.0,0.0,0.28571474489812315,0.04795355716268991,0.06294669852000921,0.0
-0.25,0.0,0.15905968404827442,0.10322267270690635,-0.5215097667733717,0.25,-0.5,-0.03627410410056023,0.0077708493254398416,0.0,0.0,0.21428686224530785,0.09673372488595756,-0.015651644336175413,0.0,0.0,0.21428686224530785,0.15905968404827442,0.10322267270690635,0.0
-0.25,0.0,0.04795355716268991,0.05890224922927471,-0.5215097667733717,0.0,-0.5,0.010343564028148663,0.0077708493254398416,0.0,0.0,0.0714278826528151,-0.6542416313451672,-0.020635403978887468,-0.049316566429743025,0.0,0.0714278826528151,0.04795355716268991,0.05890224922927471,-0.049316566429743025
-0.25,0.24999718750351568,0.13495455629199446,0.07741948274665686,-0.20549421833148226,0.25,-0.5,-0.03627410410056023,0.005730869935540898,0.0,0.0,0.21428686224530785,0.09673372488595756,-0.015651644336175413,0.0,0.0,0.21428686224530785,0.13495455629199446,0.07741948274665686,0.0
-0.25,0.0,0.14304244919494893,0.07741948274665686,-0.5215097667733717,0.25,-0.5,-0.03627410410056023,0.0077708493254398416,0.0,0.0,-0.07142788265281529,-0.6363977354107143,-0.009429557450263899,-0.0882176052487699,0.0,-0.07142788265281529,0.14304244919494893,0.07741948274665686,-0.0882176052487699
-0.25,0.0,0.04795355716268991,0.05890224922927471,-0.5215097667733717,0.25,-0.5,-0.03627410410056023,0.005730869935540898,0.0,0.0,-0.07142788265281529,0.02156198597832383,0.030866829070239566,-0.0882176052487699,0.0,-0.07142788265281529,0.04795355716268991,0.05890224922927471,-0.0882176052487699
-0.25,0.0,0.15905968404827442,0.0954906372981493,-0.4015809760240413,0.25,-0.5,0.010343564028148663,0.013386050326501817,0.0,0.0,0.0714278826528151,-0.6542416313451672,-0.008881445391798628,-0.049316566429743025,0.0,0.0714278826528151,0.15905968404827442,0.0954906372981493,-0.049316566429743025
-0.25,0.0,0.04795355716268991,0.05890224922927471,-0.5215097667733717,0.25,-0.5,-0.03627410410056023,0.0077708493254398416,0.0,-0.16666666666666666,0.35714262755093823,-0.6542416313451672,-0.04212342671538775,0.033005285219609985,-0.16666666666666666,0.35714262755093823,0.04795355716268991,0.05890224922927471,0.033005285219609985
1.0,0.0,-0.6266324295461065,-0.29438237888956076,-0.10186515973084209,0.25,-0.5,0.010343564028148663,0.013386050326501817,0.0,0.16666666666666666,-0.14285576530563057,0.190869939662641,-0.08156719447827854,0.06293056314926185,0.3333333333333333,-0.14285576530563057,-0.38199306959017615,-0.044677286650343456,0.06293056314926185
0.25,-0.24999718750351554,-0.12812574842664948,-0.09807789530031027,-0.3347978049258509,0.75,0.0,-0.06097589804312801,-0.11844498890629761,0.029424,0.0,-0.2857147448981232,-0.6615322134758159,-0.09482338611449455,0.03164753052669938,0.16666666666666666,-0.2857147448981232,-0.12812574842664948,-0.09807789530031027,0.03164753052669938
0.25,-0.24999718750351554,-0.1738138429781798,-0.11491985447912839,-0.1492781080551381,0.75,0.0,-0.006637589250567771,-0.06964321391392132,0.026563,0.0,-0.07142788265281529,-0.18585668131965227,-0.10010150223304909,0.04686531802442131,0.16666666666666666,-0.07142788265281529,-0.1738138429781798,-0.11491985447912839,0.04686531802442131
0.25,0.0,-0.1738138429781798,-0.11491985447912839,-0.10186515973084209,0.75,0.0,-0.04999577843681214,-0.07965383442517796,0.026563,0.0,0.0,-0.6957636686180466,-0.1637637028014616,0.10074722070348092,0.16666666666666666,0.0,-0.1738138429781798,-0.11491985447912839,0.10074722070348092
1.0,0.0,-0.6101930520421093,-0.3081513496366935,-0.10186515973084209,0.25,-0.5,0.010343564028148663,0.0077708493254398416,0.0,0.16666666666666666,-0.14285576530563057,0.10930569053277318,-0.1487312220868859,0.06293056314926185,0.3333333333333333,-0.14285576530563057,-0.4243211774356152,-0.049970757045569345,0.06293056314926185
0.75,0.0,-0.6101930520421093,-0.2908335728942594,-0.20364865747697133,0.25,-0.5,-0.03627410410056023,0.0077708493254398416,0.0,0.0,-0.21428686224530802,0.2482835836031257,-0.03544457978075513,0.06293056314926185,0.16666666666666666,-0.21428686224530802,-0.3521980192042766,-0.049970757045569345,0.06293056314926185
0.25,-0.24999718750351554,-0.12812574842664948,-0.09807789530031027,-0.35816946495067614,0.75,0.0,-0.04999577843681214,-0.07965383442517796,0.029559,0.16666666666666666,-0.2857147448981232,-0.04632983227746071,0.02986195696305319,-0.08996719518862772,0.16666666666666666,-0.2857147448981232,-0.12812574842664948,0.005779200824750446,-0.08996719518862772
1.0,0.0,-0.6016784892780968,-0.30702128292310593,-0.1492781080551381,0.75,0.0,-0.04999577843681214,-0.07965383442517796,0.029559,0.0,-0.21428686224530802,0.20320440434124146,-0.04713763702801457,0.03164753052669938,0.3333333333333333,-0.21428686224530802,-0.3755920476142333,-0.06941979995836592,0.03164753052669938
0.5,0.0,-0.1738138429781798,-0.11828031602216516,-0.10186515973084209,0.75,0.0,-0.006637589250567771,-0.06964321391392132,0.032055,0.0,-0.14285576530563057,-0.18585668131965227,-0.06791514413317096,0.04686531802442131,0.16666666666666666,-0.14285576530563057,-0.1738138429781798,-0.08971143647339885,0.04686531802442131
0.75,0.0,-0.6101930520421093,-0.2908335728942594,-0.1492781080551381,0.25,-0.5,0.010343564028148663,0.013386050326501817,0.0,0.16666666666666666,-0.14285576530563057,0.190869939662641,-0.1637637028014616,0.07848551120831052,0.16666666666666666,-0.14285576530563057,-0.38199306959017615,-0.044677286650343456,0.07848551120831052
0.75,0.0,-0.5659888847757089,-0.24489735227351572,-0.20364865747697133,0.75,0.0,-0.006637589250567771,-0.06964321391392132,0.032055,0.0,-0.21428686224530802,0.28260537635046734,0.12320341047503056,0.03164753052669938,0.16666666666666666,-0.21428686224530802,-0.33438658146830047,0.09693791572081414,0.03164753052669938
0.25,0.0,-0.1738138429781798,-0.11491985447912839,-0.10186515973084209,0.5,0.0,-0.10573391756186792,-0.13278793678166964,0.029559,0.0,-0.14285576530563057,-0.6561027091151989,-0.09967519285424276,0.04686531802442131,0.0,-0.14285576530563057,-0.1738138429781798,-0.11491985447912839,0.04686531802442131
0.5,0.0,-0.1738138429781798,-0.11828031602216516,-0.10186515973084209,0.25,-0.5,-0.03627410410056023,0.005730869935540898,0.0,0.0,0.0,-0.6874193554686961,-0.1637637028014616,0.10074722070348092,0.0,0.0,-0.1738138429781798,-0.051893853031849936,0.10074722070348092
0.25,0.0,-0.12812574842664948,-0.11491985447912839,-0.3347978049258509,0.5,0.0,-0.10573391756186792,-0.13278793678166964,0.031909,0.0,-0.21428686224530802,-0.6561027091151989,-0.08473406414941123,0.04686531802442131,0.0,-0.21428686224530802,-0.12812574842664948,-0.10613705528405312,0.04686531802442131
1.0,0.0,-0.738916861523704,-0.3123048404524231,-0.10186515973084209,0.25,0.0,-0.006637589250567771,-0.06964321391392132,0.029559,0.16666666666666666,-0.14285576530563057,0.3655996390690475,0.034591961023142596,-0.0627483141971934,0.3333333333333333,-0.14285576530563057,-0.2913163620966818,0.010398596338187415,-0.0627483141971934
1.0,0.0,-0.752104881709494,-0.3081513496366935,-0.10186515973084209,0.25,-0.5,0.010343564028148663,0.0077708493254398416,0.0,0.16666666666666666,-0.14285576530563057,0.49558457857138655,0.3452801461632155,-0.0627483141971934,0.3333333333333333,-0.14285576530563057,-0.22386013469026653,0.31382150893644856,-0.0627483141971934
1.0,0.0,-0.6101930520421093,-0.2941642958395701,-0.10186515973084209,0.25,-0.5,-0.03627410410056023,0.0077708493254398416,0.0,0.0,-0.14285576530563057,0.31366319877815024,-0.031323589118960535,0.04686531802442131,0.3333333333333333,-0.14285576530563057,-0.31826899476594145,-0.049970757045569345,0.04686531802442131
1.0,0.24999718750351568,-0.6016784892780968,-0.3081513496366935,-0.10186515973084209,0.75,0.0,-0.04999577843681214,-0.07965383442517796,0.026563,0.16666666666666666,-0.21428686224530802,0.13223090197638054,-0.09482338611449455,0.03164753052669938,0.3333333333333333,-0.21428686224530802,-0.4124240431799016,-0.11599044399726409,0.03164753052669938
1.0,0.0,-0.738916861523704,-0.3081513496366935,-0.1492781080551381,0.25,0.0,-0.006637589250567771,-0.06964321391392132,0.026563,0.0,-0.21428686224530802,0.2388338126452023,-0.031323589118960535,0.03164753052669938,0.3333333333333333,-0.21428686224530802,-0.35710201732218744,-0.053975554872669154,0.03164753052669938
1.0,0.0,-0.752104881709494,-0.30702128292310593,-0.1492781080551381,0.25,-0.5,-0.03627410410056023,0.006561583192252279,0.0,0.16666666666666666,-0.07142788265281529,0.49558457857138655,0.29587900933820555,-0.02250774558046291,0.3333333333333333,-0.07142788265281529,-0.22386013469026653,0.2655755905589866,-0.02250774558046291
0.5,0.0,-0.1738138429781798,-0.11828031602216516,-0.1492781080551381,0.75,0.0,-0.006637589250567771,-0.06964321391392132,0.029559,0.16666666666666666,0.0,-0.015866613364845388,-0.08032886723507908,0.007381082558775207,0.16666666666666666,0.0,-0.1738138429781798,-0.1018348714796934,0.007381082558775207
1.0,0.0,-0.752104881709494,-0.3123048404524231,-0.10186515973084209,0.25,-0.5,-0.03627410410056023,0.005730869935540898,0.0,0.16666666666666666,-0.07142788265281529,0.4155563650916798,0.09856881851400728,-0.02250774558046291,0.3333333333333333,-0.07142788265281529,-0.26539111041779767,0.07287939016048928,-0.02250774558046291
1.0,0.0,-0.5659888847757089,-0.2484164196710911,-0.10186515973084209,0.75,0.0,-0.006637589250567771,-0.06964321391392132,0.031909,0.0,-0.14285576530563057,0.2187379281834731,-0.10803897685749088,0.07848551120831052,0.3333333333333333,-0.14285576530563057,-0.36753086052028006,-0.12294927586514535,0.07848551120831052
0.75,0.0,-0.5659888847757089,-0.24489735227351572,-0.10186515973084209,0.75,0.0,-0.006637589250567771,-0.06964321391392132,0.032055,0.0,-0.21428686224530802,0.2187379281834731,-0.07163012586276891,0.03164753052669938,0.16666666666666666,-0.21428686224530802,-0.36753086052028006,-0.09333954539596936,0.03164753052669938
0.75,0.0,-0.752104881709494,-0.2873640698262275,-0.1492781080551381,0.75,0.0,-0.006637589250567771,-0.06964321391392132,0.029424,0.16666666666666666,-0.21428686224530802,0.5213418450588031,0.4186155095412099,-0.08996719518862772,0.16666666666666666,-0.21428686224530802,-0.21049329363779565,0.3854419651265378,-0.08996719518862772
1.0,0.0,-0.6016784892780968,-0.3081513496366935,-0.1492781080551381,0.75,0.0,-0.006637589250567771,-0.06964321391392132,0.029559,0.16666666666666666,-0.07142788265281529,0.13223090197638054,-0.1637637028014616,0.07848551120831052,0.3333333333333333,-0.07142788265281529,-0.4124240431799016,-0.12294927586514535,0.07848551120831052
1.0,0.0,-0.6266324295461065,-0.29438237888956076,-0.20364865747697133,0.25,-0.5,-0.03627410410056023,0.005730869935540898,0.0,0.16666666666666666,-0.07142788265281529,0.10930569053277318,-0.1637637028014616,0.07848551120831052,0.3333333333333333,-0.07142788265281529,-0.4243211774356152,-0.051893853031849936,0.07848551120831052
1.0,0.0,-0.738916861523704,-0.3081513496366935,-0.1492781080551381,0.75,0.0,-0.006637589250567771,-0.06964321391392132,0.032055,0.16666666666666666,0.0,0.3655996390690475,-0.031323589118960535,0.007381082558775207,0.3333333333333333,0.0,-0.2913163620966818,-0.053975554872669154,0.007381082558775207
0.75,0.0,-0.803108220964889,-0.30702128292310593,-0.20364865747697133,0.5,0.0,-0.06097589804312801,-0.11844498890629761,0.026563,0.16666666666666666,-0.07142788265281529,0.40396440439990633,0.05851603735282183,-0.02250774558046291,0.16666666666666666,-0.07142788265281529,-0.2714068068477401,0.03376322128490574,-0.02250774558046291
1.0,0.24999718750351568,-0.6016784892780968,-0.3081513496366935,-0.10186515973084209,0.5,0.0,-0.04999577843681214,-0.07965383442517796,0.029559,0.0,-0.14285576530563057,0.20320440434124146,-0.05350182704019486,0.04686531802442131,0.3333333333333333,-0.14285576530563057,-0.3755920476142333,-0.07563516688309756,0.04686531802442131
1.0,0.24999718750351568,-0.5659888847757089,-0.24703853130978698,-0.10186515973084209,0.75,0.0,-0.04999577843681214,-0.07965383442517796,0.031909,0.0,-0.21428686224530802,0.28260537635046734,-0.031323589118960535,0.03164753052669938,0.3333333333333333,-0.21428686224530802,-0.33438658146830047,-0.053975554872669154,0.03164753052669938
1.0,0.0,-0.752104881709494,-0.3081513496366935,-0.10186515973084209,0.25,-0.5,-0.03627410410056023,0.0077708493254398416,0.0,0.16666666666666666,-0.21428686224530802,0.49558457857138655,0.3760962241169306,-0.08996719518862772,0.3333333333333333,-0.21428686224530802,-0.22386013469026653,0.3439169698351491,-0.08996719518862772
0.5,-0.24999718750351554,-0.1738138429781798,-0.11828031602216516,-0.20364865747697133,0.75,0.0,-0.006637589250567771,-0.06964321391392132,0.032055,0.0,-0.07142788265281529,-0.6615322134758159,-0.1637637028014616,0.07848551120831052,0.16666666666666666,-0.07142788265281529,-0.1738138429781798,-0.11828031602216516,0.07848551120831052
1.0,0.0,-0.6016784892780968,-0.30702128292310593,-0.20364865747697133,0.75,0.0,-0.04999577843681214,-0.07965383442517796,0.029559,0.16666666666666666,-0.14285576530563057,0.030475582580474867,-0.1637637028014616,0.07848551120831052,0.3333333333333333,-0.14285576530563057,-0.465230391294247,-0.13238632421019234,0.07848551120831052
0.5,-0.24999718750351554,-0.1738138429781798,-0.11828031602216516,-0.20364865747697133,0.75,0.0,-0.04999577843681214,-0.07965383442517796,0.026563,0.0,-0.14285576530563057,-0.6615322134758159,-0.14577750710515633,0.07848551120831052,0.16666666666666666,-0.14285576530563057,-0.1738138429781798,-0.11828031602216516,0.07848551120831052
0.25,-0.24999718750351554,-0.12812574842664948,-0.09807789530031027,-0.35816946495067614,0.75,0.0,-0.006637589250567771,-0.06964321391392132,0.029559,0.0,-0.2857147448981232,-0.12065543124112543,-0.038438895655704415,0.03164753052669938,0.16666666666666666,-0.2857147448981232,-0.12812574842664948,-0.060924473874641887,0.03164753052669938
1.0,0.0,-0.752104881709494,-0.3081513496366935,-0.10186515973084209,0.25,-0.5,-0.03627410410056023,0.0077708493254398416,0.0,0.16666666666666666,-0.07142788265281529,0.49558457857138655,0.29587900933820555,-0.02250774558046291,0.3333333333333333,-0.07142788265281529,-0.22386013469026653,0.2655755905589866,-0.02250774558046291
0.25,-0.24999718750351554,-0.12812574842664948,-0.09807789530031027,-0.35816946495067614,0.75,0.0,-0.04999577843681214,-0.07965383442517796,0.029559,0.0,-0.14285576530563057,-0.6957636686180466,-0.1637637028014616,0.07848551120831052,0.16666666666666666,-0.14285576530563057,-0.12812574842664948,-0.09807789530031027,0.07848551120831052
1.0,0.0,-0.6101930520421093,-0.30702128292310593,-0.1492781080551381,0.25,-0.5,-0.03627410410056023,0.005730869935540898,0.0,0.16666666666666666,-0.21428686224530802,0.16599186902281338,-0.07150832318310998,0.06293056314926185,0.3333333333333333,-0.21428686224530802,-0.3949036482844323,-0.051893853031849936,0.06293056314926185
1.0,0.0,-0.752104881709494,-0.3123048404524231,-0.1492781080551381,0.25,0.0,-0.006637589250567771,-0.06964321391392132,0.029559,0.16666666666666666,-0.21428686224530802,0.3655996390690475,0.13840844498578977,-0.08996719518862772,0.3333333333333333,-0.21428686224530802,-0.2913163620966818,0.11178738885199109,-0.08996719518862772
0.75,0.0,-0.6101930520421093,-0.2908335728942594,-0.10186515973084209,0.25,-0.5,0.010343564028148663,0.011346070936602873,0.0,0.16666666666666666,-0.21428686224530802,0.190869939662641,-0.08156719447827854,0.06293056314926185,0.16666666666666666,-0.21428686224530802,-0.38199306959017615,-0.04660038263662405,0.06293056314926185
1.0,0.0,-0.5447777762586297,-0.2941642958395701,-0.20364865747697133,0.5,0.0,-0.10573391756186792,-0.13278793678166964,0.026563,0.16666666666666666,-0.21428686224530802,-0.003930020180895251,-0.1637637028014616,0.03532895935848361,0.3333333333333333,-0.21428686224530802,-0.48308532258714504,-0.18247603564666576,0.03532895935848361
1.0,0.0,-0.6266324295461065,-0.3081513496366935,-0.1492781080551381,0.25,-0.5,0.010343564028148663,0.0077708493254398416,0.0,0.0,-0.14285576530563057,0.31366319877815024,-0.01701177425903367,0.06293056314926185,0.3333333333333333,-0.14285576530563057,-0.31826899476594145,-0.039998413941454584,0.06293056314926185
0.25,-0.24999718750351554,-0.12812574842664948,-0.09807789530031027,-0.35816946495067614,0.75,0.0,-0.006637589250567771,-0.06964321391392132,0.026563,0.16666666666666666,-0.14285576530563057,0.05668636846649774,-0.01701177425903367,-0.02250774558046291,0.16666666666666666,-0.14285576530563057,-0.12812574842664948,-0.039998413941454584,-0.02250774558046291
1.0,0.0,-0.752104881709494,-0.3123048404524231,-0.10186515973084209,0.25,-0.5,-0.03627410410056023,0.005730869935540898,0.0,0.16666666666666666,-0.14285576530563057,0.4155563650916798,0.14089524969549336,-0.0627483141971934,0.3333333333333333,-0.14285576530563057,-0.26539111041779767,0.11421604099961345,-0.0627483141971934
1.0,0.0,-0.6266324295461065,-0.29438237888956076,-0.10186515973084209,0.25,-0.5,-0.03627410410056023,0.0077708493254398416,0.0,0.0,-0.14285576530563057,0.31366319877815024,-0.031323589118960535,0.04686531802442131,0.3333333333333333,-0.14285576530563057,-0.31826899476594145,-0.049970757045569345,0.04686531802442131
0.75,0.0,-0.6101930520421093,-0.29065514130790354,-0.10186515973084209,0.25,-0.5,-0.03627410410056023,0.005730869935540898,0.0,0.0,-0.07142788265281529,0.39071090201103215,0.05851603735282183,0.07848551120831052,0.16666666666666666,-0.07142788265281529,-0.27828476728298945,0.03376322128490574,0.07848551120831052
0.25,-0.24999718750351554,-0.1738138429781798,-0.11491985447912839,-0.20364865747697133,0.75,0.0,-0.04999577843681214,-0.07965383442517796,0.032055,0.0,-0.14285576530563057,-0.18585668131965227,-0.07519285424279332,0.04686531802442131,0.16666666666666666,-0.14285576530563057,-0.1738138429781798,-0.09681896132991007,0.04686531802442131
1.0,0.0,-0.5659888847757089,-0.2484164196710911,-0.10186515973084209,0.25,0.0,-0.006637589250567771,-0.06964321391392132,0.031909,0.0,-0.21428686224530802,0.2187379281834731,-0.07163012586276891,0.03164753052669938,0.3333333333333333,-0.21428686224530802,-0.36753086052028006,-0.09333954539596936,0.03164753052669938
0.75,0.0,-0.5659888847757089,-0.24489735227351572,-0.1492781080551381,0.75,0.0,-0.04999577843681214,-0.07965383442517796,0.032055,0.16666666666666666,-0.14285576530563057,0.11113255734232294,-0.1637637028014616,0.07848551120831052,0.16666666666666666,-0.14285576530563057,-0.4233731172725068,-0.13238632421019234,0.07848551120831052
1.0,0.24999718750351568,-0.6016784892780968,-0.3081513496366935,-0.10186515973084209,0.25,0.0,-0.006637589250567771,-0.06964321391392132,0.029559,0.16666666666666666,0.0,0.030475582580474867,-0.1637637028014616,0.10074722070348092,0.3333333333333333,0.0,-0.465230391294247,-0.12294927586514535,0.10074722070348092
0.25,-0.24999718750351554,-0.12812574842664948,-0.11491985447912839,-0.3347978049258509,0.75,0.0,-0.006637589250567771,-0.06964321391392132,0.029559,0.16666666666666666,-0.21428686224530802,0.05668636846649774,-0.013073487616727542,-0.0627483141971934,0.16666666666666666,-0.21428686224530802,-0.12812574842664948,-0.0361522219688934,-0.0627483141971934
1.0,0.0,-0.5659888847757089,-0.24703853130978698,-0.1492781080551381,0.75,0.0,-0.04999577843681214,-0.07965383442517796,0.029559,0.0,-0.07142788265281529,0.2187379281834731,-0.14684328055217208,0.07848551120831052,0.3333333333333333,-0.07142788265281529,-0.36753086052028006,-0.13238632421019234,0.07848551120831052
0.25,-0.24999718750351554,-0.12812574842664948,-0.11491985447912839,-0.3347978049258509,0.25,0.0,-0.006637589250567771,-0.06964321391392132,0.032055,0.16666666666666666,-0.14285576530563057,0.05668636846649774,-0.01701177425903367,-0.02250774558046291,0.16666666666666666,-0.14285576530563057,-0.12812574842664948,-0.039998413941454584,-0.02250774558046291
0.25,0.0,-0.12812574842664948,-0.09807789530031027,-0.3347978049258509,0.75,0.0,-0.04999577843681214,-0.07965383442517796,0.032055,0.0,-0.14285576530563057,-0.12065543124112543,-0.06122614697523342,0.04686531802442131,0.16666666666666666,-0.14285576530563057,-0.12812574842664948,-0.08317885783958996,0.04686531802442131
1.0,0.0,-0.6016784892780968,-0.3081513496366935,-0.10186515973084209,0.75,0.0,-0.006637589250567771,-0.06964321391392132,0.026563,0.0,-0.21428686224530802,0.20320440434124146,-0.04260048721071856,0.03164753052669938,0.3333333333333333,-0.21428686224530802,-0.3755920476142333,-0.0649887488971936,0.03164753052669938
1.0,0.0,-0.738916861523704,-0.3081513496366935,-0.1492781080551381,0.25,-0.5,0.010343564028148663,0.0077708493254398416,0.0,0.16666666666666666,-0.07142788265281529,0.4155563650916798,0.09856881851400728,-0.02250774558046291,0.3333333333333333,-0.07142788265281529,-0.26539111041779767,0.07287939016048928,-0.02250774558046291
1.0,0.0,-0.752104881709494,-0.3123048404524231,-0.20364865747697133,0.25,-0.5,-0.03627410410056023,0.0077708493254398416,0.0,0.16666666666666666,-0.14285576530563057,0.4155563650916798,0.14089524969549336,-0.0627483141971934,0.3333333333333333,-0.14285576530563057,-0.26539111041779767,0.11421604099961345,-0.0627483141971934
0.25,0.0,-0.1738138429781798,-0.11491985447912839,-0.10186515973084209,0.75,0.0,-0.04999577843681214,-0.07965383442517796,0.026563,0.16666666666666666,0.0,-0.11820636873580852,-0.08193260251725534,0.007381082558775207,0.16666666666666666,0.0,-0.1738138429781798,-0.10340110429326219,0.007381082558775207
0.75,0.0,-0.5659888847757089,-0.2484164196710911,-0.10186515973084209,0.75,0.0,-0.04999577843681214,-0.07965383442517796,0.029559,0.0,-0.14285576530563057,0.28260537635046734,-0.03668290702395445,0.04686531802442131,0.16666666666666666,-0.14285576530563057,-0.33438658146830047,-0.05920954807244315,0.04686531802442131
1.0,0.0,-0.5659888847757089,-0.24703853130978698,-0.1492781080551381,0.75,0.0,-0.04999577843681214,-0.07965383442517796,0.032055,0.0,-0.07142788265281529,0.2187379281834731,-0.14684328055217208,0.07848551120831052,0.3333333333333333,-0.07142788265281529,-0.36753086052028006,-0.13238632421019234,0.07848551120831052
0.75,0.0,-0.738916861523704,-0.3081513496366935,-0.10186515973084209,0.25,-0.5,-0.03627410410056023,0.0077708493254398416,0.0,0.16666666666666666,-0.21428686224530802,0.49558457857138655,0.3853126268777913,-0.08996719518862772,0.16666666666666666,-0.21428686224530802,-0.22386013469026653,0.35291785208021487,-0.08996719518862772
1.0,0.0,-0.752104881709494,-0.30702128292310593,-0.1492781080551381,0.25,-0.5,0.010343564028148663,0.013386050326501817,0.0,0.16666666666666666,-0.21428686224530802,0.49558457857138655,0.3853126268777913,-0.08996719518862772,0.3333333333333333,-0.21428686224530802,-0.22386013469026653,0.35291785208021487,-0.08996719518862772
0.25,-0.24999718750351554,-0.1738138429781798,-0.11491985447912839,-0.20364865747697133,0.25,0.0,-0.006637589250567771,-0.06964321391392132,0.026563,0.0,-0.07142788265281529,-0.6615322134758159,-0.1637637028014616,0.07848551120831052,0.0,-0.07142788265281529,-0.1738138429781798,-0.11491985447912839,0.07848551120831052
1.0,0.0,-0.6101930520421093,-0.3081513496366935,-0.10186515973084209,0.25,-0.5,-0.03627410410056023,0.005730869935540898,0.0,0.16666666666666666,-0.14285576530563057,0.16599186902281338,-0.10094397076735684,0.07848551120831052,0.3333333333333333,-0.14285576530563057,-0.3949036482844323,-0.051893853031849936,0.07848551120831052
1.0,0.0,-0.6016784892780968,-0.3081513496366935,-0.10186515973084209,0.25,0.0,-0.006637589250567771,-0.06964321391392132,0.029559,0.16666666666666666,-0.14285576530563057,0.030475582580474867,-0.1637637028014616,0.07848551120831052,0.3333333333333333,-0.14285576530563057,-0.465230391294247,-0.12294927586514535,0.07848551120831052
0.25,-0.24999718750351554,-0.12812574842664948,-0.11491985447912839,-0.3347978049258509,0.25,0.0,-0.006637589250567771,-0.06964321391392132,0.029424,0.0,-0.21428686224530802,-0.6957636686180466,-0.1637637028014616,0.07848551120831052,0.0,-0.21428686224530802,-0.12812574842664948,-0.11491985447912839,0.07848551120831052
0.25,0.0,-0.1738138429781798,-0.11491985447912839,-0.10186515973084209,0.75,0.0,-0.006637589250567771,-0.06964321391392132,0.032055,0.16666666666666666,-0.14285576530563057,-0.015866613364845388,-0.04416362159967513,-0.02250774558046291,0.16666666666666666,-0.14285576530563057,-0.1738138429781798,-0.06651533024712769,-0.02250774558046291
0.5,0.0,-0.1738138429781798,-0.11828031602216516,-0.1492781080551381,0.25,-0.5,-0.03627410410056023,0.005730869935540898,0.0,0.0,-0.14285576530563057,-0.6874193554686961,-0.1637637028014616,0.07848551120831052,0.0,-0.14285576530563057,-0.1738138429781798,-0.051893853031849936,0.07848551120831052
0.25,0.0,-0.1738138429781798,-0.11491985447912839,-0.10186515973084209,0.25,0.0,-0.006637589250567771,-0.06964321391392132,0.026563,0.0,-0.21428686224530802,-0.6957636686180466,-0.1637637028014616,0.03532895935848361,0.0,-0.21428686224530802,-0.1738138429781798,-0.11491985447912839,0.03532895935848361
1.0,0.0,-0.5659888847757089,-0.24703853130978698,-0.1492781080551381,0.75,0.0,-0.006637589250567771,-0.06964321391392132,0.026563,0.16666666666666666,-0.21428686224530802,0.11113255734232294,-0.1471477872513195,0.03532895935848361,0.3333333333333333,-0.21428686224530802,-0.4233731172725068,-0.12294927586514535,0.03532895935848361
0.75,0.0,-0.738916861523704,-0.24703853130978698,-0.20364865747697133,0.25,0.0,-0.006637589250567771,-0.06964321391392132,0.029559,0.16666666666666666,-0.14285576530563057,0.44098016970262577,0.24486398700771425,-0.0627483141971934,0.16666666666666666,-0.14285576530563057,-0.25219732079925977,0.21575352650204707,-0.0627483141971934
0.5,0.0,-0.1738138429781798,-0.11828031602216516,-0.1492781080551381,0.25,-0.5,-0.03627410410056023,0.0077708493254398416,0.0,0.0,-0.14285576530563057,-0.6615322134758159,-0.14577750710515633,0.07848551120831052,0.0,-0.14285576530563057,-0.1738138429781798,-0.049970757045569345,0.07848551120831052
0.5,0.0,-0.1738138429781798,-0.11828031602216516,-0.10186515973084209,0.25,-0.5,-0.03627410410056023,0.005730869935540898,0.0,0.0,-0.07142788265281529,-0.6615322134758159,-0.1637637028014616,0.07848551120831052,0.0,-0.07142788265281529,-0.1738138429781798,-0.051893853031849936,0.07848551120831052
0.25,0.0,-0.12812574842664948,-0.09807789530031027,-0.3347978049258509,0.25,0.0,-0.006637589250567771,-0.06964321391392132,0.026563,0.16666666666666666,-0.14285576530563057,0.05668636846649774,-0.01701177425903367,-0.02250774558046291,0.16666666666666666,-0.14285576530563057,-0.12812574842664948,-0.039998413941454584,-0.02250774558046291
0.25,0.0,-0.12812574842664948,-0.11491985447912839,-0.3347978049258509,0.25,-0.5,-0.03627410410056023,0.005730869935540898,0.0,0.0,-0.14285576530563057,-0.05901733400672147,-0.049299634591961024,0.04686531802442131,0.0,-0.14285576530563057,-0.12812574842664948,-0.051893853031849936,0.04686531802442131
1.0,0.0,-0.752104881709494,-0.3081513496366935,-0.10186515973084209,0.25,-0.5,0.010343564028148663,0.013386050326501817,0.0,0.16666666666666666,-0.14285576530563057,0.49558457857138655,0.3452801461632155,-0.0627483141971934,0.3333333333333333,-0.14285576530563057,-0.22386013469026653,0.31382150893644856,-0.0627483141971934
1.0,0.0,-0.752104881709494,-0.3123048404524231,-0.10186515973084209,0.75,0.0,-0.04999577843681214,-0.07965383442517796,0.026563,0.16666666666666666,-0.14285576530563057,0.32691670876608275,-0.02540600893219642,-0.0627483141971934,0.3333333333333333,-0.14285576530563057,-0.31139103038712906,-0.04819635404791871,-0.0627483141971934
0.25,0.0,-0.12812574842664948,-0.09807789530031027,-0.3347978049258509,0.75,0.0,-0.04999577843681214,-0.07965383442517796,0.029424,0.0,-0.2857147448981232,-0.12065543124112543,-0.043838814453918025,0.03164753052669938,0.16666666666666666,-0.2857147448981232,-0.12812574842664948,-0.06619811853805058,0.03164753052669938
0.25,0.0,-0.1738138429781798,-0.11491985447912839,-0.10186515973084209,0.75,0.0,-0.04999577843681214,-0.07965383442517796,0.031909,0.0,-0.21428686224530802,-0.6957636686180466,-0.1637637028014616,0.03532895935848361,0.16666666666666666,-0.21428686224530802,-0.1738138429781798,-0.11491985447912839,0.03532895935848361
0.25,-0.24999718750351554,-0.12812574842664948,-0.11491985447912839,-0.35816946495067614,0.25,0.0,-0.006637589250567771,-0.06964321391392132,0.032055,0.0,-0.2857147448981232,-0.12065543124112543,-0.038438895655704415,0.03164753052669938,0.0,-0.2857147448981232,-0.12812574842664948,-0.060924473874641887,0.03164753052669938
0.25,-0.24999718750351554,-0.1738138429781798,-0.11491985447912839,-0.20364865747697133,0.75,0.0,-0.04999577843681214,-0.07965383442517796,0.029559,0.0,-0.14285576530563057,-0.18585668131965227,-0.07519285424279332,0.04686531802442131,0.16666666666666666,-0.14285576530563057,-0.1738138429781798,-0.09681896132991007,0.04686531802442131
0.25,0.0,-0.12812574842664948,-0.09807789530031027,-0.3347978049258509,0.25,-0.5,0.010343564028148663,0.0077708493254398416,0.0,0.0,-0.2857147448981232,-0.6615322134758159,-0.06926512383272429,0.06293056314926185,0.0,-0.2857147448981232,-0.12812574842664948,-0.049970757045569345,0.06293056314926185
0.25,-0.24999718750351554,-0.12812574842664948,-0.11491985447912839,-0.35816946495067614,0.75,0.0,-0.006637589250567771,-0.06964321391392132,0.026563,0.0,-0.14285576530563057,-0.6957636686180466,-0.1637637028014616,0.07848551120831052,0.16666666666666666,-0.14285576530563057,-0.12812574842664948,-0.11491985447912839,0.07848551120831052
0.25,0.0,-0.12812574842664948,-0.11491985447912839,-0.3347978049258509,0.25,0.0,-0.006637589250567771,-0.06964321391392132,0.026563,0.16666666666666666,-0.14285576530563057,0.05668636846649774,-0.01701177425903367,-0.02250774558046291,0.16666666666666666,-0.14285576530563057,-0.12812574842664948,-0.039998413941454584,-0.02250774558046291
0.5,0.0,-0.1738138429781798,-0.11828031602216516,-0.1492781080551381,0.75,0.0,-0.04999577843681214,-0.07965383442517796,0.032055,0.0,-0.14285576530563057,-0.18585668131965227,-0.07519285424279332,0.04686531802442131,0.16666666666666666,-0.14285576530563057,-0.1738138429781798,-0.09681896132991007,0.04686531802442131
1.0,0.0,-0.5659888847757089,-0.24703853130978698,-0.20364865747697133,0.75,0.0,-0.04999577843681214,-0.07965383442517796,0.026563,0.0,-0.07142788265281529,0.28260537635046734,-0.041128704831506296,0.04686531802442131,0.3333333333333333,-0.07142788265281529,-0.33438658146830047,-0.06355138334043756,0.04686531802442131
0.25,-0.24999718750351554,-0.12812574842664948,-0.09807789530031027,-0.35816946495067614,0.75,0.0,-0.04999577843681214,-0.07965383442517796,0.032055,0.0,-0.14285576530563057,-0.6957636686180466,-0.1637637028014616,0.07848551120831052,0.16666666666666666,-0.14285576530563057,-0.12812574842664948,-0.09807789530031027,0.07848551120831052
1.0,0.0,-0.6016784892780968,-0.3081513496366935,-0.10186515973084209,0.75,0.0,-0.04999577843681214,-0.07965383442517796,0.032055,0.16666666666666666,-0.07142788265281529,0.030475582580474867,-0.1637637028014616,0.07848551120831052,0.3333333333333333,-0.07142788265281529,-0.465230391294247,-0.13238632421019234,0.07848551120831052
1.0,0.0,-0.738916861523704,-0.3123048404524231,-0.10186515973084209,0.25,0.0,-0.006637589250567771,-0.06964321391392132,0.026563,0.16666666666666666,-0.07142788265281529,0.3655996390690475,0.013002436053593225,-0.02250774558046291,0.3333333333333333,-0.07142788265281529,-0.2913163620966818,-0.010686069449538513,-0.02250774558046291
0.75,0.0,-0.5659888847757089,-0.2484164196710911,-0.10186515973084209,0.75,0.0,-0.04999577843681214,-0.07965383442517796,0.029559,0.0,-0.14285576530563057,0.28260537635046734,-0.03668290702395445,0.04686531802442131,0.16666666666666666,-0.14285576530563057,-0.33438658146830047,-0.05920954807244315,0.04686531802442131
0.75,0.0,-0.738916861523704,-0.2484164196710911,-0.10186515973084209,0.25,0.0,-0.006637589250567771,-0.06964321391392132,0.026563,0.16666666666666666,-0.14285576530563057,0.44098016970262577,0.24486398700771425,-0.0627483141971934,0.16666666666666666,-0.14285576530563057,-0.25219732079925977,0.21575352650204707,-0.0627483141971934
0.75,0.0,-0.5659888847757089,-0.24489735227351572,-0.20364865747697133,0.75,0.0,-0.04999577843681214,-0.07965383442517796,0.029559,0.0,-0.07142788265281529,0.28260537635046734,-0.041128704831506296,0.04686531802442131,0.16666666666666666,-0.07142788265281529,-0.33438658146830047,-0.06355138334043756,0.04686531802442131
1.0,0.0,-0.6101930520421093,-0.2941642958395701,-0.20364865747697133,0.25,-0.5,-0.03627410410056023,0.005730869935540898,0.0,0.0,-0.14285576530563057,0.31366319877815024,-0.031201786439301597,0.06293056314926185,0.3333333333333333,-0.14285576530563057,-0.31826899476594145,-0.051893853031849936,0.06293056314926185
0.25,0.0,-0.12812574842664948,-0.09807789530031027,-0.3347978049258509,0.5,0.0,-0.10573391756186792,-0.13278793678166964,0.029559,0.0,-0.2857147448981232,-0.6561027091151989,-0.05506496142915144,0.03164753052669938,0.0,-0.2857147448981232,-0.12812574842664948,-0.07716174823303165,0.03164753052669938
0.25,-0.24999718750351554,-0.12812574842664948,-0.11491985447912839,-0.3347978049258509,0.75,0.0,-0.04999577843681214,-0.07965383442517796,0.029559,0.16666666666666666,-0.2857147448981232,-0.04632983227746071,0.02986195696305319,-0.08996719518862772,0.16666666666666666,-0.2857147448981232,-0.12812574842664948,0.005779200824750446,-0.08996719518862772
0.25,0.0,-0.1738138429781798,-0.11491985447912839,-0.10186515973084209,0.75,0.0,-0.04999577843681214,-0.07965383442517796,0.026563,0.0,-0.21428686224530802,-0.18585668131965227,-0.05318717011774254,0.03164753052669938,0.16666666666666666,-0.21428686224530802,-0.1738138429781798,-0.07532786803992897,0.03164753052669938
1.0,0.0,-0.6266324295461065,-0.29438237888956076,-0.10186515973084209,0.25,-0.5,-0.03627410410056023,0.005730869935540898,0.0,0.16666666666666666,-0.14285576530563057,0.10930569053277318,-0.1637637028014616,0.06293056314926185,0.3333333333333333,-0.14285576530563057,-0.4243211774356152,-0.051893853031849936,0.06293056314926185
1.0,0.0,-0.6016784892780968,-0.3081513496366935,-0.10186515973084209,0.75,0.0,-0.006637589250567771,-0.06964321391392132,0.026563,0.0,-0.07142788265281529,0.20320440434124146,-0.06543848964677218,0.04686531802442131,0.3333333333333333,-0.07142788265281529,-0.3755920476142333,-0.08729269719168503,0.04686531802442131
0.75,0.0,-0.5659888847757089,-0.24489735227351572,-0.1492781080551381,0.75,0.0,-0.04999577843681214,-0.07965383442517796,0.032055,0.16666666666666666,0.0,0.11113255734232294,-0.1637637028014616,0.10074722070348092,0.16666666666666666,0.0,-0.4233731172725068,-0.13238632421019234,0.10074722070348092
0.25,-0.24999718750351554,-0.12812574842664948,-0.09807789530031027,-0.3347978049258509,0.75,0.0,-0.04999577843681214,-0.07965383442517796,0.032055,0.0,-0.2857147448981232,-0.12065543124112543,-0.043838814453918025,0.03164753052669938,0.16666666666666666,-0.2857147448981232,-0.12812574842664948,-0.06619811853805058,0.03164753052669938
1.0,0.24999718750351568,-0.6016784892780968,-0.3081513496366935,-0.10186515973084209,0.75,0.0,-0.04999577843681214,-0.07965383442517796,0.026563,0.16666666666666666,-0.21428686224530802,0.030475582580474867,-0.1637637028014616,0.03532895935848361,0.3333333333333333,-0.21428686224530802,-0.465230391294247,-0.13238632421019234,0.03532895935848361
1.0,0.0,-0.6266324295461065,-0.3081513496366935,-0.10186515973084209,0.25,-0.5,-0.03627410410056023,0.0077708493254398416,0.0,0.16666666666666666,-0.07142788265281529,0.16599186902281338,-0.1637637028014616,0.07848551120831052,0.3333333333333333,-0.07142788265281529,-0.3949036482844323,-0.049970757045569345,0.07848551120831052
0.5,-0.24999718750351554,-0.1738138429781798,-0.11828031602216516,-0.20364865747697133,0.75,0.0,-0.006637589250567771,-0.06964321391392132,0.029559,0.0,0.0,-0.6957636686180466,-0.1637637028014616,0.10074722070348092,0.16666666666666666,0.0,-0.1738138429781798,-0.11828031602216516,0.10074722070348092
1.0,0.0,-0.752104881709494,-0.30702128292310593,-0.1492781080551381,0.25,-0.5,-0.03627410410056023,0.005730869935540898,0.0,0.16666666666666666,-0.14285576530563057,0.49558457857138655,0.33945391798619573,-0.0627483141971934,0.3333333333333333,-0.14285576530563057,-0.22386013469026653,0.30813152390487614,-0.0627483141971934
0.25,0.0,-0.12812574842664948,-0.11491985447912839,-0.3347978049258509,0.75,0.0,-0.006637589250567771,-0.06964321391392132,0.026563,0.16666666666666666,-0.2857147448981232,0.05668636846649774,0.11037352821762088,-0.08996719518862772,0.16666666666666666,-0.2857147448981232,-0.12812574842664948,0.08440805321226429,-0.08996719518862772
0.25,0.0,-0.12812574842664948,-0.09807789530031027,-0.3347978049258509,0.75,0.0,-0.04999577843681214,-0.07965383442517796,0.029559,0.0,-0.21428686224530802,-0.6615322134758159,-0.10094397076735684,0.07848551120831052,0.16666666666666666,-0.21428686224530802,-0.12812574842664948,-0.09807789530031027,0.07848551120831052
0.75,0.0,-0.738916861523704,-0.30702128292310593,-0.20364865747697133,0.25,-0.5,-0.03627410410056023,0.005730869935540898,0.0,0.16666666666666666,-0.21428686224530802,0.49558457857138655,0.3853126268777913,-0.08996719518862772,0.16666666666666666,-0.21428686224530802,-0.22386013469026653,0.35291785208021487,-0.08996719518862772
0.25,0.0,-0.12812574842664948,-0.09807789530031027,-0.3347978049258509,0.75,0.0,-0.04999577843681214,-0.07965383442517796,0.026563,0.0,-0.14285576530563057,-0.12065543124112543,-0.06122614697523342,0.04686531802442131,0.16666666666666666,-0.14285576530563057,-0.12812574842664948,-0.08317885783958996,0.04686531802442131
0.75,0.0,-0.5659888847757089,-0.24489735227351572,-0.1492781080551381,0.75,0.0,-0.04999577843681214,-0.07965383442517796,0.026563,0.0,0.0,0.28260537635046734,-0.05090336987413715,0.04686531802442131,0.16666666666666666,0.0,-0.33438658146830047,-0.0730974732104798,0.04686531802442131
0.25,-0.24999718750351554,-0.12812574842664948,-0.09807789530031027,-0.35816946495067614,0.25,-0.5,-0.03627410410056023,0.005730869935540898,0.0,0.0,-0.2857147448981232,-0.05901733400672147,-0.03289687373122203,0.06293056314926185,0.0,-0.2857147448981232,-0.12812574842664948,-0.051893853031849936,0.06293056314926185
1.0,0.0,-0.738916861523704,-0.3081513496366935,-0.1492781080551381,0.25,0.0,-0.006637589250567771,-0.06964321391392132,0.026563,0.16666666666666666,-0.07142788265281529,0.3655996390690475,0.013002436053593225,-0.02250774558046291,0.3333333333333333,-0.07142788265281529,-0.2913163620966818,-0.010686069449538513,-0.02250774558046291
0.25,0.0,-0.08630337888149969,-0.11296701989512191,-0.3347978049258509,0.5,0.0,-0.06097589804312801,-0.11844498890629761,0.026563,0.16666666666666666,-0.07142788265281529,-0.03694182646542737,-0.06363174989849774,0.007381082558775207,0.16666666666666666,-0.07142788265281529,-0.08630337888149969,-0.08552820705994307,0.007381082558775207
1.0,0.0,-0.752104881709494,-0.29065514130790354,-0.10186515973084209,0.75,0.0,-0.04999577843681214,-0.07965383442517796,0.032055,0.16666666666666666,-0.14285576530563057,0.40396440439990633,0.20715590742996356,-0.0627483141971934,0.3333333333333333,-0.14285576530563057,-0.2714068068477401,0.17892722965136462,-0.0627483141971934
1.0,0.0,-0.6016784892780968,-0.30702128292310593,-0.1492781080551381,0.75,0.0,-0.04999577843681214,-0.07965383442517796,0.032055,0.16666666666666666,-0.07142788265281529,0.13223090197638054,-0.1637637028014616,0.07848551120831052,0.3333333333333333,-0.07142788265281529,-0.4124240431799016,-0.13238632421019234,0.07848551120831052
1.0,0.24999718750351568,-0.738916861523704,-0.3123048404524231,-0.10186515973084209,0.25,0.0,-0.006637589250567771,-0.06964321391392132,0.029559,0.16666666666666666,-0.14285576530563057,0.3655996390690475,0.034591961023142596,-0.0627483141971934,0.3333333333333333,-0.14285576530563057,-0.2913163620966818,0.010398596338187415,-0.0627483141971934
1.0,0.0,-0.6016784892780968,-0.3081513496366935,-0.20364865747697133,0.75,0.0,-0.04999577843681214,-0.07965383442517796,0.026563,0.0,-0.14285576530563057,0.20320440434124146,-0.05350182704019486,0.04686531802442131,0.3333333333333333,-0.14285576530563057,-0.3755920476142333,-0.07563516688309756,0.04686531802442131
0.25,0.0,-0.1738138429781798,-0.11491985447912839,-0.10186515973084209,0.25,-0.5,-0.03627410410056023,0.0077708493254398416,0.0,0.16666666666666666,-0.14285576530563057,-0.015866613364845388,-0.04342265529841647,-0.0627483141971934,0.16666666666666666,-0.14285576530563057,-0.1738138429781798,-0.049970757045569345,-0.0627483141971934
0.25,-0.24999718750351554,-0.12812574842664948,-0.09807789530031027,-0.3347978049258509,0.25,0.0,-0.006637589250567771,-0.06964321391392132,0.029559,0.16666666666666666,-0.14285576530563057,0.05668636846649774,-0.01701177425903367,-0.02250774558046291,0.16666666666666666,-0.14285576530563057,-0.12812574842664948,-0.039998413941454584,-0.02250774558046291
0.25,-0.24999718750351554,-0.1738138429781798,-0.11491985447912839,-0.20364865747697133,0.25,0.0,-0.006637589250567771,-0.06964321391392132,0.029424,0.0,-0.07142788265281529,-0.6615322134758159,-0.1637637028014616,0.07848551120831052,0.0,-0.07142788265281529,-0.1738138429781798,-0.11491985447912839,0.07848551120831052
1.0,0.0,-0.5659888847757089,-0.24703853130978698,-0.10186515973084209,0.25,0.0,0.03869947337245124,-0.0539437848978434,0.029559,0.16666666666666666,-0.14285576530563057,0.11113255734232294,-0.1637637028014616,0.07848551120831052,0.3333333333333333,-0.14285576530563057,-0.4233731172725068,-0.10814936706351176,0.07848551120831052
1.0,0.0,-0.5659888847757089,-0.24703853130978698,-0.20364865747697133,0.25,0.0,-0.006637589250567771,-0.06964321391392132,0.026563,0.16666666666666666,-0.14285576530563057,0.11113255734232294,-0.1637637028014616,0.07848551120831052,0.3333333333333333,-0.14285576530563057,-0.4233731172725068,-0.12294927586514535,0.07848551120831052
0.25,-0.24999718750351554,-0.12812574842664948,-0.11491985447912839,-0.3347978049258509,0.75,0.0,-0.006637589250567771,-0.06964321391392132,0.026563,0.0,-0.14285576530563057,-0.12065543124112543,-0.05091352009744207,0.04686531802442131,0.16666666666666666,-0.14285576530563057,-0.12812574842664948,-0.07310738607638848,0.04686531802442131
0.5,-0.24999718750351554,-0.1738138429781798,-0.11828031602216516,-0.20364865747697133,0.25,0.0,-0.006637589250567771,-0.06964321391392132,0.029559,0.16666666666666666,-0.14285576530563057,-0.015866613364845388,-0.04416362159967513,-0.02250774558046291,0.16666666666666666,-0.14285576530563057,-0.1738138429781798,-0.06651533024712769,-0.02250774558046291
1.0,0.0,-0.6016784892780968,-0.3081513496366935,-0.10186515973084209,0.75,0.0,-0.04999577843681214,-0.07965383442517796,0.026563,0.0,0.0,0.20320440434124146,-0.10803897685749088,0.04686531802442131,0.3333333333333333,0.0,-0.3755920476142333,-0.1288969954103431,0.04686531802442131
0.25,0.0,-0.1738138429781798,-0.11491985447912839,-0.10186515973084209,0.75,0.0,-0.04999577843681214,-0.07965383442517796,0.032055,0.0,-0.07142788265281529,-0.6957636686180466,-0.1637637028014616,0.07848551120831052,0.16666666666666666,-0.07142788265281529,-0.1738138429781798,-0.11491985447912839,0.07848551120831052
1.0,0.0,-0.6266324295461065,-0.3081513496366935,-0.1492781080551381,0.25,-0.5,-0.03627410410056023,0.005730869935540898,0.0,0.16666666666666666,-0.14285576530563057,0.1808272825768266,-0.08591149005278116,0.07848551120831052,0.3333333333333333,-0.14285576530563057,-0.38720474844111835,-0.051893853031849936,0.07848551120831052
0.75,0.0,-0.5659888847757089,-0.24489735227351572,-0.1492781080551381,0.25,0.0,-0.006637589250567771,-0.06964321391392132,0.026563,0.16666666666666666,-0.14285576530563057,0.11113255734232294,-0.1637637028014616,0.07848551120831052,0.16666666666666666,-0.14285576530563057,-0.4233731172725068,-0.12294927586514535,0.07848551120831052
1.0,0.0,-0.752104881709494,-0.29065514130790354,-0.1492781080551381,0.75,0.0,-0.006637589250567771,-0.06964321391392132,0.029559,0.16666666666666666,-0.21428686224530802,0.44098016970262577,0.29634591961023143,-0.08996719518862772,0.3333333333333333,-0.21428686224530802,-0.25219732079925977,0.266031582390785,-0.08996719518862772
1.0,0.0,-0.6101930520421093,-0.2941642958395701,-0.1492781080551381,0.25,-0.5,-0.03627410410056023,0.0077708493254398416,0.0,0.16666666666666666,-0.07142788265281529,0.10930569053277318,-0.1637637028014616,0.07848551120831052,0.3333333333333333,-0.07142788265281529,-0.4243211774356152,-0.049970757045569345,0.07848551120831052
0.5,0.0,-0.1738138429781798,-0.11828031602216516,-0.1492781080551381,0.75,0.0,-0.04999577843681214,-0.07965383442517796,0.026563,0.16666666666666666,-0.21428686224530802,-0.11820636873580852,-0.049725943970767364,-0.0627483141971934,0.16666666666666666,-0.21428686224530802,-0.1738138429781798,-0.071947580765075,-0.0627483141971934
0.25,0.0,-0.1738138429781798,-0.11491985447912839,-0.10186515973084209,0.75,0.0,-0.04999577843681214,-0.07965383442517796,0.026563,0.0,-0.21428686224530802,-0.6957636686180466,-0.1637637028014616,0.03532895935848361,0.16666666666666666,-0.21428686224530802,-0.1738138429781798,-0.11491985447912839,0.03532895935848361
1.0,0.0,-0.6016784892780968,-0.3081513496366935,-0.10186515973084209,0.75,0.0,-0.04999577843681214,-0.07965383442517796,0.032055,0.0,-0.14285576530563057,0.20320440434124146,-0.05350182704019486,0.04686531802442131,0.3333333333333333,-0.14285576530563057,-0.3755920476142333,-0.07563516688309756,0.04686531802442131
1.0,0.0,-0.6016784892780968,-0.30702128292310593,-0.1492781080551381,0.75,0.0,-0.04999577843681214,-0.07965383442517796,0.032055,0.16666666666666666,-0.07142788265281529,0.030475582580474867,-0.1637637028014616,0.07848551120831052,0.3333333333333333,-0.07142788265281529,-0.465230391294247,-0.13238632421019234,0.07848551120831052
1.0,0.0,-0.5659888847757089,-0.24703853130978698,-0.20364865747697133,0.75,0.0,-0.006637589250567771,-0.06964321391392132,0.032055,0.0,-0.07142788265281529,0.28260537635046734,-0.02540600893219642,0.04686531802442131,0.3333333333333333,-0.07142788265281529,-0.33438658146830047,-0.04819635404791871,0.04686531802442131
1.0,0.0,-0.6016784892780968,-0.3081513496366935,-0.20364865747697133,0.75,0.0,-0.04999577843681214,-0.07965383442517796,0.032055,0.16666666666666666,-0.14285576530563057,0.030475582580474867,-0.1637637028014616,0.07848551120831052,0.3333333333333333,-0.14285576530563057,-0.465230391294247,-0.13238632421019234,0.07848551120831052
0.75,0.0,-0.5659888847757089,-0.24489735227351572,-0.10186515973084209,0.25,0.0,-0.006637589250567771,-0.06964321391392132,0.029559,0.0,-0.07142788265281529,0.28260537635046734,-0.02540600893219642,0.04686531802442131,0.16666666666666666,-0.07142788265281529,-0.33438658146830047,-0.04819635404791871,0.04686531802442131
0.5,0.0,-0.1738138429781798,-0.11828031602216516,-0.1492781080551381,0.75,0.0,-0.04999577843681214,-0.07965383442517796,0.029559,0.0,-0.14285576530563057,-0.669236518736736,-0.1637637028014616,0.07848551120831052,0.16666666666666666,-0.14285576530563057,-0.1738138429781798,-0.11828031602216516,0.07848551120831052
1.0,0.0,-0.752104881709494,-0.3123048404524231,-0.1492781080551381,0.75,0.0,-0.04999577843681214,-0.07965383442517796,0.032055,0.16666666666666666,-0.14285576530563057,0.32691670876608275,-0.02540600893219642,-0.0627483141971934,0.3333333333333333,-0.14285576530563057,-0.31139103038712906,-0.04819635404791871,-0.0627483141971934
1.0,0.0,-0.738916861523704,-0.3081513496366935,-0.20364865747697133,0.75,0.0,-0.04999577843681214,-0.07965383442517796,0.026563,0.16666666666666666,-0.21428686224530802,0.32691670876608275,0.04349370686155093,-0.08996719518862772,0.3333333333333333,-0.21428686224530802,-0.31139103038712906,0.01909217974008463,-0.08996719518862772
1.0,0.0,-0.5659888847757089,-0.24703853130978698,-0.1492781080551381,0.25,0.0,-0.006637589250567771,-0.06964321391392132,0.026563,0.0,-0.07142788265281529,0.2187379281834731,-0.14684328055217208,0.07848551120831052,0.3333333333333333,-0.07142788265281529,-0.36753086052028006,-0.12294927586514535,0.07848551120831052
0.25,-0.24999718750351554,-0.1738138429781798,-0.11491985447912839,-0.1492781080551381,0.25,-0.5,-0.03627410410056023,0.0077708493254398416,0.0,0.0,-0.14285576530563057,-0.6874193554686961,-0.1637637028014616,0.07848551120831052,0.0,-0.14285576530563057,-0.1738138429781798,-0.049970757045569345,0.07848551120831052
1.0,0.0,-0.5659888847757089,-0.24703853130978698,-0.20364865747697133,0.75,0.0,-0.006637589250567771,-0.06964321391392132,0.029559,0.0,-0.21428686224530802,0.2187379281834731,-0.07163012586276891,0.03164753052669938,0.3333333333333333,-0.21428686224530802,-0.36753086052028006,-0.09333954539596936,0.03164753052669938
0.25,0.0,-0.12812574842664948,-0.09807789530031027,-0.3347978049258509,0.75,0.0,-0.006637589250567771,-0.06964321391392132,0.026563,0.0,-0.14285576530563057,-0.12065543124112543,-0.05091352009744207,0.04686531802442131,0.16666666666666666,-0.14285576530563057,-0.12812574842664948,-0.07310738607638848,0.04686531802442131
0.75,0.0,-0.5659888847757089,-0.24489735227351572,-0.1492781080551381,0.25,0.0,-0.006637589250567771,-0.06964321391392132,0.032055,0.0,-0.07142788265281529,0.28260537635046734,-0.02540600893219642,0.04686531802442131,0.16666666666666666,-0.07142788265281529,-0.33438658146830047,-0.04819635404791871,0.04686531802442131
1.0,0.0,-0.6101930520421093,-0.30702128292310593,-0.1492781080551381,0.25,-0.5,0.010343564028148663,0.0077708493254398416,0.0,0.0,-0.14285576530563057,0.31366319877815024,-0.02540600893219642,0.06293056314926185,0.3333333333333333,-0.14285576530563057,-0.31826899476594145,-0.04819635404791871,0.06293056314926185
1.0,0.0,-0.738916861523704,-0.3123048404524231,-0.10186515973084209,0.25,0.0,-0.006637589250567771,-0.06964321391392132,0.031909,0.16666666666666666,-0.07142788265281529,0.3655996390690475,0.013002436053593225,-0.02250774558046291,0.3333333333333333,-0.07142788265281529,-0.2913163620966818,-0.010686069449538513,-0.02250774558046291
1.0,0.0,-0.752104881709494,-0.29065514130790354,-0.20364865747697133,0.25,0.0,-0.006637589250567771,-0.06964321391392132,0.029559,0.16666666666666666,-0.14285576530563057,0.44098016970262577,0.24486398700771425,-0.0627483141971934,0.3333333333333333,-0.14285576530563057,-0.25219732079925977,0.21575352650204707,-0.0627483141971934
0.25,-0.24999718750351554,-0.12812574842664948,-0.11491985447912839,-0.35816946495067614,0.75,0.0,-0.04999577843681214,-0.07965383442517796,0.026563,0.16666666666666666,-0.14285576530563057,-0.04632983227746071,-0.04300649614291505,-0.02250774558046291,0.16666666666666666,-0.14285576530563057,-0.12812574842664948,-0.06538526353354009,-0.02250774558046291
0.75,0.0,-0.5659888847757089,-0.24489735227351572,-0.10186515973084209,0.75,0.0,-0.006637589250567771,-0.06964321391392132,0.032055,0.0,-0.07142788265281529,0.28260537635046734,-0.02540600893219642,0.04686531802442131,0.16666666666666666,-0.07142788265281529,-0.33438658146830047,-0.04819635404791871,0.04686531802442131
0.5,0.0,-0.1738138429781798,-0.11828031602216516,-0.10186515973084209,0.75,0.0,-0.006637589250567771,-0.06964321391392132,0.029424,0.0,-0.07142788265281529,-0.18585668131965227,-0.10010150223304909,0.04686531802442131,0.16666666666666666,-0.07142788265281529,-0.1738138429781798,-0.11828031602216516,0.04686531802442131
0.5,0.0,-0.1738138429781798,-0.11828031602216516,-0.10186515973084209,0.75,0.0,-0.10573391756186792,-0.13278793678166964,0.026563,0.16666666666666666,-0.14285576530563057,-0.17355148821363645,-0.08032886723507908,-0.05872972480408243,0.16666666666666666,-0.14285576530563057,-0.1738138429781798,-0.1018348714796934,-0.05872972480408243
0.25,-0.24999718750351554,-0.12812574842664948,-0.09807789530031027,-0.3347978049258509,0.75,0.0,-0.006637589250567771,-0.06964321391392132,0.026563,0.0,-0.2857147448981232,-0.6615322134758159,-0.08032886723507908,0.03164753052669938,0.16666666666666666,-0.2857147448981232,-0.12812574842664948,-0.09807789530031027,0.03164753052669938
1.0,0.0,-0.738916861523704,-0.3123048404524231,-0.1492781080551381,0.75,0.0,-0.04999577843681214,-0.07965383442517796,0.029559,0.16666666666666666,-0.07142788265281529,0.32691670876608275,-0.043838814453918025,-0.02250774558046291,0.3333333333333333,-0.07142788265281529,-0.31139103038712906,-0.06619811853805058,-0.02250774558046291
0.25,0.0,-0.12812574842664948,-0.11491985447912839,-0.3347978049258509,0.75,0.0,-0.04999577843681214,-0.07965383442517796,0.026563,0.16666666666666666,-0.21428686224530802,-0.04632983227746071,-0.03289687373122203,-0.0627483141971934,0.16666666666666666,-0.21428686224530802,-0.12812574842664948,-0.05551204908851192,-0.0627483141971934
0.75,0.0,-0.500803309709432,-0.24489735227351572,-0.20364865747697133,0.75,0.0,-0.10573391756186792,-0.13278793678166964,0.026563,0.16666666666666666,-0.07142788265281529,0.2975356337511656,-0.046721477872513156,-0.02250774558046291,0.16666666666666666,-0.07142788265281529,-0.3266384620145103,-0.06901337245611075,-0.02250774558046291
1.0,0.0,-0.752104881709494,-0.3123048404524231,-0.1492781080551381,0.25,-0.5,0.010343564028148663,0.013386050326501817,0.0,0.16666666666666666,0.0,0.4155563650916798,0.07434023548518065,0.007381082558775207,0.3333333333333333,0.0,-0.26539111041779767,0.04921737923651104,0.007381082558775207
0.25,-0.24999718750351554,-0.12812574842664948,-0.09807789530031027,-0.35816946495067614,0.75,0.0,-0.006637589250567771,-0.06964321391392132,0.026563,0.0,-0.14285576530563057,-0.6957636686180466,-0.1637637028014616,0.07848551120831052,0.16666666666666666,-0.14285576530563057,-0.12812574842664948,-0.09807789530031027,0.07848551120831052
0.25,0.0,-0.12812574842664948,-0.11296701989512191,-0.10186515973084209,0.75,0.0,-0.04999577843681214,-0.07965383442517796,0.026563,0.0,-0.21428686224530802,-0.6615322134758159,-0.11831100284206253,0.07848551120831052,0.16666666666666666,-0.21428686224530802,-0.12812574842664948,-0.11296701989512191,0.07848551120831052
0.25,0.0,-0.12812574842664948,-0.11491985447912839,-0.3347978049258509,0.75,0.0,-0.04999577843681214,-0.07965383442517796,0.031909,0.0,-0.21428686224530802,-0.6615322134758159,-0.10094397076735684,0.07848551120831052,0.16666666666666666,-0.21428686224530802,-0.12812574842664948,-0.11491985447912839,0.07848551120831052
0.5,0.0,-0.1738138429781798,-0.11828031602216516,-0.10186515973084209,0.25,0.0,-0.006637589250567771,-0.06964321391392132,0.026563,0.0,-0.14285576530563057,-0.6957636686180466,-0.1637637028014616,0.07848551120831052,0.0,-0.14285576530563057,-0.1738138429781798,-0.11828031602216516,0.07848551120831052
0.75,0.0,-0.6101930520421093,-0.29065514130790354,-0.1492781080551381,0.25,-0.5,-0.03627410410056023,0.005730869935540898,0.0,0.0,-0.21428686224530802,0.39071090201103215,0.1615103532277711,0.06293056314926185,0.16666666666666666,-0.21428686224530802,-0.27828476728298945,0.13434907166010776,0.06293056314926185
0.25,-0.24999718750351554,-0.1738138429781798,-0.11491985447912839,-0.1492781080551381,0.75,0.0,-0.04999577843681214,-0.07965383442517796,0.026563,0.0,-0.07142788265281529,-0.6957636686180466,-0.1637637028014616,0.07848551120831052,0.16666666666666666,-0.07142788265281529,-0.1738138429781798,-0.11491985447912839,0.07848551120831052
0.25,-0.24999718750351554,-0.12812574842664948,-0.11491985447912839,-0.3347978049258509,0.25,-0.5,0.010343564028148663,0.013386050326501817,0.0,0.0,-0.07142788265281529,-0.6615322134758159,-0.1446102314250913,0.07848551120831052,0.0,-0.07142788265281529,-0.12812574842664948,-0.044677286650343456,0.07848551120831052
0.25,0.0,-0.12812574842664948,-0.11491985447912839,-0.3347978049258509,0.25,-0.5,0.010343564028148663,0.0077708493254398416,0.0,0.0,-0.21428686224530802,-0.05901733400672147,-0.043838814453918025,0.04686531802442131,0.0,-0.21428686224530802,-0.12812574842664948,-0.049970757045569345,0.04686531802442131
0.75,0.0,-0.5659888847757089,-0.24489735227351572,-0.1492781080551381,0.75,0.0,-0.006637589250567771,-0.06964321391392132,0.026563,0.16666666666666666,-0.14285576530563057,0.11113255734232294,-0.1637637028014616,0.07848551120831052,0.16666666666666666,-0.14285576530563057,-0.4233731172725068,-0.12294927586514535,0.07848551120831052
0.25,-0.24999718750351554,-0.12812574842664948,-0.11491985447912839,-0.35816946495067614,0.25,-0.5,-0.03627410410056023,0.0077708493254398416,0.0,0.0,-0.21428686224530802,-0.6615322134758159,-0.07903978887535529,0.07848551120831052,0.0,-0.21428686224530802,-0.12812574842664948,-0.049970757045569345,0.07848551120831052
1.0,0.0,-0.6101930520421093,-0.30702128292310593,-0.1492781080551381,0.25,-0.5,0.010343564028148663,0.0077708493254398416,0.0,0.0,-0.07142788265281529,0.31366319877815024,-0.02553796183516028,0.04686531802442131,0.3333333333333333,-0.07142788265281529,-0.31826899476594145,-0.04832522130473132,0.04686531802442131
0.5,0.0,-0.1738138429781798,-0.11828031602216516,-0.1492781080551381,0.25,-0.5,-0.03627410410056023,0.005730869935540898,0.0,0.16666666666666666,0.0,-0.015866613364845388,-0.06490052781161183,0.007381082558775207,0.16666666666666666,0.0,-0.1738138429781798,-0.051893853031849936,0.007381082558775207
0.25,-0.24999718750351554,-0.1738138429781798,-0.11491985447912839,-0.20364865747697133,0.75,0.0,-0.04999577843681214,-0.07965383442517796,0.032055,0.0,-0.07142788265281529,-0.6615322134758159,-0.1637637028014616,0.07848551120831052,0.16666666666666666,-0.07142788265281529,-0.1738138429781798,-0.11491985447912839,0.07848551120831052
1.0,0.0,-0.6266324295461065,-0.3081513496366935,-0.10186515973084209,0.25,-0.5,0.010343564028148663,0.0077708493254398416,0.0,0.0,-0.14285576530563057,0.31366319877815024,-0.02540600893219642,0.04686531802442131,0.3333333333333333,-0.14285576530563057,-0.31826899476594145,-0.04819635404791871,0.04686531802442131
0.5,0.0,-0.1738138429781798,-0.11828031602216516,-0.10186515973084209,0.25,-0.5,-0.03627410410056023,0.0077708493254398416,0.0,0.16666666666666666,-0.14285576530563057,-0.015866613364845388,-0.043838814453918025,-0.02250774558046291,0.16666666666666666,-0.14285576530563057,-0.1738138429781798,-0.049970757045569345,-0.02250774558046291
0.25,-0.24999718750351554,-0.1738138429781798,-0.11491985447912839,-0.1492781080551381,0.75,0.0,-0.006637589250567771,-0.06964321391392132,0.032055,0.16666666666666666,0.0,-0.015866613364845388,-0.08032886723507908,0.007381082558775207,0.16666666666666666,0.0,-0.1738138429781798,-0.1018348714796934,0.007381082558775207
0.25,-0.24999718750351554,-0.12812574842664948,-0.11491985447912839,-0.3347978049258509,0.25,-0.5,-0.03627410410056023,0.0077708493254398416,0.0,0.0,-0.21428686224530802,-0.05901733400672147,-0.04416362159967513,0.04686531802442131,0.0,-0.21428686224530802,-0.12812574842664948,-0.049970757045569345,0.04686531802442131
0.5,0.0,-0.1738138429781798,-0.11828031602216516,-0.10186515973084209,0.75,0.0,-0.006637589250567771,-0.06964321391392132,0.026563,0.0,-0.07142788265281529,-0.18585668131965227,-0.10010150223304909,0.04686531802442131,0.16666666666666666,-0.07142788265281529,-0.1738138429781798,-0.11828031602216516,0.04686531802442131
1.0,0.0,-0.6101930520421093,-0.2941642958395701,-0.20364865747697133,0.25,-0.5,-0.03627410410056023,0.0077708493254398416,0.0,0.16666666666666666,0.0,0.10930569053277318,-0.1637637028014616,0.10074722070348092,0.3333333333333333,0.0,-0.4243211774356152,-0.049970757045569345,0.10074722070348092
0.25,-0.24999718750351554,-0.12812574842664948,-0.11491985447912839,-0.35816946495067614,0.25,-0.5,-0.03627410410056023,0.0077708493254398416,0.0,0.16666666666666666,-0.21428686224530802,0.05668636846649774,0.031973203410475035,-0.0627483141971934,0.16666666666666666,-0.21428686224530802,-0.12812574842664948,0.007841076933752317,-0.0627483141971934
0.75,0.0,-0.738916861523704,-0.3081513496366935,-0.10186515973084209,0.25,-0.5,-0.03627410410056023,0.005730869935540898,0.0,0.16666666666666666,-0.14285576530563057,0.49558457857138655,0.33945391798619573,-0.0627483141971934,0.16666666666666666,-0.14285576530563057,-0.22386013469026653,0.30813152390487614,-0.0627483141971934
1.0,0.0,-0.6016784892780968,-0.30702128292310593,-0.20364865747697133,0.75,0.0,-0.006637589250567771,-0.06964321391392132,0.026563,0.16666666666666666,-0.14285576530563057,0.13223090197638054,-0.1429760454730004,0.07848551120831052,0.3333333333333333,-0.14285576530563057,-0.4124240431799016,-0.12294927586514535,0.07848551120831052
0.75,0.0,-0.5659888847757089,-0.24489735227351572,-0.1492781080551381,0.75,0.0,-0.04999577843681214,-0.07965383442517796,0.032055,0.16666666666666666,0.0,0.11113255734232294,-0.1637637028014616,0.10074722070348092,0.16666666666666666,0.0,-0.4233731172725068,-0.13238632421019234,0.10074722070348092
0.25,-0.24999718750351554,-0.12812574842664948,-0.09807789530031027,-0.3347978049258509,0.75,0.0,-0.006637589250567771,-0.06964321391392132,0.029559,0.0,-0.14285576530563057,-0.6957636686180466,-0.1637637028014616,0.07848551120831052,0.16666666666666666,-0.14285576530563057,-0.12812574842664948,-0.09807789530031027,0.07848551120831052
0.5,0.0,-0.1738138429781798,-0.11828031602216516,-0.1492781080551381,0.25,-0.5,-0.03627410410056023,0.0077708493254398416,0.0,0.0,-0.07142788265281529,-0.6615322134758159,-0.1637637028014616,0.07848551120831052,0.0,-0.07142788265281529,-0.1738138429781798,-0.049970757045569345,0.07848551120831052
0.25,0.0,-0.1738138429781798,-0.11491985447912839,-0.10186515973084209,0.75,0.0,-0.006637589250567771,-0.06964321391392132,0.029559,0.0,-0.21428686224530802,-0.6615322134758159,-0.14045879009338208,0.03164753052669938,0.16666666666666666,-0.21428686224530802,-0.1738138429781798,-0.11491985447912839,0.03164753052669938
0.25,0.0,-0.12812574842664948,-0.11491985447912839,-0.3347978049258509,0.25,-0.5,-0.03627410410056023,0.0077708493254398416,0.0,0.16666666666666666,-0.21428686224530802,0.05668636846649774,0.031973203410475035,-0.0627483141971934,0.16666666666666666,-0.21428686224530802,-0.12812574842664948,0.007841076933752317,-0.0627483141971934
0.75,0.0,-0.5659888847757089,-0.24489735227351572,-0.20364865747697133,0.75,0.0,-0.04999577843681214,-0.07965383442517796,0.026563,0.0,-0.21428686224530802,0.28260537635046734,-0.031323589118960535,0.03164753052669938,0.16666666666666666,-0.21428686224530802,-0.33438658146830047,-0.053975554872669154,0.03164753052669938
0.25,0.0,-0.12812574842664948,-0.09807789530031027,-0.3347978049258509,0.75,0.0,-0.04999577843681214,-0.07965383442517796,0.032055,0.16666666666666666,-0.14285576530563057,-0.04632983227746071,-0.04300649614291505,-0.02250774558046291,0.16666666666666666,-0.14285576530563057,-0.12812574842664948,-0.06538526353354009,-0.02250774558046291
0.5,0.0,-0.1738138429781798,-0.11828031602216516,-0.10186515973084209,0.25,-0.5,-0.03627410410056023,0.005730869935540898,0.0,0.0,-0.2857147448981232,-0.13089386286601087,-0.04416362159967513,0.06293056314926185,0.0,-0.2857147448981232,-0.1738138429781798,-0.051893853031849936,0.06293056314926185
1.0,0.0,-0.6266324295461065,-0.29438237888956076,-0.1492781080551381,0.25,-0.5,-0.03627410410056023,0.005730869935540898,0.0,0.16666666666666666,-0.07142788265281529,0.10930569053277318,-0.1637637028014616,0.07848551120831052,0.3333333333333333,-0.07142788265281529,-0.4243211774356152,-0.051893853031849936,0.07848551120831052
1.0,0.0,-0.6101930520421093,-0.3081513496366935,-0.10186515973084209,0.25,-0.5,0.010343564028148663,0.013386050326501817,0.0,0.0,-0.07142788265281529,0.31366319877815024,-0.02553796183516028,0.04686531802442131,0.3333333333333333,-0.07142788265281529,-0.31826899476594145,-0.044677286650343456,0.04686531802442131
1.0,0.0,-0.5659888847757089,-0.24703853130978698,-0.1492781080551381,0.75,0.0,-0.006637589250567771,-0.06964321391392132,0.029424,0.0,-0.14285576530563057,0.2187379281834731,-0.10803897685749088,0.07848551120831052,0.3333333333333333,-0.14285576530563057,-0.36753086052028006,-0.12294927586514535,0.07848551120831052
0.25,-0.24999718750351554,-0.1738138429781798,-0.11491985447912839,-0.1492781080551381,0.25,0.0,-0.006637589250567771,-0.06964321391392132,0.026563,0.0,-0.14285576530563057,-0.6957636686180466,-0.1637637028014616,0.07848551120831052,0.0,-0.14285576530563057,-0.1738138429781798,-0.11491985447912839,0.07848551120831052
0.75,0.0,-0.6101930520421093,-0.2908335728942594,-0.10186515973084209,0.25,-0.5,0.010343564028148663,0.0077708493254398416,0.0,0.16666666666666666,-0.14285576530563057,0.190869939662641,-0.1637637028014616,0.07848551120831052,0.16666666666666666,-0.14285576530563057,-0.38199306959017615,-0.049970757045569345,0.07848551120831052
1.0,0.0,-0.738916861523704,-0.3081513496366935,-0.1492781080551381,0.75,0.0,-0.04999577843681214,-0.07965383442517796,0.029559,0.16666666666666666,-0.21428686224530802,0.32691670876608275,0.04349370686155093,-0.08996719518862772,0.3333333333333333,-0.21428686224530802,-0.31139103038712906,0.01909217974008463,-0.08996719518862772
0.25,0.0,-0.12812574842664948,-0.11491985447912839,-0.3347978049258509,0.25,0.0,-0.006637589250567771,-0.06964321391392132,0.029424,0.0,-0.21428686224530802,-0.6957636686180466,-0.1637637028014616,0.07848551120831052,0.0,-0.21428686224530802,-0.12812574842664948,-0.11491985447912839,0.07848551120831052
1.0,0.0,-0.6016784892780968,-0.3081513496366935,-0.20364865747697133,0.75,0.0,-0.04999577843681214,-0.07965383442517796,0.026563,0.16666666666666666,-0.14285576530563057,0.030475582580474867,-0.1637637028014616,0.07848551120831052,0.3333333333333333,-0.14285576530563057,-0.465230391294247,-0.13238632421019234,0.07848551120831052
0.75,0.0,-0.5659888847757089,-0.272851634135945,-0.10186515973084209,0.25,0.0,-0.006637589250567771,-0.06964321391392132,0.032055,0.16666666666666666,-0.14285576530563057,0.11113255734232294,-0.1637637028014616,0.07848551120831052,0.16666666666666666,-0.14285576530563057,-0.4233731172725068,-0.12294927586514535,0.07848551120831052
1.0,0.0,-0.752104881709494,-0.3123048404524231,-0.10186515973084209,0.25,0.0,-0.006637589250567771,-0.06964321391392132,0.026563,0.16666666666666666,-0.07142788265281529,0.3655996390690475,0.013002436053593225,-0.02250774558046291,0.3333333333333333,-0.07142788265281529,-0.2913163620966818,-0.010686069449538513,-0.02250774558046291
0.25,-0.24999718750351554,-0.12812574842664948,-0.09807789530031027,-0.35816946495067614,0.25,-0.5,0.010343564028148663,0.013386050326501817,0.0,0.0,-0.14285576530563057,-0.05901733400672147,-0.04416362159967513,0.04686531802442131,0.0,-0.14285576530563057,-0.12812574842664948,-0.044677286650343456,0.04686531802442131
1.0,0.0,-0.5659888847757089,-0.2484164196710911,-0.10186515973084209,0.75,0.0,-0.006637589250567771,-0.06964321391392132,0.029559,0.0,-0.21428686224530802,0.28260537635046734,0.12320341047503056,0.03164753052669938,0.3333333333333333,-0.21428686224530802,-0.33438658146830047,0.09693791572081414,0.03164753052669938
0.75,0.0,-0.6101930520421093,-0.2908335728942594,-0.1492781080551381,0.25,-0.5,-0.03627410410056023,0.005730869935540898,0.0,0.0,-0.21428686224530802,0.2482835836031257,-0.03544457978075513,0.06293056314926185,0.16666666666666666,-0.21428686224530802,-0.3521980192042766,-0.051893853031849936,0.06293056314926185
0.25,-0.24999718750351554,-0.1738138429781798,-0.11491985447912839,-0.20364865747697133,0.25,0.0,-0.006637589250567771,-0.06964321391392132,0.029559,0.0,-0.07142788265281529,-0.6615322134758159,-0.1637637028014616,0.07848551120831052,0.0,-0.07142788265281529,-0.1738138429781798,-0.11491985447912839,0.07848551120831052
0.5,0.0,-0.1738138429781798,-0.11828031602216516,-0.10186515973084209,0.25,0.0,-0.006637589250567771,-0.06964321391392132,0.026563,0.0,-0.14285576530563057,-0.6615322134758159,-0.14577750710515633,0.07848551120831052,0.0,-0.14285576530563057,-0.1738138429781798,-0.11828031602216516,0.07848551120831052
0.75,0.0,-0.5659888847757089,-0.24489735227351572,-0.1492781080551381,0.25,0.0,-0.006637589250567771,-0.06964321391392132,0.026563,0.0,-0.14285576530563057,0.28260537635046734,-0.02540600893219642,0.04686531802442131,0.16666666666666666,-0.14285576530563057,-0.33438658146830047,-0.04819635404791871,0.04686531802442131
0.25,0.0,-0.12812574842664948,-0.09807789530031027,-0.3347978049258509,0.25,-0.5,-0.03627410410056023,0.0077708493254398416,0.0,0.0,-0.14285576530563057,-0.6874193554686961,-0.1637637028014616,0.07848551120831052,0.0,-0.14285576530563057,-0.12812574842664948,-0.049970757045569345,0.07848551120831052
0.25,0.0,-0.12812574842664948,-0.09807789530031027,-0.3347978049258509,0.25,-0.5,0.010343564028148663,0.013386050326501817,0.0,0.0,-0.07142788265281529,-0.6615322134758159,-0.1446102314250913,0.07848551120831052,0.0,-0.07142788265281529,-0.12812574842664948,-0.044677286650343456,0.07848551120831052
0.25,-0.24999718750351554,-0.1738138429781798,-0.11491985447912839,-0.1492781080551381,0.25,-0.5,0.010343564028148663,0.0077708493254398416,0.0,0.0,-0.14285576530563057,-0.13089386286601087,-0.07523345513601301,0.04686531802442131,0.0,-0.14285576530563057,-0.1738138429781798,-0.049970757045569345,0.04686531802442131
0.25,-0.24999718750351554,-0.1738138429781798,-0.11491985447912839,-0.1492781080551381,0.25,0.0,-0.006637589250567771,-0.06964321391392132,0.026563,0.0,-0.21428686224530802,-0.6615322134758159,-0.14045879009338208,0.03164753052669938,0.0,-0.21428686224530802,-0.1738138429781798,-0.11491985447912839,0.03164753052669938
1.0,0.0,-0.752104881709494,-0.29065514130790354,-0.20364865747697133,0.75,0.0,-0.006637589250567771,-0.06964321391392132,0.029559,0.16666666666666666,-0.21428686224530802,0.44098016970262577,0.29634591961023143,-0.08996719518862772,0.3333333333333333,-0.21428686224530802,-0.25219732079925977,0.266031582390785,-0.08996719518862772
1.0,0.0,-0.6266324295461065,-0.3081513496366935,-0.1492781080551381,0.25,-0.5,0.010343564028148663,0.0077708493254398416,0.0,0.0,-0.07142788265281529,0.31366319877815024,-0.02553796183516028,0.04686531802442131,0.3333333333333333,-0.07142788265281529,-0.31826899476594145,-0.04832522130473132,0.04686531802442131
0.25,-0.24999718750351554,-0.12812574842664948,-0.11491985447912839,-0.35816946495067614,0.25,-0.5,-0.03627410410056023,0.005730869935540898,0.0,0.0,-0.21428686224530802,-0.6615322134758159,-0.07903978887535529,0.07848551120831052,0.0,-0.21428686224530802,-0.12812574842664948,-0.051893853031849936,0.07848551120831052
0.75,0.0,-0.738916861523704,-0.2484164196710911,-0.10186515973084209,0.75,0.0,-0.04999577843681214,-0.07965383442517796,0.031909,0.16666666666666666,-0.07142788265281529,0.40396440439990633,0.1406617945594804,-0.02250774558046291,0.16666666666666666,-0.07142788265281529,-0.2714068068477401,0.11398804508371425,-0.02250774558046291
0.25,-0.24999718750351554,-0.12812574842664948,-0.09807789530031027,-0.3347978049258509,0.75,0.0,-0.006637589250567771,-0.06964321391392132,0.029559,0.16666666666666666,-0.2857147448981232,0.05668636846649774,0.11037352821762088,-0.08996719518862772,0.16666666666666666,-0.2857147448981232,-0.12812574842664948,0.08440805321226429,-0.08996719518862772
1.0,0.0,-0.752104881709494,-0.3123048404524231,-0.10186515973084209,0.75,0.0,-0.006637589250567771,-0.06964321391392132,0.029559,0.16666666666666666,-0.14285576530563057,0.3655996390690475,0.034591961023142596,-0.0627483141971934,0.3333333333333333,-0.14285576530563057,-0.2913163620966818,0.010398596338187415,-0.0627483141971934
0.25,-0.24999718750351554,-0.1738138429781798,-0.11491985447912839,-0.20364865747697133,0.25,-0.5,-0.03627410410056023,0.0077708493254398416,0.0,0.0,-0.14285576530563057,-0.13089386286601087,-0.07523345513601301,0.04686531802442131,0.0,-0.14285576530563057,-0.1738138429781798,-0.049970757045569345,0.04686531802442131
1.0,0.0,-0.752104881709494,-0.3123048404524231,-0.20364865747697133,0.25,0.0,-0.006637589250567771,-0.06964321391392132,0.026563,0.16666666666666666,-0.14285576530563057,0.3655996390690475,0.034591961023142596,-0.0627483141971934,0.3333333333333333,-0.14285576530563057,-0.2913163620966818,0.010398596338187415,-0.0627483141971934
1.0,0.0,-0.6016784892780968,-0.3081513496366935,-0.20364865747697133,0.75,0.0,-0.04999577843681214,-0.07965383442517796,0.032055,0.16666666666666666,-0.07142788265281529,0.13223090197638054,-0.1637637028014616,0.07848551120831052,0.3333333333333333,-0.07142788265281529,-0.4124240431799016,-0.13238632421019234,0.07848551120831052
1.0,0.0,-0.738916861523704,-0.3081513496366935,-0.20364865747697133,0.25,0.0,-0.006637589250567771,-0.06964321391392132,0.026563,0.16666666666666666,-0.07142788265281529,0.3655996390690475,0.013002436053593225,-0.02250774558046291,0.3333333333333333,-0.07142788265281529,-0.2913163620966818,-0.010686069449538513,-0.02250774558046291
1.0,0.0,-0.6016784892780968,-0.3081513496366935,-0.20364865747697133,0.75,0.0,-0.04999577843681214,-0.07965383442517796,0.026563,0.0,-0.14285576530563057,0.20320440434124146,-0.05350182704019486,0.04686531802442131,0.3333333333333333,-0.14285576530563057,-0.3755920476142333,-0.07563516688309756,0.04686531802442131
0.5,0.0,-0.1738138429781798,-0.11828031602216516,-0.10186515973084209,0.25,0.0,-0.006637589250567771,-0.06964321391392132,0.032055,0.16666666666666666,-0.21428686224530802,-0.015866613364845388,-0.038438895655704415,-0.08996719518862772,0.16666666666666666,-0.21428686224530802,-0.1738138429781798,-0.060924473874641887,-0.08996719518862772
0.5,0.0,-0.1738138429781798,-0.11828031602216516,-0.10186515973084209,0.75,0.0,-0.04999577843681214,-0.07965383442517796,0.026563,0.0,-0.21428686224530802,-0.6957636686180466,-0.1637637028014616,0.03532895935848361,0.16666666666666666,-0.21428686224530802,-0.1738138429781798,-0.11828031602216516,0.03532895935848361
1.0,0.0,-0.6016784892780968,-0.3081513496366935,-0.10186515973084209,0.25,0.0,-0.006637589250567771,-0.06964321391392132,0.031909,0.0,-0.07142788265281529,0.20320440434124146,-0.06543848964677218,0.04686531802442131,0.3333333333333333,-0.07142788265281529,-0.3755920476142333,-0.08729269719168503,0.04686531802442131
0.25,-0.24999718750351554,-0.12812574842664948,-0.11491985447912839,-0.3347978049258509,0.25,0.0,-0.006637589250567771,-0.06964321391392132,0.032055,0.0,-0.14285576530563057,-0.6957636686180466,-0.1637637028014616,0.07848551120831052,0.0,-0.14285576530563057,-0.12812574842664948,-0.11491985447912839,0.07848551120831052
0.25,-0.24999718750351554,-0.1738138429781798,-0.11491985447912839,-0.20364865747697133,0.25,-0.5,-0.03627410410056023,0.005730869935540898,0.0,0.0,-0.21428686224530802,-0.6615322134758159,-0.10094397076735684,0.06293056314926185,0.0,-0.21428686224530802,-0.1738138429781798,-0.051893853031849936,0.06293056314926185
1.0,0.0,-0.6101930520421093,-0.30702128292310593,-0.1492781080551381,0.25,-0.5,0.010343564028148663,0.013386050326501817,0.0,0.0,-0.07142788265281529,0.31366319877815024,-0.02553796183516028,0.04686531802442131,0.3333333333333333,-0.07142788265281529,-0.31826899476594145,-0.044677286650343456,0.04686531802442131
0.5,0.0,-0.1738138429781798,-0.11828031602216516,-0.1492781080551381,0.25,0.0,-0.006637589250567771,-0.06964321391392132,0.032055,0.16666666666666666,-0.21428686224530802,-0.015866613364845388,-0.038438895655704415,-0.08996719518862772,0.16666666666666666,-0.21428686224530802,-0.1738138429781798,-0.060924473874641887,-0.08996719518862772
0.75,0.0,-0.738916861523704,-0.2484164196710911,-0.10186515973084209,0.75,0.0,-0.04999577843681214,-0.07965383442517796,0.029559,0.16666666666666666,-0.21428686224530802,0.486308370105113,0.31043442955745026,-0.08996719518862772,0.16666666666666666,-0.21428686224530802,-0.22867406182802547,0.27979064027200906,-0.08996719518862772
0.25,0.0,-0.12812574842664948,-0.11491985447912839,-0.3347978049258509,0.5,0.0,-0.04999577843681214,-0.07965383442517796,0.029559,0.0,-0.21428686224530802,-0.6615322134758159,-0.10094397076735684,0.07848551120831052,0.0,-0.21428686224530802,-0.12812574842664948,-0.11491985447912839,0.07848551120831052
1.0,0.0,-0.738916861523704,-0.3485859296781293,-0.10186515973084209,0.25,-0.5,-0.03627410410056023,0.005730869935540898,0.0,0.16666666666666666,-0.21428686224530802,0.4155563650916798,0.21397685749086484,-0.08996719518862772,0.3333333333333333,-0.21428686224530802,-0.26539111041779767,0.18558867554198596,-0.08996719518862772
1.0,0.0,-0.6266324295461065,-0.29438237888956076,-0.10186515973084209,0.25,-0.5,0.010343564028148663,0.0077708493254398416,0.0,0.0,-0.21428686224530802,0.2482835836031257,-0.03544457978075513,0.06293056314926185,0.3333333333333333,-0.21428686224530802,-0.3521980192042766,-0.049970757045569345,0.06293056314926185
1.0,0.24999718750351568,-0.6016784892780968,-0.3081513496366935,-0.10186515973084209,0.75,0.0,-0.006637589250567771,-0.06964321391392132,0.029559,0.0,-0.14285576530563057,0.20320440434124146,-0.04715793747462441,0.04686531802442131,0.3333333333333333,-0.14285576530563057,-0.3755920476142333,-0.06943962569018326,0.04686531802442131
1.0,0.0,-0.6016784892780968,-0.3081513496366935,-0.10186515973084209,0.75,0.0,-0.006637589250567771,-0.06964321391392132,0.031909,0.16666666666666666,-0.14285576530563057,0.030475582580474867,-0.1637637028014616,0.07848551120831052,0.3333333333333333,-0.14285576530563057,-0.465230391294247,-0.12294927586514535,0.07848551120831052
0.25,0.0,-0.1738138429781798,-0.11491985447912839,-0.10186515973084209,0.75,0.0,-0.04999577843681214,-0.07965383442517796,0.029559,0.16666666666666666,-0.21428686224530802,-0.11820636873580852,-0.039677222898903734,-0.08996719518862772,0.16666666666666666,-0.21428686224530802,-0.1738138429781798,-0.06213384351549873,-0.08996719518862772
0.25,0.0,-0.1738138429781798,-0.11491985447912839,-0.10186515973084209,0.75,0.0,-0.04999577843681214,-0.07965383442517796,0.029559,0.16666666666666666,-0.21428686224530802,-0.11820636873580852,-0.049725943970767364,-0.0627483141971934,0.16666666666666666,-0.21428686224530802,-0.1738138429781798,-0.071947580765075,-0.0627483141971934
1.0,0.0,-0.6016784892780968,-0.3081513496366935,-0.1492781080551381,0.75,0.0,-0.04999577843681214,-0.07965383442517796,0.029559,0.16666666666666666,-0.21428686224530802,0.030475582580474867,-0.1637637028014616,0.03532895935848361,0.3333333333333333,-0.21428686224530802,-0.465230391294247,-0.13238632421019234,0.03532895935848361
1.0,0.0,-0.6016784892780968,-0.30702128292310593,-0.1492781080551381,0.75,0.0,-0.006637589250567771,-0.06964321391392132,0.026563,0.0,-0.14285576530563057,0.20320440434124146,-0.04715793747462441,0.04686531802442131,0.3333333333333333,-0.14285576530563057,-0.3755920476142333,-0.06943962569018326,0.04686531802442131
1.0,0.0,-0.752104881709494,-0.3123048404524231,-0.20364865747697133,0.25,-0.5,0.010343564028148663,0.0077708493254398416,0.0,0.16666666666666666,-0.07142788265281529,0.4155563650916798,0.09856881851400728,-0.02250774558046291,0.3333333333333333,-0.07142788265281529,-0.26539111041779767,0.07287939016048928,-0.02250774558046291
1.0,0.0,-0.6016784892780968,-0.30702128292310593,-0.1492781080551381,0.75,0.0,-0.006637589250567771,-0.06964321391392132,0.026563,0.16666666666666666,-0.21428686224530802,0.13223090197638054,-0.09482338611449455,0.03164753052669938,0.3333333333333333,-0.21428686224530802,-0.4124240431799016,-0.11599044399726409,0.03164753052669938
0.25,0.0,-0.12812574842664948,-0.09807789530031027,-0.3347978049258509,0.25,-0.5,-0.03627410410056023,0.0077708493254398416,0.0,0.16666666666666666,-0.21428686224530802,0.05668636846649774,0.031973203410475035,-0.0627483141971934,0.16666666666666666,-0.21428686224530802,-0.12812574842664948,0.007841076933752317,-0.0627483141971934
0.25,-0.24999718750351554,-0.1738138429781798,-0.11491985447912839,-0.20364865747697133,0.25,-0.5,0.010343564028148663,0.0077708493254398416,0.0,0.16666666666666666,-0.2857147448981232,-0.015866613364845388,-0.02540600893219642,-0.08996719518862772,0.16666666666666666,-0.2857147448981232,-0.1738138429781798,-0.04819635404791871,-0.08996719518862772
1.0,0.0,-0.738916861523704,-0.3081513496366935,-0.1492781080551381,0.75,0.0,-0.006637589250567771,-0.06964321391392132,0.029559,0.16666666666666666,0.0,0.3655996390690475,-0.031323589118960535,0.007381082558775207,0.3333333333333333,0.0,-0.2913163620966818,-0.053975554872669154,0.007381082558775207
1.0,0.0,-0.752104881709494,-0.29065514130790354,-0.1492781080551381,0.75,0.0,-0.006637589250567771,-0.06964321391392132,0.029559,0.16666666666666666,-0.07142788265281529,0.44098016970262577,0.1811814859926919,-0.02250774558046291,0.3333333333333333,-0.07142788265281529,-0.25219732079925977,0.1535602057910963,-0.02250774558046291
1.0,0.0,-0.5659888847757089,-0.24703853130978698,-0.1492781080551381,0.75,0.0,-0.006637589250567771,-0.06964321391392132,0.026563,0.0,-0.07142788265281529,0.2187379281834731,-0.14684328055217208,0.07848551120831052,0.3333333333333333,-0.07142788265281529,-0.36753086052028006,-0.12294927586514535,0.07848551120831052
0.25,0.0,-0.1738138429781798,-0.11491985447912839,-0.10186515973084209,0.75,0.0,-0.04999577843681214,-0.07965383442517796,0.026563,0.0,-0.07142788265281529,-0.18585668131965227,-0.12473609419407222,0.04686531802442131,0.16666666666666666,-0.07142788265281529,-0.1738138429781798,-0.11491985447912839,0.04686531802442131
0.25,0.0,-0.12812574842664948,-0.11296701989512191,-0.10186515973084209,0.25,0.0,-0.006637589250567771,-0.06964321391392132,0.032055,0.16666666666666666,-0.14285576530563057,0.05668636846649774,-0.041717417783191255,-0.02250774558046291,0.16666666666666666,-0.14285576530563057,-0.12812574842664948,-0.06412632956314003,-0.02250774558046291
1.0,0.0,-0.738916861523704,-0.3123048404524231,-0.10186515973084209,0.25,-0.5,-0.03627410410056023,0.005730869935540898,0.0,0.16666666666666666,-0.14285576530563057,0.4155563650916798,0.14089524969549336,-0.0627483141971934,0.3333333333333333,-0.14285576530563057,-0.26539111041779767,0.11421604099961345,-0.0627483141971934
0.25,-0.24999718750351554,-0.12812574842664948,-0.09807789530031027,-0.3347978049258509,0.75,0.0,-0.04999577843681214,-0.07965383442517796,0.032055,0.16666666666666666,-0.21428686224530802,-0.04632983227746071,-0.03289687373122203,-0.0627483141971934,0.16666666666666666,-0.21428686224530802,-0.12812574842664948,-0.05551204908851192,-0.0627483141971934
0.25,-0.24999718750351554,-0.1738138429781798,-0.11491985447912839,-0.20364865747697133,0.25,0.0,-0.006637589250567771,-0.06964321391392132,0.029559,0.0,0.0,-0.18585668131965227,-0.12722289890377578,0.04686531802442131,0.0,0.0,-0.1738138429781798,-0.11491985447912839,0.04686531802442131
1.0,0.0,-0.5659888847757089,-0.24703853130978698,-0.1492781080551381,0.25,0.0,-0.006637589250567771,-0.06964321391392132,0.026563,0.0,-0.07142788265281529,0.2187379281834731,-0.14684328055217208,0.07848551120831052,0.3333333333333333,-0.07142788265281529,-0.36753086052028006,-0.12294927586514535,0.07848551120831052
1.0,0.0,-0.6016784892780968,-0.30702128292310593,-0.1492781080551381,0.75,0.0,-0.006637589250567771,-0.06964321391392132,0.029559,0.0,-0.07142788265281529,0.20320440434124146,-0.06543848964677218,0.04686531802442131,0.3333333333333333,-0.07142788265281529,-0.3755920476142333,-0.08729269719168503,0.04686531802442131
1.0,0.0,-0.6016784892780968,-0.30702128292310593,-0.1492781080551381,0.75,0.0,-0.006637589250567771,-0.06964321391392132,0.032055,0.16666666666666666,-0.14285576530563057,0.13223090197638054,-0.1429760454730004,0.07848551120831052,0.3333333333333333,-0.14285576530563057,-0.4124240431799016,-0.12294927586514535,0.07848551120831052
