REL_W,RF_W,INPC_W,PFC_W,WCC_W,REL_D,RF_D,INPC_D,PFC_D,WCC_D,REL_F,RF_F,INPC_F,PFC_F,WCC_F,REL_R,RF_R,INPC_R,PFC_R,WCC_R
0.0,0.0,0.2975993166892279,0.021876436701810893,-0.020472156895391502,-0.11111111111111124,0.0,0.08644331114351181,0.021067276160190773,-0.005886009557480869,0.0,0.0,-0.0031161705178283814,0.0030809659734492597,0.01813210974094255,0.0,0.0,0.2975993166892279,0.021876436701810893,0.01583314859803046
0.0,0.0,0.2975993166892279,0.02335749306526211,-0.020472156895391502,-0.05555555555555562,0.0,0.04862126967824416,0.01550233528768758,-0.005886009557480869,-0.0833333333333335,0.0,0.36756736729915307,0.18650604866113898,0.008929675301915048,-0.05882352941176479,0.0,0.2975993166892279,0.06424390529878767,0.007582908061239181
0.0,0.0,0.33910936559810506,0.02335749306526211,-0.020472156895391502,-0.16666666666666688,0.0,0.1012562425756077,0.06722355045565874,-0.020030258499918872,-0.0833333333333335,0.0,0.4941099877609653,0.24591658737710118,0.011627951438676988,-0.05882352941176479,0.0,0.33910936559810506,0.09661115790837815,0.010001988285115514
0.0,0.0,0.3414083509068996,0.02558833421271053,-0.020472156895391502,-0.16666666666666688,0.0,0.1012562425756077,0.06722355045565874,-0.020030258499918872,0.0,0.04347979206082438,-0.017973649821866163,0.0025146119342123146,0.01813210974094255,0.0,0.03703833333333335,0.3414083509068996,0.02558833421271053,0.01583314859803046
0.0,0.0,0.2745240429377475,0.012962328714288788,-0.020472156895391502,-0.11111111111111124,0.0,0.06059090552925586,0.06297385296163575,-0.020030258499918872,-0.0833333333333335,0.0,0.493184518302672,0.24390603053780976,0.009185864958735617,-0.05882352941176479,0.0,0.2745240429377475,0.09551579330624232,0.007812589272858992
0.0,0.0,0.338211761816268,0.030870768575686606,-0.020472156895391502,-0.05555555555555562,0.0,0.04862126967824416,0.01550233528768758,-0.00522324785230927,-0.0833333333333335,0.0,0.34996864081295537,0.20562049748538802,0.008929675301915048,-0.05882352941176479,0.0,0.338211761816268,0.07465758285430414,0.007582908061239181
0.0,0.0,0.2996201232895479,0.021876436701810893,-0.020472156895391502,-0.11111111111111124,0.0,0.08644331114351181,0.021067276160190773,-0.005814019923988092,-0.0833333333333335,0.04347979206082438,0.26988960881428553,0.012119976439671906,0.021857693655800908,-0.05882352941176479,0.03703833333333335,0.2996201232895479,0.021876436701810893,0.019173239053576284
-0.13333333333333353,0.0,0.5519875131289405,0.06393226635564483,-0.020472156895391502,-0.11111111111111124,0.0,0.08644331114351181,0.021067276160190773,0.0005999136124398061,-0.166666666666667,0.0,-0.03693794945742099,0.002129491187531157,0.008788197431730553,-0.11764705882352958,0.0,0.5519875131289405,0.06393226635564483,0.007456069183180479
0.0,0.0,0.3303373168643912,0.02335749306526211,-0.020472156895391502,-0.11111111111111124,0.0,0.08644331114351181,0.021067276160190773,0.0005999136124398061,-0.0833333333333335,0.0,0.4941099877609653,0.24390603053780976,0.011371761781856417,-0.05882352941176479,0.0,0.3303373168643912,0.09551579330624232,0.009772307073495703
0.0,0.0,0.27614512337092617,0.015594289293505266,-0.020472156895391502,-0.11111111111111124,0.0,0.04862126967824416,0.01550233528768758,0.0005279239789470284,0.0,0.04347979206082438,-0.022762724643527903,-0.0020615287028227266,0.015205684606315524,0.0,0.03703833333333335,0.27614512337092617,0.015594289293505266,0.01320952639962703
0.0,0.0,0.3374719106839551,0.030870768575686606,-0.020472156895391502,-0.11111111111111124,0.0,0.08644331114351181,0.021067276160190773,-0.00522324785230927,-0.0833333333333335,0.0,0.4941099877609653,0.24390603053780976,0.008929675301915048,-0.05882352941176479,0.0,0.3374719106839551,0.09551579330624232,0.007582908061239181
0.0,0.0,0.27614512337092617,0.015594289293505266,-0.020472156895391502,-0.11111111111111124,0.0,0.08644331114351181,0.021067276160190773,0.0005279239789470284,0.0,0.0,-0.0031161705178283814,0.0030809659734492597,0.01813210974094255,0.0,0.0,0.27614512337092617,0.015594289293505266,0.01583314859803046
0.0,0.0,0.2975993166892279,0.021876436701810893,-0.020472156895391502,-0.05555555555555562,0.0,0.04862126967824416,0.01550233528768758,-0.005151258218816492,-0.0833333333333335,0.0,0.30871634061042524,0.02362829051696794,0.011371761781856417,-0.05882352941176479,0.0,0.2975993166892279,0.021876436701810893,0.009772307073495703
0.0,0.0,0.2832797137819803,0.015594289293505266,-0.020472156895391502,-0.05555555555555562,0.0,0.04862126967824416,0.01550233528768758,-0.005163827837362851,-0.0833333333333335,0.04347979206082438,-0.022762724643527903,-0.0020615287028227266,0.023956919351241116,-0.05882352941176479,0.03703833333333335,0.2832797137819803,0.015594289293505266,0.0210552537577446
0.0,0.0,0.30779834485832863,0.01999734644068215,-0.020472156895391502,-0.16666666666666688,0.0,0.1012562425756077,0.06410788503019209,-0.020030258499918872,-0.166666666666667,0.0,0.5538866191097943,0.29873476507634456,0.008929675301915048,-0.11764705882352958,0.0,0.30779834485832863,0.12538684883659937,0.007582908061239181
0.0,0.0,0.32052832787764407,0.02335749306526211,-0.020472156895391502,-0.16666666666666688,0.0,0.1012562425756077,0.06410788503019209,-0.020030258499918872,-0.166666666666667,0.0,0.5538866191097943,0.29873476507634456,0.008929675301915048,-0.11764705882352958,0.0,0.32052832787764407,0.12538684883659937,0.007582908061239181
0.0,0.0,0.3414083509068996,0.02335749306526211,-0.020472156895391502,-0.11111111111111124,0.0,0.06059090552925586,0.06410788503019209,-0.020030258499918872,-0.0833333333333335,0.0,0.4941099877609653,0.24591658737710118,0.011627951438676988,-0.05882352941176479,0.0,0.3414083509068996,0.09661115790837815,0.010001988285115514
0.0,0.0,0.3414083509068996,0.03893326915422426,-0.020472156895391502,-0.11111111111111124,0.0,0.04862126967824416,0.01550233528768758,0.0005279239789470284,-0.166666666666667,0.0,0.4122845409271682,0.24390603053780976,0.00869260427620049,-0.11764705882352958,0.0,0.3414083509068996,0.09551579330624232,0.007370367238546222
0.0,0.0,0.2832797137819803,0.015594289293505266,-0.020472156895391502,-0.16666666666666688,0.0,0.1012562425756077,0.06410788503019209,-0.020030258499918872,-0.0833333333333335,0.0,0.35993809501743174,0.024738344433872482,0.01813210974094255,-0.05882352941176479,0.0,0.2832797137819803,0.015594289293505266,0.01583314859803046
0.0,0.0,0.2996201232895479,0.02558833421271053,-0.020472156895391502,-0.11111111111111124,0.0,0.06059090552925586,0.06410788503019209,-0.020030258499918872,-0.0833333333333335,0.04347979206082438,0.35993809501743174,0.02362829051696794,0.02251792371666189,-0.05882352941176479,0.03703833333333335,0.2996201232895479,0.02558833421271053,0.019765153817850233
-0.06666666666666676,0.0,0.5485068963270564,0.059248425606230296,-0.020472156895391502,-0.11111111111111124,0.0,0.08644331114351181,0.021067276160190773,-0.005163827837362851,-0.166666666666667,0.0,-0.03693794945742099,0.002129491187531157,0.011718446292578785,-0.11764705882352958,0.0,0.5485068963270564,0.059248425606230296,0.010083119459369282
-0.06666666666666676,0.0,0.5666175494726873,0.06090535741284135,-0.020472156895391502,-0.11111111111111124,0.0,0.06059090552925586,0.06297385296163575,-0.020030258499918872,-0.166666666666667,0.0,-0.0450420068745758,0.0019199401930134119,0.009006149826339105,-0.11764705882352958,0.0,0.5666175494726873,0.06090535741284135,0.007651469616946593
0.0,0.0,0.338211761816268,0.021876436701810893,-0.020472156895391502,-0.11111111111111124,0.0,0.08644331114351181,0.021067276160190773,-0.00522324785230927,-0.0833333333333335,0.0,0.30731074336461695,0.024738344433872482,0.015205684606315524,-0.05882352941176479,0.0,0.338211761816268,0.021876436701810893,0.01320952639962703
-0.13333333333333353,0.0,0.5588732005219996,0.06393226635564483,-0.020472156895391502,-0.11111111111111124,0.0,0.08644331114351181,0.021067276160190773,-0.005163827837362851,-0.166666666666667,0.0,-0.08671606693579821,-0.060452630148158236,0.011499219322563172,-0.11764705882352958,0.0,0.5588732005219996,0.06393226635564483,0.00988657633300805
0.0,0.0,0.3160177173656535,0.011410305066755508,-0.020472156895391502,-0.11111111111111124,0.0,0.06059090552925586,0.06297385296163575,-0.020030258499918872,-0.0833333333333335,0.0,0.4941099877609653,0.24591658737710118,0.008929675301915048,-0.05882352941176479,0.0,0.3160177173656535,0.09661115790837815,0.007582908061239181
0.0,0.0,0.2996201232895479,0.02335749306526211,-0.020472156895391502,-0.11111111111111124,0.0,0.04862126967824416,0.01550233528768758,0.0005999136124398061,-0.0833333333333335,0.0,0.36756736729915307,0.18650604866113898,0.011371761781856417,-0.05882352941176479,0.0,0.2996201232895479,0.06424390529878767,0.009772307073495703
0.0,0.0,0.338211761816268,0.01999734644068215,-0.020472156895391502,-0.11111111111111124,0.0,0.06059090552925586,0.06151831695611759,-0.020030258499918872,-0.0833333333333335,0.04347979206082438,-0.0031161705178283814,0.011587603642789136,0.02251792371666189,-0.05882352941176479,0.03703833333333335,0.338211761816268,0.01999734644068215,0.019765153817850233
0.0,0.0,0.2996201232895479,0.02558833421271053,-0.020472156895391502,-0.11111111111111124,0.0,0.04862126967824416,0.01550233528768758,0.0005279239789470284,-0.0833333333333335,0.0,0.30871634061042524,0.02362829051696794,0.00869260427620049,-0.05882352941176479,0.0,0.2996201232895479,0.02558833421271053,0.007370367238546222
-0.13333333333333353,0.0,0.5955015680934443,0.09299491195428472,-0.020472156895391502,-0.11111111111111124,0.0,0.08644331114351181,0.021067276160190773,0.0005873439938934475,-0.166666666666667,0.0,-0.03693794945742099,0.0025146119342123146,0.011718446292578785,-0.11764705882352958,0.0,0.5955015680934443,0.09299491195428472,0.010083119459369282
-0.13333333333333353,0.0,0.594829720139703,0.0862684476369437,-0.020472156895391502,-0.05555555555555562,0.0,0.04862126967824416,0.01550233528768758,-0.005886009557480869,-0.166666666666667,0.0,-0.0450420068745758,-0.00019822391373299378,0.0036312653347353673,-0.11764705882352958,0.0,0.594829720139703,0.0862684476369437,0.0028327349433110226
0.0,0.0,0.2996201232895479,0.016020092997997493,-0.020472156895391502,-0.16666666666666688,0.0,0.06059090552925586,0.06410788503019209,-0.01998226541092369,-0.0833333333333335,0.0,0.44729759171779887,0.20562049748538802,0.011718446292578785,-0.05882352941176479,0.0,0.2996201232895479,0.07465758285430414,0.010083119459369282
0.0,0.0,0.3303373168643912,0.021876436701810893,-0.020472156895391502,-0.11111111111111124,0.0,0.06059090552925586,0.06297385296163575,-0.020030258499918872,-0.0833333333333335,0.0,-0.0031161705178283814,0.011587603642789136,0.015979351878405504,-0.05882352941176479,0.0,0.3303373168643912,0.021876436701810893,0.013903140804866957
0.0,0.0,0.3303373168643912,0.02335749306526211,-0.020472156895391502,-0.11111111111111124,0.0,0.04862126967824416,0.01550233528768758,0.0005279239789470284,-0.0833333333333335,0.0,-0.0031161705178283814,0.008835123012097277,0.015205684606315524,-0.05882352941176479,0.0,0.3303373168643912,0.02335749306526211,0.01320952639962703
-0.13333333333333353,0.0,0.5996587740861704,0.0862684476369437,-0.020472156895391502,-0.16666666666666688,0.0,0.1012562425756077,0.06722355045565874,-0.020030258499918872,-0.166666666666667,0.0,-0.03693794945742099,0.00271283584794523,0.0036312653347353673,-0.11764705882352958,0.0,0.5996587740861704,0.0862684476369437,0.0028327349433110226
-0.13333333333333353,0.0,0.5996587740861704,0.0862684476369437,-0.020472156895391502,-0.11111111111111124,0.0,0.06059090552925586,0.06297385296163575,-0.020030258499918872,-0.166666666666667,0.0,-0.03693794945742099,0.00271283584794523,0.0029353471624764993,-0.11764705882352958,0.0,0.5996587740861704,0.0862684476369437,0.00220882478637362
-0.13333333333333353,0.0,0.5519875131289405,0.06393226635564483,-0.020472156895391502,-0.16666666666666688,0.0,0.1012562425756077,0.06722355045565874,-0.020030258499918872,-0.166666666666667,0.0,-0.03693794945742099,0.002503284853427563,0.008788197431730553,-0.11764705882352958,0.0,0.5519875131289405,0.06393226635564483,0.007456069183180479
-0.06666666666666676,0.0,0.5666175494726873,0.05599010160663758,-0.020472156895391502,-0.16666666666666688,0.0,0.1012562425756077,0.06410788503019209,-0.020030258499918872,-0.0833333333333335,0.0,-0.08120412474547442,-0.060452630148158236,0.0029353471624764993,-0.05882352941176479,0.0,0.5666175494726873,0.05599010160663758,0.00220882478637362
-0.13333333333333353,0.0,0.5904624442808777,0.06393226635564483,-0.020472156895391502,-0.16666666666666688,0.0,0.06059090552925586,0.06297385296163575,-0.01998226541092369,-0.166666666666667,0.0,-0.08120412474547442,-0.060452630148158236,0.008788197431730553,-0.11764705882352958,0.0,0.5904624442808777,0.06393226635564483,0.007456069183180479
-0.13333333333333353,0.0,0.5904624442808777,0.06244812445810305,-0.020472156895391502,-0.11111111111111124,0.0,0.06059090552925586,0.06297385296163575,-0.020030258499918872,-0.166666666666667,0.0,-0.03693794945742099,0.00271283584794523,0.0029353471624764993,-0.11764705882352958,0.0,0.5904624442808777,0.06244812445810305,0.00220882478637362
0.0,0.0,0.3231523077767076,0.021876436701810893,-0.020472156895391502,-0.11111111111111124,0.0,0.08644331114351181,0.021067276160190773,-0.005151258218816492,-0.0833333333333335,0.0,0.4941099877609653,0.24390603053780976,0.011627951438676988,-0.05882352941176479,0.0,0.3231523077767076,0.09551579330624232,0.010001988285115514
0.0,0.0,0.33427376049584545,0.02335749306526211,-0.020472156895391502,-0.16666666666666688,0.0,0.06059090552925586,0.06410788503019209,-0.01998226541092369,-0.166666666666667,0.0,0.5387553386996092,0.2837433736577409,0.011499219322563172,-0.11764705882352958,0.0,0.33427376049584545,0.11721944009898391,0.00988657633300805
0.0,0.0,0.3374719106839551,0.02558833421271053,-0.020472156895391502,-0.11111111111111124,0.0,0.08644331114351181,0.021067276160190773,-0.00522324785230927,-0.166666666666667,0.0,0.49618582398142064,0.24591658737710118,0.00869260427620049,-0.11764705882352958,0.0,0.3374719106839551,0.09661115790837815,0.007370367238546222
0.0,0.0,0.2832797137819803,0.01999734644068215,-0.020472156895391502,-0.05555555555555562,0.0,0.04862126967824416,0.01550233528768758,-0.005163827837362851,-0.0833333333333335,0.0,0.276951962470595,0.012567396130669197,0.023295414714973074,-0.05882352941176479,0.0,0.2832797137819803,0.01999734644068215,0.020462196300875535
0.0,0.0,0.3303373168643912,0.01999734644068215,-0.020472156895391502,-0.11111111111111124,0.0,0.06059090552925586,0.06297385296163575,-0.020030258499918872,0.0,0.04347979206082438,-0.017973649821866163,0.0025146119342123146,0.01813210974094255,0.0,0.03703833333333335,0.3303373168643912,0.01999734644068215,0.01583314859803046
0.0,0.0,0.338211761816268,0.02335749306526211,-0.020472156895391502,-0.16666666666666688,0.0,0.1012562425756077,0.06410788503019209,-0.020030258499918872,-0.0833333333333335,0.0,0.4015786337530223,0.20562049748538802,0.02251792371666189,-0.05882352941176479,0.0,0.338211761816268,0.07465758285430414,0.019765153817850233
-0.06666666666666676,0.0,0.5666175494726873,0.06244812445810305,-0.020472156895391502,-0.05555555555555562,0.0,0.04862126967824416,0.01550233528768758,-0.005886009557480869,-0.166666666666667,0.0,-0.0450420068745758,-0.00019822391373299378,0.0029353471624764993,-0.11764705882352958,0.0,0.5666175494726873,0.06244812445810305,0.00220882478637362
-0.13333333333333353,0.0,0.5666175494726873,0.06393226635564483,-0.020472156895391502,-0.16666666666666688,0.0,0.06059090552925586,0.06410788503019209,-0.01998226541092369,-0.166666666666667,0.0,-0.03693794945742099,0.00271283584794523,0.0036312653347353673,-0.11764705882352958,0.0,0.5666175494726873,0.06393226635564483,0.0028327349433110226
0.0,0.0,0.2996201232895479,0.021876436701810893,-0.020472156895391502,-0.11111111111111124,0.0,0.08644331114351181,0.021067276160190773,0.0005279239789470284,-0.0833333333333335,0.04347979206082438,0.26988960881428553,0.012119976439671906,0.015205684606315524,-0.05882352941176479,0.03703833333333335,0.2996201232895479,0.021876436701810893,0.01320952639962703
-0.13333333333333353,0.0,0.5666175494726873,0.06034379020836613,-0.020472156895391502,-0.16666666666666688,0.0,0.1012562425756077,0.06410788503019209,-0.020030258499918872,-0.166666666666667,0.0,-0.03693794945742099,0.00271283584794523,0.0029353471624764993,-0.11764705882352958,0.0,0.5666175494726873,0.06034379020836613,0.00220882478637362
-0.13333333333333353,0.0,0.5886489466537372,0.08729284495499746,-0.020472156895391502,-0.05555555555555562,0.0,0.04862126967824416,0.01550233528768758,-0.005886009557480869,-0.166666666666667,-0.0434778355386599,-0.03693794945742099,0.002446649449503884,0.003847943153936846,-0.11764705882352958,-0.03703666666666667,0.5886489466537372,0.08729284495499746,0.0030269926844820084
-0.13333333333333353,0.0,0.5800301172515433,0.06393226635564483,-0.020472156895391502,-0.11111111111111124,0.0,0.06059090552925586,0.06410788503019209,-0.020030258499918872,-0.166666666666667,0.0,-0.03693794945742099,0.00271283584794523,0.0036312653347353673,-0.11764705882352958,0.0,0.5800301172515433,0.06393226635564483,0.0028327349433110226
-0.06666666666666676,0.0,0.5666175494726873,0.057421789424640456,-0.020472156895391502,-0.11111111111111124,0.0,0.04862126967824416,0.01550233528768758,0.0005873439938934475,-0.166666666666667,-0.0434778355386599,-0.03328611809986942,0.006852883874767732,0.011499219322563172,-0.11764705882352958,-0.03703666666666667,0.5666175494726873,0.057421789424640456,0.00988657633300805
0.0,0.0,0.2832797137819803,0.01999734644068215,-0.020472156895391502,-0.05555555555555562,0.0,0.04862126967824416,0.01550233528768758,-0.005163827837362851,-0.0833333333333335,0.04347979206082438,0.26988960881428553,0.012119976439671906,0.023295414714973074,-0.05882352941176479,0.03703833333333335,0.2832797137819803,0.01999734644068215,0.020462196300875535
0.0,0.0,0.2996201232895479,0.015594289293505266,-0.020472156895391502,-0.16666666666666688,0.0,0.06059090552925586,0.06410788503019209,-0.01998226541092369,-0.0833333333333335,0.0,0.44729759171779887,0.20562049748538802,0.011371761781856417,-0.05882352941176479,0.0,0.2996201232895479,0.07465758285430414,0.009772307073495703
0.0,0.0,0.33910936559810506,0.030870768575686606,-0.020472156895391502,-0.16666666666666688,0.0,0.06059090552925586,0.06297385296163575,-0.01998226541092369,-0.0833333333333335,0.0,-0.0031161705178283814,0.011587603642789136,0.015979351878405504,-0.05882352941176479,0.0,0.33910936559810506,0.030870768575686606,0.013903140804866957
0.0,0.0,0.27614512337092617,0.016020092997997493,-0.020472156895391502,-0.11111111111111124,0.0,0.08644331114351181,0.021067276160190773,0.0005999136124398061,-0.0833333333333335,0.04347979206082438,-0.022762724643527903,-0.0020615287028227266,0.023299238441194272,-0.05882352941176479,0.03703833333333335,0.27614512337092617,0.016020092997997493,0.0204656243786609
0.0,0.0,0.27614512337092617,0.015594289293505266,-0.020472156895391502,-0.11111111111111124,0.0,0.08644331114351181,0.021067276160190773,-0.005886009557480869,-0.0833333333333335,0.0,0.26988960881428553,0.012119976439671906,0.015205684606315524,-0.05882352941176479,0.0,0.27614512337092617,0.015594289293505266,0.01320952639962703
0.0,0.0,0.27614512337092617,0.015594289293505266,-0.020472156895391502,-0.11111111111111124,0.0,0.04862126967824416,0.01550233528768758,0.0005279239789470284,-0.0833333333333335,0.04347979206082438,0.26988960881428553,0.012119976439671906,0.01813210974094255,-0.05882352941176479,0.03703833333333335,0.27614512337092617,0.015594289293505266,0.01583314859803046
0.0,0.0,0.33910936559810506,0.02335749306526211,-0.020472156895391502,-0.11111111111111124,0.0,0.06059090552925586,0.06297385296163575,-0.020030258499918872,-0.0833333333333335,0.0,0.4015786337530223,0.20562049748538802,0.021857693655800908,-0.05882352941176479,0.0,0.33910936559810506,0.07465758285430414,0.019173239053576284
0.0,0.0,0.2719310872946793,0.015594289293505266,-0.020472156895391502,-0.05555555555555562,0.0,0.04862126967824416,0.01550233528768758,-0.005886009557480869,-0.166666666666667,0.0,0.47947214161299034,0.2500056635403924,0.008929675301915048,-0.11764705882352958,0.0,0.2719310872946793,0.09883891352173606,0.007582908061239181
-0.13333333333333353,0.0,0.5666175494726873,0.06090535741284135,-0.020472156895391502,-0.11111111111111124,0.0,0.06059090552925586,0.06297385296163575,-0.020030258499918872,-0.166666666666667,0.0,-0.0450420068745758,0.0020162203796837207,0.0036312653347353673,-0.11764705882352958,0.0,0.5666175494726873,0.06090535741284135,0.0028327349433110226
0.0,0.0,0.2832797137819803,0.012962328714288788,-0.020472156895391502,-0.11111111111111124,0.0,0.06059090552925586,0.06410788503019209,-0.020030258499918872,-0.0833333333333335,0.0,0.44729759171779887,0.20962462054279365,0.011627951438676988,-0.05882352941176479,0.0,0.2832797137819803,0.07683905545630418,0.010001988285115514
-0.13333333333333353,0.0,0.5712194807786378,0.06393226635564483,-0.020472156895391502,-0.11111111111111124,0.0,0.06059090552925586,0.06410788503019209,-0.020030258499918872,-0.166666666666667,0.0,-0.0450420068745758,0.0020162203796837207,0.008788197431730553,-0.11764705882352958,0.0,0.5712194807786378,0.06393226635564483,0.007456069183180479
0.0,0.0,0.2904647228696639,0.015594289293505266,-0.020472156895391502,-0.16666666666666688,0.0,0.1012562425756077,0.06722355045565874,-0.020030258499918872,0.0,0.04347979206082438,-0.0031161705178283814,0.004915953060577193,0.01890832616384667,0.0,0.03703833333333335,0.2904647228696639,0.015594289293505266,0.016529048388460636
-0.13333333333333353,0.0,0.594829720139703,0.08795932031855055,-0.020472156895391502,-0.16666666666666688,0.0,0.1012562425756077,0.066095363913229,-0.020030258499918872,-0.166666666666667,0.0,-0.0450420068745758,0.0019199401930134119,0.011499219322563172,-0.11764705882352958,0.0,0.594829720139703,0.08795932031855055,0.00988657633300805
0.0,0.0,0.338211761816268,0.030870768575686606,-0.020472156895391502,-0.05555555555555562,0.0,0.04862126967824416,0.01550233528768758,-0.005814019923988092,-0.166666666666667,0.0,0.4122845409271682,0.24390603053780976,0.011371761781856417,-0.11764705882352958,0.0,0.338211761816268,0.09551579330624232,0.009772307073495703
0.0,0.0,0.2996201232895479,0.01999734644068215,-0.020472156895391502,-0.16666666666666688,0.0,0.1012562425756077,0.06722355045565874,-0.020030258499918872,-0.0833333333333335,0.0,0.35993809501743174,0.024738344433872482,0.015205684606315524,-0.05882352941176479,0.0,0.2996201232895479,0.01999734644068215,0.01320952639962703
0.0,0.0,0.2996201232895479,0.021876436701810893,-0.020472156895391502,-0.05555555555555562,0.0,0.04862126967824416,0.01550233528768758,-0.00522324785230927,0.0,0.0,-0.0031161705178283814,0.0030809659734492597,0.01813210974094255,0.0,0.0,0.2996201232895479,0.021876436701810893,0.01583314859803046
-0.13333333333333353,0.0,0.5666175494726873,0.06034379020836613,-0.020472156895391502,-0.16666666666666688,0.0,0.1012562425756077,0.06410788503019209,-0.020030258499918872,-0.166666666666667,0.0,-0.03693794945742099,0.00271283584794523,0.0036312653347353673,-0.11764705882352958,0.0,0.5666175494726873,0.06034379020836613,0.0028327349433110226
-0.06666666666666676,0.0,0.5666175494726873,0.06090535741284135,-0.020472156895391502,-0.05555555555555562,0.0,0.04862126967824416,0.01550233528768758,-0.00522324785230927,-0.166666666666667,0.0,-0.03693794945742099,0.002446649449503884,0.0036312653347353673,-0.11764705882352958,0.0,0.5666175494726873,0.06090535741284135,0.0028327349433110226
0.0,0.0,0.338211761816268,0.02335749306526211,-0.020472156895391502,-0.11111111111111124,0.0,0.04862126967824416,0.01550233528768758,0.0005873439938934475,-0.0833333333333335,0.0,0.30731074336461695,0.021113678582755625,0.022515374565847752,-0.05882352941176479,0.0,0.338211761816268,0.02335749306526211,0.019762868432659984
0.0,0.0,0.2996201232895479,0.021876436701810893,-0.020472156895391502,-0.11111111111111124,0.0,0.08644331114351181,0.021067276160190773,-0.005814019923988092,-0.166666666666667,0.0,0.4502038374416328,0.22623578451361512,0.011627951438676988,-0.11764705882352958,0.0,0.2996201232895479,0.08588892694380933,0.010001988285115514
0.0,0.0,0.3414083509068996,0.02558833421271053,-0.020472156895391502,-0.11111111111111124,0.0,0.06059090552925586,0.06410788503019209,-0.020030258499918872,-0.0833333333333335,0.0,0.4015786337530223,0.20562049748538802,0.01890832616384667,-0.05882352941176479,0.0,0.3414083509068996,0.07465758285430414,0.016529048388460636
0.0,0.0,0.3303373168643912,0.01999734644068215,-0.020472156895391502,-0.11111111111111124,0.0,0.06059090552925586,0.06410788503019209,-0.020030258499918872,-0.0833333333333335,0.0,0.4015786337530223,0.20562049748538802,0.01890832616384667,-0.05882352941176479,0.0,0.3303373168643912,0.07465758285430414,0.016529048388460636
-0.06666666666666676,0.0,0.5485068963270564,0.059248425606230296,-0.020472156895391502,-0.11111111111111124,0.0,0.04862126967824416,0.01550233528768758,0.0005279239789470284,-0.166666666666667,0.0,-0.0450420068745758,-0.0026108921208826234,0.0036312653347353673,-0.11764705882352958,0.0,0.5485068963270564,0.059248425606230296,0.0028327349433110226
0.0,0.0,0.2975993166892279,0.015594289293505266,-0.020472156895391502,-0.11111111111111124,0.0,0.06059090552925586,0.06297385296163575,-0.020030258499918872,-0.0833333333333335,0.0,0.44729759171779887,0.20962462054279365,0.009185864958735617,-0.05882352941176479,0.0,0.2975993166892279,0.07683905545630418,0.007812589272858992
0.0,0.0,0.28008156359387065,0.01999734644068215,-0.020472156895391502,-0.05555555555555562,0.0,0.04862126967824416,0.01550233528768758,-0.005151258218816492,-0.0833333333333335,0.0,0.30871634061042524,0.02362829051696794,0.011627951438676988,-0.05882352941176479,0.0,0.28008156359387065,0.01999734644068215,0.010001988285115514
0.0,0.0,0.27614512337092617,0.01124368622586725,-0.020472156895391502,-0.16666666666666688,0.0,0.1012562425756077,0.06722355045565874,-0.020030258499918872,-0.0833333333333335,0.0,0.44729759171779887,0.20962462054279365,0.011627951438676988,-0.05882352941176479,0.0,0.27614512337092617,0.07683905545630418,0.010001988285115514
0.0,0.0,0.3160177173656535,0.011373278657669232,-0.020472156895391502,-0.11111111111111124,0.0,0.08644331114351181,0.021067276160190773,-0.005814019923988092,-0.0833333333333335,0.0,0.30731074336461695,0.024738344433872482,0.02251792371666189,-0.05882352941176479,0.0,0.3160177173656535,0.011373278657669232,0.019765153817850233
0.0,0.0,0.338211761816268,0.030870768575686606,-0.020472156895391502,-0.16666666666666688,0.0,0.1012562425756077,0.06410788503019209,-0.01998226541092369,0.0,0.0,-0.017973649821866163,0.0025146119342123146,0.015979351878405504,0.0,0.0,0.338211761816268,0.030870768575686606,0.013903140804866957
0.0,0.0,0.2975993166892279,0.021876436701810893,-0.020472156895391502,-0.05555555555555562,0.0,0.04862126967824416,0.01550233528768758,-0.00522324785230927,0.0,0.0,-0.0031161705178283814,0.0030809659734492597,0.015205684606315524,0.0,0.0,0.2975993166892279,0.021876436701810893,0.01320952639962703
-0.13333333333333353,0.0,0.5996587740861704,0.0862684476369437,-0.020472156895391502,-0.11111111111111124,0.0,0.06059090552925586,0.06410788503019209,-0.020030258499918872,-0.166666666666667,0.0,-0.03693794945742099,0.00271283584794523,0.008788197431730553,-0.11764705882352958,0.0,0.5996587740861704,0.0862684476369437,0.007456069183180479
0.0,0.0,0.3160177173656535,0.01999734644068215,-0.020472156895391502,-0.05555555555555562,0.0,0.04862126967824416,0.01550233528768758,-0.012239380386367224,-0.0833333333333335,0.0,0.34996864081295537,0.20562049748538802,0.011532358283146926,-0.05882352941176479,0.0,0.3160177173656535,0.07465758285430414,0.00991628634048126
-0.06666666666666676,0.0,0.5666175494726873,0.06090535741284135,-0.020472156895391502,-0.05555555555555562,0.0,0.04862126967824416,0.01550233528768758,-0.00522324785230927,-0.166666666666667,0.0,-0.03693794945742099,0.002446649449503884,0.0036312653347353673,-0.11764705882352958,0.0,0.5666175494726873,0.06090535741284135,0.0028327349433110226
0.0,0.0,0.3040070492072411,0.01999734644068215,-0.020472156895391502,-0.05555555555555562,0.0,0.04862126967824416,0.01550233528768758,-0.00522324785230927,-0.166666666666667,0.0,0.5245694111361585,0.2879343935480947,0.008929675301915048,-0.11764705882352958,0.0,0.3040070492072411,0.11950273532597121,0.007582908061239181
-0.06666666666666676,0.0,0.5059438871691916,0.06090535741284135,-0.020472156895391502,-0.05555555555555562,0.0,0.04862126967824416,0.01550233528768758,-0.012226810767820865,-0.166666666666667,0.0,-0.0450420068745758,-0.0026108921208826234,0.009006149826339105,-0.11764705882352958,0.0,0.5059438871691916,0.06090535741284135,0.007651469616946593
0.0,0.0,0.338211761816268,0.03317257700721705,-0.020472156895391502,-0.05555555555555562,0.0,0.04862126967824416,0.01550233528768758,-0.005886009557480869,0.0,0.0,-0.022762724643527903,0.0018406506275202299,0.015979351878405504,0.0,0.0,0.338211761816268,0.03317257700721705,0.013903140804866957
0.0,0.0,0.338211761816268,0.02702002203071341,-0.020472156895391502,-0.05555555555555562,0.0,0.04862126967824416,0.01550233528768758,-0.005151258218816492,-0.0833333333333335,0.0,-0.022762724643527903,0.0018406506275202299,0.02251792371666189,-0.05882352941176479,0.0,0.338211761816268,0.02702002203071341,0.019765153817850233
0.0,0.0,0.29440116650111814,0.021876436701810893,-0.020472156895391502,-0.05555555555555562,0.0,0.04862126967824416,0.01550233528768758,-0.005814019923988092,-0.0833333333333335,0.0,0.30871634061042524,0.02362829051696794,0.011627951438676988,-0.05882352941176479,0.0,0.29440116650111814,0.021876436701810893,0.010001988285115514
-0.13333333333333353,0.0,0.5666175494726873,0.06914990450271989,-0.020472156895391502,-0.05555555555555562,0.0,0.04862126967824416,0.01550233528768758,-0.00522324785230927,-0.166666666666667,-0.0434778355386599,-0.03693794945742099,0.002446649449503884,0.003847943153936846,-0.11764705882352958,-0.03703666666666667,0.5666175494726873,0.06914990450271989,0.0030269926844820084
-0.13333333333333353,0.0,0.5886489466537372,0.08889732268206965,-0.020472156895391502,-0.11111111111111124,0.0,0.04862126967824416,0.01550233528768758,0.0005279239789470284,-0.166666666666667,0.0,-0.0450420068745758,-0.00019822391373299378,0.003847943153936846,-0.11764705882352958,0.0,0.5886489466537372,0.08889732268206965,0.0030269926844820084
0.0,0.0,0.2904647228696639,0.011373278657669232,-0.020472156895391502,-0.11111111111111124,0.0,0.06059090552925586,0.06297385296163575,-0.020030258499918872,-0.0833333333333335,0.0,0.44729759171779887,0.20562049748538802,0.008929675301915048,-0.05882352941176479,0.0,0.2904647228696639,0.07465758285430414,0.007582908061239181
-0.13333333333333353,0.0,0.5666175494726873,0.06393226635564483,-0.020472156895391502,-0.05555555555555562,0.0,0.04862126967824416,0.01550233528768758,-0.005163827837362851,-0.166666666666667,0.0,-0.08671606693579821,-0.060452630148158236,0.011499219322563172,-0.11764705882352958,0.0,0.5666175494726873,0.06393226635564483,0.00988657633300805
0.0,0.0,0.3231523077767076,0.02335749306526211,-0.020472156895391502,-0.11111111111111124,0.0,0.08644331114351181,0.021067276160190773,0.0005873439938934475,-0.0833333333333335,0.04347979206082438,0.30731074336461695,0.024738344433872482,0.022515374565847752,-0.05882352941176479,0.03703833333333335,0.3231523077767076,0.02335749306526211,0.019762868432659984
0.0,0.0,0.29440116650111814,0.02335749306526211,-0.020472156895391502,-0.11111111111111124,0.0,0.04862126967824416,0.01550233528768758,0.0005999136124398061,-0.0833333333333335,0.0,0.30871634061042524,0.02362829051696794,0.011627951438676988,-0.05882352941176479,0.0,0.29440116650111814,0.02335749306526211,0.010001988285115514
0.0,0.0,0.2996201232895479,0.02335749306526211,-0.020472156895391502,-0.11111111111111124,0.0,0.06059090552925586,0.06297385296163575,-0.020030258499918872,-0.0833333333333335,0.0,0.35993809501743174,0.02362829051696794,0.015979351878405504,-0.05882352941176479,0.0,0.2996201232895479,0.02335749306526211,0.013903140804866957
-0.13333333333333353,0.0,0.5666175494726873,0.06090535741284135,-0.020472156895391502,-0.16666666666666688,0.0,0.1012562425756077,0.06722355045565874,-0.01998226541092369,-0.166666666666667,0.0,-0.03693794945742099,0.00271283584794523,0.003847943153936846,-0.11764705882352958,0.0,0.5666175494726873,0.06090535741284135,0.0030269926844820084
-0.13333333333333353,0.0,0.5324302441230943,0.06393226635564483,-0.020472156895391502,-0.11111111111111124,0.0,0.08644331114351181,0.021067276160190773,-0.00522324785230927,-0.0833333333333335,0.0,-0.08671606693579821,-0.060452630148158236,0.003152024981677978,-0.05882352941176479,0.0,0.5324302441230943,0.06393226635564483,0.002403082527544606
0.0,0.0,0.2832797137819803,0.015594289293505266,-0.020472156895391502,-0.11111111111111124,0.0,0.04862126967824416,0.01550233528768758,0.0005999136124398061,-0.0833333333333335,0.0,0.30871634061042524,0.02362829051696794,0.011627951438676988,-0.05882352941176479,0.0,0.2832797137819803,0.015594289293505266,0.010001988285115514
0.0,0.0,0.2832797137819803,0.015594289293505266,-0.020472156895391502,-0.11111111111111124,0.0,0.08644331114351181,0.021067276160190773,-0.005151258218816492,-0.0833333333333335,0.0,0.44729759171779887,0.19627565583797738,0.011627951438676988,-0.05882352941176479,0.0,0.2832797137819803,0.06956645160494054,0.010001988285115514
-0.06666666666666676,0.0,0.5485068963270564,0.06034379020836613,-0.020472156895391502,-0.16666666666666688,0.0,0.06059090552925586,0.06297385296163575,-0.01998226541092369,-0.166666666666667,0.0,-0.03693794945742099,0.002503284853427563,0.009006149826339105,-0.11764705882352958,0.0,0.5485068963270564,0.06034379020836613,0.007651469616946593
0.0,0.0,0.2996201232895479,0.021876436701810893,-0.020472156895391502,-0.11111111111111124,0.0,0.08644331114351181,0.021067276160190773,-0.005814019923988092,-0.0833333333333335,0.04347979206082438,0.26988960881428553,0.012119976439671906,0.02251792371666189,-0.05882352941176479,0.03703833333333335,0.2996201232895479,0.021876436701810893,0.019765153817850233
0.0,0.0,0.3160177173656535,0.010722230964568829,-0.020472156895391502,-0.11111111111111124,0.0,0.06059090552925586,0.06410788503019209,-0.020030258499918872,-0.0833333333333335,0.0,0.4015786337530223,0.20962462054279365,0.01813210974094255,-0.05882352941176479,0.0,0.3160177173656535,0.07683905545630418,0.01583314859803046
0.0,0.0,0.3414083509068996,0.030870768575686606,-0.020472156895391502,-0.05555555555555562,0.0,0.04862126967824416,0.01550233528768758,-0.00522324785230927,-0.0833333333333335,0.0,0.34996864081295537,0.20562049748538802,0.008929675301915048,-0.05882352941176479,0.0,0.3414083509068996,0.07465758285430414,0.007582908061239181
0.0,0.0,0.29440116650111814,0.021876436701810893,-0.020472156895391502,-0.05555555555555562,0.0,0.04862126967824416,0.01550233528768758,-0.005825446849939326,-0.0833333333333335,0.04347979206082438,-0.022762724643527903,-0.0020615287028227266,0.023956919351241116,-0.05882352941176479,0.03703833333333335,0.29440116650111814,0.021876436701810893,0.0210552537577446
-0.13333333333333353,0.0,0.5519875131289405,0.06914990450271989,-0.020472156895391502,-0.05555555555555562,0.0,0.04862126967824416,0.01550233528768758,-0.005814019923988092,-0.166666666666667,0.0,-0.04131533041304699,0.006852883874767732,0.009006149826339105,-0.11764705882352958,0.0,0.5519875131289405,0.06914990450271989,0.007651469616946593
0.0,0.0,0.29440116650111814,0.021876436701810893,-0.020472156895391502,-0.11111111111111124,0.0,0.08644331114351181,0.021067276160190773,-0.00522324785230927,-0.0833333333333335,0.0,0.44729759171779887,0.18650604866113898,0.008929675301915048,-0.05882352941176479,0.0,0.29440116650111814,0.06424390529878767,0.007582908061239181
-0.06666666666666676,0.0,0.5485068963270564,0.059248425606230296,-0.020472156895391502,-0.16666666666666688,0.0,0.06059090552925586,0.06410788503019209,-0.01998226541092369,-0.0833333333333335,0.0,-0.08120412474547442,-0.060452630148158236,0.0036312653347353673,-0.05882352941176479,0.0,0.5485068963270564,0.059248425606230296,0.0028327349433110226
0.0,0.0,0.2996201232895479,0.016374929418407656,-0.020472156895391502,-0.16666666666666688,0.0,0.1012562425756077,0.06722355045565874,-0.020030258499918872,0.0,0.04347979206082438,-0.017973649821866163,0.0018406506275202299,0.01813210974094255,0.0,0.03703833333333335,0.2996201232895479,0.016374929418407656,0.01583314859803046
-0.13333333333333353,0.0,0.5666175494726873,0.06914990450271989,-0.020472156895391502,-0.05555555555555562,0.0,0.04862126967824416,0.01550233528768758,-0.005814019923988092,-0.166666666666667,0.0,-0.03693794945742099,0.002446649449503884,0.009006149826339105,-0.11764705882352958,0.0,0.5666175494726873,0.06914990450271989,0.007651469616946593
-0.06666666666666676,0.0,0.5324302441230943,0.05723974291329957,-0.020472156895391502,-0.11111111111111124,0.0,0.06059090552925586,0.06297385296163575,-0.020030258499918872,-0.0833333333333335,0.0,-0.07345443562785703,-0.017058583661818682,0.003847943153936846,-0.05882352941176479,0.0,0.5324302441230943,0.05723974291329957,0.0030269926844820084
0.0,0.0,0.338211761816268,0.030870768575686606,-0.020472156895391502,-0.11111111111111124,0.0,0.08644331114351181,0.021067276160190773,-0.005886009557480869,-0.0833333333333335,0.0,0.4941099877609653,0.24390603053780976,0.008929675301915048,-0.05882352941176479,0.0,0.338211761816268,0.09551579330624232,0.007582908061239181
0.0,0.0,0.3231523077767076,0.021876436701810893,-0.020472156895391502,-0.16666666666666688,0.0,0.1012562425756077,0.06722355045565874,-0.020030258499918872,0.0,0.04347979206082438,-0.017973649821866163,0.0025146119342123146,0.01890832616384667,0.0,0.03703833333333335,0.3231523077767076,0.021876436701810893,0.016529048388460636
0.0,0.0,0.3036200435985894,0.021876436701810893,-0.020472156895391502,-0.11111111111111124,0.0,0.08644331114351181,0.021067276160190773,0.0005999136124398061,-0.166666666666667,0.0,0.6084072627358195,0.312027094377237,0.011371761781856417,-0.11764705882352958,0.0,0.3036200435985894,0.13262859734705776,0.009772307073495703
-0.13333333333333353,0.0,0.594829720139703,0.08668808027325486,-0.020472156895391502,-0.16666666666666688,0.0,0.1012562425756077,0.06410788503019209,-0.020030258499918872,-0.166666666666667,-0.0434778355386599,-0.03315327142035496,0.016571519188074837,0.003847943153936846,-0.11764705882352958,-0.03703666666666667,0.594829720139703,0.08668808027325486,0.0030269926844820084
0.0,0.0,0.29440116650111814,0.02335749306526211,-0.020472156895391502,-0.11111111111111124,0.0,0.04862126967824416,0.01550233528768758,0.0005279239789470284,-0.0833333333333335,0.0,0.36756736729915307,0.19941892075574277,0.009185864958735617,-0.05882352941176479,0.0,0.29440116650111814,0.07127892302518103,0.007812589272858992
0.0,0.0,0.2904647228696639,0.015594289293505266,-0.020472156895391502,-0.11111111111111124,0.0,0.08644331114351181,0.021067276160190773,0.0005279239789470284,-0.0833333333333335,0.04347979206082438,0.26988960881428553,0.012119976439671906,0.01813210974094255,-0.05882352941176479,0.03703833333333335,0.2904647228696639,0.015594289293505266,0.01583314859803046
0.0,0.0,0.3231523077767076,0.02335749306526211,-0.020472156895391502,-0.11111111111111124,0.0,0.08644331114351181,0.021067276160190773,-0.00522324785230927,-0.166666666666667,0.0,0.49618582398142064,0.24868605862897009,0.008929675301915048,-0.11764705882352958,0.0,0.3231523077767076,0.09811998407864406,0.007582908061239181
0.0,0.0,0.2832797137819803,0.021876436701810893,-0.020472156895391502,-0.05555555555555562,0.0,0.04862126967824416,0.01550233528768758,-0.005886009557480869,-0.0833333333333335,0.0,0.30871634061042524,0.02362829051696794,0.008929675301915048,-0.05882352941176479,0.0,0.2832797137819803,0.021876436701810893,0.007582908061239181
-0.06666666666666676,0.0,0.5485068963270564,0.06034379020836613,-0.020472156895391502,-0.11111111111111124,0.0,0.06059090552925586,0.06410788503019209,-0.020030258499918872,-0.166666666666667,0.0,-0.0450420068745758,0.000254859317656594,0.008788197431730553,-0.11764705882352958,0.0,0.5485068963270564,0.06034379020836613,0.007456069183180479
-0.13333333333333353,0.0,0.5454331294777487,0.06090535741284135,-0.020472156895391502,-0.11111111111111124,0.0,0.06059090552925586,0.06410788503019209,-0.020030258499918872,-0.166666666666667,-0.0434778355386599,-0.04131533041304699,0.010188709165873742,0.003152024981677978,-0.11764705882352958,-0.03703666666666667,0.5454331294777487,0.06090535741284135,0.002403082527544606
0.0,0.0,0.3160177173656535,0.021876436701810893,-0.020472156895391502,-0.05555555555555562,0.0,0.04862126967824416,0.01550233528768758,-0.005163827837362851,-0.0833333333333335,0.0,-0.0031161705178283814,0.008835123012097277,0.023956919351241116,-0.05882352941176479,0.0,0.3160177173656535,0.021876436701810893,0.0210552537577446
0.0,0.0,0.2904647228696639,0.01999734644068215,-0.020472156895391502,-0.05555555555555562,0.0,0.04862126967824416,0.01550233528768758,-0.005814019923988092,-0.0833333333333335,0.04347979206082438,0.26988960881428553,0.012119976439671906,0.02251792371666189,-0.05882352941176479,0.03703833333333335,0.2904647228696639,0.01999734644068215,0.019765153817850233
-0.13333333333333353,0.0,0.5611244905534769,0.07067724387752897,-0.020472156895391502,-0.16666666666666688,0.0,0.1012562425756077,0.06722355045565874,-0.020030258499918872,-0.166666666666667,0.0,-0.08120412474547442,-0.060452630148158236,0.011499219322563172,-0.11764705882352958,0.0,0.5611244905534769,0.07067724387752897,0.00988657633300805
-0.13333333333333353,0.0,0.594829720139703,0.08222639797835807,-0.020472156895391502,-0.16666666666666688,0.0,0.1012562425756077,0.06410788503019209,-0.020030258499918872,-0.166666666666667,0.0,-0.0450420068745758,0.0020162203796837207,0.0029353471624764993,-0.11764705882352958,0.0,0.594829720139703,0.08222639797835807,0.00220882478637362
-0.13333333333333353,0.0,0.594829720139703,0.08085950637625618,-0.020472156895391502,-0.16666666666666688,0.0,0.1012562425756077,0.06410788503019209,-0.020030258499918872,-0.166666666666667,0.0,-0.03693794945742099,0.00271283584794523,0.008788197431730553,-0.11764705882352958,0.0,0.594829720139703,0.08085950637625618,0.007456069183180479
0.0,0.0,0.338211761816268,0.01999734644068215,-0.020472156895391502,-0.16666666666666688,0.0,0.06059090552925586,0.06297385296163575,-0.01998226541092369,-0.0833333333333335,0.04347979206082438,-0.0031161705178283814,0.011587603642789136,0.023295414714973074,-0.05882352941176479,0.03703833333333335,0.338211761816268,0.01999734644068215,0.020462196300875535
0.0,0.0,0.2996201232895479,0.015594289293505266,-0.020472156895391502,-0.11111111111111124,0.0,0.06059090552925586,0.06297385296163575,-0.020030258499918872,-0.0833333333333335,0.0,0.44729759171779887,0.20962462054279365,0.011627951438676988,-0.05882352941176479,0.0,0.2996201232895479,0.07683905545630418,0.010001988285115514
0.0,0.0,0.2996201232895479,0.015856559691199763,-0.020472156895391502,-0.16666666666666688,0.0,0.06059090552925586,0.06410788503019209,-0.01998226541092369,-0.0833333333333335,0.0,0.35993809501743174,0.02362829051696794,0.015205684606315524,-0.05882352941176479,0.0,0.2996201232895479,0.015856559691199763,0.01320952639962703
-0.13333333333333353,0.0,0.5996587740861704,0.08720336446637228,-0.020472156895391502,-0.11111111111111124,0.0,0.08644331114351181,0.021067276160190773,-0.012226810767820865,-0.166666666666667,0.0,-0.0450420068745758,0.0005550269584522725,0.008788197431730553,-0.11764705882352958,0.0,0.5996587740861704,0.08720336446637228,0.007456069183180479
0.0,0.0,0.29440116650111814,0.021876436701810893,-0.020472156895391502,-0.05555555555555562,0.0,0.04862126967824416,0.01550233528768758,-0.00522324785230927,-0.0833333333333335,0.0,0.26988960881428553,0.012119976439671906,0.015205684606315524,-0.05882352941176479,0.0,0.29440116650111814,0.021876436701810893,0.01320952639962703
-0.06666666666666676,0.0,0.5059438871691916,0.05723974291329957,-0.020472156895391502,-0.11111111111111124,0.0,0.04862126967824416,0.01550233528768758,0.0005279239789470284,-0.166666666666667,0.0,-0.03693794945742099,0.0008948393819944242,0.0036312653347353673,-0.11764705882352958,0.0,0.5059438871691916,0.05723974291329957,0.0028327349433110226
0.0,0.0,0.3374719106839551,0.02335749306526211,-0.020472156895391502,-0.11111111111111124,0.0,0.06059090552925586,0.06297385296163575,-0.020030258499918872,-0.0833333333333335,0.0,0.4941099877609653,0.24591658737710118,0.009185864958735617,-0.05882352941176479,0.0,0.3374719106839551,0.09661115790837815,0.007812589272858992
0.0,0.0,0.338211761816268,0.02702002203071341,-0.020472156895391502,-0.05555555555555562,0.0,0.04862126967824416,0.01550233528768758,-0.005814019923988092,-0.0833333333333335,0.0,0.30731074336461695,0.021113678582755625,0.02251792371666189,-0.05882352941176479,0.0,0.338211761816268,0.02702002203071341,0.019765153817850233
0.0,0.0,0.2904647228696639,0.015594289293505266,-0.020472156895391502,-0.11111111111111124,0.0,0.08644331114351181,0.021067276160190773,0.0005279239789470284,0.0,0.04347979206082438,-0.022762724643527903,-0.0020615287028227266,0.01813210974094255,0.0,0.03703833333333335,0.2904647228696639,0.015594289293505266,0.01583314859803046
0.0,0.0,0.30779834485832863,0.013644231748294457,-0.020472156895391502,-0.16666666666666688,0.0,0.1012562425756077,0.06722355045565874,-0.01998226541092369,-0.166666666666667,0.0,0.5538866191097943,0.29873476507634456,0.00869260427620049,-0.11764705882352958,0.0,0.30779834485832863,0.12538684883659937,0.007370367238546222
0.0,0.0,0.2904647228696639,0.01999734644068215,-0.020472156895391502,-0.11111111111111124,0.0,0.06059090552925586,0.06151831695611759,-0.020030258499918872,-0.0833333333333335,0.04347979206082438,0.35993809501743174,0.02362829051696794,0.021857693655800908,-0.05882352941176479,0.03703833333333335,0.2904647228696639,0.01999734644068215,0.019173239053576284
0.0,0.0,0.2996201232895479,0.02335749306526211,-0.020472156895391502,-0.11111111111111124,0.0,0.06059090552925586,0.06297385296163575,-0.020030258499918872,-0.0833333333333335,0.0,0.44729759171779887,0.20962462054279365,0.009185864958735617,-0.05882352941176479,0.0,0.2996201232895479,0.07683905545630418,0.007812589272858992
0.0,0.0,0.338211761816268,0.021876436701810893,-0.020472156895391502,-0.11111111111111124,0.0,0.08644331114351181,0.021067276160190773,-0.005886009557480869,-0.0833333333333335,0.0,0.4941099877609653,0.24390603053780976,0.009185864958735617,-0.05882352941176479,0.0,0.338211761816268,0.09551579330624232,0.007812589272858992
0.0,0.0,0.3414083509068996,0.03893326915422426,-0.020472156895391502,-0.11111111111111124,0.0,0.04862126967824416,0.01550233528768758,0.0005279239789470284,-0.0833333333333335,0.0,0.30731074336461695,0.021113678582755625,0.01890832616384667,-0.05882352941176479,0.0,0.3414083509068996,0.03893326915422426,0.016529048388460636
0.0,0.0,0.2975993166892279,0.015594289293505266,-0.020472156895391502,-0.16666666666666688,0.0,0.1012562425756077,0.06722355045565874,-0.020030258499918872,-0.0833333333333335,0.0,0.44729759171779887,0.20562049748538802,0.00869260427620049,-0.05882352941176479,0.0,0.2975993166892279,0.07465758285430414,0.007370367238546222
0.0,0.0,0.3160177173656535,0.01999734644068215,-0.020472156895391502,-0.11111111111111124,0.0,0.08644331114351181,0.021067276160190773,-0.005825446849939326,-0.0833333333333335,0.04347979206082438,-0.022762724643527903,0.0018406506275202299,0.023956919351241116,-0.05882352941176479,0.03703833333333335,0.3160177173656535,0.01999734644068215,0.0210552537577446
0.0,0.0,0.28008156359387065,0.015594289293505266,-0.020472156895391502,-0.11111111111111124,0.0,0.08644331114351181,0.021067276160190773,0.0005279239789470284,-0.166666666666667,0.0,0.4502038374416328,0.22623578451361512,0.008929675301915048,-0.11764705882352958,0.0,0.28008156359387065,0.08588892694380933,0.007582908061239181
-0.06666666666666676,0.0,0.5485068963270564,0.059248425606230296,-0.020472156895391502,-0.11111111111111124,0.0,0.08644331114351181,0.021067276160190773,-0.005151258218816492,-0.166666666666667,0.0,-0.0450420068745758,0.000254859317656594,0.008788197431730553,-0.11764705882352958,0.0,0.5485068963270564,0.059248425606230296,0.007456069183180479
0.0,0.0,0.29440116650111814,0.015594289293505266,-0.020472156895391502,-0.11111111111111124,0.0,0.06059090552925586,0.06410788503019209,-0.020030258499918872,-0.0833333333333335,0.0,0.44729759171779887,0.20562049748538802,0.011371761781856417,-0.05882352941176479,0.0,0.29440116650111814,0.07465758285430414,0.009772307073495703
0.0,0.0,0.27614512337092617,0.015594289293505266,-0.020472156895391502,-0.05555555555555562,0.0,0.04862126967824416,0.01550233528768758,-0.005886009557480869,-0.0833333333333335,0.0,0.30871634061042524,0.02362829051696794,0.008929675301915048,-0.05882352941176479,0.0,0.27614512337092617,0.015594289293505266,0.007582908061239181
-0.13333333333333353,0.0,0.5588732005219996,0.06393226635564483,-0.020472156895391502,-0.11111111111111124,0.0,0.08644331114351181,0.021067276160190773,-0.005151258218816492,-0.166666666666667,0.0,-0.0450420068745758,0.000254859317656594,0.009006149826339105,-0.11764705882352958,0.0,0.5588732005219996,0.06393226635564483,0.007651469616946593
0.0,0.0,0.2996201232895479,0.030870768575686606,-0.020472156895391502,-0.05555555555555562,0.0,0.04862126967824416,0.01550233528768758,-0.005163827837362851,-0.0833333333333335,0.0,0.30871634061042524,0.02362829051696794,0.011499219322563172,-0.05882352941176479,0.0,0.2996201232895479,0.030870768575686606,0.00988657633300805
0.0,0.0,0.338211761816268,0.011373278657669232,-0.020472156895391502,-0.16666666666666688,0.0,0.06059090552925586,0.06410788503019209,-0.01998226541092369,-0.0833333333333335,0.0,0.4941099877609653,0.24591658737710118,0.011627951438676988,-0.05882352941176479,0.0,0.338211761816268,0.09661115790837815,0.010001988285115514
-0.13333333333333353,0.0,0.5611244905534769,0.08668808027325486,-0.020472156895391502,-0.05555555555555562,0.0,0.04862126967824416,0.01550233528768758,-0.005825446849939326,-0.166666666666667,0.0,-0.03328611809986942,0.006852883874767732,0.011718446292578785,-0.11764705882352958,0.0,0.5611244905534769,0.08668808027325486,0.010083119459369282
0.0,0.0,0.3231523077767076,0.012962328714288788,-0.020472156895391502,-0.16666666666666688,0.0,0.14734261131346787,0.0728469465894278,-0.020030258499918872,-0.0833333333333335,0.04347979206082438,0.4015786337530223,0.20962462054279365,0.022515374565847752,-0.05882352941176479,0.03703833333333335,0.3231523077767076,0.07683905545630418,0.019762868432659984
0.0,0.0,0.338211761816268,0.01999734644068215,-0.020472156895391502,-0.16666666666666688,0.0,0.1012562425756077,0.06410788503019209,-0.020030258499918872,0.0,0.04347979206082438,-0.017973649821866163,0.0025146119342123146,0.015205684606315524,0.0,0.03703833333333335,0.338211761816268,0.01999734644068215,0.01320952639962703
0.0,0.0,0.338211761816268,0.02335749306526211,-0.020472156895391502,-0.05555555555555562,0.0,0.04862126967824416,0.01550233528768758,-0.00522324785230927,-0.0833333333333335,0.0,0.30731074336461695,0.021113678582755625,0.01890832616384667,-0.05882352941176479,0.0,0.338211761816268,0.02335749306526211,0.016529048388460636
-0.13333333333333353,0.0,0.5666175494726873,0.06034379020836613,-0.020472156895391502,-0.16666666666666688,0.0,0.1012562425756077,0.06410788503019209,-0.020030258499918872,-0.0833333333333335,0.0,-0.08120412474547442,-0.060452630148158236,0.0036312653347353673,-0.05882352941176479,0.0,0.5666175494726873,0.06034379020836613,0.0028327349433110226
0.0,0.0,0.3303373168643912,0.023215558497098065,-0.020472156895391502,-0.05555555555555562,0.0,0.04862126967824416,0.01550233528768758,-0.005151258218816492,-0.0833333333333335,0.0,0.30731074336461695,0.021113678582755625,0.02251792371666189,-0.05882352941176479,0.0,0.3303373168643912,0.023215558497098065,0.019765153817850233
-0.13333333333333353,0.0,0.5800301172515433,0.06393226635564483,-0.020472156895391502,-0.16666666666666688,0.0,0.06059090552925586,0.06410788503019209,-0.01998226541092369,-0.166666666666667,0.0,-0.03693794945742099,0.00271283584794523,0.008788197431730553,-0.11764705882352958,0.0,0.5800301172515433,0.06393226635564483,0.007456069183180479
0.0,0.0,0.33910936559810506,0.02702002203071341,-0.020472156895391502,-0.05555555555555562,0.0,0.04862126967824416,0.01550233528768758,-0.00522324785230927,-0.0833333333333335,0.0,0.30731074336461695,0.021113678582755625,0.01813210974094255,-0.05882352941176479,0.0,0.33910936559810506,0.02702002203071341,0.01583314859803046
0.0,0.0,0.2975993166892279,0.01999734644068215,-0.020472156895391502,-0.11111111111111124,0.0,0.06059090552925586,0.06410788503019209,-0.020030258499918872,-0.0833333333333335,0.04347979206082438,0.35993809501743174,0.02362829051696794,0.02251792371666189,-0.05882352941176479,0.03703833333333335,0.2975993166892279,0.01999734644068215,0.019765153817850233
-0.06666666666666676,0.0,0.5324302441230943,0.06090535741284135,-0.020472156895391502,-0.11111111111111124,0.0,0.04862126967824416,0.01550233528768758,0.0005873439938934475,-0.166666666666667,0.0,-0.07846162149490676,-0.017058583661818682,0.011499219322563172,-0.11764705882352958,0.0,0.5324302441230943,0.06090535741284135,0.00988657633300805
0.0,0.0,0.2832797137819803,0.012962328714288788,-0.020472156895391502,-0.16666666666666688,0.0,0.1012562425756077,0.06410788503019209,-0.01998226541092369,-0.0833333333333335,0.0,0.44729759171779887,0.20562049748538802,0.00869260427620049,-0.05882352941176479,0.0,0.2832797137819803,0.07465758285430414,0.007370367238546222
-0.13333333333333353,0.0,0.5588732005219996,0.06090535741284135,-0.020472156895391502,-0.16666666666666688,0.0,0.06059090552925586,0.06297385296163575,-0.01998226541092369,-0.166666666666667,0.0,-0.0450420068745758,0.000254859317656594,0.009006149826339105,-0.11764705882352958,0.0,0.5588732005219996,0.06090535741284135,0.007651469616946593
-0.13333333333333353,0.0,0.594829720139703,0.08729284495499746,-0.020472156895391502,-0.16666666666666688,0.0,0.06059090552925586,0.06297385296163575,-0.01998226541092369,-0.166666666666667,-0.0434778355386599,-0.03315327142035496,0.013411263649132317,0.011718446292578785,-0.11764705882352958,-0.03703666666666667,0.594829720139703,0.08729284495499746,0.010083119459369282
0.0,0.0,0.2975993166892279,0.02335749306526211,-0.020472156895391502,-0.11111111111111124,0.0,0.08644331114351181,0.021067276160190773,0.0005873439938934475,-0.0833333333333335,0.0,0.44729759171779887,0.18650604866113898,0.011718446292578785,-0.05882352941176479,0.0,0.2975993166892279,0.06424390529878767,0.010083119459369282
-0.13333333333333353,0.0,0.5588732005219996,0.06090535741284135,-0.020472156895391502,-0.16666666666666688,0.0,0.1012562425756077,0.06722355045565874,-0.020030258499918872,-0.0833333333333335,0.0,-0.08120412474547442,-0.060452630148158236,0.0029353471624764993,-0.05882352941176479,0.0,0.5588732005219996,0.06090535741284135,0.00220882478637362
0.0,0.0,0.33910936559810506,0.030870768575686606,-0.020472156895391502,-0.11111111111111124,0.0,0.04862126967824416,0.01550233528768758,0.0005279239789470284,-0.0833333333333335,0.0,0.34996864081295537,0.1954204612387295,0.008929675301915048,-0.05882352941176479,0.0,0.33910936559810506,0.06910053595727152,0.007582908061239181
0.0,0.0,0.338211761816268,0.02558833421271053,-0.020472156895391502,-0.11111111111111124,0.0,0.04862126967824416,0.01550233528768758,0.0005279239789470284,-0.0833333333333335,0.0,0.30731074336461695,0.021113678582755625,0.01890832616384667,-0.05882352941176479,0.0,0.338211761816268,0.02558833421271053,0.016529048388460636
0.0,0.0,0.2975993166892279,0.02335749306526211,-0.020472156895391502,-0.11111111111111124,0.0,0.08644331114351181,0.021067276160190773,0.0005999136124398061,-0.0833333333333335,0.0,0.44729759171779887,0.18650604866113898,0.011371761781856417,-0.05882352941176479,0.0,0.2975993166892279,0.06424390529878767,0.009772307073495703
0.0,0.0,0.338211761816268,0.02335749306526211,-0.020472156895391502,-0.11111111111111124,0.0,0.06059090552925586,0.06297385296163575,-0.020030258499918872,-0.0833333333333335,0.0,0.4941099877609653,0.24591658737710118,0.011627951438676988,-0.05882352941176479,0.0,0.338211761816268,0.09661115790837815,0.010001988285115514
0.0,0.0,0.3374719106839551,0.02335749306526211,-0.020472156895391502,-0.16666666666666688,0.0,0.1012562425756077,0.06410788503019209,-0.020030258499918872,-0.0833333333333335,0.0,0.4941099877609653,0.24591658737710118,0.011371761781856417,-0.05882352941176479,0.0,0.3374719106839551,0.09661115790837815,0.009772307073495703
0.0,0.0,0.2975993166892279,0.021876436701810893,-0.020472156895391502,-0.05555555555555562,0.0,0.04862126967824416,0.01550233528768758,-0.005151258218816492,-0.0833333333333335,0.0,0.30871634061042524,0.02362829051696794,0.011371761781856417,-0.05882352941176479,0.0,0.2975993166892279,0.021876436701810893,0.009772307073495703
0.0,0.0,0.2904647228696639,0.015594289293505266,-0.020472156895391502,-0.11111111111111124,0.0,0.06059090552925586,0.06410788503019209,-0.020030258499918872,0.0,0.04347979206082438,-0.017973649821866163,0.000254859317656594,0.01890832616384667,0.0,0.03703833333333335,0.2904647228696639,0.015594289293505266,0.016529048388460636
-0.06666666666666676,0.0,0.5324302441230943,0.05723974291329957,-0.020472156895391502,-0.05555555555555562,0.0,0.04862126967824416,0.01550233528768758,-0.005163827837362851,-0.166666666666667,0.0,-0.03693794945742099,0.002129491187531157,0.011499219322563172,-0.11764705882352958,0.0,0.5324302441230943,0.05723974291329957,0.00988657633300805
-0.13333333333333353,0.0,0.5666175494726873,0.06034379020836613,-0.020472156895391502,-0.16666666666666688,0.0,0.1012562425756077,0.06722355045565874,-0.020030258499918872,-0.166666666666667,0.0,-0.0450420068745758,0.0020162203796837207,0.0029353471624764993,-0.11764705882352958,0.0,0.5666175494726873,0.06034379020836613,0.00220882478637362
0.0,0.0,0.27614512337092617,0.011410305066755508,-0.020472156895391502,-0.16666666666666688,0.0,0.06059090552925586,0.06410788503019209,-0.01998226541092369,-0.0833333333333335,0.0,0.44729759171779887,0.20562049748538802,0.008929675301915048,-0.05882352941176479,0.0,0.27614512337092617,0.07465758285430414,0.007582908061239181
-0.13333333333333353,0.0,0.5886489466537372,0.0862684476369437,-0.020472156895391502,-0.11111111111111124,0.0,0.08644331114351181,0.021067276160190773,-0.005151258218816492,-0.166666666666667,0.0,-0.0450420068745758,0.0005550269584522725,0.008788197431730553,-0.11764705882352958,0.0,0.5886489466537372,0.0862684476369437,0.007456069183180479
0.0,0.0,0.2975993166892279,0.021876436701810893,-0.020472156895391502,-0.05555555555555562,0.0,0.04862126967824416,0.01550233528768758,-0.00522324785230927,-0.0833333333333335,0.04347979206082438,0.26988960881428553,0.012119976439671906,0.01813210974094255,-0.05882352941176479,0.03703833333333335,0.2975993166892279,0.021876436701810893,0.01583314859803046
0.0,0.0,0.2996201232895479,0.02335749306526211,-0.020472156895391502,-0.11111111111111124,0.0,0.08644331114351181,0.021067276160190773,0.0005999136124398061,-0.0833333333333335,0.04347979206082438,0.26988960881428553,0.012119976439671906,0.02251792371666189,-0.05882352941176479,0.03703833333333335,0.2996201232895479,0.02335749306526211,0.019765153817850233
0.0,0.0,0.338211761816268,0.023215558497098065,-0.020472156895391502,-0.05555555555555562,0.0,0.04862126967824416,0.01550233528768758,-0.005814019923988092,-0.0833333333333335,0.0,0.30731074336461695,0.021113678582755625,0.02251792371666189,-0.05882352941176479,0.0,0.338211761816268,0.023215558497098065,0.019765153817850233
0.0,0.0,0.3231523077767076,0.023215558497098065,-0.020472156895391502,-0.05555555555555562,0.0,0.04862126967824416,0.01550233528768758,-0.005814019923988092,-0.0833333333333335,0.0,0.30731074336461695,0.021113678582755625,0.02251792371666189,-0.05882352941176479,0.0,0.3231523077767076,0.023215558497098065,0.019765153817850233
0.0,0.0,0.3303373168643912,0.02335749306526211,-0.020472156895391502,-0.11111111111111124,0.0,0.08644331114351181,0.021067276160190773,-0.00522324785230927,-0.0833333333333335,0.0,0.4941099877609653,0.24390603053780976,0.008929675301915048,-0.05882352941176479,0.0,0.3303373168643912,0.09551579330624232,0.007582908061239181
0.0,0.0,0.3160177173656535,0.01999734644068215,-0.020472156895391502,-0.11111111111111124,0.0,0.08644331114351181,0.021067276160190773,-0.005886009557480869,-0.166666666666667,0.0,0.49618582398142064,0.24868605862897009,0.008929675301915048,-0.11764705882352958,0.0,0.3160177173656535,0.09811998407864406,0.007582908061239181
0.0,0.0,0.32312128692922226,0.02335749306526211,-0.020472156895391502,-0.11111111111111124,0.0,0.06059090552925586,0.06297385296163575,-0.020030258499918872,-0.166666666666667,0.0,0.5387553386996092,0.255204793620588,0.009185864958735617,-0.11764705882352958,0.0,0.32312128692922226,0.1016714338168365,0.007812589272858992
-0.13333333333333353,0.0,0.5611244905534769,0.08668808027325486,-0.020472156895391502,-0.05555555555555562,0.0,0.04862126967824416,0.01550233528768758,-0.005814019923988092,-0.166666666666667,0.0,-0.04131533041304699,0.006852883874767732,0.009006149826339105,-0.11764705882352958,0.0,0.5611244905534769,0.08668808027325486,0.007651469616946593
-0.13333333333333353,0.0,0.5324302441230943,0.06090535741284135,-0.020472156895391502,-0.16666666666666688,0.0,0.1012562425756077,0.06410788503019209,-0.01998226541092369,-0.166666666666667,0.0,-0.03693794945742099,0.002503284853427563,0.011718446292578785,-0.11764705882352958,0.0,0.5324302441230943,0.06090535741284135,0.010083119459369282
0.0,0.0,0.33910936559810506,0.030870768575686606,-0.020472156895391502,-0.11111111111111124,0.0,0.08644331114351181,0.021067276160190773,-0.00522324785230927,-0.0833333333333335,0.0,0.4941099877609653,0.24390603053780976,0.00869260427620049,-0.05882352941176479,0.0,0.33910936559810506,0.09551579330624232,0.007370367238546222
-0.13333333333333353,0.0,0.5886489466537372,0.08085950637625618,-0.020472156895391502,-0.16666666666666688,0.0,0.1012562425756077,0.06410788503019209,-0.01998226541092369,-0.166666666666667,0.0,-0.03693794945742099,0.00271283584794523,0.008788197431730553,-0.11764705882352958,0.0,0.5886489466537372,0.08085950637625618,0.007456069183180479
-0.06666666666666676,0.0,0.5666175494726873,0.06034379020836613,-0.020472156895391502,-0.16666666666666688,0.0,0.1012562425756077,0.06722355045565874,-0.020030258499918872,-0.166666666666667,0.0,-0.08120412474547442,-0.060452630148158236,0.011499219322563172,-0.11764705882352958,0.0,0.5666175494726873,0.06034379020836613,0.00988657633300805
0.0,0.0,0.2904647228696639,0.011373278657669232,-0.020472156895391502,-0.16666666666666688,0.0,0.1012562425756077,0.06722355045565874,-0.01998226541092369,-0.0833333333333335,0.0,0.35993809501743174,0.024738344433872482,0.01813210974094255,-0.05882352941176479,0.0,0.2904647228696639,0.011373278657669232,0.01583314859803046
0.0,0.0,0.3374719106839551,0.01999734644068215,-0.020472156895391502,-0.16666666666666688,0.0,0.1012562425756077,0.06722355045565874,-0.020030258499918872,-0.0833333333333335,0.0,0.4015786337530223,0.20562049748538802,0.021857693655800908,-0.05882352941176479,0.0,0.3374719106839551,0.07465758285430414,0.019173239053576284
0.0,0.0,0.338211761816268,0.030870768575686606,-0.020472156895391502,-0.11111111111111124,0.0,0.08644331114351181,0.021067276160190773,-0.005814019923988092,-0.0833333333333335,0.0,0.30731074336461695,0.024738344433872482,0.02251792371666189,-0.05882352941176479,0.0,0.338211761816268,0.030870768575686606,0.019765153817850233
-0.06666666666666676,0.0,0.5485068963270564,0.059248425606230296,-0.020472156895391502,-0.11111111111111124,0.0,0.08644331114351181,0.021067276160190773,-0.005886009557480869,-0.0833333333333335,0.0,-0.08671606693579821,-0.060452630148158236,0.0029353471624764993,-0.05882352941176479,0.0,0.5485068963270564,0.059248425606230296,0.00220882478637362
-0.13333333333333353,0.0,0.5611244905534769,0.08729284495499746,-0.020472156895391502,-0.11111111111111124,0.0,0.08644331114351181,0.021067276160190773,-0.005814019923988092,-0.166666666666667,0.0,-0.0450420068745758,-0.0026108921208826234,0.009006149826339105,-0.11764705882352958,0.0,0.5611244905534769,0.08729284495499746,0.007651469616946593
-0.13333333333333353,0.0,0.5800301172515433,0.07111847525247382,-0.020472156895391502,-0.11111111111111124,0.0,0.08644331114351181,0.021067276160190773,-0.005825446849939326,-0.166666666666667,0.0,-0.03693794945742099,0.0025146119342123146,0.011718446292578785,-0.11764705882352958,0.0,0.5800301172515433,0.07111847525247382,0.010083119459369282
0.0,0.0,0.2975993166892279,0.021876436701810893,-0.020472156895391502,-0.05555555555555562,0.0,0.04862126967824416,0.01550233528768758,-0.005151258218816492,-0.0833333333333335,0.0,0.36756736729915307,0.18650604866113898,0.011371761781856417,-0.05882352941176479,0.0,0.2975993166892279,0.06424390529878767,0.009772307073495703
0.0,0.0,0.2832797137819803,0.015594289293505266,-0.020472156895391502,-0.05555555555555562,0.0,0.04862126967824416,0.01550233528768758,-0.00522324785230927,-0.0833333333333335,0.0,0.30871634061042524,0.02362829051696794,0.008929675301915048,-0.05882352941176479,0.0,0.2832797137819803,0.015594289293505266,0.007582908061239181
0.0,0.0,0.3374719106839551,0.02558833421271053,-0.020472156895391502,-0.16666666666666688,0.0,0.06059090552925586,0.06297385296163575,-0.01998226541092369,-0.0833333333333335,0.04347979206082438,-0.0031161705178283814,0.011587603642789136,0.015205684606315524,-0.05882352941176479,0.03703833333333335,0.3374719106839551,0.02558833421271053,0.01320952639962703
0.0,0.0,0.33910936559810506,0.030870768575686606,-0.020472156895391502,-0.16666666666666688,0.0,0.06059090552925586,0.06297385296163575,-0.01998226541092369,-0.0833333333333335,0.0,-0.0031161705178283814,0.011587603642789136,0.015979351878405504,-0.05882352941176479,0.0,0.33910936559810506,0.030870768575686606,0.013903140804866957
0.0,0.0,0.3303373168643912,0.011373278657669232,-0.020472156895391502,-0.16666666666666688,0.0,0.06059090552925586,0.06410788503019209,-0.01998226541092369,-0.0833333333333335,0.0,0.4015786337530223,0.20562049748538802,0.022515374565847752,-0.05882352941176479,0.0,0.3303373168643912,0.07465758285430414,0.019762868432659984
-0.13333333333333353,0.0,0.5996587740861704,0.0862684476369437,-0.020472156895391502,-0.11111111111111124,0.0,0.08644331114351181,0.021067276160190773,-0.005814019923988092,-0.166666666666667,0.0,-0.03328611809986942,0.010013139413710253,0.008788197431730553,-0.11764705882352958,0.0,0.5996587740861704,0.0862684476369437,0.007456069183180479
0.0,0.0,0.29440116650111814,0.021876436701810893,-0.020472156895391502,-0.11111111111111124,0.0,0.08644331114351181,0.021067276160190773,-0.00522324785230927,-0.0833333333333335,0.0,0.26988960881428553,0.012119976439671906,0.015205684606315524,-0.05882352941176479,0.0,0.29440116650111814,0.021876436701810893,0.01320952639962703
0.0,0.0,0.29440116650111814,0.01999734644068215,-0.020472156895391502,-0.16666666666666688,0.0,0.1012562425756077,0.06722355045565874,-0.01998226541092369,-0.0833333333333335,0.04347979206082438,-0.017973649821866163,0.000254859317656594,0.02251792371666189,-0.05882352941176479,0.03703833333333335,0.29440116650111814,0.01999734644068215,0.019765153817850233
-0.13333333333333353,0.0,0.5324302441230943,0.06393226635564483,-0.020472156895391502,-0.11111111111111124,0.0,0.04862126967824416,0.01550233528768758,0.0005279239789470284,-0.166666666666667,0.0,-0.03693794945742099,0.002129491187531157,0.0029353471624764993,-0.11764705882352958,0.0,0.5324302441230943,0.06393226635564483,0.00220882478637362
-0.13333333333333353,0.0,0.594829720139703,0.08668808027325486,-0.020472156895391502,-0.16666666666666688,0.0,0.1012562425756077,0.06722355045565874,-0.020030258499918872,-0.166666666666667,0.0,-0.07345443562785703,-0.015965520366091262,0.009006149826339105,-0.11764705882352958,0.0,0.594829720139703,0.08668808027325486,0.007651469616946593
0.0,0.0,0.27614512337092617,0.011410305066755508,-0.020472156895391502,-0.16666666666666688,0.0,0.1012562425756077,0.06343564952563556,-0.020030258499918872,-0.0833333333333335,0.0,0.44729759171779887,0.20562049748538802,0.008929675301915048,-0.05882352941176479,0.0,0.27614512337092617,0.07465758285430414,0.007582908061239181
0.0,0.0,0.2996201232895479,0.030870768575686606,-0.020472156895391502,-0.11111111111111124,0.0,0.08644331114351181,0.021067276160190773,-0.005814019923988092,-0.0833333333333335,0.04347979206082438,0.26988960881428553,0.012119976439671906,0.02251792371666189,-0.05882352941176479,0.03703833333333335,0.2996201232895479,0.030870768575686606,0.019765153817850233
0.0,0.0,0.3160177173656535,0.01124368622586725,-0.020472156895391502,-0.11111111111111124,0.0,0.06059090552925586,0.06410788503019209,-0.020030258499918872,-0.0833333333333335,0.0,0.4941099877609653,0.24591658737710118,0.009185864958735617,-0.05882352941176479,0.0,0.3160177173656535,0.09661115790837815,0.007812589272858992
0.0,0.0,0.2832797137819803,0.012962328714288788,-0.020472156895391502,-0.16666666666666688,0.0,0.1012562425756077,0.06722355045565874,-0.020030258499918872,-0.0833333333333335,0.0,0.44729759171779887,0.20962462054279365,0.009185864958735617,-0.05882352941176479,0.0,0.2832797137819803,0.07683905545630418,0.007812589272858992
-0.06666666666666676,0.0,0.5666175494726873,0.06090535741284135,-0.020472156895391502,-0.11111111111111124,0.0,0.08644331114351181,0.021067276160190773,-0.00522324785230927,-0.166666666666667,0.0,-0.0450420068745758,-0.00019822391373299378,0.0029353471624764993,-0.11764705882352958,0.0,0.5666175494726873,0.06090535741284135,0.00220882478637362
-0.13333333333333353,0.0,0.5666175494726873,0.06393226635564483,-0.020472156895391502,-0.11111111111111124,0.0,0.08644331114351181,0.021067276160190773,-0.00522324785230927,-0.166666666666667,0.0,-0.0450420068745758,0.0005550269584522725,0.0036312653347353673,-0.11764705882352958,0.0,0.5666175494726873,0.06393226635564483,0.0028327349433110226
-0.13333333333333353,0.0,0.5955015680934443,0.0862684476369437,-0.020472156895391502,-0.05555555555555562,0.0,0.04862126967824416,0.01550233528768758,-0.005886009557480869,-0.166666666666667,0.0,-0.07846162149490676,-0.015965520366091262,0.0029353471624764993,-0.11764705882352958,0.0,0.5955015680934443,0.0862684476369437,0.00220882478637362
0.0,0.0,0.28008156359387065,0.015594289293505266,-0.020472156895391502,-0.11111111111111124,0.0,0.08644331114351181,0.021067276160190773,-0.005886009557480869,-0.0833333333333335,0.0,0.44729759171779887,0.18650604866113898,0.008929675301915048,-0.05882352941176479,0.0,0.28008156359387065,0.06424390529878767,0.007582908061239181
0.0,0.0,0.3160177173656535,0.021876436701810893,-0.020472156895391502,-0.11111111111111124,0.0,0.04862126967824416,0.01550233528768758,0.0005279239789470284,0.0,0.0,-0.022762724643527903,0.0018406506275202299,0.01813210974094255,0.0,0.0,0.3160177173656535,0.021876436701810893,0.01583314859803046
-0.06666666666666676,0.0,0.5059438871691916,0.05599010160663758,-0.020472156895391502,-0.16666666666666688,0.0,0.06059090552925586,0.06410788503019209,-0.01998226541092369,-0.166666666666667,0.0,-0.0450420068745758,0.000254859317656594,0.011718446292578785,-0.11764705882352958,0.0,0.5059438871691916,0.05599010160663758,0.010083119459369282
0.0,0.0,0.28008156359387065,0.01999734644068215,-0.020472156895391502,-0.05555555555555562,0.0,0.04862126967824416,0.01550233528768758,-0.005814019923988092,-0.0833333333333335,0.04347979206082438,-0.022762724643527903,-0.0020615287028227266,0.023299238441194272,-0.05882352941176479,0.03703833333333335,0.28008156359387065,0.01999734644068215,0.0204656243786609
0.0,0.0,0.3374719106839551,0.030870768575686606,-0.020472156895391502,-0.11111111111111124,0.0,0.08644331114351181,0.021067276160190773,-0.00522324785230927,-0.0833333333333335,0.0,0.30731074336461695,0.024738344433872482,0.015205684606315524,-0.05882352941176479,0.0,0.3374719106839551,0.030870768575686606,0.01320952639962703
-0.13333333333333353,0.0,0.5886489466537372,0.08085950637625618,-0.020472156895391502,-0.16666666666666688,0.0,0.1012562425756077,0.06410788503019209,-0.020030258499918872,-0.166666666666667,0.0,-0.03693794945742099,0.00271283584794523,0.008788197431730553,-0.11764705882352958,0.0,0.5886489466537372,0.08085950637625618,0.007456069183180479
0.0,0.0,0.32052832787764407,0.02335749306526211,-0.020472156895391502,-0.16666666666666688,0.0,0.1012562425756077,0.06410788503019209,-0.020030258499918872,-0.166666666666667,0.0,0.5538866191097943,0.29873476507634456,0.011371761781856417,-0.11764705882352958,0.0,0.32052832787764407,0.12538684883659937,0.009772307073495703
0.0,0.0,0.3160177173656535,0.011410305066755508,-0.020472156895391502,-0.16666666666666688,0.0,0.1012562425756077,0.06410788503019209,-0.020030258499918872,-0.0833333333333335,0.0,0.4941099877609653,0.24591658737710118,0.00869260427620049,-0.05882352941176479,0.0,0.3160177173656535,0.09661115790837815,0.007370367238546222
0.0,0.0,0.3374719106839551,0.02335749306526211,-0.020472156895391502,-0.05555555555555562,0.0,0.04862126967824416,0.01550233528768758,-0.005814019923988092,-0.0833333333333335,0.0,0.30731074336461695,0.021113678582755625,0.02251792371666189,-0.05882352941176479,0.0,0.3374719106839551,0.02335749306526211,0.019765153817850233
0.0,0.0,0.2832797137819803,0.01999734644068215,-0.020472156895391502,-0.11111111111111124,0.0,0.08644331114351181,0.021067276160190773,-0.00522324785230927,-0.0833333333333335,0.0,0.44729759171779887,0.19627565583797738,0.009185864958735617,-0.05882352941176479,0.0,0.2832797137819803,0.06956645160494054,0.007812589272858992
-0.13333333333333353,0.0,0.5904624442808777,0.07111847525247382,-0.020472156895391502,-0.05555555555555562,0.0,0.04862126967824416,0.01550233528768758,-0.005151258218816492,-0.166666666666667,0.0,-0.0450420068745758,-0.00019822391373299378,0.008788197431730553,-0.11764705882352958,0.0,0.5904624442808777,0.07111847525247382,0.007456069183180479
0.0,0.0,0.29440116650111814,0.01999734644068215,-0.020472156895391502,-0.16666666666666688,0.0,0.06059090552925586,0.06297385296163575,-0.01998226541092369,-0.0833333333333335,0.04347979206082438,0.35993809501743174,0.02362829051696794,0.02251792371666189,-0.05882352941176479,0.03703833333333335,0.29440116650111814,0.01999734644068215,0.019765153817850233
0.0,0.0,0.5059438871691916,0.054086327072784664,-0.020472156895391502,-0.05555555555555562,0.0,0.04862126967824416,0.01550233528768758,-0.005886009557480869,-0.166666666666667,0.0,-0.0450420068745758,-0.0026108921208826234,0.003847943153936846,-0.11764705882352958,0.0,0.5059438871691916,0.054086327072784664,0.0030269926844820084
0.0,0.0,0.30779834485832863,0.011373278657669232,-0.020472156895391502,-0.16666666666666688,0.0,0.1012562425756077,0.06410788503019209,-0.020030258499918872,-0.166666666666667,0.0,0.5538866191097943,0.29873476507634456,0.009185864958735617,-0.11764705882352958,0.0,0.30779834485832863,0.12538684883659937,0.007812589272858992
-0.13333333333333353,0.0,0.594829720139703,0.082479411773781,-0.020472156895391502,-0.11111111111111124,0.0,0.04862126967824416,0.01550233528768758,0.0005873439938934475,-0.166666666666667,0.0,-0.0450420068745758,-0.00019822391373299378,0.011499219322563172,-0.11764705882352958,0.0,0.594829720139703,0.082479411773781,0.00988657633300805
-0.06666666666666676,0.0,0.5059438871691916,0.05723974291329957,-0.020472156895391502,-0.05555555555555562,0.0,0.04862126967824416,0.01550233528768758,-0.005151258218816492,-0.166666666666667,0.0,-0.03693794945742099,0.002129491187531157,0.008788197431730553,-0.11764705882352958,0.0,0.5059438871691916,0.05723974291329957,0.007456069183180479
0.0,0.0,0.3160177173656535,0.021876436701810893,-0.020472156895391502,-0.11111111111111124,0.0,0.08644331114351181,0.021067276160190773,0.0005999136124398061,-0.0833333333333335,0.0,-0.0031161705178283814,0.008835123012097277,0.02251792371666189,-0.05882352941176479,0.0,0.3160177173656535,0.021876436701810893,0.019765153817850233
-0.06666666666666676,0.0,0.5485068963270564,0.059248425606230296,-0.020472156895391502,-0.11111111111111124,0.0,0.08644331114351181,0.021067276160190773,-0.005886009557480869,-0.166666666666667,0.0,-0.03693794945742099,0.002129491187531157,0.0036312653347353673,-0.11764705882352958,0.0,0.5485068963270564,0.059248425606230296,0.0028327349433110226
0.0,0.0,0.27614512337092617,0.01124368622586725,-0.020472156895391502,-0.11111111111111124,0.0,0.06059090552925586,0.06410788503019209,-0.020030258499918872,-0.0833333333333335,0.0,0.44729759171779887,0.20962462054279365,0.011627951438676988,-0.05882352941176479,0.0,0.27614512337092617,0.07683905545630418,0.010001988285115514
0.0,0.0,0.2996201232895479,0.021876436701810893,-0.020472156895391502,-0.16666666666666688,0.0,0.1012562425756077,0.06410788503019209,-0.01998226541092369,-0.0833333333333335,0.0,0.35993809501743174,0.024738344433872482,0.01890832616384667,-0.05882352941176479,0.0,0.2996201232895479,0.021876436701810893,0.016529048388460636
0.0,0.0,0.338211761816268,0.01999734644068215,-0.020472156895391502,-0.16666666666666688,0.0,0.06059090552925586,0.06410788503019209,-0.01998226541092369,0.0,0.04347979206082438,-0.017973649821866163,0.0025146119342123146,0.015205684606315524,0.0,0.03703833333333335,0.338211761816268,0.01999734644068215,0.01320952639962703
-0.2000000000000003,0.0,0.6134515815817696,0.08799943226172735,-0.020472156895391502,-0.05555555555555562,0.0,0.04862126967824416,0.01550233528768758,-0.005886009557480869,-0.166666666666667,0.0,-0.03693794945742099,0.002446649449503884,0.0029353471624764993,-0.11764705882352958,0.0,0.6134515815817696,0.08799943226172735,0.00220882478637362
0.0,0.0,0.3231523077767076,0.021876436701810893,-0.020472156895391502,-0.11111111111111124,0.0,0.08644331114351181,0.021067276160190773,-0.005814019923988092,-0.0833333333333335,0.0,-0.0031161705178283814,0.008835123012097277,0.023299238441194272,-0.05882352941176479,0.0,0.3231523077767076,0.021876436701810893,0.0204656243786609
-0.06666666666666676,0.0,0.5485068963270564,0.06034379020836613,-0.020472156895391502,-0.11111111111111124,0.0,0.06059090552925586,0.06297385296163575,-0.020030258499918872,-0.166666666666667,0.0,-0.07345443562785703,-0.017058583661818682,0.011499219322563172,-0.11764705882352958,0.0,0.5485068963270564,0.06034379020836613,0.00988657633300805
0.0,0.0,0.3160177173656535,0.011126435930427371,-0.020472156895391502,-0.11111111111111124,0.0,0.06059090552925586,0.06297385296163575,-0.020030258499918872,-0.0833333333333335,0.0,0.4941099877609653,0.24591658737710118,0.011627951438676988,-0.05882352941176479,0.0,0.3160177173656535,0.09661115790837815,0.010001988285115514
0.0,0.0,0.2975993166892279,0.02335749306526211,-0.020472156895391502,-0.11111111111111124,0.0,0.08644331114351181,0.021067276160190773,-0.00522324785230927,-0.166666666666667,0.0,0.4502038374416328,0.22623578451361512,0.00869260427620049,-0.11764705882352958,0.0,0.2975993166892279,0.08588892694380933,0.007370367238546222
0.0,0.0,0.2996201232895479,0.015594289293505266,-0.020472156895391502,-0.11111111111111124,0.0,0.06059090552925586,0.06297385296163575,-0.020030258499918872,-0.0833333333333335,0.0,0.44729759171779887,0.20962462054279365,0.008947519357613992,-0.05882352941176479,0.0,0.2996201232895479,0.07683905545630418,0.007598905757570909
0.0,0.0,0.29440116650111814,0.01999734644068215,-0.020472156895391502,-0.16666666666666688,0.0,0.06059090552925586,0.06410788503019209,-0.01998226541092369,-0.0833333333333335,0.04347979206082438,0.35993809501743174,0.02362829051696794,0.021857693655800908,-0.05882352941176479,0.03703833333333335,0.29440116650111814,0.01999734644068215,0.019173239053576284
-0.13333333333333353,0.0,0.5904624442808777,0.06914990450271989,-0.020472156895391502,-0.05555555555555562,0.0,0.04862126967824416,0.01550233528768758,-0.005163827837362851,-0.166666666666667,0.0,-0.0450420068745758,-0.00019822391373299378,0.011499219322563172,-0.11764705882352958,0.0,0.5904624442808777,0.06914990450271989,0.00988657633300805
-0.06666666666666676,0.0,0.5485068963270564,0.059248425606230296,-0.020472156895391502,-0.11111111111111124,0.0,0.06059090552925586,0.06343564952563556,-0.020030258499918872,-0.0833333333333335,0.0,-0.08120412474547442,-0.060452630148158236,0.0029353471624764993,-0.05882352941176479,0.0,0.5485068963270564,0.059248425606230296,0.00220882478637362
-0.13333333333333353,0.0,0.5397630496032417,0.06393226635564483,-0.020472156895391502,-0.11111111111111124,0.0,0.06059090552925586,0.06297385296163575,-0.020030258499918872,-0.166666666666667,0.0,-0.03315327142035496,0.01303746998323591,0.003847943153936846,-0.11764705882352958,0.0,0.5397630496032417,0.06393226635564483,0.0030269926844820084
-0.13333333333333353,0.0,0.5666175494726873,0.06090535741284135,-0.020472156895391502,-0.16666666666666688,0.0,0.06059090552925586,0.06410788503019209,-0.01998226541092369,-0.166666666666667,0.0,-0.0450420068745758,0.0020162203796837207,0.008788197431730553,-0.11764705882352958,0.0,0.5666175494726873,0.06090535741284135,0.007456069183180479
-0.13333333333333353,0.0,0.5886489466537372,0.0862684476369437,-0.020472156895391502,-0.16666666666666688,0.0,0.1012562425756077,0.06410788503019209,-0.020030258499918872,-0.166666666666667,0.0,-0.0450420068745758,0.0019199401930134119,0.008788197431730553,-0.11764705882352958,0.0,0.5886489466537372,0.0862684476369437,0.007456069183180479
-0.13333333333333353,0.0,0.5996587740861704,0.08720336446637228,-0.020472156895391502,-0.16666666666666688,0.0,0.1012562425756077,0.06410788503019209,-0.020030258499918872,-0.166666666666667,0.0,-0.03693794945742099,0.00271283584794523,0.008788197431730553,-0.11764705882352958,0.0,0.5996587740861704,0.08720336446637228,0.007456069183180479
0.0,0.0,0.2904647228696639,0.021876436701810893,-0.020472156895391502,-0.11111111111111124,0.0,0.08644331114351181,0.021067276160190773,0.0005999136124398061,-0.0833333333333335,0.04347979206082438,0.26988960881428553,0.012119976439671906,0.021857693655800908,-0.05882352941176479,0.03703833333333335,0.2904647228696639,0.021876436701810893,0.019173239053576284
-0.06666666666666676,0.0,0.5485068963270564,0.06034379020836613,-0.020472156895391502,-0.16666666666666688,0.0,0.06059090552925586,0.06297385296163575,-0.01998226541092369,-0.166666666666667,0.0,-0.0450420068745758,0.000254859317656594,0.009006149826339105,-0.11764705882352958,0.0,0.5485068963270564,0.06034379020836613,0.007651469616946593
0.0,0.0,0.3103913039099066,0.012962328714288788,-0.020472156895391502,-0.11111111111111124,0.0,0.06059090552925586,0.06297385296163575,-0.020030258499918872,-0.166666666666667,0.0,0.5387553386996092,0.2774511802818177,0.008929675301915048,-0.11764705882352958,0.0,0.3103913039099066,0.11379141172441241,0.007582908061239181
-0.13333333333333353,0.0,0.5955015680934443,0.08085950637625618,-0.020472156895391502,-0.16666666666666688,0.0,0.1012562425756077,0.06722355045565874,-0.020030258499918872,-0.166666666666667,0.0,-0.07345443562785703,-0.015965520366091262,0.0036312653347353673,-0.11764705882352958,0.0,0.5955015680934443,0.08085950637625618,0.0028327349433110226
0.0,0.0,0.3303373168643912,0.021876436701810893,-0.020472156895391502,-0.11111111111111124,0.0,0.08644331114351181,0.021067276160190773,-0.00522324785230927,-0.0833333333333335,0.0,0.4941099877609653,0.24390603053780976,0.008929675301915048,-0.05882352941176479,0.0,0.3303373168643912,0.09551579330624232,0.007582908061239181
0.0,0.0,0.3160177173656535,0.010722230964568829,-0.020472156895391502,-0.11111111111111124,0.0,0.06059090552925586,0.06410788503019209,-0.020030258499918872,-0.0833333333333335,0.0,0.4941099877609653,0.24390603053780976,0.011532358283146926,-0.05882352941176479,0.0,0.3160177173656535,0.09551579330624232,0.00991628634048126
0.0,0.0,-0.4144710566307027,-0.03364157818897661,-0.0006035505421548734,0.0,0.0,0.03904313583921772,-0.006055965067135921,-0.00025139237092715956,0.2499999999999986,0.04347979206082438,0.276951962470595,-0.0019935662181142966,0.03723926966829175,0.17647058823529305,0.03703833333333335,0.006200917778751184,-0.03364157818897661,0.032963253291526017
0.0,0.0,-0.4144710566307027,-0.035715057097808346,-0.0006035505421548734,0.16666666666666688,0.0,-0.02411668523321956,-0.03959174845531973,0.16631776452762234,0.2499999999999986,0.04347979206082438,-0.0031161705178283814,-0.00644510896651715,0.03723926966829175,0.17647058823529305,0.03703833333333335,-0.026235575847020205,-0.035715057097808346,0.15863887028839274
0.0,0.0,-0.4144710566307027,-0.033508900223084094,-0.0006035505421548734,0.16666666666666688,0.0,0.018534912143632638,-0.030800077160944846,0.17148044967239007,0.2499999999999986,0.04347979206082438,0.276951962470595,-0.0021747995106701627,0.04216677819201479,0.17647058823529305,0.03703833333333335,-0.004331329714711663,-0.033508900223084094,0.1638015554331605
0.0,0.0,-0.4144710566307027,-0.037603403961208676,-0.0006035505421548734,0.11111111111111124,0.0,-0.010078324380535011,-0.030800077160944846,-0.0002525350635222842,0.2499999999999986,0.04347979206082438,-0.011308628110527475,-0.010539848670200724,0.04410158365994327,0.17647058823529305,0.03703833333333335,-0.019026005037879705,-0.037603403961208676,0.03911551022367065
0.0,0.0,-0.4144710566307027,-0.06839394865054169,0.0021922065669073955,0.0,0.0,0.0,-0.014035108229916236,-0.00023082390421493685,0.2499999999999986,0.04347979206082438,0.35993809501743174,-0.005153821757056817,0.055455501386100746,0.17647058823529305,0.03703833333333335,0.02108308840776222,-0.04017365385861466,0.049294615861030296
0.0,0.0,-0.4144710566307027,-0.03364157818897661,-0.0006035505421548734,0.11111111111111124,0.0,0.0325029142052428,-0.022405901643177413,-0.0005359228271128965,0.2499999999999986,0.04347979206082438,0.276951962470595,-0.0020615287028227266,0.03723926966829175,0.17647058823529305,0.03703833333333335,0.002842107482277153,-0.03364157818897661,0.032963253291526017
0.0,0.0,-0.4144710566307027,-0.037603403961208676,-0.0006035505421548734,0.11111111111111124,0.0,0.0325029142052428,-0.022405901643177413,-0.0005359228271128965,0.166666666666667,0.0,0.4941099877609653,0.19627565583797738,0.03723926966829175,0.11764705882352958,0.0,0.1259419855615866,0.06956645160494054,0.032963253291526017
0.0,0.0,-0.4144710566307027,-0.033508900223084094,-0.0006035505421548734,0.11111111111111124,0.0,-0.010078324380535011,-0.030800077160944846,-0.00025139237092715956,0.2499999999999986,0.04347979206082438,0.41935064098195757,-0.0019935662181142966,0.03723926966829175,0.17647058823529305,0.03703833333333335,0.0675155707969721,-0.033508900223084094,0.032963253291526017
0.0,0.0,-0.4144710566307027,-0.033508900223084094,-0.0006035505421548734,0.11111111111111124,0.0,0.0325029142052428,-0.022405901643177413,-0.0005359228271128965,0.2499999999999986,0.04347979206082438,-0.011308628110527475,-0.005153821757056817,0.03723926966829175,0.17647058823529305,0.03703833333333335,0.002842107482277153,-0.033508900223084094,0.032963253291526017
0.0,0.0,-0.4144710566307027,-0.03364157818897661,-0.0006035505421548734,0.11111111111111124,0.0,-0.010078324380535011,-0.030800077160944846,-0.0005359228271128965,0.2499999999999986,0.04347979206082438,-0.011308628110527475,-0.010539848670200724,0.03723926966829175,0.17647058823529305,0.03703833333333335,-0.019026005037879705,-0.03364157818897661,0.032963253291526017
0.0,0.0,-0.4144710566307027,-0.059859361356153946,-0.0006035505421548734,0.11111111111111124,0.0,-0.010078324380535011,-0.030800077160944846,-0.0005153543604006738,0.2499999999999986,0.04347979206082438,0.390035757607146,0.0,0.03723926966829175,0.17647058823529305,0.03703833333333335,0.04460521097405849,-0.037365817836238345,0.032963253291526017
0.0,0.0,-0.4144710566307027,-0.037603403961208676,-0.0006035505421548734,0.11111111111111124,0.0,-0.02411668523321956,-0.03959174845531973,0.16001124409513603,0.2499999999999986,0.04347979206082438,-0.017485741388380816,-0.004615785419781671,0.05610808399451932,0.17647058823529305,0.03703833333333335,-0.026235575847020205,-0.037603403961208676,0.1523323498559065
0.0,0.0,-0.4144710566307027,-0.037603403961208676,-0.0006035505421548734,0.11111111111111124,0.0,-0.010078324380535011,-0.030800077160944846,-0.00023196659681006142,0.2499999999999986,0.04347979206082438,-0.0012330055961554869,-0.004949934302931447,0.04410158365994327,0.17647058823529305,0.03703833333333335,-0.019026005037879705,-0.037603403961208676,0.03911551022367065
0.0,0.0,-0.4144710566307027,-0.033508900223084094,-0.0006035505421548734,0.16666666666666688,0.0,0.018534912143632638,-0.030800077160944846,0.17148044967239007,0.2499999999999986,0.04347979206082438,0.40199165783039253,0.00271283584794523,0.04216677819201479,0.17647058823529305,0.03703833333333335,0.053949064491033025,-0.033508900223084094,0.1638015554331605
0.0,0.0,-0.4144710566307027,-0.059859361356153946,-0.0006035505421548734,0.11111111111111124,0.0,0.0325029142052428,-0.022405901643177413,-0.0005153543604006738,0.2499999999999986,0.04347979206082438,0.44729759171779887,0.006632005799465313,0.03723926966829175,0.17647058823529305,0.03703833333333335,0.08935685493666995,-0.033752657416235475,0.032963253291526017
0.0,0.0,-0.4144710566307027,-0.033508900223084094,-0.0006035505421548734,0.0,0.0,0.0,-0.014035108229916236,-0.0005359228271128965,0.2499999999999986,0.04347979206082438,0.43866892947971825,0.0,0.03723926966829175,0.17647058823529305,0.03703833333333335,0.08261332626090273,-0.033508900223084094,0.032963253291526017
0.0,0.0,-0.4144710566307027,-0.059859361356153946,-0.0006035505421548734,0.11111111111111124,0.0,0.0325029142052428,-0.022458511378316597,-0.0005153543604006738,0.2499999999999986,0.04347979206082438,0.43866892947971825,0.0050801957319559325,0.03723926966829175,0.17647058823529305,0.03703833333333335,0.08261332626090273,-0.03459809375703887,0.032963253291526017
0.0,0.0,-0.4144710566307027,-0.059859361356153946,0.0021922065669073955,0.11111111111111124,0.0,-0.010078324380535011,-0.030800077160944846,-0.0005153543604006738,0.2499999999999986,0.04347979206082438,0.36745248065333,-0.0021747995106701627,0.055455501386100746,0.17647058823529305,0.03703833333333335,0.026955780328975394,-0.038550662926999366,0.049294615861030296
0.0,0.0,-0.4144710566307027,-0.037603403961208676,-0.0006035505421548734,0.16666666666666688,0.0,0.0325029142052428,-0.022405901643177413,-0.00025139237092715956,0.2499999999999986,0.04347979206082438,0.43866892947971825,0.001336595532599339,0.03723926966829175,0.17647058823529305,0.03703833333333335,0.08261332626090273,-0.03663763179087483,0.032963253291526017
0.0,0.0,-0.4144710566307027,-0.059859361356153946,0.0021922065669073955,0.11111111111111124,0.0,0.0325029142052428,-0.022405901643177413,-0.0005153543604006738,0.2499999999999986,0.04347979206082438,0.36745248065333,-0.001472520502016278,0.06034094892139056,0.17647058823529305,0.03703833333333335,0.026955780328975394,-0.038168056699774466,0.05367455657813846
0.0,0.0,-0.4144710566307027,-0.03171620491649001,-0.0006035505421548734,0.16666666666666688,0.0,-0.02411668523321956,-0.03959174845531973,0.1715021608316974,0.166666666666667,0.04347979206082438,0.4267260827729454,0.0018406506275202299,0.04410158365994327,0.11764705882352958,0.03703833333333335,0.07327967441369239,-0.03171620491649001,0.16382326659246782
0.0,0.0,-0.4144710566307027,-0.04176578944932475,-0.0006035505421548734,0.11111111111111124,0.0,0.0325029142052428,-0.022405901643177413,-0.00023196659681006142,0.2499999999999986,0.04347979206082438,0.43866892947971825,0.001336595532599339,0.04410158365994327,0.17647058823529305,0.03703833333333335,0.08261332626090273,-0.03663763179087483,0.03911551022367065
0.0,0.0,-0.4144710566307027,-0.037603403961208676,-0.0006035505421548734,0.16666666666666688,0.0,0.018534912143632638,-0.030800077160944846,0.1663371903017394,0.2499999999999986,0.04347979206082438,-0.011308628110527475,-0.005153821757056817,0.03723926966829175,0.17647058823529305,0.03703833333333335,-0.004331329714711663,-0.037603403961208676,0.15865829606250986
0.0,0.0,-0.4144710566307027,-0.03364157818897661,-0.0006035505421548734,0.11111111111111124,0.0,-0.010078324380535011,-0.030800077160944846,-0.0005359228271128965,0.2499999999999986,0.04347979206082438,-0.011308628110527475,-0.010539848670200724,0.03723926966829175,0.17647058823529305,0.03703833333333335,-0.019026005037879705,-0.03364157818897661,0.032963253291526017
0.0,0.0,-0.4144710566307027,-0.043067884835525594,-0.0006035505421548734,0.11111111111111124,0.0,-0.010078324380535011,-0.030800077160944846,-0.00025139237092715956,0.166666666666667,0.04347979206082438,0.4871782608577137,0.16823546735535314,0.03723926966829175,0.11764705882352958,0.03703833333333335,0.12052465691261377,0.0542899723227592,0.032963253291526017
0.0,0.0,-0.4144710566307027,-0.059859361356153946,0.0021922065669073955,0.11111111111111124,0.0,0.0325029142052428,-0.022405901643177413,-0.0005153543604006738,0.2499999999999986,0.04347979206082438,0.35993809501743174,-0.005153821757056817,0.06034094892139056,0.17647058823529305,0.03703833333333335,0.02108308840776222,-0.04017365385861466,0.05367455657813846
0.0,0.0,-0.4144710566307027,-0.037603403961208676,-0.0006035505421548734,0.0,0.0,0.0,-0.014035108229916236,-0.0005370655197080212,0.2499999999999986,0.04347979206082438,0.02457762137496967,-0.006450772506909525,0.04410158365994327,0.17647058823529305,0.03703833333333335,-0.013850159081116212,-0.037603403961208676,0.03911551022367065
0.0,0.0,-0.4144710566307027,-0.043058628233254015,0.002164457116693386,0.11111111111111124,0.0,-0.02411668523321956,-0.03959174845531973,0.16516821577692814,0.2499999999999986,0.04347979206082438,0.33004086692707546,-0.002899732680893472,0.06917630564318261,0.17647058823529305,0.03703833333333335,-0.0022823892746877206,-0.038945611290586324,0.15748932153769857
0.0,0.0,-0.4144710566307027,-0.037603403961208676,0.002164457116693386,0.11111111111111124,0.0,-0.02411668523321956,-0.03959174845531973,0.16514650461762082,0.2499999999999986,0.04347979206082438,0.40909301502757184,-0.0062978569163155374,0.06597202306981485,0.17647058823529305,0.03703833333333335,0.05949896371929362,-0.037603403961208676,0.15746761037839122
0.0,0.0,-0.4144710566307027,-0.059859361356153946,-0.0006035505421548734,0.11111111111111124,0.0,0.0325029142052428,-0.022405901643177413,-0.0005153543604006738,0.166666666666667,0.04347979206082438,0.4941099877609653,0.22642268134656335,0.03723926966829175,0.11764705882352958,0.03703833333333335,0.1259419855615866,0.08599074956879663,0.032963253291526017
0.0,0.0,-0.4144710566307027,-0.03171620491649001,-0.0006035505421548734,0.16666666666666688,0.0,0.018534912143632638,-0.030800077160944846,0.17148616313536566,0.2499999999999986,0.04347979206082438,0.30731074336461695,-0.001483847582800951,0.03723926966829175,0.17647058823529305,0.03703833333333335,-0.004331329714711663,-0.03171620491649001,0.16380726889613612
0.0,0.0,-0.4144710566307027,-0.035715057097808346,-0.0006035505421548734,0.11111111111111124,0.0,-0.010078324380535011,-0.030800077160944846,-0.00023082390421493685,0.2499999999999986,0.04347979206082438,0.37430328273260294,-0.004530832313896113,0.03723926966829175,0.17647058823529305,0.03703833333333335,0.03230986407902601,-0.035715057097808346,0.032963253291526017
0.0,0.0,-0.4144710566307027,-0.03364157818897661,-0.0006035505421548734,0.11111111111111124,0.0,-0.010078324380535011,-0.030800077160944846,-0.0005359228271128965,0.2499999999999986,0.04347979206082438,-0.011308628110527475,-0.010539848670200724,0.04216677819201479,0.17647058823529305,0.03703833333333335,-0.019026005037879705,-0.03364157818897661,0.037380902864273265
0.0,0.0,-0.4144710566307027,-0.059859361356153946,0.0021922065669073955,0.11111111111111124,0.0,-0.010078324380535011,-0.030800077160944846,-0.00023082390421493685,0.2499999999999986,0.04347979206082438,0.33004086692707546,-0.006314847537492665,0.05851703151387694,0.17647058823529305,0.03703833333333335,-0.0022823892746877206,-0.04080618834717195,0.052039363474516806
0.0,0.0,-0.4144710566307027,-0.03364157818897661,-0.0006035505421548734,0.11111111111111124,0.0,-0.010078324380535011,-0.030800077160944846,-0.0005359228271128965,0.2499999999999986,0.04347979206082438,-0.011308628110527475,-0.010539848670200724,0.04216677819201479,0.17647058823529305,0.03703833333333335,-0.019026005037879705,-0.03364157818897661,0.037380902864273265
0.0,0.0,-0.4144710566307027,-0.03364157818897661,-0.0006035505421548734,0.11111111111111124,0.0,-0.010078324380535011,-0.030800077160944846,-0.0005359228271128965,0.2499999999999986,0.04347979206082438,-0.0012330055961554869,-0.005153821757056817,0.03723926966829175,0.17647058823529305,0.03703833333333335,-0.019026005037879705,-0.03364157818897661,0.032963253291526017
0.0,0.0,-0.4144710566307027,-0.037603403961208676,-0.0006035505421548734,0.11111111111111124,0.0,0.0325029142052428,-0.022405901643177413,-0.00025139237092715956,0.2499999999999986,0.04347979206082438,0.40199165783039253,0.00271283584794523,0.04216677819201479,0.17647058823529305,0.03703833333333335,0.053949064491033025,-0.03588784700687766,0.037380902864273265
0.0,0.0,-0.4144710566307027,-0.035715057097808346,-0.0006035505421548734,0.11111111111111124,0.0,-0.010078324380535011,-0.030800077160944846,-0.0005153543604006738,0.2499999999999986,0.04347979206082438,-0.0012330055961554869,-0.005153821757056817,0.04216677819201479,0.17647058823529305,0.03703833333333335,-0.019026005037879705,-0.035715057097808346,0.037380902864273265
0.0,0.0,-0.4144710566307027,-0.0645339455032969,0.0021922065669073955,0.0,0.0,0.03904313583921772,-0.006055965067135921,-0.0005153543604006738,0.2499999999999986,0.04347979206082438,0.4015786337530223,-0.001483847582800951,0.055455501386100746,0.17647058823529305,0.03703833333333335,0.05362627520659022,-0.03817422776795547,0.049294615861030296
0.0,0.0,-0.4144710566307027,-0.03171620491649001,-0.0006035505421548734,0.16666666666666688,0.0,0.018534912143632638,-0.030800077160944846,0.1651533607731915,0.166666666666667,0.0,0.4482833393756184,0.013535861537764426,0.03723926966829175,0.11764705882352958,0.0,0.09012724290807989,-0.029991391359887456,0.15747446653396197
0.0,0.0,-0.4144710566307027,-0.033508900223084094,-0.0006035505421548734,0.11111111111111124,0.0,-0.010078324380535011,-0.030800077160944846,-0.00025139237092715956,0.2499999999999986,0.04347979206082438,-0.0012330055961554869,-0.004949934302931447,0.03723926966829175,0.17647058823529305,0.03703833333333335,-0.019026005037879705,-0.033508900223084094,0.032963253291526017
0.0,0.0,-0.4144710566307027,-0.037603403961208676,-0.0006035505421548734,0.16666666666666688,0.0,0.018534912143632638,-0.030800077160944846,0.16001124409513603,0.2499999999999986,0.04347979206082438,-0.011308628110527475,-0.005153821757056817,0.03723926966829175,0.17647058823529305,0.03703833333333335,-0.004331329714711663,-0.037603403961208676,0.1523323498559065
0.0,0.0,-0.4144710566307027,-0.043067884835525594,-0.0006035505421548734,0.11111111111111124,0.0,-0.010078324380535011,-0.030800077160944846,-0.00025139237092715956,0.2499999999999986,0.04347979206082438,0.43866892947971825,0.0005550269584522725,0.03723926966829175,0.17647058823529305,0.03703833333333335,0.08261332626090273,-0.03706343549536705,0.032963253291526017
0.0,0.0,-0.4144710566307027,-0.043058628233254015,-0.0006035505421548734,0.11111111111111124,0.0,-0.010078324380535011,-0.030800077160944846,-0.0002525350635222842,0.166666666666667,0.04347979206082438,0.4871782608577137,0.06675615060486606,0.04410158365994327,0.11764705882352958,0.03703833333333335,0.12052465691261377,-0.0009966275112390697,0.03911551022367065
0.0,0.0,-0.4144710566307027,-0.033508900223084094,-0.0006035505421548734,0.0,0.0,0.0,-0.014035108229916236,-0.0005359228271128965,0.2499999999999986,0.04347979206082438,0.43866892947971825,0.0,0.03723926966829175,0.17647058823529305,0.03703833333333335,0.08261332626090273,-0.033508900223084094,0.032963253291526017
0.0,0.0,-0.4144710566307027,-0.059859361356153946,-0.0006035505421548734,0.11111111111111124,0.0,0.0325029142052428,-0.022405901643177413,-0.0005153543604006738,0.2499999999999986,0.04347979206082438,0.4403414674302662,0.0050801957319559325,0.03723926966829175,0.17647058823529305,0.03703833333333335,0.08392045908400154,-0.03459809375703887,0.032963253291526017
0.0,0.0,-0.4144710566307027,-0.043058628233254015,-0.0006035505421548734,0.11111111111111124,0.0,0.0325029142052428,-0.022405901643177413,-0.0005359228271128965,0.2499999999999986,0.04347979206082438,0.44729759171779887,0.006632005799465313,0.04216677819201479,0.17647058823529305,0.03703833333333335,0.08935685493666995,-0.033752657416235475,0.037380902864273265
0.0,0.0,-0.4144710566307027,-0.03171620491649001,-0.0006035505421548734,0.11111111111111124,0.0,-0.010078324380535011,-0.030800077160944846,-0.0005359228271128965,0.2499999999999986,0.04347979206082438,0.41935064098195757,-0.0019935662181142966,0.03723926966829175,0.17647058823529305,0.03703833333333335,0.0675155707969721,-0.03171620491649001,0.032963253291526017
0.0,0.0,-0.4144710566307027,-0.059859361356153946,0.0021922065669073955,0.16666666666666688,0.0,-0.010078324380535011,-0.030800077160944846,-0.00023082390421493685,0.2499999999999986,0.04347979206082438,0.40909301502757184,-0.001472520502016278,0.055455501386100746,0.17647058823529305,0.03703833333333335,0.05949896371929362,-0.038168056699774466,0.049294615861030296
0.0,0.0,-0.4144710566307027,-0.043067884835525594,0.002164457116693386,0.11111111111111124,0.0,0.0325029142052428,-0.022405901643177413,-0.0005359228271128965,0.2499999999999986,0.04347979206082438,0.36745248065333,-0.001472520502016278,0.06597202306981485,0.17647058823529305,0.03703833333333335,0.026955780328975394,-0.038168056699774466,0.058722972463393835
0.0,0.0,-0.4144710566307027,-0.037603403961208676,-0.0006035505421548734,0.11111111111111124,0.0,-0.010078324380535011,-0.030800077160944846,-0.0005164970529957984,0.2499999999999986,0.04347979206082438,-0.011308628110527475,-0.010539848670200724,0.04410158365994327,0.17647058823529305,0.03703833333333335,-0.019026005037879705,-0.037603403961208676,0.03911551022367065
0.0,0.0,-0.4144710566307027,-0.037603403961208676,-0.0006035505421548734,0.11111111111111124,0.0,0.0325029142052428,-0.022405901643177413,-0.00025139237092715956,0.2499999999999986,0.04347979206082438,0.44729759171779887,0.006632005799465313,0.04216677819201479,0.17647058823529305,0.03703833333333335,0.08935685493666995,-0.033752657416235475,0.037380902864273265
0.0,0.0,-0.4144710566307027,-0.04365722184681556,0.002164457116693386,0.11111111111111124,0.0,-0.010078324380535011,-0.030800077160944846,-0.0005370655197080212,0.2499999999999986,0.04347979206082438,0.33004086692707546,-0.006314847537492665,0.06917630564318261,0.17647058823529305,0.03703833333333335,-0.0022823892746877206,-0.04080618834717195,0.061595701647534175
0.0,0.0,-0.4144710566307027,-0.04176578944932475,-0.0006035505421548734,0.11111111111111124,0.0,0.0325029142052428,-0.022405901643177413,-0.00023196659681006142,0.2499999999999986,0.04347979206082438,0.276951962470595,-0.0020615287028227266,0.04410158365994327,0.17647058823529305,0.03703833333333335,0.002842107482277153,-0.03848895224518887,0.03911551022367065
0.0,0.0,-0.4144710566307027,-0.03171620491649001,-0.0006035505421548734,0.11111111111111124,0.0,-0.02411668523321956,-0.03959174845531973,0.16516821577692814,0.166666666666667,0.04347979206082438,0.4267260827729454,0.0018406506275202299,0.04410158365994327,0.11764705882352958,0.03703833333333335,0.07327967441369239,-0.03171620491649001,0.15748932153769857
0.0,0.0,-0.4144710566307027,-0.059859361356153946,0.0021922065669073955,0.11111111111111124,0.0,-0.010078324380535011,-0.030800077160944846,-0.0005153543604006738,0.2499999999999986,0.04347979206082438,0.36745248065333,-0.0021747995106701627,0.055455501386100746,0.17647058823529305,0.03703833333333335,0.026955780328975394,-0.038550662926999366,0.049294615861030296
0.0,0.0,-0.4144710566307027,-0.03364157818897661,-0.0006035505421548734,0.11111111111111124,0.0,-0.010078324380535011,-0.030800077160944846,-0.00025139237092715956,0.2499999999999986,0.04347979206082438,0.37430328273260294,-0.004530832313896113,0.04216677819201479,0.17647058823529305,0.03703833333333335,0.03230986407902601,-0.03364157818897661,0.037380902864273265
0.0,0.0,-0.4144710566307027,-0.06914990450271989,0.0,0.0,0.0,0.03904313583921772,-0.006055965067135921,-0.00023082390421493685,0.166666666666667,0.04347979206082438,0.4941099877609653,0.21272257713742013,0.015461874263136095,0.11764705882352958,0.03703833333333335,0.1259419855615866,0.0785268426038205,0.013439207611246841
0.0,0.0,-0.4144710566307027,-0.037603403961208676,-0.0006035505421548734,0.11111111111111124,0.0,-0.010078324380535011,-0.030800077160944846,-0.0005370655197080212,0.166666666666667,0.04347979206082438,0.4871782608577137,0.06675615060486606,0.04410158365994327,0.11764705882352958,0.03703833333333335,0.12052465691261377,-0.0009966275112390697,0.03911551022367065
0.0,0.0,-0.4144710566307027,-0.04176578944932475,-0.0006035505421548734,0.11111111111111124,0.0,0.0325029142052428,-0.022405901643177413,-0.0005153543604006738,0.2499999999999986,0.04347979206082438,0.390035757607146,-0.0019935662181142966,0.03723926966829175,0.17647058823529305,0.03703833333333335,0.04460521097405849,-0.038451925836102595,0.032963253291526017
0.0,0.0,-0.4144710566307027,-0.033508900223084094,-0.0006035505421548734,0.16666666666666688,0.0,0.018534912143632638,-0.030800077160944846,0.16514650461762082,0.2499999999999986,0.04347979206082438,0.276951962470595,-0.0021747995106701627,0.04216677819201479,0.17647058823529305,0.03703833333333335,-0.004331329714711663,-0.033508900223084094,0.15746761037839122
0.0,0.0,-0.4144710566307027,-0.043067884835525594,-0.0006035505421548734,0.11111111111111124,0.0,0.0325029142052428,-0.022405901643177413,-0.0005359228271128965,0.2499999999999986,0.04347979206082438,0.39404978588504025,0.0005550269584522725,0.03723926966829175,0.17647058823529305,0.03703833333333335,0.04774228066695468,-0.03706343549536705,0.032963253291526017
0.0,0.0,-0.4144710566307027,-0.037603403961208676,-0.0006035505421548734,0.11111111111111124,0.0,-0.010078324380535011,-0.030800077160944846,-0.0005359228271128965,0.166666666666667,0.04347979206082438,0.4871782608577137,0.08207602736622711,0.03723926966829175,0.11764705882352958,0.03703833333333335,0.12052465691261377,0.007349742203626721,0.032963253291526017
0.0,0.0,-0.4144710566307027,-0.03364157818897661,-0.0006035505421548734,0.11111111111111124,0.0,-0.010078324380535011,-0.030800077160944846,-0.0005359228271128965,0.2499999999999986,0.04347979206082438,-0.011308628110527475,-0.010539848670200724,0.04216677819201479,0.17647058823529305,0.03703833333333335,-0.019026005037879705,-0.03364157818897661,0.037380902864273265
0.0,0.0,-0.4144710566307027,-0.043058628233254015,0.002164457116693386,0.11111111111111124,0.0,0.0325029142052428,-0.022405901643177413,-0.00025139237092715956,0.2499999999999986,0.04347979206082438,0.4015786337530223,-0.0020615287028227266,0.06413663448363763,0.17647058823529305,0.03703833333333335,0.05362627520659022,-0.03848895224518887,0.05707749512641607
0.0,0.0,-0.4144710566307027,-0.03364157818897661,-0.0006035505421548734,0.11111111111111124,0.0,-0.010078324380535011,-0.030800077160944846,-0.0005359228271128965,0.2499999999999986,0.04347979206082438,-0.0012330055961554869,-0.005153821757056817,0.03723926966829175,0.17647058823529305,0.03703833333333335,-0.019026005037879705,-0.03364157818897661,0.032963253291526017
0.0,0.0,-0.4144710566307027,-0.037603403961208676,-0.0006035505421548734,0.16666666666666688,0.0,-0.010078324380535011,-0.030800077160944846,-0.00025139237092715956,0.2499999999999986,0.04347979206082438,-0.011308628110527475,-0.0096733269901681,0.04216677819201479,0.17647058823529305,0.03703833333333335,-0.019026005037879705,-0.037603403961208676,0.037380902864273265
0.0,0.0,-0.4144710566307027,-0.037603403961208676,-0.0006035505421548734,0.11111111111111124,0.0,0.0325029142052428,-0.022405901643177413,-0.0002525350635222842,0.2499999999999986,0.04347979206082438,0.276951962470595,-0.0020615287028227266,0.04410158365994327,0.17647058823529305,0.03703833333333335,0.002842107482277153,-0.037603403961208676,0.03911551022367065
0.0,0.0,-0.4144710566307027,-0.033508900223084094,-0.0006035505421548734,0.0,0.0,0.0,-0.014035108229916236,-0.0005359228271128965,0.2499999999999986,0.04347979206082438,0.3143730970209263,-0.001472520502016278,0.03723926966829175,0.17647058823529305,0.03703833333333335,-0.013850159081116212,-0.033508900223084094,0.032963253291526017
0.0,0.0,-0.4144710566307027,-0.033508900223084094,-0.0006035505421548734,0.11111111111111124,0.0,0.0325029142052428,-0.022405901643177413,-0.00025139237092715956,0.2499999999999986,0.0,0.3143730970209263,-0.001472520502016278,0.03723926966829175,0.17647058823529305,0.0,0.002842107482277153,-0.033508900223084094,0.032963253291526017
0.0,0.0,-0.4144710566307027,-0.043058628233254015,0.002164457116693386,0.11111111111111124,0.0,0.0325029142052428,-0.022405901643177413,-0.0005359228271128965,0.2499999999999986,0.04347979206082438,0.35993809501743174,-0.005153821757056817,0.06439409871586528,0.17647058823529305,0.03703833333333335,0.02108308840776222,-0.04017365385861466,0.057308319030631015
0.0,0.0,-0.4144710566307027,-0.043067884835525594,-0.0006035505421548734,0.11111111111111124,0.0,-0.010078324380535011,-0.030800077160944846,-0.0005359228271128965,0.2499999999999986,0.04347979206082438,0.43866892947971825,0.0005550269584522725,0.04216677819201479,0.17647058823529305,0.03703833333333335,0.08261332626090273,-0.03706343549536705,0.037380902864273265
0.0,0.0,-0.4144710566307027,-0.03364157818897661,-0.0006035505421548734,0.0,0.0,0.03904313583921772,-0.006055965067135921,-0.0005359228271128965,0.2499999999999986,0.04347979206082438,0.02457762137496967,-0.005153821757056817,0.03723926966829175,0.17647058823529305,0.03703833333333335,0.006200917778751184,-0.03364157818897661,0.032963253291526017
0.0,0.0,-0.4144710566307027,-0.04176578944932475,-0.0006382373549224061,0.0,0.0,0.03904313583921772,-0.006055965067135921,-0.0005473497530641305,0.2499999999999986,0.04347979206082438,0.02457762137496967,-0.0020615287028227266,0.04216677819201479,0.17647058823529305,0.03703833333333335,0.006200917778751184,-0.03848895224518887,0.037380902864273265
0.0,0.0,-0.4144710566307027,-0.043067884835525594,-0.0006035505421548734,0.16666666666666688,0.0,0.0325029142052428,-0.022405901643177413,-0.00025139237092715956,0.2499999999999986,0.04347979206082438,0.44729759171779887,0.006632005799465313,0.04216677819201479,0.17647058823529305,0.03703833333333335,0.08935685493666995,-0.033752657416235475,0.037380902864273265
0.0,0.0,-0.4144710566307027,-0.04365722184681556,-0.0006035505421548734,0.0,0.0,0.03904313583921772,-0.006055965067135921,-0.0005370655197080212,0.2499999999999986,0.04347979206082438,0.43866892947971825,0.002129491187531157,0.04410158365994327,0.17647058823529305,0.03703833333333335,0.08261332626090273,-0.03620565701820155,0.03911551022367065
0.0,0.0,-0.4144710566307027,-0.04176578944932475,-0.0006035505421548734,0.11111111111111124,0.0,-0.010078324380535011,-0.030800077160944846,-0.0005153543604006738,0.166666666666667,0.04347979206082438,0.4871782608577137,0.06675615060486606,0.04216677819201479,0.11764705882352958,0.03703833333333335,0.12052465691261377,-0.0009966275112390697,0.037380902864273265
0.0,0.0,-0.4144710566307027,-0.037603403961208676,0.002164457116693386,0.11111111111111124,0.0,-0.02411668523321956,-0.03959174845531973,0.16514650461762082,0.2499999999999986,0.04347979206082438,0.4343128886029781,0.0002491957772642183,0.06597202306981485,0.17647058823529305,0.03703833333333335,0.07920896463976161,-0.037230054336255355,0.15746761037839122
0.0,0.0,-0.4144710566307027,-0.043058628233254015,-0.0006035505421548734,0.16666666666666688,0.0,0.0325029142052428,-0.022405901643177413,-0.00023082390421493685,0.2499999999999986,0.04347979206082438,0.44729759171779887,0.006632005799465313,0.03723926966829175,0.17647058823529305,0.03703833333333335,0.08935685493666995,-0.033752657416235475,0.032963253291526017
0.0,0.0,-0.4144710566307027,-0.03364157818897661,-0.0006035505421548734,0.11111111111111124,0.0,0.0325029142052428,-0.022405901643177413,-0.00025139237092715956,0.2499999999999986,0.04347979206082438,-0.011308628110527475,-0.006450772506909525,0.03723926966829175,0.17647058823529305,0.03703833333333335,0.002842107482277153,-0.03364157818897661,0.032963253291526017
0.0,0.0,-0.4144710566307027,-0.037603403961208676,-0.0006035505421548734,0.11111111111111124,0.0,0.0325029142052428,-0.022405901643177413,-0.0005359228271128965,0.2499999999999986,0.04347979206082438,0.44729759171779887,0.006632005799465313,0.03723926966829175,0.17647058823529305,0.03703833333333335,0.08935685493666995,-0.033752657416235475,0.032963253291526017
0.0,0.0,-0.4144710566307027,-0.037603403961208676,-0.0006035505421548734,0.11111111111111124,0.0,-0.02411668523321956,-0.03959174845531973,0.16001124409513603,0.2499999999999986,0.04347979206082438,-0.017485741388380816,-0.004615785419781671,0.05200904948539018,0.17647058823529305,0.03703833333333335,-0.026235575847020205,-0.037603403961208676,0.1523323498559065
0.0,0.0,-0.4144710566307027,-0.03171620491649001,-0.0006035505421548734,0.11111111111111124,0.0,0.0325029142052428,-0.022405901643177413,-0.0005359228271128965,0.2499999999999986,0.04347979206082438,0.3143730970209263,-0.001472520502016278,0.03723926966829175,0.17647058823529305,0.03703833333333335,0.002842107482277153,-0.03171620491649001,0.032963253291526017
0.0,0.0,0.016995811401632227,0.0,-0.021755568967789827,0.16666666666666688,0.0,0.018534912143632638,-0.030800077160944846,0.16514650461762082,0.166666666666667,0.0,-0.03892470077059578,-0.015676679806080413,0.02904884810247586,0.11764705882352958,0.0,0.016995811401632227,0.0,0.15746761037839122
0.0,0.0,-0.4144710566307027,-0.037603403961208676,-0.0006035505421548734,0.11111111111111124,0.0,-0.02411668523321956,-0.03959174845531973,0.16001124409513603,0.2499999999999986,0.04347979206082438,-0.017485741388380816,-0.004615785419781671,0.05610808399451932,0.17647058823529305,0.03703833333333335,-0.026235575847020205,-0.037603403961208676,0.1523323498559065
0.0,0.0,-0.4144710566307027,-0.035715057097808346,-0.0006035505421548734,0.11111111111111124,0.0,-0.010078324380535011,-0.030800077160944846,-0.0005153543604006738,0.2499999999999986,0.04347979206082438,-0.011308628110527475,-0.0096733269901681,0.03723926966829175,0.17647058823529305,0.03703833333333335,-0.019026005037879705,-0.035715057097808346,0.032963253291526017
0.0,0.0,-0.4144710566307027,-0.043058628233254015,-0.0006035505421548734,0.11111111111111124,0.0,0.0325029142052428,-0.022405901643177413,-0.0005359228271128965,0.2499999999999986,0.04347979206082438,0.44729759171779887,0.006632005799465313,0.04216677819201479,0.17647058823529305,0.03703833333333335,0.08935685493666995,-0.033752657416235475,0.037380902864273265
0.0,0.0,-0.4144710566307027,-0.037452212790773,-0.0006035505421548734,0.11111111111111124,0.0,-0.010078324380535011,-0.030800077160944846,-0.0005370655197080212,0.2499999999999986,0.04347979206082438,-0.011308628110527475,-0.010539848670200724,0.04410158365994327,0.17647058823529305,0.03703833333333335,-0.019026005037879705,-0.037452212790773,0.03911551022367065
0.0,0.0,-0.4144710566307027,-0.03364157818897661,-0.0006035505421548734,0.11111111111111124,0.0,-0.010078324380535011,-0.030800077160944846,-0.00025139237092715956,0.2499999999999986,0.04347979206082438,-0.011308628110527475,-0.010539848670200724,0.04216677819201479,0.17647058823529305,0.03703833333333335,-0.019026005037879705,-0.03364157818897661,0.037380902864273265
0.0,0.0,-0.4144710566307027,-0.03171620491649001,-0.0006035505421548734,0.11111111111111124,0.0,0.0325029142052428,-0.022405901643177413,-0.0005359228271128965,0.2499999999999986,0.04347979206082438,-0.011308628110527475,-0.005153821757056817,0.04216677819201479,0.17647058823529305,0.03703833333333335,0.002842107482277153,-0.03171620491649001,0.037380902864273265
0.0,0.0,-0.4144710566307027,-0.04176578944932475,-0.0006035505421548734,0.11111111111111124,0.0,0.0325029142052428,-0.022405901643177413,-0.00023082390421493685,0.2499999999999986,0.04347979206082438,0.390035757607146,-0.0019935662181142966,0.03723926966829175,0.17647058823529305,0.03703833333333335,0.04460521097405849,-0.038451925836102595,0.032963253291526017
0.0,0.0,-0.4144710566307027,-0.043058628233254015,0.002164457116693386,0.16666666666666688,0.0,-0.02411668523321956,-0.03959174845531973,0.17147930697979494,0.2499999999999986,0.04347979206082438,0.33004086692707546,-0.002899732680893472,0.06413663448363763,0.17647058823529305,0.03703833333333335,-0.0022823892746877206,-0.038945611290586324,0.16380041274056534
0.0,0.0,-0.4144710566307027,-0.03795515484752835,0.002164457116693386,0.11111111111111124,0.0,-0.02411668523321956,-0.03959174845531973,0.16514650461762082,0.2499999999999986,0.04347979206082438,0.33004086692707546,-0.002899732680893472,0.06597202306981485,0.17647058823529305,0.03703833333333335,-0.0022823892746877206,-0.03795515484752835,0.15746761037839122
0.0,0.0,-0.4144710566307027,-0.059859361356153946,-0.0006035505421548734,0.11111111111111124,0.0,0.0325029142052428,-0.022405901643177413,-0.0005153543604006738,0.2499999999999986,0.04347979206082438,0.39404978588504025,0.0005550269584522725,0.03723926966829175,0.17647058823529305,0.03703833333333335,0.04774228066695468,-0.03706343549536705,0.032963253291526017
0.0,0.0,-0.4144710566307027,-0.033508900223084094,-0.0006035505421548734,0.16666666666666688,0.0,0.018534912143632638,-0.030800077160944846,0.1651533607731915,0.2499999999999986,0.0,0.40199165783039253,0.00271283584794523,0.03723926966829175,0.17647058823529305,0.0,0.053949064491033025,-0.033508900223084094,0.15747446653396197
0.0,0.0,-0.4144710566307027,-0.04176578944932475,-0.0006382373549224061,0.11111111111111124,0.0,0.0325029142052428,-0.022405901643177413,-0.0002628192968783936,0.166666666666667,0.0,0.4941099877609653,0.19941892075574277,0.03723926966829175,0.11764705882352958,0.0,0.1259419855615866,0.07127892302518103,0.032963253291526017
0.0,0.0,-0.4144710566307027,-0.037603403961208676,-0.0006035505421548734,0.11111111111111124,0.0,0.0325029142052428,-0.022405901643177413,-0.0005359228271128965,0.2499999999999986,0.04347979206082438,0.44729759171779887,0.006632005799465313,0.03723926966829175,0.17647058823529305,0.03703833333333335,0.08935685493666995,-0.033752657416235475,0.032963253291526017
0.0,0.0,-0.4144710566307027,-0.04176578944932475,-0.0006035505421548734,0.0,0.0,0.0,-0.014035108229916236,-0.00023082390421493685,0.2499999999999986,0.04347979206082438,0.02457762137496967,-0.006314847537492665,0.03723926966829175,0.17647058823529305,0.03703833333333335,-0.013850159081116212,-0.04080618834717195,0.032963253291526017
0.0,0.0,-0.4144710566307027,-0.037603403961208676,-0.0006035505421548734,0.11111111111111124,0.0,0.0325029142052428,-0.022405901643177413,-0.0005359228271128965,0.166666666666667,0.0,0.4941099877609653,0.19627565583797738,0.04216677819201479,0.11764705882352958,0.0,0.1259419855615866,0.06956645160494054,0.037380902864273265
0.0,0.0,-0.4144710566307027,-0.043058628233254015,0.002164457116693386,0.11111111111111124,0.0,-0.010078324380535011,-0.030800077160944846,-0.0005370655197080212,0.2499999999999986,0.04347979206082438,0.40909301502757184,-0.001472520502016278,0.06917630564318261,0.17647058823529305,0.03703833333333335,0.05949896371929362,-0.038168056699774466,0.061595701647534175
0.0,0.0,-0.4144710566307027,-0.035715057097808346,-0.0006035505421548734,0.11111111111111124,0.0,-0.010078324380535011,-0.030800077160944846,-0.0005153543604006738,0.2499999999999986,0.04347979206082438,0.37430328273260294,-0.004530832313896113,0.03723926966829175,0.17647058823529305,0.03703833333333335,0.03230986407902601,-0.035715057097808346,0.032963253291526017
0.0,0.0,-0.4144710566307027,-0.04176578944932475,0.0021922065669073955,0.16666666666666688,0.0,0.018534912143632638,-0.030800077160944846,0.1663371903017394,0.2499999999999986,0.04347979206082438,0.26988960881428553,-0.0062978569163155374,0.05851703151387694,0.17647058823529305,0.03703833333333335,-0.004331329714711663,-0.04079693174490038,0.15865829606250986
0.0,0.0,-0.4144710566307027,-0.033508900223084094,-0.0006035505421548734,0.0,0.0,0.0,-0.014035108229916236,-0.00025139237092715956,0.2499999999999986,0.04347979206082438,0.02457762137496967,-0.006314847537492665,0.04216677819201479,0.17647058823529305,0.03703833333333335,-0.013850159081116212,-0.033508900223084094,0.037380902864273265
0.0,0.0,-0.4144710566307027,-0.037603403961208676,-0.0006035505421548734,0.11111111111111124,0.0,0.0325029142052428,-0.022405901643177413,-0.0005370655197080212,0.2499999999999986,0.04347979206082438,-0.011308628110527475,-0.006450772506909525,0.04410158365994327,0.17647058823529305,0.03703833333333335,0.002842107482277153,-0.037603403961208676,0.03911551022367065
0.0,0.0,-0.4144710566307027,-0.04396268972177737,0.002164457116693386,0.0,0.0,0.0,-0.014035108229916236,-0.00025139237092715956,0.2499999999999986,0.04347979206082438,0.36745248065333,-0.001472520502016278,0.06413663448363763,0.17647058823529305,0.03703833333333335,0.026955780328975394,-0.038168056699774466,0.05707749512641607
0.0,0.0,-0.021012303885212018,-0.01859651396358454,-0.021755568967789827,0.11111111111111124,0.0,-0.010078324380535011,-0.030800077160944846,-0.0005153543604006738,0.166666666666667,0.0,-0.0031161705178283814,-0.0028827420597164234,0.029972915272599817,0.11764705882352958,0.0,-0.019026005037879705,-0.01859651396358454,0.026448762806727262
0.0,0.0,-0.4144710566307027,-0.03364157818897661,-0.0006035505421548734,0.11111111111111124,0.0,-0.010078324380535011,-0.030800077160944846,-0.0005359228271128965,0.2499999999999986,0.04347979206082438,-0.011308628110527475,-0.010539848670200724,0.03723926966829175,0.17647058823529305,0.03703833333333335,-0.019026005037879705,-0.03364157818897661,0.032963253291526017
0.0,0.0,-0.4144710566307027,-0.0619235836627141,0.0,0.0,0.0,0.0,-0.014035108229916236,-0.0005359228271128965,0.166666666666667,0.04347979206082438,0.4941099877609653,0.10138303656381677,0.012420737341872993,0.11764705882352958,0.03703833333333335,0.1259419855615866,0.017868327918221016,0.010712743079282303
0.0,0.0,-0.4144710566307027,-0.03171620491649001,-0.0006035505421548734,0.11111111111111124,0.0,-0.010078324380535011,-0.030800077160944846,-0.0005359228271128965,0.2499999999999986,0.04347979206082438,0.41935064098195757,-0.0019935662181142966,0.04216677819201479,0.17647058823529305,0.03703833333333335,0.0675155707969721,-0.03171620491649001,0.037380902864273265
0.0,0.0,-0.4144710566307027,-0.04176578944932475,-0.0006035505421548734,0.11111111111111124,0.0,0.0325029142052428,-0.022405901643177413,-0.0005164970529957984,0.2499999999999986,0.04347979206082438,0.390035757607146,-0.0019935662181142966,0.04410158365994327,0.17647058823529305,0.03703833333333335,0.04460521097405849,-0.038451925836102595,0.03911551022367065
0.0,0.0,-0.4144710566307027,-0.035715057097808346,-0.0006035505421548734,0.11111111111111124,0.0,-0.010078324380535011,-0.030800077160944846,-0.0005153543604006738,0.2499999999999986,0.04347979206082438,-0.011308628110527475,-0.010539848670200724,0.03723926966829175,0.17647058823529305,0.03703833333333335,-0.019026005037879705,-0.035715057097808346,0.032963253291526017
0.0,0.0,-0.4144710566307027,-0.043058628233254015,-0.0006035505421548734,0.11111111111111124,0.0,-0.010078324380535011,-0.030800077160944846,-0.00025139237092715956,0.2499999999999986,0.04347979206082438,0.43866892947971825,0.0005550269584522725,0.04216677819201479,0.17647058823529305,0.03703833333333335,0.08261332626090273,-0.03706343549536705,0.037380902864273265
0.0,0.0,-0.4144710566307027,-0.03364157818897661,-0.0006035505421548734,0.11111111111111124,0.0,-0.02411668523321956,-0.03959174845531973,0.16516821577692814,0.2499999999999986,0.04347979206082438,-0.017485741388380816,-0.01576729645235835,0.05610808399451932,0.17647058823529305,0.03703833333333335,-0.026235575847020205,-0.03364157818897661,0.15748932153769857
0.0,0.0,-0.4144710566307027,-0.059859361356153946,0.0021922065669073955,0.11111111111111124,0.0,0.0325029142052428,-0.022405901643177413,-0.0005153543604006738,0.2499999999999986,0.04347979206082438,0.40909301502757184,0.008931403198767585,0.05851703151387694,0.17647058823529305,0.03703833333333335,0.05949896371929362,-0.03249993057548296,0.052039363474516806
0.0,0.0,-0.4144710566307027,-0.033508900223084094,-0.0006035505421548734,0.16666666666666688,0.0,-0.02411668523321956,-0.03959174845531973,0.17148044967239007,0.2499999999999986,0.04347979206082438,-0.0031161705178283814,-0.007085089030854979,0.04216677819201479,0.17647058823529305,0.03703833333333335,-0.026235575847020205,-0.033508900223084094,0.1638015554331605
0.0,0.0,-0.4144710566307027,-0.043058628233254015,-0.0006035505421548734,0.11111111111111124,0.0,-0.010078324380535011,-0.030800077160944846,-0.00025139237092715956,0.2499999999999986,0.04347979206082438,0.44128441717390066,0.0043552625617325445,0.03723926966829175,0.17647058823529305,0.03703833333333335,0.08465739934896443,-0.03499304212062588,0.032963253291526017
0.0,0.0,-0.4144710566307027,-0.04176578944932475,0.0021922065669073955,0.16666666666666688,0.0,0.018534912143632638,-0.030800077160944846,0.1663371903017394,0.2499999999999986,0.04347979206082438,0.37430328273260294,-0.001483847582800951,0.05851703151387694,0.17647058823529305,0.03703833333333335,0.03230986407902601,-0.03817422776795547,0.15865829606250986
0.0,0.0,-0.4144710566307027,-0.04176578944932475,-0.0006035505421548734,0.11111111111111124,0.0,0.0325029142052428,-0.022405901643177413,-0.00023082390421493685,0.166666666666667,0.04347979206082438,0.4941099877609653,0.19941892075574277,0.04216677819201479,0.11764705882352958,0.03703833333333335,0.1259419855615866,0.07127892302518103,0.037380902864273265
0.0,0.0,-0.4144710566307027,-0.04176578944932475,-0.0006035505421548734,0.11111111111111124,0.0,-0.02411668523321956,-0.03959174845531973,0.16003295525444336,0.2499999999999986,0.04347979206082438,-0.017485741388380816,-0.004615785419781671,0.05610808399451932,0.17647058823529305,0.03703833333333335,-0.026235575847020205,-0.03988052812001495,0.15235406101521382
0.0,0.0,-0.4144710566307027,-0.03364157818897661,-0.0006035505421548734,0.16666666666666688,0.0,-0.02411668523321956,-0.03959174845531973,0.1715021608316974,0.2499999999999986,0.04347979206082438,-0.0031161705178283814,-0.007085089030854979,0.04410158365994327,0.17647058823529305,0.03703833333333335,-0.026235575847020205,-0.03364157818897661,0.16382326659246782
0.0,0.0,-0.4144710566307027,-0.033508900223084094,-0.0006035505421548734,0.11111111111111124,0.0,-0.010078324380535011,-0.030800077160944846,-0.00025139237092715956,0.2499999999999986,0.04347979206082438,-0.011308628110527475,-0.0096733269901681,0.04216677819201479,0.17647058823529305,0.03703833333333335,-0.019026005037879705,-0.033508900223084094,0.037380902864273265
0.0,0.0,-0.4144710566307027,-0.04176578944932475,-0.0006035505421548734,0.11111111111111124,0.0,0.0325029142052428,-0.022405901643177413,-0.00023082390421493685,0.2499999999999986,0.04347979206082438,0.276951962470595,-0.0020615287028227266,0.03723926966829175,0.17647058823529305,0.03703833333333335,0.002842107482277153,-0.03848895224518887,0.032963253291526017
0.0,0.0,-0.4144710566307027,-0.037603403961208676,-0.0006035505421548734,0.16666666666666688,0.0,0.018534912143632638,-0.030800077160944846,0.16001124409513603,0.2499999999999986,0.04347979206082438,0.26988960881428553,-0.0020615287028227266,0.04216677819201479,0.17647058823529305,0.03703833333333335,-0.004331329714711663,-0.037603403961208676,0.1523323498559065
0.0,0.0,-0.4144710566307027,-0.04176578944932475,-0.0006382373549224061,0.11111111111111124,0.0,0.0325029142052428,-0.022405901643177413,-0.0005473497530641305,0.2499999999999986,0.04347979206082438,0.390035757607146,-0.001472520502016278,0.04216677819201479,0.17647058823529305,0.03703833333333335,0.04460521097405849,-0.038168056699774466,0.037380902864273265
0.0,0.0,-0.4144710566307027,-0.04365722184681556,0.002164457116693386,0.11111111111111124,0.0,-0.010078324380535011,-0.030800077160944846,-0.0005370655197080212,0.2499999999999986,0.04347979206082438,0.33004086692707546,-0.006314847537492665,0.06917630564318261,0.17647058823529305,0.03703833333333335,-0.0022823892746877206,-0.04080618834717195,0.061595701647534175
0.0,0.0,-0.4144710566307027,-0.03364157818897661,-0.0006035505421548734,0.11111111111111124,0.0,0.0325029142052428,-0.022405901643177413,-0.0005359228271128965,0.2499999999999986,0.04347979206082438,-0.011308628110527475,-0.006450772506909525,0.04216677819201479,0.17647058823529305,0.03703833333333335,0.002842107482277153,-0.03364157818897661,0.037380902864273265
0.0,0.0,-0.4144710566307027,-0.04176578944932475,-0.0006382373549224061,0.11111111111111124,0.0,-0.010078324380535011,-0.030800077160944846,-0.0005473497530641305,0.2499999999999986,0.04347979206082438,-0.011308628110527475,-0.0096733269901681,0.03723926966829175,0.17647058823529305,0.03703833333333335,-0.019026005037879705,-0.04176578944932475,0.032963253291526017
0.0,0.0,-0.4144710566307027,-0.059859361356153946,0.0021922065669073955,0.11111111111111124,0.0,-0.010078324380535011,-0.030800077160944846,-0.0005153543604006738,0.2499999999999986,0.04347979206082438,0.36974289522677645,-0.0062978569163155374,0.05851703151387694,0.17647058823529305,0.03703833333333335,0.028745800140768028,-0.04079693174490038,0.052039363474516806
0.0,0.0,-0.4144710566307027,-0.043058628233254015,-0.0006035505421548734,0.11111111111111124,0.0,-0.010078324380535011,-0.030800077160944846,-0.0005359228271128965,0.2499999999999986,0.04347979206082438,0.43866892947971825,0.0005550269584522725,0.03723926966829175,0.17647058823529305,0.03703833333333335,0.08261332626090273,-0.03706343549536705,0.032963253291526017
0.0,0.0,-0.4144710566307027,-0.043058628233254015,0.002164457116693386,0.11111111111111124,0.0,-0.010078324380535011,-0.030800077160944846,-0.0005359228271128965,0.2499999999999986,0.04347979206082438,0.36974289522677645,-0.0062978569163155374,0.06597202306981485,0.17647058823529305,0.03703833333333335,0.028745800140768028,-0.04079693174490038,0.058722972463393835
0.0,0.0,-0.4144710566307027,-0.037603403961208676,-0.0006035505421548734,0.11111111111111124,0.0,0.0325029142052428,-0.022405901643177413,-0.0005359228271128965,0.2499999999999986,0.04347979206082438,0.44729759171779887,0.006632005799465313,0.04216677819201479,0.17647058823529305,0.03703833333333335,0.08935685493666995,-0.033752657416235475,0.037380902864273265
0.0,0.0,-0.4144710566307027,-0.033508900223084094,-0.0006035505421548734,0.11111111111111124,0.0,0.0325029142052428,-0.022405901643177413,-0.00025139237092715956,0.2499999999999986,0.04347979206082438,0.3143730970209263,-0.001472520502016278,0.03723926966829175,0.17647058823529305,0.03703833333333335,0.002842107482277153,-0.033508900223084094,0.032963253291526017
0.0,0.0,-0.4144710566307027,-0.033508900223084094,-0.0006035505421548734,0.11111111111111124,0.0,0.0325029142052428,-0.022405901643177413,-0.0005359228271128965,0.2499999999999986,0.04347979206082438,0.43866892947971825,0.001336595532599339,0.03723926966829175,0.17647058823529305,0.03703833333333335,0.08261332626090273,-0.033508900223084094,0.032963253291526017
0.0,0.0,-0.4144710566307027,-0.043067884835525594,0.002164457116693386,0.11111111111111124,0.0,-0.010078324380535011,-0.030800077160944846,-0.0005359228271128965,0.2499999999999986,0.04347979206082438,0.33004086692707546,-0.006314847537492665,0.06597202306981485,0.17647058823529305,0.03703833333333335,-0.0022823892746877206,-0.04080618834717195,0.058722972463393835
0.0,0.0,-0.4144710566307027,-0.04176578944932475,-0.0006035505421548734,0.11111111111111124,0.0,0.0325029142052428,-0.022405901643177413,-0.00023082390421493685,0.2499999999999986,0.04347979206082438,0.43866892947971825,0.001336595532599339,0.04216677819201479,0.17647058823529305,0.03703833333333335,0.08261332626090273,-0.03663763179087483,0.037380902864273265
0.0,0.0,-0.4144710566307027,-0.03364157818897661,-0.0006035505421548734,0.11111111111111124,0.0,-0.010078324380535011,-0.030800077160944846,-0.00025139237092715956,0.2499999999999986,0.04347979206082438,-0.0012330055961554869,-0.005153821757056817,0.03723926966829175,0.17647058823529305,0.03703833333333335,-0.019026005037879705,-0.03364157818897661,0.032963253291526017
0.0,0.0,-0.4144710566307027,-0.043067884835525594,-0.0006035505421548734,0.11111111111111124,0.0,-0.010078324380535011,-0.030800077160944846,-0.0005359228271128965,0.2499999999999986,0.04347979206082438,0.43866892947971825,0.0005550269584522725,0.04216677819201479,0.17647058823529305,0.03703833333333335,0.08261332626090273,-0.03706343549536705,0.037380902864273265
0.0,0.0,-0.4144710566307027,-0.03364157818897661,-0.0006035505421548734,0.11111111111111124,0.0,-0.010078324380535011,-0.030800077160944846,-0.00025139237092715956,0.2499999999999986,0.04347979206082438,-0.0012330055961554869,-0.005153821757056817,0.03723926966829175,0.17647058823529305,0.03703833333333335,-0.019026005037879705,-0.03364157818897661,0.032963253291526017
0.0,0.0,-0.4144710566307027,-0.043067884835525594,-0.0006035505421548734,0.11111111111111124,0.0,0.0325029142052428,-0.022405901643177413,-0.00025139237092715956,0.2499999999999986,0.04347979206082438,0.44729759171779887,0.006632005799465313,0.03723926966829175,0.17647058823529305,0.03703833333333335,0.08935685493666995,-0.033752657416235475,0.032963253291526017
0.0,0.0,-0.4144710566307027,-0.037603403961208676,0.0,0.11111111111111124,0.0,0.06069032772435958,-0.027456436216541712,0.1599918183210189,0.166666666666667,0.04347979206082438,0.4871782608577137,0.18972860314439757,0.03723926966829175,0.11764705882352958,0.03703833333333335,0.12052465691261377,0.06599957419629549,0.15231292408178937
0.0,0.0,-0.4144710566307027,-0.037603403961208676,-0.0006035505421548734,0.11111111111111124,0.0,-0.010078324380535011,-0.030800077160944846,-0.0005164970529957984,0.2499999999999986,0.04347979206082438,-0.0012330055961554869,-0.005153821757056817,0.04410158365994327,0.17647058823529305,0.03703833333333335,-0.019026005037879705,-0.037603403961208676,0.03911551022367065
0.0,0.0,-0.4144710566307027,-0.04176578944932475,-0.0006035505421548734,0.0,0.0,0.03904313583921772,-0.006055965067135921,-0.00023082390421493685,0.2499999999999986,0.04347979206082438,0.02457762137496967,-0.0022370984549862174,0.03723926966829175,0.17647058823529305,0.03703833333333335,0.006200917778751184,-0.03858460380199511,0.032963253291526017
0.0,0.0,-0.4144710566307027,-0.037603403961208676,0.002164457116693386,0.11111111111111124,0.0,-0.02411668523321956,-0.03959174845531973,0.1651533607731915,0.2499999999999986,0.04347979206082438,0.40909301502757184,-0.005153821757056817,0.06439409871586528,0.17647058823529305,0.03703833333333335,0.05949896371929362,-0.037603403961208676,0.15747446653396197
0.0,0.0,-0.4144710566307027,-0.035715057097808346,-0.0006035505421548734,0.16666666666666688,0.0,-0.02411668523321956,-0.03959174845531973,0.16635890146104676,0.2499999999999986,0.04347979206082438,-0.017485741388380816,-0.01576729645235835,0.05610808399451932,0.17647058823529305,0.03703833333333335,-0.026235575847020205,-0.035715057097808346,0.1586800072218172
0.0,0.0,-0.4144710566307027,-0.037603403961208676,-0.0006035505421548734,0.11111111111111124,0.0,-0.010078324380535011,-0.030800077160944846,-0.0005359228271128965,0.2499999999999986,0.04347979206082438,0.44128441717390066,0.003075302433056963,0.04216677819201479,0.17647058823529305,0.03703833333333335,0.08465739934896443,-0.03569037282508414,0.037380902864273265
0.0,0.0,-0.4144710566307027,-0.03364157818897661,-0.0006035505421548734,0.11111111111111124,0.0,0.0325029142052428,-0.022405901643177413,-0.00025139237092715956,0.2499999999999986,0.04347979206082438,0.390035757607146,-0.0019935662181142966,0.03723926966829175,0.17647058823529305,0.03703833333333335,0.04460521097405849,-0.03364157818897661,0.032963253291526017
0.0,0.0,-0.4144710566307027,-0.04176578944932475,-0.0006035505421548734,0.2222222222222225,0.0,0.018534912143632638,-0.030800077160944846,0.1663371903017394,0.166666666666667,0.04347979206082438,0.4482833393756184,0.013535861537764426,0.04216677819201479,0.11764705882352958,0.03703833333333335,0.09012724290807989,-0.029991391359887456,0.15865829606250986
0.0,0.0,-0.4144710566307027,-0.03171620491649001,-0.0006035505421548734,0.11111111111111124,0.0,0.0325029142052428,-0.022405901643177413,-0.0005359228271128965,0.2499999999999986,0.04347979206082438,0.43866892947971825,0.001336595532599339,0.03723926966829175,0.17647058823529305,0.03703833333333335,0.08261332626090273,-0.03171620491649001,0.032963253291526017
0.0,0.0,-0.4144710566307027,-0.04176578944932475,-0.0006035505421548734,0.11111111111111124,0.0,0.0325029142052428,-0.022405901643177413,-0.0005153543604006738,0.2499999999999986,0.04347979206082438,-0.011308628110527475,-0.006450772506909525,0.04216677819201479,0.17647058823529305,0.03703833333333335,0.002842107482277153,-0.0408802411653445,0.037380902864273265
0.0,0.0,-0.4144710566307027,-0.03364157818897661,-0.0006035505421548734,0.11111111111111124,0.0,-0.010078324380535011,-0.030800077160944846,-0.0005359228271128965,0.2499999999999986,0.04347979206082438,0.37430328273260294,-0.004530832313896113,0.04216677819201479,0.17647058823529305,0.03703833333333335,0.03230986407902601,-0.03364157818897661,0.037380902864273265
0.0,0.0,-0.4144710566307027,-0.035715057097808346,-0.0006035505421548734,0.11111111111111124,0.0,-0.010078324380535011,-0.030800077160944846,-0.00023082390421493685,0.2499999999999986,0.04347979206082438,-0.011308628110527475,-0.0096733269901681,0.04216677819201479,0.17647058823529305,0.03703833333333335,-0.019026005037879705,-0.035715057097808346,0.037380902864273265
0.0,0.0,-0.4144710566307027,-0.03171620491649001,-0.0006035505421548734,0.16666666666666688,0.0,0.018534912143632638,-0.030800077160944846,0.17147930697979494,0.2499999999999986,0.04347979206082438,0.30731074336461695,-0.001483847582800951,0.03723926966829175,0.17647058823529305,0.03703833333333335,-0.004331329714711663,-0.03171620491649001,0.16380041274056534
0.0,0.0,-0.4144710566307027,-0.03171620491649001,-0.0006035505421548734,0.11111111111111124,0.0,-0.02411668523321956,-0.03959174845531973,0.1599918183210189,0.2499999999999986,0.04347979206082438,-0.017485741388380816,-0.01576729645235835,0.05168785648280916,0.17647058823529305,0.03703833333333335,-0.026235575847020205,-0.03171620491649001,0.15231292408178937
0.0,0.0,-0.4144710566307027,-0.043058628233254015,-0.0006035505421548734,0.11111111111111124,0.0,0.0325029142052428,-0.022405901643177413,-0.00025139237092715956,0.2499999999999986,0.04347979206082438,0.39404978588504025,0.0005550269584522725,0.04216677819201479,0.17647058823529305,0.03703833333333335,0.04774228066695468,-0.03706343549536705,0.037380902864273265
0.0,0.0,-0.4144710566307027,-0.033508900223084094,-0.0006035505421548734,0.16666666666666688,0.0,0.018534912143632638,-0.030800077160944846,0.17147930697979494,0.2499999999999986,0.04347979206082438,0.40199165783039253,0.00271283584794523,0.03723926966829175,0.17647058823529305,0.03703833333333335,0.053949064491033025,-0.033508900223084094,0.16380041274056534
0.0,0.0,-0.4144710566307027,-0.03171620491649001,-0.0006035505421548734,0.2222222222222225,0.0,0.018534912143632638,-0.030800077160944846,0.17148044967239007,0.2499999999999986,0.04347979206082438,-0.011308628110527475,-0.005153821757056817,0.04216677819201479,0.17647058823529305,0.03703833333333335,-0.004331329714711663,-0.03171620491649001,0.1638015554331605
0.0,0.0,-0.4144710566307027,-0.04365722184681556,-0.0006035505421548734,0.11111111111111124,0.0,0.0325029142052428,-0.022405901643177413,-0.0002525350635222842,0.166666666666667,0.04347979206082438,0.4941099877609653,0.22642268134656335,0.04410158365994327,0.11764705882352958,0.03703833333333335,0.1259419855615866,0.08599074956879663,0.03911551022367065
0.0,0.0,-0.4144710566307027,-0.037603403961208676,-0.0006035505421548734,0.16666666666666688,0.0,-0.010078324380535011,-0.030800077160944846,-0.00025139237092715956,0.2499999999999986,0.04347979206082438,-0.011308628110527475,-0.010539848670200724,0.04216677819201479,0.17647058823529305,0.03703833333333335,-0.019026005037879705,-0.037603403961208676,0.037380902864273265
0.0,0.0,-0.4144710566307027,-0.033508900223084094,-0.0006035505421548734,0.11111111111111124,0.0,0.0325029142052428,-0.022405901643177413,-0.0005359228271128965,0.2499999999999986,0.04347979206082438,-0.011308628110527475,-0.005153821757056817,0.03723926966829175,0.17647058823529305,0.03703833333333335,0.002842107482277153,-0.033508900223084094,0.032963253291526017
0.0,0.0,-0.4144710566307027,-0.033508900223084094,-0.0006035505421548734,0.11111111111111124,0.0,0.0325029142052428,-0.022405901643177413,-0.00025139237092715956,0.2499999999999986,0.04347979206082438,0.3143730970209263,-0.001472520502016278,0.03723926966829175,0.17647058823529305,0.03703833333333335,0.002842107482277153,-0.033508900223084094,0.032963253291526017
0.0,0.0,-0.4144710566307027,-0.03364157818897661,-0.0006035505421548734,0.11111111111111124,0.0,0.0325029142052428,-0.022405901643177413,-0.0005359228271128965,0.2499999999999986,0.04347979206082438,0.276951962470595,-0.0020615287028227266,0.03723926966829175,0.17647058823529305,0.03703833333333335,0.002842107482277153,-0.03364157818897661,0.032963253291526017
0.0,0.0,-0.4144710566307027,-0.059859361356153946,-0.0006035505421548734,0.11111111111111124,0.0,0.0325029142052428,-0.022405901643177413,-0.00023082390421493685,0.2499999999999986,0.04347979206082438,0.39404978588504025,0.0005550269584522725,0.03723926966829175,0.17647058823529305,0.03703833333333335,0.04774228066695468,-0.03706343549536705,0.032963253291526017
0.0,0.0,-0.4144710566307027,-0.035715057097808346,-0.0006035505421548734,0.11111111111111124,0.0,-0.010078324380535011,-0.030800077160944846,-0.0005153543604006738,0.2499999999999986,0.04347979206082438,-0.011308628110527475,-0.010539848670200724,0.04216677819201479,0.17647058823529305,0.03703833333333335,-0.019026005037879705,-0.035715057097808346,0.037380902864273265
0.0,0.0,-0.4144710566307027,-0.037603403961208676,-0.0006035505421548734,0.11111111111111124,0.0,-0.010078324380535011,-0.030800077160944846,-0.00023196659681006142,0.2499999999999986,0.04347979206082438,-0.0012330055961554869,-0.005153821757056817,0.04410158365994327,0.17647058823529305,0.03703833333333335,-0.019026005037879705,-0.037603403961208676,0.03911551022367065
0.0,0.0,-0.4144710566307027,-0.03248450290503033,-0.0006035505421548734,0.0,0.0,0.03904313583921772,-0.006055965067135921,-0.0005359228271128965,0.2499999999999986,0.04347979206082438,0.43866892947971825,0.002129491187531157,0.03723926966829175,0.17647058823529305,0.03703833333333335,0.08261332626090273,-0.03248450290503033,0.032963253291526017
0.0,0.0,-0.4144710566307027,-0.033508900223084094,-0.0006035505421548734,0.11111111111111124,0.0,0.0325029142052428,-0.022405901643177413,-0.0005359228271128965,0.2499999999999986,0.04347979206082438,0.3143730970209263,-0.001472520502016278,0.04216677819201479,0.17647058823529305,0.03703833333333335,0.002842107482277153,-0.033508900223084094,0.037380902864273265
0.0,0.0,-0.4144710566307027,-0.037603403961208676,-0.0006035505421548734,0.16666666666666688,0.0,0.0325029142052428,-0.022405901643177413,-0.00025139237092715956,0.2499999999999986,0.04347979206082438,0.276951962470595,-0.0020615287028227266,0.03723926966829175,0.17647058823529305,0.03703833333333335,0.002842107482277153,-0.037603403961208676,0.032963253291526017
0.0,0.0,-0.4144710566307027,-0.037603403961208676,-0.0006035505421548734,0.11111111111111124,0.0,0.0325029142052428,-0.022405901643177413,-0.0005359228271128965,0.2499999999999986,0.04347979206082438,0.44729759171779887,0.006632005799465313,0.04216677819201479,0.17647058823529305,0.03703833333333335,0.08935685493666995,-0.033752657416235475,0.037380902864273265
0.0,0.0,-0.4144710566307027,-0.037603403961208676,-0.0006035505421548734,0.0,0.0,0.03904313583921772,-0.006055965067135921,-0.0005370655197080212,0.2499999999999986,0.04347979206082438,0.390035757607146,-0.001472520502016278,0.04410158365994327,0.17647058823529305,0.03703833333333335,0.04460521097405849,-0.037603403961208676,0.03911551022367065
0.0,0.0,-0.4144710566307027,-0.033508900223084094,-0.0006035505421548734,0.11111111111111124,0.0,0.0325029142052428,-0.022405901643177413,-0.0005359228271128965,0.2499999999999986,0.04347979206082438,-0.011308628110527475,-0.005153821757056817,0.04216677819201479,0.17647058823529305,0.03703833333333335,0.002842107482277153,-0.033508900223084094,0.037380902864273265
0.0,0.0,-0.4144710566307027,-0.044194104778566654,-0.0006035505421548734,0.16666666666666688,0.0,0.0325029142052428,-0.022458511378316597,-0.00025139237092715956,0.2499999999999986,0.04347979206082438,0.44128441717390066,0.006632005799465313,0.03723926966829175,0.17647058823529305,0.03703833333333335,0.08465739934896443,-0.033752657416235475,0.032963253291526017
0.0,0.0,-0.4144710566307027,-0.03364157818897661,-0.0006035505421548734,0.0,0.0,0.03904313583921772,-0.006055965067135921,-0.0005359228271128965,0.2499999999999986,0.04347979206082438,0.390035757607146,-0.001472520502016278,0.04216677819201479,0.17647058823529305,0.03703833333333335,0.04460521097405849,-0.03364157818897661,0.037380902864273265
0.0,0.0,-0.4144710566307027,-0.043058628233254015,-0.0006035505421548734,0.11111111111111124,0.0,0.0325029142052428,-0.022405901643177413,-0.0005370655197080212,0.2499999999999986,0.04347979206082438,0.44729759171779887,0.006632005799465313,0.04410158365994327,0.17647058823529305,0.03703833333333335,0.08935685493666995,-0.033752657416235475,0.03911551022367065
0.0,0.0,-0.4144710566307027,-0.033508900223084094,-0.0006035505421548734,0.11111111111111124,0.0,0.0325029142052428,-0.022405901643177413,-0.00025139237092715956,0.2499999999999986,0.04347979206082438,0.3143730970209263,-0.001472520502016278,0.03723926966829175,0.17647058823529305,0.03703833333333335,0.002842107482277153,-0.033508900223084094,0.032963253291526017
0.0,0.0,-0.4144710566307027,-0.04176578944932475,-0.0006035505421548734,0.11111111111111124,0.0,-0.010078324380535011,-0.030800077160944846,-0.00023082390421493685,0.2499999999999986,0.04347979206082438,0.41935064098195757,-0.0019935662181142966,0.04216677819201479,0.17647058823529305,0.03703833333333335,0.0675155707969721,-0.038451925836102595,0.037380902864273265
0.0,0.0,-0.4144710566307027,-0.0686068505027878,0.0021922065669073955,0.0,0.0,0.0,-0.014035108229916236,-0.00023196659681006142,0.2499999999999986,0.04347979206082438,0.35993809501743174,-0.005153821757056817,0.0635261128636523,0.17647058823529305,0.03703833333333335,0.02108308840776222,-0.04017365385861466,0.05653014537335195
0.0,0.0,-0.4144710566307027,-0.03364157818897661,-0.0006035505421548734,0.11111111111111124,0.0,-0.010078324380535011,-0.030800077160944846,-0.00025139237092715956,0.2499999999999986,0.04347979206082438,0.37430328273260294,-0.004530832313896113,0.03723926966829175,0.17647058823529305,0.03703833333333335,0.03230986407902601,-0.03364157818897661,0.032963253291526017
0.0,0.0,-0.4144710566307027,-0.037603403961208676,-0.0006035505421548734,0.11111111111111124,0.0,0.0325029142052428,-0.022405901643177413,-0.0005359228271128965,0.2499999999999986,0.04347979206082438,0.44729759171779887,0.006632005799465313,0.03723926966829175,0.17647058823529305,0.03703833333333335,0.08935685493666995,-0.033752657416235475,0.032963253291526017
0.0,0.0,-0.4144710566307027,-0.037603403961208676,0.002164457116693386,0.16666666666666688,0.0,-0.02411668523321956,-0.03959174845531973,0.17147930697979494,0.2499999999999986,0.04347979206082438,0.36745248065333,-0.006314847537492665,0.06413663448363763,0.17647058823529305,0.03703833333333335,0.026955780328975394,-0.037603403961208676,0.16380041274056534
0.0,0.0,-0.4144710566307027,-0.04365722184681556,0.002164457116693386,0.11111111111111124,0.0,-0.010078324380535011,-0.030800077160944846,-0.0002525350635222842,0.2499999999999986,0.04347979206082438,0.36745248065333,-0.0021747995106701627,0.06917630564318261,0.17647058823529305,0.03703833333333335,0.026955780328975394,-0.038550662926999366,0.061595701647534175
0.0,0.0,-0.4144710566307027,-0.037603403961208676,-0.0006035505421548734,0.16666666666666688,0.0,0.018534912143632638,-0.030800077160944846,0.16001124409513603,0.2499999999999986,0.04347979206082438,0.276951962470595,-0.0021747995106701627,0.04216677819201479,0.17647058823529305,0.03703833333333335,-0.004331329714711663,-0.037603403961208676,0.1523323498559065
0.0,0.0,-0.4144710566307027,-0.037603403961208676,-0.0006035505421548734,0.0,0.0,0.03904313583921772,-0.006055965067135921,-0.0005370655197080212,0.166666666666667,0.04347979206082438,0.3143730970209263,0.008931403198767585,0.04410158365994327,0.11764705882352958,0.03703833333333335,0.006200917778751184,-0.03249993057548296,0.03911551022367065
0.0,0.0,-0.4144710566307027,-0.03171620491649001,-0.0006035505421548734,0.16666666666666688,0.0,0.018534912143632638,-0.030800077160944846,0.1651533607731915,0.2499999999999986,0.04347979206082438,-0.011308628110527475,-0.005153821757056817,0.03723926966829175,0.17647058823529305,0.03703833333333335,-0.004331329714711663,-0.03171620491649001,0.15747446653396197
0.0,0.0,-0.4144710566307027,-0.037603403961208676,-0.0006035505421548734,0.0,0.0,0.0,-0.014035108229916236,-0.00025139237092715956,0.2499999999999986,0.04347979206082438,0.44128441717390066,0.0028884056001087207,0.04216677819201479,0.17647058823529305,0.03703833333333335,0.08465739934896443,-0.03579219545007142,0.037380902864273265
0.0,0.0,-0.4144710566307027,-0.037603403961208676,-0.0006035505421548734,0.11111111111111124,0.0,-0.010078324380535011,-0.030800077160944846,-0.0005359228271128965,0.2499999999999986,0.04347979206082438,0.44128441717390066,0.003075302433056963,0.03723926966829175,0.17647058823529305,0.03703833333333335,0.08465739934896443,-0.03569037282508414,0.032963253291526017
0.0,0.0,-0.4144710566307027,-0.03171620491649001,-0.0006035505421548734,0.11111111111111124,0.0,-0.02411668523321956,-0.03959174845531973,0.16514650461762082,0.166666666666667,0.04347979206082438,0.4267260827729454,0.0018406506275202299,0.04216677819201479,0.11764705882352958,0.03703833333333335,0.07327967441369239,-0.03171620491649001,0.15746761037839122
0.0,0.0,-0.4144710566307027,-0.033508900223084094,-0.0006035505421548734,0.11111111111111124,0.0,-0.010078324380535011,-0.030800077160944846,-0.0005359228271128965,0.2499999999999986,0.04347979206082438,-0.011308628110527475,-0.0096733269901681,0.03723926966829175,0.17647058823529305,0.03703833333333335,-0.019026005037879705,-0.033508900223084094,0.032963253291526017
0.0,0.0,-0.4144710566307027,-0.04396268972177737,0.002164457116693386,0.0,0.0,0.03904313583921772,-0.006055965067135921,-0.0002525350635222842,0.166666666666667,0.04347979206082438,0.40909301502757184,0.09898169543745182,0.06917630564318261,0.11764705882352958,0.03703833333333335,0.05949896371929362,0.016560061463839072,0.061595701647534175
0.0,0.0,-0.4144710566307027,-0.06155023403776079,0.0,0.0,0.0,0.0,-0.014035108229916236,-0.0005359228271128965,0.166666666666667,0.04347979206082438,0.4941099877609653,0.09898169543745182,0.015461874263136095,0.11764705882352958,0.03703833333333335,0.1259419855615866,0.016560061463839072,0.013439207611246841
0.0,0.0,-0.4144710566307027,-0.043058628233254015,0.002164457116693386,0.11111111111111124,0.0,-0.010078324380535011,-0.030800077160944846,-0.00025139237092715956,0.2499999999999986,0.04347979206082438,0.3368568174693819,-0.004615785419781671,0.06413663448363763,0.17647058823529305,0.03703833333333335,0.003044457073730605,-0.03988052812001495,0.05707749512641607
0.0,0.0,-0.4144710566307027,-0.035715057097808346,-0.0006035505421548734,0.11111111111111124,0.0,-0.010078324380535011,-0.030800077160944846,-0.00023082390421493685,0.2499999999999986,0.04347979206082438,-0.011308628110527475,-0.010539848670200724,0.04216677819201479,0.17647058823529305,0.03703833333333335,-0.019026005037879705,-0.035715057097808346,0.037380902864273265
0.0,0.0,-0.4144710566307027,-0.059859361356153946,0.0021922065669073955,0.11111111111111124,0.0,0.0325029142052428,-0.022405901643177413,-0.0005153543604006738,0.2499999999999986,0.04347979206082438,0.35993809501743174,-0.005153821757056817,0.05851703151387694,0.17647058823529305,0.03703833333333335,0.02108308840776222,-0.04017365385861466,0.052039363474516806
0.0,0.0,-0.4144710566307027,-0.059859361356153946,0.0021922065669073955,0.11111111111111124,0.0,-0.010078324380535011,-0.030800077160944846,-0.0005153543604006738,0.2499999999999986,0.04347979206082438,0.36745248065333,-0.0021747995106701627,0.055455501386100746,0.17647058823529305,0.03703833333333335,0.026955780328975394,-0.038550662926999366,0.049294615861030296
0.0,0.0,-0.4144710566307027,-0.033508900223084094,-0.0006035505421548734,0.11111111111111124,0.0,0.0325029142052428,-0.022405901643177413,-0.00025139237092715956,0.2499999999999986,0.04347979206082438,-0.011308628110527475,-0.005153821757056817,0.03723926966829175,0.17647058823529305,0.03703833333333335,0.002842107482277153,-0.033508900223084094,0.032963253291526017
0.0,0.0,-0.4144710566307027,-0.059859361356153946,0.0021922065669073955,0.11111111111111124,0.0,0.0325029142052428,-0.022405901643177413,-0.0005153543604006738,0.2499999999999986,0.04347979206082438,0.40909301502757184,0.008931403198767585,0.06034094892139056,0.17647058823529305,0.03703833333333335,0.05949896371929362,-0.03249993057548296,0.05367455657813846
0.0,0.0,-0.4144710566307027,-0.03171620491649001,-0.0006035505421548734,0.11111111111111124,0.0,-0.02411668523321956,-0.03959174845531973,0.16001124409513603,0.2499999999999986,0.04347979206082438,-0.017485741388380816,-0.01576729645235835,0.05200904948539018,0.17647058823529305,0.03703833333333335,-0.026235575847020205,-0.03171620491649001,0.1523323498559065
0.0,0.0,-0.4144710566307027,-0.037603403961208676,0.002164457116693386,0.16666666666666688,0.0,0.018534912143632638,-0.030800077160944846,0.17148044967239007,0.2499999999999986,0.04347979206082438,0.40909301502757184,0.002446649449503884,0.06597202306981485,0.17647058823529305,0.03703833333333335,0.05949896371929362,-0.036032867109132234,0.1638015554331605
0.0,0.0,-0.4144710566307027,-0.04365722184681556,-0.0006035505421548734,0.0,0.0,0.0,-0.014035108229916236,-0.0002525350635222842,0.2499999999999986,0.04347979206082438,0.44128441717390066,0.0028884056001087207,0.04410158365994327,0.17647058823529305,0.03703833333333335,0.08465739934896443,-0.03579219545007142,0.03911551022367065
0.0,0.0,-0.4144710566307027,-0.043058628233254015,0.002164457116693386,0.11111111111111124,0.0,-0.010078324380535011,-0.030800077160944846,-0.0005359228271128965,0.2499999999999986,0.04347979206082438,0.36974289522677645,-0.0062978569163155374,0.06413663448363763,0.17647058823529305,0.03703833333333335,0.028745800140768028,-0.04079693174490038,0.05707749512641607
0.0,0.0,-0.4144710566307027,-0.06839394865054169,0.0021922065669073955,0.0,0.0,0.03904313583921772,-0.006055965067135921,-0.00023082390421493685,0.166666666666667,0.04347979206082438,0.40909301502757184,0.10197204476462321,0.055455501386100746,0.11764705882352958,0.03703833333333335,0.05949896371929362,0.01818922346363543,0.049294615861030296
0.0,0.0,-0.4144710566307027,-0.03364157818897661,-0.0006035505421548734,0.11111111111111124,0.0,-0.010078324380535011,-0.030800077160944846,-0.0005359228271128965,0.2499999999999986,0.04347979206082438,-0.011308628110527475,-0.010539848670200724,0.04216677819201479,0.17647058823529305,0.03703833333333335,-0.019026005037879705,-0.03364157818897661,0.037380902864273265
0.0,0.0,-0.4144710566307027,-0.04176578944932475,-0.0006035505421548734,0.11111111111111124,0.0,0.0325029142052428,-0.022405901643177413,-0.00023082390421493685,0.2499999999999986,0.04347979206082438,0.276951962470595,-0.0020615287028227266,0.03723926966829175,0.17647058823529305,0.03703833333333335,0.002842107482277153,-0.03848895224518887,0.032963253291526017
0.0,0.0,-0.4144710566307027,-0.043067884835525594,-0.0006035505421548734,0.11111111111111124,0.0,-0.010078324380535011,-0.030800077160944846,-0.00025139237092715956,0.166666666666667,0.04347979206082438,0.4871782608577137,0.16823546735535314,0.03723926966829175,0.11764705882352958,0.03703833333333335,0.12052465691261377,0.0542899723227592,0.032963253291526017
0.0,0.0,-0.4144710566307027,-0.03364157818897661,-0.0006035505421548734,0.11111111111111124,0.0,0.0325029142052428,-0.022405901643177413,-0.00025139237092715956,0.2499999999999986,0.04347979206082438,0.276951962470595,-0.0020615287028227266,0.03723926966829175,0.17647058823529305,0.03703833333333335,0.002842107482277153,-0.03364157818897661,0.032963253291526017
0.0,0.0,-0.4144710566307027,-0.04176578944932475,-0.0006035505421548734,0.0,0.0,0.0,-0.014035108229916236,-0.00023082390421493685,0.2499999999999986,0.04347979206082438,0.276951962470595,-0.004615785419781671,0.04216677819201479,0.17647058823529305,0.03703833333333335,-0.013850159081116212,-0.03988052812001495,0.037380902864273265
0.0,0.0,-0.4144710566307027,-0.04176578944932475,-0.0006035505421548734,0.0,0.0,0.03904313583921772,-0.006055965067135921,-0.0005153543604006738,0.2499999999999986,0.04347979206082438,0.276951962470595,-0.0019935662181142966,0.04216677819201479,0.17647058823529305,0.03703833333333335,0.006200917778751184,-0.038451925836102595,0.037380902864273265
0.0,0.0,-0.4144710566307027,-0.03171620491649001,-0.0006035505421548734,0.11111111111111124,0.0,-0.010078324380535011,-0.030800077160944846,-0.0005359228271128965,0.2499999999999986,0.04347979206082438,-0.0012330055961554869,-0.004949934302931447,0.03723926966829175,0.17647058823529305,0.03703833333333335,-0.019026005037879705,-0.03171620491649001,0.032963253291526017
0.0,0.0,-0.4144710566307027,-0.033508900223084094,-0.0006035505421548734,0.11111111111111124,0.0,-0.010078324380535011,-0.030800077160944846,-0.0005359228271128965,0.2499999999999986,0.04347979206082438,0.41935064098195757,-0.0019935662181142966,0.03723926966829175,0.17647058823529305,0.03703833333333335,0.0675155707969721,-0.033508900223084094,0.032963253291526017
0.0,0.0,-0.4144710566307027,-0.03171620491649001,-0.0006035505421548734,0.11111111111111124,0.0,0.0325029142052428,-0.022405901643177413,-0.0005359228271128965,0.2499999999999986,0.04347979206082438,-0.011308628110527475,-0.005153821757056817,0.04216677819201479,0.17647058823529305,0.03703833333333335,0.002842107482277153,-0.03171620491649001,0.037380902864273265
0.0,0.0,-0.4144710566307027,-0.03364157818897661,-0.0006035505421548734,0.11111111111111124,0.0,-0.010078324380535011,-0.030800077160944846,-0.0005359228271128965,0.2499999999999986,0.04347979206082438,-0.0012330055961554869,-0.005153821757056817,0.03723926966829175,0.17647058823529305,0.03703833333333335,-0.019026005037879705,-0.03364157818897661,0.032963253291526017
0.0,0.0,-0.4144710566307027,-0.059859361356153946,-0.0006035505421548734,0.11111111111111124,0.0,0.0325029142052428,-0.022405901643177413,-0.00023082390421493685,0.166666666666667,0.04347979206082438,0.4941099877609653,0.22642268134656335,0.04216677819201479,0.11764705882352958,0.03703833333333335,0.1259419855615866,0.08599074956879663,0.037380902864273265
0.0,0.0,-0.4144710566307027,-0.037603403961208676,-0.0006035505421548734,0.11111111111111124,0.0,-0.02411668523321956,-0.03959174845531973,0.16001124409513603,0.2499999999999986,0.04347979206082438,-0.017485741388380816,-0.004615785419781671,0.05200904948539018,0.17647058823529305,0.03703833333333335,-0.026235575847020205,-0.037603403961208676,0.1523323498559065
0.0,0.0,-0.4144710566307027,-0.043067884835525594,-0.0006035505421548734,0.11111111111111124,0.0,0.0325029142052428,-0.022405901643177413,-0.0005359228271128965,0.2499999999999986,0.04347979206082438,0.39404978588504025,0.0005550269584522725,0.03723926966829175,0.17647058823529305,0.03703833333333335,0.04774228066695468,-0.03706343549536705,0.032963253291526017
0.0,0.0,-0.4144710566307027,-0.05828882450407754,-0.0006035505421548734,0.0,0.0,0.03904313583921772,-0.006055965067135921,-0.0005359228271128965,0.166666666666667,0.04347979206082438,0.4941099877609653,0.19627565583797738,0.015461874263136095,0.11764705882352958,0.03703833333333335,0.1259419855615866,0.06956645160494054,0.013439207611246841
0.0,0.0,-0.4144710566307027,-0.035715057097808346,-0.0006035505421548734,0.11111111111111124,0.0,-0.010078324380535011,-0.030800077160944846,-0.0005153543604006738,0.2499999999999986,0.04347979206082438,-0.0012330055961554869,-0.004949934302931447,0.03723926966829175,0.17647058823529305,0.03703833333333335,-0.019026005037879705,-0.035715057097808346,0.032963253291526017
0.0,0.0,-0.4144710566307027,-0.043058628233254015,0.002164457116693386,0.16666666666666688,0.0,0.018534912143632638,-0.030800077160944846,0.16516821577692814,0.2499999999999986,0.04347979206082438,0.30731074336461695,-0.0022370984549862174,0.06917630564318261,0.17647058823529305,0.03703833333333335,-0.004331329714711663,-0.03858460380199511,0.15748932153769857
0.0,0.0,-0.4144710566307027,-0.04176578944932475,0.0021922065669073955,0.16666666666666688,0.0,0.018534912143632638,-0.030800077160944846,0.16001124409513603,0.2499999999999986,0.04347979206082438,0.37430328273260294,-0.001483847582800951,0.06034094892139056,0.17647058823529305,0.03703833333333335,0.03230986407902601,-0.03817422776795547,0.1523323498559065
0.0,0.0,-0.4144710566307027,-0.03171620491649001,-0.0006035505421548734,0.11111111111111124,0.0,0.0325029142052428,-0.022405901643177413,-0.0005359228271128965,0.2499999999999986,0.04347979206082438,0.3143730970209263,-0.001472520502016278,0.03723926966829175,0.17647058823529305,0.03703833333333335,0.002842107482277153,-0.03171620491649001,0.032963253291526017
0.0,0.0,-0.4144710566307027,-0.037603403961208676,-0.0006382373549224061,0.16666666666666688,0.0,0.018534912143632638,-0.030800077160944846,0.1599918183210189,0.2499999999999986,0.04347979206082438,0.30731074336461695,0.0,0.03723926966829175,0.17647058823529305,0.03703833333333335,-0.004331329714711663,-0.037365817836238345,0.15231292408178937
0.0,0.0,-0.4144710566307027,-0.027708096132900126,-0.0006035505421548734,0.16666666666666688,0.0,0.018534912143632638,-0.030800077160944846,0.1651533607731915,0.2499999999999986,0.0,0.3143730970209263,-0.0019935662181142966,0.03723926966829175,0.17647058823529305,0.0,-0.004331329714711663,-0.027708096132900126,0.15747446653396197
0.0,0.0,-0.4144710566307027,-0.059859361356153946,-0.0006035505421548734,0.11111111111111124,0.0,-0.010078324380535011,-0.030800077160944846,-0.00023082390421493685,0.2499999999999986,0.04347979206082438,0.390035757607146,0.0,0.04216677819201479,0.17647058823529305,0.03703833333333335,0.04460521097405849,-0.037365817836238345,0.037380902864273265
0.0,0.0,-0.4144710566307027,-0.03364157818897661,-0.0006035505421548734,0.05555555555555562,0.0,0.07743889248400192,-0.015087302932700457,-0.0005359228271128965,0.2499999999999986,0.04347979206082438,0.02457762137496967,-0.006450772506909525,0.04216677819201479,0.17647058823529305,0.03703833333333335,0.02591952518640754,-0.03364157818897661,0.037380902864273265
0.0,0.0,0.011992872328863775,-0.013638060680113445,-0.021755568967789827,0.11111111111111124,0.0,-0.010078324380535011,-0.030800077160944846,-0.0005153543604006738,0.166666666666667,0.0,-0.014023436797243624,-0.0096733269901681,0.012676926998693563,0.11764705882352958,0.0,0.011992872328863775,-0.013638060680113445,0.010942424290902116
0.0,0.0,-0.4144710566307027,-0.043067884835525594,-0.0006035505421548734,0.11111111111111124,0.0,-0.010078324380535011,-0.030800077160944846,-0.00025139237092715956,0.2499999999999986,0.04347979206082438,0.390035757607146,0.0,0.04216677819201479,0.17647058823529305,0.03703833333333335,0.04460521097405849,-0.037365817836238345,0.037380902864273265
0.0,0.0,-0.4144710566307027,-0.03171620491649001,-0.0006035505421548734,0.11111111111111124,0.0,-0.010078324380535011,-0.030800077160944846,-0.0005359228271128965,0.2499999999999986,0.04347979206082438,-0.011308628110527475,-0.0096733269901681,0.03723926966829175,0.17647058823529305,0.03703833333333335,-0.019026005037879705,-0.03171620491649001,0.032963253291526017
0.0,0.0,-0.4144710566307027,-0.03171620491649001,-0.0006035505421548734,0.16666666666666688,0.0,-0.02411668523321956,-0.03959174845531973,0.17148616313536566,0.2499999999999986,0.04347979206082438,-0.017485741388380816,-0.01576729645235835,0.05168785648280916,0.17647058823529305,0.03703833333333335,-0.026235575847020205,-0.03171620491649001,0.16380726889613612
0.0,0.0,-0.4144710566307027,-0.037603403961208676,-0.0006035505421548734,0.16666666666666688,0.0,0.018534912143632638,-0.030800077160944846,0.16001124409513603,0.2499999999999986,0.04347979206082438,0.276951962470595,-0.0021747995106701627,0.03723926966829175,0.17647058823529305,0.03703833333333335,-0.004331329714711663,-0.037603403961208676,0.1523323498559065
0.0,0.0,-0.4144710566307027,-0.04176578944932475,-0.0006035505421548734,0.0,0.0,0.03904313583921772,-0.006055965067135921,-0.0005153543604006738,0.2499999999999986,0.04347979206082438,0.44128441717390066,0.006632005799465313,0.03723926966829175,0.17647058823529305,0.03703833333333335,0.08465739934896443,-0.033752657416235475,0.032963253291526017
0.0,0.0,-0.4144710566307027,-0.04129987380165568,0.002164457116693386,0.0,0.0,0.03904313583921772,-0.006055965067135921,-0.0005359228271128965,0.166666666666667,0.04347979206082438,0.40909301502757184,0.10138303656381677,0.06439409871586528,0.11764705882352958,0.03703833333333335,0.05949896371929362,0.017868327918221016,0.057308319030631015
0.0,0.0,-0.4144710566307027,-0.043067884835525594,0.002164457116693386,0.11111111111111124,0.0,-0.010078324380535011,-0.030800077160944846,-0.0005359228271128965,0.2499999999999986,0.04347979206082438,0.40909301502757184,-0.001472520502016278,0.06597202306981485,0.17647058823529305,0.03703833333333335,0.05949896371929362,-0.038168056699774466,0.058722972463393835
0.0,0.0,-0.4144710566307027,-0.043058628233254015,0.002164457116693386,0.11111111111111124,0.0,-0.010078324380535011,-0.030800077160944846,-0.00025139237092715956,0.2499999999999986,0.04347979206082438,0.33004086692707546,-0.006314847537492665,0.06413663448363763,0.17647058823529305,0.03703833333333335,-0.0022823892746877206,-0.04080618834717195,0.05707749512641607
0.0,0.0,-0.4144710566307027,-0.033508900223084094,-0.0006035505421548734,0.11111111111111124,0.0,-0.010078324380535011,-0.030800077160944846,-0.0005359228271128965,0.2499999999999986,0.04347979206082438,0.41935064098195757,-0.0019935662181142966,0.03723926966829175,0.17647058823529305,0.03703833333333335,0.0675155707969721,-0.033508900223084094,0.032963253291526017
0.0,0.0,-0.4144710566307027,-0.04176578944932475,-0.0006382373549224061,0.11111111111111124,0.0,-0.010078324380535011,-0.030800077160944846,-0.0005473497530641305,0.2499999999999986,0.04347979206082438,0.44128441717390066,0.003075302433056963,0.03723926966829175,0.17647058823529305,0.03703833333333335,0.08465739934896443,-0.03569037282508414,0.032963253291526017
0.0,0.0,-0.4144710566307027,-0.035715057097808346,-0.0006035505421548734,0.11111111111111124,0.0,-0.010078324380535011,-0.030800077160944846,-0.0005153543604006738,0.2499999999999986,0.04347979206082438,-0.0012330055961554869,-0.005153821757056817,0.03723926966829175,0.17647058823529305,0.03703833333333335,-0.019026005037879705,-0.035715057097808346,0.032963253291526017
0.0,0.0,-0.4144710566307027,-0.04176578944932475,-0.0006035505421548734,0.11111111111111124,0.0,0.0325029142052428,-0.022405901643177413,-0.00023082390421493685,0.166666666666667,0.04347979206082438,0.4941099877609653,0.19941892075574277,0.04216677819201479,0.11764705882352958,0.03703833333333335,0.1259419855615866,0.07127892302518103,0.037380902864273265
0.0,0.0,-0.4144710566307027,-0.043067884835525594,-0.0006035505421548734,0.11111111111111124,0.0,-0.010078324380535011,-0.030800077160944846,-0.0005359228271128965,0.2499999999999986,0.04347979206082438,0.44128441717390066,0.0043552625617325445,0.04216677819201479,0.17647058823529305,0.03703833333333335,0.08465739934896443,-0.03499304212062588,0.037380902864273265
0.0,0.0,-0.4144710566307027,-0.03364157818897661,-0.0006035505421548734,0.11111111111111124,0.0,-0.010078324380535011,-0.030800077160944846,-0.00025139237092715956,0.2499999999999986,0.04347979206082438,-0.011308628110527475,-0.010539848670200724,0.03723926966829175,0.17647058823529305,0.03703833333333335,-0.019026005037879705,-0.03364157818897661,0.032963253291526017
0.0,0.0,-0.4144710566307027,-0.04176578944932475,-0.0006035505421548734,0.11111111111111124,0.0,-0.010078324380535011,-0.030800077160944846,-0.0005153543604006738,0.2499999999999986,0.04347979206082438,0.44128441717390066,0.003075302433056963,0.03723926966829175,0.17647058823529305,0.03703833333333335,0.08465739934896443,-0.03569037282508414,0.032963253291526017
0.0,0.0,0.011992872328863775,0.0009194891589759504,-0.021755568967789827,0.0,0.0,0.0,-0.014035108229916236,-0.0005359228271128965,0.166666666666667,0.04347979206082438,-0.022762724643527903,-0.0155577454578406,0.02904884810247586,0.11764705882352958,0.03703833333333335,0.011992872328863775,0.0009194891589759504,0.025620310675262763
0.0,0.0,-0.4144710566307027,-0.059859361356153946,-0.0006035505421548734,0.11111111111111124,0.0,0.0325029142052428,-0.022405901643177413,-0.0005164970529957984,0.2499999999999986,0.04347979206082438,0.4403414674302662,0.0050801957319559325,0.04410158365994327,0.17647058823529305,0.03703833333333335,0.08392045908400154,-0.03459809375703887,0.03911551022367065
0.0,0.0,-0.4144710566307027,-0.037603403961208676,-0.0006035505421548734,0.11111111111111124,0.0,-0.010078324380535011,-0.030800077160944846,-0.0005359228271128965,0.166666666666667,0.04347979206082438,0.4871782608577137,0.06675615060486606,0.04216677819201479,0.11764705882352958,0.03703833333333335,0.12052465691261377,-0.0009966275112390697,0.037380902864273265
0.0,0.0,-0.4144710566307027,-0.037603403961208676,-0.0006035505421548734,0.11111111111111124,0.0,0.0325029142052428,-0.022405901643177413,-0.0002525350635222842,0.2499999999999986,0.04347979206082438,-0.011308628110527475,-0.006450772506909525,0.04410158365994327,0.17647058823529305,0.03703833333333335,0.002842107482277153,-0.037603403961208676,0.03911551022367065
0.0,0.0,-0.4144710566307027,-0.04176578944932475,-0.0006035505421548734,0.11111111111111124,0.0,0.0325029142052428,-0.022405901643177413,-0.00023082390421493685,0.2499999999999986,0.04347979206082438,0.43866892947971825,0.001336595532599339,0.04216677819201479,0.17647058823529305,0.03703833333333335,0.08261332626090273,-0.03663763179087483,0.037380902864273265
0.0,0.0,-0.4144710566307027,-0.03364157818897661,-0.0006035505421548734,0.11111111111111124,0.0,0.0325029142052428,-0.022405901643177413,-0.0005359228271128965,0.2499999999999986,0.04347979206082438,0.390035757607146,-0.0019935662181142966,0.04216677819201479,0.17647058823529305,0.03703833333333335,0.04460521097405849,-0.03364157818897661,0.037380902864273265
0.0,0.0,-0.4144710566307027,-0.06366382488976928,-0.0006035505421548734,0.0,0.0,0.03904313583921772,-0.006055965067135921,-0.0005153543604006738,0.2499999999999986,0.04347979206082438,0.44729759171779887,0.00764577952969955,0.03723926966829175,0.17647058823529305,0.03703833333333335,0.08935685493666995,-0.03320034681403179,0.032963253291526017
0.0,0.0,-0.4144710566307027,-0.033508900223084094,-0.0006035505421548734,0.16666666666666688,0.0,0.018534912143632638,-0.030800077160944846,0.17147930697979494,0.2499999999999986,0.04347979206082438,0.40199165783039253,0.00271283584794523,0.03723926966829175,0.17647058823529305,0.03703833333333335,0.053949064491033025,-0.033508900223084094,0.16380041274056534
0.0,0.0,-0.4144710566307027,-0.037452212790773,-0.0006035505421548734,0.11111111111111124,0.0,0.0325029142052428,-0.022405901643177413,-0.0005370655197080212,0.2499999999999986,0.04347979206082438,0.276951962470595,-0.0020615287028227266,0.04410158365994327,0.17647058823529305,0.03703833333333335,0.002842107482277153,-0.037452212790773,0.03911551022367065
0.0,0.0,-0.4144710566307027,-0.037603403961208676,0.002164457116693386,0.11111111111111124,0.0,-0.02411668523321956,-0.03959174845531973,0.16514650461762082,0.2499999999999986,0.04347979206082438,0.36745248065333,-0.006314847537492665,0.06597202306981485,0.17647058823529305,0.03703833333333335,0.026955780328975394,-0.037603403961208676,0.15746761037839122
0.0,0.0,-0.4144710566307027,-0.043058628233254015,-0.0006035505421548734,0.11111111111111124,0.0,-0.010078324380535011,-0.030800077160944846,-0.0005359228271128965,0.2499999999999986,0.04347979206082438,0.43866892947971825,0.0005550269584522725,0.04216677819201479,0.17647058823529305,0.03703833333333335,0.08261332626090273,-0.03706343549536705,0.037380902864273265
0.0,0.0,-0.4144710566307027,-0.059859361356153946,0.0021922065669073955,0.11111111111111124,0.0,-0.010078324380535011,-0.030800077160944846,-0.0005153543604006738,0.2499999999999986,0.04347979206082438,0.36745248065333,-0.0021747995106701627,0.06034094892139056,0.17647058823529305,0.03703833333333335,0.026955780328975394,-0.038550662926999366,0.05367455657813846
