REL_W,RF_W,INPC_W,PFC_W,WCC_W,REL_D,RF_D,INPC_D,PFC_D,WCC_D,REL_F,RF_F,INPC_F,PFC_F,WCC_F,REL_R,RF_R,INPC_R,PFC_R,WCC_R
-0.06666666666666676,0.037036666666666655,0.18197908950830183,0.05368829317510722,-0.11633957002226891,-0.05555555555555563,0.08333442708401695,0.4258857312969031,0.13980744836939044,0.02040163359333403,0.16666666666666696,0.04347783553865983,0.0,0.0,0.056866456361724486,0.05882352941176479,0.07407500000000002,0.18197908950830183,0.05368829317510722,0.02040163359333403
-0.06666666666666676,0.037036666666666655,0.22222457447269203,0.06705482685525459,-0.11633957002226891,0.0,-0.08333255208284503,0.28469457959616834,0.0,0.0,0.08333333333333348,0.04347783553865983,0.0,0.0,0.056866456361724486,0.0,-0.07407333333333331,0.22222457447269203,0.06705482685525459,0.0
-0.06666666666666676,0.037036666666666655,0.20803554475800254,0.06705482685525459,-0.11633957002226891,-0.05555555555555563,-0.12499882812426759,0.38867755883494237,0.0,-0.07223531240072849,0.08333333333333348,0.17391329867680408,0.0,0.0,0.10353758404231589,0.0,-0.03703666666666661,0.20803554475800254,0.06705482685525459,-0.07223531240072849
0.0,-0.11111166666666668,0.21577317894442852,0.06705482685525459,-0.12447015893497607,0.0,-0.08333255208284503,0.4189665106623136,0.0,0.0,0.08333333333333348,0.04347783553865983,0.0,0.0,0.056866456361724486,0.0,-0.07407333333333331,0.21577317894442852,0.06705482685525459,0.0
-0.06666666666666676,0.037036666666666655,0.1885037066436065,0.0608961008105699,-0.11633957002226891,-0.05555555555555563,-0.12499882812426759,0.38867755883494237,0.0,-0.07223531240072849,0.16666666666666696,0.04347783553865983,0.0,0.0,0.056866456361724486,0.05882352941176479,-0.11111000000000001,0.1885037066436065,0.0608961008105699,-0.07223531240072849
0.0,-0.11111166666666668,0.22222457447269203,0.0678076971733422,-0.12447015893497607,0.0,-0.08333255208284503,0.28469457959616834,0.0,0.0,0.08333333333333348,0.04347783553865983,0.0,0.0,0.056866456361724486,0.0,-0.07407333333333331,0.22222457447269203,0.0678076971733422,0.0
0.0,-0.07407333333333337,0.18197908950830183,0.05998586825386535,-0.1238007034485629,0.0,0.250001406250879,0.25781918729165065,0.0,0.202322865507367,0.08333333333333348,0.13043546313814414,0.0,0.0,0.07336965873243476,0.0,0.22222333333333344,0.18197908950830183,0.05998586825386535,0.202322865507367
0.0,0.0,0.17497550176203763,0.059553893481192166,-0.11650259804227625,0.0,0.250001406250879,0.29374343294167404,0.0,0.202322865507367,0.08333333333333348,0.13043546313814414,0.0,0.0,0.07336965873243476,0.0,0.22222333333333344,0.17497550176203763,0.059553893481192166,0.202322865507367
-0.06666666666666676,0.037036666666666655,0.18197908950830183,0.060143230492482117,-0.11633957002226891,-0.05555555555555563,-0.12499882812426759,0.4258857312969031,0.1632129349802129,-0.07223531240072849,0.08333333333333348,0.17391329867680408,0.0,0.0,0.12224962559347416,0.0,-0.03703666666666661,0.18197908950830183,0.060143230492482117,-0.07223531240072849
-0.06666666666666676,0.037036666666666655,0.17497550176203763,0.05856960810631515,-0.11633957002226891,0.0,0.1250007031254395,0.29374343294167404,0.0,0.20233314974072303,0.08333333333333348,0.0,0.0,0.0,0.010502501354236367,0.0,0.11111166666666672,0.17497550176203763,0.05856960810631515,0.20233314974072303
0.0,-0.07407333333333337,0.18197908950830183,0.0678076971733422,-0.12447015893497607,0.0,-0.08333255208284503,0.28469457959616834,0.0,0.0,0.08333333333333348,0.04347783553865983,0.0,0.0,0.056866456361724486,0.0,-0.07407333333333331,0.18197908950830183,0.0678076971733422,0.0
0.0,0.0,0.22222457447269203,0.0678076971733422,-0.1238215155362234,0.0,-0.12499882812426759,0.25781918729165065,0.0,0.00598313842806638,0.08333333333333348,0.04347783553865983,0.0,0.0,0.056866456361724486,0.0,-0.11111000000000001,0.22222457447269203,0.0678076971733422,0.00598313842806638
0.0,-0.07407333333333337,0.17497550176203763,0.06705482685525459,-0.12447015893497607,0.0,-0.12499882812426759,0.28469457959616834,0.0,-0.07223531240072849,0.08333333333333348,0.17391329867680408,0.0,0.0,0.10353758404231589,0.0,-0.03703666666666661,0.17497550176203763,0.06705482685525459,-0.07223531240072849
-0.06666666666666676,0.037036666666666655,0.1885037066436065,0.059553893481192166,-0.11633957002226891,0.0,-0.04166627604142246,0.25781918729165065,0.0,0.13354648359207705,0.08333333333333348,0.17391329867680408,0.0,0.0,0.10353758404231589,0.0,-0.03703666666666661,0.1885037066436065,0.059553893481192166,0.13354648359207705
-0.13333333333333353,0.18518500000000002,0.22222457447269203,0.054684920686346165,-0.07236016011432772,-0.05555555555555563,0.250001406250879,0.4258857312969031,0.056181351602550986,0.03475042451029918,0.16666666666666696,0.04347783553865983,0.0,0.0,0.056866456361724486,0.05882352941176479,0.22222333333333344,0.22222457447269203,0.054684920686346165,0.03475042451029918
0.0,-0.07407333333333337,0.20803554475800254,0.06705482685525459,-0.12447015893497607,-0.05555555555555563,-0.08333255208284503,0.38867755883494237,0.0,0.0,0.16666666666666696,0.13043546313814414,0.0,0.0,0.07336965873243476,0.05882352941176479,-0.07407333333333331,0.20803554475800254,0.06705482685525459,0.0
0.0,0.0,0.17497550176203763,0.054314656595483325,-0.1238215155362234,-0.05555555555555563,0.08333442708401695,0.4258857312969031,0.12974729790554793,0.02040163359333403,0.08333333333333348,0.17391329867680408,0.0,0.0,0.12224962559347416,0.0,0.07407500000000002,0.17497550176203763,0.054314656595483325,0.02040163359333403
0.0,-0.07407333333333337,0.17497550176203763,0.06705482685525459,-0.12447015893497607,0.0,-0.12499882812426759,0.28469457959616834,0.0,-0.07223531240072849,0.08333333333333348,0.04347783553865983,0.0,0.0,0.010502501354236367,0.0,-0.11111000000000001,0.17497550176203763,0.06705482685525459,-0.07223531240072849
0.0,-0.037036666666666704,0.22222457447269203,0.0678076971733422,-0.1238215155362234,-0.05555555555555563,-0.08333255208284503,0.38867755883494237,0.0,0.0,0.16666666666666696,0.04347783553865983,0.0,0.0,0.056866456361724486,0.05882352941176479,-0.07407333333333331,0.22222457447269203,0.0678076971733422,0.0
-0.06666666666666676,0.037036666666666655,0.1885037066436065,0.059553893481192166,-0.11633957002226891,0.0,0.1250007031254395,0.3817583382003529,0.0,0.11325340579527984,0.08333333333333348,0.13043546313814414,0.0,0.0,0.07336965873243476,0.0,0.11111166666666672,0.1885037066436065,0.059553893481192166,0.11325340579527984
0.0,-0.11111166666666668,0.22222457447269203,0.06705482685525459,-0.12447015893497607,0.0,-0.08333255208284503,0.28469457959616834,0.0,0.0,0.08333333333333348,0.17391329867680408,0.0,0.0,0.10353758404231589,0.0,-0.03703666666666661,0.22222457447269203,0.06705482685525459,0.0
-0.06666666666666676,0.037036666666666655,0.18197908950830183,0.05368829317510722,-0.11633957002226891,-0.05555555555555563,0.08333442708401695,0.4258857312969031,0.12974729790554793,0.02040163359333403,0.08333333333333348,0.17391329867680408,0.0,0.0,0.12224962559347416,0.0,0.07407500000000002,0.18197908950830183,0.05368829317510722,0.02040163359333403
-0.13333333333333353,0.18518500000000002,0.20803554475800254,0.05856960810631515,-0.11111920470075683,0.0,0.08333442708401695,0.32067987233234424,0.0,0.11325340579527984,0.08333333333333348,0.0,0.0,0.0,0.013453143421597655,0.0,0.07407500000000002,0.20803554475800254,0.05856960810631515,0.11325340579527984
0.0,-0.037036666666666704,0.22222457447269203,0.05998586825386535,-0.11650259804227625,0.0,0.250001406250879,0.25781918729165065,0.0,0.202322865507367,0.08333333333333348,0.17391329867680408,0.0,0.0,0.10353758404231589,0.0,0.22222333333333344,0.22222457447269203,0.05998586825386535,0.202322865507367
0.0,-0.11111166666666668,0.22222457447269203,0.0678076971733422,-0.12447015893497607,0.0,-0.08333255208284503,0.4189665106623136,0.0,0.0,0.08333333333333348,0.04347783553865983,0.0,0.0,0.056866456361724486,0.0,-0.07407333333333331,0.22222457447269203,0.0678076971733422,0.0
-0.06666666666666676,0.0,0.22222457447269203,0.059553893481192166,-0.10894781022150996,0.0,0.250001406250879,0.32067987233234424,0.0,0.15353217708078612,0.08333333333333348,0.17391329867680408,0.0,0.0,0.10353758404231589,0.0,0.22222333333333344,0.22222457447269203,0.059553893481192166,0.15353217708078612
0.0,-0.07407333333333337,0.18197908950830183,0.059553893481192166,-0.1238007034485629,0.0,0.250001406250879,0.4189665106623136,0.0,0.15353217708078612,0.08333333333333348,0.13043546313814414,0.0,0.0,0.07336965873243476,0.0,0.22222333333333344,0.18197908950830183,0.059553893481192166,0.15353217708078612
-0.06666666666666676,0.037036666666666655,0.17497550176203763,0.058628233254035066,-0.10894781022150996,0.0,0.250001406250879,0.32067987233234424,0.0,0.15353217708078612,0.08333333333333348,0.04347783553865983,0.0,0.0,0.056866456361724486,0.0,0.22222333333333344,0.17497550176203763,0.058628233254035066,0.15353217708078612
0.0,-0.037036666666666704,0.22222457447269203,0.0678076971733422,-0.1238215155362234,0.0,-0.12499882812426759,0.29374343294167404,0.0,-0.019118389809010292,0.08333333333333348,0.17391329867680408,0.0,0.0,0.10353758404231589,0.0,-0.03703666666666661,0.22222457447269203,0.0678076971733422,-0.019118389809010292
0.0,-0.07407333333333337,0.21577317894442852,0.059553893481192166,-0.1238007034485629,0.0,0.250001406250879,0.25781918729165065,0.0,0.202322865507367,0.08333333333333348,0.13043546313814414,0.0,0.0,0.07336965873243476,0.0,0.22222333333333344,0.21577317894442852,0.059553893481192166,0.202322865507367
0.0,-0.037036666666666704,0.22222457447269203,0.06705482685525459,-0.1238215155362234,0.0,0.08333442708401695,0.4189665106623136,0.0,0.11325340579527984,0.08333333333333348,0.17391329867680408,0.0,0.0,0.10353758404231589,0.0,0.07407500000000002,0.22222457447269203,0.06705482685525459,0.11325340579527984
-0.06666666666666676,0.037036666666666655,0.22222457447269203,0.0608961008105699,-0.11633957002226891,0.0,0.08333442708401695,0.4189665106623136,0.0,0.11325340579527984,0.08333333333333348,0.0,0.0,0.0,0.010502501354236367,0.0,0.07407500000000002,0.22222457447269203,0.0608961008105699,0.11325340579527984
0.0,0.0,0.20803554475800254,0.060840561196940424,-0.1238215155362234,0.0,0.08333442708401695,0.4189665106623136,0.0,0.11325340579527984,0.08333333333333348,0.0,0.0,0.0,0.010502501354236367,0.0,0.07407500000000002,0.20803554475800254,0.060840561196940424,0.11325340579527984
0.0,-0.11111166666666668,0.22222457447269203,0.05896764200399264,-0.12447015893497607,-0.05555555555555563,-0.08333255208284503,0.4258857312969031,0.1632129349802129,0.0,0.16666666666666696,0.13043546313814414,0.0,0.0,0.07336965873243476,0.05882352941176479,-0.07407333333333331,0.22222457447269203,0.05896764200399264,0.0
-0.06666666666666676,0.037036666666666655,0.18197908950830183,0.05368829317510722,-0.10894781022150996,-0.05555555555555563,0.250001406250879,0.4258857312969031,0.056181351602550986,0.03267986552793545,0.16666666666666696,0.0,0.0,0.0,0.013453143421597655,0.05882352941176479,0.22222333333333344,0.18197908950830183,0.05368829317510722,0.03267986552793545
0.0,-0.11111166666666668,0.22222457447269203,0.05896764200399264,-0.12447015893497607,-0.05555555555555563,-0.08333255208284503,0.4258857312969031,0.1632129349802129,0.0,0.16666666666666696,0.13043546313814414,0.0,0.0,0.07336965873243476,0.05882352941176479,-0.07407333333333331,0.22222457447269203,0.05896764200399264,0.0
-0.06666666666666676,0.037036666666666655,0.22222457447269203,0.059553893481192166,-0.10894781022150996,0.0,0.250001406250879,0.4189665106623136,0.0,0.15353217708078612,0.08333333333333348,0.04347783553865983,0.0,0.0,0.056866456361724486,0.0,0.22222333333333344,0.22222457447269203,0.059553893481192166,0.15353217708078612
0.0,0.0,0.17497550176203763,0.059553893481192166,-0.1238215155362234,-0.05555555555555563,0.08333442708401695,0.38867755883494237,0.0,0.11325340579527984,0.16666666666666696,0.13043546313814414,0.0,0.0,0.07336965873243476,0.05882352941176479,0.07407500000000002,0.17497550176203763,0.059553893481192166,0.11325340579527984
0.0,-0.07407333333333337,0.17497550176203763,0.06705482685525459,-0.12447015893497607,-0.05555555555555563,-0.08333255208284503,0.38867755883494237,0.0,0.0,0.16666666666666696,0.04347783553865983,0.0,0.0,0.010502501354236367,0.05882352941176479,-0.07407333333333331,0.17497550176203763,0.06705482685525459,0.0
0.0,-0.037036666666666704,0.21577317894442852,0.059553893481192166,-0.11650259804227625,0.0,0.250001406250879,0.29374343294167404,0.0,0.202322865507367,0.08333333333333348,0.13043546313814414,0.0,0.0,0.07336965873243476,0.0,0.22222333333333344,0.21577317894442852,0.059553893481192166,0.202322865507367
-0.06666666666666676,0.037036666666666655,0.17497550176203763,0.058628233254035066,-0.10894781022150996,-0.05555555555555563,0.250001406250879,0.38867755883494237,0.0,0.15353217708078612,0.08333333333333348,0.17391329867680408,0.0,0.0,0.10353758404231589,0.0,0.22222333333333344,0.17497550176203763,0.058628233254035066,0.15353217708078612
0.0,-0.037036666666666704,0.21577317894442852,0.06705482685525459,-0.1238215155362234,0.0,-0.12499882812426759,0.28469457959616834,0.0,-0.07223531240072849,0.08333333333333348,0.04347783553865983,0.0,0.0,0.010502501354236367,0.0,-0.11111000000000001,0.21577317894442852,0.06705482685525459,-0.07223531240072849
0.0,-0.037036666666666704,0.22222457447269203,0.06705482685525459,-0.1238215155362234,0.0,0.1250007031254395,0.29374343294167404,0.0,0.202322865507367,0.08333333333333348,0.17391329867680408,0.0,0.0,0.10353758404231589,0.0,0.11111166666666672,0.22222457447269203,0.06705482685525459,0.202322865507367
-0.06666666666666676,0.037036666666666655,0.22222457447269203,0.0608961008105699,-0.11633957002226891,0.0,0.1250007031254395,0.3817583382003529,0.0,0.11325340579527984,0.08333333333333348,0.04347783553865983,0.0,0.0,0.056866456361724486,0.0,0.11111166666666672,0.22222457447269203,0.0608961008105699,0.11325340579527984
0.0,-0.037036666666666704,0.22222457447269203,0.0678076971733422,-0.1238215155362234,-0.05555555555555563,-0.12499882812426759,0.38867755883494237,0.0,-0.07223531240072849,0.08333333333333348,0.17391329867680408,0.0,0.0,0.10353758404231589,0.0,-0.03703666666666661,0.22222457447269203,0.0678076971733422,-0.07223531240072849
-0.06666666666666676,0.037036666666666655,0.20803554475800254,0.0678076971733422,-0.11633957002226891,0.0,-0.12499882812426759,0.25781918729165065,0.0,0.0059922799688273765,0.08333333333333348,0.04347783553865983,0.0,0.0,0.056866456361724486,0.0,-0.11111000000000001,0.20803554475800254,0.0678076971733422,0.0059922799688273765
-0.06666666666666676,0.037036666666666655,0.17497550176203763,0.05856960810631515,-0.11633957002226891,0.0,0.1250007031254395,0.3817583382003529,0.0,0.11325340579527984,0.08333333333333348,0.13043546313814414,0.0,0.0,0.07336965873243476,0.0,0.11111166666666672,0.17497550176203763,0.05856960810631515,0.11325340579527984
0.0,-0.07407333333333337,0.1885037066436065,0.058628233254035066,-0.1238007034485629,0.0,0.250001406250879,0.3817583382003529,0.0,0.15353217708078612,0.08333333333333348,0.04347783553865983,0.0,0.0,0.056866456361724486,0.0,0.22222333333333344,0.1885037066436065,0.058628233254035066,0.15353217708078612
0.0,0.0,0.17497550176203763,0.059553893481192166,-0.1238215155362234,0.0,0.08333442708401695,0.4189665106623136,0.0,0.11325340579527984,0.08333333333333348,0.04347783553865983,0.0,0.0,0.056866456361724486,0.0,0.07407500000000002,0.17497550176203763,0.059553893481192166,0.11325340579527984
-0.06666666666666676,0.037036666666666655,0.17497550176203763,0.0608961008105699,-0.11633957002226891,0.0,-0.08333255208284503,0.29374343294167404,0.0,0.13354648359207705,0.08333333333333348,0.04347783553865983,0.0,0.0,0.056866456361724486,0.0,-0.07407333333333331,0.17497550176203763,0.0608961008105699,0.13354648359207705
0.0,-0.07407333333333337,0.18197908950830183,0.0678076971733422,-0.12447015893497607,-0.05555555555555563,-0.08333255208284503,0.38867755883494237,0.0,0.0,0.16666666666666696,0.04347783553865983,0.0,0.0,0.056866456361724486,0.05882352941176479,-0.07407333333333331,0.18197908950830183,0.0678076971733422,0.0
-0.13333333333333353,0.18518500000000002,0.21577317894442852,0.05896764200399264,-0.10666194926013026,0.0,-0.04166627604142246,0.25781918729165065,0.0,0.13389043406320922,0.08333333333333348,0.17391329867680408,0.0,0.0,0.10353758404231589,0.0,-0.03703666666666661,0.21577317894442852,0.05896764200399264,0.13389043406320922
0.0,0.0,0.17497550176203763,0.059553893481192166,-0.1238215155362234,0.0,-0.08333255208284503,0.28469457959616834,0.0,0.0,0.08333333333333348,0.17391329867680408,0.0,0.0,0.10353758404231589,0.0,-0.03703666666666661,0.17497550176203763,0.059553893481192166,0.0
-0.13333333333333353,0.18518500000000002,0.1885037066436065,0.05856960810631515,-0.11111920470075683,0.0,0.1250007031254395,0.3817583382003529,0.0,0.11325340579527984,0.08333333333333348,0.13043546313814414,0.0,0.0,0.07336965873243476,0.0,0.11111166666666672,0.1885037066436065,0.05856960810631515,0.11325340579527984
0.0,0.0,0.20803554475800254,0.0678076971733422,-0.1238215155362234,0.0,-0.04166627604142246,0.3817583382003529,0.0,0.0,0.08333333333333348,0.04347783553865983,0.0,0.0,0.056866456361724486,0.0,-0.03703666666666661,0.20803554475800254,0.0678076971733422,0.0
0.0,-0.11111166666666668,0.22222457447269203,0.06705482685525459,-0.12447015893497607,0.0,-0.08333255208284503,0.4189665106623136,0.0,0.0,0.08333333333333348,0.13043546313814414,0.0,0.0,0.07336965873243476,0.0,-0.07407333333333331,0.22222457447269203,0.06705482685525459,0.0
-0.06666666666666676,0.037036666666666655,0.20803554475800254,0.058628233254035066,-0.10894781022150996,0.0,0.250001406250879,0.28469457959616834,0.0,0.15353217708078612,0.08333333333333348,0.04347783553865983,0.0,0.0,0.056866456361724486,0.0,0.22222333333333344,0.20803554475800254,0.058628233254035066,0.15353217708078612
0.0,-0.07407333333333337,0.20803554475800254,0.05998586825386535,-0.1238007034485629,0.0,0.250001406250879,0.29374343294167404,0.0,0.202322865507367,0.08333333333333348,0.04347783553865983,0.0,0.0,0.056866456361724486,0.0,0.22222333333333344,0.20803554475800254,0.05998586825386535,0.202322865507367
0.0,-0.11111166666666668,0.22222457447269203,0.06705482685525459,-0.12447015893497607,0.0,0.08333442708401695,0.4189665106623136,0.0,0.11325340579527984,0.08333333333333348,0.13043546313814414,0.0,0.0,0.07336965873243476,0.0,0.07407500000000002,0.22222457447269203,0.06705482685525459,0.11325340579527984
0.0,0.0,0.20803554475800254,0.0678076971733422,-0.1238215155362234,0.0,-0.08333255208284503,0.32067987233234424,0.0,0.0,0.08333333333333348,0.04347783553865983,0.0,0.0,0.056866456361724486,0.0,-0.07407333333333331,0.20803554475800254,0.0678076971733422,0.0
0.0,0.0,0.20803554475800254,0.060840561196940424,-0.1238215155362234,0.0,0.1250007031254395,0.38867755883494237,0.0,0.11325340579527984,0.08333333333333348,0.13043546313814414,0.0,0.0,0.07336965873243476,0.0,0.11111166666666672,0.20803554475800254,0.060840561196940424,0.11325340579527984
0.0,-0.037036666666666704,0.22222457447269203,0.059553893481192166,-0.11650259804227625,-0.05555555555555563,0.250001406250879,0.38867755883494237,0.0,0.15353217708078612,0.08333333333333348,0.17391329867680408,0.0,0.0,0.10353758404231589,0.0,0.22222333333333344,0.22222457447269203,0.059553893481192166,0.15353217708078612
0.0,-0.037036666666666704,0.22222457447269203,0.0678076971733422,-0.1238215155362234,0.0,-0.12499882812426759,0.3817583382003529,0.0,-0.07223531240072849,0.08333333333333348,0.13043546313814414,0.0,0.0,0.07336965873243476,0.0,-0.07407333333333331,0.22222457447269203,0.0678076971733422,-0.07223531240072849
0.0,-0.11111166666666668,0.21577317894442852,0.06705482685525459,-0.12447015893497607,0.0,-0.08333255208284503,0.4189665106623136,0.0,0.0,0.08333333333333348,0.04347783553865983,0.0,0.0,0.056866456361724486,0.0,-0.07407333333333331,0.21577317894442852,0.06705482685525459,0.0
0.0,-0.037036666666666704,0.21577317894442852,0.059553893481192166,-0.1238215155362234,-0.05555555555555563,0.08333442708401695,0.38867755883494237,0.0,0.11325340579527984,0.08333333333333348,0.17391329867680408,0.0,0.0,0.10353758404231589,0.0,0.07407500000000002,0.21577317894442852,0.059553893481192166,0.11325340579527984
0.0,-0.037036666666666704,0.22222457447269203,0.06705482685525459,-0.1238215155362234,0.0,-0.04166627604142246,0.25781918729165065,0.0,0.1335361993587209,0.08333333333333348,0.13043546313814414,0.0,0.0,0.07336965873243476,0.0,-0.03703666666666661,0.22222457447269203,0.06705482685525459,0.1335361993587209
0.0,-0.11111166666666668,0.1885037066436065,0.06705482685525459,-0.12447015893497607,0.0,-0.04166627604142246,0.3817583382003529,0.0,0.0,0.08333333333333348,0.04347783553865983,0.0,0.0,0.010502501354236367,0.0,-0.03703666666666661,0.1885037066436065,0.06705482685525459,0.0
-0.06666666666666676,0.037036666666666655,0.1885037066436065,0.0608961008105699,-0.11633957002226891,0.0,-0.12499882812426759,0.3817583382003529,0.0,-0.07223531240072849,0.08333333333333348,0.13043546313814414,0.0,0.0,0.07336965873243476,0.0,-0.07407333333333331,0.1885037066436065,0.0608961008105699,-0.07223531240072849
-0.06666666666666676,0.037036666666666655,0.21577317894442852,0.059553893481192166,-0.11633957002226891,-0.05555555555555563,-0.08333255208284503,0.38867755883494237,0.0,0.0,0.16666666666666696,0.13043546313814414,0.0,0.0,0.07336965873243476,0.05882352941176479,-0.07407333333333331,0.21577317894442852,0.059553893481192166,0.0
0.0,-0.037036666666666704,0.22898079303036095,0.05998586825386535,-0.11650259804227625,0.0,0.250001406250879,0.25781918729165065,0.0,0.202322865507367,0.08333333333333348,0.04347783553865983,0.0,0.0,0.056866456361724486,0.0,0.22222333333333344,0.22898079303036095,0.05998586825386535,0.202322865507367
0.0,-0.07407333333333337,0.17497550176203763,0.059553893481192166,-0.12447015893497607,0.0,-0.04166627604142246,0.25781918729165065,0.0,0.1335361993587209,0.08333333333333348,0.17391329867680408,0.0,0.0,0.10353758404231589,0.0,-0.03703666666666661,0.17497550176203763,0.059553893481192166,0.1335361993587209
0.0,-0.07407333333333337,0.17497550176203763,0.059553893481192166,-0.1238007034485629,0.0,0.250001406250879,0.25781918729165065,0.0,0.202322865507367,0.08333333333333348,0.13043546313814414,0.0,0.0,0.07336965873243476,0.0,0.22222333333333344,0.17497550176203763,0.059553893481192166,0.202322865507367
-0.06666666666666676,0.0,0.22222457447269203,0.059553893481192166,-0.10894781022150996,-0.05555555555555563,0.250001406250879,0.38867755883494237,0.0,0.15353217708078612,0.16666666666666696,0.04347783553865983,0.0,0.0,0.056866456361724486,0.05882352941176479,0.22222333333333344,0.22222457447269203,0.059553893481192166,0.15353217708078612
-0.13333333333333353,0.18518500000000002,0.22222457447269203,0.05856960810631515,-0.11111920470075683,-0.05555555555555563,0.08333442708401695,0.38867755883494237,0.0,0.11325340579527984,0.16666666666666696,0.04347783553865983,0.0,0.0,0.056866456361724486,0.05882352941176479,0.07407500000000002,0.22222457447269203,0.05856960810631515,0.11325340579527984
0.0,0.0,0.20803554475800254,0.0678076971733422,-0.1238215155362234,0.0,-0.12499882812426759,0.28469457959616834,0.0,-0.07223531240072849,0.08333333333333348,0.04347783553865983,0.0,0.0,0.056866456361724486,0.0,-0.11111000000000001,0.20803554475800254,0.0678076971733422,-0.07223531240072849
0.0,-0.037036666666666704,0.21577317894442852,0.058628233254035066,-0.11650259804227625,0.0,0.250001406250879,0.4189665106623136,0.0,0.15353217708078612,0.08333333333333348,0.04347783553865983,0.0,0.0,0.056866456361724486,0.0,0.22222333333333344,0.21577317894442852,0.058628233254035066,0.15353217708078612
0.0,0.0,0.18197908950830183,0.060840561196940424,-0.1238215155362234,0.0,0.1250007031254395,0.3817583382003529,0.0,0.11325340579527984,0.08333333333333348,0.17391329867680408,0.0,0.0,0.10353758404231589,0.0,0.11111166666666672,0.18197908950830183,0.060840561196940424,0.11325340579527984
-0.06666666666666676,0.037036666666666655,0.18197908950830183,0.054684920686346165,-0.11633957002226891,-0.05555555555555563,0.08333442708401695,0.4258857312969031,0.12974729790554793,0.02040163359333403,0.16666666666666696,0.13043546313814414,0.0,0.0,0.07336965873243476,0.05882352941176479,0.07407500000000002,0.18197908950830183,0.054684920686346165,0.02040163359333403
0.0,-0.037036666666666704,0.21577317894442852,0.06705482685525459,-0.1238215155362234,0.0,-0.12499882812426759,0.3817583382003529,0.0,-0.07223531240072849,0.08333333333333348,0.13043546313814414,0.0,0.0,0.07336965873243476,0.0,-0.07407333333333331,0.21577317894442852,0.06705482685525459,-0.07223531240072849
-0.13333333333333353,0.18518500000000002,0.1885037066436065,0.05856960810631515,-0.11111920470075683,0.0,0.08333442708401695,0.4189665106623136,0.0,0.11325340579527984,0.08333333333333348,0.0,0.0,0.0,0.010502501354236367,0.0,0.07407500000000002,0.1885037066436065,0.05856960810631515,0.11325340579527984
-0.13333333333333353,0.18518500000000002,0.21577317894442852,0.059553893481192166,-0.10666194926013026,0.0,-0.12499882812426759,0.25781918729165065,0.0,0.006292808121344857,0.08333333333333348,0.04347783553865983,0.0,0.0,-0.009638339228244606,0.0,-0.11111000000000001,0.21577317894442852,0.059553893481192166,0.006292808121344857
0.0,-0.11111166666666668,0.22222457447269203,0.05856960810631515,-0.12447015893497607,-0.05555555555555563,0.08333442708401695,0.4258857312969031,0.12974729790554793,0.02040163359333403,0.08333333333333348,0.17391329867680408,0.0,0.0,0.12224962559347416,0.0,0.07407500000000002,0.22222457447269203,0.05856960810631515,0.02040163359333403
0.0,0.0,0.17497550176203763,0.059553893481192166,-0.1238215155362234,0.0,0.1250007031254395,0.29374343294167404,0.0,0.202322865507367,0.08333333333333348,0.17391329867680408,0.0,0.0,0.10353758404231589,0.0,0.11111166666666672,0.17497550176203763,0.059553893481192166,0.202322865507367
-0.06666666666666676,0.037036666666666655,0.17497550176203763,0.059553893481192166,-0.11633957002226891,0.0,-0.08333255208284503,0.28469457959616834,0.0,0.0,0.08333333333333348,0.13043546313814414,0.0,0.0,0.07336965873243476,0.0,-0.07407333333333331,0.17497550176203763,0.059553893481192166,0.0
0.0,-0.11111166666666668,0.22222457447269203,0.06705482685525459,-0.12447015893497607,0.0,0.08333442708401695,0.32067987233234424,0.0,0.11325340579527984,0.08333333333333348,0.13043546313814414,0.0,0.0,0.07336965873243476,0.0,0.07407500000000002,0.22222457447269203,0.06705482685525459,0.11325340579527984
0.0,-0.07407333333333337,0.17497550176203763,0.059553893481192166,-0.12447015893497607,0.0,-0.08333255208284503,0.32067987233234424,0.0,0.0,0.08333333333333348,0.13043546313814414,0.0,0.0,0.07336965873243476,0.0,-0.07407333333333331,0.17497550176203763,0.059553893481192166,0.0
0.0,0.0,0.20803554475800254,0.060840561196940424,-0.1238215155362234,0.0,0.1250007031254395,0.28469457959616834,0.0,0.11325340579527984,0.08333333333333348,0.0,0.0,0.0,0.010502501354236367,0.0,0.11111166666666672,0.20803554475800254,0.060840561196940424,0.11325340579527984
0.0,-0.07407333333333337,0.18197908950830183,0.06595020565084714,-0.12447015893497607,0.0,0.1250007031254395,0.28469457959616834,0.0,0.11325340579527984,0.08333333333333348,0.13043546313814414,0.0,0.0,0.07336965873243476,0.0,0.11111166666666672,0.18197908950830183,0.06595020565084714,0.11325340579527984
0.0,-0.037036666666666704,0.1885037066436065,0.059553893481192166,-0.11650259804227625,0.0,0.250001406250879,0.29374343294167404,0.0,0.202322865507367,0.08333333333333348,0.17391329867680408,0.0,0.0,0.10353758404231589,0.0,0.22222333333333344,0.1885037066436065,0.059553893481192166,0.202322865507367
0.0,-0.037036666666666704,0.1885037066436065,0.06705482685525459,-0.1238215155362234,0.0,-0.08333255208284503,0.32067987233234424,0.0,0.0,0.08333333333333348,0.04347783553865983,0.0,0.0,0.056866456361724486,0.0,-0.07407333333333331,0.1885037066436065,0.06705482685525459,0.0
0.0,-0.07407333333333337,0.17497550176203763,0.06705482685525459,-0.12447015893497607,0.0,-0.08333255208284503,0.32067987233234424,0.0,0.0,0.08333333333333348,0.04347783553865983,0.0,0.0,0.056866456361724486,0.0,-0.07407333333333331,0.17497550176203763,0.06705482685525459,0.0
-0.06666666666666676,0.037036666666666655,0.17497550176203763,0.058628233254035066,-0.10894781022150996,0.0,0.250001406250879,0.4189665106623136,0.0,0.15353217708078612,0.08333333333333348,0.04347783553865983,0.0,0.0,0.056866456361724486,0.0,0.22222333333333344,0.17497550176203763,0.058628233254035066,0.15353217708078612
-0.06666666666666676,0.037036666666666655,0.22222457447269203,0.06705482685525459,-0.11633957002226891,0.0,-0.12499882812426759,0.29374343294167404,0.0,-0.019118389809010292,0.08333333333333348,0.17391329867680408,0.0,0.0,0.10353758404231589,0.0,-0.03703666666666661,0.22222457447269203,0.06705482685525459,-0.019118389809010292
0.0,-0.037036666666666704,0.1885037066436065,0.059553893481192166,-0.1238215155362234,0.0,-0.08333255208284503,0.32067987233234424,0.0,0.0,0.08333333333333348,0.17391329867680408,0.0,0.0,0.10353758404231589,0.0,-0.03703666666666661,0.1885037066436065,0.059553893481192166,0.0
0.0,-0.07407333333333337,0.18197908950830183,0.0678076971733422,-0.12447015893497607,0.0,-0.12499882812426759,0.32067987233234424,0.0,-0.07223531240072849,0.08333333333333348,0.13043546313814414,0.0,0.0,0.07336965873243476,0.0,-0.07407333333333331,0.18197908950830183,0.0678076971733422,-0.07223531240072849
-0.13333333333333353,0.18518500000000002,0.21577317894442852,0.05868068733357411,-0.10666194926013026,0.0,-0.04166627604142246,0.3817583382003529,0.0,0.0,0.08333333333333348,0.04347783553865983,0.0,0.0,0.056866456361724486,0.0,-0.03703666666666661,0.21577317894442852,0.05868068733357411,0.0
0.0,-0.037036666666666704,0.22222457447269203,0.06705482685525459,-0.1238215155362234,0.0,0.08333442708401695,0.4189665106623136,0.0,0.11325340579527984,0.08333333333333348,0.13043546313814414,0.0,0.0,0.07336965873243476,0.0,0.07407500000000002,0.22222457447269203,0.06705482685525459,0.11325340579527984
0.0,-0.11111166666666668,0.21577317894442852,0.06705482685525459,-0.12447015893497607,0.0,-0.08333255208284503,0.32067987233234424,0.0,0.0,0.08333333333333348,0.04347783553865983,0.0,0.0,0.056866456361724486,0.0,-0.07407333333333331,0.21577317894442852,0.06705482685525459,0.0
0.0,0.0,0.17497550176203763,0.058628233254035066,-0.11650259804227625,0.0,0.250001406250879,0.28469457959616834,0.0,0.15353217708078612,0.08333333333333348,0.17391329867680408,0.0,0.0,0.10353758404231589,0.0,0.22222333333333344,0.17497550176203763,0.058628233254035066,0.15353217708078612
0.0,0.0,0.17497550176203763,0.058628233254035066,-0.11650259804227625,0.0,0.250001406250879,0.32067987233234424,0.0,0.15353217708078612,0.08333333333333348,0.13043546313814414,0.0,0.0,0.07336965873243476,0.0,0.22222333333333344,0.17497550176203763,0.058628233254035066,0.15353217708078612
-0.06666666666666676,0.037036666666666655,0.18197908950830183,0.05368829317510722,-0.11633957002226891,-0.05555555555555563,0.08333442708401695,0.4258857312969031,0.12974729790554793,0.02040163359333403,0.16666666666666696,0.13043546313814414,0.0,0.0,0.07336965873243476,0.05882352941176479,0.07407500000000002,0.18197908950830183,0.05368829317510722,0.02040163359333403
0.0,-0.07407333333333337,0.20803554475800254,0.06595020565084714,-0.12447015893497607,0.0,0.08333442708401695,0.32067987233234424,0.0,0.11325340579527984,0.08333333333333348,0.13043546313814414,0.0,0.0,0.07336965873243476,0.0,0.07407500000000002,0.20803554475800254,0.06595020565084714,0.11325340579527984
0.0,-0.037036666666666704,0.1885037066436065,0.05868068733357411,-0.1238215155362234,-0.05555555555555563,-0.08333255208284503,0.4258857312969031,0.13980744836939044,0.0,0.16666666666666696,0.04347783553865983,0.0,0.0,0.056866456361724486,0.05882352941176479,-0.07407333333333331,0.1885037066436065,0.05868068733357411,0.0
-0.06666666666666676,0.037036666666666655,0.21577317894442852,0.059553893481192166,-0.11633957002226891,0.0,0.1250007031254395,0.25781918729165065,0.0,0.20233314974072303,0.08333333333333348,0.13043546313814414,0.0,0.0,0.07336965873243476,0.0,0.11111166666666672,0.21577317894442852,0.059553893481192166,0.20233314974072303
-0.06666666666666676,0.037036666666666655,0.18197908950830183,0.059553893481192166,-0.11633957002226891,0.0,0.1250007031254395,0.28469457959616834,0.0,0.11325340579527984,0.08333333333333348,0.17391329867680408,0.0,0.0,0.10353758404231589,0.0,0.11111166666666672,0.18197908950830183,0.059553893481192166,0.11325340579527984
-0.06666666666666676,0.037036666666666655,0.22222457447269203,0.06705482685525459,-0.11633957002226891,0.0,-0.04166627604142246,0.25781918729165065,0.0,0.13354648359207705,0.08333333333333348,0.13043546313814414,0.0,0.0,0.07336965873243476,0.0,-0.03703666666666661,0.22222457447269203,0.06705482685525459,0.13354648359207705
0.0,-0.11111166666666668,0.1885037066436065,0.06705482685525459,-0.12447015893497607,0.0,-0.08333255208284503,0.29374343294167404,0.0,0.1335361993587209,0.08333333333333348,0.04347783553865983,0.0,0.0,0.056866456361724486,0.0,-0.07407333333333331,0.1885037066436065,0.06705482685525459,0.1335361993587209
0.0,0.0,0.20803554475800254,0.05856960810631515,-0.1238215155362234,-0.05555555555555563,0.08333442708401695,0.4258857312969031,0.13980744836939044,0.02040163359333403,0.16666666666666696,0.04347783553865983,0.0,0.0,0.056866456361724486,0.05882352941176479,0.07407500000000002,0.20803554475800254,0.05856960810631515,0.02040163359333403
0.0,-0.11111166666666668,0.1885037066436065,0.05868068733357411,-0.12447015893497607,-0.05555555555555563,-0.08333255208284503,0.4258857312969031,0.1632129349802129,0.0,0.16666666666666696,0.13043546313814414,0.0,0.0,0.07336965873243476,0.05882352941176479,-0.07407333333333331,0.1885037066436065,0.05868068733357411,0.0
-0.06666666666666676,0.037036666666666655,0.1885037066436065,0.059553893481192166,-0.11633957002226891,0.0,-0.04166627604142246,0.25781918729165065,0.0,0.13354648359207705,0.08333333333333348,0.13043546313814414,0.0,0.0,0.07336965873243476,0.0,-0.03703666666666661,0.1885037066436065,0.059553893481192166,0.13354648359207705
-0.06666666666666676,0.037036666666666655,0.21577317894442852,0.05868068733357411,-0.11633957002226891,-0.05555555555555563,-0.12499882812426759,0.4258857312969031,0.1632129349802129,-0.07223531240072849,0.16666666666666696,0.13043546313814414,0.0,0.0,0.07336965873243476,0.05882352941176479,-0.07407333333333331,0.21577317894442852,0.05868068733357411,-0.07223531240072849
0.0,-0.037036666666666704,0.21577317894442852,0.059553893481192166,-0.1238215155362234,0.0,0.1250007031254395,0.28469457959616834,0.0,0.11325340579527984,0.08333333333333348,0.04347783553865983,0.0,0.0,0.056866456361724486,0.0,0.11111166666666672,0.21577317894442852,0.059553893481192166,0.11325340579527984
0.0,-0.037036666666666704,0.22222457447269203,0.05856960810631515,-0.1238215155362234,-0.05555555555555563,0.08333442708401695,0.4258857312969031,0.13980744836939044,0.02040163359333403,0.16666666666666696,0.04347783553865983,0.0,0.0,0.056866456361724486,0.05882352941176479,0.07407500000000002,0.22222457447269203,0.05856960810631515,0.02040163359333403
-0.06666666666666676,0.037036666666666655,0.1885037066436065,0.059553893481192166,-0.10894781022150996,0.0,0.250001406250879,0.25781918729165065,0.0,0.20233314974072303,0.08333333333333348,0.17391329867680408,0.0,0.0,0.10353758404231589,0.0,0.22222333333333344,0.1885037066436065,0.059553893481192166,0.20233314974072303
0.0,-0.07407333333333337,0.20803554475800254,0.0678076971733422,-0.12447015893497607,0.0,-0.04166627604142246,0.3817583382003529,0.0,0.0,0.08333333333333348,0.04347783553865983,0.0,0.0,0.056866456361724486,0.0,-0.03703666666666661,0.20803554475800254,0.0678076971733422,0.0
0.0,-0.11111166666666668,0.22222457447269203,0.0678076971733422,-0.12447015893497607,0.0,-0.04166627604142246,0.25781918729165065,0.0,0.1335361993587209,0.08333333333333348,0.04347783553865983,0.0,0.0,0.056866456361724486,0.0,-0.03703666666666661,0.22222457447269203,0.0678076971733422,0.1335361993587209
-0.06666666666666676,0.037036666666666655,0.18197908950830183,0.059553893481192166,-0.11633957002226891,0.0,0.08333442708401695,0.32067987233234424,0.0,0.11325340579527984,0.08333333333333348,0.04347783553865983,0.0,0.0,0.056866456361724486,0.0,0.07407500000000002,0.18197908950830183,0.059553893481192166,0.11325340579527984
-0.13333333333333353,0.18518500000000002,0.1885037066436065,0.05868068733357411,-0.10666194926013026,0.0,-0.08333255208284503,0.28469457959616834,0.0,0.0,0.08333333333333348,0.04347783553865983,0.0,0.0,0.056866456361724486,0.0,-0.07407333333333331,0.1885037066436065,0.05868068733357411,0.0
-0.06666666666666676,0.037036666666666655,0.17497550176203763,0.05856960810631515,-0.11633957002226891,0.0,0.1250007031254395,0.28469457959616834,0.0,0.11325340579527984,0.08333333333333348,0.04347783553865983,0.0,0.0,0.056866456361724486,0.0,0.11111166666666672,0.17497550176203763,0.05856960810631515,0.11325340579527984
-0.06666666666666676,0.037036666666666655,0.22222457447269203,0.0608961008105699,-0.11633957002226891,0.0,-0.08333255208284503,0.4189665106623136,0.0,0.0,0.08333333333333348,0.13043546313814414,0.0,0.0,0.07336965873243476,0.0,-0.07407333333333331,0.22222457447269203,0.0608961008105699,0.0
0.0,-0.07407333333333337,0.21577317894442852,0.058628233254035066,-0.1238007034485629,0.0,0.250001406250879,0.4189665106623136,0.0,0.15353217708078612,0.08333333333333348,0.0,0.0,0.0,0.010502501354236367,0.0,0.22222333333333344,0.21577317894442852,0.058628233254035066,0.15353217708078612
-0.06666666666666676,0.037036666666666655,0.17497550176203763,0.05856960810631515,-0.11633957002226891,0.0,0.08333442708401695,0.4189665106623136,0.0,0.11325340579527984,0.08333333333333348,0.17391329867680408,0.0,0.0,0.10353758404231589,0.0,0.07407500000000002,0.17497550176203763,0.05856960810631515,0.11325340579527984
0.0,-0.037036666666666704,0.1885037066436065,0.06705482685525459,-0.1238215155362234,0.0,-0.12499882812426759,0.25781918729165065,0.0,0.00598313842806638,0.08333333333333348,0.13043546313814414,0.0,0.0,0.07336965873243476,0.0,-0.07407333333333331,0.1885037066436065,0.06705482685525459,0.00598313842806638
0.0,-0.037036666666666704,0.21577317894442852,0.05868068733357411,-0.1238215155362234,-0.05555555555555563,-0.12499882812426759,0.4258857312969031,0.1632129349802129,-0.07223531240072849,0.08333333333333348,0.17391329867680408,0.0,0.0,0.12224962559347416,0.0,-0.03703666666666661,0.21577317894442852,0.05868068733357411,-0.07223531240072849
0.0,-0.07407333333333337,0.21577317894442852,0.054314656595483325,-0.1238007034485629,-0.05555555555555563,0.250001406250879,0.4258857312969031,0.056181351602550986,0.03267986552793545,0.16666666666666696,0.04347783553865983,0.0,0.0,0.056866456361724486,0.05882352941176479,0.22222333333333344,0.21577317894442852,0.054314656595483325,0.03267986552793545
-0.13333333333333353,0.18518500000000002,0.20803554475800254,0.05856960810631515,-0.11111920470075683,0.0,0.1250007031254395,0.3817583382003529,0.0,0.11325340579527984,0.08333333333333348,0.13043546313814414,0.0,0.0,0.07336965873243476,0.0,0.11111166666666672,0.20803554475800254,0.05856960810631515,0.11325340579527984
-0.06666666666666676,0.037036666666666655,0.18197908950830183,0.058628233254035066,-0.10894781022150996,-0.05555555555555563,0.250001406250879,0.38867755883494237,0.0,0.15353217708078612,0.08333333333333348,0.17391329867680408,0.0,0.0,0.10353758404231589,0.0,0.22222333333333344,0.18197908950830183,0.058628233254035066,0.15353217708078612
0.0,-0.11111166666666668,0.1885037066436065,0.059553893481192166,-0.12447015893497607,-0.05555555555555563,-0.08333255208284503,0.38867755883494237,0.0,0.0,0.08333333333333348,0.17391329867680408,0.0,0.0,0.10353758404231589,0.0,-0.03703666666666661,0.1885037066436065,0.059553893481192166,0.0
0.0,-0.11111166666666668,0.22222457447269203,0.05856960810631515,-0.12447015893497607,-0.05555555555555563,0.08333442708401695,0.4258857312969031,0.13980744836939044,0.02040163359333403,0.16666666666666696,0.04347783553865983,0.0,0.0,0.056866456361724486,0.05882352941176479,0.07407500000000002,0.22222457447269203,0.05856960810631515,0.02040163359333403
0.0,-0.11111166666666668,0.21577317894442852,0.059553893481192166,-0.12447015893497607,0.0,-0.08333255208284503,0.32067987233234424,0.0,0.0,0.08333333333333348,0.13043546313814414,0.0,0.0,0.07336965873243476,0.0,-0.07407333333333331,0.21577317894442852,0.059553893481192166,0.0
0.0,-0.07407333333333337,0.20803554475800254,0.05998586825386535,-0.1238007034485629,0.0,0.250001406250879,0.29374343294167404,0.0,0.202322865507367,0.08333333333333348,0.0,0.0,0.0,0.010502501354236367,0.0,0.22222333333333344,0.20803554475800254,0.05998586825386535,0.202322865507367
0.0,0.0,0.18197908950830183,0.0678076971733422,-0.1238215155362234,0.0,-0.12499882812426759,0.28469457959616834,0.0,-0.07223531240072849,0.08333333333333348,0.04347783553865983,0.0,0.0,0.056866456361724486,0.0,-0.11111000000000001,0.18197908950830183,0.0678076971733422,-0.07223531240072849
-0.06666666666666676,0.037036666666666655,0.22222457447269203,0.060143230492482117,-0.11633957002226891,-0.05555555555555563,-0.12499882812426759,0.4258857312969031,0.13980744836939044,-0.07223531240072849,0.16666666666666696,0.04347783553865983,0.0,0.0,0.056866456361724486,0.05882352941176479,-0.11111000000000001,0.22222457447269203,0.060143230492482117,-0.07223531240072849
-0.13333333333333353,0.18518500000000002,0.22222457447269203,0.05896764200399264,-0.10666194926013026,0.0,-0.08333255208284503,0.28469457959616834,0.0,0.0,0.08333333333333348,0.13043546313814414,0.0,0.0,0.07336965873243476,0.0,-0.07407333333333331,0.22222457447269203,0.05896764200399264,0.0
-0.06666666666666676,0.037036666666666655,0.17497550176203763,0.05856960810631515,-0.11633957002226891,0.0,0.08333442708401695,0.4189665106623136,0.0,0.11325340579527984,0.08333333333333348,0.13043546313814414,0.0,0.0,0.07336965873243476,0.0,0.07407500000000002,0.17497550176203763,0.05856960810631515,0.11325340579527984
-0.06666666666666676,0.037036666666666655,0.20803554475800254,0.054684920686346165,-0.11633957002226891,-0.05555555555555563,0.08333442708401695,0.4258857312969031,0.13980744836939044,0.02040163359333403,0.16666666666666696,0.04347783553865983,0.0,0.0,0.056866456361724486,0.05882352941176479,0.07407500000000002,0.20803554475800254,0.054684920686346165,0.02040163359333403
-0.06666666666666676,0.037036666666666655,0.22222457447269203,0.0608961008105699,-0.11633957002226891,0.0,0.1250007031254395,0.3817583382003529,0.0,0.11325340579527984,0.08333333333333348,0.13043546313814414,0.0,0.0,0.07336965873243476,0.0,0.11111166666666672,0.22222457447269203,0.0608961008105699,0.11325340579527984
0.0,0.0,0.18197908950830183,0.05856960810631515,-0.1238215155362234,-0.05555555555555563,0.08333442708401695,0.4258857312969031,0.12974729790554793,0.02040163359333403,0.16666666666666696,0.13043546313814414,0.0,0.0,0.07336965873243476,0.05882352941176479,0.07407500000000002,0.18197908950830183,0.05856960810631515,0.02040163359333403
0.0,-0.037036666666666704,0.1885037066436065,0.06705482685525459,-0.1238215155362234,0.0,-0.12499882812426759,0.25781918729165065,0.0,0.00598313842806638,0.08333333333333348,0.04347783553865983,0.0,0.0,0.056866456361724486,0.0,-0.11111000000000001,0.1885037066436065,0.06705482685525459,0.00598313842806638
-0.06666666666666676,0.037036666666666655,0.20803554475800254,0.06705482685525459,-0.11633957002226891,0.0,-0.08333255208284503,0.28469457959616834,0.0,0.0,0.08333333333333348,0.04347783553865983,0.0,0.0,0.056866456361724486,0.0,-0.07407333333333331,0.20803554475800254,0.06705482685525459,0.0
-0.06666666666666676,0.0,0.1885037066436065,0.054314656595483325,-0.10894781022150996,-0.05555555555555563,0.250001406250879,0.4258857312969031,0.056181351602550986,0.03267986552793545,0.16666666666666696,0.04347783553865983,0.0,0.0,0.056866456361724486,0.05882352941176479,0.22222333333333344,0.1885037066436065,0.054314656595483325,0.03267986552793545
0.0,-0.037036666666666704,0.22222457447269203,0.06705482685525459,-0.1238215155362234,0.0,-0.08333255208284503,0.28469457959616834,0.0,0.0,0.08333333333333348,0.17391329867680408,0.0,0.0,0.10353758404231589,0.0,-0.03703666666666661,0.22222457447269203,0.06705482685525459,0.0
-0.06666666666666676,0.037036666666666655,0.20803554475800254,0.059553893481192166,-0.11633957002226891,0.0,0.08333442708401695,0.32067987233234424,0.0,0.11325340579527984,0.08333333333333348,0.13043546313814414,0.0,0.0,0.07336965873243476,0.0,0.07407500000000002,0.20803554475800254,0.059553893481192166,0.11325340579527984
0.0,-0.11111166666666668,0.1885037066436065,0.059553893481192166,-0.12447015893497607,0.0,0.1250007031254395,0.28469457959616834,0.0,0.11325340579527984,0.08333333333333348,0.13043546313814414,0.0,0.0,0.07336965873243476,0.0,0.11111166666666672,0.1885037066436065,0.059553893481192166,0.11325340579527984
-0.06666666666666676,0.037036666666666655,0.23708403420105528,0.06705482685525459,-0.11633957002226891,0.0,0.1250007031254395,0.3817583382003529,0.0,0.13835607672495165,0.08333333333333348,0.17391329867680408,0.0,0.0,0.10353758404231589,0.0,0.11111166666666672,0.23708403420105528,0.06705482685525459,0.13835607672495165
0.0,-0.037036666666666704,0.22222457447269203,0.06705482685525459,-0.1238215155362234,0.0,0.1250007031254395,0.29374343294167404,0.0,0.202322865507367,0.08333333333333348,0.13043546313814414,0.0,0.0,0.07336965873243476,0.0,0.11111166666666672,0.22222457447269203,0.06705482685525459,0.202322865507367
0.0,-0.07407333333333337,0.17497550176203763,0.06705482685525459,-0.12447015893497607,0.0,-0.12499882812426759,0.32067987233234424,0.0,-0.07223531240072849,0.08333333333333348,0.13043546313814414,0.0,0.0,0.07336965873243476,0.0,-0.07407333333333331,0.17497550176203763,0.06705482685525459,-0.07223531240072849
-0.06666666666666676,0.037036666666666655,0.1885037066436065,0.05868068733357411,-0.11633957002226891,-0.05555555555555563,-0.08333255208284503,0.4258857312969031,0.1632129349802129,0.0,0.08333333333333348,0.17391329867680408,0.0,0.0,0.12224962559347416,0.0,-0.03703666666666661,0.1885037066436065,0.05868068733357411,0.0
0.0,-0.11111166666666668,0.22222457447269203,0.06705482685525459,-0.12447015893497607,-0.05555555555555563,-0.08333255208284503,0.38867755883494237,0.0,0.0,0.16666666666666696,0.13043546313814414,0.0,0.0,0.07336965873243476,0.05882352941176479,-0.07407333333333331,0.22222457447269203,0.06705482685525459,0.0
-0.06666666666666676,0.037036666666666655,0.1885037066436065,0.059553893481192166,-0.11633957002226891,0.0,-0.08333255208284503,0.28469457959616834,0.0,0.0,0.08333333333333348,0.17391329867680408,0.0,0.0,0.10353758404231589,0.0,-0.03703666666666661,0.1885037066436065,0.059553893481192166,0.0
0.0,-0.07407333333333337,0.17497550176203763,0.059553893481192166,-0.12447015893497607,0.0,-0.08333255208284503,0.4189665106623136,0.0,0.0,0.08333333333333348,0.17391329867680408,0.0,0.0,0.10353758404231589,0.0,-0.03703666666666661,0.17497550176203763,0.059553893481192166,0.0
0.0,-0.037036666666666704,0.1885037066436065,0.06705482685525459,-0.1238215155362234,-0.05555555555555563,-0.08333255208284503,0.38867755883494237,0.0,0.0,0.16666666666666696,0.04347783553865983,0.0,0.0,0.010502501354236367,0.05882352941176479,-0.07407333333333331,0.1885037066436065,0.06705482685525459,0.0
-0.06666666666666676,0.037036666666666655,0.18197908950830183,0.059553893481192166,-0.11633957002226891,0.0,0.1250007031254395,0.25781918729165065,0.0,0.20233314974072303,0.08333333333333348,0.13043546313814414,0.0,0.0,0.07336965873243476,0.0,0.11111166666666672,0.18197908950830183,0.059553893481192166,0.20233314974072303
0.0,0.0,0.18197908950830183,0.0678076971733422,-0.1238215155362234,-0.05555555555555563,-0.08333255208284503,0.38867755883494237,0.0,0.0,0.16666666666666696,0.04347783553865983,0.0,0.0,0.056866456361724486,0.05882352941176479,-0.07407333333333331,0.18197908950830183,0.0678076971733422,0.0
-0.06666666666666676,0.0,0.21577317894442852,0.059553893481192166,-0.11633957002226891,0.0,0.08333442708401695,0.32067987233234424,0.0,0.11325340579527984,0.08333333333333348,0.17391329867680408,0.0,0.0,0.10353758404231589,0.0,0.07407500000000002,0.21577317894442852,0.059553893481192166,0.11325340579527984
-0.06666666666666676,0.037036666666666655,0.20803554475800254,0.059553893481192166,-0.11633957002226891,0.0,0.08333442708401695,0.4189665106623136,0.0,0.11325340579527984,0.08333333333333348,0.17391329867680408,0.0,0.0,0.10353758404231589,0.0,0.07407500000000002,0.20803554475800254,0.059553893481192166,0.11325340579527984
-0.06666666666666676,0.037036666666666655,0.17497550176203763,0.058628233254035066,-0.10894781022150996,0.0,0.250001406250879,0.29374343294167404,0.0,0.20233314974072303,0.08333333333333348,0.04347783553865983,0.0,0.0,0.056866456361724486,0.0,0.22222333333333344,0.17497550176203763,0.058628233254035066,0.20233314974072303
0.0,0.0,0.17497550176203763,0.059553893481192166,-0.1238215155362234,-0.05555555555555563,0.08333442708401695,0.38867755883494237,0.0,0.11325340579527984,0.16666666666666696,0.13043546313814414,0.0,0.0,0.07336965873243476,0.05882352941176479,0.07407500000000002,0.17497550176203763,0.059553893481192166,0.11325340579527984
0.0,-0.037036666666666704,0.22222457447269203,0.05998586825386535,-0.11650259804227625,0.0,0.250001406250879,0.25781918729165065,0.0,0.202322865507367,0.08333333333333348,0.17391329867680408,0.0,0.0,0.10353758404231589,0.0,0.22222333333333344,0.22222457447269203,0.05998586825386535,0.202322865507367
-0.06666666666666676,0.037036666666666655,0.18197908950830183,0.06705482685525459,-0.11633957002226891,-0.05555555555555563,-0.08333255208284503,0.38867755883494237,0.0,0.0,0.16666666666666696,0.04347783553865983,0.0,0.0,0.056866456361724486,0.05882352941176479,-0.07407333333333331,0.18197908950830183,0.06705482685525459,0.0
0.0,-0.07407333333333337,0.1885037066436065,0.058628233254035066,-0.1238007034485629,-0.05555555555555563,0.250001406250879,0.38867755883494237,0.0,0.15353217708078612,0.08333333333333348,0.17391329867680408,0.0,0.0,0.10353758404231589,0.0,0.22222333333333344,0.1885037066436065,0.058628233254035066,0.15353217708078612
-0.13333333333333353,0.18518500000000002,0.1885037066436065,0.05856960810631515,-0.11111920470075683,0.0,0.08333442708401695,0.4189665106623136,0.0,0.11325340579527984,0.08333333333333348,0.17391329867680408,0.0,0.0,0.10353758404231589,0.0,0.07407500000000002,0.1885037066436065,0.05856960810631515,0.11325340579527984
-0.06666666666666676,0.037036666666666655,0.1885037066436065,0.059553893481192166,-0.11633957002226891,0.0,-0.08333255208284503,0.29374343294167404,0.0,0.13354648359207705,0.08333333333333348,0.17391329867680408,0.0,0.0,0.10353758404231589,0.0,-0.03703666666666661,0.1885037066436065,0.059553893481192166,0.13354648359207705
0.0,0.0,0.20803554475800254,0.0678076971733422,-0.1238215155362234,0.0,-0.12499882812426759,0.4189665106623136,0.0,-0.07223531240072849,0.08333333333333348,0.04347783553865983,0.0,0.0,0.056866456361724486,0.0,-0.11111000000000001,0.20803554475800254,0.0678076971733422,-0.07223531240072849
0.0,-0.07407333333333337,0.17497550176203763,0.059553893481192166,-0.12447015893497607,0.0,0.1250007031254395,0.28469457959616834,0.0,0.11325340579527984,0.08333333333333348,0.04347783553865983,0.0,0.0,0.056866456361724486,0.0,0.11111166666666672,0.17497550176203763,0.059553893481192166,0.11325340579527984
-0.06666666666666676,0.0,0.21577317894442852,0.059553893481192166,-0.11633957002226891,0.0,0.1250007031254395,0.28469457959616834,0.0,0.11325340579527984,0.08333333333333348,0.13043546313814414,0.0,0.0,0.07336965873243476,0.0,0.11111166666666672,0.21577317894442852,0.059553893481192166,0.11325340579527984
-0.13333333333333353,0.18518500000000002,0.1885037066436065,0.05856960810631515,-0.11111920470075683,0.0,0.1250007031254395,0.28469457959616834,0.0,0.11325340579527984,0.08333333333333348,0.13043546313814414,0.0,0.0,0.07336965873243476,0.0,0.11111166666666672,0.1885037066436065,0.05856960810631515,0.11325340579527984
-0.06666666666666676,0.037036666666666655,0.22222457447269203,0.0608961008105699,-0.11633957002226891,0.0,0.1250007031254395,0.3817583382003529,0.0,0.11325340579527984,0.08333333333333348,0.13043546313814414,0.0,0.0,0.07336965873243476,0.0,0.11111166666666672,0.22222457447269203,0.0608961008105699,0.11325340579527984
0.0,0.0,0.17497550176203763,0.06705482685525459,-0.1238215155362234,0.0,-0.12499882812426759,0.4189665106623136,0.0,-0.07223531240072849,0.08333333333333348,0.13043546313814414,0.0,0.0,0.07336965873243476,0.0,-0.07407333333333331,0.17497550176203763,0.06705482685525459,-0.07223531240072849
0.0,0.0,0.17497550176203763,0.059553893481192166,-0.1238215155362234,0.0,-0.08333255208284503,0.32067987233234424,0.0,0.0,0.08333333333333348,0.13043546313814414,0.0,0.0,0.07336965873243476,0.0,-0.07407333333333331,0.17497550176203763,0.059553893481192166,0.0
0.0,-0.07407333333333337,0.20803554475800254,0.05896764200399264,-0.12447015893497607,-0.05555555555555563,-0.08333255208284503,0.4258857312969031,0.1632129349802129,0.0,0.16666666666666696,0.13043546313814414,0.0,0.0,0.07336965873243476,0.05882352941176479,-0.07407333333333331,0.20803554475800254,0.05896764200399264,0.0
-0.06666666666666676,0.037036666666666655,0.17497550176203763,0.059553893481192166,-0.11633957002226891,0.0,-0.04166627604142246,0.25781918729165065,0.0,0.13354648359207705,0.08333333333333348,0.17391329867680408,0.0,0.0,0.10353758404231589,0.0,-0.03703666666666661,0.17497550176203763,0.059553893481192166,0.13354648359207705
0.0,-0.11111166666666668,0.22222457447269203,0.0678076971733422,-0.12447015893497607,0.0,-0.12499882812426759,0.3817583382003529,0.0,-0.07223531240072849,0.08333333333333348,0.04347783553865983,0.0,0.0,0.056866456361724486,0.0,-0.11111000000000001,0.22222457447269203,0.0678076971733422,-0.07223531240072849
-0.06666666666666676,0.037036666666666655,0.20803554475800254,0.059553893481192166,-0.11633957002226891,0.0,0.08333442708401695,0.4189665106623136,0.0,0.11325340579527984,0.08333333333333348,0.04347783553865983,0.0,0.0,0.056866456361724486,0.0,0.07407500000000002,0.20803554475800254,0.059553893481192166,0.11325340579527984
-0.06666666666666676,0.037036666666666655,0.21577317894442852,0.05868068733357411,-0.11633957002226891,-0.05555555555555563,-0.08333255208284503,0.4258857312969031,0.1632129349802129,0.0,0.16666666666666696,0.13043546313814414,0.0,0.0,0.07336965873243476,0.05882352941176479,-0.07407333333333331,0.21577317894442852,0.05868068733357411,0.0
-0.06666666666666676,0.037036666666666655,0.17497550176203763,0.0608961008105699,-0.11633957002226891,0.0,-0.08333255208284503,0.28469457959616834,0.0,0.0,0.08333333333333348,0.04347783553865983,0.0,0.0,0.056866456361724486,0.0,-0.07407333333333331,0.17497550176203763,0.0608961008105699,0.0
0.0,-0.037036666666666704,0.1885037066436065,0.059553893481192166,-0.1238215155362234,0.0,-0.08333255208284503,0.28469457959616834,0.0,0.0,0.08333333333333348,0.13043546313814414,0.0,0.0,0.07336965873243476,0.0,-0.07407333333333331,0.1885037066436065,0.059553893481192166,0.0
0.0,-0.037036666666666704,0.22222457447269203,0.05856960810631515,-0.1238215155362234,-0.05555555555555563,0.08333442708401695,0.4258857312969031,0.12974729790554793,0.02040163359333403,0.16666666666666696,0.13043546313814414,0.0,0.0,0.07336965873243476,0.05882352941176479,0.07407500000000002,0.22222457447269203,0.05856960810631515,0.02040163359333403
-0.06666666666666676,0.0,0.21577317894442852,0.059553893481192166,-0.11633957002226891,0.0,0.08333442708401695,0.32067987233234424,0.0,0.11325340579527984,0.08333333333333348,0.13043546313814414,0.0,0.0,0.07336965873243476,0.0,0.07407500000000002,0.21577317894442852,0.059553893481192166,0.11325340579527984
0.0,-0.07407333333333337,0.17497550176203763,0.059553893481192166,-0.12447015893497607,0.0,0.1250007031254395,0.25781918729165065,0.0,0.202322865507367,0.08333333333333348,0.13043546313814414,0.0,0.0,0.07336965873243476,0.0,0.11111166666666672,0.17497550176203763,0.059553893481192166,0.202322865507367
0.0,0.0,0.18197908950830183,0.0678076971733422,-0.1238215155362234,0.0,-0.08333255208284503,0.32067987233234424,0.0,0.0,0.08333333333333348,0.04347783553865983,0.0,0.0,0.056866456361724486,0.0,-0.07407333333333331,0.18197908950830183,0.0678076971733422,0.0
0.0,-0.11111166666666668,0.21577317894442852,0.06705482685525459,-0.12447015893497607,0.0,-0.12499882812426759,0.4189665106623136,0.0,-0.07223531240072849,0.08333333333333348,0.04347783553865983,0.0,0.0,0.056866456361724486,0.0,-0.11111000000000001,0.21577317894442852,0.06705482685525459,-0.07223531240072849
0.0,-0.07407333333333337,0.1885037066436065,0.059553893481192166,-0.1238007034485629,0.0,0.250001406250879,0.29374343294167404,0.0,0.202322865507367,0.08333333333333348,0.13043546313814414,0.0,0.0,0.07336965873243476,0.0,0.22222333333333344,0.1885037066436065,0.059553893481192166,0.202322865507367
0.0,-0.037036666666666704,0.21577317894442852,0.059553893481192166,-0.1238215155362234,0.0,-0.04166627604142246,0.3817583382003529,0.0,0.0,0.08333333333333348,0.17391329867680408,0.0,0.0,0.10353758404231589,0.0,-0.03703666666666661,0.21577317894442852,0.059553893481192166,0.0
0.0,0.0,0.17497550176203763,0.06705482685525459,-0.1238215155362234,0.0,-0.08333255208284503,0.29374343294167404,0.0,0.1335361993587209,0.08333333333333348,0.04347783553865983,0.0,0.0,0.010502501354236367,0.0,-0.07407333333333331,0.17497550176203763,0.06705482685525459,0.1335361993587209
-0.06666666666666676,0.037036666666666655,0.20803554475800254,0.06705482685525459,-0.11633957002226891,-0.05555555555555563,-0.12499882812426759,0.38867755883494237,0.0,-0.07223531240072849,0.16666666666666696,0.13043546313814414,0.0,0.0,0.07336965873243476,0.05882352941176479,-0.07407333333333331,0.20803554475800254,0.06705482685525459,-0.07223531240072849
-0.06666666666666676,0.037036666666666655,0.22222457447269203,0.05896764200399264,-0.11633957002226891,-0.05555555555555563,-0.08333255208284503,0.4258857312969031,0.1632129349802129,0.0,0.08333333333333348,0.17391329867680408,0.0,0.0,0.12224962559347416,0.0,-0.03703666666666661,0.22222457447269203,0.05896764200399264,0.0
-0.06666666666666676,0.037036666666666655,0.18197908950830183,0.06705482685525459,-0.11633957002226891,0.0,-0.08333255208284503,0.4189665106623136,0.0,0.0,0.08333333333333348,0.04347783553865983,0.0,0.0,0.056866456361724486,0.0,-0.07407333333333331,0.18197908950830183,0.06705482685525459,0.0
0.0,-0.07407333333333337,0.20803554475800254,0.06595020565084714,-0.12447015893497607,0.0,0.1250007031254395,0.3817583382003529,0.0,0.11325340579527984,0.08333333333333348,0.13043546313814414,0.0,0.0,0.07336965873243476,0.0,0.11111166666666672,0.20803554475800254,0.06595020565084714,0.11325340579527984
0.0,-0.037036666666666704,0.21577317894442852,0.059553893481192166,-0.1238215155362234,0.0,-0.08333255208284503,0.28469457959616834,0.0,0.0,0.08333333333333348,0.17391329867680408,0.0,0.0,0.10353758404231589,0.0,-0.03703666666666661,0.21577317894442852,0.059553893481192166,0.0
0.0,-0.11111166666666668,0.1885037066436065,0.06705482685525459,-0.12447015893497607,0.0,-0.08333255208284503,0.32067987233234424,0.0,0.0,0.08333333333333348,0.04347783553865983,0.0,0.0,0.013453143421597655,0.0,-0.07407333333333331,0.1885037066436065,0.06705482685525459,0.0
0.0,-0.037036666666666704,0.22222457447269203,0.06705482685525459,-0.1238215155362234,0.0,-0.08333255208284503,0.32067987233234424,0.0,0.0,0.08333333333333348,0.13043546313814414,0.0,0.0,0.07336965873243476,0.0,-0.07407333333333331,0.22222457447269203,0.06705482685525459,0.0
-0.06666666666666676,0.037036666666666655,0.21577317894442852,0.059553893481192166,-0.11633957002226891,0.0,0.1250007031254395,0.25781918729165065,0.0,0.20233314974072303,0.08333333333333348,0.17391329867680408,0.0,0.0,0.10353758404231589,0.0,0.11111166666666672,0.21577317894442852,0.059553893481192166,0.20233314974072303
-0.06666666666666676,0.037036666666666655,0.20803554475800254,0.059553893481192166,-0.10894781022150996,0.0,0.250001406250879,0.29374343294167404,0.0,0.20233314974072303,0.08333333333333348,0.13043546313814414,0.0,0.0,0.07336965873243476,0.0,0.22222333333333344,0.20803554475800254,0.059553893481192166,0.20233314974072303
0.0,0.0,0.20803554475800254,0.060840561196940424,-0.1238215155362234,0.0,0.1250007031254395,0.25781918729165065,0.0,0.202322865507367,0.08333333333333348,0.13043546313814414,0.0,0.0,0.07336965873243476,0.0,0.11111166666666672,0.20803554475800254,0.060840561196940424,0.202322865507367
0.0,-0.07407333333333337,0.18197908950830183,0.0678076971733422,-0.12447015893497607,0.0,-0.08333255208284503,0.4189665106623136,0.0,0.0,0.08333333333333348,0.04347783553865983,0.0,0.0,0.056866456361724486,0.0,-0.07407333333333331,0.18197908950830183,0.0678076971733422,0.0
0.0,-0.037036666666666704,0.1885037066436065,0.05868068733357411,-0.1238215155362234,-0.05555555555555563,-0.08333255208284503,0.4258857312969031,0.13980744836939044,0.0,0.16666666666666696,0.04347783553865983,0.0,0.0,0.056866456361724486,0.05882352941176479,-0.07407333333333331,0.1885037066436065,0.05868068733357411,0.0
0.0,0.0,0.20803554475800254,0.06705482685525459,-0.1238215155362234,0.0,-0.04166627604142246,0.3817583382003529,0.0,0.0,0.08333333333333348,0.17391329867680408,0.0,0.0,0.10353758404231589,0.0,-0.03703666666666661,0.20803554475800254,0.06705482685525459,0.0
-0.06666666666666676,0.037036666666666655,0.17497550176203763,0.05868068733357411,-0.11633957002226891,-0.05555555555555563,-0.12499882812426759,0.4258857312969031,0.1632129349802129,-0.07223531240072849,0.08333333333333348,0.17391329867680408,0.0,0.0,0.12224962559347416,0.0,-0.03703666666666661,0.17497550176203763,0.05868068733357411,-0.07223531240072849
0.0,-0.07407333333333337,0.1885037066436065,0.058628233254035066,-0.1238007034485629,0.0,0.250001406250879,0.32067987233234424,0.0,0.15353217708078612,0.08333333333333348,0.04347783553865983,0.0,0.0,0.056866456361724486,0.0,0.22222333333333344,0.1885037066436065,0.058628233254035066,0.15353217708078612
0.0,-0.037036666666666704,0.21577317894442852,0.058628233254035066,-0.11650259804227625,0.0,0.250001406250879,0.3817583382003529,0.0,0.15353217708078612,0.08333333333333348,0.17391329867680408,0.0,0.0,0.10353758404231589,0.0,0.22222333333333344,0.21577317894442852,0.058628233254035066,0.15353217708078612
0.0,0.0,0.17497550176203763,0.059553893481192166,-0.1238215155362234,0.0,0.1250007031254395,0.28469457959616834,0.0,0.11325340579527984,0.08333333333333348,0.04347783553865983,0.0,0.0,0.056866456361724486,0.0,0.11111166666666672,0.17497550176203763,0.059553893481192166,0.11325340579527984
-0.06666666666666676,0.037036666666666655,0.18197908950830183,0.059553893481192166,-0.11633957002226891,0.0,0.08333442708401695,0.4189665106623136,0.0,0.11325340579527984,0.08333333333333348,0.13043546313814414,0.0,0.0,0.07336965873243476,0.0,0.07407500000000002,0.18197908950830183,0.059553893481192166,0.11325340579527984
-0.06666666666666676,0.0,0.21577317894442852,0.058628233254035066,-0.10894781022150996,-0.05555555555555563,0.250001406250879,0.38867755883494237,0.0,0.15353217708078612,0.16666666666666696,0.13043546313814414,0.0,0.0,0.07336965873243476,0.05882352941176479,0.22222333333333344,0.21577317894442852,0.058628233254035066,0.15353217708078612
0.0,-0.037036666666666704,0.21577317894442852,0.06705482685525459,-0.1238215155362234,0.0,-0.12499882812426759,0.2996034488006425,0.0,-0.07223531240072849,0.08333333333333348,0.13043546313814414,0.0,0.0,0.07336965873243476,0.0,-0.07407333333333331,0.21577317894442852,0.06705482685525459,-0.07223531240072849
0.0,-0.037036666666666704,0.1885037066436065,0.059553893481192166,-0.1238215155362234,0.0,0.1250007031254395,0.3817583382003529,0.0,0.11325340579527984,0.08333333333333348,0.04347783553865983,0.0,0.0,0.056866456361724486,0.0,0.11111166666666672,0.1885037066436065,0.059553893481192166,0.11325340579527984
0.0,-0.037036666666666704,0.22222457447269203,0.06705482685525459,-0.1238215155362234,0.0,0.08333442708401695,0.4189665106623136,0.0,0.11325340579527984,0.08333333333333348,0.04347783553865983,0.0,0.0,0.056866456361724486,0.0,0.07407500000000002,0.22222457447269203,0.06705482685525459,0.11325340579527984
-0.06666666666666676,0.037036666666666655,0.22222457447269203,0.0608961008105699,-0.11633957002226891,0.0,0.1250007031254395,0.29374343294167404,0.0,0.20233314974072303,0.08333333333333348,0.04347783553865983,0.0,0.0,0.056866456361724486,0.0,0.11111166666666672,0.22222457447269203,0.0608961008105699,0.20233314974072303
0.0,-0.037036666666666704,0.22222457447269203,0.06705482685525459,-0.1238215155362234,-0.05555555555555563,0.08333442708401695,0.38867755883494237,0.0,0.11325340579527984,0.16666666666666696,0.04347783553865983,0.0,0.0,0.056866456361724486,0.05882352941176479,0.07407500000000002,0.22222457447269203,0.06705482685525459,0.11325340579527984
-0.06666666666666676,0.037036666666666655,0.17497550176203763,0.0608961008105699,-0.11633957002226891,0.0,-0.08333255208284503,0.28469457959616834,0.0,0.0,0.08333333333333348,0.04347783553865983,0.0,0.0,0.010502501354236367,0.0,-0.07407333333333331,0.17497550176203763,0.0608961008105699,0.0
0.0,-0.037036666666666704,0.1885037066436065,0.059553893481192166,-0.1238215155362234,0.0,0.1250007031254395,0.29374343294167404,0.0,0.202322865507367,0.08333333333333348,0.04347783553865983,0.0,0.0,0.056866456361724486,0.0,0.11111166666666672,0.1885037066436065,0.059553893481192166,0.202322865507367
0.0,-0.037036666666666704,0.1885037066436065,0.058628233254035066,-0.11650259804227625,0.0,0.250001406250879,0.32067987233234424,0.0,0.15353217708078612,0.08333333333333348,0.04347783553865983,0.0,0.0,0.056866456361724486,0.0,0.22222333333333344,0.1885037066436065,0.058628233254035066,0.15353217708078612
0.0,-0.037036666666666704,0.22222457447269203,0.05856960810631515,-0.1238215155362234,-0.05555555555555563,0.08333442708401695,0.4258857312969031,0.12974729790554793,0.02040163359333403,0.08333333333333348,0.17391329867680408,0.0,0.0,0.12224962559347416,0.0,0.07407500000000002,0.22222457447269203,0.05856960810631515,0.02040163359333403
0.0,-0.11111166666666668,0.22222457447269203,0.0678076971733422,-0.12447015893497607,0.0,-0.12499882812426759,0.25781918729165065,0.0,0.00598313842806638,0.08333333333333348,0.17391329867680408,0.0,0.0,0.10353758404231589,0.0,-0.03703666666666661,0.22222457447269203,0.0678076971733422,0.00598313842806638
-0.06666666666666676,0.037036666666666655,0.17497550176203763,0.058628233254035066,-0.10894781022150996,0.0,0.250001406250879,0.25781918729165065,0.0,0.20233314974072303,0.08333333333333348,0.0,0.0,0.0,-0.009638339228244606,0.0,0.22222333333333344,0.17497550176203763,0.058628233254035066,0.20233314974072303
0.0,0.0,0.17497550176203763,0.059553893481192166,-0.1238215155362234,0.0,0.1250007031254395,0.3817583382003529,0.0,0.11325340579527984,0.08333333333333348,0.13043546313814414,0.0,0.0,0.07336965873243476,0.0,0.11111166666666672,0.17497550176203763,0.059553893481192166,0.11325340579527984
-0.13333333333333353,0.18518500000000002,0.17497550176203763,0.05868068733357411,-0.10666194926013026,0.0,-0.12499882812426759,0.3817583382003529,0.0,-0.07223531240072849,0.08333333333333348,0.13043546313814414,0.0,0.0,0.07336965873243476,0.0,-0.07407333333333331,0.17497550176203763,0.05868068733357411,-0.07223531240072849
0.0,0.0,0.18197908950830183,0.0678076971733422,-0.1238215155362234,0.0,-0.08333255208284503,0.4189665106623136,0.0,0.0,0.08333333333333348,0.04347783553865983,0.0,0.0,0.056866456361724486,0.0,-0.07407333333333331,0.18197908950830183,0.0678076971733422,0.0
-0.06666666666666676,0.037036666666666655,0.20803554475800254,0.0608961008105699,-0.11633957002226891,0.0,-0.08333255208284503,0.32067987233234424,0.0,0.0,0.08333333333333348,0.13043546313814414,0.0,0.0,0.07336965873243476,0.0,-0.07407333333333331,0.20803554475800254,0.0608961008105699,0.0
-0.06666666666666676,0.037036666666666655,0.17497550176203763,0.058628233254035066,-0.10894781022150996,0.0,0.250001406250879,0.29374343294167404,0.0,0.20233314974072303,0.08333333333333348,0.13043546313814414,0.0,0.0,0.07336965873243476,0.0,0.22222333333333344,0.17497550176203763,0.058628233254035066,0.20233314974072303
0.0,-0.07407333333333337,0.18197908950830183,0.05998586825386535,-0.1238007034485629,0.0,0.250001406250879,0.25781918729165065,0.0,0.202322865507367,0.08333333333333348,0.17391329867680408,0.0,0.0,0.10353758404231589,0.0,0.22222333333333344,0.18197908950830183,0.05998586825386535,0.202322865507367
0.0,0.0,0.17497550176203763,0.059553893481192166,-0.1238215155362234,-0.05555555555555563,0.08333442708401695,0.38867755883494237,0.0,0.11325340579527984,0.08333333333333348,0.17391329867680408,0.0,0.0,0.10353758404231589,0.0,0.07407500000000002,0.17497550176203763,0.059553893481192166,0.11325340579527984
-0.06666666666666676,0.037036666666666655,0.22222457447269203,0.06705482685525459,-0.11633957002226891,0.0,-0.08333255208284503,0.28469457959616834,0.0,0.0,0.08333333333333348,0.04347783553865983,0.0,0.0,0.056866456361724486,0.0,-0.07407333333333331,0.22222457447269203,0.06705482685525459,0.0
0.0,0.0,0.20803554475800254,0.060840561196940424,-0.1238215155362234,-0.05555555555555563,0.08333442708401695,0.38867755883494237,0.0,0.11325340579527984,0.16666666666666696,0.04347783553865983,0.0,0.0,0.056866456361724486,0.05882352941176479,0.07407500000000002,0.20803554475800254,0.060840561196940424,0.11325340579527984
0.0,-0.037036666666666704,0.21577317894442852,0.06705482685525459,-0.1238215155362234,0.0,-0.12499882812426759,0.29374343294167404,0.0,-0.019118389809010292,0.08333333333333348,0.17391329867680408,0.0,0.0,0.10353758404231589,0.0,-0.03703666666666661,0.21577317894442852,0.06705482685525459,-0.019118389809010292
0.0,-0.11111166666666668,0.22222457447269203,0.06705482685525459,-0.12447015893497607,0.0,0.08333442708401695,0.32067987233234424,0.0,0.11325340579527984,0.08333333333333348,0.17391329867680408,0.0,0.0,0.10353758404231589,0.0,0.07407500000000002,0.22222457447269203,0.06705482685525459,0.11325340579527984
-0.06666666666666676,0.037036666666666655,0.22222457447269203,0.05998586825386535,-0.10894781022150996,0.0,0.250001406250879,0.29374343294167404,0.0,0.20233314974072303,0.08333333333333348,0.13043546313814414,0.0,0.0,0.07336965873243476,0.0,0.22222333333333344,0.22222457447269203,0.05998586825386535,0.20233314974072303
0.0,-0.037036666666666704,0.21577317894442852,0.06705482685525459,-0.1238215155362234,0.0,-0.08333255208284503,0.28469457959616834,0.0,0.0,0.08333333333333348,0.04347783553865983,0.0,0.0,0.056866456361724486,0.0,-0.07407333333333331,0.21577317894442852,0.06705482685525459,0.0
-0.13333333333333353,0.18518500000000002,0.22222457447269203,0.05856960810631515,-0.11111920470075683,0.0,0.08333442708401695,0.4189665106623136,0.0,0.11325340579527984,0.08333333333333348,0.13043546313814414,0.0,0.0,0.07336965873243476,0.0,0.07407500000000002,0.22222457447269203,0.05856960810631515,0.11325340579527984
-0.06666666666666676,0.037036666666666655,0.20803554475800254,0.0608961008105699,-0.11633957002226891,0.0,-0.08333255208284503,0.4189665106623136,0.0,0.0,0.08333333333333348,0.13043546313814414,0.0,0.0,0.07336965873243476,0.0,-0.07407333333333331,0.20803554475800254,0.0608961008105699,0.0
-0.06666666666666676,0.037036666666666655,0.22222457447269203,0.06705482685525459,-0.11633957002226891,-0.05555555555555563,-0.08333255208284503,0.38867755883494237,0.0,0.0,0.16666666666666696,0.04347783553865983,0.0,0.0,0.056866456361724486,0.05882352941176479,-0.07407333333333331,0.22222457447269203,0.06705482685525459,0.0
-0.06666666666666676,0.037036666666666655,0.22222457447269203,0.06705482685525459,-0.11633957002226891,0.0,-0.08333255208284503,0.32067987233234424,0.0,0.0,0.08333333333333348,0.04347783553865983,0.0,0.0,0.013453143421597655,0.0,-0.07407333333333331,0.22222457447269203,0.06705482685525459,0.0
0.0,0.0,0.17497550176203763,0.059553893481192166,-0.1238215155362234,0.0,0.1250007031254395,0.3817583382003529,0.0,0.11325340579527984,0.08333333333333348,0.13043546313814414,0.0,0.0,0.07336965873243476,0.0,0.11111166666666672,0.17497550176203763,0.059553893481192166,0.11325340579527984
-0.06666666666666676,0.037036666666666655,0.17497550176203763,0.0608961008105699,-0.11633957002226891,-0.05555555555555563,-0.12499882812426759,0.38867755883494237,0.0,-0.07223531240072849,0.08333333333333348,0.17391329867680408,0.0,0.0,0.10353758404231589,0.0,-0.03703666666666661,0.17497550176203763,0.0608961008105699,-0.07223531240072849
-0.06666666666666676,0.037036666666666655,0.22222457447269203,0.0608961008105699,-0.11633957002226891,0.0,-0.04166627604142246,0.3817583382003529,0.0,0.0,0.08333333333333348,0.17391329867680408,0.0,0.0,0.10353758404231589,0.0,-0.03703666666666661,0.22222457447269203,0.0608961008105699,0.0
-0.06666666666666676,0.037036666666666655,0.1885037066436065,0.059553893481192166,-0.10894781022150996,0.0,0.250001406250879,0.29374343294167404,0.0,0.20233314974072303,0.08333333333333348,0.04347783553865983,0.0,0.0,0.056866456361724486,0.0,0.22222333333333344,0.1885037066436065,0.059553893481192166,0.20233314974072303
0.0,-0.037036666666666704,0.1885037066436065,0.06705482685525459,-0.1238215155362234,0.0,-0.04166627604142246,0.3817583382003529,0.0,0.0,0.08333333333333348,0.04347783553865983,0.0,0.0,0.056866456361724486,0.0,-0.03703666666666661,0.1885037066436065,0.06705482685525459,0.0
0.0,-0.11111166666666668,0.21577317894442852,0.059553893481192166,-0.12447015893497607,-0.05555555555555563,0.08333442708401695,0.38867755883494237,0.0,0.11325340579527984,0.16666666666666696,0.13043546313814414,0.0,0.0,0.07336965873243476,0.05882352941176479,0.07407500000000002,0.21577317894442852,0.059553893481192166,0.11325340579527984
0.0,-0.11111166666666668,0.22222457447269203,0.06705482685525459,-0.12447015893497607,0.0,0.1250007031254395,0.29374343294167404,0.0,0.202322865507367,0.08333333333333348,0.17391329867680408,0.0,0.0,0.10353758404231589,0.0,0.11111166666666672,0.22222457447269203,0.06705482685525459,0.202322865507367
0.0,-0.037036666666666704,0.22222457447269203,0.0678076971733422,-0.1238215155362234,0.0,-0.08333255208284503,0.4189665106623136,0.0,0.0,0.08333333333333348,0.04347783553865983,0.0,0.0,0.010502501354236367,0.0,-0.07407333333333331,0.22222457447269203,0.0678076971733422,0.0
0.0,-0.11111166666666668,0.1885037066436065,0.054314656595483325,-0.12447015893497607,-0.05555555555555563,0.08333442708401695,0.4258857312969031,0.13980744836939044,0.02040163359333403,0.16666666666666696,0.04347783553865983,0.0,0.0,0.056866456361724486,0.05882352941176479,0.07407500000000002,0.1885037066436065,0.054314656595483325,0.02040163359333403
0.0,-0.07407333333333337,0.17497550176203763,0.059553893481192166,-0.12447015893497607,0.0,0.1250007031254395,0.3817583382003529,0.0,0.11325340579527984,0.08333333333333348,0.17391329867680408,0.0,0.0,0.10353758404231589,0.0,0.11111166666666672,0.17497550176203763,0.059553893481192166,0.11325340579527984
0.0,-0.037036666666666704,0.22222457447269203,0.0678076971733422,-0.1238215155362234,0.0,-0.12499882812426759,0.3817583382003529,0.0,-0.07223531240072849,0.08333333333333348,0.17391329867680408,0.0,0.0,0.10353758404231589,0.0,-0.03703666666666661,0.22222457447269203,0.0678076971733422,-0.07223531240072849
0.0,-0.11111166666666668,0.22222457447269203,0.0678076971733422,-0.12447015893497607,0.0,-0.12499882812426759,0.4189665106623136,0.0,-0.07223531240072849,0.08333333333333348,0.13043546313814414,0.0,0.0,0.07336965873243476,0.0,-0.07407333333333331,0.22222457447269203,0.0678076971733422,-0.07223531240072849
0.0,-0.11111166666666668,0.22222457447269203,0.06705482685525459,-0.12447015893497607,0.0,0.1250007031254395,0.29374343294167404,0.0,0.202322865507367,0.08333333333333348,0.13043546313814414,0.0,0.0,0.07336965873243476,0.0,0.11111166666666672,0.22222457447269203,0.06705482685525459,0.202322865507367
0.0,-0.037036666666666704,0.22222457447269203,0.06705482685525459,-0.1238215155362234,0.0,0.08333442708401695,0.4189665106623136,0.0,0.11325340579527984,0.08333333333333348,0.13043546313814414,0.0,0.0,0.07336965873243476,0.0,0.07407500000000002,0.22222457447269203,0.06705482685525459,0.11325340579527984
0.0,-0.07407333333333337,0.22222457447269203,0.058628233254035066,-0.1238007034485629,-0.05555555555555563,0.250001406250879,0.4258857312969031,0.056181351602550986,0.03267986552793545,0.16666666666666696,0.04347783553865983,0.0,0.0,0.056866456361724486,0.05882352941176479,0.22222333333333344,0.22222457447269203,0.058628233254035066,0.03267986552793545
0.0,-0.11111166666666668,0.22222457447269203,0.060143230492482117,-0.12447015893497607,-0.05555555555555563,-0.08333255208284503,0.4258857312969031,0.13980744836939044,0.0,0.16666666666666696,0.04347783553865983,0.0,0.0,0.056866456361724486,0.05882352941176479,-0.07407333333333331,0.22222457447269203,0.060143230492482117,0.0
0.0,-0.037036666666666704,0.21577317894442852,0.06705482685525459,-0.1238215155362234,0.0,-0.12499882812426759,0.25781918729165065,0.0,0.00598313842806638,0.08333333333333348,0.04347783553865983,0.0,0.0,0.056866456361724486,0.0,-0.11111000000000001,0.21577317894442852,0.06705482685525459,0.00598313842806638
0.0,-0.07407333333333337,0.17497550176203763,0.060143230492482117,-0.12447015893497607,0.0,-0.12499882812426759,0.39613925431043995,0.0,-0.10124599200572258,0.08333333333333348,0.17391329867680408,0.0,0.0,0.10353758404231589,0.0,-0.03703666666666661,0.17497550176203763,0.060143230492482117,-0.10124599200572258
0.13333333333333353,-0.037036666666666704,-0.09499534474255858,-0.10070566164650269,-0.030399522709456298,0.11111111111111126,-0.166666979166862,-0.011606266975194922,0.0,-0.2893834716372271,0.08333333333333348,-0.13043546313814422,0.0,0.0,-0.09757257113723991,0.11764705882352958,-0.14814833333333333,-0.09499534474255858,-0.10070566164650269,-0.2893834716372271
0.13333333333333353,-0.11111166666666668,-0.09499534474255858,-0.13004291977919916,-0.0485858186434681,0.11111111111111126,-0.08333255208284503,-0.18109110376967946,0.0,-0.29578940632548917,0.08333333333333348,-0.13043546313814422,0.0,0.0,-0.12661377178727337,0.11764705882352958,-0.07407333333333331,-0.09499534474255858,-0.13004291977919916,-0.29578940632548917
0.0,-0.11111166666666668,-0.019824976772284064,-0.07553387453601282,-0.05232158837853022,0.11111111111111126,-0.29166580729112956,-0.18109110376967946,0.0,-0.2990323679104495,0.08333333333333348,-0.08695567107731988,0.0,0.0,-0.1120938087499602,0.11764705882352958,-0.25925833333333337,-0.019824976772284064,-0.07553387453601282,-0.2990323679104495
0.0,-0.07407333333333337,-0.019824976772284064,-0.07663232467223904,-0.044645396713077594,0.11111111111111126,-0.20833325520828444,-0.0651183918570116,0.0,-0.28473271277507467,0.08333333333333348,-0.04347783553865994,0.0,0.0,-0.1030315776057101,0.11764705882352958,-0.18518499999999996,-0.019824976772284064,-0.07663232467223904,-0.28473271277507467
0.13333333333333353,0.0,-0.2352501741365039,-0.11917258317828519,-0.030399522709456298,0.11111111111111126,-0.04166627604142246,-0.003977757250582595,0.0,-0.32746141698452563,0.08333333333333348,-0.13043546313814422,0.0,0.0,-0.11604244336105535,0.11764705882352958,-0.03703666666666661,-0.1442914627618006,-0.11917258317828519,-0.32746141698452563
0.13333333333333353,-0.14814833333333335,-0.09499534474255858,-0.06537629631000973,-0.0474099356906491,0.11111111111111126,-0.20833325520828444,-0.05601603105243196,0.0,-0.23019656598021307,0.08333333333333348,-0.13043546313814422,0.0,0.0,-0.1224803237421534,0.11764705882352958,-0.18518499999999996,-0.09499534474255858,-0.06537629631000973,-0.23019656598021307
0.13333333333333353,-0.14814833333333335,-0.09499534474255858,-0.04169790769933312,-0.03988983468265034,0.11111111111111126,-0.20833325520828444,-0.0651183918570116,0.0,-0.20475794342757492,0.08333333333333348,-0.13043546313814422,0.0,0.0,-0.12661377178727337,0.11764705882352958,-0.18518499999999996,-0.09499534474255858,-0.04169790769933312,-0.20475794342757492
0.06666666666666676,-0.11111166666666668,-0.08144672629593204,-0.08865665102300876,-0.0485858186434681,0.11111111111111126,-0.166666979166862,-0.0651183918570116,0.0,-0.24770604461528958,0.08333333333333348,-0.13043546313814422,0.0,0.0,-0.1224803237421534,0.11764705882352958,-0.14814833333333333,-0.08144672629593204,-0.08865665102300876,-0.24770604461528958
0.13333333333333353,-0.037036666666666704,-0.09499534474255858,-0.06503380202596172,-0.02922017107536057,0.11111111111111126,-0.12499882812426759,-0.0651183918570116,0.0,-0.18789180072355288,0.08333333333333348,-0.08695567107731988,0.0,0.0,-0.1120938087499602,0.11764705882352958,-0.11111000000000001,-0.09499534474255858,-0.06503380202596172,-0.18789180072355288
0.13333333333333353,-0.11111166666666668,-0.09499534474255858,-0.06521584853730253,-0.0474099356906491,0.11111111111111126,-0.20833325520828444,-0.0651183918570116,0.0,-0.23019656598021307,0.08333333333333348,-0.13043546313814422,0.0,0.0,-0.1224803237421534,0.11764705882352958,-0.18518499999999996,-0.09499534474255858,-0.06521584853730253,-0.23019656598021307
0.13333333333333353,-0.11111166666666668,-0.2352501741365039,-0.07009099240032958,-0.0474099356906491,0.11111111111111126,-0.12499882812426759,-0.0651183918570116,0.0,-0.18789180072355288,0.08333333333333348,-0.13043546313814422,0.0,0.0,-0.1224803237421534,0.11764705882352958,-0.11111000000000001,-0.1756909786409314,-0.07009099240032958,-0.18789180072355288
0.13333333333333353,-0.037036666666666704,-0.09499534474255858,-0.06521584853730253,-0.02922017107536057,0.11111111111111126,-0.20833325520828444,-0.18109110376967946,0.0,-0.23019656598021307,0.08333333333333348,-0.08695567107731988,0.0,0.0,-0.1120938087499602,0.11764705882352958,-0.18518499999999996,-0.09499534474255858,-0.06521584853730253,-0.23019656598021307
0.06666666666666676,-0.11111166666666668,-0.08144672629593204,-0.12409092451857955,-0.0485858186434681,0.11111111111111126,-0.20833325520828444,-0.05601603105243196,0.0,-0.33054211622097834,0.08333333333333348,-0.04347783553865994,0.0,0.0,-0.1030315776057101,0.11764705882352958,-0.18518499999999996,-0.08144672629593204,-0.12409092451857955,-0.33054211622097834
0.0,-0.07407333333333337,-0.006373828071256044,-0.07663232467223904,-0.044645396713077594,0.11111111111111126,-0.04166627604142246,-0.18109110376967946,0.0,-0.20637371075707953,0.08333333333333348,-0.08695567107731988,0.0,0.0,-0.1120938087499602,0.11764705882352958,-0.03703666666666661,-0.006373828071256044,-0.07663232467223904,-0.20637371075707953
0.06666666666666676,-0.037036666666666704,-0.08144672629593204,-0.06503380202596172,-0.02922017107536057,0.11111111111111126,-0.20833325520828444,-0.0651183918570116,0.0,-0.23019656598021307,0.08333333333333348,-0.13043546313814422,0.0,0.0,-0.1224803237421534,0.11764705882352958,-0.18518499999999996,-0.08144672629593204,-0.06503380202596172,-0.23019656598021307
0.06666666666666676,-0.11111166666666668,-0.08144672629593204,-0.06380884499202381,-0.0474099356906491,0.11111111111111126,-0.249999531249707,-0.011606266975194922,0.0,-0.26807225473817475,0.08333333333333348,-0.13043546313814422,0.0,0.0,-0.09757257113723991,0.11764705882352958,-0.22222166666666665,-0.08144672629593204,-0.06380884499202381,-0.26807225473817475
0.13333333333333353,0.037036666666666655,-0.2352501741365039,-0.04934386117565021,-0.021679257979701248,0.11111111111111126,-0.249999531249707,-0.0651183918570116,0.0,-0.2291315764815581,0.08333333333333348,-0.08695567107731988,0.0,0.0,-0.1120938087499602,0.11764705882352958,-0.22222166666666665,-0.1756909786409314,-0.04934386117565021,-0.2291315764815581
0.06666666666666676,0.037036666666666655,-0.08144672629593204,-0.06380884499202381,-0.02922017107536057,0.11111111111111126,-0.249999531249707,-0.0651183918570116,0.0,-0.2522048253622907,0.08333333333333348,-0.13043546313814422,0.0,0.0,-0.1224803237421534,0.11764705882352958,-0.22222166666666665,-0.08144672629593204,-0.06380884499202381,-0.2522048253622907
0.13333333333333353,-0.11111166666666668,-0.09499534474255858,-0.13004291977919916,-0.04966457852053805,0.11111111111111126,-0.29166580729112956,-0.05601603105243196,0.0,-0.34397789575443993,0.08333333333333348,-0.13043546313814422,0.0,0.0,-0.1224803237421534,0.11764705882352958,-0.25925833333333337,-0.09499534474255858,-0.13004291977919916,-0.34397789575443993
0.13333333333333353,-0.07407333333333337,-0.2352501741365039,-0.07560484182009483,-0.0474099356906491,0.11111111111111126,-0.20833325520828444,-0.003977757250582595,0.0,-0.2924584574107043,0.08333333333333348,-0.04347783553865994,0.0,0.0,-0.091760507281012,0.11764705882352958,-0.18518499999999996,-0.1442914627618006,-0.07560484182009483,-0.2924584574107043
0.13333333333333353,-0.11111166666666668,-0.09499534474255858,-0.08865665102300876,-0.0485858186434681,0.11111111111111126,-0.20833325520828444,-0.0651183918570116,0.0,-0.28473271277507467,0.08333333333333348,-0.04347783553865994,0.0,0.0,-0.1030315776057101,0.11764705882352958,-0.18518499999999996,-0.09499534474255858,-0.08865665102300876,-0.28473271277507467
0.13333333333333353,-0.037036666666666704,-0.09499534474255858,-0.13096858000635614,-0.031481751267803004,0.11111111111111126,-0.29166580729112956,-0.05601603105243196,0.0,-0.34397789575443993,0.08333333333333348,-0.04347783553865994,0.0,0.0,-0.1030315776057101,0.11764705882352958,-0.22222166666666665,-0.09499534474255858,-0.13096858000635614,-0.34397789575443993
0.06666666666666676,-0.037036666666666704,-0.08144672629593204,-0.1328137293924892,-0.030399522709456298,0.11111111111111126,-0.04166627604142246,-0.0651183918570116,0.0,-0.25705441273599444,0.08333333333333348,-0.13043546313814422,0.0,0.0,-0.1224803237421534,0.11764705882352958,-0.03703666666666661,-0.08144672629593204,-0.1328137293924892,-0.25705441273599444
0.06666666666666676,-0.037036666666666704,-0.08144672629593204,-0.045144449278447865,-0.021679257979701248,0.11111111111111126,-0.166666979166862,-0.0651183918570116,0.0,-0.1447722956465697,0.08333333333333348,-0.13043546313814422,0.0,0.0,-0.1224803237421534,0.11764705882352958,-0.14814833333333333,-0.08144672629593204,-0.045144449278447865,-0.1447722956465697
0.13333333333333353,-0.11111166666666668,-0.2352501741365039,-0.0980089048513852,-0.0485858186434681,0.11111111111111126,-0.20833325520828444,-0.05601603105243196,0.0,-0.28473271277507467,0.08333333333333348,-0.13043546313814422,0.0,0.0,-0.1224803237421534,0.11764705882352958,-0.18518499999999996,-0.17101635063844542,-0.0980089048513852,-0.28473271277507467
0.13333333333333353,-0.11111166666666668,-0.2352501741365039,-0.04847065502803199,-0.03988983468265034,0.11111111111111126,-0.20833325520828444,-0.0651183918570116,0.0,-0.20475794342757492,0.08333333333333348,-0.08695567107731988,0.0,0.0,-0.1120938087499602,0.11764705882352958,-0.18518499999999996,-0.1756909786409314,-0.04847065502803199,-0.20475794342757492
0.06666666666666676,-0.14814833333333335,-0.08144672629593204,-0.06564165224179483,-0.0474099356906491,0.11111111111111126,-0.249999531249707,-0.003977757250582595,0.0,-0.30066984639926125,0.08333333333333348,-0.04347783553865994,0.0,0.0,-0.091760507281012,0.11764705882352958,-0.22222166666666665,-0.08144672629593204,-0.06564165224179483,-0.30066984639926125
0.13333333333333353,-0.07407333333333337,-0.2352501741365039,-0.07064638853662365,-0.0474099356906491,0.11111111111111126,-0.20833325520828444,-0.18109110376967946,0.0,-0.23019656598021307,0.08333333333333348,-0.04347783553865994,0.0,0.0,-0.1030315776057101,0.11764705882352958,-0.18518499999999996,-0.2352501741365039,-0.07064638853662365,-0.23019656598021307
0.13333333333333353,-0.11111166666666668,-0.2352501741365039,-0.06645623324169297,-0.0474099356906491,0.11111111111111126,-0.249999531249707,-0.18109110376967946,0.0,-0.25075474845907897,0.08333333333333348,-0.08695567107731988,0.0,0.0,-0.1120938087499602,0.11764705882352958,-0.22222166666666665,-0.2352501741365039,-0.06645623324169297,-0.25075474845907897
0.13333333333333353,0.0,-0.2352501741365039,-0.07339559941128009,-0.02922017107536057,0.11111111111111126,-0.20833325520828444,-0.05601603105243196,0.0,-0.23019656598021307,0.08333333333333348,-0.08695567107731988,0.0,0.0,-0.1120938087499602,0.11764705882352958,-0.18518499999999996,-0.17101635063844542,-0.07339559941128009,-0.23019656598021307
0.13333333333333353,0.037036666666666655,-0.09499534474255858,-0.09405633568142471,-0.030399522709456298,0.11111111111111126,-0.166666979166862,-0.05601603105243196,0.0,-0.24770604461528958,0.08333333333333348,-0.13043546313814422,0.0,0.0,-0.1224803237421534,0.11764705882352958,-0.14814833333333333,-0.09499534474255858,-0.09405633568142471,-0.24770604461528958
0.13333333333333353,-0.037036666666666704,-0.09499534474255858,-0.08865665102300876,-0.030399522709456298,0.11111111111111126,-0.20833325520828444,-0.0651183918570116,0.0,-0.28473271277507467,0.08333333333333348,-0.13043546313814422,0.0,0.0,-0.1224803237421534,0.11764705882352958,-0.18518499999999996,-0.09499534474255858,-0.08865665102300876,-0.28473271277507467
0.06666666666666676,-0.14814833333333335,-0.08144672629593204,-0.04169790769933312,-0.03988983468265034,0.11111111111111126,-0.20833325520828444,-0.05601603105243196,0.0,-0.20475794342757492,0.08333333333333348,-0.08695567107731988,0.0,0.0,-0.1120938087499602,0.11764705882352958,-0.18518499999999996,-0.08144672629593204,-0.04169790769933312,-0.20475794342757492
0.13333333333333353,-0.11111166666666668,-0.2352501741365039,-0.0980089048513852,-0.0485858186434681,0.11111111111111126,-0.20833325520828444,-0.05601603105243196,0.0,-0.28473271277507467,0.08333333333333348,-0.13043546313814422,0.0,0.0,-0.1224803237421534,0.11764705882352958,-0.18518499999999996,-0.17101635063844542,-0.0980089048513852,-0.28473271277507467
0.13333333333333353,-0.14814833333333335,-0.09499534474255858,-0.06380884499202381,-0.0484852268864423,0.11111111111111126,-0.29166580729112956,-0.05601603105243196,0.0,-0.2826941491853744,0.08333333333333348,-0.08695567107731988,0.0,0.0,-0.1120938087499602,0.11764705882352958,-0.25925833333333337,-0.09499534474255858,-0.06380884499202381,-0.2826941491853744
0.13333333333333353,-0.14814833333333335,-0.09499534474255858,-0.06537629631000973,-0.0474099356906491,0.11111111111111126,-0.20833325520828444,-0.05601603105243196,0.0,-0.23019656598021307,0.08333333333333348,-0.13043546313814422,0.0,0.0,-0.1224803237421534,0.11764705882352958,-0.18518499999999996,-0.09499534474255858,-0.06537629631000973,-0.23019656598021307
0.13333333333333353,-0.037036666666666704,-0.09499534474255858,-0.10070566164650269,-0.030399522709456298,0.11111111111111126,-0.20833325520828444,-0.011606266975194922,0.0,-0.2893834716372271,0.08333333333333348,-0.08695567107731988,0.0,0.0,-0.09382404486505433,0.11764705882352958,-0.18518499999999996,-0.09499534474255858,-0.10070566164650269,-0.2893834716372271
0.13333333333333353,-0.14814833333333335,-0.09499534474255858,-0.044681619164869235,-0.03988983468265034,0.11111111111111126,-0.20833325520828444,-0.05601603105243196,0.0,-0.20475794342757492,0.08333333333333348,-0.08695567107731988,0.0,0.0,-0.1120938087499602,0.11764705882352958,-0.18518499999999996,-0.09499534474255858,-0.044681619164869235,-0.20475794342757492
0.13333333333333353,-0.11111166666666668,-0.09499534474255858,-0.0980089048513852,-0.04966457852053805,0.05555555555555563,-0.29166580729112956,-0.003977757250582595,0.0,-0.4162349193144758,0.08333333333333348,-0.13043546313814422,0.0,0.0,-0.09757257113723991,0.11764705882352958,-0.25925833333333337,-0.09499534474255858,-0.0980089048513852,-0.4162349193144758
0.06666666666666676,-0.11111166666666668,-0.08144672629593204,-0.06380884499202381,-0.0474099356906491,0.11111111111111126,-0.249999531249707,-0.05601603105243196,0.0,-0.26807225473817475,0.08333333333333348,-0.13043546313814422,0.0,0.0,-0.1224803237421534,0.11764705882352958,-0.22222166666666665,-0.08144672629593204,-0.06380884499202381,-0.26807225473817475
0.06666666666666676,-0.11111166666666668,-0.08144672629593204,-0.0980089048513852,-0.0485858186434681,0.11111111111111126,-0.166666979166862,-0.003977757250582595,0.0,-0.34766536475890325,0.08333333333333348,-0.13043546313814422,0.0,0.0,-0.09757257113723991,0.11764705882352958,-0.14814833333333333,-0.08144672629593204,-0.0980089048513852,-0.34766536475890325
0.13333333333333353,-0.14814833333333335,-0.09499534474255858,-0.08865665102300876,-0.0485858186434681,0.11111111111111126,-0.20833325520828444,-0.18109110376967946,0.0,-0.28473271277507467,0.08333333333333348,-0.13043546313814422,0.0,0.0,-0.1224803237421534,0.11764705882352958,-0.18518499999999996,-0.09499534474255858,-0.08865665102300876,-0.28473271277507467
0.13333333333333353,-0.07407333333333337,-0.2352501741365039,-0.10781164665697808,-0.0485858186434681,0.11111111111111126,-0.20833325520828444,-0.0651183918570116,0.0,-0.28473271277507467,0.08333333333333348,-0.13043546313814422,0.0,0.0,-0.1224803237421534,0.11764705882352958,-0.18518499999999996,-0.1756909786409314,-0.10781164665697808,-0.28473271277507467
0.0,-0.14814833333333335,-0.006373828071256044,-0.07553387453601282,-0.05232158837853022,0.11111111111111126,-0.29166580729112956,-0.05601603105243196,0.0,-0.295844255570055,0.08333333333333348,-0.04347783553865994,0.0,0.0,-0.1030315776057101,0.11764705882352958,-0.22222166666666665,-0.006373828071256044,-0.07553387453601282,-0.295844255570055
0.13333333333333353,-0.037036666666666704,-0.09499534474255858,-0.06645623324169297,-0.02922017107536057,0.05555555555555563,-0.249999531249707,-0.003977757250582595,0.0,-0.30066984639926125,0.08333333333333348,-0.08695567107731988,0.0,0.0,-0.09382404486505433,0.11764705882352958,-0.22222166666666665,-0.09499534474255858,-0.06645623324169297,-0.30066984639926125
0.13333333333333353,0.0,-0.2352501741365039,-0.07339559941128009,-0.02922017107536057,0.11111111111111126,-0.12499882812426759,-0.011606266975194922,0.0,-0.22711472405116517,0.08333333333333348,-0.13043546313814422,0.0,0.0,-0.09757257113723991,0.11764705882352958,-0.11111000000000001,-0.14820917663202732,-0.07339559941128009,-0.22711472405116517
0.13333333333333353,-0.07407333333333337,-0.2352501741365039,-0.07009099240032958,-0.0474099356906491,0.11111111111111126,-0.249999531249707,-0.05601603105243196,0.0,-0.26807225473817475,0.08333333333333348,-0.04347783553865994,0.0,0.0,-0.1030315776057101,0.11764705882352958,-0.22222166666666665,-0.17101635063844542,-0.07009099240032958,-0.26807225473817475
0.13333333333333353,-0.14814833333333335,-0.09499534474255858,-0.04518147568753418,-0.03988983468265034,0.11111111111111126,-0.166666979166862,-0.05601603105243196,0.0,-0.1447722956465697,0.08333333333333348,-0.13043546313814422,0.0,0.0,-0.1224803237421534,0.11764705882352958,-0.14814833333333333,-0.09499534474255858,-0.04518147568753418,-0.1447722956465697
0.13333333333333353,-0.037036666666666704,-0.09499534474255858,-0.13706250983513985,-0.030399522709456298,0.11111111111111126,-0.04166627604142246,-0.05601603105243196,0.0,-0.25705441273599444,0.08333333333333348,-0.13043546313814422,0.0,0.0,-0.12661377178727337,0.11764705882352958,-0.03703666666666661,-0.09499534474255858,-0.13706250983513985,-0.25705441273599444
0.13333333333333353,-0.07407333333333337,-0.2352501741365039,-0.07064638853662365,-0.0474099356906491,0.11111111111111126,-0.20833325520828444,-0.0651183918570116,0.0,-0.23019656598021307,0.08333333333333348,-0.08695567107731988,0.0,0.0,-0.1120938087499602,0.11764705882352958,-0.18518499999999996,-0.1756909786409314,-0.07064638853662365,-0.23019656598021307
0.06666666666666676,0.037036666666666655,-0.08144672629593204,-0.06537629631000973,-0.02922017107536057,0.11111111111111126,-0.20833325520828444,-0.05601603105243196,0.0,-0.23019656598021307,0.08333333333333348,-0.04347783553865994,0.0,0.0,-0.1030315776057101,0.11764705882352958,-0.18518499999999996,-0.08144672629593204,-0.06537629631000973,-0.23019656598021307
0.13333333333333353,-0.11111166666666668,-0.09499534474255858,-0.09368915712465249,-0.0485858186434681,0.11111111111111126,-0.166666979166862,-0.05601603105243196,0.0,-0.24770604461528958,0.08333333333333348,-0.08695567107731988,0.0,0.0,-0.1120938087499602,0.11764705882352958,-0.14814833333333333,-0.09499534474255858,-0.09368915712465249,-0.24770604461528958
0.06666666666666676,-0.14814833333333335,-0.08144672629593204,-0.06380884499202381,-0.0474099356906491,0.11111111111111126,-0.20833325520828444,-0.0651183918570116,0.0,-0.23019656598021307,0.08333333333333348,-0.04347783553865994,0.0,0.0,-0.1030315776057101,0.11764705882352958,-0.18518499999999996,-0.08144672629593204,-0.06380884499202381,-0.23019656598021307
0.06666666666666676,-0.11111166666666668,-0.08144672629593204,-0.09405633568142471,-0.0485858186434681,0.11111111111111126,-0.04166627604142246,-0.05601603105243196,0.0,-0.20637371075707953,0.08333333333333348,-0.04347783553865994,0.0,0.0,-0.1030315776057101,0.11764705882352958,-0.03703666666666661,-0.08144672629593204,-0.09405633568142471,-0.20637371075707953
0.13333333333333353,0.07407333333333331,-0.09499534474255858,-0.04708525022138706,-0.021679257979701248,0.11111111111111126,-0.166666979166862,-0.0651183918570116,0.0,-0.1447722956465697,0.08333333333333348,-0.04347783553865994,0.0,0.0,-0.1030315776057101,0.11764705882352958,-0.14814833333333333,-0.09499534474255858,-0.04708525022138706,-0.1447722956465697
0.13333333333333353,0.037036666666666655,-0.2352501741365039,-0.05201284816395297,-0.021679257979701248,0.11111111111111126,-0.249999531249707,-0.05601603105243196,0.0,-0.2291315764815581,0.08333333333333348,-0.13043546313814422,0.0,0.0,-0.12661377178727337,0.11764705882352958,-0.22222166666666665,-0.17101635063844542,-0.05201284816395297,-0.2291315764815581
0.06666666666666676,-0.11111166666666668,-0.08144672629593204,-0.12375768683680304,-0.0485858186434681,0.11111111111111126,-0.20833325520828444,-0.0651183918570116,0.0,-0.33054211622097834,0.08333333333333348,-0.08695567107731988,0.0,0.0,-0.1120938087499602,0.11764705882352958,-0.18518499999999996,-0.08144672629593204,-0.12375768683680304,-0.33054211622097834
0.13333333333333353,-0.11111166666666668,-0.2352501741365039,-0.14609078258401137,-0.0485858186434681,0.05555555555555563,-0.08333255208284503,-0.003977757250582595,0.0,-0.37635723312985786,0.08333333333333348,-0.08695567107731988,0.0,0.0,-0.09382404486505433,0.11764705882352958,-0.07407333333333331,-0.1442914627618006,-0.14609078258401137,-0.37635723312985786
0.13333333333333353,-0.037036666666666704,-0.09499534474255858,-0.044681619164869235,-0.0227580178567712,0.11111111111111126,-0.333333958333724,-0.0651183918570116,0.0,-0.22874763176959662,0.08333333333333348,-0.04347783553865994,0.0,0.0,-0.1030315776057101,0.11764705882352958,-0.22222166666666665,-0.09499534474255858,-0.044681619164869235,-0.22874763176959662
0.13333333333333353,-0.037036666666666704,-0.09499534474255858,-0.06537629631000973,-0.02922017107536057,0.11111111111111126,-0.20833325520828444,-0.05601603105243196,0.0,-0.23019656598021307,0.08333333333333348,-0.08695567107731988,0.0,0.0,-0.1120938087499602,0.11764705882352958,-0.18518499999999996,-0.09499534474255858,-0.06537629631000973,-0.23019656598021307
0.13333333333333353,-0.11111166666666668,-0.09499534474255858,-0.06521584853730253,-0.0474099356906491,0.11111111111111126,-0.12499882812426759,-0.05601603105243196,0.0,-0.18789180072355288,0.08333333333333348,-0.08695567107731988,0.0,0.0,-0.1120938087499602,0.11764705882352958,-0.11111000000000001,-0.09499534474255858,-0.06521584853730253,-0.18789180072355288
0.13333333333333353,0.0,-0.2352501741365039,-0.07339559941128009,-0.02922017107536057,0.11111111111111126,-0.249999531249707,-0.003977757250582595,0.0,-0.303961943765812,0.08333333333333348,-0.13043546313814422,0.0,0.0,-0.09757257113723991,0.11764705882352958,-0.22222166666666665,-0.1442914627618006,-0.07339559941128009,-0.303961943765812
0.06666666666666676,-0.11111166666666668,-0.08144672629593204,-0.06564165224179483,-0.0474099356906491,0.05555555555555563,-0.249999531249707,-0.003977757250582595,0.0,-0.30066984639926125,0.08333333333333348,-0.13043546313814422,0.0,0.0,-0.11604244336105535,0.05882352941176479,-0.22222166666666665,-0.08144672629593204,-0.06564165224179483,-0.30066984639926125
0.0,-0.14814833333333335,-0.006373828071256044,-0.03664997392723693,-0.05355643891305402,0.11111111111111126,-0.249999531249707,-0.05745491843922124,0.0,-0.26807225473817475,0.08333333333333348,-0.08695567107731988,0.0,0.0,-0.1120938087499602,0.11764705882352958,-0.22222166666666665,-0.006373828071256044,-0.03664997392723693,-0.26807225473817475
0.13333333333333353,0.0,-0.2352501741365039,-0.11917258317828519,-0.030399522709456298,0.11111111111111126,-0.04166627604142246,-0.011606266975194922,0.0,-0.26556747256966423,0.08333333333333348,-0.13043546313814422,0.0,0.0,-0.09757257113723991,0.11764705882352958,-0.03703666666666661,-0.14820917663202732,-0.11917258317828519,-0.26556747256966423
0.13333333333333353,-0.037036666666666704,-0.09499534474255858,-0.04708525022138706,-0.021679257979701248,0.11111111111111126,-0.249999531249707,-0.05601603105243196,0.0,-0.2291315764815581,0.08333333333333348,-0.13043546313814422,0.0,0.0,-0.1224803237421534,0.11764705882352958,-0.22222166666666665,-0.09499534474255858,-0.04708525022138706,-0.2291315764815581
0.13333333333333353,-0.11111166666666668,-0.09499534474255858,-0.13143758118811574,-0.0485858186434681,0.11111111111111126,-0.08333255208284503,-0.05601603105243196,0.0,-0.29578940632548917,0.08333333333333348,-0.08695567107731988,0.0,0.0,-0.10841156039894212,0.11764705882352958,-0.07407333333333331,-0.09499534474255858,-0.13143758118811574,-0.29578940632548917
0.06666666666666676,-0.037036666666666704,-0.08144672629593204,-0.08865665102300876,-0.030399522709456298,0.11111111111111126,-0.166666979166862,-0.0651183918570116,0.0,-0.24770604461528958,0.08333333333333348,-0.04347783553865994,0.0,0.0,-0.1030315776057101,0.11764705882352958,-0.14814833333333333,-0.08144672629593204,-0.08865665102300876,-0.24770604461528958
0.13333333333333353,-0.11111166666666668,-0.09499534474255858,-0.06645623324169297,-0.0474099356906491,0.05555555555555563,-0.249999531249707,-0.003977757250582595,0.0,-0.30066984639926125,0.08333333333333348,-0.08695567107731988,0.0,0.0,-0.09382404486505433,0.11764705882352958,-0.22222166666666665,-0.09499534474255858,-0.06645623324169297,-0.30066984639926125
0.06666666666666676,-0.037036666666666704,-0.08144672629593204,-0.08865665102300876,-0.030399522709456298,0.11111111111111126,-0.20833325520828444,-0.05601603105243196,0.0,-0.28473271277507467,0.08333333333333348,-0.13043546313814422,0.0,0.0,-0.1224803237421534,0.11764705882352958,-0.18518499999999996,-0.08144672629593204,-0.08865665102300876,-0.28473271277507467
0.13333333333333353,-0.11111166666666668,-0.2352501741365039,-0.04934386117565021,-0.03988983468265034,0.11111111111111126,-0.249999531249707,-0.0651183918570116,0.0,-0.2291315764815581,0.08333333333333348,-0.13043546313814422,0.0,0.0,-0.1224803237421534,0.11764705882352958,-0.22222166666666665,-0.1756909786409314,-0.04934386117565021,-0.2291315764815581
0.13333333333333353,-0.11111166666666668,-0.2352501741365039,-0.05201284816395297,-0.03988983468265034,0.11111111111111126,-0.20833325520828444,-0.05601603105243196,0.0,-0.20475794342757492,0.08333333333333348,-0.08695567107731988,0.0,0.0,-0.1120938087499602,0.11764705882352958,-0.18518499999999996,-0.17101635063844542,-0.05201284816395297,-0.20475794342757492
0.0,-0.11111166666666668,-0.006373828071256044,-0.01735304372510365,-0.05355643891305402,0.11111111111111126,-0.20833325520828444,-0.003977757250582595,0.0,-0.21622714900482903,0.08333333333333348,-0.13043546313814422,0.0,0.0,-0.09757257113723991,0.11764705882352958,-0.18518499999999996,-0.006373828071256044,-0.01735304372510365,-0.21622714900482903
0.13333333333333353,0.037036666666666655,-0.09499534474255858,-0.06716282054842276,-0.02922017107536057,0.11111111111111126,-0.12499882812426759,-0.011606266975194922,0.0,-0.22861050865818178,0.08333333333333348,-0.08695567107731988,0.0,0.0,-0.09382404486505433,0.11764705882352958,-0.11111000000000001,-0.09499534474255858,-0.06716282054842276,-0.22861050865818178
0.06666666666666676,-0.037036666666666704,-0.08144672629593204,-0.12409092451857955,-0.030399522709456298,0.11111111111111126,-0.20833325520828444,-0.05601603105243196,0.0,-0.33054211622097834,0.08333333333333348,-0.04347783553865994,0.0,0.0,-0.1030315776057101,0.11764705882352958,-0.18518499999999996,-0.08144672629593204,-0.12409092451857955,-0.33054211622097834
0.06666666666666676,-0.037036666666666704,-0.08144672629593204,-0.06503380202596172,-0.02922017107536057,0.11111111111111126,-0.249999531249707,-0.011606266975194922,0.0,-0.26807225473817475,0.08333333333333348,-0.04347783553865994,0.0,0.0,-0.091760507281012,0.11764705882352958,-0.22222166666666665,-0.08144672629593204,-0.06503380202596172,-0.26807225473817475
0.13333333333333353,-0.037036666666666704,-0.09499534474255858,-0.06380884499202381,-0.030298930952430476,0.11111111111111126,-0.29166580729112956,-0.0651183918570116,0.0,-0.26731579224020313,0.08333333333333348,-0.08695567107731988,0.0,0.0,-0.1120938087499602,0.11764705882352958,-0.25925833333333337,-0.09499534474255858,-0.06380884499202381,-0.26731579224020313
0.13333333333333353,0.0,-0.2352501741365039,-0.06645623324169297,-0.02922017107536057,0.11111111111111126,-0.249999531249707,-0.18109110376967946,0.0,-0.25075474845907897,0.08333333333333348,-0.08695567107731988,0.0,0.0,-0.1120938087499602,0.11764705882352958,-0.22222166666666665,-0.2352501741365039,-0.06645623324169297,-0.25075474845907897
0.13333333333333353,0.0,-0.09499534474255858,-0.13096858000635614,-0.030399522709456298,0.11111111111111126,-0.20833325520828444,-0.05601603105243196,0.0,-0.33054211622097834,0.08333333333333348,-0.13043546313814422,0.0,0.0,-0.12661377178727337,0.11764705882352958,-0.18518499999999996,-0.09499534474255858,-0.13096858000635614,-0.33054211622097834
0.06666666666666676,-0.037036666666666704,-0.08144672629593204,-0.09368915712465249,-0.030399522709456298,0.11111111111111126,-0.04166627604142246,-0.0651183918570116,0.0,-0.20637371075707953,0.08333333333333348,-0.13043546313814422,0.0,0.0,-0.1224803237421534,0.11764705882352958,-0.03703666666666661,-0.08144672629593204,-0.09368915712465249,-0.20637371075707953
0.13333333333333353,-0.14814833333333335,-0.09499534474255858,-0.04518147568753418,-0.03988983468265034,0.11111111111111126,-0.166666979166862,-0.05601603105243196,0.0,-0.1447722956465697,0.08333333333333348,-0.13043546313814422,0.0,0.0,-0.1224803237421534,0.11764705882352958,-0.14814833333333333,-0.09499534474255858,-0.04518147568753418,-0.1447722956465697
0.13333333333333353,-0.14814833333333335,-0.09499534474255858,-0.06521584853730253,-0.0474099356906491,0.11111111111111126,-0.20833325520828444,-0.18109110376967946,0.0,-0.23019656598021307,0.08333333333333348,-0.13043546313814422,0.0,0.0,-0.1224803237421534,0.11764705882352958,-0.18518499999999996,-0.09499534474255858,-0.06521584853730253,-0.23019656598021307
0.06666666666666676,-0.037036666666666704,-0.08144672629593204,-0.04518147568753418,-0.021679257979701248,0.11111111111111126,-0.166666979166862,-0.05601603105243196,0.0,-0.1447722956465697,0.08333333333333348,-0.13043546313814422,0.0,0.0,-0.1224803237421534,0.11764705882352958,-0.14814833333333333,-0.08144672629593204,-0.04518147568753418,-0.1447722956465697
0.0,-0.14814833333333335,-0.019824976772284064,-0.035412674756937094,-0.05355643891305402,0.11111111111111126,-0.29166580729112956,-0.18109110376967946,0.0,-0.26731579224020313,0.08333333333333348,-0.04347783553865994,0.0,0.0,-0.1030315776057101,0.11764705882352958,-0.22222166666666665,-0.019824976772284064,-0.035412674756937094,-0.26731579224020313
0.13333333333333353,-0.037036666666666704,-0.09499534474255858,-0.06503380202596172,-0.02922017107536057,0.11111111111111126,-0.249999531249707,-0.18109110376967946,0.0,-0.2522048253622907,0.08333333333333348,-0.08695567107731988,0.0,0.0,-0.1120938087499602,0.11764705882352958,-0.22222166666666665,-0.09499534474255858,-0.06503380202596172,-0.2522048253622907
0.13333333333333353,-0.14814833333333335,-0.09499534474255858,-0.044681619164869235,-0.03988983468265034,0.11111111111111126,-0.20833325520828444,-0.05601603105243196,0.0,-0.20475794342757492,0.08333333333333348,-0.08695567107731988,0.0,0.0,-0.1120938087499602,0.11764705882352958,-0.18518499999999996,-0.09499534474255858,-0.044681619164869235,-0.20475794342757492
0.13333333333333353,-0.11111166666666668,-0.2352501741365039,-0.05201284816395297,-0.03988983468265034,0.11111111111111126,-0.249999531249707,-0.05601603105243196,0.0,-0.2291315764815581,0.08333333333333348,-0.04347783553865994,0.0,0.0,-0.1030315776057101,0.11764705882352958,-0.22222166666666665,-0.17101635063844542,-0.05201284816395297,-0.2291315764815581
0.13333333333333353,-0.14814833333333335,-0.09499534474255858,-0.044681619164869235,-0.03988983468265034,0.11111111111111126,-0.166666979166862,-0.0651183918570116,0.0,-0.1447722956465697,0.08333333333333348,-0.04347783553865994,0.0,0.0,-0.1030315776057101,0.11764705882352958,-0.14814833333333333,-0.09499534474255858,-0.044681619164869235,-0.1447722956465697
0.13333333333333353,-0.11111166666666668,-0.09499534474255858,-0.09368915712465249,-0.0485858186434681,0.11111111111111126,-0.04166627604142246,-0.0651183918570116,0.0,-0.20637371075707953,0.08333333333333348,-0.04347783553865994,0.0,0.0,-0.1030315776057101,0.11764705882352958,-0.03703666666666661,-0.09499534474255858,-0.09368915712465249,-0.20637371075707953
0.13333333333333353,-0.037036666666666704,-0.09499534474255858,-0.044681619164869235,-0.021679257979701248,0.11111111111111126,-0.249999531249707,-0.0651183918570116,0.0,-0.2291315764815581,0.08333333333333348,-0.04347783553865994,0.0,0.0,-0.1030315776057101,0.11764705882352958,-0.22222166666666665,-0.09499534474255858,-0.044681619164869235,-0.2291315764815581
0.13333333333333353,-0.037036666666666704,-0.09499534474255858,-0.09368915712465249,-0.030399522709456298,0.11111111111111126,-0.20833325520828444,-0.05601603105243196,0.0,-0.28473271277507467,0.08333333333333348,-0.13043546313814422,0.0,0.0,-0.1224803237421534,0.11764705882352958,-0.18518499999999996,-0.09499534474255858,-0.09368915712465249,-0.28473271277507467
0.13333333333333353,-0.037036666666666704,-0.2352501741365039,-0.1328137293924892,-0.030399522709456298,0.11111111111111126,-0.20833325520828444,-0.18109110376967946,0.0,-0.33054211622097834,0.08333333333333348,-0.13043546313814422,0.0,0.0,-0.1224803237421534,0.11764705882352958,-0.18518499999999996,-0.2352501741365039,-0.1328137293924892,-0.33054211622097834
0.13333333333333353,-0.11111166666666668,-0.2352501741365039,-0.05201284816395297,-0.03988983468265034,0.11111111111111126,-0.20833325520828444,-0.05601603105243196,0.0,-0.20475794342757492,0.08333333333333348,-0.04347783553865994,0.0,0.0,-0.1030315776057101,0.11764705882352958,-0.18518499999999996,-0.17101635063844542,-0.05201284816395297,-0.20475794342757492
0.13333333333333353,-0.11111166666666668,-0.2352501741365039,-0.05201284816395297,-0.03988983468265034,0.11111111111111126,-0.249999531249707,-0.05601603105243196,0.0,-0.2291315764815581,0.08333333333333348,-0.13043546313814422,0.0,0.0,-0.1224803237421534,0.11764705882352958,-0.22222166666666665,-0.17101635063844542,-0.05201284816395297,-0.2291315764815581
0.06666666666666676,-0.037036666666666704,-0.08144672629593204,-0.06380884499202381,-0.02922017107536057,0.11111111111111126,-0.249999531249707,-0.18109110376967946,0.0,-0.2522048253622907,0.08333333333333348,-0.13043546313814422,0.0,0.0,-0.12661377178727337,0.11764705882352958,-0.22222166666666665,-0.08144672629593204,-0.06380884499202381,-0.2522048253622907
0.13333333333333353,-0.11111166666666668,-0.09499534474255858,-0.08865665102300876,-0.0485858186434681,0.11111111111111126,-0.166666979166862,-0.0651183918570116,0.0,-0.24770604461528958,0.08333333333333348,-0.13043546313814422,0.0,0.0,-0.1224803237421534,0.11764705882352958,-0.14814833333333333,-0.09499534474255858,-0.08865665102300876,-0.24770604461528958
0.0,-0.11111166666666668,-0.019824976772284064,-0.07553387453601282,-0.05232158837853022,0.11111111111111126,-0.20833325520828444,-0.05601603105243196,0.0,-0.28473271277507467,0.08333333333333348,-0.13043546313814422,0.0,0.0,-0.1224803237421534,0.11764705882352958,-0.18518499999999996,-0.019824976772284064,-0.07553387453601282,-0.28473271277507467
0.06666666666666676,-0.037036666666666704,-0.08144672629593204,-0.09874634749902035,-0.030399522709456298,0.05555555555555563,-0.166666979166862,-0.003977757250582595,0.0,-0.34766536475890325,0.08333333333333348,-0.13043546313814422,0.0,0.0,-0.09757257113723991,0.05882352941176479,-0.14814833333333333,-0.08144672629593204,-0.09874634749902035,-0.34766536475890325
0.06666666666666676,-0.037036666666666704,-0.08144672629593204,-0.06380884499202381,-0.030298930952430476,0.11111111111111126,-0.29166580729112956,-0.0651183918570116,0.0,-0.26731579224020313,0.08333333333333348,-0.04347783553865994,0.0,0.0,-0.1030315776057101,0.11764705882352958,-0.22222166666666665,-0.08144672629593204,-0.06380884499202381,-0.26731579224020313
0.13333333333333353,-0.11111166666666668,-0.2352501741365039,-0.07064638853662365,-0.0474099356906491,0.11111111111111126,-0.20833325520828444,-0.0651183918570116,0.0,-0.23019656598021307,0.08333333333333348,-0.04347783553865994,0.0,0.0,-0.1030315776057101,0.11764705882352958,-0.18518499999999996,-0.1756909786409314,-0.07064638853662365,-0.23019656598021307
0.13333333333333353,-0.11111166666666668,-0.09499534474255858,-0.06380884499202381,-0.0474099356906491,0.11111111111111126,-0.12499882812426759,-0.0651183918570116,0.0,-0.18789180072355288,0.08333333333333348,-0.13043546313814422,0.0,0.0,-0.12661377178727337,0.11764705882352958,-0.11111000000000001,-0.09499534474255858,-0.06380884499202381,-0.18789180072355288
0.13333333333333353,0.07407333333333331,-0.2352501741365039,-0.10781164665697808,-0.031481751267803004,0.11111111111111126,-0.29166580729112956,-0.18109110376967946,0.0,-0.2990323679104495,0.08333333333333348,-0.13043546313814422,0.0,0.0,-0.1224803237421534,0.11764705882352958,-0.25925833333333337,-0.2352501741365039,-0.10781164665697808,-0.2990323679104495
0.06666666666666676,-0.037036666666666704,-0.08144672629593204,-0.1047631389755409,-0.030399522709456298,0.11111111111111126,-0.04166627604142246,-0.003977757250582595,0.0,-0.32746141698452563,0.08333333333333348,-0.08695567107731988,0.0,0.0,-0.09382404486505433,0.11764705882352958,-0.03703666666666661,-0.08144672629593204,-0.1047631389755409,-0.32746141698452563
0.0,-0.14814833333333335,-0.019824976772284064,-0.041704078767514176,-0.05355643891305402,0.11111111111111126,-0.20833325520828444,-0.05601603105243196,0.0,-0.23019656598021307,0.08333333333333348,-0.04347783553865994,0.0,0.0,-0.1030315776057101,0.11764705882352958,-0.18518499999999996,-0.019824976772284064,-0.041704078767514176,-0.23019656598021307
0.13333333333333353,-0.07407333333333337,-0.2352501741365039,-0.14609078258401137,-0.04966457852053805,0.11111111111111126,-0.29166580729112956,-0.011606266975194922,0.0,-0.3466277998825311,0.08333333333333348,-0.08695567107731988,0.0,0.0,-0.09382404486505433,0.11764705882352958,-0.25925833333333337,-0.14820917663202732,-0.14609078258401137,-0.3466277998825311
0.0,-0.07407333333333337,-0.019824976772284064,-0.07663232467223904,-0.044645396713077594,0.11111111111111126,-0.29166580729112956,-0.0651183918570116,0.0,-0.2990323679104495,0.08333333333333348,-0.13043546313814422,0.0,0.0,-0.1224803237421534,0.11764705882352958,-0.25925833333333337,-0.019824976772284064,-0.07663232467223904,-0.2990323679104495
0.13333333333333353,0.07407333333333331,-0.09499534474255858,-0.04708525022138706,-0.021679257979701248,0.11111111111111126,-0.20833325520828444,-0.0651183918570116,0.0,-0.20475794342757492,0.08333333333333348,-0.13043546313814422,0.0,0.0,-0.1224803237421534,0.11764705882352958,-0.18518499999999996,-0.09499534474255858,-0.04708525022138706,-0.20475794342757492
0.13333333333333353,-0.11111166666666668,-0.2352501741365039,-0.07560484182009483,-0.0474099356906491,0.05555555555555563,-0.12499882812426759,-0.003977757250582595,0.0,-0.24281874838594664,0.08333333333333348,-0.13043546313814422,0.0,0.0,-0.09757257113723991,0.11764705882352958,-0.11111000000000001,-0.1442914627618006,-0.07560484182009483,-0.24281874838594664
0.0,-0.037036666666666704,-0.006373828071256044,-0.01735304372510365,-0.04490901649011076,0.11111111111111126,-0.249999531249707,-0.0651183918570116,0.0,-0.2291315764815581,0.08333333333333348,-0.04347783553865994,0.0,0.0,-0.1030315776057101,0.11764705882352958,-0.22222166666666665,-0.006373828071256044,-0.01735304372510365,-0.2291315764815581
0.06666666666666676,-0.11111166666666668,-0.08144672629593204,-0.054987303027217424,-0.0484852268864423,0.11111111111111126,-0.29166580729112956,-0.0651183918570116,0.0,-0.26731579224020313,0.08333333333333348,-0.04347783553865994,0.0,0.0,-0.1030315776057101,0.11764705882352958,-0.22222166666666665,-0.08144672629593204,-0.054987303027217424,-0.26731579224020313
0.06666666666666676,-0.14814833333333335,-0.08144672629593204,-0.044681619164869235,-0.03988983468265034,0.11111111111111126,-0.166666979166862,-0.05601603105243196,0.0,-0.1447722956465697,0.08333333333333348,-0.13043546313814422,0.0,0.0,-0.1224803237421534,0.11764705882352958,-0.14814833333333333,-0.08144672629593204,-0.044681619164869235,-0.1447722956465697
0.13333333333333353,-0.07407333333333337,-0.2352501741365039,-0.13143758118811574,-0.0485858186434681,0.11111111111111126,-0.20833325520828444,-0.05601603105243196,0.0,-0.33054211622097834,0.08333333333333348,-0.08695567107731988,0.0,0.0,-0.1120938087499602,0.11764705882352958,-0.18518499999999996,-0.17101635063844542,-0.13143758118811574,-0.33054211622097834
0.06666666666666676,-0.07407333333333337,-0.08144672629593204,-0.03490356163200065,-0.04096512587844353,0.11111111111111126,-0.333333958333724,-0.18109110376967946,0.0,-0.22874763176959662,0.08333333333333348,-0.04347783553865994,0.0,0.0,-0.1030315776057101,0.11764705882352958,-0.22222166666666665,-0.08144672629593204,-0.03490356163200065,-0.22874763176959662
0.13333333333333353,0.0,-0.2352501741365039,-0.0719669971273678,-0.02922017107536057,0.11111111111111126,-0.12499882812426759,-0.05601603105243196,0.0,-0.18789180072355288,0.08333333333333348,-0.13043546313814422,0.0,0.0,-0.1224803237421534,0.11764705882352958,-0.11111000000000001,-0.17101635063844542,-0.0719669971273678,-0.18789180072355288
0.13333333333333353,-0.11111166666666668,-0.09499534474255858,-0.08865665102300876,-0.0485858186434681,0.11111111111111126,-0.166666979166862,-0.18109110376967946,0.0,-0.24770604461528958,0.08333333333333348,-0.04347783553865994,0.0,0.0,-0.1030315776057101,0.11764705882352958,-0.14814833333333333,-0.09499534474255858,-0.08865665102300876,-0.24770604461528958
0.13333333333333353,0.037036666666666655,-0.09499534474255858,-0.08865665102300876,-0.030399522709456298,0.11111111111111126,-0.20833325520828444,-0.0651183918570116,0.0,-0.28473271277507467,0.08333333333333348,-0.08695567107731988,0.0,0.0,-0.1120938087499602,0.11764705882352958,-0.18518499999999996,-0.09499534474255858,-0.08865665102300876,-0.28473271277507467
0.13333333333333353,-0.11111166666666668,-0.2352501741365039,-0.0980089048513852,-0.04966457852053805,0.11111111111111126,-0.29166580729112956,-0.0651183918570116,0.0,-0.2990323679104495,0.08333333333333348,-0.08695567107731988,0.0,0.0,-0.1120938087499602,0.11764705882352958,-0.25925833333333337,-0.1756909786409314,-0.0980089048513852,-0.2990323679104495
0.06666666666666676,-0.037036666666666704,-0.08144672629593204,-0.09368915712465249,-0.030399522709456298,0.11111111111111126,-0.04166627604142246,-0.0651183918570116,0.0,-0.20637371075707953,0.08333333333333348,-0.08695567107731988,0.0,0.0,-0.1120938087499602,0.11764705882352958,-0.03703666666666661,-0.08144672629593204,-0.09368915712465249,-0.20637371075707953
0.06666666666666676,-0.11111166666666668,-0.08144672629593204,-0.08865665102300876,-0.0485858186434681,0.11111111111111126,-0.166666979166862,-0.18109110376967946,0.0,-0.24770604461528958,0.08333333333333348,-0.04347783553865994,0.0,0.0,-0.1030315776057101,0.11764705882352958,-0.14814833333333333,-0.08144672629593204,-0.08865665102300876,-0.24770604461528958
0.13333333333333353,-0.14814833333333335,-0.08144672629593204,-0.09368915712465249,-0.0485858186434681,0.11111111111111126,-0.166666979166862,-0.05601603105243196,0.0,-0.24770604461528958,0.08333333333333348,-0.04347783553865994,0.0,0.0,-0.1030315776057101,0.11764705882352958,-0.14814833333333333,-0.08144672629593204,-0.09368915712465249,-0.24770604461528958
0.13333333333333353,-0.037036666666666704,-0.09499534474255858,-0.08865665102300876,-0.030399522709456298,0.11111111111111126,-0.20833325520828444,-0.0651183918570116,0.0,-0.28473271277507467,0.08333333333333348,-0.08695567107731988,0.0,0.0,-0.1120938087499602,0.11764705882352958,-0.18518499999999996,-0.09499534474255858,-0.08865665102300876,-0.28473271277507467
0.13333333333333353,-0.14814833333333335,-0.09499534474255858,-0.08865665102300876,-0.0485858186434681,0.11111111111111126,-0.20833325520828444,-0.0651183918570116,0.0,-0.28473271277507467,0.08333333333333348,-0.13043546313814422,0.0,0.0,-0.1224803237421534,0.11764705882352958,-0.18518499999999996,-0.09499534474255858,-0.08865665102300876,-0.28473271277507467
0.13333333333333353,-0.07407333333333337,-0.09499534474255858,-0.040395812313132315,-0.04096512587844353,0.11111111111111126,-0.333333958333724,-0.18109110376967946,0.0,-0.22874763176959662,0.08333333333333348,-0.08695567107731988,0.0,0.0,-0.1120938087499602,0.11764705882352958,-0.25925833333333337,-0.09499534474255858,-0.040395812313132315,-0.22874763176959662
0.0,-0.14814833333333335,-0.019824976772284064,-0.03664997392723693,-0.05355643891305402,0.11111111111111126,-0.249999531249707,-0.05601603105243196,0.0,-0.2619051428022936,0.08333333333333348,-0.04347783553865994,0.0,0.0,-0.1030315776057101,0.11764705882352958,-0.22222166666666665,-0.019824976772284064,-0.03664997392723693,-0.2619051428022936
0.13333333333333353,0.0,-0.2352501741365039,-0.06645623324169297,-0.02922017107536057,0.11111111111111126,-0.249999531249707,-0.0651183918570116,0.0,-0.25075474845907897,0.08333333333333348,-0.04347783553865994,0.0,0.0,-0.1030315776057101,0.11764705882352958,-0.22222166666666665,-0.1756909786409314,-0.06645623324169297,-0.25075474845907897
0.06666666666666676,-0.037036666666666704,-0.08144672629593204,-0.044681619164869235,-0.021679257979701248,0.11111111111111126,-0.20833325520828444,-0.05601603105243196,0.0,-0.20475794342757492,0.08333333333333348,-0.08695567107731988,0.0,0.0,-0.1120938087499602,0.11764705882352958,-0.18518499999999996,-0.08144672629593204,-0.044681619164869235,-0.20475794342757492
0.13333333333333353,-0.07407333333333337,-0.09499534474255858,-0.044681619164869235,-0.03988983468265034,0.11111111111111126,-0.20833325520828444,-0.05601603105243196,0.0,-0.20475794342757492,0.08333333333333348,-0.08695567107731988,0.0,0.0,-0.1120938087499602,0.11764705882352958,-0.18518499999999996,-0.09499534474255858,-0.044681619164869235,-0.20475794342757492
0.13333333333333353,-0.11111166666666668,-0.09499534474255858,-0.05738167748146357,-0.0484852268864423,0.11111111111111126,-0.29166580729112956,-0.0651183918570116,0.0,-0.26731579224020313,0.08333333333333348,-0.13043546313814422,0.0,0.0,-0.1224803237421534,0.11764705882352958,-0.25925833333333337,-0.09499534474255858,-0.05738167748146357,-0.26731579224020313
0.13333333333333353,-0.037036666666666704,-0.2352501741365039,-0.04847065502803199,-0.03988983468265034,0.11111111111111126,-0.20833325520828444,-0.0651183918570116,0.0,-0.20475794342757492,0.08333333333333348,-0.13043546313814422,0.0,0.0,-0.1224803237421534,0.11764705882352958,-0.18518499999999996,-0.1756909786409314,-0.04847065502803199,-0.20475794342757492
0.13333333333333353,-0.037036666666666704,-0.2352501741365039,-0.05201284816395297,-0.03988983468265034,0.11111111111111126,-0.20833325520828444,-0.011606266975194922,0.0,-0.22280334488976442,0.08333333333333348,-0.04347783553865994,0.0,0.0,-0.091760507281012,0.11764705882352958,-0.18518499999999996,-0.14820917663202732,-0.05201284816395297,-0.22280334488976442
0.0,-0.11111166666666668,-0.006373828071256044,-0.01735304372510365,-0.05355643891305402,0.11111111111111126,-0.249999531249707,-0.05601603105243196,0.0,-0.2291315764815581,0.08333333333333348,-0.08695567107731988,0.0,0.0,-0.1120938087499602,0.11764705882352958,-0.22222166666666665,-0.006373828071256044,-0.01735304372510365,-0.2291315764815581
0.13333333333333353,-0.037036666666666704,-0.09499534474255858,-0.08865665102300876,-0.030399522709456298,0.11111111111111126,-0.20833325520828444,-0.0651183918570116,0.0,-0.28473271277507467,0.08333333333333348,-0.13043546313814422,0.0,0.0,-0.1224803237421534,0.11764705882352958,-0.18518499999999996,-0.09499534474255858,-0.08865665102300876,-0.28473271277507467
0.06666666666666676,-0.037036666666666704,-0.08144672629593204,-0.08865665102300876,-0.030399522709456298,0.11111111111111126,-0.166666979166862,-0.0651183918570116,0.0,-0.24770604461528958,0.08333333333333348,-0.08695567107731988,0.0,0.0,-0.1120938087499602,0.11764705882352958,-0.14814833333333333,-0.08144672629593204,-0.08865665102300876,-0.24770604461528958
0.13333333333333353,-0.11111166666666668,-0.09499534474255858,-0.06537629631000973,-0.0474099356906491,0.11111111111111126,-0.20833325520828444,-0.05601603105243196,0.0,-0.23019656598021307,0.08333333333333348,-0.08695567107731988,0.0,0.0,-0.1120938087499602,0.11764705882352958,-0.18518499999999996,-0.09499534474255858,-0.06537629631000973,-0.23019656598021307
0.13333333333333353,-0.14814833333333335,-0.08144672629593204,-0.09368915712465249,-0.0485858186434681,0.11111111111111126,-0.04166627604142246,-0.0651183918570116,0.0,-0.20637371075707953,0.08333333333333348,-0.08695567107731988,0.0,0.0,-0.1120938087499602,0.11764705882352958,-0.03703666666666661,-0.08144672629593204,-0.09368915712465249,-0.20637371075707953
0.13333333333333353,-0.14814833333333335,-0.08144672629593204,-0.09405633568142471,-0.0485858186434681,0.11111111111111126,-0.04166627604142246,-0.05601603105243196,0.0,-0.20637371075707953,0.08333333333333348,-0.13043546313814422,0.0,0.0,-0.1224803237421534,0.11764705882352958,-0.03703666666666661,-0.08144672629593204,-0.09405633568142471,-0.20637371075707953
0.13333333333333353,-0.07407333333333337,-0.2352501741365039,-0.07064638853662365,-0.0474099356906491,0.11111111111111126,-0.20833325520828444,-0.0651183918570116,0.0,-0.23019656598021307,0.08333333333333348,-0.08695567107731988,0.0,0.0,-0.1120938087499602,0.11764705882352958,-0.18518499999999996,-0.1756909786409314,-0.07064638853662365,-0.23019656598021307
0.06666666666666676,-0.11111166666666668,-0.08144672629593204,-0.08865665102300876,-0.0485858186434681,0.11111111111111126,-0.20833325520828444,-0.05601603105243196,0.0,-0.28473271277507467,0.08333333333333348,-0.13043546313814422,0.0,0.0,-0.1224803237421534,0.11764705882352958,-0.18518499999999996,-0.08144672629593204,-0.08865665102300876,-0.28473271277507467
0.13333333333333353,-0.07407333333333337,-0.2352501741365039,-0.10781164665697808,-0.0485858186434681,0.11111111111111126,-0.166666979166862,-0.05601603105243196,0.0,-0.24770604461528958,0.08333333333333348,-0.13043546313814422,0.0,0.0,-0.1224803237421534,0.11764705882352958,-0.14814833333333333,-0.17101635063844542,-0.10781164665697808,-0.24770604461528958
0.13333333333333353,-0.11111166666666668,-0.2352501741365039,-0.06645623324169297,-0.0474099356906491,0.11111111111111126,-0.249999531249707,-0.18109110376967946,0.0,-0.25075474845907897,0.08333333333333348,-0.13043546313814422,0.0,0.0,-0.12661377178727337,0.11764705882352958,-0.22222166666666665,-0.2352501741365039,-0.06645623324169297,-0.25075474845907897
0.13333333333333353,-0.11111166666666668,-0.09499534474255858,-0.08865665102300876,-0.04966457852053805,0.11111111111111126,-0.29166580729112956,-0.0651183918570116,0.0,-0.2990323679104495,0.08333333333333348,-0.04347783553865994,0.0,0.0,-0.1030315776057101,0.11764705882352958,-0.22222166666666665,-0.09499534474255858,-0.08865665102300876,-0.2990323679104495
0.13333333333333353,-0.11111166666666668,-0.09499534474255858,-0.13096858000635614,-0.0485858186434681,0.11111111111111126,-0.20833325520828444,-0.011606266975194922,0.0,-0.334388419496164,0.08333333333333348,-0.08695567107731988,0.0,0.0,-0.09382404486505433,0.11764705882352958,-0.18518499999999996,-0.09499534474255858,-0.13096858000635614,-0.334388419496164
0.13333333333333353,-0.14814833333333335,-0.09499534474255858,-0.06537629631000973,-0.0474099356906491,0.11111111111111126,-0.20833325520828444,-0.05601603105243196,0.0,-0.23019656598021307,0.08333333333333348,-0.13043546313814422,0.0,0.0,-0.1224803237421534,0.11764705882352958,-0.18518499999999996,-0.09499534474255858,-0.06537629631000973,-0.23019656598021307
0.13333333333333353,-0.037036666666666704,-0.09499534474255858,-0.13096858000635614,-0.030399522709456298,0.11111111111111126,-0.20833325520828444,-0.05601603105243196,0.0,-0.33054211622097834,0.08333333333333348,-0.04347783553865994,0.0,0.0,-0.1030315776057101,0.11764705882352958,-0.18518499999999996,-0.09499534474255858,-0.13096858000635614,-0.33054211622097834
0.06666666666666676,-0.11111166666666668,-0.08144672629593204,-0.09368915712465249,-0.0485858186434681,0.11111111111111126,-0.04166627604142246,-0.0651183918570116,0.0,-0.20637371075707953,0.08333333333333348,-0.08695567107731988,0.0,0.0,-0.1120938087499602,0.11764705882352958,-0.03703666666666661,-0.08144672629593204,-0.09368915712465249,-0.20637371075707953
0.13333333333333353,-0.11111166666666668,-0.09499534474255858,-0.09700610627196513,-0.04966457852053805,0.11111111111111126,-0.29166580729112956,-0.011606266975194922,0.0,-0.3037631152542604,0.08333333333333348,-0.13043546313814422,0.0,0.0,-0.09757257113723991,0.11764705882352958,-0.25925833333333337,-0.09499534474255858,-0.09700610627196513,-0.3037631152542604
0.13333333333333353,-0.037036666666666704,-0.09499534474255858,-0.1328137293924892,-0.030399522709456298,0.11111111111111126,-0.08333255208284503,-0.05745491843922124,0.0,-0.29578940632548917,0.08333333333333348,-0.04347783553865994,0.0,0.0,-0.1030315776057101,0.11764705882352958,-0.07407333333333331,-0.09499534474255858,-0.1328137293924892,-0.29578940632548917
0.13333333333333353,-0.14814833333333335,-0.09499534474255858,-0.04169790769933312,-0.03988983468265034,0.11111111111111126,-0.20833325520828444,-0.0651183918570116,0.0,-0.20475794342757492,0.08333333333333348,-0.08695567107731988,0.0,0.0,-0.1120938087499602,0.11764705882352958,-0.18518499999999996,-0.09499534474255858,-0.04169790769933312,-0.20475794342757492
0.06666666666666676,-0.14814833333333335,-0.08144672629593204,-0.04169790769933312,-0.04096512587844353,0.11111111111111126,-0.333333958333724,-0.05601603105243196,0.0,-0.22874763176959662,0.08333333333333348,-0.08695567107731988,0.0,0.0,-0.1120938087499602,0.11764705882352958,-0.25925833333333337,-0.08144672629593204,-0.04169790769933312,-0.22874763176959662
0.06666666666666676,-0.037036666666666704,-0.08144672629593204,-0.04518147568753418,-0.021679257979701248,0.11111111111111126,-0.166666979166862,-0.05601603105243196,0.0,-0.1447722956465697,0.08333333333333348,-0.08695567107731988,0.0,0.0,-0.1120938087499602,0.11764705882352958,-0.14814833333333333,-0.08144672629593204,-0.04518147568753418,-0.1447722956465697
0.06666666666666676,-0.037036666666666704,-0.08144672629593204,-0.12409092451857955,-0.030399522709456298,0.11111111111111126,-0.20833325520828444,-0.05601603105243196,0.0,-0.33054211622097834,0.08333333333333348,-0.04347783553865994,0.0,0.0,-0.1030315776057101,0.11764705882352958,-0.18518499999999996,-0.08144672629593204,-0.12409092451857955,-0.33054211622097834
0.13333333333333353,-0.037036666666666704,-0.09499534474255858,-0.08865665102300876,-0.031481751267803004,0.11111111111111126,-0.29166580729112956,-0.18109110376967946,0.0,-0.2990323679104495,0.08333333333333348,-0.08695567107731988,0.0,0.0,-0.1120938087499602,0.11764705882352958,-0.25925833333333337,-0.09499534474255858,-0.08865665102300876,-0.2990323679104495
0.0,-0.11111166666666668,-0.006373828071256044,-0.01735304372510365,-0.05355643891305402,0.11111111111111126,-0.249999531249707,-0.18109110376967946,0.0,-0.2291315764815581,0.08333333333333348,-0.13043546313814422,0.0,0.0,-0.12661377178727337,0.11764705882352958,-0.22222166666666665,-0.006373828071256044,-0.01735304372510365,-0.2291315764815581
0.13333333333333353,-0.11111166666666668,-0.2352501741365039,-0.0980089048513852,-0.0485858186434681,0.11111111111111126,-0.166666979166862,-0.0651183918570116,0.0,-0.24770604461528958,0.08333333333333348,-0.08695567107731988,0.0,0.0,-0.1120938087499602,0.11764705882352958,-0.14814833333333333,-0.1756909786409314,-0.0980089048513852,-0.24770604461528958
0.06666666666666676,-0.037036666666666704,-0.08144672629593204,-0.0850064641939196,-0.030399522709456298,0.11111111111111126,-0.20833325520828444,-0.18109110376967946,0.0,-0.28473271277507467,0.08333333333333348,-0.13043546313814422,0.0,0.0,-0.1224803237421534,0.11764705882352958,-0.18518499999999996,-0.08144672629593204,-0.0850064641939196,-0.28473271277507467
0.13333333333333353,-0.14814833333333335,-0.09499534474255858,-0.13004291977919916,-0.0485858186434681,0.11111111111111126,-0.20833325520828444,-0.18109110376967946,0.0,-0.33054211622097834,0.08333333333333348,-0.08695567107731988,0.0,0.0,-0.1120938087499602,0.11764705882352958,-0.18518499999999996,-0.09499534474255858,-0.13004291977919916,-0.33054211622097834
0.13333333333333353,-0.07407333333333337,-0.2352501741365039,-0.10781164665697808,-0.0485858186434681,0.11111111111111126,-0.20833325520828444,-0.0651183918570116,0.0,-0.28473271277507467,0.08333333333333348,-0.04347783553865994,0.0,0.0,-0.1030315776057101,0.11764705882352958,-0.18518499999999996,-0.1756909786409314,-0.10781164665697808,-0.28473271277507467
0.13333333333333353,-0.14814833333333335,-0.08144672629593204,-0.12375768683680304,-0.0485858186434681,0.11111111111111126,-0.20833325520828444,-0.0651183918570116,0.0,-0.33054211622097834,0.08333333333333348,-0.08695567107731988,0.0,0.0,-0.1120938087499602,0.11764705882352958,-0.18518499999999996,-0.08144672629593204,-0.12375768683680304,-0.33054211622097834
0.13333333333333353,-0.037036666666666704,-0.09499534474255858,-0.06503380202596172,-0.02922017107536057,0.11111111111111126,-0.249999531249707,-0.0651183918570116,0.0,-0.2522048253622907,0.08333333333333348,-0.08695567107731988,0.0,0.0,-0.1120938087499602,0.11764705882352958,-0.22222166666666665,-0.09499534474255858,-0.06503380202596172,-0.2522048253622907
0.06666666666666676,-0.037036666666666704,-0.08144672629593204,-0.08865665102300876,-0.030399522709456298,0.11111111111111126,-0.166666979166862,-0.0651183918570116,0.0,-0.24770604461528958,0.08333333333333348,-0.08695567107731988,0.0,0.0,-0.1120938087499602,0.11764705882352958,-0.14814833333333333,-0.08144672629593204,-0.08865665102300876,-0.24770604461528958
0.13333333333333353,-0.037036666666666704,-0.09499534474255858,-0.06380884499202381,-0.030298930952430476,0.11111111111111126,-0.29166580729112956,-0.0651183918570116,0.0,-0.26731579224020313,0.08333333333333348,-0.13043546313814422,0.0,0.0,-0.1224803237421534,0.11764705882352958,-0.25925833333333337,-0.09499534474255858,-0.06380884499202381,-0.26731579224020313
0.13333333333333353,-0.11111166666666668,-0.09499534474255858,-0.14609078258401137,-0.0485858186434681,0.05555555555555563,-0.08333255208284503,0.003994117444903745,0.0,-0.37635723312985786,0.08333333333333348,-0.13043546313814422,0.0,0.0,-0.11604244336105535,0.11764705882352958,-0.07407333333333331,-0.09499534474255858,-0.14609078258401137,-0.37635723312985786
0.13333333333333353,-0.14814833333333335,-0.09499534474255858,-0.044681619164869235,-0.04096512587844353,0.11111111111111126,-0.333333958333724,-0.05601603105243196,0.0,-0.22874763176959662,0.08333333333333348,-0.04347783553865994,0.0,0.0,-0.1030315776057101,0.11764705882352958,-0.22222166666666665,-0.09499534474255858,-0.044681619164869235,-0.22874763176959662
0.06666666666666676,-0.11111166666666668,-0.08144672629593204,-0.09368915712465249,-0.0485858186434681,0.11111111111111126,-0.04166627604142246,-0.0651183918570116,0.0,-0.20637371075707953,0.08333333333333348,-0.04347783553865994,0.0,0.0,-0.1030315776057101,0.11764705882352958,-0.03703666666666661,-0.08144672629593204,-0.09368915712465249,-0.20637371075707953
0.13333333333333353,-0.07407333333333337,-0.09499534474255858,-0.04747402751679305,-0.03988983468265034,0.11111111111111126,-0.20833325520828444,-0.011606266975194922,0.0,-0.22280334488976442,0.08333333333333348,-0.08695567107731988,0.0,0.0,-0.09382404486505433,0.11764705882352958,-0.18518499999999996,-0.09499534474255858,-0.04747402751679305,-0.22280334488976442
0.13333333333333353,-0.11111166666666668,-0.09499534474255858,-0.06380884499202381,-0.0484852268864423,0.11111111111111126,-0.29166580729112956,-0.05601603105243196,0.0,-0.2826941491853744,0.08333333333333348,-0.08695567107731988,0.0,0.0,-0.1120938087499602,0.11764705882352958,-0.25925833333333337,-0.09499534474255858,-0.06380884499202381,-0.2826941491853744
0.13333333333333353,-0.14814833333333335,-0.09499534474255858,-0.13143758118811574,-0.0485858186434681,0.11111111111111126,-0.08333255208284503,-0.05601603105243196,0.0,-0.29578940632548917,0.08333333333333348,-0.13043546313814422,0.0,0.0,-0.1224803237421534,0.11764705882352958,-0.07407333333333331,-0.09499534474255858,-0.13143758118811574,-0.29578940632548917
0.06666666666666676,-0.11111166666666668,-0.08144672629593204,-0.09700610627196513,-0.04966457852053805,0.11111111111111126,-0.29166580729112956,-0.011606266975194922,0.0,-0.3037631152542604,0.08333333333333348,-0.04347783553865994,0.0,0.0,-0.091760507281012,0.11764705882352958,-0.22222166666666665,-0.08144672629593204,-0.09700610627196513,-0.3037631152542604
0.13333333333333353,-0.07407333333333337,-0.09499534474255858,-0.04747402751679305,-0.03988983468265034,0.11111111111111126,-0.20833325520828444,-0.011606266975194922,0.0,-0.22280334488976442,0.08333333333333348,-0.04347783553865994,0.0,0.0,-0.091760507281012,0.11764705882352958,-0.18518499999999996,-0.09499534474255858,-0.04747402751679305,-0.22280334488976442
0.06666666666666676,-0.14814833333333335,-0.08144672629593204,-0.06521584853730253,-0.0474099356906491,0.11111111111111126,-0.20833325520828444,-0.05601603105243196,0.0,-0.23019656598021307,0.08333333333333348,-0.08695567107731988,0.0,0.0,-0.1120938087499602,0.11764705882352958,-0.18518499999999996,-0.08144672629593204,-0.06521584853730253,-0.23019656598021307
0.06666666666666676,-0.037036666666666704,-0.08144672629593204,-0.12409092451857955,-0.031481751267803004,0.11111111111111126,-0.29166580729112956,-0.05601603105243196,0.0,-0.34397789575443993,0.08333333333333348,-0.13043546313814422,0.0,0.0,-0.1224803237421534,0.11764705882352958,-0.25925833333333337,-0.08144672629593204,-0.12409092451857955,-0.34397789575443993
0.06666666666666676,-0.037036666666666704,-0.08144672629593204,-0.04934386117565021,-0.021679257979701248,0.11111111111111126,-0.249999531249707,-0.003977757250582595,0.0,-0.24025454620248962,0.08333333333333348,-0.08695567107731988,0.0,0.0,-0.09382404486505433,0.11764705882352958,-0.22222166666666665,-0.08144672629593204,-0.04934386117565021,-0.24025454620248962
0.13333333333333353,-0.11111166666666668,-0.09499534474255858,-0.06380884499202381,-0.0474099356906491,0.11111111111111126,-0.12499882812426759,-0.0651183918570116,0.0,-0.18789180072355288,0.08333333333333348,-0.04347783553865994,0.0,0.0,-0.1030315776057101,0.11764705882352958,-0.11111000000000001,-0.09499534474255858,-0.06380884499202381,-0.18789180072355288
0.0,-0.11111166666666668,-0.019824976772284064,-0.07663232467223904,-0.05232158837853022,0.11111111111111126,-0.166666979166862,-0.05601603105243196,0.0,-0.24770604461528958,0.08333333333333348,-0.13043546313814422,0.0,0.0,-0.1224803237421534,0.11764705882352958,-0.14814833333333333,-0.019824976772284064,-0.07663232467223904,-0.24770604461528958
0.0,-0.07407333333333337,-0.019824976772284064,-0.07553387453601282,-0.044645396713077594,0.11111111111111126,-0.20833325520828444,-0.05601603105243196,0.0,-0.28148175234194844,0.08333333333333348,-0.04347783553865994,0.0,0.0,-0.1030315776057101,0.11764705882352958,-0.18518499999999996,-0.019824976772284064,-0.07553387453601282,-0.28148175234194844
0.13333333333333353,-0.11111166666666668,-0.2352501741365039,-0.11412156387209842,-0.04966457852053805,0.05555555555555563,-0.29166580729112956,-0.003977757250582595,0.0,-0.4162349193144758,0.08333333333333348,-0.04347783553865994,0.0,0.0,-0.091760507281012,0.11764705882352958,-0.22222166666666665,-0.1442914627618006,-0.11412156387209842,-0.4162349193144758
0.13333333333333353,-0.14814833333333335,-0.08144672629593204,-0.09700610627196513,-0.04966457852053805,0.11111111111111126,-0.29166580729112956,-0.003977757250582595,0.0,-0.4162349193144758,0.08333333333333348,-0.13043546313814422,0.0,0.0,-0.09757257113723991,0.11764705882352958,-0.25925833333333337,-0.08144672629593204,-0.09700610627196513,-0.4162349193144758
0.06666666666666676,0.037036666666666655,-0.08144672629593204,-0.06537629631000973,-0.02922017107536057,0.11111111111111126,-0.20833325520828444,-0.05601603105243196,0.0,-0.23019656598021307,0.08333333333333348,-0.08695567107731988,0.0,0.0,-0.1120938087499602,0.11764705882352958,-0.18518499999999996,-0.08144672629593204,-0.06537629631000973,-0.23019656598021307
0.13333333333333353,-0.11111166666666668,-0.2352501741365039,-0.0980089048513852,-0.04966457852053805,0.11111111111111126,-0.29166580729112956,-0.05601603105243196,0.0,-0.2990323679104495,0.08333333333333348,-0.13043546313814422,0.0,0.0,-0.1224803237421534,0.11764705882352958,-0.25925833333333337,-0.17101635063844542,-0.0980089048513852,-0.2990323679104495
0.13333333333333353,-0.07407333333333337,-0.2352501741365039,-0.11248005973593993,-0.0485858186434681,0.11111111111111126,-0.04166627604142246,-0.05601603105243196,0.0,-0.20637371075707953,0.08333333333333348,-0.04347783553865994,0.0,0.0,-0.1030315776057101,0.11764705882352958,-0.03703666666666661,-0.17101635063844542,-0.11248005973593993,-0.20637371075707953
0.06666666666666676,-0.11111166666666668,-0.08144672629593204,-0.06380884499202381,-0.0474099356906491,0.11111111111111126,-0.20833325520828444,-0.18109110376967946,0.0,-0.23019656598021307,0.08333333333333348,-0.08695567107731988,0.0,0.0,-0.1120938087499602,0.11764705882352958,-0.18518499999999996,-0.08144672629593204,-0.06380884499202381,-0.23019656598021307
0.06666666666666676,-0.14814833333333335,-0.08144672629593204,-0.06564165224179483,-0.0474099356906491,0.11111111111111126,-0.12499882812426759,-0.011606266975194922,0.0,-0.22861050865818178,0.08333333333333348,-0.04347783553865994,0.0,0.0,-0.091760507281012,0.11764705882352958,-0.11111000000000001,-0.08144672629593204,-0.06564165224179483,-0.22861050865818178
0.0,-0.037036666666666704,-0.019824976772284064,-0.041704078767514176,-0.045925340104199165,0.11111111111111126,-0.20833325520828444,-0.18109110376967946,0.0,-0.2237129281954827,0.08333333333333348,-0.13043546313814422,0.0,0.0,-0.1224803237421534,0.11764705882352958,-0.18518499999999996,-0.019824976772284064,-0.041704078767514176,-0.2237129281954827
0.06666666666666676,-0.037036666666666704,-0.08144672629593204,-0.09368915712465249,-0.030399522709456298,0.11111111111111126,-0.20833325520828444,-0.011606266975194922,0.0,-0.2893834716372271,0.08333333333333348,-0.08695567107731988,0.0,0.0,-0.09382404486505433,0.11764705882352958,-0.18518499999999996,-0.08144672629593204,-0.09368915712465249,-0.2893834716372271
0.06666666666666676,-0.14814833333333335,-0.08144672629593204,-0.06380884499202381,-0.0474099356906491,0.11111111111111126,-0.249999531249707,-0.05601603105243196,0.0,-0.26807225473817475,0.08333333333333348,-0.13043546313814422,0.0,0.0,-0.1224803237421534,0.11764705882352958,-0.22222166666666665,-0.08144672629593204,-0.06380884499202381,-0.26807225473817475
0.06666666666666676,0.037036666666666655,-0.08144672629593204,-0.06380884499202381,-0.02922017107536057,0.11111111111111126,-0.12499882812426759,-0.18109110376967946,0.0,-0.18789180072355288,0.08333333333333348,-0.04347783553865994,0.0,0.0,-0.1030315776057101,0.11764705882352958,-0.11111000000000001,-0.08144672629593204,-0.06380884499202381,-0.18789180072355288
0.06666666666666676,-0.037036666666666704,-0.08144672629593204,-0.06521584853730253,-0.02922017107536057,0.11111111111111126,-0.20833325520828444,-0.05601603105243196,0.0,-0.23019656598021307,0.08333333333333348,-0.13043546313814422,0.0,0.0,-0.1224803237421534,0.11764705882352958,-0.18518499999999996,-0.08144672629593204,-0.06521584853730253,-0.23019656598021307
0.13333333333333353,-0.07407333333333337,-0.2352501741365039,-0.11917258317828519,-0.0485858186434681,0.11111111111111126,-0.166666979166862,-0.011606266975194922,0.0,-0.28804766399352766,0.08333333333333348,-0.04347783553865994,0.0,0.0,-0.091760507281012,0.11764705882352958,-0.14814833333333333,-0.14820917663202732,-0.11917258317828519,-0.28804766399352766
0.13333333333333353,0.0,-0.2352501741365039,-0.11917258317828519,-0.030399522709456298,0.11111111111111126,-0.166666979166862,-0.011606266975194922,0.0,-0.28804766399352766,0.08333333333333348,-0.08695567107731988,0.0,0.0,-0.09382404486505433,0.11764705882352958,-0.14814833333333333,-0.14820917663202732,-0.11917258317828519,-0.28804766399352766
0.13333333333333353,-0.07407333333333337,-0.2352501741365039,-0.13143758118811574,-0.0485858186434681,0.11111111111111126,-0.08333255208284503,-0.0651183918570116,0.0,-0.29578940632548917,0.08333333333333348,-0.13043546313814422,0.0,0.0,-0.1224803237421534,0.11764705882352958,-0.07407333333333331,-0.1756909786409314,-0.13143758118811574,-0.29578940632548917
0.13333333333333353,-0.11111166666666668,-0.09499534474255858,-0.09158173734082495,-0.04966457852053805,0.11111111111111126,-0.29166580729112956,-0.05601603105243196,0.0,-0.2990323679104495,0.08333333333333348,-0.08695567107731988,0.0,0.0,-0.1120938087499602,0.11764705882352958,-0.25925833333333337,-0.09499534474255858,-0.09158173734082495,-0.2990323679104495
0.13333333333333353,-0.07407333333333337,-0.2352501741365039,-0.0719669971273678,-0.0474099356906491,0.11111111111111126,-0.12499882812426759,-0.011606266975194922,0.0,-0.22711472405116517,0.08333333333333348,-0.08695567107731988,0.0,0.0,-0.09382404486505433,0.11764705882352958,-0.11111000000000001,-0.14820917663202732,-0.0719669971273678,-0.22711472405116517
0.13333333333333353,-0.037036666666666704,-0.2352501741365039,-0.04847065502803199,-0.03988983468265034,0.11111111111111126,-0.20833325520828444,-0.0651183918570116,0.0,-0.20475794342757492,0.08333333333333348,-0.13043546313814422,0.0,0.0,-0.12661377178727337,0.11764705882352958,-0.18518499999999996,-0.1756909786409314,-0.04847065502803199,-0.20475794342757492
0.0,-0.07407333333333337,-0.006373828071256044,-0.07553387453601282,-0.044645396713077594,0.11111111111111126,-0.20833325520828444,-0.0651183918570116,0.0,-0.28473271277507467,0.08333333333333348,-0.13043546313814422,0.0,0.0,-0.1224803237421534,0.11764705882352958,-0.18518499999999996,-0.006373828071256044,-0.07553387453601282,-0.28473271277507467
0.13333333333333353,-0.11111166666666668,-0.2352501741365039,-0.04934386117565021,-0.04096512587844353,0.11111111111111126,-0.333333958333724,-0.05601603105243196,0.0,-0.22874763176959662,0.08333333333333348,-0.08695567107731988,0.0,0.0,-0.1120938087499602,0.11764705882352958,-0.25925833333333337,-0.17101635063844542,-0.04934386117565021,-0.22874763176959662
0.13333333333333353,0.07407333333333331,-0.09499534474255858,-0.04708525022138706,-0.021679257979701248,0.11111111111111126,-0.20833325520828444,-0.0651183918570116,0.0,-0.20475794342757492,0.08333333333333348,-0.13043546313814422,0.0,0.0,-0.1224803237421534,0.11764705882352958,-0.18518499999999996,-0.09499534474255858,-0.04708525022138706,-0.20475794342757492
0.13333333333333353,-0.037036666666666704,-0.2352501741365039,-0.1328137293924892,-0.031481751267803004,0.11111111111111126,-0.29166580729112956,-0.18109110376967946,0.0,-0.34397789575443993,0.08333333333333348,-0.08695567107731988,0.0,0.0,-0.1120938087499602,0.11764705882352958,-0.25925833333333337,-0.2352501741365039,-0.1328137293924892,-0.34397789575443993
0.13333333333333353,-0.14814833333333335,-0.09499534474255858,-0.1047631389755409,-0.0485858186434681,0.11111111111111126,-0.04166627604142246,-0.011606266975194922,0.0,-0.26694327445419286,0.08333333333333348,-0.04347783553865994,0.0,0.0,-0.091760507281012,0.11764705882352958,-0.03703666666666661,-0.09499534474255858,-0.1047631389755409,-0.26694327445419286
0.13333333333333353,0.0,-0.2352501741365039,-0.07064638853662365,-0.02922017107536057,0.11111111111111126,-0.20833325520828444,-0.0651183918570116,0.0,-0.23019656598021307,0.08333333333333348,-0.13043546313814422,0.0,0.0,-0.1224803237421534,0.11764705882352958,-0.18518499999999996,-0.1756909786409314,-0.07064638853662365,-0.23019656598021307
0.13333333333333353,-0.07407333333333337,-0.2352501741365039,-0.11917258317828519,-0.0485858186434681,0.11111111111111126,-0.166666979166862,-0.011606266975194922,0.0,-0.28804766399352766,0.08333333333333348,-0.13043546313814422,0.0,0.0,-0.09757257113723991,0.11764705882352958,-0.14814833333333333,-0.14820917663202732,-0.11917258317828519,-0.28804766399352766
0.06666666666666676,-0.14814833333333335,-0.08144672629593204,-0.06521584853730253,-0.0474099356906491,0.11111111111111126,-0.20833325520828444,-0.05601603105243196,0.0,-0.23019656598021307,0.08333333333333348,-0.08695567107731988,0.0,0.0,-0.1120938087499602,0.11764705882352958,-0.18518499999999996,-0.08144672629593204,-0.06521584853730253,-0.23019656598021307
0.13333333333333353,-0.037036666666666704,-0.09499534474255858,-0.09368915712465249,-0.030399522709456298,0.11111111111111126,-0.20833325520828444,-0.05601603105243196,0.0,-0.28473271277507467,0.08333333333333348,-0.13043546313814422,0.0,0.0,-0.1224803237421534,0.11764705882352958,-0.18518499999999996,-0.09499534474255858,-0.09368915712465249,-0.28473271277507467
0.06666666666666676,-0.11111166666666668,-0.08144672629593204,-0.08865665102300876,-0.0485858186434681,0.11111111111111126,-0.20833325520828444,-0.05601603105243196,0.0,-0.28473271277507467,0.08333333333333348,-0.13043546313814422,0.0,0.0,-0.1224803237421534,0.11764705882352958,-0.18518499999999996,-0.08144672629593204,-0.08865665102300876,-0.28473271277507467
0.06666666666666676,-0.037036666666666704,-0.08144672629593204,-0.09700610627196513,-0.030399522709456298,0.05555555555555563,-0.20833325520828444,-0.003977757250582595,0.0,-0.37906884265808577,0.08333333333333348,-0.13043546313814422,0.0,0.0,-0.09757257113723991,0.05882352941176479,-0.18518499999999996,-0.08144672629593204,-0.09700610627196513,-0.37906884265808577
0.06666666666666676,-0.037036666666666704,-0.08144672629593204,-0.09700610627196513,-0.030399522709456298,0.11111111111111126,-0.20833325520828444,-0.003977757250582595,0.0,-0.37906884265808577,0.08333333333333348,-0.08695567107731988,0.0,0.0,-0.09382404486505433,0.11764705882352958,-0.18518499999999996,-0.08144672629593204,-0.09700610627196513,-0.37906884265808577
0.06666666666666676,-0.07407333333333337,-0.08144672629593204,-0.047227184789551103,-0.03988983468265034,0.11111111111111126,-0.249999531249707,-0.003977757250582595,0.0,-0.24025454620248962,0.08333333333333348,-0.04347783553865994,0.0,0.0,-0.091760507281012,0.11764705882352958,-0.22222166666666665,-0.08144672629593204,-0.047227184789551103,-0.24025454620248962
0.13333333333333353,-0.11111166666666668,-0.09499534474255858,-0.06521584853730253,-0.0474099356906491,0.11111111111111126,-0.249999531249707,-0.05601603105243196,0.0,-0.26807225473817475,0.08333333333333348,-0.13043546313814422,0.0,0.0,-0.12661377178727337,0.11764705882352958,-0.22222166666666665,-0.09499534474255858,-0.06521584853730253,-0.26807225473817475
0.13333333333333353,-0.14814833333333335,-0.09499534474255858,-0.06521584853730253,-0.0474099356906491,0.11111111111111126,-0.20833325520828444,-0.0651183918570116,0.0,-0.23019656598021307,0.08333333333333348,-0.13043546313814422,0.0,0.0,-0.12661377178727337,0.11764705882352958,-0.18518499999999996,-0.09499534474255858,-0.06521584853730253,-0.23019656598021307
0.06666666666666676,-0.07407333333333337,-0.08144672629593204,-0.047227184789551103,-0.03988983468265034,0.05555555555555563,-0.29166580729112956,-0.003977757250582595,0.0,-0.24025454620248962,0.08333333333333348,-0.04347783553865994,0.0,0.0,-0.091760507281012,0.05882352941176479,-0.22222166666666665,-0.08144672629593204,-0.047227184789551103,-0.24025454620248962
0.06666666666666676,-0.14814833333333335,-0.08144672629593204,-0.06564165224179483,-0.0474099356906491,0.05555555555555563,-0.249999531249707,-0.003977757250582595,0.0,-0.30066984639926125,0.08333333333333348,-0.13043546313814422,0.0,0.0,-0.09757257113723991,0.05882352941176479,-0.22222166666666665,-0.08144672629593204,-0.06564165224179483,-0.30066984639926125
0.13333333333333353,-0.037036666666666704,-0.09499534474255858,-0.1331161117333604,-0.030399522709456298,0.11111111111111126,-0.04166627604142246,-0.0651183918570116,0.0,-0.25705441273599444,0.08333333333333348,-0.08695567107731988,0.0,0.0,-0.1120938087499602,0.11764705882352958,-0.03703666666666661,-0.09499534474255858,-0.1331161117333604,-0.25705441273599444
0.13333333333333353,-0.11111166666666668,-0.09499534474255858,-0.08865665102300876,-0.0485858186434681,0.11111111111111126,-0.166666979166862,-0.18109110376967946,0.0,-0.24770604461528958,0.08333333333333348,-0.13043546313814422,0.0,0.0,-0.1224803237421534,0.11764705882352958,-0.14814833333333333,-0.09499534474255858,-0.08865665102300876,-0.24770604461528958
0.13333333333333353,0.0,-0.2352501741365039,-0.07064638853662365,-0.02922017107536057,0.11111111111111126,-0.20833325520828444,-0.0651183918570116,0.0,-0.23019656598021307,0.08333333333333348,-0.13043546313814422,0.0,0.0,-0.1224803237421534,0.11764705882352958,-0.18518499999999996,-0.1756909786409314,-0.07064638853662365,-0.23019656598021307
0.13333333333333353,-0.14814833333333335,-0.09499534474255858,-0.06537629631000973,-0.0474099356906491,0.11111111111111126,-0.249999531249707,-0.011606266975194922,0.0,-0.26807225473817475,0.08333333333333348,-0.04347783553865994,0.0,0.0,-0.091760507281012,0.11764705882352958,-0.22222166666666665,-0.09499534474255858,-0.06537629631000973,-0.26807225473817475
0.06666666666666676,-0.14814833333333335,-0.08144672629593204,-0.04169790769933312,-0.04096512587844353,0.11111111111111126,-0.333333958333724,-0.05601603105243196,0.0,-0.22874763176959662,0.08333333333333348,-0.08695567107731988,0.0,0.0,-0.1120938087499602,0.11764705882352958,-0.25925833333333337,-0.08144672629593204,-0.04169790769933312,-0.22874763176959662
0.13333333333333353,-0.11111166666666668,-0.2352501741365039,-0.07064638853662365,-0.0474099356906491,0.11111111111111126,-0.20833325520828444,-0.18109110376967946,0.0,-0.23019656598021307,0.08333333333333348,-0.04347783553865994,0.0,0.0,-0.1030315776057101,0.11764705882352958,-0.18518499999999996,-0.2352501741365039,-0.07064638853662365,-0.23019656598021307
0.13333333333333353,-0.11111166666666668,-0.2352501741365039,-0.06645623324169297,-0.0474099356906491,0.11111111111111126,-0.249999531249707,-0.0651183918570116,0.0,-0.25075474845907897,0.08333333333333348,-0.04347783553865994,0.0,0.0,-0.1030315776057101,0.11764705882352958,-0.22222166666666665,-0.1756909786409314,-0.06645623324169297,-0.25075474845907897
0.13333333333333353,-0.14814833333333335,-0.09499534474255858,-0.06521584853730253,-0.0474099356906491,0.11111111111111126,-0.249999531249707,-0.05601603105243196,0.0,-0.26807225473817475,0.08333333333333348,-0.13043546313814422,0.0,0.0,-0.1224803237421534,0.11764705882352958,-0.22222166666666665,-0.09499534474255858,-0.06521584853730253,-0.26807225473817475
0.13333333333333353,-0.037036666666666704,-0.09499534474255858,-0.06503380202596172,-0.02922017107536057,0.11111111111111126,-0.12499882812426759,-0.18109110376967946,0.0,-0.18789180072355288,0.08333333333333348,-0.13043546313814422,0.0,0.0,-0.12661377178727337,0.11764705882352958,-0.11111000000000001,-0.09499534474255858,-0.06503380202596172,-0.18789180072355288
0.06666666666666676,-0.037036666666666704,-0.08144672629593204,-0.04169790769933312,-0.0227580178567712,0.11111111111111126,-0.333333958333724,-0.18109110376967946,0.0,-0.22874763176959662,0.08333333333333348,-0.13043546313814422,0.0,0.0,-0.1224803237421534,0.11764705882352958,-0.29629666666666665,-0.08144672629593204,-0.04169790769933312,-0.22874763176959662
0.13333333333333353,-0.07407333333333337,-0.2352501741365039,-0.11248005973593993,-0.0485858186434681,0.11111111111111126,-0.04166627604142246,-0.05601603105243196,0.0,-0.20637371075707953,0.08333333333333348,-0.08695567107731988,0.0,0.0,-0.1120938087499602,0.11764705882352958,-0.03703666666666661,-0.17101635063844542,-0.11248005973593993,-0.20637371075707953
0.06666666666666676,-0.11111166666666668,-0.08144672629593204,-0.09405633568142471,-0.0485858186434681,0.11111111111111126,-0.04166627604142246,-0.05601603105243196,0.0,-0.20637371075707953,0.08333333333333348,-0.08695567107731988,0.0,0.0,-0.1120938087499602,0.11764705882352958,-0.03703666666666661,-0.08144672629593204,-0.09405633568142471,-0.20637371075707953
0.0,-0.14814833333333335,-0.006373828071256044,-0.03664997392723693,-0.05355643891305402,0.11111111111111126,-0.249999531249707,-0.05601603105243196,0.0,-0.26807225473817475,0.08333333333333348,-0.13043546313814422,0.0,0.0,-0.1224803237421534,0.11764705882352958,-0.22222166666666665,-0.006373828071256044,-0.03664997392723693,-0.26807225473817475
0.13333333333333353,-0.07407333333333337,-0.2352501741365039,-0.11917258317828519,-0.0485858186434681,0.11111111111111126,-0.166666979166862,-0.011606266975194922,0.0,-0.28804766399352766,0.08333333333333348,-0.08695567107731988,0.0,0.0,-0.09382404486505433,0.11764705882352958,-0.14814833333333333,-0.14820917663202732,-0.11917258317828519,-0.28804766399352766
0.06666666666666676,-0.07407333333333337,-0.08144672629593204,-0.044681619164869235,-0.03988983468265034,0.11111111111111126,-0.166666979166862,-0.05601603105243196,0.0,-0.1447722956465697,0.08333333333333348,-0.13043546313814422,0.0,0.0,-0.1224803237421534,0.11764705882352958,-0.14814833333333333,-0.08144672629593204,-0.044681619164869235,-0.1447722956465697
0.13333333333333353,-0.037036666666666704,-0.09499534474255858,-0.08865665102300876,-0.030399522709456298,0.11111111111111126,-0.166666979166862,-0.18109110376967946,0.0,-0.24770604461528958,0.08333333333333348,-0.13043546313814422,0.0,0.0,-0.12661377178727337,0.11764705882352958,-0.14814833333333333,-0.09499534474255858,-0.08865665102300876,-0.24770604461528958
0.06666666666666676,-0.037036666666666704,-0.08144672629593204,-0.04169790769933312,-0.021679257979701248,0.11111111111111126,-0.20833325520828444,-0.18109110376967946,0.0,-0.20475794342757492,0.08333333333333348,-0.08695567107731988,0.0,0.0,-0.1120938087499602,0.11764705882352958,-0.18518499999999996,-0.08144672629593204,-0.04169790769933312,-0.20475794342757492
0.06666666666666676,0.037036666666666655,-0.08144672629593204,-0.06564165224179483,-0.02922017107536057,0.11111111111111126,-0.20833325520828444,-0.011606266975194922,0.0,-0.2522048253622907,0.08333333333333348,-0.13043546313814422,0.0,0.0,-0.09757257113723991,0.11764705882352958,-0.18518499999999996,-0.08144672629593204,-0.06564165224179483,-0.2522048253622907
0.13333333333333353,0.037036666666666655,-0.2352501741365039,-0.05201284816395297,-0.021679257979701248,0.11111111111111126,-0.20833325520828444,-0.003977757250582595,0.0,-0.22280334488976442,0.08333333333333348,-0.13043546313814422,0.0,0.0,-0.11604244336105535,0.11764705882352958,-0.18518499999999996,-0.1442914627618006,-0.05201284816395297,-0.22280334488976442
0.13333333333333353,0.0,-0.2352501741365039,-0.06645623324169297,-0.02922017107536057,0.11111111111111126,-0.249999531249707,-0.0651183918570116,0.0,-0.25075474845907897,0.08333333333333348,-0.08695567107731988,0.0,0.0,-0.1120938087499602,0.11764705882352958,-0.22222166666666665,-0.1756909786409314,-0.06645623324169297,-0.25075474845907897
0.06666666666666676,-0.037036666666666704,-0.08144672629593204,-0.1328137293924892,-0.030399522709456298,0.11111111111111126,-0.04166627604142246,-0.0651183918570116,0.0,-0.25705441273599444,0.08333333333333348,-0.13043546313814422,0.0,0.0,-0.1224803237421534,0.11764705882352958,-0.03703666666666661,-0.08144672629593204,-0.1328137293924892,-0.25705441273599444
0.13333333333333353,-0.037036666666666704,-0.09499534474255858,-0.06537629631000973,-0.02922017107536057,0.11111111111111126,-0.20833325520828444,-0.05601603105243196,0.0,-0.23019656598021307,0.08333333333333348,-0.13043546313814422,0.0,0.0,-0.12661377178727337,0.11764705882352958,-0.18518499999999996,-0.09499534474255858,-0.06537629631000973,-0.23019656598021307
0.0,-0.07407333333333337,-0.006373828071256044,-0.01735304372510365,-0.045925340104199165,0.11111111111111126,-0.249999531249707,-0.05601603105243196,0.0,-0.2291315764815581,0.08333333333333348,-0.08695567107731988,0.0,0.0,-0.1120938087499602,0.11764705882352958,-0.22222166666666665,-0.006373828071256044,-0.01735304372510365,-0.2291315764815581
0.13333333333333353,-0.07407333333333337,-0.09499534474255858,-0.04169790769933312,-0.03988983468265034,0.11111111111111126,-0.20833325520828444,-0.0651183918570116,0.0,-0.20475794342757492,0.08333333333333348,-0.13043546313814422,0.0,0.0,-0.12661377178727337,0.11764705882352958,-0.18518499999999996,-0.09499534474255858,-0.04169790769933312,-0.20475794342757492
0.13333333333333353,-0.11111166666666668,-0.09499534474255858,-0.09158173734082495,-0.04966457852053805,0.11111111111111126,-0.29166580729112956,-0.05601603105243196,0.0,-0.2990323679104495,0.08333333333333348,-0.08695567107731988,0.0,0.0,-0.1120938087499602,0.11764705882352958,-0.25925833333333337,-0.09499534474255858,-0.09158173734082495,-0.2990323679104495
0.13333333333333353,-0.11111166666666668,-0.2352501741365039,-0.0719669971273678,-0.0474099356906491,0.11111111111111126,-0.20833325520828444,-0.05601603105243196,0.0,-0.23019656598021307,0.08333333333333348,-0.08695567107731988,0.0,0.0,-0.1120938087499602,0.11764705882352958,-0.18518499999999996,-0.17101635063844542,-0.0719669971273678,-0.23019656598021307
0.06666666666666676,-0.11111166666666668,-0.08144672629593204,-0.08865665102300876,-0.0485858186434681,0.11111111111111126,-0.20833325520828444,-0.05601603105243196,0.0,-0.28473271277507467,0.08333333333333348,-0.13043546313814422,0.0,0.0,-0.12661377178727337,0.11764705882352958,-0.18518499999999996,-0.08144672629593204,-0.08865665102300876,-0.28473271277507467
0.13333333333333353,-0.037036666666666704,-0.09499534474255858,-0.044681619164869235,-0.0227580178567712,0.11111111111111126,-0.333333958333724,-0.0651183918570116,0.0,-0.22874763176959662,0.08333333333333348,-0.13043546313814422,0.0,0.0,-0.1224803237421534,0.11764705882352958,-0.29629666666666665,-0.09499534474255858,-0.044681619164869235,-0.22874763176959662
0.0,-0.14814833333333335,-0.006373828071256044,-0.045841779982906165,-0.05355643891305402,0.05555555555555563,-0.12499882812426759,-0.003977757250582595,0.0,-0.23924897671878095,0.08333333333333348,-0.13043546313814422,0.0,0.0,-0.09757257113723991,0.05882352941176479,-0.11111000000000001,-0.006373828071256044,-0.045841779982906165,-0.23924897671878095
0.13333333333333353,-0.07407333333333337,-0.2352501741365039,-0.0678169537756137,-0.0474099356906491,0.11111111111111126,-0.249999531249707,-0.0651183918570116,0.0,-0.25075474845907897,0.08333333333333348,-0.04347783553865994,0.0,0.0,-0.1030315776057101,0.11764705882352958,-0.22222166666666665,-0.1756909786409314,-0.0678169537756137,-0.25075474845907897
0.06666666666666676,-0.11111166666666668,-0.08144672629593204,-0.054987303027217424,-0.0474099356906491,0.11111111111111126,-0.249999531249707,-0.0651183918570116,0.0,-0.2522048253622907,0.08333333333333348,-0.08695567107731988,0.0,0.0,-0.1120938087499602,0.11764705882352958,-0.22222166666666665,-0.08144672629593204,-0.054987303027217424,-0.2522048253622907
0.13333333333333353,-0.11111166666666668,-0.09499534474255858,-0.09158173734082495,-0.04966457852053805,0.11111111111111126,-0.29166580729112956,-0.05601603105243196,0.0,-0.2990323679104495,0.08333333333333348,-0.04347783553865994,0.0,0.0,-0.1030315776057101,0.11764705882352958,-0.22222166666666665,-0.09499534474255858,-0.09158173734082495,-0.2990323679104495
0.13333333333333353,-0.037036666666666704,-0.09499534474255858,-0.08865665102300876,-0.030399522709456298,0.11111111111111126,-0.20833325520828444,-0.0651183918570116,0.0,-0.28473271277507467,0.08333333333333348,-0.08695567107731988,0.0,0.0,-0.1120938087499602,0.11764705882352958,-0.18518499999999996,-0.09499534474255858,-0.08865665102300876,-0.28473271277507467
0.06666666666666676,-0.037036666666666704,-0.08144672629593204,-0.045144449278447865,-0.021679257979701248,0.11111111111111126,-0.166666979166862,-0.0651183918570116,0.0,-0.1447722956465697,0.08333333333333348,-0.04347783553865994,0.0,0.0,-0.1030315776057101,0.11764705882352958,-0.14814833333333333,-0.08144672629593204,-0.045144449278447865,-0.1447722956465697
0.06666666666666676,-0.037036666666666704,-0.08144672629593204,-0.047227184789551103,-0.021679257979701248,0.05555555555555563,-0.20833325520828444,-0.011606266975194922,0.0,-0.22280334488976442,0.08333333333333348,-0.08695567107731988,0.0,0.0,-0.09382404486505433,0.05882352941176479,-0.18518499999999996,-0.08144672629593204,-0.047227184789551103,-0.22280334488976442
0.13333333333333353,-0.14814833333333335,-0.09499534474255858,-0.09405633568142471,-0.0485858186434681,0.11111111111111126,-0.04166627604142246,-0.05601603105243196,0.0,-0.20637371075707953,0.08333333333333348,-0.08695567107731988,0.0,0.0,-0.1120938087499602,0.11764705882352958,-0.03703666666666661,-0.09499534474255858,-0.09405633568142471,-0.20637371075707953
0.0,-0.14814833333333335,-0.019824976772284064,-0.01735304372510365,-0.05355643891305402,0.11111111111111126,-0.249999531249707,-0.05601603105243196,0.0,-0.2291315764815581,0.08333333333333348,-0.04347783553865994,0.0,0.0,-0.1030315776057101,0.11764705882352958,-0.22222166666666665,-0.019824976772284064,-0.01735304372510365,-0.2291315764815581
0.06666666666666676,-0.11111166666666668,-0.08144672629593204,-0.054987303027217424,-0.0484852268864423,0.11111111111111126,-0.29166580729112956,-0.18109110376967946,0.0,-0.26731579224020313,0.08333333333333348,-0.08695567107731988,0.0,0.0,-0.1120938087499602,0.11764705882352958,-0.25925833333333337,-0.08144672629593204,-0.054987303027217424,-0.26731579224020313
0.13333333333333353,-0.11111166666666668,-0.09499534474255858,-0.09368915712465249,-0.0485858186434681,0.11111111111111126,-0.20833325520828444,-0.05601603105243196,0.0,-0.28473271277507467,0.08333333333333348,-0.04347783553865994,0.0,0.0,-0.1030315776057101,0.11764705882352958,-0.18518499999999996,-0.09499534474255858,-0.09368915712465249,-0.28473271277507467
0.13333333333333353,-0.07407333333333337,-0.2352501741365039,-0.07064638853662365,-0.0474099356906491,0.11111111111111126,-0.20833325520828444,-0.0651183918570116,0.0,-0.23019656598021307,0.08333333333333348,-0.08695567107731988,0.0,0.0,-0.1120938087499602,0.11764705882352958,-0.18518499999999996,-0.1756909786409314,-0.07064638853662365,-0.23019656598021307
