REL_W,RF_W,INPC_W,PFC_W,WCC_W,REL_D,RF_D,INPC_D,PFC_D,WCC_D,REL_F,RF_F,INPC_F,PFC_F,WCC_F,REL_R,RF_R,INPC_R,PFC_R,WCC_R
0.0,0.2222233333333333,0.2856456115462178,0.011601608180367979,0.01124546469923063,0.0,-0.04166815104259439,0.05263497289736352,0.02733368016788351,-0.004050845249712636,0.08333333333333348,0.08695567107731966,-0.09333757547177528,0.0,0.08908517350157723,0.05882352941176478,0.07407333333333321,0.09274585440424372,0.009645379566976113,0.07986735624355804
0.0,0.2222233333333333,0.27991763131611985,0.012110721305304377,0.01124546469923063,0.0,-0.12500070312543943,0.05263497289736352,0.02479672182894827,-0.013012983273265803,0.08333333333333348,0.08695567107731966,0.04989333122534816,0.0,0.01409552942675969,0.05882352941176478,0.07407333333333321,0.08701787417414576,0.010154492691912513,0.012637037409470165
0.0,0.185185,0.33738541974835007,0.022706445372161706,0.01124546469923063,0.0,-0.12500070312543943,0.05263497289736352,0.02815789935173116,-0.013535193789237232,0.08333333333333348,0.08695567107731966,0.034971792432514956,0.0,0.01409552942675969,0.05882352941176478,0.07407333333333321,0.144485662606376,0.020750216758769844,0.012637037409470165
0.0,-0.07407333333333335,0.32447440054922,0.026804034644376768,-0.01787758330038093,0.0,-0.12500070312543943,0.05263497289736352,0.0233411858234301,-0.013535193789237232,0.08333333333333348,0.08695567107731966,-0.04398794305169017,0.0,0.01409552942675969,0.05882352941176478,0.07407333333333321,0.1315746434072459,0.024847806030984902,0.012637037409470165
0.0,0.11111166666666668,0.2332539667512482,0.01386639020281219,-0.015383601462396104,0.0,-0.2500014062508789,0.05263497289736352,0.02525851839294799,-0.01840534962965334,0.16666666666666696,0.08695567107731966,0.11306654164133909,0.0,0.01409552942675969,0.11764705882352956,0.07407333333333321,0.08836450480854667,0.011910161589420326,0.012637037409470165
0.0,-0.07407333333333335,0.34138370056418843,0.026804034644376768,-0.01787758330038093,0.0,-0.08333442708401691,0.011969635851011707,0.020067691192545818,-0.013535193789237232,0.08333333333333348,0.08695567107731966,0.034971792432514956,0.0,0.01409552942675969,0.05882352941176478,0.07407333333333321,0.14848394342221435,0.024847806030984902,0.012637037409470165
0.0,-0.07407333333333335,0.30186172292772784,0.025360004690011827,-0.01787758330038093,0.0,0.0,0.05263497289736352,0.02479672182894827,-0.004050845249712636,0.08333333333333348,0.08695567107731966,-0.016035994210309643,0.0,0.08908517350157723,0.05882352941176478,0.07407333333333321,0.10896196578575376,0.023403776076619965,0.07986735624355804
0.0,0.14814833333333338,0.2451083888214581,0.019315443406676482,-0.015383601462396104,0.0,0.0,0.011969635851011707,0.022049324549456142,-0.004050845249712636,0.08333333333333348,0.08695567107731966,0.003962516389130481,0.0,0.08908517350157723,0.05882352941176478,0.07407333333333321,0.052208631679484,0.017359214793284616,0.07986735624355804
0.0,0.2222233333333333,0.27613658164542365,0.012110721305304377,0.01132871304987267,0.0,-0.2083332552082845,0.011969635851011707,0.02479672182894827,-0.022925841535961677,0.08333333333333348,0.08695567107731966,0.04989333122534816,0.0,0.01409552942675969,0.05882352941176478,0.07407333333333321,0.08323682450344957,0.010154492691912513,0.012637037409470165
0.0,0.2222233333333333,0.28831310448110126,0.012110721305304377,0.012795965229938876,0.0,0.0,0.011969635851011707,0.022049324549456142,-0.004050845249712636,0.08333333333333348,0.08695567107731966,-0.09333757547177528,0.0,0.08908517350157723,0.05882352941176478,0.07407333333333321,0.0954133473391272,0.010154492691912513,0.07986735624355804
0.0,-0.07407333333333335,0.33062112983952785,0.025360004690011827,-0.01787758330038093,0.0,-0.12500070312543943,0.05263497289736352,0.02815789935173116,-0.013535193789237232,0.08333333333333348,0.08695567107731966,0.034971792432514956,0.0,0.01409552942675969,0.05882352941176478,0.07407333333333321,0.13772137269755377,0.023403776076619965,0.012637037409470165
0.0,0.07407499999999997,0.32005053661106764,0.019315443406676482,-0.015383601462396104,0.0,-0.08333442708401691,0.011969635851011707,0.0233411858234301,-0.017742587924481745,0.08333333333333348,0.08695567107731966,-0.04398794305169017,0.0,0.01409552942675969,0.05882352941176478,0.07407333333333321,0.1271507794690936,0.017359214793284616,0.012637037409470165
0.0,-0.07407333333333335,0.25113574528233695,0.022706445372161706,-0.01787758330038093,0.0,-0.2500014062508789,0.05263497289736352,0.02525851839294799,-0.01840534962965334,0.08333333333333348,0.08695567107731966,0.003962516389130481,0.0,0.09456584775196761,0.05882352941176478,0.07407333333333321,0.05823598814036287,0.020750216758769844,0.08478093440258888
0.0,0.2222233333333333,0.2921722874214281,0.012110721305304377,0.01124546469923063,0.0,-0.04166815104259439,0.05263497289736352,0.02733368016788351,-0.008724457963767506,0.08333333333333348,0.08695567107731966,-0.09333757547177528,0.0,0.08908517350157723,0.05882352941176478,0.07407333333333321,0.09927253027945401,0.010154492691912513,0.07986735624355804
0.0,0.2222233333333333,0.24888943849215425,0.012110721305304377,0.01124546469923063,0.0,0.0,0.011969635851011707,0.022049324549456142,-0.004050845249712636,0.08333333333333348,0.08695567107731966,0.003962516389130481,0.0,0.08908517350157723,0.05882352941176478,0.07407333333333321,0.055989681350180204,0.010154492691912513,0.07986735624355804
0.0,-0.07407333333333335,0.25491679495303315,0.025360004690011827,-0.01787758330038093,0.0,0.0,0.011969635851011707,0.018992114385255256,-0.004050845249712636,0.08333333333333348,0.08695567107731966,0.003962516389130481,0.0,0.08908517350157723,0.05882352941176478,0.07407333333333321,0.06201703781105906,0.023403776076619965,0.07986735624355804
0.0,0.07407499999999997,0.34138370056418843,0.022706445372161706,-0.015383601462396104,0.0,0.0,0.011969635851011707,0.018992114385255256,-0.004050845249712636,0.08333333333333348,0.08695567107731966,0.034971792432514956,0.0,0.01409552942675969,0.05882352941176478,0.07407333333333321,0.14848394342221435,0.020750216758769844,0.012637037409470165
0.0,-0.07407333333333335,0.34138370056418843,0.026804034644376768,-0.01787758330038093,0.0,-0.2083332552082845,0.011969635851011707,0.021821349030519493,-0.022925841535961677,0.08333333333333348,0.08695567107731966,0.034971792432514956,0.0,0.01409552942675969,0.05882352941176478,0.07407333333333321,0.14848394342221435,0.024847806030984902,0.012637037409470165
0.0,0.07407499999999997,0.27991763131611985,0.019315443406676482,-0.015383601462396104,0.0,-0.08333442708401691,0.011969635851011707,0.020067691192545818,-0.013012983273265803,0.08333333333333348,0.08695567107731966,0.04989333122534816,0.0,0.01409552942675969,0.05882352941176478,0.07407333333333321,0.08701787417414576,0.017359214793284616,0.012637037409470165
0.0,0.185185,0.30186172292772784,0.012110721305304377,0.01124546469923063,0.0,0.0,0.011969635851011707,0.022049324549456142,-0.004050845249712636,0.08333333333333348,0.08695567107731966,-0.016035994210309643,0.0,0.08908517350157723,0.05882352941176478,0.07407333333333321,0.10896196578575376,0.010154492691912513,0.07986735624355804
0.0,-0.07407333333333335,0.3808794156328131,0.03738433104078151,-0.01787758330038093,0.0,-0.12500070312543943,0.05263497289736352,0.02479672182894827,-0.013535193789237232,0.08333333333333348,0.08695567107731966,-0.011729083925976994,0.0,0.01409552942675969,0.05882352941176478,0.07407333333333321,0.187979658490839,0.03542810242738965,0.012637037409470165
0.0,0.2222233333333333,0.24888943849215425,0.012110721305304377,0.01124546469923063,0.0,0.0,0.011969635851011707,0.018992114385255256,-0.008724457963767506,0.08333333333333348,0.08695567107731966,0.003962516389130481,0.0,0.08908517350157723,0.05882352941176478,0.07407333333333321,0.055989681350180204,0.010154492691912513,0.07986735624355804
-0.06666666666666676,0.5925933333333334,0.33062112983952785,-0.09554356311305702,0.06350114813350258,-0.05555555555555562,-0.04166815104259439,0.05263497289736352,0.02733368016788351,-0.008724457963767506,0.08333333333333348,0.08695567107731966,0.034971792432514956,0.0,0.01409552942675969,0.05882352941176478,0.14814833333333333,0.13772137269755377,0.00759041386268753,0.012637037409470165
0.0,0.07407499999999997,0.3645191822323792,0.022706445372161706,-0.015383601462396104,-0.05555555555555562,-0.04166815104259439,0.05263497289736352,0.02733368016788351,-0.008724457963767506,0.08333333333333348,0.08695567107731966,0.00533550819252087,0.0,0.01409552942675969,0.05882352941176478,0.07407333333333321,0.17161942509040515,0.020750216758769844,0.012637037409470165
0.0,-0.07407333333333335,0.33062112983952785,0.025360004690011827,-0.01787758330038093,0.0,-0.12500070312543943,0.05263497289736352,0.0233411858234301,-0.013535193789237232,0.08333333333333348,0.08695567107731966,0.034971792432514956,0.0,0.01409552942675969,0.05882352941176478,0.07407333333333321,0.13772137269755377,0.023403776076619965,0.012637037409470165
0.0,0.2222233333333333,0.19352269298040758,0.011601608180367979,0.012795965229938876,0.0,0.0,0.011969635851011707,0.018992114385255256,-0.004050845249712636,0.16666666666666696,0.08695567107731966,0.11362238244121038,0.0,0.01409552942675969,0.11764705882352956,0.07407333333333321,0.08879890915416483,0.009645379566976113,0.012637037409470165
0.0,-0.07407333333333335,0.29971911663901707,0.025360004690011827,-0.01787758330038093,-0.05555555555555562,0.0,0.011969635851011707,0.018992114385255256,-0.008724457963767506,0.08333333333333348,0.08695567107731966,-0.11196407120991994,0.0,0.08908517350157723,0.05882352941176478,0.07407333333333321,0.106819359497043,0.023403776076619965,0.07986735624355804
0.0,0.2222233333333333,0.27613658164542365,0.012110721305304377,0.012795965229938876,0.0,0.0,0.011969635851011707,0.018992114385255256,-0.004050845249712636,0.08333333333333348,0.08695567107731966,0.04989333122534816,0.0,0.01409552942675969,0.05882352941176478,0.07407333333333321,0.08323682450344957,0.010154492691912513,0.012637037409470165
0.0,0.07407499999999997,0.28216393810630247,0.022706445372161706,-0.015383601462396104,0.0,-0.2083332552082845,0.011969635851011707,0.02479672182894827,-0.022925841535961677,0.08333333333333348,0.08695567107731966,0.04989333122534816,0.0,0.01409552942675969,0.05882352941176478,0.07407333333333321,0.08926418096432842,0.020750216758769844,0.012637037409470165
0.0,-0.07407333333333335,0.32005053661106764,0.026804034644376768,-0.01787758330038093,0.0,0.0,0.011969635851011707,0.022049324549456142,-0.004050845249712636,0.08333333333333348,0.08695567107731966,-0.04398794305169017,0.0,0.01409552942675969,0.05882352941176478,0.07407333333333321,0.1271507794690936,0.024847806030984902,0.012637037409470165
0.0,0.14814833333333338,0.2451083888214581,0.019315443406676482,-0.015383601462396104,0.0,0.0,0.05263497289736352,0.02479672182894827,-0.004050845249712636,0.08333333333333348,0.08695567107731966,0.003962516389130481,0.0,0.08908517350157723,0.05882352941176478,0.07407333333333321,0.052208631679484,0.017359214793284616,0.07986735624355804
0.0,0.185185,0.30572090586805456,0.012110721305304377,0.01124546469923063,0.0,0.0,0.011969635851011707,0.022049324549456142,-0.004050845249712636,0.08333333333333348,0.08695567107731966,-0.11196407120991994,0.0,0.08908517350157723,0.05882352941176478,0.07407333333333321,0.11282114872608048,0.010154492691912513,0.07986735624355804
0.0,-0.07407333333333335,0.31601379076238967,0.025360004690011827,-0.01787758330038093,0.0,0.0,0.05263497289736352,0.02479672182894827,-0.004050845249712636,0.08333333333333348,0.08695567107731966,-0.04398794305169017,0.0,0.01409552942675969,0.05882352941176478,0.07407333333333321,0.12311403362041562,0.023403776076619965,0.012637037409470165
0.0,-0.07407333333333335,0.29544538733103615,0.022706445372161706,-0.01787758330038093,0.0,-0.08333442708401691,0.011969635851011707,0.020067691192545818,-0.013012983273265803,0.08333333333333348,0.08695567107731966,-0.016035994210309643,0.0,0.09445623426695976,0.05882352941176478,0.07407333333333321,0.10254563018906204,0.020750216758769844,0.08468266283940823
0.0,0.185185,0.33062112983952785,0.022706445372161706,0.01124546469923063,0.0,0.0,0.011969635851011707,0.022049324549456142,-0.004050845249712636,0.08333333333333348,0.08695567107731966,0.034971792432514956,0.0,0.01409552942675969,0.05882352941176478,0.07407333333333321,0.13772137269755377,0.020750216758769844,0.012637037409470165
0.0,-0.07407333333333335,0.25491679495303315,0.025360004690011827,-0.01787758330038093,0.0,-0.12500070312543943,0.05263497289736352,0.02479672182894827,-0.013012983273265803,0.08333333333333348,0.08695567107731966,0.003962516389130481,0.0,0.09445623426695976,0.05882352941176478,0.07407333333333321,0.06201703781105906,0.023403776076619965,0.08468266283940823
0.0,0.185185,0.29971911663901707,0.012110721305304377,0.01124546469923063,0.0,0.0,0.05263497289736352,0.02479672182894827,-0.004050845249712636,0.08333333333333348,0.08695567107731966,-0.11196407120991994,0.0,0.08908517350157723,0.05882352941176478,0.07407333333333321,0.106819359497043,0.010154492691912513,0.07986735624355804
0.0,0.07407499999999997,0.29621620477467797,0.019315443406676482,-0.015383601462396104,0.0,0.0,0.05263497289736352,0.02479672182894827,-0.004050845249712636,0.08333333333333348,0.08695567107731966,-0.11196407120991994,0.0,0.08908517350157723,0.05882352941176478,0.07407333333333321,0.10331644763270391,0.017359214793284616,0.07986735624355804
0.0,-0.07407333333333335,0.2451083888214581,0.022706445372161706,-0.01787758330038093,0.0,-0.08333442708401691,0.011969635851011707,0.0233411858234301,-0.013535193789237232,0.08333333333333348,0.08695567107731966,0.003962516389130481,0.0,0.09445623426695976,0.05882352941176478,0.07407333333333321,0.052208631679484,0.020750216758769844,0.08468266283940823
0.0,-0.07407333333333335,0.27613658164542365,0.022706445372161706,-0.01787758330038093,-0.05555555555555562,-0.04166815104259439,0.05263497289736352,0.02733368016788351,-0.008724457963767506,0.08333333333333348,0.08695567107731966,0.04989333122534816,0.0,0.01409552942675969,0.05882352941176478,0.07407333333333321,0.08323682450344957,0.020750216758769844,0.012637037409470165
0.0,0.185185,0.29544538733103615,0.012110721305304377,0.012795965229938876,0.0,0.0,0.05263497289736352,0.02479672182894827,-0.004050845249712636,0.08333333333333348,0.08695567107731966,-0.016035994210309643,0.0,0.08908517350157723,0.05882352941176478,0.07407333333333321,0.10254563018906204,0.010154492691912513,0.07986735624355804
0.0,0.07407499999999997,0.1894456585461591,0.01386639020281219,-0.015383601462396104,0.0,-0.2083332552082845,0.011969635851011707,0.02479672182894827,-0.01840534962965334,0.16666666666666696,0.08695567107731966,0.12122900187810579,0.0,0.01409552942675969,0.11764705882352956,0.07407333333333321,0.09474368424015346,0.011910161589420326,0.012637037409470165
0.0,0.07407499999999997,0.30520552214714164,0.022706445372161706,-0.015383601462396104,0.0,-0.04166815104259439,0.05263497289736352,0.02733368016788351,-0.008724457963767506,0.08333333333333348,0.08695567107731966,-0.016035994210309643,0.0,0.08908517350157723,0.05882352941176478,0.07407333333333321,0.11230576500516758,0.020750216758769844,0.07986735624355804
0.0,0.11111166666666668,0.31601379076238967,0.019315443406676482,-0.015383601462396104,0.0,0.0,0.011969635851011707,0.022049324549456142,-0.004050845249712636,0.08333333333333348,0.08695567107731966,-0.04398794305169017,0.0,0.01409552942675969,0.05882352941176478,0.07407333333333321,0.12311403362041562,0.017359214793284616,0.012637037409470165
0.0,0.07407499999999997,0.33738541974835007,0.022706445372161706,-0.015383601462396104,0.0,-0.2500014062508789,0.05263497289736352,0.02815789935173116,-0.013012983273265803,0.08333333333333348,0.08695567107731966,0.034971792432514956,0.0,0.01409552942675969,0.05882352941176478,0.07407333333333321,0.144485662606376,0.020750216758769844,0.012637037409470165
0.0,0.2222233333333333,0.28216393810630247,0.012110721305304377,0.01124546469923063,0.0,-0.08333442708401691,0.011969635851011707,0.020067691192545818,-0.013012983273265803,0.08333333333333348,0.08695567107731966,0.04989333122534816,0.0,0.01409552942675969,0.05882352941176478,0.07407333333333321,0.08926418096432842,0.010154492691912513,0.012637037409470165
0.0,0.2222233333333333,0.32277808407972164,0.012110721305304377,0.012795965229938876,0.0,0.0,0.05263497289736352,0.02479672182894827,-0.004050845249712636,0.08333333333333348,0.08695567107731966,-0.04398794305169017,0.0,0.01409552942675969,0.05882352941176478,0.07407333333333321,0.12987832693774762,0.010154492691912513,0.012637037409470165
0.0,-0.07407333333333335,0.30186172292772784,0.025360004690011827,-0.01787758330038093,0.0,0.0,0.011969635851011707,0.018992114385255256,-0.004050845249712636,0.08333333333333348,0.08695567107731966,-0.016035994210309643,0.0,0.08908517350157723,0.05882352941176478,0.07407333333333321,0.10896196578575376,0.023403776076619965,0.07986735624355804
0.0,0.07407499999999997,0.2925039592823512,0.022706445372161706,-0.015383601462396104,0.0,-0.04166815104259439,0.05263497289736352,0.02733368016788351,-0.008724457963767506,0.08333333333333348,0.08695567107731966,0.04989333122534816,0.0,0.01409552942675969,0.05882352941176478,0.07407333333333321,0.09960420214037713,0.020750216758769844,0.012637037409470165
0.0,0.185185,0.30186172292772784,0.012110721305304377,0.01124546469923063,0.0,-0.12500070312543943,0.05263497289736352,0.02479672182894827,-0.013012983273265803,0.08333333333333348,0.08695567107731966,-0.016035994210309643,0.0,0.09445623426695976,0.05882352941176478,0.07407333333333321,0.10896196578575376,0.010154492691912513,0.08468266283940823
0.0,-0.07407333333333335,0.29544538733103615,0.022706445372161706,-0.01787758330038093,0.0,-0.08333442708401691,0.011969635851011707,0.020067691192545818,-0.013012983273265803,0.08333333333333348,0.08695567107731966,-0.016035994210309643,0.0,0.09445623426695976,0.05882352941176478,0.07407333333333321,0.10254563018906204,0.020750216758769844,0.08468266283940823
0.0,0.2222233333333333,0.24888943849215425,0.012110721305304377,0.01132871304987267,0.0,-0.12500070312543943,0.05263497289736352,0.02479672182894827,-0.017742587924481745,0.08333333333333348,0.08695567107731966,0.003962516389130481,0.0,0.09445623426695976,0.05882352941176478,0.07407333333333321,0.055989681350180204,0.010154492691912513,0.08468266283940823
0.0,0.07407499999999997,0.33575813241886654,0.022706445372161706,-0.015383601462396104,0.0,-0.12500070312543943,0.05263497289736352,0.02479672182894827,-0.013535193789237232,0.08333333333333348,0.08695567107731966,-0.0638666692107867,0.0,0.01409552942675969,0.05882352941176478,0.07407333333333321,0.14285837527689244,0.020750216758769844,0.012637037409470165
0.0,0.2222233333333333,0.25113574528233695,0.012110721305304377,0.012795965229938876,0.0,0.0,0.011969635851011707,0.018992114385255256,-0.004050845249712636,0.08333333333333348,0.08695567107731966,0.003962516389130481,0.0,0.08908517350157723,0.05882352941176478,0.07407333333333321,0.05823598814036287,0.010154492691912513,0.07986735624355804
0.0,0.11111166666666668,0.31601379076238967,0.019315443406676482,-0.015383601462396104,0.0,-0.12500070312543943,0.05263497289736352,0.02479672182894827,-0.017742587924481745,0.08333333333333348,0.08695567107731966,-0.04398794305169017,0.0,0.01409552942675969,0.05882352941176478,0.07407333333333321,0.12311403362041562,0.017359214793284616,0.012637037409470165
0.0,-0.07407333333333335,0.2921722874214281,0.026804034644376768,-0.01787758330038093,0.0,0.0,0.011969635851011707,0.018992114385255256,-0.004050845249712636,0.08333333333333348,0.08695567107731966,-0.09333757547177528,0.0,0.08908517350157723,0.05882352941176478,0.07407333333333321,0.09927253027945401,0.024847806030984902,0.07986735624355804
0.0,0.2222233333333333,0.27991763131611985,0.012110721305304377,0.01124546469923063,0.0,0.0,0.05263497289736352,0.02479672182894827,-0.004050845249712636,0.08333333333333348,0.08695567107731966,0.04989333122534816,0.0,0.01409552942675969,0.05882352941176478,0.07407333333333321,0.08701787417414576,0.010154492691912513,0.012637037409470165
0.0,-0.07407333333333335,0.2856456115462178,0.025360004690011827,-0.01787758330038093,0.0,-0.04166815104259439,0.05263497289736352,0.02733368016788351,-0.004050845249712636,0.08333333333333348,0.08695567107731966,-0.09333757547177528,0.0,0.08908517350157723,0.05882352941176478,0.07407333333333321,0.09274585440424372,0.023403776076619965,0.07986735624355804
0.0,-0.07407333333333335,0.28594498777699867,0.026804034644376768,-0.01787758330038093,0.0,-0.04166815104259439,0.05263497289736352,0.02733368016788351,-0.004050845249712636,0.08333333333333348,0.08695567107731966,0.04989333122534816,0.0,0.01409552942675969,0.05882352941176478,0.07407333333333321,0.09304523063502462,0.024847806030984902,0.012637037409470165
0.0,0.07407499999999997,0.34138370056418843,0.022706445372161706,-0.015383601462396104,0.0,-0.12500070312543943,0.05263497289736352,0.02479672182894827,-0.013012983273265803,0.08333333333333348,0.08695567107731966,0.034971792432514956,0.0,0.01409552942675969,0.05882352941176478,0.07407333333333321,0.14848394342221435,0.020750216758769844,0.012637037409470165
0.0,0.11111166666666668,0.29930457027136287,0.019315443406676482,-0.015383601462396104,0.0,0.0,0.011969635851011707,0.022049324549456142,-0.004050845249712636,0.08333333333333348,0.08695567107731966,-0.016035994210309643,0.0,0.08908517350157723,0.05882352941176478,0.07407333333333321,0.10640481312938876,0.017359214793284616,0.07986735624355804
0.0,0.07407499999999997,0.33738541974835007,0.022706445372161706,-0.015383601462396104,-0.05555555555555562,0.0,0.05263497289736352,0.02479672182894827,-0.008724457963767506,0.08333333333333348,0.08695567107731966,0.034971792432514956,0.0,0.01409552942675969,0.05882352941176478,0.07407333333333321,0.144485662606376,0.020750216758769844,0.012637037409470165
0.0,0.07407499999999997,0.334657872279696,0.022706445372161706,-0.015383601462396104,0.0,-0.12500070312543943,0.09872134163522372,0.02847355776256642,-0.013379787596300416,0.08333333333333348,0.08695567107731966,0.034971792432514956,0.0,0.01409552942675969,0.05882352941176478,0.07407333333333321,0.14175811513772194,0.020750216758769844,0.012637037409470165
0.0,-0.07407333333333335,0.28831310448110126,0.025360004690011827,-0.01787758330038093,0.0,-0.12500070312543943,0.05263497289736352,0.02479672182894827,-0.013535193789237232,0.08333333333333348,0.08695567107731966,-0.09333757547177528,0.0,0.09445623426695976,0.05882352941176478,0.07407333333333321,0.0954133473391272,0.023403776076619965,0.08468266283940823
0.0,0.07407499999999997,0.25491679495303315,0.019315443406676482,-0.015383601462396104,0.0,-0.04166815104259439,0.05263497289736352,0.02733368016788351,-0.010691031919974956,0.08333333333333348,0.08695567107731966,0.003962516389130481,0.0,0.08908517350157723,0.05882352941176478,0.07407333333333321,0.06201703781105906,0.017359214793284616,0.07986735624355804
0.0,0.07407499999999997,0.28216393810630247,0.022706445372161706,-0.015383601462396104,0.0,-0.12500070312543943,0.05263497289736352,0.02479672182894827,-0.013012983273265803,0.08333333333333348,0.08695567107731966,0.04989333122534816,0.0,0.01409552942675969,0.05882352941176478,0.07407333333333321,0.08926418096432842,0.020750216758769844,0.012637037409470165
0.0,-0.07407333333333335,0.334657872279696,0.026804034644376768,-0.01787758330038093,0.0,-0.12500070312543943,0.05263497289736352,0.02815789935173116,-0.013535193789237232,0.08333333333333348,0.08695567107731966,0.034971792432514956,0.0,0.01409552942675969,0.05882352941176478,0.07407333333333321,0.14175811513772194,0.024847806030984902,0.012637037409470165
0.0,0.2222233333333333,0.32277808407972164,0.012110721305304377,0.01124546469923063,0.0,-0.2500014062508789,0.05263497289736352,0.02815789935173116,-0.01840534962965334,0.08333333333333348,0.08695567107731966,-0.04398794305169017,0.0,0.01409552942675969,0.05882352941176478,0.07407333333333321,0.12987832693774762,0.010154492691912513,0.012637037409470165
0.0,0.2222233333333333,0.32005053661106764,0.012110721305304377,0.01124546469923063,0.0,-0.12500070312543943,0.05263497289736352,0.02815789935173116,-0.013535193789237232,0.08333333333333348,0.08695567107731966,-0.04398794305169017,0.0,0.01409552942675969,0.05882352941176478,0.07407333333333321,0.1271507794690936,0.010154492691912513,0.012637037409470165
0.0,0.11111166666666668,0.29930457027136287,0.019315443406676482,-0.015383601462396104,-0.05555555555555562,0.0,0.011969635851011707,0.018992114385255256,-0.008724457963767506,0.08333333333333348,0.08695567107731966,-0.016035994210309643,0.0,0.08908517350157723,0.05882352941176478,0.07407333333333321,0.10640481312938876,0.017359214793284616,0.07986735624355804
0.0,-0.07407333333333335,0.25113574528233695,0.022706445372161706,-0.01787758330038093,0.0,-0.12500070312543943,0.05263497289736352,0.02479672182894827,-0.017742587924481745,0.08333333333333348,0.08695567107731966,0.003962516389130481,0.0,0.09445623426695976,0.05882352941176478,0.07407333333333321,0.05823598814036287,0.020750216758769844,0.08468266283940823
0.0,-0.07407333333333335,0.1894456585461591,0.022706445372161706,-0.01787758330038093,0.0,-0.04166815104259439,0.05263497289736352,0.02733368016788351,-0.004050845249712636,0.16666666666666696,0.08695567107731966,0.12122900187810579,0.022648498029087877,0.01409552942675969,0.11764705882352956,0.07407333333333321,0.09474368424015346,0.020750216758769844,0.012637037409470165
0.0,0.185185,0.30186172292772784,0.012110721305304377,0.01124546469923063,0.0,-0.04166815104259439,0.05263497289736352,0.02733368016788351,-0.004050845249712636,0.08333333333333348,0.08695567107731966,-0.016035994210309643,0.0,0.08908517350157723,0.05882352941176478,0.07407333333333321,0.10896196578575376,0.010154492691912513,0.07986735624355804
-0.06666666666666676,0.5925933333333334,0.33062112983952785,-0.09554356311305702,0.06350114813350258,0.0,0.0,0.011969635851011707,0.018992114385255256,-0.008724457963767506,0.08333333333333348,0.08695567107731966,0.034971792432514956,0.0,0.01409552942675969,0.05882352941176478,0.14814833333333333,0.13772137269755377,0.003187356715510647,0.012637037409470165
0.0,0.11111166666666668,0.25113574528233695,0.019315443406676482,-0.015383601462396104,0.0,-0.2083332552082845,0.011969635851011707,0.02479672182894827,-0.022925841535961677,0.08333333333333348,0.08695567107731966,0.003962516389130481,0.0,0.09456584775196761,0.05882352941176478,0.07407333333333321,0.05823598814036287,0.017359214793284616,0.08478093440258888
0.0,0.14814833333333338,0.2451083888214581,0.019315443406676482,-0.015383601462396104,0.0,-0.04166815104259439,0.05263497289736352,0.02733368016788351,-0.004050845249712636,0.08333333333333348,0.08695567107731966,0.003962516389130481,0.0,0.08908517350157723,0.05882352941176478,0.07407333333333321,0.052208631679484,0.017359214793284616,0.07986735624355804
0.0,0.14814833333333338,0.24888943849215425,0.019315443406676482,-0.015383601462396104,0.0,0.0,0.011969635851011707,0.018992114385255256,-0.008724457963767506,0.08333333333333348,0.08695567107731966,0.003962516389130481,0.0,0.08908517350157723,0.05882352941176478,0.07407333333333321,0.055989681350180204,0.017359214793284616,0.07986735624355804
0.0,0.2222233333333333,0.28594498777699867,0.012110721305304377,0.01124546469923063,0.0,0.0,0.011969635851011707,0.018992114385255256,-0.004050845249712636,0.08333333333333348,0.08695567107731966,0.04989333122534816,0.0,0.01409552942675969,0.05882352941176478,0.07407333333333321,0.09304523063502462,0.010154492691912513,0.012637037409470165
0.0,0.07407499999999997,0.26147576645838566,0.022706445372161706,-0.015383601462396104,0.0,-0.2083332552082845,0.011969635851011707,0.021821349030519493,-0.013012983273265803,0.08333333333333348,0.08695567107731966,0.003962516389130481,0.0,0.09456584775196761,0.05882352941176478,0.07407333333333321,0.06857600931641157,0.020750216758769844,0.08478093440258888
0.0,0.2222233333333333,0.32681482651988986,0.012110721305304377,0.012795965229938876,0.0,0.0,0.05263497289736352,0.02479672182894827,-0.004050845249712636,0.08333333333333348,0.08695567107731966,-0.04398794305169017,0.0,0.01409552942675969,0.05882352941176478,0.07407333333333321,0.13391506937791578,0.010154492691912513,0.012637037409470165
-0.06666666666666676,0.5925933333333334,0.33189894947853965,-0.08704600222775559,0.06192636683385704,0.0,-0.2500014062508789,0.05263497289736352,0.02815789935173116,-0.01840534962965334,0.08333333333333348,0.08695567107731966,-0.0638666692107867,0.0,0.01409552942675969,0.05882352941176478,0.14814833333333333,0.13899919233656563,0.008025474169451336,0.012637037409470165
0.0,-0.07407333333333335,0.27991763131611985,0.025360004690011827,-0.01787758330038093,0.0,0.0,0.011969635851011707,0.022049324549456142,-0.008724457963767506,0.08333333333333348,0.08695567107731966,0.04989333122534816,0.0,0.01409552942675969,0.05882352941176478,0.07407333333333321,0.08701787417414576,0.023403776076619965,0.012637037409470165
0.0,0.11111166666666668,0.29544538733103615,0.019315443406676482,-0.015383601462396104,0.0,0.0,0.05263497289736352,0.02479672182894827,-0.010691031919974956,0.08333333333333348,0.08695567107731966,-0.016035994210309643,0.0,0.08908517350157723,0.05882352941176478,0.07407333333333321,0.10254563018906204,0.017359214793284616,0.07986735624355804
0.0,0.2222233333333333,0.25113574528233695,0.012110721305304377,0.01124546469923063,0.0,-0.12500070312543943,0.05263497289736352,0.02815789935173116,-0.013535193789237232,0.08333333333333348,0.08695567107731966,0.003962516389130481,0.0,0.09445623426695976,0.05882352941176478,0.07407333333333321,0.05823598814036287,0.010154492691912513,0.08468266283940823
0.0,-0.07407333333333335,0.2451083888214581,0.022706445372161706,-0.01787758330038093,-0.05555555555555562,0.0,0.05263497289736352,0.02479672182894827,-0.008724457963767506,0.08333333333333348,0.08695567107731966,0.003962516389130481,0.0,0.08908517350157723,0.05882352941176478,0.07407333333333321,0.052208631679484,0.020750216758769844,0.07986735624355804
0.0,-0.07407333333333335,0.28216393810630247,0.026804034644376768,-0.01787758330038093,0.0,-0.12500070312543943,0.05263497289736352,0.02479672182894827,-0.013379787596300416,0.08333333333333348,0.08695567107731966,0.04989333122534816,0.0,0.01409552942675969,0.05882352941176478,0.07407333333333321,0.08926418096432842,0.024847806030984902,0.012637037409470165
0.0,0.07407499999999997,0.29971911663901707,0.019315443406676482,-0.015383601462396104,0.0,0.0,0.011969635851011707,0.022049324549456142,-0.004050845249712636,0.08333333333333348,0.08695567107731966,-0.11196407120991994,0.0,0.08908517350157723,0.05882352941176478,0.07407333333333321,0.106819359497043,0.017359214793284616,0.07986735624355804
0.0,-0.07407333333333335,0.33575813241886654,0.03738433104078151,-0.01787758330038093,0.0,0.0,0.011969635851011707,0.018992114385255256,-0.008724457963767506,0.08333333333333348,0.08695567107731966,-0.0638666692107867,0.0,0.01409552942675969,0.05882352941176478,0.07407333333333321,0.14285837527689244,0.03542810242738965,0.012637037409470165
0.0,0.11111166666666668,0.29544538733103615,0.019315443406676482,-0.015383601462396104,0.0,0.0,0.05263497289736352,0.02479672182894827,-0.004050845249712636,0.08333333333333348,0.08695567107731966,-0.016035994210309643,0.0,0.08908517350157723,0.05882352941176478,0.07407333333333321,0.10254563018906204,0.017359214793284616,0.07986735624355804
0.0,0.11111166666666668,0.25113574528233695,0.019315443406676482,-0.015383601462396104,0.0,-0.08333442708401691,0.011969635851011707,0.0233411858234301,-0.013535193789237232,0.08333333333333348,0.08695567107731966,0.003962516389130481,0.0,0.09445623426695976,0.05882352941176478,0.07407333333333321,0.05823598814036287,0.017359214793284616,0.08468266283940823
0.0,-0.07407333333333335,0.334657872279696,0.026804034644376768,-0.01787758330038093,0.0,-0.12500070312543943,0.05263497289736352,0.02815789935173116,-0.017742587924481745,0.08333333333333348,0.08695567107731966,0.034971792432514956,0.0,0.01409552942675969,0.05882352941176478,0.07407333333333321,0.14175811513772194,0.024847806030984902,0.012637037409470165
0.0,0.185185,0.3134051014381883,0.01775724869096219,0.01124546469923063,-0.05555555555555562,-0.04166815104259439,0.05263497289736352,0.02733368016788351,-0.008724457963767506,0.08333333333333348,0.08695567107731966,-0.016035994210309643,0.0,0.08908517350157723,0.05882352941176478,0.07407333333333321,0.12050534429621423,0.015801020077570328,0.07986735624355804
0.0,0.2222233333333333,0.28831310448110126,0.012110721305304377,0.01124546469923063,0.0,-0.08333442708401691,0.011969635851011707,0.020067691192545818,-0.013535193789237232,0.08333333333333348,0.08695567107731966,-0.09333757547177528,0.0,0.09445623426695976,0.05882352941176478,0.07407333333333321,0.0954133473391272,0.010154492691912513,0.08468266283940823
0.0,-0.07407333333333335,0.29930457027136287,0.022706445372161706,-0.01787758330038093,0.0,-0.12500070312543943,0.05263497289736352,0.02479672182894827,-0.017742587924481745,0.08333333333333348,0.08695567107731966,-0.016035994210309643,0.0,0.09445623426695976,0.05882352941176478,0.07407333333333321,0.10640481312938876,0.020750216758769844,0.08468266283940823
0.0,-0.07407333333333335,0.33062112983952785,0.025360004690011827,-0.01787758330038093,0.0,-0.2083332552082845,0.011969635851011707,0.02479672182894827,-0.022925841535961677,0.08333333333333348,0.08695567107731966,0.034971792432514956,0.0,0.01409552942675969,0.05882352941176478,0.07407333333333321,0.13772137269755377,0.023403776076619965,0.012637037409470165
0.0,0.185185,0.29544538733103615,0.012110721305304377,0.01132871304987267,0.0,-0.08333442708401691,0.011969635851011707,0.0233411858234301,-0.017742587924481745,0.08333333333333348,0.08695567107731966,-0.016035994210309643,0.0,0.09445623426695976,0.05882352941176478,0.07407333333333321,0.10254563018906204,0.010154492691912513,0.08468266283940823
0.0,0.07407499999999997,0.28594498777699867,0.022706445372161706,-0.015383601462396104,0.0,-0.04166815104259439,0.05263497289736352,0.02733368016788351,-0.004050845249712636,0.08333333333333348,0.08695567107731966,0.04989333122534816,0.0,0.01409552942675969,0.05882352941176478,0.07407333333333321,0.09304523063502462,0.020750216758769844,0.012637037409470165
0.0,-0.07407333333333335,0.29621620477467797,0.025360004690011827,-0.01787758330038093,0.0,-0.08333442708401691,0.011969635851011707,0.0233411858234301,-0.013535193789237232,0.08333333333333348,0.08695567107731966,-0.11196407120991994,0.0,0.09445623426695976,0.05882352941176478,0.07407333333333321,0.10331644763270391,0.023403776076619965,0.08468266283940823
0.0,0.11111166666666668,0.25113574528233695,0.019315443406676482,-0.015383601462396104,0.0,0.0,0.011969635851011707,0.022049324549456142,-0.004050845249712636,0.08333333333333348,0.08695567107731966,0.003962516389130481,0.0,0.08908517350157723,0.05882352941176478,0.07407333333333321,0.05823598814036287,0.017359214793284616,0.07986735624355804
0.0,0.11111166666666668,0.33062112983952785,0.022706445372161706,-0.015383601462396104,-0.05555555555555562,0.0,0.011969635851011707,0.022049324549456142,-0.008724457963767506,0.08333333333333348,0.08695567107731966,0.034971792432514956,0.0,0.01409552942675969,0.05882352941176478,0.07407333333333321,0.13772137269755377,0.020750216758769844,0.012637037409470165
0.0,0.2222233333333333,0.25491679495303315,0.012110721305304377,0.012795965229938876,0.0,0.0,0.011969635851011707,0.018992114385255256,-0.004050845249712636,0.08333333333333348,0.08695567107731966,0.003962516389130481,0.0,0.08908517350157723,0.05882352941176478,0.07407333333333321,0.06201703781105906,0.010154492691912513,0.07986735624355804
0.0,-0.07407333333333335,0.28594498777699867,0.026804034644376768,-0.01787758330038093,0.0,0.0,0.05263497289736352,0.0259307538975046,-0.004050845249712636,0.08333333333333348,0.08695567107731966,0.04989333122534816,0.0,0.01409552942675969,0.05882352941176478,0.07407333333333321,0.09304523063502462,0.024847806030984902,0.012637037409470165
0.0,0.11111166666666668,0.30186172292772784,0.022706445372161706,-0.015383601462396104,0.0,-0.04166815104259439,0.05263497289736352,0.02733368016788351,-0.008724457963767506,0.08333333333333348,0.08695567107731966,-0.016035994210309643,0.0,0.08908517350157723,0.05882352941176478,0.07407333333333321,0.10896196578575376,0.020750216758769844,0.07986735624355804
0.0,0.185185,0.33738541974835007,0.022706445372161706,0.01124546469923063,0.0,0.0,0.011969635851011707,0.022049324549456142,-0.008724457963767506,0.08333333333333348,0.08695567107731966,0.034971792432514956,0.0,0.01409552942675969,0.05882352941176478,0.07407333333333321,0.144485662606376,0.020750216758769844,0.012637037409470165
0.0,0.2222233333333333,0.28160886910604965,0.012110721305304377,0.01124546469923063,0.0,0.0,0.011969635851011707,0.018992114385255256,-0.004050845249712636,0.08333333333333348,0.08695567107731966,-0.09333757547177528,0.0,0.08908517350157723,0.05882352941176478,0.07407333333333321,0.08870911196407555,0.010154492691912513,0.07986735624355804
0.0,0.185185,0.33062112983952785,0.022706445372161706,0.01124546469923063,0.0,-0.08333442708401691,0.011969635851011707,0.0233411858234301,-0.013012983273265803,0.08333333333333348,0.08695567107731966,0.034971792432514956,0.0,0.01409552942675969,0.05882352941176478,0.07407333333333321,0.13772137269755377,0.020750216758769844,0.012637037409470165
0.0,-0.07407333333333335,0.25113574528233695,0.022706445372161706,-0.01787758330038093,0.0,-0.12500070312543943,0.05263497289736352,0.02479672182894827,-0.013535193789237232,0.08333333333333348,0.08695567107731966,0.003962516389130481,0.0,0.09445623426695976,0.05882352941176478,0.07407333333333321,0.05823598814036287,0.020750216758769844,0.08468266283940823
0.0,0.11111166666666668,0.28831310448110126,0.019315443406676482,-0.015383601462396104,0.0,0.0,0.011969635851011707,0.022049324549456142,-0.004050845249712636,0.08333333333333348,0.08695567107731966,-0.09333757547177528,0.0,0.08908517350157723,0.05882352941176478,0.07407333333333321,0.0954133473391272,0.017359214793284616,0.07986735624355804
0.0,-0.07407333333333335,0.2921722874214281,0.026804034644376768,-0.01787758330038093,0.0,-0.12500070312543943,0.05263497289736352,0.02815789935173116,-0.013379787596300416,0.08333333333333348,0.08695567107731966,-0.09333757547177528,0.0,0.09445623426695976,0.05882352941176478,0.07407333333333321,0.09927253027945401,0.024847806030984902,0.08468266283940823
0.0,0.2222233333333333,0.25491679495303315,0.012110721305304377,0.01124546469923063,0.0,-0.08333442708401691,0.011969635851011707,0.0233411858234301,-0.013012983273265803,0.08333333333333348,0.08695567107731966,0.003962516389130481,0.0,0.09445623426695976,0.05882352941176478,0.07407333333333321,0.06201703781105906,0.010154492691912513,0.08468266283940823
0.0,0.2222233333333333,0.2921722874214281,0.012110721305304377,0.01124546469923063,0.0,-0.2500014062508789,0.05263497289736352,0.02525851839294799,-0.01840534962965334,0.08333333333333348,0.08695567107731966,-0.09333757547177528,0.0,0.09456584775196761,0.05882352941176478,0.07407333333333321,0.09927253027945401,0.010154492691912513,0.08478093440258888
0.0,0.11111166666666668,0.30186172292772784,0.022706445372161706,-0.015383601462396104,0.0,0.0,0.011969635851011707,0.022049324549456142,-0.004050845249712636,0.08333333333333348,0.08695567107731966,-0.016035994210309643,0.0,0.08908517350157723,0.05882352941176478,0.07407333333333321,0.10896196578575376,0.020750216758769844,0.07986735624355804
0.0,-0.07407333333333335,0.32005053661106764,0.026804034644376768,-0.01787758330038093,0.0,0.0,0.011969635851011707,0.018992114385255256,-0.008724457963767506,0.08333333333333348,0.08695567107731966,-0.04398794305169017,0.0,0.01409552942675969,0.05882352941176478,0.07407333333333321,0.1271507794690936,0.024847806030984902,0.012637037409470165
0.0,0.185185,0.334657872279696,0.022706445372161706,0.012795965229938876,0.0,0.0,0.011969635851011707,0.022049324549456142,-0.004050845249712636,0.08333333333333348,0.08695567107731966,0.034971792432514956,0.0,0.01409552942675969,0.05882352941176478,0.07407333333333321,0.14175811513772194,0.020750216758769844,0.012637037409470165
0.0,-0.07407333333333335,0.30186172292772784,0.025360004690011827,-0.01787758330038093,0.0,-0.08333442708401691,0.011969635851011707,0.0233411858234301,-0.013535193789237232,0.08333333333333348,0.08695567107731966,-0.016035994210309643,0.0,0.09445623426695976,0.05882352941176478,0.07407333333333321,0.10896196578575376,0.023403776076619965,0.08468266283940823
0.0,-0.07407333333333335,0.30186172292772784,0.022706445372161706,-0.01787758330038093,0.0,-0.08333442708401691,0.011969635851011707,0.020067691192545818,-0.017742587924481745,0.08333333333333348,0.08695567107731966,-0.016035994210309643,0.0,0.09445623426695976,0.05882352941176478,0.07407333333333321,0.10896196578575376,0.020750216758769844,0.08468266283940823
0.0,0.185185,0.34138370056418843,0.022706445372161706,0.012795965229938876,0.0,0.0,0.011969635851011707,0.018992114385255256,-0.004050845249712636,0.08333333333333348,0.08695567107731966,0.034971792432514956,0.0,0.01409552942675969,0.05882352941176478,0.07407333333333321,0.14848394342221435,0.020750216758769844,0.012637037409470165
-0.06666666666666676,0.5925933333333334,0.2451083888214581,-0.10558080550952965,0.06192636683385704,0.0,-0.12500070312543943,0.05263497289736352,0.02479672182894827,-0.013535193789237232,0.08333333333333348,0.08695567107731966,0.003962516389130481,0.0,0.09445623426695976,0.05882352941176478,0.14814833333333333,0.052208631679484,0.006251292067400406,0.08468266283940823
0.0,0.2222233333333333,0.25113574528233695,0.012110721305304377,0.01124546469923063,0.0,0.0,0.011969635851011707,0.018992114385255256,-0.004050845249712636,0.08333333333333348,0.08695567107731966,0.003962516389130481,0.0,0.08908517350157723,0.05882352941176478,0.07407333333333321,0.05823598814036287,0.010154492691912513,0.07986735624355804
0.0,0.2222233333333333,0.2451083888214581,0.012110721305304377,0.01124546469923063,0.0,-0.12500070312543943,0.05263497289736352,0.02815789935173116,-0.013012983273265803,0.08333333333333348,0.08695567107731966,0.003962516389130481,0.0,0.09445623426695976,0.05882352941176478,0.07407333333333321,0.052208631679484,0.010154492691912513,0.08468266283940823
0.0,-0.07407333333333335,0.23966026769515486,0.022706445372161706,-0.01787758330038093,-0.05555555555555562,-0.04166815104259439,0.05263497289736352,0.02733368016788351,-0.010691031919974956,0.16666666666666696,0.08695567107731966,0.11306654164133909,0.0,0.01409552942675969,0.11764705882352956,0.07407333333333321,0.08836450480854667,0.020750216758769844,0.012637037409470165
0.0,0.2222233333333333,0.2921722874214281,0.012110721305304377,0.01124546469923063,0.0,0.0,0.011969635851011707,0.022049324549456142,-0.008724457963767506,0.08333333333333348,0.08695567107731966,-0.09333757547177528,0.0,0.08908517350157723,0.05882352941176478,0.07407333333333321,0.09927253027945401,0.010154492691912513,0.07986735624355804
0.0,0.07407499999999997,0.28594498777699867,0.022706445372161706,-0.015383601462396104,0.0,-0.2083332552082845,0.011969635851011707,0.02479672182894827,-0.013012983273265803,0.08333333333333348,0.08695567107731966,0.04989333122534816,0.0,0.01409552942675969,0.05882352941176478,0.07407333333333321,0.09304523063502462,0.020750216758769844,0.012637037409470165
0.0,0.11111166666666668,0.28831310448110126,0.019315443406676482,-0.015383601462396104,0.0,-0.08333442708401691,0.011969635851011707,0.020067691192545818,-0.013535193789237232,0.08333333333333348,0.08695567107731966,-0.09333757547177528,0.0,0.09445623426695976,0.05882352941176478,0.07407333333333321,0.0954133473391272,0.017359214793284616,0.08468266283940823
0.0,-0.07407333333333335,0.30520552214714164,0.026804034644376768,-0.01787758330038093,0.0,0.0,0.011969635851011707,0.018992114385255256,-0.004050845249712636,0.08333333333333348,0.08695567107731966,-0.016035994210309643,0.0,0.08908517350157723,0.05882352941176478,0.07407333333333321,0.11230576500516758,0.024847806030984902,0.07986735624355804
-0.06666666666666676,0.5925933333333334,0.30520552214714164,-0.0941550727723215,0.061586436068735366,0.0,-0.04166815104259439,0.05263497289736352,0.02733368016788351,-0.004050845249712636,0.08333333333333348,0.08695567107731966,-0.016035994210309643,0.0,0.08908517350157723,0.05882352941176478,0.14814833333333333,0.11230576500516758,0.00759041386268753,0.07986735624355804
0.0,0.185185,0.33575813241886654,0.022706445372161706,0.012795965229938876,0.0,0.0,0.011969635851011707,0.022049324549456142,-0.004050845249712636,0.08333333333333348,0.08695567107731966,-0.0638666692107867,0.0,0.01409552942675969,0.05882352941176478,0.07407333333333321,0.14285837527689244,0.020750216758769844,0.012637037409470165
0.0,-0.07407333333333335,0.27991763131611985,0.025360004690011827,-0.01787758330038093,0.0,-0.12500070312543943,0.05263497289736352,0.02815789935173116,-0.013535193789237232,0.08333333333333348,0.08695567107731966,0.04989333122534816,0.0,0.01409552942675969,0.05882352941176478,0.07407333333333321,0.08701787417414576,0.023403776076619965,0.012637037409470165
0.0,-0.07407333333333335,0.24888943849215425,0.022706445372161706,-0.01787758330038093,0.0,0.0,0.05263497289736352,0.022785860841405024,-0.004050845249712636,0.08333333333333348,0.08695567107731966,0.003962516389130481,0.0,0.08908517350157723,0.05882352941176478,0.07407333333333321,0.055989681350180204,0.020750216758769844,0.07986735624355804
0.0,-0.07407333333333335,0.334657872279696,0.026804034644376768,-0.01787758330038093,0.0,-0.08333442708401691,0.011969635851011707,0.0233411858234301,-0.013379787596300416,0.08333333333333348,0.08695567107731966,0.034971792432514956,0.0,0.01409552942675969,0.05882352941176478,0.07407333333333321,0.14175811513772194,0.024847806030984902,0.012637037409470165
0.0,-0.07407333333333335,0.30520552214714164,0.026804034644376768,-0.01787758330038093,-0.05555555555555562,0.0,0.011969635851011707,0.018992114385255256,-0.008724457963767506,0.08333333333333348,0.08695567107731966,-0.016035994210309643,0.0,0.08908517350157723,0.05882352941176478,0.07407333333333321,0.11230576500516758,0.024847806030984902,0.07986735624355804
0.0,0.11111166666666668,0.29544538733103615,0.019315443406676482,-0.015383601462396104,0.0,-0.2083332552082845,0.011969635851011707,0.021821349030519493,-0.022925841535961677,0.08333333333333348,0.08695567107731966,-0.016035994210309643,0.0,0.09456584775196761,0.05882352941176478,0.07407333333333321,0.10254563018906204,0.017359214793284616,0.08478093440258888
0.0,0.2222233333333333,0.27613658164542365,0.012110721305304377,0.01124546469923063,0.0,-0.2083332552082845,0.011969635851011707,0.021821349030519493,-0.018599607370824334,0.08333333333333348,0.08695567107731966,0.04989333122534816,0.0,0.01409552942675969,0.05882352941176478,0.07407333333333321,0.08323682450344957,0.010154492691912513,0.012637037409470165
-0.06666666666666676,0.5925933333333334,0.27991763131611985,-0.10598809600947871,0.060018592131643345,0.0,-0.08333442708401691,0.011969635851011707,0.020067691192545818,-0.013012983273265803,0.08333333333333348,0.08695567107731966,0.04989333122534816,0.0,0.01409552942675969,0.05882352941176478,0.14814833333333333,0.08701787417414576,0.0037550949881669637,0.012637037409470165
0.0,0.07407499999999997,0.34142216218851823,0.022706445372161706,-0.015383601462396104,0.0,0.0,0.011969635851011707,0.018992114385255256,-0.004050845249712636,0.08333333333333348,0.08695567107731966,-0.0638666692107867,0.0,0.01409552942675969,0.05882352941176478,0.07407333333333321,0.14852240504654415,0.020750216758769844,0.012637037409470165
0.0,0.2222233333333333,0.19352269298040758,0.011601608180367979,0.012795965229938876,0.0,-0.04166815104259439,0.05263497289736352,0.02733368016788351,-0.004050845249712636,0.16666666666666696,0.08695567107731966,0.11362238244121038,0.022648498029087877,0.01409552942675969,0.11764705882352956,0.07407333333333321,0.08879890915416483,0.012339050828003037,0.012637037409470165
0.0,0.2222233333333333,0.2451083888214581,0.012110721305304377,0.01124546469923063,0.0,-0.04166815104259439,0.05263497289736352,0.02733368016788351,-0.008724457963767506,0.08333333333333348,0.08695567107731966,0.003962516389130481,0.0,0.08908517350157723,0.05882352941176478,0.07407333333333321,0.052208631679484,0.010154492691912513,0.07986735624355804
0.0,0.11111166666666668,0.28831310448110126,0.019315443406676482,-0.015383601462396104,0.0,0.0,0.011969635851011707,0.018992114385255256,-0.010691031919974956,0.08333333333333348,0.08695567107731966,-0.09333757547177528,0.0,0.08908517350157723,0.05882352941176478,0.07407333333333321,0.0954133473391272,0.017359214793284616,0.07986735624355804
0.0,0.07407499999999997,0.34138370056418843,0.022706445372161706,-0.015383601462396104,0.0,-0.08333442708401691,0.011969635851011707,0.020067691192545818,-0.013012983273265803,0.08333333333333348,0.08695567107731966,0.034971792432514956,0.0,0.01409552942675969,0.05882352941176478,0.07407333333333321,0.14848394342221435,0.020750216758769844,0.012637037409470165
0.0,0.185185,0.29930457027136287,0.012110721305304377,0.01132871304987267,0.0,-0.12500070312543943,0.05263497289736352,0.02479672182894827,-0.017742587924481745,0.08333333333333348,0.08695567107731966,-0.016035994210309643,0.0,0.09445623426695976,0.05882352941176478,0.07407333333333321,0.10640481312938876,0.010154492691912513,0.08468266283940823
0.0,0.2222233333333333,0.27613658164542365,0.012110721305304377,0.01124546469923063,-0.05555555555555562,0.0,0.05263497289736352,0.02479672182894827,-0.008724457963767506,0.08333333333333348,0.08695567107731966,0.04989333122534816,0.0,0.01409552942675969,0.05882352941176478,0.07407333333333321,0.08323682450344957,0.010154492691912513,0.012637037409470165
0.0,0.07407499999999997,0.33817414209385327,0.022706445372161706,-0.015383601462396104,0.0,-0.12500070312543943,0.05263497289736352,0.02815789935173116,-0.013012983273265803,0.08333333333333348,0.08695567107731966,-0.0638666692107867,0.0,0.01409552942675969,0.05882352941176478,0.07407333333333321,0.14527438495187922,0.020750216758769844,0.012637037409470165
0.0,0.2222233333333333,0.12236625429436015,0.011601608180367979,0.012795965229938876,0.0,0.0,0.05263497289736352,0.02479672182894827,-0.004050845249712636,0.16666666666666696,0.08695567107731966,0.06940218012915038,0.0,0.01409552942675969,0.11764705882352956,0.07407333333333321,0.05423964676658788,0.009645379566976113,0.012637037409470165
0.0,-0.07407333333333335,0.29544538733103615,0.022706445372161706,-0.01787758330038093,-0.05555555555555562,0.0,0.011969635851011707,0.022049324549456142,-0.008724457963767506,0.08333333333333348,0.08695567107731966,-0.016035994210309643,0.0,0.08908517350157723,0.05882352941176478,0.07407333333333321,0.10254563018906204,0.020750216758769844,0.07986735624355804
0.0,0.2222233333333333,0.28594498777699867,0.012110721305304377,0.01124546469923063,0.0,0.0,0.011969635851011707,0.022049324549456142,-0.008724457963767506,0.08333333333333348,0.08695567107731966,0.04989333122534816,0.0,0.01409552942675969,0.05882352941176478,0.07407333333333321,0.09304523063502462,0.010154492691912513,0.012637037409470165
0.0,0.07407499999999997,0.28216393810630247,0.022706445372161706,-0.015383601462396104,0.0,0.0,0.011969635851011707,0.018992114385255256,-0.004050845249712636,0.08333333333333348,0.08695567107731966,0.04989333122534816,0.0,0.01409552942675969,0.05882352941176478,0.07407333333333321,0.08926418096432842,0.020750216758769844,0.012637037409470165
0.0,-0.07407333333333335,0.29544538733103615,0.022706445372161706,-0.01787758330038093,0.0,-0.08333442708401691,0.011969635851011707,0.0233411858234301,-0.013535193789237232,0.08333333333333348,0.08695567107731966,-0.016035994210309643,0.0,0.09445623426695976,0.05882352941176478,0.07407333333333321,0.10254563018906204,0.020750216758769844,0.08468266283940823
0.0,0.185185,0.34138370056418843,0.022706445372161706,0.01124546469923063,0.0,-0.08333442708401691,0.011969635851011707,0.020067691192545818,-0.013535193789237232,0.08333333333333348,0.08695567107731966,0.034971792432514956,0.0,0.01409552942675969,0.05882352941176478,0.07407333333333321,0.14848394342221435,0.020750216758769844,0.012637037409470165
0.0,-0.07407333333333335,0.25491679495303315,0.025360004690011827,-0.01787758330038093,0.0,-0.08333442708401691,0.011969635851011707,0.0233411858234301,-0.017742587924481745,0.08333333333333348,0.08695567107731966,0.003962516389130481,0.0,0.09445623426695976,0.05882352941176478,0.07407333333333321,0.06201703781105906,0.023403776076619965,0.08468266283940823
0.0,0.2222233333333333,0.25491679495303315,0.012110721305304377,0.01124546469923063,0.0,-0.08333442708401691,0.011969635851011707,0.0233411858234301,-0.013012983273265803,0.08333333333333348,0.08695567107731966,0.003962516389130481,0.0,0.09445623426695976,0.05882352941176478,0.07407333333333321,0.06201703781105906,0.010154492691912513,0.08468266283940823
0.0,-0.07407333333333335,0.30520552214714164,0.026804034644376768,-0.01787758330038093,0.0,-0.08333442708401691,0.011969635851011707,0.020067691192545818,-0.013012983273265803,0.08333333333333348,0.08695567107731966,-0.016035994210309643,0.0,0.09445623426695976,0.05882352941176478,0.07407333333333321,0.11230576500516758,0.024847806030984902,0.08468266283940823
0.0,0.07407499999999997,0.29621620477467797,0.019315443406676482,-0.015383601462396104,0.0,-0.12500070312543943,0.05263497289736352,0.02815789935173116,-0.013012983273265803,0.08333333333333348,0.08695567107731966,-0.11196407120991994,0.0,0.09445623426695976,0.05882352941176478,0.07407333333333321,0.10331644763270391,0.017359214793284616,0.08468266283940823
0.0,0.2222233333333333,0.25491679495303315,0.012110721305304377,0.01124546469923063,0.0,0.0,0.011969635851011707,0.022049324549456142,-0.008724457963767506,0.08333333333333348,0.08695567107731966,0.003962516389130481,0.0,0.08908517350157723,0.05882352941176478,0.07407333333333321,0.06201703781105906,0.010154492691912513,0.07986735624355804
0.0,0.11111166666666668,0.28831310448110126,0.019315443406676482,-0.015383601462396104,0.0,-0.08333442708401691,0.011969635851011707,0.020067691192545818,-0.013535193789237232,0.08333333333333348,0.08695567107731966,-0.09333757547177528,0.0,0.09445623426695976,0.05882352941176478,0.07407333333333321,0.0954133473391272,0.017359214793284616,0.08468266283940823
0.0,0.185185,0.33575813241886654,0.022706445372161706,0.01124546469923063,0.0,0.0,0.05263497289736352,0.02479672182894827,-0.004050845249712636,0.08333333333333348,0.08695567107731966,-0.0638666692107867,0.0,0.01409552942675969,0.05882352941176478,0.07407333333333321,0.14285837527689244,0.020750216758769844,0.012637037409470165
0.0,0.2222233333333333,0.32005053661106764,0.012110721305304377,0.012795965229938876,0.0,-0.04166815104259439,0.05263497289736352,0.02733368016788351,-0.004050845249712636,0.08333333333333348,0.08695567107731966,-0.04398794305169017,0.0,0.01409552942675969,0.05882352941176478,0.07407333333333321,0.1271507794690936,0.010154492691912513,0.012637037409470165
0.0,0.185185,0.33738541974835007,0.022706445372161706,0.01124546469923063,-0.05555555555555562,0.0,0.011969635851011707,0.022049324549456142,-0.008724457963767506,0.08333333333333348,0.08695567107731966,0.034971792432514956,0.0,0.01409552942675969,0.05882352941176478,0.07407333333333321,0.144485662606376,0.020750216758769844,0.012637037409470165
0.0,0.07407499999999997,0.28216393810630247,0.022706445372161706,-0.015383601462396104,0.0,0.0,0.011969635851011707,0.018992114385255256,-0.008724457963767506,0.08333333333333348,0.08695567107731966,0.04989333122534816,0.0,0.01409552942675969,0.05882352941176478,0.07407333333333321,0.08926418096432842,0.020750216758769844,0.012637037409470165
0.0,0.11111166666666668,0.2856456115462178,0.019315443406676482,-0.015383601462396104,0.0,-0.04166815104259439,0.05263497289736352,0.02733368016788351,-0.004050845249712636,0.08333333333333348,0.08695567107731966,-0.09333757547177528,0.0,0.08908517350157723,0.05882352941176478,0.07407333333333321,0.09274585440424372,0.017359214793284616,0.07986735624355804
0.0,0.2222233333333333,0.28594498777699867,0.012110721305304377,0.01132871304987267,0.0,-0.12500070312543943,0.05263497289736352,0.02815789935173116,-0.017742587924481745,0.08333333333333348,0.08695567107731966,0.04989333122534816,0.0,0.01409552942675969,0.05882352941176478,0.07407333333333321,0.09304523063502462,0.010154492691912513,0.012637037409470165
0.0,-0.07407333333333335,0.33189894947853965,0.03738433104078151,-0.01787758330038093,0.0,0.0,0.011969635851011707,0.022049324549456142,-0.004050845249712636,0.08333333333333348,0.08695567107731966,-0.0638666692107867,0.0,0.01409552942675969,0.05882352941176478,0.07407333333333321,0.13899919233656563,0.03542810242738965,0.012637037409470165
-0.06666666666666676,0.5925933333333334,0.20938560094472977,-0.0941550727723215,0.04928649226137207,0.0,0.0,0.011969635851011707,0.018992114385255256,-0.004050845249712636,0.16666666666666696,0.08695567107731966,0.06525155441191297,0.0,0.01409552942675969,0.11764705882352956,0.14814833333333333,0.050995822547459144,0.003187356715510647,0.012637037409470165
0.0,0.185185,0.34138370056418843,0.022706445372161706,0.012795965229938876,0.0,-0.04166815104259439,0.05263497289736352,0.02733368016788351,-0.004050845249712636,0.08333333333333348,0.08695567107731966,0.034971792432514956,0.0,0.01409552942675969,0.05882352941176478,0.07407333333333321,0.14848394342221435,0.020750216758769844,0.012637037409470165
0.0,0.07407499999999997,0.32681482651988986,0.022706445372161706,-0.015383601462396104,0.0,-0.2083332552082845,0.011969635851011707,0.021821349030519493,-0.013012983273265803,0.08333333333333348,0.08695567107731966,-0.04398794305169017,0.0,0.01409552942675969,0.05882352941176478,0.07407333333333321,0.13391506937791578,0.020750216758769844,0.012637037409470165
0.0,-0.07407333333333335,0.25113574528233695,0.022706445372161706,-0.01787758330038093,0.0,0.0,0.05263497289736352,0.02479672182894827,-0.004050845249712636,0.08333333333333348,0.08695567107731966,0.003962516389130481,0.0,0.08908517350157723,0.05882352941176478,0.07407333333333321,0.05823598814036287,0.020750216758769844,0.07986735624355804
0.0,0.185185,0.33738541974835007,0.022706445372161706,0.012795965229938876,0.0,0.0,0.011969635851011707,0.018992114385255256,-0.004050845249712636,0.08333333333333348,0.08695567107731966,0.034971792432514956,0.0,0.01409552942675969,0.05882352941176478,0.07407333333333321,0.144485662606376,0.020750216758769844,0.012637037409470165
0.0,0.185185,0.29544538733103615,0.012110721305304377,0.012795965229938876,0.0,0.0,0.011969635851011707,0.022049324549456142,-0.004050845249712636,0.08333333333333348,0.08695567107731966,-0.016035994210309643,0.0,0.08908517350157723,0.05882352941176478,0.07407333333333321,0.10254563018906204,0.010154492691912513,0.07986735624355804
0.0,0.2222233333333333,0.28216393810630247,0.012110721305304377,0.01124546469923063,0.0,-0.04166815104259439,0.05263497289736352,0.02733368016788351,-0.004050845249712636,0.08333333333333348,0.08695567107731966,0.04989333122534816,0.0,0.01409552942675969,0.05882352941176478,0.07407333333333321,0.08926418096432842,0.010154492691912513,0.012637037409470165
0.0,0.07407499999999997,0.28594498777699867,0.022706445372161706,-0.015383601462396104,0.0,-0.2083332552082845,0.011969635851011707,0.021821349030519493,-0.013012983273265803,0.08333333333333348,0.08695567107731966,0.04989333122534816,0.0,0.01409552942675969,0.05882352941176478,0.07407333333333321,0.09304523063502462,0.020750216758769844,0.012637037409470165
0.0,0.07407499999999997,0.27991763131611985,0.019315443406676482,-0.015383601462396104,0.0,-0.08333442708401691,0.011969635851011707,0.0233411858234301,-0.013535193789237232,0.08333333333333348,0.08695567107731966,0.04989333122534816,0.0,0.01409552942675969,0.05882352941176478,0.07407333333333321,0.08701787417414576,0.017359214793284616,0.012637037409470165
0.0,-0.07407333333333335,0.29621620477467797,0.025360004690011827,-0.01787758330038093,0.0,-0.08333442708401691,0.011969635851011707,0.0233411858234301,-0.013012983273265803,0.08333333333333348,0.08695567107731966,-0.11196407120991994,0.0,0.09445623426695976,0.05882352941176478,0.07407333333333321,0.10331644763270391,0.023403776076619965,0.08468266283940823
0.0,0.185185,0.33738541974835007,0.022706445372161706,0.01124546469923063,0.0,0.0,0.011969635851011707,0.022049324549456142,-0.008724457963767506,0.08333333333333348,0.08695567107731966,0.034971792432514956,0.0,0.01409552942675969,0.05882352941176478,0.07407333333333321,0.144485662606376,0.020750216758769844,0.012637037409470165
0.0,-0.07407333333333335,0.30520552214714164,0.026804034644376768,-0.01787758330038093,0.0,-0.2083332552082845,0.011969635851011707,0.021821349030519493,-0.013012983273265803,0.08333333333333348,0.08695567107731966,-0.016035994210309643,0.0,0.09456584775196761,0.05882352941176478,0.07407333333333321,0.11230576500516758,0.024847806030984902,0.08478093440258888
0.0,0.185185,0.31416198148534974,0.01775724869096219,0.012795965229938876,0.0,-0.04166815104259439,0.09872134163522372,0.02733368016788351,-0.004050845249712636,0.08333333333333348,0.08695567107731966,-0.11196407120991994,0.0,0.08908517350157723,0.05882352941176478,0.07407333333333321,0.12126222434337566,0.015801020077570328,0.07986735624355804
0.0,0.2222233333333333,0.31601379076238967,0.012110721305304377,0.01124546469923063,0.0,-0.04166815104259439,0.05263497289736352,0.02733368016788351,-0.008724457963767506,0.08333333333333348,0.08695567107731966,-0.04398794305169017,0.0,0.01409552942675969,0.05882352941176478,0.07407333333333321,0.12311403362041562,0.010154492691912513,0.012637037409470165
0.0,0.2222233333333333,0.25491679495303315,0.012110721305304377,0.01124546469923063,0.0,-0.08333442708401691,0.011969635851011707,0.0233411858234301,-0.013535193789237232,0.08333333333333348,0.08695567107731966,0.003962516389130481,0.0,0.09445623426695976,0.05882352941176478,0.07407333333333321,0.06201703781105906,0.010154492691912513,0.08468266283940823
0.0,0.07407499999999997,0.32005053661106764,0.019315443406676482,-0.015383601462396104,0.0,-0.12500070312543943,0.05263497289736352,0.02479672182894827,-0.017742587924481745,0.08333333333333348,0.08695567107731966,-0.04398794305169017,0.0,0.01409552942675969,0.05882352941176478,0.07407333333333321,0.1271507794690936,0.017359214793284616,0.012637037409470165
0.0,0.07407499999999997,0.28594498777699867,0.022706445372161706,-0.015383601462396104,0.0,0.0,0.011969635851011707,0.022049324549456142,-0.004050845249712636,0.08333333333333348,0.08695567107731966,0.04989333122534816,0.0,0.01409552942675969,0.05882352941176478,0.07407333333333321,0.09304523063502462,0.020750216758769844,0.012637037409470165
0.0,0.185185,0.34138370056418843,0.022706445372161706,0.01124546469923063,0.0,0.0,0.011969635851011707,0.018992114385255256,-0.004050845249712636,0.08333333333333348,0.08695567107731966,0.034971792432514956,0.0,0.01409552942675969,0.05882352941176478,0.07407333333333321,0.14848394342221435,0.020750216758769844,0.012637037409470165
0.0,-0.07407333333333335,0.24888943849215425,0.022706445372161706,-0.01787758330038093,0.0,0.0,0.05263497289736352,0.02479672182894827,-0.008724457963767506,0.08333333333333348,0.08695567107731966,0.003962516389130481,0.0,0.08908517350157723,0.05882352941176478,0.07407333333333321,0.055989681350180204,0.020750216758769844,0.07986735624355804
0.0,0.07407499999999997,0.33738541974835007,0.022706445372161706,-0.015383601462396104,0.0,-0.12500070312543943,0.05263497289736352,0.02479672182894827,-0.013012983273265803,0.08333333333333348,0.08695567107731966,0.034971792432514956,0.0,0.01409552942675969,0.05882352941176478,0.07407333333333321,0.144485662606376,0.020750216758769844,0.012637037409470165
0.0,-0.07407333333333335,0.2451083888214581,0.022706445372161706,-0.01787758330038093,0.0,-0.12500070312543943,0.05263497289736352,0.02479672182894827,-0.013379787596300416,0.08333333333333348,0.08695567107731966,0.003962516389130481,0.0,0.09445623426695976,0.05882352941176478,0.07407333333333321,0.052208631679484,0.020750216758769844,0.08468266283940823
0.0,-0.07407333333333335,0.34138370056418843,0.026804034644376768,-0.01787758330038093,0.0,-0.04166815104259439,0.05263497289736352,0.02733368016788351,-0.004050845249712636,0.08333333333333348,0.08695567107731966,0.034971792432514956,0.0,0.01409552942675969,0.05882352941176478,0.07407333333333321,0.14848394342221435,0.024847806030984902,0.012637037409470165
0.0,0.07407499999999997,0.27991763131611985,0.019315443406676482,-0.015383601462396104,0.0,-0.12500070312543943,0.05263497289736352,0.02479672182894827,-0.017742587924481745,0.08333333333333348,0.08695567107731966,0.04989333122534816,0.0,0.01409552942675969,0.05882352941176478,0.07407333333333321,0.08701787417414576,0.017359214793284616,0.012637037409470165
0.0,0.07407499999999997,0.33738541974835007,0.022706445372161706,-0.015383601462396104,0.0,-0.12500070312543943,0.05263497289736352,0.02815789935173116,-0.013535193789237232,0.08333333333333348,0.08695567107731966,0.034971792432514956,0.0,0.01409552942675969,0.05882352941176478,0.07407333333333321,0.144485662606376,0.020750216758769844,0.012637037409470165
0.0,0.185185,0.30572090586805456,0.012110721305304377,0.01132871304987267,0.0,-0.2500014062508789,0.05263497289736352,0.02525851839294799,-0.022925841535961677,0.08333333333333348,0.08695567107731966,-0.11196407120991994,0.0,0.09456584775196761,0.05882352941176478,0.07407333333333321,0.11282114872608048,0.010154492691912513,0.08478093440258888
0.0,0.2222233333333333,0.2856456115462178,0.012110721305304377,0.01124546469923063,0.0,0.0,0.05263497289736352,0.02479672182894827,-0.008724457963767506,0.08333333333333348,0.08695567107731966,-0.09333757547177528,0.0,0.08908517350157723,0.05882352941176478,0.07407333333333321,0.09274585440424372,0.010154492691912513,0.07986735624355804
0.0,0.185185,0.34142216218851823,0.022706445372161706,0.01132871304987267,0.0,-0.12500070312543943,0.05263497289736352,0.02479672182894827,-0.017742587924481745,0.08333333333333348,0.08695567107731966,-0.0638666692107867,0.0,0.01409552942675969,0.05882352941176478,0.07407333333333321,0.14852240504654415,0.020750216758769844,0.012637037409470165
0.0,-0.07407333333333335,0.334657872279696,0.026804034644376768,-0.01787758330038093,0.0,0.0,0.05263497289736352,0.02479672182894827,-0.010691031919974956,0.08333333333333348,0.08695567107731966,0.034971792432514956,0.0,0.01409552942675969,0.05882352941176478,0.07407333333333321,0.14175811513772194,0.024847806030984902,0.012637037409470165
0.0,0.07407499999999997,0.33189894947853965,0.022706445372161706,-0.015383601462396104,0.0,-0.08333442708401691,0.011969635851011707,0.0233411858234301,-0.013012983273265803,0.08333333333333348,0.08695567107731966,-0.0638666692107867,0.0,0.01409552942675969,0.05882352941176478,0.07407333333333321,0.13899919233656563,0.020750216758769844,0.012637037409470165
0.0,-0.07407333333333335,0.30572090586805456,0.03738433104078151,-0.01787758330038093,0.0,-0.08333442708401691,0.011969635851011707,0.0233411858234301,-0.013012983273265803,0.08333333333333348,0.08695567107731966,-0.11196407120991994,0.0,0.09445623426695976,0.05882352941176478,0.07407333333333321,0.11282114872608048,0.03542810242738965,0.08468266283940823
0.0,0.07407499999999997,0.25491679495303315,0.019315443406676482,-0.015383601462396104,0.0,-0.12500070312543943,0.05263497289736352,0.02479672182894827,-0.013012983273265803,0.08333333333333348,0.08695567107731966,0.003962516389130481,0.0,0.09445623426695976,0.05882352941176478,0.07407333333333321,0.06201703781105906,0.017359214793284616,0.08468266283940823
0.0,0.2222233333333333,0.24888943849215425,0.012110721305304377,0.01124546469923063,0.0,-0.04166815104259439,0.05263497289736352,0.02733368016788351,-0.004050845249712636,0.08333333333333348,0.08695567107731966,0.003962516389130481,0.0,0.08908517350157723,0.05882352941176478,0.07407333333333321,0.055989681350180204,0.010154492691912513,0.07986735624355804
0.0,0.2222233333333333,0.27991763131611985,0.012110721305304377,0.01124546469923063,-0.05555555555555562,0.0,0.011969635851011707,0.022049324549456142,-0.008724457963767506,0.08333333333333348,0.08695567107731966,0.04989333122534816,0.0,0.01409552942675969,0.05882352941176478,0.07407333333333321,0.08701787417414576,0.010154492691912513,0.012637037409470165
0.0,0.11111166666666668,0.29544538733103615,0.019315443406676482,-0.015383601462396104,0.0,0.0,0.011969635851011707,0.022049324549456142,-0.008724457963767506,0.08333333333333348,0.08695567107731966,-0.016035994210309643,0.0,0.08908517350157723,0.05882352941176478,0.07407333333333321,0.10254563018906204,0.017359214793284616,0.07986735624355804
0.0,-0.07407333333333335,0.32277808407972164,0.03738433104078151,-0.01787758330038093,0.0,-0.12500070312543943,0.05263497289736352,0.02815789935173116,-0.017742587924481745,0.08333333333333348,0.08695567107731966,-0.04398794305169017,0.0,0.01409552942675969,0.05882352941176478,0.07407333333333321,0.12987832693774762,0.03542810242738965,0.012637037409470165
0.0,-0.07407333333333335,0.28160886910604965,0.025360004690011827,-0.01787758330038093,0.0,-0.12500070312543943,0.05263497289736352,0.02815789935173116,-0.017742587924481745,0.08333333333333348,0.08695567107731966,-0.09333757547177528,0.0,0.09445623426695976,0.05882352941176478,0.07407333333333321,0.08870911196407555,0.023403776076619965,0.08468266283940823
0.0,0.11111166666666668,0.29930457027136287,0.019315443406676482,-0.015383601462396104,0.0,-0.12500070312543943,0.05263497289736352,0.02479672182894827,-0.017742587924481745,0.08333333333333348,0.08695567107731966,-0.016035994210309643,0.0,0.09445623426695976,0.05882352941176478,0.07407333333333321,0.10640481312938876,0.017359214793284616,0.08468266283940823
0.0,0.2222233333333333,0.12236625429436015,0.011601608180367979,0.01132871304987267,0.0,-0.2500014062508789,0.05263497289736352,0.02525851839294799,-0.022925841535961677,0.16666666666666696,0.08695567107731966,0.06940218012915038,0.0,0.01409552942675969,0.11764705882352956,0.07407333333333321,0.05423964676658788,0.009645379566976113,0.012637037409470165
0.0,-0.07407333333333335,0.28216393810630247,0.026804034644376768,-0.01787758330038093,-0.05555555555555562,-0.04166815104259439,0.05263497289736352,0.02733368016788351,-0.008724457963767506,0.08333333333333348,0.08695567107731966,0.04989333122534816,0.0,0.01409552942675969,0.05882352941176478,0.07407333333333321,0.08926418096432842,0.024847806030984902,0.012637037409470165
0.0,-0.07407333333333335,0.33575813241886654,0.03738433104078151,-0.01787758330038093,0.0,0.0,0.05263497289736352,0.02479672182894827,-0.004050845249712636,0.08333333333333348,0.08695567107731966,-0.0638666692107867,0.0,0.01409552942675969,0.05882352941176478,0.07407333333333321,0.14285837527689244,0.03542810242738965,0.012637037409470165
0.0,0.14814833333333338,0.2451083888214581,0.019315443406676482,-0.015383601462396104,0.0,-0.04166815104259439,0.05263497289736352,0.02733368016788351,-0.004050845249712636,0.08333333333333348,0.08695567107731966,0.003962516389130481,0.0,0.08908517350157723,0.05882352941176478,0.07407333333333321,0.052208631679484,0.017359214793284616,0.07986735624355804
0.0,0.185185,0.29621620477467797,0.012110721305304377,0.01124546469923063,0.0,0.0,0.011969635851011707,0.018992114385255256,-0.008724457963767506,0.08333333333333348,0.08695567107731966,-0.11196407120991994,0.0,0.08908517350157723,0.05882352941176478,0.07407333333333321,0.10331644763270391,0.010154492691912513,0.07986735624355804
0.0,0.07407499999999997,0.32277808407972164,0.022706445372161706,-0.015383601462396104,-0.05555555555555562,0.0,0.05263497289736352,0.02479672182894827,-0.008724457963767506,0.08333333333333348,0.08695567107731966,-0.04398794305169017,0.0,0.01409552942675969,0.05882352941176478,0.07407333333333321,0.12987832693774762,0.020750216758769844,0.012637037409470165
0.0,0.11111166666666668,0.30186172292772784,0.022706445372161706,-0.015383601462396104,0.0,-0.2500014062508789,0.05263497289736352,0.02525851839294799,-0.013012983273265803,0.08333333333333348,0.08695567107731966,-0.016035994210309643,0.0,0.09456584775196761,0.05882352941176478,0.07407333333333321,0.10896196578575376,0.020750216758769844,0.08478093440258888
0.0,-0.07407333333333335,0.27991763131611985,0.025360004690011827,-0.01787758330038093,0.0,0.0,0.011969635851011707,0.022049324549456142,-0.004050845249712636,0.08333333333333348,0.08695567107731966,0.04989333122534816,0.0,0.01409552942675969,0.05882352941176478,0.07407333333333321,0.08701787417414576,0.023403776076619965,0.012637037409470165
0.0,0.07407499999999997,0.32681482651988986,0.022706445372161706,-0.015383601462396104,0.0,-0.04166815104259439,0.05263497289736352,0.02733368016788351,-0.004050845249712636,0.08333333333333348,0.08695567107731966,-0.04398794305169017,0.0,0.01409552942675969,0.05882352941176478,0.07407333333333321,0.13391506937791578,0.020750216758769844,0.012637037409470165
0.0,0.2222233333333333,0.27613658164542365,0.012110721305304377,0.01124546469923063,-0.05555555555555562,0.0,0.05263497289736352,0.02479672182894827,-0.008724457963767506,0.08333333333333348,0.08695567107731966,0.04989333122534816,0.0,0.01409552942675969,0.05882352941176478,0.07407333333333321,0.08323682450344957,0.010154492691912513,0.012637037409470165
0.0,0.07407499999999997,0.28594498777699867,0.022706445372161706,-0.015383601462396104,0.0,-0.04166815104259439,0.05263497289736352,0.02733368016788351,-0.008724457963767506,0.08333333333333348,0.08695567107731966,0.04989333122534816,0.0,0.01409552942675969,0.05882352941176478,0.07407333333333321,0.09304523063502462,0.020750216758769844,0.012637037409470165
0.0,0.185185,0.33189894947853965,0.022706445372161706,0.01124546469923063,0.0,-0.08333442708401691,0.011969635851011707,0.0233411858234301,-0.013012983273265803,0.08333333333333348,0.08695567107731966,-0.0638666692107867,0.0,0.01409552942675969,0.05882352941176478,0.07407333333333321,0.13899919233656563,0.020750216758769844,0.012637037409470165
0.0,0.07407499999999997,0.28594498777699867,0.022706445372161706,-0.015383601462396104,0.0,0.0,0.011969635851011707,0.022049324549456142,-0.004050845249712636,0.08333333333333348,0.08695567107731966,0.04989333122534816,0.0,0.01409552942675969,0.05882352941176478,0.07407333333333321,0.09304523063502462,0.020750216758769844,0.012637037409470165
0.0,0.07407499999999997,0.33817414209385327,0.022706445372161706,-0.015383601462396104,0.0,-0.04166815104259439,0.05263497289736352,0.02733368016788351,-0.004050845249712636,0.08333333333333348,0.08695567107731966,-0.0638666692107867,0.0,0.01409552942675969,0.05882352941176478,0.07407333333333321,0.14527438495187922,0.020750216758769844,0.012637037409470165
0.0,0.07407499999999997,0.30520552214714164,0.022706445372161706,-0.015383601462396104,0.0,0.0,0.011969635851011707,0.022049324549456142,-0.004050845249712636,0.08333333333333348,0.08695567107731966,-0.016035994210309643,0.0,0.08908517350157723,0.05882352941176478,0.07407333333333321,0.11230576500516758,0.020750216758769844,0.07986735624355804
0.0,-0.07407333333333335,0.30572090586805456,0.03738433104078151,-0.01787758330038093,0.0,-0.2500014062508789,0.05263497289736352,0.02815789935173116,-0.013012983273265803,0.08333333333333348,0.08695567107731966,-0.11196407120991994,0.0,0.09456584775196761,0.05882352941176478,0.07407333333333321,0.11282114872608048,0.03542810242738965,0.08478093440258888
0.0,0.2222233333333333,0.27991763131611985,0.012110721305304377,0.01124546469923063,-0.05555555555555562,0.0,0.05263497289736352,0.02479672182894827,-0.008724457963767506,0.08333333333333348,0.08695567107731966,0.04989333122534816,0.0,0.01409552942675969,0.05882352941176478,0.07407333333333321,0.08701787417414576,0.010154492691912513,0.012637037409470165
0.0,0.11111166666666668,0.29930457027136287,0.019315443406676482,-0.015383601462396104,0.0,0.0,0.011969635851011707,0.022049324549456142,-0.004050845249712636,0.08333333333333348,0.08695567107731966,-0.016035994210309643,0.0,0.08908517350157723,0.05882352941176478,0.07407333333333321,0.10640481312938876,0.017359214793284616,0.07986735624355804
-0.06666666666666676,0.5925933333333334,0.2332539667512482,-0.0941550727723215,0.06192636683385704,0.0,-0.2500014062508789,0.09872134163522372,0.03303891366742466,-0.01840534962965334,0.16666666666666696,0.08695567107731966,0.11306654164133909,0.0,0.0036771500493897593,0.11764705882352956,0.14814833333333333,0.08836450480854667,0.010601895135038383,0.0032966681369311058
0.0,0.07407499999999997,0.32681482651988986,0.022706445372161706,-0.015383601462396104,0.0,-0.12500070312543943,0.05263497289736352,0.02479672182894827,-0.013012983273265803,0.08333333333333348,0.08695567107731966,-0.04398794305169017,0.0,0.01409552942675969,0.05882352941176478,0.07407333333333321,0.13391506937791578,0.020750216758769844,0.012637037409470165
0.0,0.185185,0.30186172292772784,0.012110721305304377,0.01124546469923063,0.0,-0.08333442708401691,0.011969635851011707,0.020067691192545818,-0.013012983273265803,0.08333333333333348,0.08695567107731966,-0.016035994210309643,0.0,0.09445623426695976,0.05882352941176478,0.07407333333333321,0.10896196578575376,0.010154492691912513,0.08468266283940823
0.0,0.185185,0.33738541974835007,0.022706445372161706,0.01124546469923063,-0.05555555555555562,0.0,0.011969635851011707,0.022049324549456142,-0.008724457963767506,0.08333333333333348,0.08695567107731966,0.034971792432514956,0.0,0.01409552942675969,0.05882352941176478,0.07407333333333321,0.144485662606376,0.020750216758769844,0.012637037409470165
0.0,-0.07407333333333335,0.2451083888214581,0.022706445372161706,-0.01787758330038093,-0.05555555555555562,-0.04166815104259439,0.05263497289736352,0.02733368016788351,-0.008724457963767506,0.08333333333333348,0.08695567107731966,0.003962516389130481,0.0,0.08908517350157723,0.05882352941176478,0.07407333333333321,0.052208631679484,0.020750216758769844,0.07986735624355804
0.0,-0.07407333333333335,0.25113574528233695,0.022706445372161706,-0.01787758330038093,0.0,0.0,0.011969635851011707,0.018992114385255256,-0.004050845249712636,0.08333333333333348,0.08695567107731966,0.003962516389130481,0.0,0.08908517350157723,0.05882352941176478,0.07407333333333321,0.05823598814036287,0.020750216758769844,0.07986735624355804
0.0,0.07407499999999997,0.27991763131611985,0.019315443406676482,-0.015383601462396104,0.0,-0.08333442708401691,0.011969635851011707,0.020067691192545818,-0.013012983273265803,0.08333333333333348,0.08695567107731966,0.04989333122534816,0.0,0.01409552942675969,0.05882352941176478,0.07407333333333321,0.08701787417414576,0.017359214793284616,0.012637037409470165
0.0,0.07407499999999997,0.18637256999029717,0.01386639020281219,-0.015383601462396104,0.0,0.0,0.011969635851011707,0.022049324549456142,-0.010691031919974956,0.16666666666666696,0.08695567107731966,0.12122900187810579,0.0,0.01409552942675969,0.11764705882352956,0.07407333333333321,0.09474368424015346,0.011910161589420326,0.012637037409470165
0.0,0.07407499999999997,0.27991763131611985,0.019315443406676482,-0.015383601462396104,0.0,-0.2083332552082845,0.011969635851011707,0.02479672182894827,-0.022925841535961677,0.08333333333333348,0.08695567107731966,0.04989333122534816,0.0,0.01409552942675969,0.05882352941176478,0.07407333333333321,0.08701787417414576,0.017359214793284616,0.012637037409470165
0.0,-0.07407333333333335,0.28216393810630247,0.026804034644376768,-0.01787758330038093,0.0,0.0,0.011969635851011707,0.018992114385255256,-0.008724457963767506,0.08333333333333348,0.08695567107731966,0.04989333122534816,0.0,0.01409552942675969,0.05882352941176478,0.07407333333333321,0.08926418096432842,0.024847806030984902,0.012637037409470165
0.0,0.11111166666666668,0.31601379076238967,0.019315443406676482,-0.015383601462396104,0.0,0.0,0.05263497289736352,0.02479672182894827,-0.004050845249712636,0.08333333333333348,0.08695567107731966,-0.04398794305169017,0.0,0.01409552942675969,0.05882352941176478,0.07407333333333321,0.12311403362041562,0.017359214793284616,0.012637037409470165
0.0,0.07407499999999997,0.27991763131611985,0.019315443406676482,-0.015383601462396104,0.0,-0.08333442708401691,0.011969635851011707,0.0233411858234301,-0.013012983273265803,0.08333333333333348,0.08695567107731966,0.04989333122534816,0.0,0.01409552942675969,0.05882352941176478,0.07407333333333321,0.08701787417414576,0.017359214793284616,0.012637037409470165
0.0,0.185185,0.30186172292772784,0.012110721305304377,0.01124546469923063,0.0,0.0,0.011969635851011707,0.022049324549456142,-0.004050845249712636,0.08333333333333348,0.08695567107731966,-0.016035994210309643,0.0,0.08908517350157723,0.05882352941176478,0.07407333333333321,0.10896196578575376,0.010154492691912513,0.07986735624355804
0.0,0.2222233333333333,0.25113574528233695,0.012110721305304377,0.01132871304987267,0.0,-0.12500070312543943,0.05263497289736352,0.02815789935173116,-0.017742587924481745,0.08333333333333348,0.08695567107731966,0.003962516389130481,0.0,0.09445623426695976,0.05882352941176478,0.07407333333333321,0.05823598814036287,0.010154492691912513,0.08468266283940823
0.0,0.2222233333333333,0.32005053661106764,0.012110721305304377,0.01132871304987267,0.0,-0.12500070312543943,0.05263497289736352,0.02479672182894827,-0.017742587924481745,0.08333333333333348,0.08695567107731966,-0.04398794305169017,0.0,0.01409552942675969,0.05882352941176478,0.07407333333333321,0.1271507794690936,0.010154492691912513,0.012637037409470165
0.0,0.185185,0.30520552214714164,0.012110721305304377,0.01124546469923063,0.0,0.0,0.011969635851011707,0.022049324549456142,-0.004050845249712636,0.08333333333333348,0.08695567107731966,-0.016035994210309643,0.0,0.08908517350157723,0.05882352941176478,0.07407333333333321,0.11230576500516758,0.010154492691912513,0.07986735624355804
0.0,0.07407499999999997,0.30199596367680653,0.022706445372161706,-0.015383601462396104,0.0,0.0,0.05263497289736352,0.02479672182894827,-0.004050845249712636,0.08333333333333348,0.08695567107731966,-0.11196407120991994,0.0,0.08908517350157723,0.05882352941176478,0.07407333333333321,0.10909620653483244,0.020750216758769844,0.07986735624355804
0.0,0.07407499999999997,0.2921722874214281,0.019315443406676482,-0.015383601462396104,0.0,-0.2500014062508789,0.05263497289736352,0.02815789935173116,-0.013012983273265803,0.08333333333333348,0.08695567107731966,-0.09333757547177528,0.0,0.09456584775196761,0.05882352941176478,0.07407333333333321,0.09927253027945401,0.017359214793284616,0.08478093440258888
0.0,0.185185,0.33062112983952785,0.022706445372161706,0.01124546469923063,0.0,-0.08333442708401691,0.011969635851011707,0.0233411858234301,-0.013012983273265803,0.08333333333333348,0.08695567107731966,0.034971792432514956,0.0,0.01409552942675969,0.05882352941176478,0.07407333333333321,0.13772137269755377,0.020750216758769844,0.012637037409470165
0.0,0.185185,0.30186172292772784,0.012110721305304377,0.01124546469923063,-0.05555555555555562,0.0,0.011969635851011707,0.018992114385255256,-0.008724457963767506,0.08333333333333348,0.08695567107731966,-0.016035994210309643,0.0,0.08908517350157723,0.05882352941176478,0.07407333333333321,0.10896196578575376,0.010154492691912513,0.07986735624355804
0.0,0.11111166666666668,0.27613658164542365,0.019315443406676482,-0.015383601462396104,0.0,-0.04166815104259439,0.05263497289736352,0.02733368016788351,-0.008724457963767506,0.08333333333333348,0.08695567107731966,0.04989333122534816,0.0,0.01409552942675969,0.05882352941176478,0.07407333333333321,0.08323682450344957,0.017359214793284616,0.012637037409470165
0.0,-0.07407333333333335,0.29544538733103615,0.022706445372161706,-0.01787758330038093,0.0,0.0,0.05263497289736352,0.022785860841405024,-0.004050845249712636,0.08333333333333348,0.08695567107731966,-0.016035994210309643,0.0,0.08908517350157723,0.05882352941176478,0.07407333333333321,0.10254563018906204,0.020750216758769844,0.07986735624355804
0.0,-0.07407333333333335,0.30520552214714164,0.026804034644376768,-0.01787758330038093,0.0,0.0,0.011969635851011707,0.018992114385255256,-0.008724457963767506,0.08333333333333348,0.08695567107731966,-0.016035994210309643,0.0,0.08908517350157723,0.05882352941176478,0.07407333333333321,0.11230576500516758,0.024847806030984902,0.07986735624355804
0.0,0.07407499999999997,0.32681482651988986,0.022706445372161706,-0.015383601462396104,0.0,-0.12500070312543943,0.05263497289736352,0.02815789935173116,-0.013012983273265803,0.08333333333333348,0.08695567107731966,-0.04398794305169017,0.0,0.01409552942675969,0.05882352941176478,0.07407333333333321,0.13391506937791578,0.020750216758769844,0.012637037409470165
0.0,-0.07407333333333335,0.24888943849215425,0.022706445372161706,-0.01787758330038093,0.0,0.0,0.011969635851011707,0.022049324549456142,-0.004050845249712636,0.08333333333333348,0.08695567107731966,0.003962516389130481,0.0,0.08908517350157723,0.05882352941176478,0.07407333333333321,0.055989681350180204,0.020750216758769844,0.07986735624355804
0.0,-0.07407333333333335,0.28216393810630247,0.026804034644376768,-0.01787758330038093,0.0,0.0,0.05263497289736352,0.02479672182894827,-0.004050845249712636,0.08333333333333348,0.08695567107731966,0.04989333122534816,0.0,0.01409552942675969,0.05882352941176478,0.07407333333333321,0.08926418096432842,0.024847806030984902,0.012637037409470165
0.0,0.11111166666666668,0.33062112983952785,0.022706445372161706,-0.015383601462396104,0.0,-0.2083332552082845,0.011969635851011707,0.021821349030519493,-0.013012983273265803,0.08333333333333348,0.08695567107731966,0.034971792432514956,0.0,0.01409552942675969,0.05882352941176478,0.07407333333333321,0.13772137269755377,0.020750216758769844,0.012637037409470165
0.0,-0.07407333333333335,0.29544538733103615,0.022706445372161706,-0.01787758330038093,0.0,-0.2500014062508789,0.05263497289736352,0.02815789935173116,-0.01840534962965334,0.08333333333333348,0.08695567107731966,-0.016035994210309643,0.0,0.09456584775196761,0.05882352941176478,0.07407333333333321,0.10254563018906204,0.020750216758769844,0.08478093440258888
0.0,-0.07407333333333335,0.34138370056418843,0.026804034644376768,-0.01787758330038093,0.0,0.0,0.05263497289736352,0.02479672182894827,-0.004050845249712636,0.08333333333333348,0.08695567107731966,0.034971792432514956,0.0,0.01409552942675969,0.05882352941176478,0.07407333333333321,0.14848394342221435,0.024847806030984902,0.012637037409470165
0.0,0.07407499999999997,0.33738541974835007,0.022706445372161706,-0.015383601462396104,0.0,0.0,0.011969635851011707,0.022049324549456142,-0.004050845249712636,0.08333333333333348,0.08695567107731966,0.034971792432514956,0.0,0.01409552942675969,0.05882352941176478,0.07407333333333321,0.144485662606376,0.020750216758769844,0.012637037409470165
0.0,-0.07407333333333335,0.27613658164542365,0.022706445372161706,-0.01787758330038093,0.0,0.0,0.05263497289736352,0.02479672182894827,-0.004050845249712636,0.08333333333333348,0.08695567107731966,0.04989333122534816,0.0,0.01409552942675969,0.05882352941176478,0.07407333333333321,0.08323682450344957,0.020750216758769844,0.012637037409470165
0.0,-0.07407333333333335,0.32277808407972164,0.03738433104078151,-0.01787758330038093,0.0,-0.12500070312543943,0.05263497289736352,0.02815789935173116,-0.013012983273265803,0.08333333333333348,0.08695567107731966,-0.04398794305169017,0.0,0.01409552942675969,0.05882352941176478,0.07407333333333321,0.12987832693774762,0.03542810242738965,0.012637037409470165
0.0,0.14814833333333338,0.2451083888214581,0.019315443406676482,-0.015383601462396104,0.0,-0.08333442708401691,0.011969635851011707,0.020067691192545818,-0.013535193789237232,0.08333333333333348,0.08695567107731966,0.003962516389130481,0.0,0.09445623426695976,0.05882352941176478,0.07407333333333321,0.052208631679484,0.017359214793284616,0.08468266283940823
0.0,-0.07407333333333335,0.28831310448110126,0.025360004690011827,-0.01787758330038093,0.0,-0.08333442708401691,0.011969635851011707,0.0233411858234301,-0.013535193789237232,0.08333333333333348,0.08695567107731966,-0.09333757547177528,0.0,0.09445623426695976,0.05882352941176478,0.07407333333333321,0.0954133473391272,0.023403776076619965,0.08468266283940823
0.06666666666666676,-0.07407333333333335,-0.12249637756362755,-0.1117333604860333,-0.057680700951112426,0.05555555555555562,-0.2083332552082845,0.0,-0.02462720157127739,-0.012069119189693845,0.16666666666666696,-0.13043546313814422,-0.13344390079022186,0.0,-0.12013255584233505,0.11764705882352956,-0.11111166666666672,-0.10428995211026719,0.0,-0.06015933705546405
0.06666666666666676,-0.11111000000000001,-0.12249637756362755,-0.11273615906545341,-0.08782700992736586,0.16666666666666688,-0.2083332552082845,-0.009578133839026429,-0.04423309619982345,0.03186512570761238,0.25000000000000044,-0.21739113421546402,-0.18110320095731602,0.0,-0.1369735206959182,0.17647058823529435,-0.18518500000000004,-0.11432373913386257,0.0,-0.016225092158157817
0.0,-0.2222216666666667,0.3288473038576883,0.03738433104078151,-0.0910632895585757,0.11111111111111124,-0.2083332552082845,-0.009578133839026429,-0.04423309619982345,0.030105379111122262,0.08333333333333348,-0.08695762759948429,-0.684552188170387,0.0,-0.11266736768314059,0.11764705882352956,-0.07407500000000002,0.1359475467157142,0.03542810242738965,-0.017984838754647937
0.06666666666666676,-0.18518500000000002,0.3588313917410683,0.03738433104078151,-0.08787210278396368,0.0,-0.2916676822923014,0.037822041465267645,-0.017109854972496796,-0.011366363243692923,0.08333333333333348,0.0,-0.684552188170387,0.0,0.06729375776694387,0.05882352941176478,0.0,0.1659316345990942,0.03542810242738965,0.06033074094473252
0.2000000000000003,-0.07407333333333335,-0.1882925085607705,-0.14076515074376797,-0.057680700951112426,0.0,-0.2083332552082845,0.037822041465267645,-0.017109854972496796,-0.012069119189693845,0.25000000000000044,-0.21739113421546402,-0.17973558233544767,0.0,-0.1369735206959182,0.17647058823529435,-0.18518500000000004,-0.08998080310250735,0.0,-0.06015933705546405
0.06666666666666676,-0.18518500000000002,-0.12249637756362755,-0.10969382245219733,-0.09693923564139385,0.0,-0.2083332552082845,0.0,-0.02462720157127739,-0.01207026188228897,0.16666666666666696,-0.13043546313814422,-0.18110320095731602,0.0,-0.11522289137431094,0.11764705882352956,-0.11111166666666672,-0.1094047721079736,0.0,-0.06016047974805917
0.06666666666666676,-0.2222216666666667,0.324766666628605,0.03738433104078151,-0.09693923564139385,0.0,-0.2500014062508789,0.037822041465267645,-0.017109854972496796,-0.01207026188228897,0.25000000000000044,-0.21739113421546402,-0.13247002908474373,0.0,-0.14970652901252274,0.17647058823529435,-0.18518500000000004,0.13186690948663088,0.03542810242738965,-0.06016047974805917
0.06666666666666676,-0.11111000000000001,-0.12249637756362755,-0.10592638532766825,-0.08782700992736586,0.11111111111111124,-0.2083332552082845,-0.009578133839026429,-0.04423309619982345,0.03186512570761238,0.16666666666666696,-0.13043546313814422,0.023832166581711247,0.0,-0.13217601886371605,0.11764705882352956,-0.11111166666666672,0.01862547105392095,0.0,-0.016225092158157817
0.0,-0.18518500000000002,0.40939622526970637,0.03738433104078151,-0.08787210278396368,0.0,-0.08333442708401691,-0.04862126967824416,-0.05411203535374198,0.03459958908774279,0.08333333333333348,-0.08695762759948429,-0.684552188170387,0.0,-0.11336965873243478,0.05882352941176478,-0.07407500000000002,0.21649646812773232,0.03542810242738965,-0.013490628778027407
0.06666666666666676,-0.14814833333333335,-0.10849251173409315,-0.11288735023588906,-0.08782700992736586,0.0,-0.2083332552082845,0.037822041465267645,-0.017109854972496796,-0.01207026188228897,0.16666666666666696,-0.13043546313814422,-0.18110320095731602,0.0,-0.11522289137431094,0.11764705882352956,-0.11111166666666672,-0.08998080310250735,0.0,-0.06016047974805917
0.06666666666666676,-0.18518500000000002,-0.10849251173409315,-0.10891318232729492,-0.09693923564139385,0.0,-0.16666697916686196,-0.009578133839026429,-0.04423309619982345,0.03459958908774279,0.16666666666666696,-0.13043546313814422,-0.13344390079022186,0.0,-0.12013255584233505,0.11764705882352956,-0.11111166666666672,-0.10428995211026719,0.0,-0.013490628778027407
0.0,-0.18518500000000002,0.40264042936724986,0.03738433104078151,-0.08787210278396368,0.11111111111111124,-0.2083332552082845,-0.009578133839026429,-0.04423309619982345,0.03260901858703773,0.08333333333333348,-0.08695762759948429,-0.17079671481413838,0.0,-0.11266736768314059,0.11764705882352956,-0.07407500000000002,0.20974067222527576,0.03542810242738965,-0.015481199278732472
0.06666666666666676,-0.2222216666666667,0.28718272334102674,0.03738433104078151,-0.0910632895585757,0.05555555555555562,-0.2500014062508789,0.0,-0.02462720157127739,-0.011453207880922295,0.08333333333333348,0.0,-0.684552188170387,0.0,0.06729375776694387,0.05882352941176478,0.0,0.09428296619905267,0.03542810242738965,0.06033074094473252
0.0,-0.18518500000000002,0.28837315901487176,0.03738433104078151,-0.08787210278396368,0.0,-0.16666697916686196,-0.009578133839026429,-0.04423309619982345,0.03792596723214714,0.08333333333333348,-0.08695762759948429,-0.18110320095731602,0.0,-0.11266736768314059,0.05882352941176478,-0.07407500000000002,0.09547340187289767,0.03542810242738965,-0.01016425063362306
0.06666666666666676,-0.11111000000000001,-0.10849251173409315,-0.10427253905514773,-0.057680700951112426,0.0,-0.2083332552082845,-0.009578133839026429,-0.04423309619982345,0.02403425335323142,0.16666666666666696,-0.13043546313814422,0.023832166581711247,0.0,-0.13217601886371605,0.11764705882352956,-0.11111166666666672,0.01862547105392095,0.0,-0.024055964512538785
0.06666666666666676,-0.14814833333333335,-0.10849251173409315,-0.10400101205518165,-0.08782700992736586,0.05555555555555562,-0.2500014062508789,0.0,-0.02462720157127739,-0.011453207880922295,0.16666666666666696,-0.13043546313814422,-0.2016945496771239,0.0,-0.11522289137431094,0.11764705882352956,-0.11111166666666672,-0.1094047721079736,0.0,-0.059543425746692503
0.06666666666666676,-0.11111000000000001,-0.10849251173409315,-0.10427253905514773,-0.057680700951112426,0.0,-0.2500014062508789,0.0,-0.02462720157127739,-0.011366363243692923,0.08333333333333348,-0.08695762759948429,0.013423009930245677,0.0,-0.11266736768314059,0.05882352941176478,-0.07407500000000002,0.010490438712531549,0.0,-0.05945658110946313
0.06666666666666676,-0.037036666666666655,-0.12249637756362755,-0.11218384846324972,-0.04878700215751983,0.05555555555555562,-0.2500014062508789,0.0,-0.02462720157127739,-0.011366363243692923,0.16666666666666696,-0.13043546313814422,-0.13344390079022186,0.0,-0.12013255584233505,0.11764705882352956,-0.11111166666666672,-0.10428995211026719,0.0,-0.05945658110946313
0.06666666666666676,-0.14814833333333335,-0.10849251173409315,-0.11108539832702338,-0.08374090338335181,0.11111111111111124,-0.2500014062508789,-0.009578133839026429,-0.04423309619982345,0.020387921282192505,0.16666666666666696,-0.13043546313814422,0.023832166581711247,0.0,-0.13217601886371605,0.11764705882352956,-0.11111166666666672,0.01862547105392095,0.0,-0.027702296583577698
0.06666666666666676,-0.11111000000000001,-0.12249637756362755,-0.11513670458788061,-0.08782700992736586,0.0,-0.2083332552082845,0.037822041465267645,-0.017109854972496796,-0.01207026188228897,0.16666666666666696,0.0,-0.13344390079022186,0.0,0.06729375776694387,0.11764705882352956,0.0,-0.08998080310250735,0.0,0.06033074094473252
0.13333333333333353,-0.11111000000000001,-0.12249637756362755,-0.1072778492593175,-0.08782700992736586,0.11111111111111124,-0.16666697916686196,-0.04862126967824416,-0.05411203535374198,0.030141945274166217,0.16666666666666696,0.0,-0.18110320095731602,0.0,0.06729375776694387,0.11764705882352956,0.0,-0.13437481599372997,0.0,0.06033074094473252
0.06666666666666676,-0.11111000000000001,-0.10849251173409315,-0.10427253905514773,-0.057680700951112426,0.0,-0.2916676822923014,0.0,-0.02267479584499999,-0.01712781930830532,0.16666666666666696,0.0,-0.1550505016913855,0.0,0.06729375776694387,0.11764705882352956,0.0,-0.1094047721079736,0.0,0.06033074094473252
0.13333333333333353,-0.11111000000000001,-0.12249637756362755,-0.1117333604860333,-0.08782700992736586,0.0,-0.08333442708401691,-0.04862126967824416,-0.05411203535374198,0.03792596723214714,0.16666666666666696,-0.13043546313814422,-0.18110320095731602,0.0,-0.11891533632858556,0.11764705882352956,-0.11111166666666672,-0.13437481599372997,0.0,-0.01016425063362306
0.06666666666666676,-0.07407333333333335,-0.12249637756362755,-0.11288735023588906,-0.057680700951112426,0.0,-0.2083332552082845,0.0,-0.02462720157127739,-0.012069119189693845,0.16666666666666696,-0.13043546313814422,-0.13344390079022186,0.0,-0.12013255584233505,0.11764705882352956,-0.11111166666666672,-0.10428995211026719,0.0,-0.06015933705546405
0.06666666666666676,-0.18518500000000002,-0.10849251173409315,-0.09064373497730586,-0.09693923564139385,0.05555555555555562,-0.2500014062508789,0.0,-0.02462720157127739,-0.011453207880922295,0.16666666666666696,-0.13043546313814422,0.013423009930245677,0.0,-0.13217601886371605,0.11764705882352956,-0.11111166666666672,0.010490438712531549,0.0,-0.059543425746692503
0.06666666666666676,-0.18518500000000002,-0.12249637756362755,-0.10299821347576156,-0.09693923564139385,0.0,-0.2083332552082845,-0.009578133839026429,-0.04423309619982345,0.02403425335323142,0.16666666666666696,-0.08695762759948429,-0.18110320095731602,0.0,-0.11266736768314059,0.11764705882352956,-0.07407500000000002,-0.11432373913386257,0.0,-0.024055964512538785
0.06666666666666676,-0.18518500000000002,-0.12249637756362755,-0.11108539832702338,-0.09693923564139385,0.05555555555555562,-0.2500014062508789,0.0,-0.02462720157127739,-0.011453207880922295,0.16666666666666696,0.0,-0.13344390079022186,0.0,0.06729375776694387,0.11764705882352956,0.0,-0.10428995211026719,0.0,0.06033074094473252
0.06666666666666676,-0.11111000000000001,-0.12249637756362755,-0.10378811020293555,-0.08782700992736586,0.11111111111111124,-0.2083332552082845,-0.009578133839026429,-0.04423309619982345,0.03260901858703773,0.08333333333333348,0.0,0.023832166581711247,0.0,0.01022591849090272,0.11764705882352956,0.0,0.01862547105392095,0.0,0.009167822690675403
0.06666666666666676,-0.18518500000000002,-0.12249637756362755,-0.10378811020293555,-0.09693923564139385,0.11111111111111124,-0.2083332552082845,-0.009578133839026429,-0.04423309619982345,0.030141945274166217,0.16666666666666696,-0.08695762759948429,-0.13344390079022186,0.0,-0.11266736768314059,0.11764705882352956,-0.07407500000000002,-0.10428995211026719,0.0,-0.017948272591603986
0.13333333333333353,-0.11111000000000001,-0.10849251173409315,-0.10427253905514773,-0.057680700951112426,0.11111111111111124,-0.12500070312543943,-0.04862126967824416,-0.05411203535374198,0.03260901858703773,0.08333333333333348,-0.13043546313814422,-0.023375825589667953,0.0,-0.11522289137431094,0.11764705882352956,-0.11111166666666672,-0.018268828450367543,0.0,-0.015481199278732472
0.13333333333333353,-0.07407333333333335,-0.12249637756362755,-0.1117333604860333,-0.057680700951112426,0.0,-0.08333442708401691,-0.04862126967824416,-0.05411203535374198,0.03792596723214714,0.08333333333333348,-0.13043546313814422,-0.023375825589667953,0.0,-0.11891533632858556,0.11764705882352956,-0.11111166666666672,-0.018268828450367543,0.0,-0.01016425063362306
0.06666666666666676,-0.11111000000000001,-0.10849251173409315,-0.10427253905514773,-0.057680700951112426,0.05555555555555562,-0.2500014062508789,0.0,-0.02462720157127739,-0.011366363243692923,0.16666666666666696,-0.13043546313814422,0.013423009930245677,0.0,-0.13217601886371605,0.11764705882352956,-0.11111166666666672,0.010490438712531549,0.0,-0.05945658110946313
0.06666666666666676,-0.18518500000000002,-0.12249637756362755,-0.11288735023588906,-0.09693923564139385,0.0,-0.2083332552082845,0.0,-0.02462720157127739,-0.01207026188228897,0.16666666666666696,-0.08695762759948429,-0.18110320095731602,0.0,-0.11266736768314059,0.11764705882352956,-0.07407500000000002,-0.1094047721079736,0.0,-0.06016047974805917
0.06666666666666676,-0.18518500000000002,-0.10849251173409315,-0.11108539832702338,-0.09693923564139385,0.0,-0.2500014062508789,0.037822041465267645,-0.017109854972496796,-0.01207026188228897,0.16666666666666696,-0.13043546313814422,-0.13344390079022186,0.0,-0.12013255584233505,0.11764705882352956,-0.11111166666666672,-0.08998080310250735,0.0,-0.06016047974805917
0.06666666666666676,-0.2222216666666667,0.296833768801702,0.03738433104078151,-0.09402554336892209,0.05555555555555562,-0.2083332552082845,-0.04862126967824416,-0.05411203535374198,0.021779720863052857,0.08333333333333348,-0.08695762759948429,-0.684552188170387,0.0,-0.11266736768314059,0.05882352941176478,-0.07407500000000002,0.10393401165972793,0.03542810242738965,-0.026310497002717346
0.13333333333333353,-0.18518500000000002,-0.12249637756362755,-0.10378811020293555,-0.09693923564139385,0.11111111111111124,-0.12500070312543943,-0.04862126967824416,-0.05411203535374198,0.03260901858703773,0.16666666666666696,-0.13043546313814422,-0.18110320095731602,0.0,-0.11522289137431094,0.11764705882352956,-0.11111166666666672,-0.13437481599372997,0.0,-0.015481199278732472
0.06666666666666676,-0.07407333333333335,-0.12249637756362755,-0.11108539832702338,-0.057680700951112426,0.05555555555555562,-0.2500014062508789,0.0,-0.02462720157127739,-0.011366363243692923,0.08333333333333348,-0.08695762759948429,0.023832166581711247,0.0,-0.11266736768314059,0.05882352941176478,-0.07407500000000002,0.01862547105392095,0.0,-0.05945658110946313
0.06666666666666676,-0.2222216666666667,0.3256377453873532,0.03738433104078151,-0.09693923564139385,0.0,-0.2083332552082845,-0.009578133839026429,-0.04423309619982345,0.024036538738421664,0.08333333333333348,-0.08695762759948429,-0.684552188170387,0.0,-0.11266736768314059,0.05882352941176478,-0.07407500000000002,0.1327379882453791,0.03542810242738965,-0.02405367912734854
0.06666666666666676,-0.18518500000000002,-0.10849251173409315,-0.10738584295248584,-0.09402554336892209,0.0,-0.2916676822923014,0.037822041465267645,-0.017109854972496796,-0.017214663945534725,0.16666666666666696,-0.13043546313814422,-0.13344390079022186,0.0,-0.12013255584233505,0.11764705882352956,-0.11111166666666672,-0.08998080310250735,0.0,-0.06530488181130494
0.06666666666666676,-0.11111000000000001,-0.12249637756362755,-0.10378811020293555,-0.08782700992736586,0.11111111111111124,-0.2083332552082845,-0.009578133839026429,-0.04423309619982345,0.032972394832287,0.25000000000000044,-0.21739113421546402,0.023832166581711247,0.0,-0.14970652901252274,0.17647058823529435,-0.18518500000000004,0.01862547105392095,0.0,-0.015117823033483203
0.06666666666666676,-0.14814833333333335,-0.10849251173409315,-0.11108539832702338,-0.08782700992736586,0.05555555555555562,-0.2083332552082845,0.0,-0.02462720157127739,-0.01207026188228897,0.25000000000000044,-0.21739113421546402,-0.13344390079022186,0.0,-0.1369735206959182,0.17647058823529435,-0.18518500000000004,-0.10428995211026719,0.0,-0.06016047974805917
0.13333333333333353,-0.18518500000000002,-0.12249637756362755,-0.10378811020293555,-0.09693923564139385,0.11111111111111124,-0.16666697916686196,-0.04862126967824416,-0.05411203535374198,0.030141945274166217,0.16666666666666696,-0.13043546313814422,-0.18110320095731602,0.0,-0.11522289137431094,0.11764705882352956,-0.11111166666666672,-0.13437481599372997,0.0,-0.017948272591603986
0.2000000000000003,-0.11111000000000001,-0.1882925085607705,-0.1337424751537367,-0.08782700992736586,0.05555555555555562,-0.2500014062508789,0.0,-0.02462720157127739,-0.011453207880922295,0.08333333333333348,-0.13043546313814422,0.003962516389130481,0.0,-0.11522289137431094,0.17647058823529435,-0.11111166666666672,0.003096811783913677,0.0,-0.059543425746692503
0.06666666666666676,-0.2222216666666667,0.3288473038576883,0.03738433104078151,-0.09402554336892209,0.0,-0.2916676822923014,0.0,-0.02267479584499999,-0.017214663945534725,0.08333333333333348,0.0,-0.684552188170387,0.0,0.007497052544371153,0.05882352941176478,0.0,0.1359475467157142,0.03542810242738965,0.006721317844516102
0.06666666666666676,-0.11111000000000001,-0.10849251173409315,-0.1072778492593175,-0.057680700951112426,0.05555555555555562,-0.2500014062508789,0.0,-0.02462720157127739,-0.011366363243692923,0.16666666666666696,-0.08695762759948429,-0.13344390079022186,0.0,-0.11266736768314059,0.11764705882352956,-0.07407500000000002,-0.10428995211026719,0.0,-0.05945658110946313
0.06666666666666676,-0.07407333333333335,-0.12249637756362755,-0.11288735023588906,-0.057680700951112426,0.0,-0.2083332552082845,0.0,-0.02462720157127739,-0.012069119189693845,0.08333333333333348,-0.13043546313814422,-0.023375825589667953,0.0,-0.11891533632858556,0.05882352941176478,-0.11111166666666672,-0.018268828450367543,0.0,-0.06015933705546405
0.06666666666666676,-0.14814833333333335,-0.09359561975135294,-0.10592638532766825,-0.08782700992736586,0.05555555555555562,-0.2500014062508789,0.0,-0.02462720157127739,-0.011453207880922295,0.08333333333333348,-0.08695762759948429,0.023832166581711247,0.0,-0.11266736768314059,0.05882352941176478,-0.07407500000000002,0.01862547105392095,0.0,-0.059543425746692503
0.06666666666666676,-0.25925833333333337,0.3695236312749791,0.03738433104078151,-0.09693923564139385,0.0,-0.08333442708401691,-0.04862126967824416,-0.05411203535374198,0.0331426560289604,0.16666666666666696,-0.13043546313814422,-0.684552188170387,0.0,-0.12013255584233505,0.11764705882352956,-0.11111166666666672,0.17662387413300498,0.03542810242738965,-0.014947561836809797
0.06666666666666676,-0.07407333333333335,-0.12249637756362755,-0.12431616850718773,-0.057680700951112426,0.0,-0.16666697916686196,-0.009578133839026429,-0.04423309619982345,0.03792596723214714,0.25000000000000044,-0.21739113421546402,-0.18110320095731602,0.0,-0.1369735206959182,0.17647058823529435,-0.18518500000000004,-0.11432373913386257,0.0,-0.01016425063362306
0.06666666666666676,-0.14814833333333335,-0.10849251173409315,-0.11288735023588906,-0.08782700992736586,0.0,-0.2083332552082845,0.037822041465267645,-0.017109854972496796,-0.01207026188228897,0.16666666666666696,-0.08695762759948429,-0.18110320095731602,0.0,-0.11266736768314059,0.11764705882352956,-0.07407500000000002,-0.08998080310250735,0.0,-0.06016047974805917
0.06666666666666676,-0.037036666666666655,-0.10849251173409315,-0.11288735023588906,-0.04878700215751983,0.05555555555555562,-0.2083332552082845,0.0,-0.02462720157127739,-0.012069119189693845,0.16666666666666696,0.0,-0.18110320095731602,0.0,0.06729375776694387,0.11764705882352956,0.0,-0.1094047721079736,0.0,0.06033074094473252
0.06666666666666676,-0.25925833333333337,0.40264042936724986,0.03738433104078151,-0.09693923564139385,0.11111111111111124,-0.12500070312543943,-0.04862126967824416,-0.05411203535374198,0.03186512570761238,0.08333333333333348,-0.08695762759948429,-0.17079671481413838,0.0,-0.11833922824459102,0.11764705882352956,-0.07407500000000002,0.20974067222527576,0.03542810242738965,-0.016225092158157817
0.06666666666666676,-0.18518500000000002,-0.12249637756362755,-0.11288735023588906,-0.09693923564139385,0.05555555555555562,-0.2083332552082845,0.0,-0.02462720157127739,-0.01207026188228897,0.16666666666666696,0.0,-0.18110320095731602,0.0,0.06729375776694387,0.11764705882352956,0.0,-0.1094047721079736,0.0,0.06033074094473252
0.06666666666666676,-0.2222216666666667,0.40939622526970637,0.03738433104078151,-0.0910632895585757,0.0,-0.2083332552082845,0.037822041465267645,-0.017109854972496796,-0.01207026188228897,0.08333333333333348,0.0,-0.684552188170387,0.0,0.007497052544371153,0.05882352941176478,0.0,0.21649646812773232,0.03542810242738965,0.006721317844516102
0.13333333333333353,-0.037036666666666655,-0.12249637756362755,-0.10891318232729492,-0.04878700215751983,0.0,-0.08333442708401691,-0.04862126967824416,-0.05411203535374198,0.03316550988086286,0.08333333333333348,0.0,-0.023375825589667953,0.0,0.06729375776694387,0.11764705882352956,0.0,-0.018268828450367543,0.0,0.06033074094473252
0.06666666666666676,-0.11111000000000001,-0.10849251173409315,-0.10427253905514773,-0.057680700951112426,0.0,-0.2500014062508789,0.0,-0.02462720157127739,-0.011366363243692923,0.25000000000000044,-0.21739113421546402,-0.1550505016913855,0.0,-0.1369735206959182,0.17647058823529435,-0.18518500000000004,-0.1094047721079736,0.0,-0.05945658110946313
0.06666666666666676,-0.11111000000000001,-0.12249637756362755,-0.11108539832702338,-0.08782700992736586,0.0,-0.2916676822923014,0.037822041465267645,-0.017109854972496796,-0.011453207880922295,0.08333333333333348,-0.08695762759948429,-0.023375825589667953,0.0,-0.11266736768314059,0.05882352941176478,-0.07407500000000002,-0.018268828450367543,0.0,-0.059543425746692503
0.06666666666666676,-0.18518500000000002,-0.12249637756362755,-0.1117333604860333,-0.09693923564139385,0.0,-0.2500014062508789,0.037822041465267645,-0.017109854972496796,-0.01207026188228897,0.08333333333333348,-0.08695762759948429,0.023832166581711247,0.0,-0.11266736768314059,0.05882352941176478,-0.07407500000000002,0.01862547105392095,0.0,-0.06016047974805917
0.06666666666666676,-0.18518500000000002,0.3987039857357956,0.03738433104078151,-0.08787210278396368,0.0,-0.2500014062508789,0.0,-0.02462720157127739,-0.011366363243692923,0.08333333333333348,0.0,-0.17079671481413838,0.0,0.007497052544371153,0.05882352941176478,0.0,0.20580422859382153,0.03542810242738965,0.006721317844516102
0.06666666666666676,-0.11111000000000001,-0.10849251173409315,-0.10891318232729492,-0.057680700951112426,0.05555555555555562,-0.2083332552082845,0.0,-0.02462720157127739,-0.012069119189693845,0.08333333333333348,-0.13043546313814422,-0.023375825589667953,0.0,-0.11522289137431094,0.05882352941176478,-0.11111166666666672,-0.018268828450367543,0.0,-0.06015933705546405
0.06666666666666676,-0.14814833333333335,-0.10849251173409315,-0.10891318232729492,-0.08782700992736586,0.0,-0.16666697916686196,-0.009578133839026429,-0.04423309619982345,0.03459958908774279,0.16666666666666696,-0.08695762759948429,-0.18110320095731602,0.0,-0.11266736768314059,0.11764705882352956,-0.07407500000000002,-0.11432373913386257,0.0,-0.013490628778027407
0.26666666666666705,-0.037036666666666655,-0.2018411270073971,-0.13618930368752177,-0.057680700951112426,0.05555555555555562,-0.2500014062508789,0.0,-0.02462720157127739,-0.011366363243692923,0.08333333333333348,-0.13043546313814422,0.003962516389130481,0.0,-0.11522289137431094,0.23529411764705913,-0.11111166666666672,0.003096811783913677,0.0,-0.05945658110946313
0.06666666666666676,-0.11111000000000001,-0.12249637756362755,-0.10592638532766825,-0.08782700992736586,0.05555555555555562,-0.2500014062508789,0.0,-0.02462720157127739,-0.011453207880922295,0.16666666666666696,-0.21739113421546402,-0.023375825589667953,0.0,-0.14970652901252274,0.11764705882352956,-0.18518500000000004,-0.018268828450367543,0.0,-0.059543425746692503
0.06666666666666676,-0.25925833333333337,0.3695236312749791,0.03738433104078151,-0.09693923564139385,0.11111111111111124,-0.2083332552082845,-0.009578133839026429,-0.04423309619982345,0.030105379111122262,0.08333333333333348,-0.08695762759948429,-0.684552188170387,0.0,-0.11266736768314059,0.11764705882352956,-0.07407500000000002,0.17662387413300498,0.03542810242738965,-0.017984838754647937
0.06666666666666676,-0.11111000000000001,-0.10849251173409315,-0.11273615906545341,-0.057680700951112426,0.0,-0.2083332552082845,0.0,-0.02462720157127739,-0.012069119189693845,0.16666666666666696,-0.13043546313814422,-0.13344390079022186,0.0,-0.12013255584233505,0.11764705882352956,-0.11111166666666672,-0.10428995211026719,0.0,-0.06015933705546405
0.06666666666666676,-0.11111000000000001,-0.10849251173409315,-0.10891318232729492,-0.057680700951112426,0.0,-0.2500014062508789,0.037822041465267645,-0.017109854972496796,-0.012069119189693845,0.16666666666666696,-0.13043546313814422,-0.13344390079022186,0.0,-0.12013255584233505,0.11764705882352956,-0.11111166666666672,-0.08998080310250735,0.0,-0.06015933705546405
0.06666666666666676,-0.11111000000000001,-0.12249637756362755,-0.12431616850718773,-0.08782700992736586,0.05555555555555562,-0.2500014062508789,0.037822041465267645,-0.017109854972496796,-0.012656463183587282,0.16666666666666696,-0.08695762759948429,-0.18110320095731602,0.0,-0.11266736768314059,0.11764705882352956,-0.07407500000000002,-0.08998080310250735,0.0,-0.06074668104935748
0.06666666666666676,-0.11111000000000001,-0.10849251173409315,-0.11108539832702338,-0.057680700951112426,0.11111111111111124,-0.2083332552082845,-0.009578133839026429,-0.04423309619982345,0.03186512570761238,0.16666666666666696,0.0,-0.13344390079022186,0.0,0.06729375776694387,0.11764705882352956,0.0,-0.10428995211026719,0.0,0.06033074094473252
0.0,-0.2222216666666667,0.36276783537252255,0.03738433104078151,-0.0910632895585757,0.0,-0.2916676822923014,0.037822041465267645,-0.017109854972496796,-0.011453207880922295,0.08333333333333348,-0.08695762759948429,-0.684552188170387,0.0,-0.11266736768314059,0.05882352941176478,-0.07407500000000002,0.16986807823054847,0.03542810242738965,-0.059543425746692503
0.0,-0.18518500000000002,0.28397316487069163,0.03738433104078151,-0.08787210278396368,0.11111111111111124,-0.2083332552082845,-0.009578133839026429,-0.04423309619982345,0.030105379111122262,0.16666666666666696,-0.13043546313814422,-0.684552188170387,0.0,-0.12013255584233505,0.11764705882352956,-0.11111166666666672,0.09107340772871754,0.03542810242738965,-0.017984838754647937
0.06666666666666676,-0.18518500000000002,-0.10849251173409315,-0.10400101205518165,-0.09693923564139385,0.0,-0.2500014062508789,0.0,-0.02462720157127739,-0.011453207880922295,0.16666666666666696,-0.13043546313814422,-0.2016945496771239,0.0,-0.11522289137431094,0.11764705882352956,-0.11111166666666672,-0.1094047721079736,0.0,-0.059543425746692503
0.13333333333333353,-0.18518500000000002,-0.10849251173409315,-0.10299821347576156,-0.09693923564139385,0.0,-0.12500070312543943,-0.04862126967824416,-0.05411203535374198,0.02403425335323142,0.08333333333333348,-0.08695762759948429,-0.023375825589667953,0.0,-0.11266736768314059,0.11764705882352956,-0.07407500000000002,-0.018268828450367543,0.0,-0.024055964512538785
0.0,-0.2222216666666667,0.3695236312749791,0.03738433104078151,-0.0910632895585757,0.0,-0.2500014062508789,0.037822041465267645,-0.017109854972496796,-0.01207026188228897,0.16666666666666696,-0.13043546313814422,-0.684552188170387,0.0,-0.12013255584233505,0.11764705882352956,-0.11111166666666672,0.17662387413300498,0.03542810242738965,-0.06016047974805917
0.06666666666666676,-0.11111000000000001,-0.10849251173409315,-0.11288735023588906,-0.057680700951112426,0.0,-0.2083332552082845,0.037822041465267645,-0.017109854972496796,-0.012069119189693845,0.16666666666666696,-0.08695762759948429,-0.13344390079022186,0.0,-0.11266736768314059,0.11764705882352956,-0.07407500000000002,-0.08998080310250735,0.0,-0.06015933705546405
0.06666666666666676,-0.11111000000000001,-0.12249637756362755,-0.11108539832702338,-0.08782700992736586,0.05555555555555562,-0.2500014062508789,0.0,-0.02462720157127739,-0.011453207880922295,0.08333333333333348,-0.08695762759948429,-0.023375825589667953,0.0,-0.11266736768314059,0.05882352941176478,-0.07407500000000002,-0.018268828450367543,0.0,-0.059543425746692503
0.0,-0.18518500000000002,0.3655871876435248,0.03738433104078151,-0.08787210278396368,0.0,-0.2916676822923014,0.037822041465267645,-0.017109854972496796,-0.011366363243692923,0.08333333333333348,0.0,-0.2124372491883803,0.0,0.06729375776694387,0.05882352941176478,0.0,0.17268743050155075,0.03542810242738965,0.06033074094473252
0.06666666666666676,-0.07407333333333335,-0.12249637756362755,-0.10891318232729492,-0.057680700951112426,0.0,-0.3333339583337239,0.037822041465267645,-0.017109854972496796,-0.01712781930830532,0.16666666666666696,-0.08695762759948429,-0.18110320095731602,0.0,-0.11266736768314059,0.11764705882352956,-0.07407500000000002,-0.08998080310250735,0.0,-0.06521803717407552
0.06666666666666676,-0.11111000000000001,-0.10849251173409315,-0.10427253905514773,-0.057680700951112426,0.11111111111111124,-0.2083332552082845,-0.009578133839026429,-0.04423309619982345,0.030141945274166217,0.08333333333333348,-0.08695762759948429,0.023832166581711247,0.0,-0.11266736768314059,0.11764705882352956,-0.07407500000000002,0.01862547105392095,0.0,-0.017948272591603986
0.0,-0.18518500000000002,0.3233608983495638,0.03738433104078151,-0.08732751982351351,0.16666666666666688,-0.2083332552082845,-0.009578133839026429,-0.04423309619982345,0.03186512570761238,0.25000000000000044,-0.21739113421546402,-0.684552188170387,0.0,-0.1369735206959182,0.17647058823529435,-0.18518500000000004,0.13046114120758967,0.03542810242738965,-0.016225092158157817
0.0,-0.18518500000000002,0.3288473038576883,0.03738433104078151,-0.08787210278396368,0.0,-0.2083332552082845,0.0,-0.02462720157127739,-0.012069119189693845,0.16666666666666696,-0.13043546313814422,-0.684552188170387,0.0,-0.12013255584233505,0.11764705882352956,-0.11111166666666672,0.1359475467157142,0.03542810242738965,-0.06015933705546405
0.06666666666666676,-0.25925833333333337,0.40545978163825214,0.03738433104078151,-0.09693923564139385,0.0,-0.2083332552082845,0.0,-0.02462720157127739,-0.01207026188228897,0.16666666666666696,-0.13043546313814422,-0.17079671481413838,0.0,-0.13217601886371605,0.11764705882352956,-0.11111166666666672,0.21256002449627803,0.03542810242738965,-0.06016047974805917
0.06666666666666676,-0.18518500000000002,-0.10849251173409315,-0.10378811020293555,-0.09693923564139385,0.11111111111111124,-0.2083332552082845,-0.009578133839026429,-0.04423309619982345,0.03260901858703773,0.16666666666666696,-0.13043546313814422,0.023832166581711247,0.0,-0.13217601886371605,0.11764705882352956,-0.11111166666666672,0.01862547105392095,0.0,-0.015481199278732472
0.06666666666666676,-0.18518500000000002,0.29266912544064144,0.03738433104078151,-0.08787210278396368,0.0,-0.2083332552082845,0.0,-0.02462720157127739,-0.012069119189693845,0.16666666666666696,-0.13043546313814422,-0.684552188170387,0.0,-0.12013255584233505,0.11764705882352956,-0.11111166666666672,0.09976936829866735,0.03542810242738965,-0.06015933705546405
0.06666666666666676,-0.25925833333333337,0.40545978163825214,0.04721792818727961,-0.09402554336892209,0.05555555555555562,-0.2083332552082845,-0.04862126967824416,-0.05411203535374198,0.021779720863052857,0.08333333333333348,0.0,-0.684552188170387,0.0,0.007497052544371153,0.05882352941176478,0.0,0.21256002449627803,0.045261699573887745,0.006721317844516102
0.13333333333333353,-0.11111000000000001,-0.10849251173409315,-0.10427253905514773,-0.057680700951112426,0.0,-0.16666697916686196,-0.04862126967824416,-0.05411203535374198,0.025781430331175165,0.08333333333333348,-0.08695762759948429,-0.023375825589667953,0.0,-0.11266736768314059,0.11764705882352956,-0.07407500000000002,-0.018268828450367543,0.0,-0.022308787534595035
0.06666666666666676,-0.18518500000000002,-0.12249637756362755,-0.10299821347576156,-0.09693923564139385,0.0,-0.2083332552082845,-0.009578133839026429,-0.04423309619982345,0.02403425335323142,0.16666666666666696,-0.08695762759948429,-0.18110320095731602,0.0,-0.11266736768314059,0.11764705882352956,-0.07407500000000002,-0.11432373913386257,0.0,-0.024055964512538785
0.06666666666666676,-0.18518500000000002,-0.12249637756362755,-0.10891318232729492,-0.09693923564139385,0.0,-0.2916676822923014,0.037822041465267645,-0.017109854972496796,-0.011453207880922295,0.08333333333333348,0.0,-0.023375825589667953,0.0,0.06729375776694387,0.05882352941176478,0.0,-0.018268828450367543,0.0,0.06033074094473252
0.06666666666666676,-0.25925833333333337,0.3695236312749791,0.03738433104078151,-0.09693923564139385,0.0,-0.2083332552082845,0.0,-0.02462720157127739,-0.01207026188228897,0.08333333333333348,0.0,-0.684552188170387,0.0,0.06729375776694387,0.05882352941176478,0.0,0.17662387413300498,0.03542810242738965,0.06033074094473252
0.06666666666666676,-0.11111000000000001,-0.12249637756362755,-0.11535577750830779,-0.08782700992736586,0.0,-0.2083332552082845,0.0,-0.02462720157127739,-0.01207026188228897,0.16666666666666696,0.0,-0.13344390079022186,0.0,0.06729375776694387,0.11764705882352956,0.0,-0.10428995211026719,0.0,0.06033074094473252
0.06666666666666676,-0.07407333333333335,-0.12249637756362755,-0.10891318232729492,-0.057680700951112426,0.0,-0.2500014062508789,0.0,-0.02462720157127739,-0.011366363243692923,0.16666666666666696,0.0,-0.18110320095731602,0.0,0.06729375776694387,0.11764705882352956,0.0,-0.1094047721079736,0.0,0.06033074094473252
0.06666666666666676,-0.14814833333333335,-0.10849251173409315,-0.10592638532766825,-0.08782700992736586,0.11111111111111124,-0.2083332552082845,-0.009578133839026429,-0.04423309619982345,0.03186512570761238,0.16666666666666696,-0.13043546313814422,0.023832166581711247,0.0,-0.13217601886371605,0.11764705882352956,-0.11111166666666672,0.01862547105392095,0.0,-0.016225092158157817
0.06666666666666676,-0.11111000000000001,-0.10849251173409315,-0.11108539832702338,-0.057680700951112426,0.11111111111111124,-0.2083332552082845,-0.009578133839026429,-0.04423309619982345,0.030141945274166217,0.08333333333333348,-0.13043546313814422,-0.023375825589667953,0.0,-0.11522289137431094,0.11764705882352956,-0.11111166666666672,-0.018268828450367543,0.0,-0.017948272591603986
0.06666666666666676,-0.18518500000000002,-0.10849251173409315,-0.10299821347576156,-0.09693923564139385,0.0,-0.2083332552082845,-0.009578133839026429,-0.04423309619982345,0.02201625823024339,0.08333333333333348,0.0,-0.023375825589667953,0.0,0.06729375776694387,0.05882352941176478,0.0,-0.018268828450367543,0.0,0.06033074094473252
0.06666666666666676,-0.18518500000000002,-0.10849251173409315,-0.1072778492593175,-0.09693923564139385,0.0,-0.2916676822923014,0.037822041465267645,-0.017109854972496796,-0.011453207880922295,0.16666666666666696,-0.13043546313814422,0.023832166581711247,0.0,-0.13217601886371605,0.11764705882352956,-0.11111166666666672,0.01862547105392095,0.0,-0.059543425746692503
0.06666666666666676,-0.07407333333333335,-0.12249637756362755,-0.10427253905514773,-0.057680700951112426,0.11111111111111124,-0.2083332552082845,-0.009578133839026429,-0.04423309619982345,0.030141945274166217,0.25000000000000044,-0.21739113421546402,0.023832166581711247,0.0,-0.14970652901252274,0.17647058823529435,-0.18518500000000004,0.01862547105392095,0.0,-0.017948272591603986
0.06666666666666676,-0.14814833333333335,-0.10849251173409315,-0.09064373497730586,-0.08782700992736586,0.05555555555555562,-0.2083332552082845,0.0,-0.02462720157127739,-0.01207026188228897,0.25000000000000044,-0.21739113421546402,0.013423009930245677,0.0,-0.14970652901252274,0.17647058823529435,-0.18518500000000004,0.010490438712531549,0.0,-0.06016047974805917
0.06666666666666676,-0.2222216666666667,0.3256377453873532,0.03738433104078151,-0.0910632895585757,0.05555555555555562,-0.2500014062508789,0.0,-0.02462720157127739,-0.011453207880922295,0.16666666666666696,-0.13043546313814422,-0.684552188170387,0.0,-0.12013255584233505,0.11764705882352956,-0.11111166666666672,0.1327379882453791,0.03542810242738965,-0.059543425746692503
0.06666666666666676,-0.11111000000000001,-0.12249637756362755,-0.1117333604860333,-0.08782700992736586,0.0,-0.2500014062508789,0.037822041465267645,-0.017109854972496796,-0.01207026188228897,0.16666666666666696,-0.13043546313814422,-0.13344390079022186,0.0,-0.12013255584233505,0.11764705882352956,-0.11111166666666672,-0.08998080310250735,0.0,-0.06016047974805917
0.06666666666666676,-0.11111000000000001,-0.10849251173409315,-0.10891318232729492,-0.057680700951112426,0.0,-0.2916676822923014,0.037822041465267645,-0.017109854972496796,-0.011366363243692923,0.08333333333333348,0.0,-0.023375825589667953,0.0,0.06729375776694387,0.05882352941176478,0.0,-0.018268828450367543,0.0,0.06033074094473252
0.13333333333333353,-0.18518500000000002,-0.12249637756362755,-0.10299821347576156,-0.09693923564139385,0.0,-0.16666697916686196,-0.04862126967824416,-0.05411203535374198,0.02201625823024339,0.16666666666666696,0.0,-0.13344390079022186,0.0,0.06729375776694387,0.11764705882352956,0.0,-0.10428995211026719,0.0,0.06033074094473252
0.13333333333333353,-0.18518500000000002,-0.10849251173409315,-0.10891318232729492,-0.09693923564139385,0.0,-0.08333442708401691,-0.04862126967824416,-0.05411203535374198,0.03459958908774279,0.16666666666666696,-0.21739113421546402,-0.023375825589667953,0.0,-0.14970652901252274,0.11764705882352956,-0.18518500000000004,-0.018268828450367543,0.0,-0.013490628778027407
0.06666666666666676,-0.037036666666666655,-0.12249637756362755,-0.10738584295248584,-0.04878700215751983,0.05555555555555562,-0.2500014062508789,-0.009578133839026429,-0.04423309619982345,0.020387921282192505,0.16666666666666696,-0.13043546313814422,-0.18110320095731602,0.0,-0.11522289137431094,0.11764705882352956,-0.11111166666666672,-0.11432373913386257,0.0,-0.027702296583577698
0.06666666666666676,-0.11111000000000001,-0.10849251173409315,-0.11273615906545341,-0.057680700951112426,0.0,-0.2083332552082845,0.037822041465267645,-0.017109854972496796,-0.012069119189693845,0.16666666666666696,-0.08695762759948429,-0.18110320095731602,0.0,-0.11266736768314059,0.11764705882352956,-0.07407500000000002,-0.08998080310250735,0.0,-0.06015933705546405
0.06666666666666676,-0.25925833333333337,0.40939622526970637,0.03738433104078151,-0.09693923564139385,0.11111111111111124,-0.2083332552082845,-0.009578133839026429,-0.04423309619982345,0.03260901858703773,0.08333333333333348,0.0,-0.684552188170387,0.0,0.007497052544371153,0.11764705882352956,0.0,0.21649646812773232,0.03542810242738965,0.006721317844516102
0.06666666666666676,-0.11111000000000001,-0.12249637756362755,-0.11108539832702338,-0.08374090338335181,0.0,-0.2916676822923014,0.0,-0.02267479584499999,-0.017214663945534725,0.16666666666666696,-0.08695762759948429,-0.18110320095731602,0.0,-0.11266736768314059,0.11764705882352956,-0.07407500000000002,-0.1094047721079736,0.0,-0.06530488181130494
0.0,-0.18518500000000002,0.28837315901487176,0.03738433104078151,-0.08378599623994953,0.0,-0.2916676822923014,0.037822041465267645,-0.017109854972496796,-0.01712781930830532,0.16666666666666696,-0.13043546313814422,-0.18110320095731602,0.0,-0.13217601886371605,0.11764705882352956,-0.11111166666666672,0.09547340187289767,0.03542810242738965,-0.06521803717407552
0.06666666666666676,-0.07407333333333335,-0.12249637756362755,-0.10427253905514773,-0.057680700951112426,0.0,-0.2083332552082845,-0.009578133839026429,-0.04423309619982345,0.02403425335323142,0.16666666666666696,-0.13043546313814422,-0.18110320095731602,0.0,-0.11522289137431094,0.11764705882352956,-0.11111166666666672,-0.11432373913386257,0.0,-0.024055964512538785
0.06666666666666676,-0.18518500000000002,-0.10849251173409315,-0.10400101205518165,-0.09693923564139385,0.0,-0.2083332552082845,0.0,-0.02462720157127739,-0.01207026188228897,0.16666666666666696,-0.21739113421546402,-0.029840347381419077,0.0,-0.14970652901252274,0.11764705882352956,-0.18518500000000004,-0.02332102389793126,0.0,-0.06016047974805917
0.0,-0.18518500000000002,0.40264042936724986,0.03738433104078151,-0.08787210278396368,0.0,-0.16666697916686196,-0.04862126967824416,-0.05411203535374198,0.02578485840896054,0.08333333333333348,-0.08695762759948429,-0.17079671481413838,0.0,-0.11833922824459102,0.05882352941176478,-0.07407500000000002,0.20974067222527576,0.03542810242738965,-0.02230535945680966
0.06666666666666676,-0.11111000000000001,-0.12249637756362755,-0.10891318232729492,-0.08374090338335181,0.0,-0.2916676822923014,0.0,-0.02267479584499999,-0.017214663945534725,0.08333333333333348,0.0,-0.023375825589667953,0.0,0.06729375776694387,0.05882352941176478,0.0,-0.018268828450367543,0.0,0.06033074094473252
0.06666666666666676,-0.25925833333333337,0.3175308502941773,0.03738433104078151,-0.09693923564139385,0.0,-0.2083332552082845,0.0,-0.02462720157127739,-0.01207026188228897,0.16666666666666696,-0.13043546313814422,-0.684552188170387,0.0,-0.12013255584233505,0.11764705882352956,-0.11111166666666672,0.12463109315220326,0.03542810242738965,-0.06016047974805917
0.13333333333333353,-0.11111000000000001,-0.12249637756362755,-0.10592638532766825,-0.08782700992736586,0.11111111111111124,-0.16666697916686196,-0.04862126967824416,-0.05411203535374198,0.030141945274166217,0.08333333333333348,-0.08695762759948429,0.023832166581711247,0.0,-0.11266736768314059,0.11764705882352956,-0.07407500000000002,0.01862547105392095,0.0,-0.017948272591603986
0.0,-0.2222216666666667,0.3655871876435248,0.044314440608097055,-0.0910632895585757,0.0,-0.2083332552082845,-0.04862126967824416,-0.05411203535374198,0.021551182344028162,0.08333333333333348,0.0,-0.684552188170387,0.0,0.06729375776694387,0.05882352941176478,0.0,0.17268743050155075,0.04235821199470519,0.06033074094473252
0.13333333333333353,-0.07407333333333335,-0.12249637756362755,-0.10891318232729492,-0.057680700951112426,0.0,-0.08333442708401691,-0.04862126967824416,-0.05411203535374198,0.03459958908774279,0.16666666666666696,-0.13043546313814422,-0.13344390079022186,0.0,-0.12013255584233505,0.11764705882352956,-0.11111166666666672,-0.10428995211026719,0.0,-0.013490628778027407
0.13333333333333353,-0.11111000000000001,-0.12249637756362755,-0.11108539832702338,-0.08782700992736586,0.11111111111111124,-0.16666697916686196,-0.04862126967824416,-0.05411203535374198,0.03186512570761238,0.16666666666666696,0.0,-0.18110320095731602,0.0,0.06729375776694387,0.11764705882352956,0.0,-0.13437481599372997,0.0,0.06033074094473252
0.13333333333333353,-0.037036666666666655,-0.12249637756362755,-0.1072778492593175,-0.04878700215751983,0.11111111111111124,-0.16666697916686196,-0.04862126967824416,-0.05411203535374198,0.030141945274166217,0.08333333333333348,-0.08695762759948429,0.023832166581711247,0.0,-0.11266736768314059,0.11764705882352956,-0.07407500000000002,0.01862547105392095,0.0,-0.017948272591603986
0.26666666666666705,-0.14814833333333335,-0.2018411270073971,-0.12189093871203634,-0.09402554336892209,0.05555555555555562,-0.2083332552082845,-0.04862126967824416,-0.05411203535374198,0.020387921282192505,0.16666666666666696,-0.08695762759948429,-0.15032144338833175,0.0,-0.11266736768314059,0.23529411764705913,-0.07407500000000002,-0.11748019983888314,0.0,-0.027702296583577698
0.06666666666666676,-0.07407333333333335,-0.12249637756362755,-0.11754033564439835,-0.057680700951112426,0.0,-0.2083332552082845,0.037822041465267645,-0.017109854972496796,-0.012069119189693845,0.08333333333333348,-0.08695762759948429,-0.023375825589667953,0.0,-0.11266736768314059,0.05882352941176478,-0.07407500000000002,-0.018268828450367543,0.0,-0.06015933705546405
0.0,-0.2222216666666667,0.32220951397223996,0.03738433104078151,-0.0910632895585757,0.11111111111111124,-0.16666697916686196,-0.04862126967824416,-0.05411203535374198,0.03260901858703773,0.08333333333333348,0.0,-0.13247002908474373,0.0,0.007497052544371153,0.11764705882352956,0.0,0.12930975683026588,0.03542810242738965,0.006721317844516102
0.06666666666666676,-0.2222216666666667,0.3256377453873532,0.03738433104078151,-0.09693923564139385,0.11111111111111124,-0.2083332552082845,-0.009578133839026429,-0.04423309619982345,0.03186512570761238,0.08333333333333348,0.0,-0.684552188170387,0.0,0.007497052544371153,0.11764705882352956,0.0,0.1327379882453791,0.03542810242738965,0.006721317844516102
0.06666666666666676,-0.11111000000000001,-0.10849251173409315,-0.1072778492593175,-0.057680700951112426,0.05555555555555562,-0.2500014062508789,0.0,-0.02462720157127739,-0.011366363243692923,0.16666666666666696,-0.08695762759948429,-0.18110320095731602,0.0,-0.11266736768314059,0.11764705882352956,-0.07407500000000002,-0.1094047721079736,0.0,-0.05945658110946313
0.06666666666666676,-0.18518500000000002,-0.12249637756362755,-0.11108539832702338,-0.09693923564139385,0.05555555555555562,-0.2500014062508789,0.0,-0.02462720157127739,-0.011453207880922295,0.16666666666666696,-0.13043546313814422,-0.18110320095731602,0.0,-0.11522289137431094,0.11764705882352956,-0.11111166666666672,-0.1094047721079736,0.0,-0.059543425746692503
0.0,-0.2222216666666667,0.3183503310319131,0.03738433104078151,-0.0910632895585757,0.0,-0.16666697916686196,-0.04862126967824416,-0.05411203535374198,0.02578485840896054,0.08333333333333348,-0.08695762759948429,-0.13247002908474373,0.0,-0.11266736768314059,0.05882352941176478,-0.07407500000000002,0.12545057388993905,0.03542810242738965,-0.02230535945680966
0.06666666666666676,-0.2222216666666667,0.2924099048635497,0.03738433104078151,-0.09693923564139385,0.05555555555555562,-0.2083332552082845,0.0,-0.02462720157127739,-0.01207026188228897,0.08333333333333348,0.0,-0.18110320095731602,0.0,0.06729375776694387,0.05882352941176478,0.0,0.09951014772157561,0.03542810242738965,0.06033074094473252
0.13333333333333353,-0.11111000000000001,-0.10849251173409315,-0.10427253905514773,-0.057680700951112426,0.11111111111111124,-0.16666697916686196,-0.04862126967824416,-0.05411203535374198,0.030141945274166217,0.16666666666666696,0.0,-0.13344390079022186,0.0,0.06729375776694387,0.11764705882352956,0.0,-0.10428995211026719,0.0,0.06033074094473252
0.0,-0.18518500000000002,0.40939622526970637,0.03738433104078151,-0.08787210278396368,0.0,-0.12500070312543943,-0.04862126967824416,-0.05411203535374198,0.024036538738421664,0.08333333333333348,-0.08695762759948429,-0.684552188170387,0.0,-0.11336965873243478,0.05882352941176478,-0.07407500000000002,0.21649646812773232,0.03542810242738965,-0.02405367912734854
0.06666666666666676,-0.11111000000000001,-0.12249637756362755,-0.11288735023588906,-0.08782700992736586,0.0,-0.2083332552082845,0.037822041465267645,-0.017109854972496796,-0.01207026188228897,0.16666666666666696,-0.13043546313814422,-0.13344390079022186,0.0,-0.12013255584233505,0.11764705882352956,-0.11111166666666672,-0.08998080310250735,0.0,-0.06016047974805917
0.06666666666666676,-0.14814833333333335,-0.10849251173409315,-0.10738584295248584,-0.08374090338335181,0.0,-0.2916676822923014,0.037822041465267645,-0.017109854972496796,-0.017214663945534725,0.16666666666666696,-0.13043546313814422,-0.18110320095731602,0.0,-0.11522289137431094,0.11764705882352956,-0.11111166666666672,-0.08998080310250735,0.0,-0.06530488181130494
0.06666666666666676,-0.11111000000000001,-0.12249637756362755,-0.10299821347576156,-0.08782700992736586,0.0,-0.2083332552082845,-0.009578133839026429,-0.04423309619982345,0.02403425335323142,0.16666666666666696,-0.13043546313814422,0.023832166581711247,0.0,-0.13217601886371605,0.11764705882352956,-0.11111166666666672,0.01862547105392095,0.0,-0.024055964512538785
0.06666666666666676,-0.18518500000000002,-0.12249637756362755,-0.10969382245219733,-0.09693923564139385,0.0,-0.2500014062508789,0.037822041465267645,-0.017109854972496796,-0.01207026188228897,0.16666666666666696,-0.08695762759948429,-0.13344390079022186,0.0,-0.11266736768314059,0.11764705882352956,-0.07407500000000002,-0.08998080310250735,0.0,-0.06016047974805917
0.0,-0.2222216666666667,0.29266912544064144,0.03738433104078151,-0.0910632895585757,0.0,-0.2916676822923014,0.037822041465267645,-0.017109854972496796,-0.011453207880922295,0.08333333333333348,-0.08695762759948429,-0.684552188170387,0.0,-0.11266736768314059,0.05882352941176478,-0.07407500000000002,0.09976936829866735,0.03542810242738965,-0.059543425746692503
0.13333333333333353,-0.11111000000000001,-0.10849251173409315,-0.10592638532766825,-0.057680700951112426,0.11111111111111124,-0.16666697916686196,-0.04862126967824416,-0.05411203535374198,0.030141945274166217,0.16666666666666696,-0.13043546313814422,-0.13344390079022186,0.0,-0.12013255584233505,0.11764705882352956,-0.11111166666666672,-0.10428995211026719,0.0,-0.017948272591603986
0.06666666666666676,-0.11111000000000001,-0.10849251173409315,-0.11288735023588906,-0.057680700951112426,0.0,-0.2083332552082845,0.037822041465267645,-0.017109854972496796,-0.012069119189693845,0.16666666666666696,-0.13043546313814422,0.023832166581711247,0.0,-0.13217601886371605,0.11764705882352956,-0.11111166666666672,0.01862547105392095,0.0,-0.06015933705546405
0.06666666666666676,-0.14814833333333335,-0.10849251173409315,-0.10891318232729492,-0.08782700992736586,0.0,-0.2500014062508789,0.037822041465267645,-0.017109854972496796,-0.01207026188228897,0.16666666666666696,-0.08695762759948429,-0.13344390079022186,0.0,-0.11266736768314059,0.11764705882352956,-0.07407500000000002,-0.08998080310250735,0.0,-0.06016047974805917
0.06666666666666676,-0.18518500000000002,-0.12249637756362755,-0.1117333604860333,-0.09693923564139385,0.0,-0.16666697916686196,0.0,-0.02462720157127739,-0.01207026188228897,0.08333333333333348,-0.08695762759948429,-0.023375825589667953,0.0,-0.11266736768314059,0.05882352941176478,-0.07407500000000002,-0.018268828450367543,0.0,-0.06016047974805917
0.13333333333333353,-0.18518500000000002,-0.12249637756362755,-0.1117333604860333,-0.09693923564139385,0.0,-0.08333442708401691,-0.04862126967824416,-0.05411203535374198,0.03792596723214714,0.16666666666666696,-0.13043546313814422,-0.13344390079022186,0.0,-0.12013255584233505,0.11764705882352956,-0.11111166666666672,-0.10428995211026719,0.0,-0.01016425063362306
0.06666666666666676,-0.11111000000000001,-0.12249637756362755,-0.10378811020293555,-0.08782700992736586,0.11111111111111124,-0.2083332552082845,-0.009578133839026429,-0.04423309619982345,0.03260901858703773,0.16666666666666696,-0.08695762759948429,-0.18110320095731602,0.0,-0.11266736768314059,0.11764705882352956,-0.07407500000000002,-0.11432373913386257,0.0,-0.015481199278732472
0.0,-0.2222216666666667,0.3588313917410683,0.03738433104078151,-0.0910632895585757,0.11111111111111124,-0.12500070312543943,-0.04862126967824416,-0.05411203535374198,0.03186512570761238,0.16666666666666696,-0.13043546313814422,-0.684552188170387,0.0,-0.12013255584233505,0.11764705882352956,-0.11111166666666672,0.1659316345990942,0.03542810242738965,-0.016225092158157817
0.06666666666666676,-0.14814833333333335,-0.10849251173409315,-0.10400101205518165,-0.08782700992736586,0.0,-0.2083332552082845,0.0,-0.02462720157127739,-0.01207026188228897,0.08333333333333348,-0.13043546313814422,-0.029840347381419077,0.0,-0.11891533632858556,0.05882352941176478,-0.11111166666666672,-0.02332102389793126,0.0,-0.06016047974805917
0.13333333333333353,-0.18518500000000002,-0.12249637756362755,-0.10378811020293555,-0.09693923564139385,0.11111111111111124,-0.16666697916686196,-0.04862126967824416,-0.05411203535374198,0.030141945274166217,0.16666666666666696,-0.21739113421546402,-0.023375825589667953,0.0,-0.14970652901252274,0.11764705882352956,-0.18518500000000004,-0.018268828450367543,0.0,-0.017948272591603986
0.06666666666666676,-0.18518500000000002,-0.12249637756362755,-0.10378811020293555,-0.09402554336892209,0.05555555555555562,-0.2500014062508789,-0.009578133839026429,-0.04423309619982345,0.021815144333501686,0.16666666666666696,0.0,-0.18110320095731602,0.0,0.06729375776694387,0.11764705882352956,0.0,-0.11432373913386257,0.0,0.06033074094473252
0.06666666666666676,-0.11111000000000001,-0.12249637756362755,-0.11108539832702338,-0.08782700992736586,0.0,-0.2916676822923014,0.037822041465267645,-0.017109854972496796,-0.011453207880922295,0.16666666666666696,-0.08695762759948429,-0.13344390079022186,0.0,-0.11266736768314059,0.11764705882352956,-0.07407500000000002,-0.08998080310250735,0.0,-0.059543425746692503
0.13333333333333353,-0.18518500000000002,-0.12249637756362755,-0.10378811020293555,-0.09693923564139385,0.11111111111111124,-0.12500070312543943,-0.04862126967824416,-0.05411203535374198,0.03260901858703773,0.16666666666666696,-0.13043546313814422,-0.13344390079022186,0.0,-0.12013255584233505,0.11764705882352956,-0.11111166666666672,-0.10428995211026719,0.0,-0.015481199278732472
0.0,-0.18518500000000002,0.3987039857357956,0.03738433104078151,-0.08787210278396368,0.11111111111111124,-0.2083332552082845,-0.009578133839026429,-0.04423309619982345,0.030105379111122262,0.08333333333333348,0.0,-0.684552188170387,0.0,0.007497052544371153,0.11764705882352956,0.0,0.20580422859382153,0.03542810242738965,0.006721317844516102
0.06666666666666676,-0.14814833333333335,-0.10849251173409315,-0.10400101205518165,-0.08782700992736586,0.0,-0.2083332552082845,0.0,-0.02462720157127739,-0.01207026188228897,0.08333333333333348,-0.08695762759948429,-0.029840347381419077,0.0,-0.11266736768314059,0.05882352941176478,-0.07407500000000002,-0.02332102389793126,0.0,-0.06016047974805917
0.06666666666666676,-0.14814833333333335,-0.10849251173409315,-0.10738584295248584,-0.08374090338335181,0.0,-0.2916676822923014,0.0,-0.02267479584499999,-0.017214663945534725,0.08333333333333348,-0.13043546313814422,-0.023375825589667953,0.0,-0.11522289137431094,0.05882352941176478,-0.11111166666666672,-0.018268828450367543,0.0,-0.06530488181130494
0.06666666666666676,-0.11111000000000001,-0.10849251173409315,-0.11831789023521025,-0.057680700951112426,0.16666666666666688,-0.16666697916686196,-0.04862126967824416,-0.05411203535374198,0.03186512570761238,0.08333333333333348,0.0,0.023832166581711247,0.0,0.01022591849090272,0.17647058823529435,0.0,0.01862547105392095,0.0,0.009167822690675403
0.13333333333333353,-0.18518500000000002,-0.12249637756362755,-0.10299821347576156,-0.09693923564139385,0.0,-0.12500070312543943,-0.04862126967824416,-0.05411203535374198,0.02403425335323142,0.08333333333333348,-0.08695762759948429,0.023832166581711247,0.0,-0.11266736768314059,0.11764705882352956,-0.07407500000000002,0.01862547105392095,0.0,-0.024055964512538785
0.06666666666666676,-0.18518500000000002,-0.12249637756362755,-0.10891318232729492,-0.09402554336892209,0.0,-0.2916676822923014,0.0,-0.02267479584499999,-0.017214663945534725,0.16666666666666696,-0.08695762759948429,-0.13344390079022186,0.0,-0.11266736768314059,0.11764705882352956,-0.07407500000000002,-0.10428995211026719,0.0,-0.06530488181130494
0.06666666666666676,-0.11111000000000001,-0.10849251173409315,-0.10969382245219733,-0.057680700951112426,0.0,-0.2083332552082845,0.037822041465267645,-0.017109854972496796,-0.012069119189693845,0.08333333333333348,-0.08695762759948429,0.023832166581711247,0.0,-0.11266736768314059,0.05882352941176478,-0.07407500000000002,0.01862547105392095,0.0,-0.06015933705546405
0.06666666666666676,-0.18518500000000002,0.40939622526970637,0.03738433104078151,-0.08787210278396368,0.0,-0.2916676822923014,0.037822041465267645,-0.017109854972496796,-0.011366363243692923,0.08333333333333348,-0.08695762759948429,-0.684552188170387,0.0,-0.11266736768314059,0.05882352941176478,-0.07407500000000002,0.21649646812773232,0.03542810242738965,-0.05945658110946313
0.0,-0.18518500000000002,0.2857559518247363,0.03738433104078151,-0.08787210278396368,0.11111111111111124,-0.16666697916686196,-0.04862126967824416,-0.05411203535374198,0.030105379111122262,0.08333333333333348,-0.08695762759948429,-0.18110320095731602,0.0,-0.11266736768314059,0.11764705882352956,-0.07407500000000002,0.0928561946827622,0.03542810242738965,-0.017984838754647937
0.0,-0.2222216666666667,0.40939622526970637,0.03738433104078151,-0.0910632895585757,0.0,-0.16666697916686196,-0.04862126967824416,-0.05411203535374198,0.02578485840896054,0.25000000000000044,-0.21739113421546402,-0.684552188170387,0.0,-0.1369735206959182,0.17647058823529435,-0.18518500000000004,0.21649646812773232,0.03542810242738965,-0.02230535945680966
0.06666666666666676,-0.18518500000000002,-0.12249637756362755,-0.10592638532766825,-0.09693923564139385,0.05555555555555562,-0.2083332552082845,0.0,-0.02462720157127739,-0.01207026188228897,0.08333333333333348,-0.08695762759948429,0.023832166581711247,0.0,-0.11266736768314059,0.05882352941176478,-0.07407500000000002,0.01862547105392095,0.0,-0.06016047974805917
0.0,-0.18518500000000002,0.2924099048635497,0.03738433104078151,-0.08787210278396368,0.11111111111111124,-0.16666697916686196,-0.04862126967824416,-0.05411203535374198,0.030105379111122262,0.16666666666666696,-0.13043546313814422,-0.18110320095731602,0.0,-0.13217601886371605,0.11764705882352956,-0.11111166666666672,0.09951014772157561,0.03542810242738965,-0.017984838754647937
0.06666666666666676,-0.18518500000000002,-0.10849251173409315,-0.11108539832702338,-0.09693923564139385,0.11111111111111124,-0.16666697916686196,-0.04862126967824416,-0.05411203535374198,0.030141945274166217,0.16666666666666696,-0.08695762759948429,-0.13344390079022186,0.0,-0.11266736768314059,0.11764705882352956,-0.07407500000000002,-0.10428995211026719,0.0,-0.017948272591603986
0.06666666666666676,-0.14814833333333335,-0.10849251173409315,-0.11108539832702338,-0.08782700992736586,0.0,-0.2916676822923014,0.037822041465267645,-0.017109854972496796,-0.011453207880922295,0.08333333333333348,0.0,0.023832166581711247,0.0,0.01022591849090272,0.05882352941176478,0.0,0.01862547105392095,0.0,0.009167822690675403
0.06666666666666676,-0.18518500000000002,-0.12249637756362755,-0.10592638532766825,-0.09693923564139385,0.11111111111111124,-0.2083332552082845,-0.009578133839026429,-0.04423309619982345,0.030141945274166217,0.16666666666666696,-0.08695762759948429,-0.13344390079022186,0.0,-0.11266736768314059,0.11764705882352956,-0.07407500000000002,-0.10428995211026719,0.0,-0.017948272591603986
0.0,-0.18518500000000002,0.32015134328773837,0.03738433104078151,-0.08787210278396368,0.11111111111111124,-0.16666697916686196,-0.04862126967824416,-0.05411203535374198,0.030105379111122262,0.08333333333333348,-0.08695762759948429,-0.684552188170387,0.0,-0.11266736768314059,0.11764705882352956,-0.07407500000000002,0.12725158614576432,0.03542810242738965,-0.017984838754647937
0.06666666666666676,-0.07407333333333335,-0.12249637756362755,-0.11754033564439835,-0.057680700951112426,0.0,-0.2083332552082845,0.037822041465267645,-0.017109854972496796,-0.012069119189693845,0.16666666666666696,-0.08695762759948429,-0.18110320095731602,0.0,-0.11266736768314059,0.11764705882352956,-0.07407500000000002,-0.08998080310250735,0.0,-0.06015933705546405
0.0,-0.18518500000000002,0.2894595669703063,0.03738433104078151,-0.08378599623994953,0.05555555555555562,-0.2500014062508789,-0.009578133839026429,-0.04423309619982345,0.021779720863052857,0.16666666666666696,-0.13043546313814422,-0.684552188170387,0.0,-0.12013255584233505,0.11764705882352956,-0.11111166666666672,0.09655980982833223,0.03542810242738965,-0.026310497002717346
0.06666666666666676,-0.11111000000000001,-0.12249637756362755,-0.1117333604860333,-0.08782700992736586,0.0,-0.2500014062508789,0.037822041465267645,-0.017109854972496796,-0.01207026188228897,0.16666666666666696,-0.21739113421546402,-0.023375825589667953,0.0,-0.14970652901252274,0.11764705882352956,-0.18518500000000004,-0.018268828450367543,0.0,-0.06016047974805917
0.06666666666666676,-0.2222216666666667,0.28718272334102674,0.03738433104078151,-0.09693923564139385,0.0,-0.2916676822923014,0.037822041465267645,-0.017109854972496796,-0.011453207880922295,0.08333333333333348,0.0,-0.684552188170387,0.0,0.06729375776694387,0.05882352941176478,0.0,0.09428296619905267,0.03542810242738965,0.06033074094473252
0.06666666666666676,-0.11111000000000001,-0.12249637756362755,-0.11535577750830779,-0.08782700992736586,0.0,-0.2083332552082845,0.0,-0.02462720157127739,-0.01207026188228897,0.16666666666666696,0.0,-0.18110320095731602,0.0,0.06729375776694387,0.11764705882352956,0.0,-0.1094047721079736,0.0,0.06033074094473252
0.06666666666666676,-0.2222216666666667,0.3183503310319131,0.03738433104078151,-0.0910632895585757,0.0,-0.2500014062508789,0.037822041465267645,-0.017109854972496796,-0.01207026188228897,0.08333333333333348,-0.08695762759948429,-0.13247002908474373,0.0,-0.11266736768314059,0.05882352941176478,-0.07407500000000002,0.12545057388993905,0.03542810242738965,-0.06016047974805917
0.13333333333333353,-0.14814833333333335,-0.10849251173409315,-0.10378811020293555,-0.08782700992736586,0.11111111111111124,-0.16666697916686196,-0.04862126967824416,-0.05411203535374198,0.030141945274166217,0.16666666666666696,-0.08695762759948429,-0.13344390079022186,0.0,-0.11266736768314059,0.11764705882352956,-0.07407500000000002,-0.10428995211026719,0.0,-0.017948272591603986
0.06666666666666676,-0.2222216666666667,0.3288473038576883,0.03738433104078151,-0.09693923564139385,0.05555555555555562,-0.2500014062508789,0.037822041465267645,-0.017109854972496796,-0.012656463183587282,0.16666666666666696,-0.13043546313814422,-0.684552188170387,0.0,-0.12013255584233505,0.11764705882352956,-0.11111166666666672,0.1359475467157142,0.03542810242738965,-0.06074668104935748
0.06666666666666676,-0.14814833333333335,-0.10849251173409315,-0.09020250360236103,-0.08374090338335181,0.0,-0.2916676822923014,0.0,-0.02267479584499999,-0.017214663945534725,0.08333333333333348,0.0,0.013423009930245677,0.0,0.01022591849090272,0.05882352941176478,0.0,0.010490438712531549,0.0,0.009167822690675403
0.06666666666666676,-0.11111000000000001,-0.12249637756362755,-0.10969382245219733,-0.08782700992736586,0.0,-0.2083332552082845,0.0,-0.02462720157127739,-0.01207026188228897,0.16666666666666696,0.0,-0.18110320095731602,0.0,0.06729375776694387,0.11764705882352956,0.0,-0.1094047721079736,0.0,0.06033074094473252
0.06666666666666676,-0.25925833333333337,0.40545978163825214,0.03738433104078151,-0.09693923564139385,0.0,-0.2500014062508789,0.037822041465267645,-0.017109854972496796,-0.01207026188228897,0.08333333333333348,-0.08695762759948429,-0.684552188170387,0.0,-0.11266736768314059,0.05882352941176478,-0.07407500000000002,0.21256002449627803,0.03542810242738965,-0.06016047974805917
0.06666666666666676,-0.11111000000000001,-0.10849251173409315,-0.10738584295248584,-0.057680700951112426,0.05555555555555562,-0.2916676822923014,0.0,-0.02267479584499999,-0.01712781930830532,0.16666666666666696,-0.13043546313814422,0.013423009930245677,0.0,-0.13217601886371605,0.11764705882352956,-0.11111166666666672,0.010490438712531549,0.0,-0.06521803717407552
0.06666666666666676,-0.18518500000000002,0.28189676888440957,0.03738433104078151,-0.08787210278396368,0.0,-0.2500014062508789,0.0,-0.02462720157127739,-0.011366363243692923,0.08333333333333348,-0.08695762759948429,-0.18110320095731602,0.0,-0.11266736768314059,0.05882352941176478,-0.07407500000000002,0.08899701174243548,0.03542810242738965,-0.05945658110946313
0.06666666666666676,-0.14814833333333335,-0.10849251173409315,-0.11288735023588906,-0.08782700992736586,0.0,-0.2083332552082845,0.037822041465267645,-0.017109854972496796,-0.01207026188228897,0.08333333333333348,0.0,0.023832166581711247,0.0,0.01022591849090272,0.05882352941176478,0.0,0.01862547105392095,0.0,0.009167822690675403
0.06666666666666676,-0.2222216666666667,0.32015134328773837,0.03738433104078151,-0.0910632895585757,0.05555555555555562,-0.2083332552082845,0.0,-0.02462720157127739,-0.01207026188228897,0.16666666666666696,-0.13043546313814422,-0.684552188170387,0.0,-0.12013255584233505,0.11764705882352956,-0.11111166666666672,0.12725158614576432,0.03542810242738965,-0.06016047974805917
0.0,-0.18518500000000002,0.3695236312749791,0.03738433104078151,-0.08787210278396368,0.0,-0.2916676822923014,0.037822041465267645,-0.017109854972496796,-0.011366363243692923,0.08333333333333348,0.0,-0.684552188170387,0.0,0.06729375776694387,0.05882352941176478,0.0,0.17662387413300498,0.03542810242738965,0.06033074094473252
0.06666666666666676,-0.18518500000000002,-0.12249637756362755,-0.1117333604860333,-0.09402554336892209,0.0,-0.3333339583337239,0.037822041465267645,-0.017109854972496796,-0.017214663945534725,0.16666666666666696,0.0,-0.13344390079022186,0.0,0.06729375776694387,0.11764705882352956,0.0,-0.08998080310250735,0.0,0.06033074094473252
0.06666666666666676,-0.18518500000000002,-0.12249637756362755,-0.11108539832702338,-0.09693923564139385,0.05555555555555562,-0.2500014062508789,0.0,-0.02462720157127739,-0.011453207880922295,0.08333333333333348,-0.13043546313814422,-0.023375825589667953,0.0,-0.11522289137431094,0.05882352941176478,-0.11111166666666672,-0.018268828450367543,0.0,-0.059543425746692503
0.06666666666666676,-0.07407333333333335,-0.12249637756362755,-0.10969382245219733,-0.057680700951112426,0.0,-0.2083332552082845,0.0,-0.02462720157127739,-0.012069119189693845,0.08333333333333348,-0.08695762759948429,-0.023375825589667953,0.0,-0.11266736768314059,0.05882352941176478,-0.07407500000000002,-0.018268828450367543,0.0,-0.06015933705546405
0.13333333333333353,-0.18518500000000002,-0.12249637756362755,-0.10592638532766825,-0.09402554336892209,0.05555555555555562,-0.2083332552082845,-0.04862126967824416,-0.05411203535374198,0.020387921282192505,0.16666666666666696,-0.13043546313814422,-0.18110320095731602,0.0,-0.11522289137431094,0.11764705882352956,-0.11111166666666672,-0.13437481599372997,0.0,-0.027702296583577698
0.26666666666666705,-0.11111000000000001,-0.2018411270073971,-0.13803136753956421,-0.08782700992736586,0.0,-0.08333442708401691,-0.04862126967824416,-0.05411203535374198,0.03791339761360077,0.16666666666666696,0.0,-0.11743536563093725,0.0,0.06729375776694387,0.23529411764705913,0.0,-0.09177885677184572,0.0,0.06033074094473252
0.0,-0.2222216666666667,0.3288473038576883,0.03738433104078151,-0.0910632895585757,0.11111111111111124,-0.12500070312543943,-0.04862126967824416,-0.05411203535374198,0.03260901858703773,0.08333333333333348,-0.08695762759948429,-0.684552188170387,0.0,-0.11266736768314059,0.11764705882352956,-0.07407500000000002,0.1359475467157142,0.03542810242738965,-0.015481199278732472
0.06666666666666676,-0.18518500000000002,-0.10849251173409315,-0.11288735023588906,-0.09693923564139385,0.0,-0.2083332552082845,0.037822041465267645,-0.017109854972496796,-0.01207026188228897,0.16666666666666696,0.0,-0.18110320095731602,0.0,0.06729375776694387,0.11764705882352956,0.0,-0.08998080310250735,0.0,0.06033074094473252
0.0,-0.18518500000000002,0.3256377453873532,0.03738433104078151,-0.08787210278396368,0.11111111111111124,-0.12500070312543943,-0.04862126967824416,-0.05411203535374198,0.03260901858703773,0.16666666666666696,-0.13043546313814422,-0.684552188170387,0.0,-0.12013255584233505,0.11764705882352956,-0.11111166666666672,0.1327379882453791,0.03542810242738965,-0.015481199278732472
0.06666666666666676,-0.18518500000000002,0.32015134328773837,0.03738433104078151,-0.08787210278396368,0.05555555555555562,-0.2083332552082845,0.0,-0.02462720157127739,-0.012069119189693845,0.08333333333333348,-0.08695762759948429,-0.684552188170387,0.0,-0.11266736768314059,0.05882352941176478,-0.07407500000000002,0.12725158614576432,0.03542810242738965,-0.06015933705546405
0.13333333333333353,-0.18518500000000002,-0.12249637756362755,-0.10378811020293555,-0.09693923564139385,0.11111111111111124,-0.16666697916686196,-0.04862126967824416,-0.05411203535374198,0.030141945274166217,0.08333333333333348,-0.13043546313814422,-0.023375825589667953,0.0,-0.11522289137431094,0.11764705882352956,-0.11111166666666672,-0.018268828450367543,0.0,-0.017948272591603986
0.0,-0.18518500000000002,0.28189676888440957,0.03738433104078151,-0.08787210278396368,0.0,-0.08333442708401691,-0.04862126967824416,-0.05411203535374198,0.037511169820117325,0.08333333333333348,0.0,-0.18110320095731602,0.0,0.06729375776694387,0.05882352941176478,0.0,0.08899701174243548,0.03542810242738965,0.06033074094473252
0.06666666666666676,-0.18518500000000002,0.3695236312749791,0.03738433104078151,-0.08787210278396368,0.0,-0.2500014062508789,0.037822041465267645,-0.017109854972496796,-0.012069119189693845,0.25000000000000044,-0.21739113421546402,-0.684552188170387,0.0,-0.1369735206959182,0.17647058823529435,-0.18518500000000004,0.17662387413300498,0.03542810242738965,-0.06015933705546405
0.2000000000000003,-0.11111000000000001,-0.1882925085607705,-0.1364052910738584,-0.08782700992736586,0.05555555555555562,-0.2083332552082845,0.0,-0.02462720157127739,-0.01207026188228897,0.16666666666666696,0.0,-0.13247002908474373,0.0,0.06729375776694387,0.17647058823529435,0.0,-0.10352884551098152,0.0,0.06033074094473252
0.06666666666666676,-0.07407333333333335,-0.12249637756362755,-0.11108539832702338,-0.057680700951112426,0.0,-0.2500014062508789,0.037822041465267645,-0.017109854972496796,-0.012069119189693845,0.16666666666666696,-0.08695762759948429,-0.13344390079022186,0.0,-0.11266736768314059,0.11764705882352956,-0.07407500000000002,-0.08998080310250735,0.0,-0.06015933705546405
0.13333333333333353,-0.11111000000000001,-0.12249637756362755,-0.10592638532766825,-0.08782700992736586,0.11111111111111124,-0.12500070312543943,-0.04862126967824416,-0.05411203535374198,0.03186512570761238,0.16666666666666696,-0.13043546313814422,-0.13344390079022186,0.0,-0.12013255584233505,0.11764705882352956,-0.11111166666666672,-0.10428995211026719,0.0,-0.016225092158157817
0.06666666666666676,-0.11111000000000001,-0.12249637756362755,-0.11108539832702338,-0.08374090338335181,0.0,-0.2916676822923014,0.037822041465267645,-0.017109854972496796,-0.017214663945534725,0.16666666666666696,-0.08695762759948429,-0.13344390079022186,0.0,-0.11266736768314059,0.11764705882352956,-0.07407500000000002,-0.08998080310250735,0.0,-0.06530488181130494
0.06666666666666676,-0.11111000000000001,-0.12249637756362755,-0.11513670458788061,-0.08782700992736586,0.0,-0.2083332552082845,0.037822041465267645,-0.017109854972496796,-0.01207026188228897,0.16666666666666696,-0.13043546313814422,-0.13344390079022186,0.0,-0.12013255584233505,0.11764705882352956,-0.11111166666666672,-0.08998080310250735,0.0,-0.06016047974805917
0.13333333333333353,-0.14814833333333335,-0.10849251173409315,-0.10299821347576156,-0.08782700992736586,0.0,-0.12500070312543943,-0.04862126967824416,-0.05411203535374198,0.02403425335323142,0.25000000000000044,-0.21739113421546402,-0.13344390079022186,0.0,-0.1369735206959182,0.17647058823529435,-0.18518500000000004,-0.10428995211026719,0.0,-0.024055964512538785
0.06666666666666676,-0.18518500000000002,0.40264042936724986,0.03738433104078151,-0.08787210278396368,0.05555555555555562,-0.2500014062508789,0.0,-0.02462720157127739,-0.011366363243692923,0.16666666666666696,-0.13043546313814422,-0.684552188170387,0.0,-0.12013255584233505,0.11764705882352956,-0.11111166666666672,0.20974067222527576,0.03542810242738965,-0.05945658110946313
0.06666666666666676,-0.18518500000000002,-0.10849251173409315,-0.10738584295248584,-0.09402554336892209,0.0,-0.2916676822923014,0.0,-0.02267479584499999,-0.017214663945534725,0.16666666666666696,-0.08695762759948429,-0.18110320095731602,0.0,-0.11266736768314059,0.11764705882352956,-0.07407500000000002,-0.1094047721079736,0.0,-0.06530488181130494
0.06666666666666676,-0.037036666666666655,-0.12249637756362755,-0.10891318232729492,-0.04878700215751983,0.0,-0.16666697916686196,-0.009578133839026429,-0.04423309619982345,0.029433475865189705,0.16666666666666696,-0.13043546313814422,-0.13344390079022186,0.0,-0.12013255584233505,0.11764705882352956,-0.11111166666666672,-0.10428995211026719,0.0,-0.018656742000580498
0.06666666666666676,-0.11111000000000001,-0.10849251173409315,-0.10592638532766825,-0.057680700951112426,0.05555555555555562,-0.2500014062508789,-0.009578133839026429,-0.04423309619982345,0.020387921282192505,0.16666666666666696,-0.08695762759948429,-0.13344390079022186,0.0,-0.11266736768314059,0.11764705882352956,-0.07407500000000002,-0.10428995211026719,0.0,-0.027702296583577698
0.0,-0.25925833333333337,0.40264042936724986,0.03738433104078151,-0.09693923564139385,0.0,-0.2083332552082845,0.037822041465267645,-0.017109854972496796,-0.01207026188228897,0.08333333333333348,0.0,-0.17079671481413838,0.0,0.007497052544371153,0.05882352941176478,0.0,0.20974067222527576,0.03542810242738965,0.006721317844516102
0.06666666666666676,-0.07407333333333335,-0.12249637756362755,-0.10427253905514773,-0.057680700951112426,0.11111111111111124,-0.2083332552082845,-0.009578133839026429,-0.04423309619982345,0.03260901858703773,0.16666666666666696,-0.13043546313814422,-0.18110320095731602,0.0,-0.11522289137431094,0.11764705882352956,-0.11111166666666672,-0.11432373913386257,0.0,-0.015481199278732472
0.06666666666666676,-0.14814833333333335,-0.10849251173409315,-0.11273615906545341,-0.08782700992736586,0.0,-0.2083332552082845,0.0,-0.02462720157127739,-0.01207026188228897,0.16666666666666696,-0.13043546313814422,-0.13344390079022186,0.0,-0.12013255584233505,0.11764705882352956,-0.11111166666666672,-0.10428995211026719,0.0,-0.06016047974805917
0.13333333333333353,-0.18518500000000002,-0.12249637756362755,-0.10378811020293555,-0.09693923564139385,0.11111111111111124,-0.12500070312543943,-0.04862126967824416,-0.05411203535374198,0.03260901858703773,0.16666666666666696,-0.08695762759948429,-0.13344390079022186,0.0,-0.11266736768314059,0.11764705882352956,-0.07407500000000002,-0.10428995211026719,0.0,-0.015481199278732472
0.0,-0.18518500000000002,0.3987039857357956,0.03738433104078151,-0.08787210278396368,0.11111111111111124,-0.2083332552082845,-0.009578133839026429,-0.04423309619982345,0.030105379111122262,0.16666666666666696,-0.13043546313814422,-0.684552188170387,0.0,-0.12013255584233505,0.11764705882352956,-0.11111166666666672,0.20580422859382153,0.03542810242738965,-0.017984838754647937
0.13333333333333353,-0.14814833333333335,-0.10849251173409315,-0.10592638532766825,-0.08782700992736586,0.11111111111111124,-0.16666697916686196,-0.04862126967824416,-0.05411203535374198,0.030141945274166217,0.08333333333333348,-0.13043546313814422,-0.023375825589667953,0.0,-0.11522289137431094,0.11764705882352956,-0.11111166666666672,-0.018268828450367543,0.0,-0.017948272591603986
0.06666666666666676,-0.18518500000000002,0.28397316487069163,0.03738433104078151,-0.08787210278396368,0.0,-0.2916676822923014,0.037822041465267645,-0.017109854972496796,-0.011366363243692923,0.16666666666666696,-0.13043546313814422,-0.684552188170387,0.0,-0.12013255584233505,0.11764705882352956,-0.11111166666666672,0.09107340772871754,0.03542810242738965,-0.05945658110946313
0.06666666666666676,-0.18518500000000002,0.28718272334102674,0.03738433104078151,-0.08787210278396368,0.0,-0.2916676822923014,0.037822041465267645,-0.017109854972496796,-0.011366363243692923,0.08333333333333348,-0.08695762759948429,-0.684552188170387,0.0,-0.11266736768314059,0.05882352941176478,-0.07407500000000002,0.09428296619905267,0.03542810242738965,-0.05945658110946313
0.06666666666666676,-0.14814833333333335,-0.10849251173409315,-0.1072778492593175,-0.08782700992736586,0.0,-0.2916676822923014,0.037822041465267645,-0.017109854972496796,-0.011453207880922295,0.16666666666666696,0.0,-0.08290727500211248,0.0,0.01022591849090272,0.11764705882352956,0.0,-0.06479423704164251,0.0,0.009167822690675403
0.0,-0.2222216666666667,0.3695236312749791,0.03738433104078151,-0.0910632895585757,0.0,-0.16666697916686196,-0.04862126967824416,-0.05411203535374198,0.02578485840896054,0.25000000000000044,-0.21739113421546402,-0.684552188170387,0.0,-0.1369735206959182,0.17647058823529435,-0.18518500000000004,0.17662387413300498,0.03542810242738965,-0.02230535945680966
0.06666666666666676,-0.18518500000000002,-0.10849251173409315,-0.10378811020293555,-0.09693923564139385,0.11111111111111124,-0.2083332552082845,-0.009578133839026429,-0.04423309619982345,0.032972394832287,0.25000000000000044,-0.21739113421546402,-0.13344390079022186,0.0,-0.1369735206959182,0.17647058823529435,-0.18518500000000004,-0.10428995211026719,0.0,-0.015117823033483203
0.06666666666666676,-0.11111000000000001,-0.12249637756362755,-0.10891318232729492,-0.08782700992736586,0.0,-0.2500014062508789,0.0,-0.02462720157127739,-0.011453207880922295,0.16666666666666696,0.0,-0.18110320095731602,0.0,0.06729375776694387,0.11764705882352956,0.0,-0.1094047721079736,0.0,0.06033074094473252
0.06666666666666676,-0.2222216666666667,0.29266912544064144,0.03738433104078151,-0.09693923564139385,0.0,-0.2916676822923014,0.037822041465267645,-0.017109854972496796,-0.011453207880922295,0.16666666666666696,-0.13043546313814422,-0.684552188170387,0.0,-0.12013255584233505,0.11764705882352956,-0.11111166666666672,0.09976936829866735,0.03542810242738965,-0.059543425746692503
0.06666666666666676,-0.07407333333333335,-0.12249637756362755,-0.1117333604860333,-0.057680700951112426,0.0,-0.16666697916686196,-0.009578133839026429,-0.04423309619982345,0.03792596723214714,0.08333333333333348,-0.08695762759948429,0.023832166581711247,0.0,-0.11266736768314059,0.05882352941176478,-0.07407500000000002,0.01862547105392095,0.0,-0.01016425063362306
0.13333333333333353,-0.11111000000000001,-0.12249637756362755,-0.10378811020293555,-0.08782700992736586,0.11111111111111124,-0.12500070312543943,-0.04862126967824416,-0.05411203535374198,0.03260901858703773,0.16666666666666696,-0.13043546313814422,-0.13344390079022186,0.0,-0.12013255584233505,0.11764705882352956,-0.11111166666666672,-0.10428995211026719,0.0,-0.015481199278732472
0.06666666666666676,-0.14814833333333335,-0.10849251173409315,-0.10891318232729492,-0.08782700992736586,0.0,-0.2083332552082845,0.0,-0.02462720157127739,-0.01207026188228897,0.16666666666666696,-0.13043546313814422,-0.13344390079022186,0.0,-0.12013255584233505,0.11764705882352956,-0.11111166666666672,-0.10428995211026719,0.0,-0.06016047974805917
0.06666666666666676,-0.2222216666666667,0.28397316487069163,0.03738433104078151,-0.09693923564139385,0.05555555555555562,-0.2500014062508789,0.0,-0.02462720157127739,-0.011453207880922295,0.08333333333333348,0.0,-0.684552188170387,0.0,0.06729375776694387,0.05882352941176478,0.0,0.09107340772871754,0.03542810242738965,0.06033074094473252
0.06666666666666676,-0.18518500000000002,-0.12249637756362755,-0.10299821347576156,-0.09693923564139385,0.0,-0.2083332552082845,-0.009578133839026429,-0.04423309619982345,0.025781430331175165,0.16666666666666696,-0.13043546313814422,-0.13344390079022186,0.0,-0.12013255584233505,0.11764705882352956,-0.11111166666666672,-0.10428995211026719,0.0,-0.022308787534595035
0.13333333333333353,-0.18518500000000002,-0.12249637756362755,-0.10378811020293555,-0.09693923564139385,0.11111111111111124,-0.16666697916686196,-0.04862126967824416,-0.05411203535374198,0.03260901858703773,0.16666666666666696,0.0,-0.18110320095731602,0.0,0.06729375776694387,0.11764705882352956,0.0,-0.13437481599372997,0.0,0.06033074094473252
0.2000000000000003,-0.14814833333333335,-0.1882925085607705,-0.12189093871203634,-0.09693923564139385,0.11111111111111124,-0.16666697916686196,-0.04862126967824416,-0.05411203535374198,0.030981824331581965,0.08333333333333348,-0.08695762759948429,0.003962516389130481,0.0,-0.11266736768314059,0.17647058823529435,-0.07407500000000002,0.003096811783913677,0.0,-0.01710839353418824
0.13333333333333353,-0.18518500000000002,-0.12249637756362755,-0.10299821347576156,-0.09693923564139385,0.0,-0.16666697916686196,-0.04862126967824416,-0.05411203535374198,0.025781430331175165,0.16666666666666696,-0.13043546313814422,-0.13344390079022186,0.0,-0.12013255584233505,0.11764705882352956,-0.11111166666666672,-0.10428995211026719,0.0,-0.022308787534595035
0.0,-0.18518500000000002,0.40545978163825214,0.03738433104078151,-0.08787210278396368,0.0,-0.16666697916686196,-0.009578133839026429,-0.04423309619982345,0.03459958908774279,0.25000000000000044,-0.21739113421546402,-0.17079671481413838,0.0,-0.14970652901252274,0.17647058823529435,-0.18518500000000004,0.21256002449627803,0.03542810242738965,-0.013490628778027407
0.13333333333333353,-0.07407333333333335,-0.12249637756362755,-0.10427253905514773,-0.057680700951112426,0.0,-0.16666697916686196,-0.04862126967824416,-0.05411203535374198,0.025781430331175165,0.16666666666666696,-0.13043546313814422,-0.18110320095731602,0.0,-0.11522289137431094,0.11764705882352956,-0.11111166666666672,-0.13437481599372997,0.0,-0.022308787534595035
0.13333333333333353,-0.11111000000000001,-0.12249637756362755,-0.1117333604860333,-0.08782700992736586,0.0,-0.08333442708401691,-0.04862126967824416,-0.05411203535374198,0.03792596723214714,0.08333333333333348,-0.08695762759948429,-0.023375825589667953,0.0,-0.11266736768314059,0.11764705882352956,-0.07407500000000002,-0.018268828450367543,0.0,-0.01016425063362306
0.0,-0.2222216666666667,0.36276783537252255,0.03738433104078151,-0.0910632895585757,0.0,-0.16666697916686196,-0.009578133839026429,-0.04423309619982345,0.03459958908774279,0.08333333333333348,-0.08695762759948429,-0.684552188170387,0.0,-0.11266736768314059,0.05882352941176478,-0.07407500000000002,0.16986807823054847,0.03542810242738965,-0.013490628778027407
0.06666666666666676,-0.25925833333333337,0.40545978163825214,0.03738433104078151,-0.09693923564139385,0.0,-0.2916676822923014,0.037822041465267645,-0.017109854972496796,-0.011453207880922295,0.16666666666666696,-0.13043546313814422,-0.684552188170387,0.0,-0.12013255584233505,0.11764705882352956,-0.11111166666666672,0.21256002449627803,0.03542810242738965,-0.059543425746692503
0.06666666666666676,-0.14814833333333335,-0.10849251173409315,-0.09064373497730586,-0.08782700992736586,0.05555555555555562,-0.2083332552082845,0.0,-0.02462720157127739,-0.01207026188228897,0.08333333333333348,-0.08695762759948429,0.013423009930245677,0.0,-0.11266736768314059,0.05882352941176478,-0.07407500000000002,0.010490438712531549,0.0,-0.06016047974805917
0.0,-0.2222216666666667,0.29266912544064144,0.03738433104078151,-0.0910632895585757,0.0,-0.08333442708401691,-0.04862126967824416,-0.05411203535374198,0.030703007338371818,0.25000000000000044,-0.21739113421546402,-0.684552188170387,0.0,-0.1369735206959182,0.17647058823529435,-0.18518500000000004,0.09976936829866735,0.03542810242738965,-0.017387210527398382
0.06666666666666676,-0.11111000000000001,-0.10849251173409315,-0.10592638532766825,-0.057680700951112426,0.11111111111111124,-0.2083332552082845,-0.009578133839026429,-0.04423309619982345,0.03186512570761238,0.25000000000000044,-0.21739113421546402,-0.13344390079022186,0.0,-0.1369735206959182,0.17647058823529435,-0.18518500000000004,-0.10428995211026719,0.0,-0.016225092158157817
0.06666666666666676,-0.11111000000000001,-0.12249637756362755,-0.10299821347576156,-0.08782700992736586,0.0,-0.2083332552082845,-0.009578133839026429,-0.04423309619982345,0.02403425335323142,0.16666666666666696,-0.13043546313814422,-0.13344390079022186,0.0,-0.12013255584233505,0.11764705882352956,-0.11111166666666672,-0.10428995211026719,0.0,-0.024055964512538785
0.06666666666666676,-0.037036666666666655,-0.12249637756362755,-0.11288735023588906,-0.04878700215751983,0.0,-0.2500014062508789,0.037822041465267645,-0.017109854972496796,-0.012069119189693845,0.16666666666666696,-0.13043546313814422,0.023832166581711247,0.0,-0.13217601886371605,0.11764705882352956,-0.11111166666666672,0.01862547105392095,0.0,-0.06015933705546405
0.06666666666666676,-0.07407333333333335,-0.12249637756362755,-0.10969382245219733,-0.057680700951112426,0.0,-0.2500014062508789,0.037822041465267645,-0.017109854972496796,-0.012069119189693845,0.25000000000000044,-0.21739113421546402,-0.13344390079022186,0.0,-0.1369735206959182,0.17647058823529435,-0.18518500000000004,-0.08998080310250735,0.0,-0.06015933705546405
0.06666666666666676,-0.11111000000000001,-0.10849251173409315,-0.10891318232729492,-0.057680700951112426,0.05555555555555562,-0.2083332552082845,0.0,-0.02462720157127739,-0.012069119189693845,0.16666666666666696,-0.08695762759948429,-0.18110320095731602,0.0,-0.11266736768314059,0.11764705882352956,-0.07407500000000002,-0.1094047721079736,0.0,-0.06015933705546405
0.06666666666666676,-0.07407333333333335,-0.12249637756362755,-0.11754033564439835,-0.057680700951112426,0.0,-0.2083332552082845,0.037822041465267645,-0.017109854972496796,-0.012069119189693845,0.16666666666666696,-0.13043546313814422,-0.13344390079022186,0.0,-0.12013255584233505,0.11764705882352956,-0.11111166666666672,-0.08998080310250735,0.0,-0.06015933705546405
0.13333333333333353,-0.07407333333333335,-0.12249637756362755,-0.10427253905514773,-0.057680700951112426,0.11111111111111124,-0.12500070312543943,-0.04862126967824416,-0.05411203535374198,0.032972394832287,0.16666666666666696,-0.21739113421546402,-0.023375825589667953,0.0,-0.14970652901252274,0.11764705882352956,-0.18518500000000004,-0.018268828450367543,0.0,-0.015117823033483203
0.0,-0.18518500000000002,0.40939622526970637,0.03738433104078151,-0.08787210278396368,0.0,-0.16666697916686196,-0.04862126967824416,-0.05411203535374198,0.02578485840896054,0.08333333333333348,-0.08695762759948429,-0.17079671481413838,0.0,-0.11833922824459102,0.05882352941176478,-0.07407500000000002,0.21649646812773232,0.03542810242738965,-0.02230535945680966
0.13333333333333353,-0.11111000000000001,-0.12249637756362755,-0.10299821347576156,-0.08782700992736586,0.0,-0.12500070312543943,-0.04862126967824416,-0.05411203535374198,0.02403425335323142,0.25000000000000044,-0.21739113421546402,-0.13344390079022186,0.0,-0.1369735206959182,0.17647058823529435,-0.18518500000000004,-0.10428995211026719,0.0,-0.024055964512538785
0.06666666666666676,-0.14814833333333335,-0.10849251173409315,-0.10378811020293555,-0.08374090338335181,0.05555555555555562,-0.2500014062508789,-0.009578133839026429,-0.04423309619982345,0.021815144333501686,0.08333333333333348,-0.08695762759948429,-0.023375825589667953,0.0,-0.11266736768314059,0.05882352941176478,-0.07407500000000002,-0.018268828450367543,0.0,-0.026275073532268513
0.06666666666666676,-0.18518500000000002,-0.10849251173409315,-0.10891318232729492,-0.09693923564139385,0.05555555555555562,-0.2083332552082845,0.0,-0.02462720157127739,-0.01207026188228897,0.08333333333333348,-0.08695762759948429,0.023832166581711247,0.0,-0.11266736768314059,0.05882352941176478,-0.07407500000000002,0.01862547105392095,0.0,-0.06016047974805917
0.06666666666666676,-0.11111000000000001,-0.12249637756362755,-0.10592638532766825,-0.08782700992736586,0.11111111111111124,-0.2083332552082845,-0.009578133839026429,-0.04423309619982345,0.030141945274166217,0.25000000000000044,-0.21739113421546402,-0.13344390079022186,0.0,-0.1369735206959182,0.17647058823529435,-0.18518500000000004,-0.10428995211026719,0.0,-0.017948272591603986
0.06666666666666676,-0.18518500000000002,0.3987039857357956,0.03738433104078151,-0.08378599623994953,0.0,-0.2916676822923014,0.0,-0.02267479584499999,-0.01712781930830532,0.16666666666666696,-0.13043546313814422,-0.684552188170387,0.0,-0.12013255584233505,0.11764705882352956,-0.11111166666666672,0.20580422859382153,0.03542810242738965,-0.06521803717407552
0.06666666666666676,-0.2222216666666667,0.28718272334102674,0.03738433104078151,-0.09693923564139385,0.0,-0.2083332552082845,0.0,-0.02462720157127739,-0.01207026188228897,0.16666666666666696,-0.13043546313814422,-0.684552188170387,0.0,-0.12013255584233505,0.11764705882352956,-0.11111166666666672,0.09428296619905267,0.03542810242738965,-0.06016047974805917
0.06666666666666676,-0.14814833333333335,-0.10849251173409315,-0.11108539832702338,-0.08782700992736586,0.05555555555555562,-0.2500014062508789,0.037822041465267645,-0.017109854972496796,-0.01207026188228897,0.08333333333333348,0.0,-0.023375825589667953,0.0,0.06729375776694387,0.05882352941176478,0.0,-0.018268828450367543,0.0,0.06033074094473252
0.06666666666666676,-0.11111000000000001,-0.12249637756362755,-0.10299821347576156,-0.08782700992736586,0.0,-0.2083332552082845,-0.009578133839026429,-0.04423309619982345,0.025781430331175165,0.08333333333333348,-0.08695762759948429,0.023832166581711247,0.0,-0.11266736768314059,0.05882352941176478,-0.07407500000000002,0.01862547105392095,0.0,-0.022308787534595035
0.06666666666666676,-0.18518500000000002,-0.12249637756362755,-0.11108539832702338,-0.09693923564139385,0.0,-0.2916676822923014,0.037822041465267645,-0.017109854972496796,-0.011453207880922295,0.16666666666666696,0.0,-0.18110320095731602,0.0,0.06729375776694387,0.11764705882352956,0.0,-0.08998080310250735,0.0,0.06033074094473252
0.06666666666666676,-0.2222216666666667,0.28837315901487176,0.03738433104078151,-0.0910632895585757,0.05555555555555562,-0.2500014062508789,0.0,-0.02462720157127739,-0.011453207880922295,0.08333333333333348,-0.08695762759948429,-0.18110320095731602,0.0,-0.11266736768314059,0.05882352941176478,-0.07407500000000002,0.09547340187289767,0.03542810242738965,-0.059543425746692503
0.0,-0.18518500000000002,0.28837315901487176,0.03738433104078151,-0.08787210278396368,0.0,-0.12500070312543943,-0.009578133839026429,-0.048219745018150316,0.0331426560289604,0.08333333333333348,0.0,-0.18110320095731602,0.0,0.06729375776694387,0.05882352941176478,0.0,0.09547340187289767,0.03542810242738965,0.06033074094473252
0.06666666666666676,-0.11111000000000001,-0.10849251173409315,-0.10891318232729492,-0.057680700951112426,0.0,-0.2083332552082845,0.0,-0.02462720157127739,-0.012069119189693845,0.08333333333333348,-0.08695762759948429,-0.029840347381419077,0.0,-0.11266736768314059,0.05882352941176478,-0.07407500000000002,-0.02332102389793126,0.0,-0.06015933705546405
0.13333333333333353,-0.18518500000000002,-0.12249637756362755,-0.1117333604860333,-0.09693923564139385,0.0,-0.08333442708401691,-0.04862126967824416,-0.05411203535374198,0.03792596723214714,0.08333333333333348,-0.08695762759948429,0.023832166581711247,0.0,-0.11266736768314059,0.11764705882352956,-0.07407500000000002,0.01862547105392095,0.0,-0.01016425063362306
0.06666666666666676,-0.2222216666666667,0.2894595669703063,0.03738433104078151,-0.09693923564139385,0.0,-0.2500014062508789,0.0,-0.02462720157127739,-0.011453207880922295,0.08333333333333348,0.0,-0.684552188170387,0.0,0.06729375776694387,0.05882352941176478,0.0,0.09655980982833223,0.03542810242738965,0.06033074094473252
0.06666666666666676,-0.11111000000000001,-0.12249637756362755,-0.10378811020293555,-0.08374090338335181,0.05555555555555562,-0.2500014062508789,-0.009578133839026429,-0.04423309619982345,0.021815144333501686,0.16666666666666696,-0.08695762759948429,-0.13344390079022186,0.0,-0.11266736768314059,0.11764705882352956,-0.07407500000000002,-0.10428995211026719,0.0,-0.026275073532268513
0.06666666666666676,-0.18518500000000002,-0.12249637756362755,-0.10378811020293555,-0.09693923564139385,0.11111111111111124,-0.2083332552082845,-0.009578133839026429,-0.04423309619982345,0.03260901858703773,0.08333333333333348,0.0,0.023832166581711247,0.0,0.01022591849090272,0.11764705882352956,0.0,0.01862547105392095,0.0,0.009167822690675403
0.26666666666666705,-0.11111000000000001,-0.2018411270073971,-0.13746362926690792,-0.08782700992736586,0.05555555555555562,-0.2083332552082845,0.0,-0.02462720157127739,-0.01207026188228897,0.16666666666666696,-0.08695762759948429,-0.11061941072728208,0.0,-0.11266736768314059,0.23529411764705913,-0.07407500000000002,-0.08645200701491758,0.0,-0.06016047974805917
