REL_W,RF_W,INPC_W,PFC_W,WCC_W,REL_D,RF_D,INPC_D,PFC_D,WCC_D,REL_F,RF_F,INPC_F,PFC_F,WCC_F,REL_R,RF_R,INPC_R,PFC_R,WCC_R
-0.4,0.4999999999999999,0.57294474376954,0.0830997998284244,0.017431580927301873,0.0,0.0714278826528151,0.0693017865108256,0.019707577094164725,-0.27745143357372815,-0.4,0.20000045000044986,0.0,0.0,-0.011485894215183614,0.0,0.3500013500013499,0.4134147392542329,0.06634884288368782,-0.17425212407806628
-0.4,0.4999999999999999,0.5588411656314219,0.0830997998284244,0.039452647418414415,0.0,0.0,0.0693017865108256,0.019707577094164725,-0.29628281225072517,-0.4,0.10000135000135003,0.0,0.0,-0.016556729201251646,0.0,0.3500013500013499,0.4007415634827383,0.06634884288368782,-0.17848800821405636
-0.4,0.4999999999999999,0.42008896538368734,-0.018206081403107508,0.019462992570300028,0.0,0.0,0.0693017865108256,0.019707577094164725,-0.2896743421187193,-0.4,0.20000045000044986,0.0,0.0,-0.011485894215183614,0.0,0.3500013500013499,0.27606178327372893,0.019707577094164725,-0.17425212407806628
-0.2,-0.16666750000000008,0.57294474376954,0.29362310551901627,-0.06596915263801367,0.0,-0.07142788265281529,0.17479708296125548,0.09196869310610187,-0.36070670337357186,0.0,0.10000135000135003,0.0,0.0,-0.012342867776325046,0.0,0.10000135000135003,0.4134147392542329,0.273616246551174,-0.1749679905423814
-0.2,0.444445,0.57294474376954,0.11924506720045747,0.03191479356719654,0.0,-0.07142788265281529,0.11146576570277568,0.07079712457065632,-0.37072678854122776,0.0,0.20000045000044986,0.0,0.0,-0.011485894215183614,0.0,0.3000018000018,0.4134147392542329,0.10193509637943651,-0.17425212407806628
-0.2,-0.1111100000000001,0.48505692550606677,0.26106186254885133,-0.06596915263801367,0.0,0.0,0.13382345077549612,0.046303421610765914,-0.36070670337357186,-0.2,0.20000045000044986,0.0,0.0,-0.005744171355536331,0.0,0.20000045000044986,0.3344406123966078,0.2415585878113328,-0.1694558187671553
0.0,-0.3333325000000001,0.39351711174778775,0.31810122962539306,-0.16001598796200497,0.0,0.0714278826528151,0.13382345077549612,0.04594680831096677,-0.3023226798767892,-0.2,0.20000045000044986,0.0,0.0,0.38788092474792724,0.0,0.20000045000044986,0.2521848799514408,0.297715797969181,0.1593559656220469
-0.4,0.444445,0.5104512136393318,0.10128681727194734,0.01921376845669146,0.0,0.0714278826528151,0.13382345077549612,0.04594680831096677,-0.30183589068105493,-0.2,0.20000045000044986,0.0,0.0,0.3830941152849805,0.0,0.3000018000018,0.35725938036833527,0.08425458435781452,0.15535734008565852
-0.4,0.444445,0.39351711174778775,0.19416642836717185,0.029272077494592347,0.0,0.0,0.0693017865108256,0.019707577094164725,-0.29628281225072517,-0.2,0.20000045000044986,0.0,0.0,0.4026820823967837,0.0,0.3000018000018,0.2521848799514408,0.17569774207473868,0.17172000212714605
-0.4,0.4999999999999999,0.5588411656314219,0.012029358497759978,0.02412301326060389,-0.2,0.0714278826528151,0.13382345077549612,0.04594680831096677,-0.29233122936770584,-0.4,0.10000135000135003,0.0,0.0,-0.012342867776325046,-0.2,0.3500013500013499,0.4007415634827383,0.04594680831096677,-0.1749679905423814
-0.2,-0.1111100000000001,0.57294474376954,0.33480125822133244,-0.06596915263801367,0.0,0.0714278826528151,0.0693017865108256,0.019707577094164725,-0.27745143357372815,-0.2,0.10000135000135003,0.0,0.0,0.35219164867022196,0.0,0.10000135000135003,0.4134147392542329,0.314157548002027,0.12954319538245676
-0.4,0.444445,0.57294474376954,0.14732627966828707,0.03191479356719654,0.0,-0.07142788265281529,0.13382345077549612,0.046303421610765914,-0.37072678854122776,-0.2,0.10000135000135003,0.0,0.0,0.35171664046776063,0.0,0.3000018000018,0.4134147392542329,0.1295820116743933,0.12914640082795065
-0.2,-0.1111100000000001,0.39351711174778775,0.3211323991993137,-0.06553653719552327,0.0,0.0,0.0693017865108256,0.019707577094164725,-0.2896743421187193,-0.2,0.20000045000044986,0.0,0.0,0.40268453089267275,0.0,0.20000045000044986,0.2521848799514408,0.30070008821486893,0.1717220474599013
-0.4,0.4999999999999999,0.5876485806827695,0.005776379754074878,0.017431580927301873,0.0,0.0,0.13382345077549612,0.046303421610765914,-0.36070670337357186,-0.2,0.20000045000044986,0.0,0.0,0.00223057975485658,0.0,0.3500013500013499,0.4266272948122519,0.046303421610765914,-0.16279416998351467
-0.4,0.4999999999999999,0.39351711174778775,-0.02222857687541703,0.026779836358506563,0.0,0.0714278826528151,0.13382345077549612,0.04594680831096677,-0.30183589068105493,-0.2,0.10000135000135003,0.0,0.0,0.33634498327677304,0.0,0.3500013500013499,0.2521848799514408,0.04594680831096677,0.1163058017908933
-0.4,-0.1111100000000001,0.5308597782906004,0.37064150224001524,-0.06596915263801367,0.0,0.0,0.11146576570277568,0.06877005949811371,-0.36070670337357186,0.0,0.20000045000044986,0.0,0.0,0.3917250632936188,0.0,0.20000045000044986,0.37559808311004605,0.34944349556110293,0.16256713804768896
-0.2,0.444445,0.39351711174778775,0.04026308264226472,0.01921376845669146,0.0,0.0714278826528151,0.11146576570277568,0.07079712457065632,-0.30183589068105493,0.0,0.20000045000044986,0.0,0.0,0.3830941152849805,0.0,0.3000018000018,0.2521848799514408,0.07079712457065632,0.15535734008565852
-0.4,-0.1111100000000001,0.57294474376954,0.4749785530454674,-0.06196275745321168,0.0,0.0,0.0693017865108256,0.019707577094164725,-0.29628281225072517,-0.2,0.10000135000135003,0.0,0.0,-0.016556729201251646,0.0,0.10000135000135003,0.4134147392542329,0.4521668950243059,-0.17848800821405636
-0.2,0.444445,0.57294474376954,0.11924506720045747,0.03191479356719654,0.0,-0.07142788265281529,0.11146576570277568,0.07079712457065632,-0.37072678854122776,-0.2,0.10000135000135003,0.0,0.0,-0.016556729201251646,0.0,0.3000018000018,0.4134147392542329,0.10193509637943651,-0.17848800821405636
-0.6,0.4999999999999999,0.5104512136393318,-0.02222857687541703,0.017431580927301873,0.0,-0.07142788265281529,0.17479708296125548,0.09196869310610187,-0.36070670337357186,0.0,0.20000045000044986,0.0,0.0,0.38694315082244984,0.0,0.3500013500013499,0.35725938036833527,0.09196869310610187,0.15857260317681085
-0.2,-0.1111100000000001,0.5588411656314219,0.29415689638737963,-0.06596915263801367,0.0,0.0,0.13382345077549612,0.046303421610765914,-0.36070670337357186,-0.4,0.20000045000044986,0.0,0.0,0.00223057975485658,0.0,0.20000045000044986,0.4007415634827383,0.27414178194035177,-0.16279416998351467
-0.4,0.4999999999999999,0.5104512136393318,-0.01523210370794016,0.017431580927301873,0.0,0.0,0.13382345077549612,0.046303421610765914,-0.36070670337357186,-0.2,0.20000045000044986,0.0,0.0,0.3917250632936188,0.0,0.3500013500013499,0.35725938036833527,0.046303421610765914,0.16256713804768896
-0.4,0.4999999999999999,0.57294474376954,-0.018206081403107508,0.028820652685037258,0.0,0.14285897959249255,0.0693017865108256,0.019707577094164725,-0.2803148994309885,-0.2,0.10000135000135003,0.0,0.0,-0.016556729201251646,0.0,0.3500013500013499,0.4134147392542329,0.019707577094164725,-0.17848800821405636
-0.2,-0.1111100000000001,0.57294474376954,0.29943761319226,-0.06072133922693492,0.0,0.14285897959249255,0.0693017865108256,0.019707577094164725,-0.27745143357372815,-0.2,0.20000045000044986,0.0,0.0,-0.011485894215183614,0.0,0.20000045000044986,0.4134147392542329,0.2793408284690028,-0.17425212407806628
-0.2,-0.16666750000000008,0.5588411656314219,0.3211323991993137,-0.06553653719552327,0.0,0.0,0.11146576570277568,0.07079712457065632,-0.3710172257924642,-0.2,0.10000135000135003,0.0,0.0,-0.016556729201251646,0.0,0.10000135000135003,0.4007415634827383,0.30070008821486893,-0.17848800821405636
-0.4,0.4999999999999999,0.5228366477434865,0.08897149938042126,0.02412301326060389,-0.2,0.14285897959249255,-0.07126802870387779,-0.036130558005968635,-0.004217476141193427,-0.4,0.20000045000044986,0.0,0.0,-0.011485894215183614,-0.2,0.3500013500013499,0.3683886684022697,0.07212973216464272,-0.004217476141193427
-0.2,-0.1111100000000001,0.39351711174778775,0.16764846058526348,-0.06072133922693492,0.0,0.14285897959249255,0.11146576570277568,0.07079712457065632,-0.2632997762405966,0.0,0.20000045000044986,0.0,0.0,0.3840735136405705,0.0,0.20000045000044986,0.2521848799514408,0.1495898947052309,0.1561754731877328
-0.4,0.4999999999999999,0.5228366477434865,-0.004975693451529964,0.026779836358506563,0.0,0.14285897959249255,0.0693017865108256,0.019707577094164725,-0.27745143357372815,-0.4,0.10000135000135003,0.0,0.0,-0.016556729201251646,0.0,0.3500013500013499,0.3683886684022697,0.019707577094164725,-0.17848800821405636
-0.4,0.444445,0.42008896538368734,0.19416642836717185,0.029272077494592347,0.0,0.0,0.0693017865108256,0.019707577094164725,-0.29628281225072517,-0.4,0.20000045000044986,0.0,0.0,-0.011485894215183614,0.0,0.3000018000018,0.27606178327372893,0.17569774207473868,-0.17425212407806628
-0.4,-0.1111100000000001,0.57294474376954,0.3557906777237632,-0.06072133922693492,0.0,0.14285897959249255,0.0693017865108256,0.019707577094164725,-0.27745143357372815,-0.2,0.20000045000044986,0.0,0.0,-0.011485894215183614,0.0,0.20000045000044986,0.4134147392542329,0.3348223502693369,-0.17425212407806628
-0.4,0.444445,0.57294474376954,0.04026308264226472,0.01921376845669146,0.0,0.0,0.17479708296125548,0.09196869310610187,-0.30183589068105493,-0.2,0.20000045000044986,0.0,0.0,0.00223057975485658,0.0,0.3000018000018,0.4134147392542329,0.09196869310610187,-0.16279416998351467
-0.4,0.4999999999999999,0.39351711174778775,-0.01523210370794016,0.017431580927301873,0.0,0.0714278826528151,0.0693017865108256,0.019707577094164725,-0.27745143357372815,-0.2,0.10000135000135003,0.0,0.0,0.35219164867022196,0.0,0.3500013500013499,0.2521848799514408,0.019707577094164725,0.12954319538245676
-0.4,-0.1111100000000001,0.5228366477434865,0.37064150224001524,-0.06596915263801367,0.0,0.0714278826528151,0.0693017865108256,0.019707577094164725,-0.27745143357372815,-0.4,0.10000135000135003,0.0,0.0,-0.016556729201251646,0.0,0.10000135000135003,0.3683886684022697,0.34944349556110293,-0.17848800821405636
-0.4,-0.1111100000000001,0.5104512136393318,0.4749785530454674,-0.06196275745321168,0.0,0.0,0.0693017865108256,0.019707577094164725,-0.29628281225072517,-0.2,0.20000045000044986,0.0,0.0,0.39791730939683756,0.0,0.20000045000044986,0.35725938036833527,0.4521668950243059,0.16773978458555422
-0.4,0.444445,0.5104512136393318,0.0965017634162615,0.01921376845669146,0.0,0.0714278826528151,0.11146576570277568,0.06877005949811371,-0.30183589068105493,0.0,0.10000135000135003,0.0,0.0,0.33720685382969245,0.0,0.3000018000018,0.35725938036833527,0.07954353497625703,0.11702575892071879
-0.2,-0.38889000000000007,0.5104512136393318,0.3711562291487942,-0.21999435718988053,0.0,0.0714278826528151,0.0693017865108256,0.019707577094164725,-0.27745143357372815,-0.2,0.20000045000044986,0.0,0.0,0.38694315082244984,0.0,0.20000045000044986,0.35725938036833527,0.34995026182923855,0.15857260317681085
-0.4,0.4999999999999999,0.5228366477434865,-0.01523210370794016,0.026779836358506563,0.0,0.0714278826528151,0.13382345077549612,0.04594680831096677,-0.30183589068105493,-0.4,0.10000135000135003,0.0,0.0,-0.012342867776325046,0.0,0.3500013500013499,0.3683886684022697,0.04594680831096677,-0.1749679905423814
-0.4,0.444445,0.48505692550606677,0.10128681727194734,0.01921376845669146,0.0,0.14285897959249255,0.0693017865108256,0.019707577094164725,-0.27745143357372815,-0.2,0.20000045000044986,0.0,0.0,-0.011485894215183614,0.0,0.3000018000018,0.3344406123966078,0.08425458435781452,-0.17425212407806628
-0.2,-0.1111100000000001,0.42008896538368734,0.2847583643122675,-0.06596915263801367,0.0,0.0,0.11146576570277568,0.07079712457065632,-0.36070670337357186,-0.2,0.10000135000135003,0.0,0.0,-0.016556729201251646,0.0,0.10000135000135003,0.27606178327372893,0.26488860526661523,-0.17848800821405636
-0.2,-0.1111100000000001,0.39351711174778775,0.20533790868363364,-0.06072133922693492,0.0,0.14285897959249255,0.0693017865108256,0.019707577094164725,-0.2803148994309885,-0.2,0.20000045000044986,0.0,0.0,0.3830941152849805,0.0,0.20000045000044986,0.2521848799514408,0.18669644700538682,0.15535734008565852
-0.6,0.4999999999999999,0.57294474376954,-0.004975693451529964,0.026779836358506563,0.0,0.0,0.17479708296125548,0.09196869310610187,-0.30183589068105493,0.0,0.20000045000044986,0.0,0.0,0.00223057975485658,0.0,0.3500013500013499,0.4134147392542329,0.09196869310610187,-0.16279416998351467
-0.2,-0.1111100000000001,0.5104512136393318,0.3457058431036126,-0.06196275745321168,0.0,-0.07142788265281529,0.13382345077549612,0.046303421610765914,-0.37072678854122776,-0.2,0.10000135000135003,0.0,0.0,0.3604063523777344,0.0,0.10000135000135003,0.35725938036833527,0.32489348523808625,0.1364052867761056
-0.2,0.444445,0.39351711174778775,0.04026308264226472,0.01921376845669146,0.0,0.14285897959249255,0.0693017865108256,0.019707577094164725,-0.27745143357372815,-0.2,0.20000045000044986,0.0,0.0,0.3878784762520384,0.0,0.3000018000018,0.2521848799514408,0.024174627902175293,0.15935392028929188
-0.2,0.444445,0.5228366477434865,0.0965017634162615,0.009917238784914887,0.0,0.0714278826528151,0.0693017865108256,0.019707577094164725,-0.27745143357372815,-0.2,0.20000045000044986,0.0,0.0,-0.011485894215183614,0.0,0.3000018000018,0.3683886684022697,0.07954353497625703,-0.17425212407806628
-0.4,0.444445,0.5588411656314219,0.11924506720045747,0.03191479356719654,0.0,-0.07142788265281529,0.11146576570277568,0.07079712457065632,-0.37072678854122776,-0.2,0.20000045000044986,0.0,0.0,-0.011485894215183614,0.0,0.3000018000018,0.4007415634827383,0.10193509637943651,-0.17425212407806628
-0.4,0.4999999999999999,0.42008896538368734,-0.010942712801448958,0.039452647418414415,0.0,-0.07142788265281529,0.13382345077549612,0.046303421610765914,-0.37072678854122776,-0.4,0.10000135000135003,0.0,0.0,-0.012342867776325046,0.0,0.3500013500013499,0.27606178327372893,0.046303421610765914,-0.1749679905423814
-0.4,0.444445,0.39351711174778775,0.11924506720045747,0.016561647700554995,-0.2,0.14285897959249255,0.0693017865108256,0.019707577094164725,-0.27745143357372815,-0.2,0.20000045000044986,0.0,0.0,0.38788092474792724,-0.2,0.3000018000018,0.2521848799514408,0.10193509637943651,0.1593559656220469
-0.4,-0.1111100000000001,0.5104512136393318,0.2958345248308074,-0.06072133922693492,0.0,0.0714278826528151,0.13382345077549612,0.04594680831096677,-0.3023226798767892,-0.2,0.10000135000135003,0.0,0.0,0.32763078640790966,0.0,0.10000135000135003,0.35725938036833527,0.2757934645920533,0.10902646251518658
-0.2,-0.1111100000000001,0.48505692550606677,0.23309503383852828,-0.06553653719552327,0.0,0.0714278826528151,0.0693017865108256,0.019707577094164725,-0.2803148994309885,-0.2,0.10000135000135003,0.0,0.0,0.3434750033054695,0.0,0.10000135000135003,0.3344406123966078,0.21402428724262848,0.12226181077399481
-0.4,0.444445,0.5228366477434865,0.11924506720045747,0.03191479356719654,0.0,-0.07142788265281529,0.13382345077549612,0.046303421610765914,-0.37072678854122776,-0.4,0.20000045000044986,0.0,0.0,-0.005744171355536331,0.0,0.3000018000018,0.3683886684022697,0.10193509637943651,-0.1694558187671553
-0.4,-0.1111100000000001,0.5228366477434865,0.4749785530454674,-0.06196275745321168,0.0,0.0,0.0693017865108256,0.019707577094164725,-0.29628281225072517,-0.2,0.10000135000135003,0.0,0.0,-0.016556729201251646,0.0,0.10000135000135003,0.3683886684022697,0.4521668950243059,-0.17848800821405636
-0.4,0.4999999999999999,0.42008896538368734,0.005776379754074878,0.039452647418414415,0.0,0.0714278826528151,-0.009897427319455254,-0.026051540006381508,-0.022181633729991518,-0.2,0.20000045000044986,0.0,0.0,-0.011485894215183614,0.0,0.3500013500013499,0.27606178327372893,-0.009778712062914106,-0.022181633729991518
-0.2,0.444445,0.39351711174778775,0.01721475550471835,-0.005609893727076082,0.0,0.0714278826528151,-0.07126802870387779,-0.036130558005968635,-0.01497388110071632,-0.2,0.20000045000044986,0.0,0.0,-0.011485894215183614,0.0,0.3000018000018,0.2521848799514408,0.0014827605623229168,-0.01497388110071632
-0.4,0.4999999999999999,0.57294474376954,0.012029358497759978,0.02412301326060389,-0.2,0.0714278826528151,0.13382345077549612,0.04594680831096677,-0.29233122936770584,-0.2,0.20000045000044986,0.0,0.0,-0.005744171355536331,-0.2,0.3500013500013499,0.4134147392542329,0.04594680831096677,-0.1694558187671553
-0.4,-0.1111100000000001,0.42008896538368734,0.47873415308359535,-0.0685131195335277,0.0,0.0714278826528151,0.0693017865108256,0.019707577094164725,-0.27745143357372815,-0.2,0.10000135000135003,0.0,0.0,0.35219164867022196,0.0,0.10000135000135003,0.27606178327372893,0.4558644118695921,0.12954319538245676
-0.4,-0.1111100000000001,0.57294474376954,0.44729768372891043,-0.0685131195335277,0.0,0.0714278826528151,0.0693017865108256,0.019707577094164725,-0.27745143357372815,-0.2,0.20000045000044986,0.0,0.0,0.3917250632936188,0.0,0.20000045000044986,0.4134147392542329,0.42491413127123256,0.16256713804768896
-0.4,0.4999999999999999,0.5104512136393318,-0.004975693451529964,0.026779836358506563,0.0,0.21428686224530785,-0.07126802870387779,-0.036130558005968635,0.01990926903897988,-0.2,0.10000135000135003,0.0,0.0,-0.016556729201251646,0.0,0.3500013500013499,0.35725938036833527,-0.020364496330636885,0.01990926903897988
-0.4,-0.1111100000000001,0.5230076072876613,0.31945477075588585,-0.06072133922693492,0.0,0.14285897959249255,0.0693017865108256,0.019707577094164725,-0.2632875042440655,-0.2,0.10000135000135003,0.0,0.0,0.33095584382513815,0.0,0.10000135000135003,0.3685422890176854,0.2990484055631674,0.11180402439672903
-0.2,-0.16666750000000008,0.5104512136393318,0.29362310551901627,-0.06596915263801367,0.0,0.0,0.11146576570277568,0.07079712457065632,-0.36070670337357186,0.0,0.20000045000044986,0.0,0.0,0.3917250632936188,0.0,0.20000045000044986,0.35725938036833527,0.273616246551174,0.16256713804768896
-0.4,0.444445,0.57294474376954,0.14732627966828707,0.03191479356719654,0.0,-0.07142788265281529,0.13382345077549612,0.046303421610765914,-0.37072678854122776,-0.4,0.10000135000135003,0.0,0.0,-0.012342867776325046,0.0,0.3000018000018,0.4134147392542329,0.1295820116743933,-0.1749679905423814
-0.4,0.444445,0.5104512136393318,0.0965017634162615,0.009917238784914887,0.0,-0.07142788265281529,0.17479708296125548,0.09196869310610187,-0.36070670337357186,0.0,0.20000045000044986,0.0,0.0,0.38694315082244984,0.0,0.3000018000018,0.35725938036833527,0.09196869310610187,0.15857260317681085
-0.2,-0.1111100000000001,0.5104512136393318,0.28950529024878474,-0.06072133922693492,0.0,0.14285897959249255,0.0693017865108256,0.019707577094164725,-0.27745143357372815,-0.2,0.20000045000044986,0.0,0.0,0.3830941152849805,0.0,0.20000045000044986,0.35725938036833527,0.26956211640608885,0.15535734008565852
-0.2,0.444445,0.48505692550606677,0.044266514154989944,-0.005609893727076082,0.0,-0.07142788265281529,0.11146576570277568,0.07079712457065632,-0.3809105003292986,0.0,0.20000045000044986,0.0,0.0,-0.011485894215183614,0.0,0.3000018000018,0.3344406123966078,0.07079712457065632,-0.17425212407806628
-0.2,-0.1111100000000001,0.48505692550606677,0.31205795443713646,-0.06196275745321168,0.0,-0.14285576530563057,0.17479708296125548,0.09196869310610187,-0.37072678854122776,0.0,0.20000045000044986,0.0,0.0,0.40268453089267275,0.0,0.20000045000044986,0.3344406123966078,0.2917659865988475,0.1717220474599013
-0.2,0.444445,0.39351711174778775,0.01721475550471835,0.003597291451142743,0.0,0.14285897959249255,0.0693017865108256,0.019707577094164725,-0.2803148994309885,-0.2,0.20000045000044986,0.0,0.0,0.38788092474792724,0.0,0.3000018000018,0.2521848799514408,0.019707577094164725,0.1593559656220469
-0.2,0.444445,0.39351711174778775,0.0965017634162615,0.03191479356719654,0.0,-0.07142788265281529,0.13382345077549612,0.046303421610765914,-0.37072678854122776,-0.2,0.20000045000044986,0.0,0.0,0.4026820823967837,0.0,0.3000018000018,0.2521848799514408,0.07954353497625703,0.17172000212714605
-0.2,-0.1111100000000001,0.5228366477434865,0.32376322562196164,-0.06553653719552327,0.0,-0.07142788265281529,0.11146576570277568,0.07079712457065632,-0.3809105003292986,0.0,0.10000135000135003,0.0,0.0,-0.016556729201251646,0.0,0.10000135000135003,0.3683886684022697,0.3032902269186734,-0.17848800821405636
-0.4,0.4999999999999999,0.5588411656314219,0.012029358497759978,0.039452647418414415,0.0,-0.07142788265281529,0.13382345077549612,0.046303421610765914,-0.37072678854122776,-0.4,0.20000045000044986,0.0,0.0,-0.005744171355536331,0.0,0.3500013500013499,0.4007415634827383,0.046303421610765914,-0.1694558187671553
-0.4,0.4999999999999999,0.57294474376954,-0.018206081403107508,0.019462992570300028,0.0,-0.07142788265281529,0.13382345077549612,0.046303421610765914,-0.3809105003292986,-0.4,0.20000045000044986,0.0,0.0,-0.005744171355536331,0.0,0.3500013500013499,0.4134147392542329,0.046303421610765914,-0.1694558187671553
-0.2,0.444445,0.5104512136393318,0.0965017634162615,0.01921376845669146,0.0,0.14285897959249255,0.0693017865108256,0.019707577094164725,-0.27745143357372815,-0.2,0.10000135000135003,0.0,0.0,0.34592839618622273,0.0,0.3000018000018,0.35725938036833527,0.07954353497625703,0.12431123419469102
-0.4,-0.1111100000000001,0.48505692550606677,0.4819940901725288,-0.0685131195335277,0.0,0.0714278826528151,-0.009897427319455254,-0.026051540006381508,-0.01234358317754718,-0.2,0.20000045000044986,0.0,0.0,-0.011485894215183614,0.0,0.20000045000044986,0.3344406123966078,0.4590739315677847,-0.01234358317754718
-0.4,-0.1111100000000001,0.48505692550606677,0.2958345248308074,-0.06072133922693492,0.0,0.0714278826528151,0.13382345077549612,0.04594680831096677,-0.3023226798767892,-0.2,0.20000045000044986,0.0,0.0,-0.005744171355536331,0.0,0.20000045000044986,0.3344406123966078,0.2757934645920533,-0.1694558187671553
-0.4,0.4999999999999999,0.5588411656314219,0.005776379754074878,0.026779836358506563,0.0,0.14285897959249255,0.0693017865108256,0.019707577094164725,-0.27745143357372815,-0.2,0.20000045000044986,0.0,0.0,0.3878784762520384,0.0,0.3500013500013499,0.4007415634827383,0.019707577094164725,0.15935392028929188
-0.4,0.4999999999999999,0.48505692550606677,-0.010942712801448958,0.017431580927301873,0.0,0.0714278826528151,0.0693017865108256,0.019707577094164725,-0.27745143357372815,-0.2,0.10000135000135003,0.0,0.0,-0.016556729201251646,0.0,0.3500013500013499,0.3344406123966078,0.019707577094164725,-0.17848800821405636
-0.4,0.444445,0.57294474376954,0.19416642836717185,0.029272077494592347,0.0,-0.07142788265281529,0.13382345077549612,0.046303421610765914,-0.3744083875005625,-0.4,0.20000045000044986,0.0,0.0,-0.005744171355536331,0.0,0.3000018000018,0.4134147392542329,0.17569774207473868,-0.1694558187671553
-0.4,0.444445,0.57294474376954,0.10128681727194734,0.01921376845669146,0.0,0.0714278826528151,0.13382345077549612,0.04594680831096677,-0.30183589068105493,-0.2,0.20000045000044986,0.0,0.0,-0.005744171355536331,0.0,0.3000018000018,0.4134147392542329,0.08425458435781452,-0.1694558187671553
-0.2,0.444445,0.57294474376954,0.0965017634162615,0.009917238784914887,0.0,0.0,0.13382345077549612,0.046303421610765914,-0.36070670337357186,-0.2,0.20000045000044986,0.0,0.0,0.00223057975485658,0.0,0.3000018000018,0.4134147392542329,0.07954353497625703,-0.16279416998351467
-0.6,0.4999999999999999,0.57294474376954,0.0797826708607378,0.017431580927301873,0.0,0.0,0.11146576570277568,0.06877005949811371,-0.36070670337357186,-0.2,0.20000045000044986,0.0,0.0,-0.011485894215183614,0.0,0.3500013500013499,0.4134147392542329,0.06877005949811371,-0.17425212407806628
-0.2,0.444445,0.57294474376954,0.14732627966828707,0.03191479356719654,0.0,0.0,0.0693017865108256,0.019707577094164725,-0.29628281225072517,-0.2,0.20000045000044986,0.0,0.0,0.39791730939683756,0.0,0.3000018000018,0.4134147392542329,0.1295820116743933,0.16773978458555422
-0.6,0.4999999999999999,0.48505692550606677,-0.010942712801448958,0.014793567196463886,0.0,-0.07142788265281529,0.17479708296125548,0.09196869310610187,-0.3640037797749316,0.0,0.10000135000135003,0.0,0.0,0.3425984417772164,0.0,0.3500013500013499,0.3344406123966078,0.09196869310610187,0.1215295816476383
-0.4,0.4999999999999999,0.5104512136393318,0.012029358497759978,0.039452647418414415,0.0,0.0,0.0693017865108256,0.019707577094164725,-0.29628281225072517,-0.2,0.10000135000135003,0.0,0.0,0.3613318838237671,0.0,0.3500013500013499,0.35725938036833527,0.019707577094164725,0.13717842255756588
-0.2,-0.1111100000000001,0.42008896538368734,0.20533790868363364,-0.06072133922693492,0.0,0.0714278826528151,0.13382345077549612,0.04594680831096677,-0.3021508719253535,-0.4,0.20000045000044986,0.0,0.0,0.00223057975485658,0.0,0.20000045000044986,0.27606178327372893,0.18669644700538682,-0.16279416998351467
-0.2,0.444445,0.39351711174778775,0.013630731102850069,0.003597291451142743,0.0,0.0714278826528151,0.13382345077549612,0.04594680831096677,-0.3016661280623745,-0.2,0.20000045000044986,0.0,0.0,0.3830941152849805,0.0,0.3000018000018,0.2521848799514408,0.04594680831096677,0.15535734008565852
-0.4,0.4999999999999999,0.57294474376954,0.012029358497759978,0.039452647418414415,0.0,-0.07142788265281529,0.13382345077549612,0.046303421610765914,-0.37072678854122776,-0.2,0.20000045000044986,0.0,0.0,-0.005744171355536331,0.0,0.3500013500013499,0.4134147392542329,0.046303421610765914,-0.1694558187671553
-0.2,-0.1111100000000001,0.5228366477434865,0.42280049566294925,-0.06072133922693492,0.0,0.14285897959249255,-0.009897427319455254,-0.026051540006381508,0.013509422848003085,-0.4,0.20000045000044986,0.0,0.0,-0.011485894215183614,0.0,0.20000045000044986,0.3683886684022697,0.4007958107321835,0.013509422848003085
-0.2,-0.1111100000000001,0.5228366477434865,0.18362405871699555,-0.06553653719552327,0.0,0.0,0.13382345077549612,0.046303421610765914,-0.3710172257924642,-0.2,0.20000045000044986,0.0,0.0,-0.005744171355536331,0.0,0.20000045000044986,0.3683886684022697,0.16531841813847864,-0.1694558187671553
-0.4,0.444445,0.48505692550606677,0.16387379658755122,0.01921376845669146,0.0,0.14285897959249255,-0.009897427319455254,-0.026051540006381508,0.00017589861694593977,-0.2,0.10000135000135003,0.0,0.0,-0.016556729201251646,0.0,0.3000018000018,0.3344406123966078,0.1458736087389028,0.00017589861694593977
-0.2,-0.1111100000000001,0.39351711174778775,0.26106186254885133,-0.06596915263801367,0.0,0.0,0.13382345077549612,0.046303421610765914,-0.36070670337357186,-0.2,0.20000045000044986,0.0,0.0,0.38694315082244984,0.0,0.20000045000044986,0.2521848799514408,0.2415585878113328,0.15857260317681085
-0.4,0.444445,0.48505692550606677,0.10128681727194734,0.01921376845669146,0.0,0.14285897959249255,0.0693017865108256,0.019707577094164725,-0.27745143357372815,-0.2,0.20000045000044986,0.0,0.0,-0.011485894215183614,0.0,0.3000018000018,0.3344406123966078,0.08425458435781452,-0.17425212407806628
-0.2,0.444445,0.57294474376954,0.01721475550471835,-0.005609893727076082,0.0,0.0,0.13382345077549612,0.046303421610765914,-0.3710172257924642,-0.2,0.20000045000044986,0.0,0.0,0.3917250632936188,0.0,0.3000018000018,0.4134147392542329,0.046303421610765914,0.16256713804768896
-0.4,-0.1111100000000001,0.5228366477434865,0.44329425221618524,-0.0685131195335277,0.0,0.0,0.13382345077549612,0.046303421610765914,-0.3640037797749316,-0.4,0.10000135000135003,0.0,0.0,-0.012342867776325046,0.0,0.10000135000135003,0.3683886684022697,0.4209726158523996,-0.1749679905423814
-0.6,0.4999999999999999,0.5588411656314219,-0.048022114193117915,0.028820652685037258,0.0,0.0714278826528151,0.11146576570277568,0.07079712457065632,-0.3016661280623745,-0.2,0.10000135000135003,0.0,0.0,-0.016556729201251646,0.0,0.3500013500013499,0.4007415634827383,0.07079712457065632,-0.17848800821405636
-0.4,0.4999999999999999,0.57294474376954,-0.01523210370794016,0.019462992570300028,0.0,0.0,0.0693017865108256,0.019707577094164725,-0.2896743421187193,-0.2,0.20000045000044986,0.0,0.0,-0.011485894215183614,0.0,0.3500013500013499,0.4134147392542329,0.019707577094164725,-0.17425212407806628
-0.4,-0.1111100000000001,0.57294474376954,0.43864264607759035,-0.06596915263801367,0.0,0.0714278826528151,-0.009897427319455254,-0.026051540006381508,-0.015896326173305136,-0.2,0.20000045000044986,0.0,0.0,-0.011485894215183614,0.0,0.20000045000044986,0.4134147392542329,0.41639295031813667,-0.015896326173305136
-0.4,-0.1111100000000001,0.5104512136393318,0.47797159470021916,-0.06450202200695937,0.0,0.0,0.0693017865108256,0.019707577094164725,-0.29628281225072517,-0.2,0.20000045000044986,0.0,0.0,0.39791730939683756,0.0,0.20000045000044986,0.35725938036833527,0.4551136470279097,0.16773978458555422
-0.4,0.4999999999999999,0.48505692550606677,0.0797826708607378,0.017431580927301873,0.0,0.0714278826528151,0.0693017865108256,0.019707577094164725,-0.27745143357372815,-0.2,0.10000135000135003,0.0,0.0,-0.016556729201251646,0.0,0.3500013500013499,0.3344406123966078,0.0630830158223691,-0.17848800821405636
-0.4,0.444445,0.5104512136393318,0.11924506720045747,0.01921376845669146,0.0,0.14285897959249255,0.0693017865108256,0.019707577094164725,-0.27745143357372815,-0.2,0.20000045000044986,0.0,0.0,0.38788092474792724,0.0,0.3000018000018,0.35725938036833527,0.10193509637943651,0.1593559656220469
-0.2,-0.38889000000000007,0.5104512136393318,0.3325707749499571,-0.21999435718988053,0.0,0.0714278826528151,0.0693017865108256,0.019707577094164725,-0.2803148994309885,-0.2,0.10000135000135003,0.0,0.0,0.35219164867022196,0.0,0.10000135000135003,0.35725938036833527,0.31196156084010596,0.12954319538245676
-0.4,0.444445,0.42008896538368734,0.0965017634162615,0.016561647700554995,-0.2,0.0714278826528151,0.13382345077549612,0.04594680831096677,-0.29233122936770584,-0.4,0.20000045000044986,0.0,0.0,0.00223057975485658,-0.2,0.3000018000018,0.27606178327372893,0.07954353497625703,-0.16279416998351467
-0.2,0.444445,0.57294474376954,0.04026308264226472,0.01921376845669146,0.0,0.0714278826528151,0.13382345077549612,0.04594680831096677,-0.30183589068105493,-0.4,0.20000045000044986,0.0,0.0,-0.005744171355536331,0.0,0.3000018000018,0.4134147392542329,0.04594680831096677,-0.1694558187671553
-0.4,0.4999999999999999,0.5228366477434865,0.00621485082451625,0.02412301326060389,-0.2,0.14285897959249255,0.0693017865108256,0.019707577094164725,-0.27745143357372815,-0.4,0.20000045000044986,0.0,0.0,-0.011485894215183614,-0.2,0.3500013500013499,0.3683886684022697,0.019707577094164725,-0.17425212407806628
-0.2,-0.1111100000000001,0.5588411656314219,0.33480125822133244,-0.06596915263801367,0.0,0.0714278826528151,0.0693017865108256,0.019707577094164725,-0.27745143357372815,-0.2,0.20000045000044986,0.0,0.0,0.38694315082244984,0.0,0.20000045000044986,0.4007415634827383,0.314157548002027,0.15857260317681085
-0.2,0.444445,0.57294474376954,0.11924506720045747,0.009917238784914887,0.0,0.0714278826528151,0.0693017865108256,0.019707577094164725,-0.27745143357372815,-0.4,0.20000045000044986,0.0,0.0,-0.011485894215183614,0.0,0.3000018000018,0.4134147392542329,0.10193509637943651,-0.17425212407806628
-0.4,0.4999999999999999,0.39351711174778775,-0.01523210370794016,0.026779836358506563,0.0,0.14285897959249255,0.0693017865108256,0.019707577094164725,-0.27745143357372815,-0.2,0.20000045000044986,0.0,0.0,0.38788092474792724,0.0,0.3500013500013499,0.2521848799514408,0.019707577094164725,0.1593559656220469
-0.4,0.4999999999999999,0.57294474376954,-0.004975693451529964,0.026779836358506563,0.0,0.0714278826528151,0.13382345077549612,0.04594680831096677,-0.30183589068105493,-0.2,0.20000045000044986,0.0,0.0,0.00223057975485658,0.0,0.3500013500013499,0.4134147392542329,0.04594680831096677,-0.16279416998351467
-0.4,0.4999999999999999,0.5588411656314219,0.0797826708607378,0.039452647418414415,0.0,0.0,-0.009897427319455254,-0.026051540006381508,-0.022181633729991518,-0.2,0.20000045000044986,0.0,0.0,-0.011485894215183614,0.0,0.3500013500013499,0.4007415634827383,0.0630830158223691,-0.022181633729991518
-0.2,-0.3333325000000001,0.39351711174778775,0.3711562291487942,-0.2199661431392833,0.0,0.0714278826528151,-0.07126802870387779,-0.036130558005968635,-0.03380116911220295,-0.2,0.10000135000135003,0.0,0.0,-0.016556729201251646,0.0,0.10000135000135003,0.2521848799514408,0.34995026182923855,-0.03380116911220295
-0.4,0.444445,0.5104512136393318,0.11924506720045747,0.009917238784914887,0.0,0.0,0.11146576570277568,0.06877005949811371,-0.36070670337357186,0.0,0.10000135000135003,0.0,0.0,0.3434750033054695,0.0,0.3000018000018,0.35725938036833527,0.10193509637943651,0.12226181077399481
-0.2,-0.16666750000000008,0.57294474376954,0.26106186254885133,-0.06553653719552327,0.0,-0.07142788265281529,0.17479708296125548,0.09196869310610187,-0.3710172257924642,0.0,0.20000045000044986,0.0,0.0,0.38694315082244984,0.0,0.20000045000044986,0.4134147392542329,0.2415585878113328,0.15857260317681085
-0.4,0.4999999999999999,0.57294474376954,0.012029358497759978,0.017431580927301873,0.0,0.0714278826528151,0.0693017865108256,0.019707577094164725,-0.27745143357372815,-0.2,0.20000045000044986,0.0,0.0,-0.011485894215183614,0.0,0.3500013500013499,0.4134147392542329,0.019707577094164725,-0.17425212407806628
-0.2,0.444445,0.5104512136393318,0.11924506720045747,0.03191479356719654,0.0,-0.07142788265281529,0.11146576570277568,0.07079712457065632,-0.37072678854122776,0.0,0.20000045000044986,0.0,0.0,0.40268453089267275,0.0,0.3000018000018,0.35725938036833527,0.10193509637943651,0.1717220474599013
-0.4,0.444445,0.57294474376954,0.11924506720045747,0.009917238784914887,0.0,0.0,0.13382345077549612,0.046303421610765914,-0.36070670337357186,-0.2,0.10000135000135003,0.0,0.0,0.3338891419001308,0.0,0.3000018000018,0.4134147392542329,0.10193509637943651,0.11425433303744184
-0.2,-0.1111100000000001,0.5228366477434865,0.2847583643122675,-0.06596915263801367,0.0,0.0,0.13382345077549612,0.046303421610765914,-0.36070670337357186,-0.4,0.10000135000135003,0.0,0.0,-0.012342867776325046,0.0,0.10000135000135003,0.3683886684022697,0.26488860526661523,-0.1749679905423814
-0.4,0.444445,0.5588411656314219,0.10128681727194734,0.01921376845669146,0.0,0.0714278826528151,0.13382345077549612,0.04594680831096677,-0.30183589068105493,-0.2,0.20000045000044986,0.0,0.0,0.38788092474792724,0.0,0.3000018000018,0.4007415634827383,0.08425458435781452,0.1593559656220469
-0.2,-0.1111100000000001,0.42008896538368734,0.31205795443713646,-0.06196275745321168,0.0,-0.14285576530563057,0.17479708296125548,0.09196869310610187,-0.37072678854122776,-0.2,0.20000045000044986,0.0,0.0,-0.005744171355536331,0.0,0.20000045000044986,0.27606178327372893,0.2917659865988475,-0.1694558187671553
-0.4,-0.1111100000000001,0.57294474376954,0.44729768372891043,-0.0685131195335277,0.0,0.0,0.13382345077549612,0.046303421610765914,-0.3640037797749316,-0.2,0.10000135000135003,0.0,0.0,0.3338891419001308,0.0,0.10000135000135003,0.4134147392542329,0.42491413127123256,0.11425433303744184
-0.4,0.4999999999999999,0.48505692550606677,0.005776379754074878,0.017431580927301873,0.0,0.0,0.13382345077549612,0.046303421610765914,-0.36070670337357186,-0.2,0.20000045000044986,0.0,0.0,-0.005744171355536331,0.0,0.3500013500013499,0.3344406123966078,0.046303421610765914,-0.1694558187671553
-0.4,0.4999999999999999,0.48505692550606677,-0.01523210370794016,0.017431580927301873,0.0,0.0,0.13382345077549612,0.046303421610765914,-0.36070670337357186,-0.2,0.10000135000135003,0.0,0.0,-0.012342867776325046,0.0,0.3500013500013499,0.3344406123966078,0.046303421610765914,-0.1749679905423814
-0.4,0.4999999999999999,0.5588411656314219,0.09505290248784667,0.017431580927301873,0.0,0.0714278826528151,-0.009897427319455254,-0.026051540006381508,-0.01497388110071632,-0.4,0.10000135000135003,0.0,0.0,-0.016556729201251646,0.0,0.3500013500013499,0.4007415634827383,0.07811708177706037,-0.01497388110071632
-0.4,0.4999999999999999,0.5228366477434865,-0.010942712801448958,0.039452647418414415,0.0,-0.07142788265281529,0.13382345077549612,0.046303421610765914,-0.37072678854122776,-0.4,0.20000045000044986,0.0,0.0,-0.005744171355536331,0.0,0.3500013500013499,0.3683886684022697,0.046303421610765914,-0.1694558187671553
-0.2,-0.16666750000000008,0.57294474376954,0.26106186254885133,-0.06072133922693492,0.0,0.0714278826528151,0.11146576570277568,0.07079712457065632,-0.3021508719253535,0.0,0.10000135000135003,0.0,0.0,0.34592839618622273,0.0,0.10000135000135003,0.4134147392542329,0.2415585878113328,0.12431123419469102
-0.4,0.4999999999999999,0.48505692550606677,-0.01044704985225431,0.026779836358506563,0.0,0.14285897959249255,0.0693017865108256,0.019707577094164725,-0.27745143357372815,-0.2,0.20000045000044986,0.0,0.0,-0.011485894215183614,0.0,0.3500013500013499,0.3344406123966078,0.019707577094164725,-0.17425212407806628
-0.4,0.444445,0.57294474376954,0.14732627966828707,0.03191479356719654,0.0,-0.07142788265281529,0.13382345077549612,0.046303421610765914,-0.37072678854122776,-0.2,0.20000045000044986,0.0,0.0,0.40268453089267275,0.0,0.3000018000018,0.4134147392542329,0.1295820116743933,0.1717220474599013
-0.2,-0.1111100000000001,0.42008896538368734,0.3211323991993137,-0.06553653719552327,0.0,-0.07142788265281529,0.11146576570277568,0.07079712457065632,-0.3809105003292986,0.0,0.20000045000044986,0.0,0.0,0.39791730939683756,0.0,0.20000045000044986,0.27606178327372893,0.30070008821486893,0.16773978458555422
-0.2,-0.1111100000000001,0.42008896538368734,0.2411972166619006,-0.06072133922693492,0.0,0.0714278826528151,0.13382345077549612,0.04594680831096677,-0.3023226798767892,-0.4,0.10000135000135003,0.0,0.0,-0.012342867776325046,0.0,0.10000135000135003,0.27606178327372893,0.22200116368550457,-0.1749679905423814
-0.6,0.4999999999999999,0.5228366477434865,-0.004975693451529964,0.026779836358506563,0.0,0.0714278826528151,0.11146576570277568,0.06877005949811371,-0.30183589068105493,-0.2,0.20000045000044986,0.0,0.0,-0.011485894215183614,0.0,0.3500013500013499,0.3683886684022697,0.06877005949811371,-0.17425212407806628
-0.6,0.4999999999999999,0.5228366477434865,-0.01523210370794016,0.02412301326060389,-0.2,0.0714278826528151,0.17479708296125548,0.09196869310610187,-0.24870837236510016,-0.2,0.20000045000044986,0.0,0.0,0.00223057975485658,-0.2,0.3500013500013499,0.3683886684022697,0.09196869310610187,-0.16279416998351467
-0.2,-0.16666750000000008,0.57294474376954,0.26106186254885133,-0.06553653719552327,0.0,-0.07142788265281529,0.17479708296125548,0.09196869310610187,-0.3710172257924642,0.0,0.20000045000044986,0.0,0.0,0.00223057975485658,0.0,0.20000045000044986,0.4134147392542329,0.2415585878113328,-0.16279416998351467
-0.4,-0.16666750000000008,0.57294474376954,0.4339719759794108,-0.06072133922693492,-0.2,0.0714278826528151,0.11146576570277568,0.06877005949811371,-0.2928139278979297,-0.2,0.10000135000135003,0.0,0.0,-0.016556729201251646,-0.2,0.10000135000135003,0.4134147392542329,0.41179451566283143,-0.17848800821405636
-0.2,-0.1111100000000001,0.39351711174778775,0.18362405871699555,-0.06553653719552327,0.0,0.0714278826528151,-0.009897427319455254,-0.026051540006381508,-0.01497388110071632,-0.2,0.20000045000044986,0.0,0.0,-0.011485894215183614,0.0,0.20000045000044986,0.2521848799514408,0.16531841813847864,-0.01497388110071632
-0.2,-0.1111100000000001,0.5104512136393318,0.2630063864264608,-0.06072133922693492,0.0,0.14285897959249255,0.05552855273287629,0.0016329135306592992,0.016280848731280023,-0.2,0.10000135000135003,0.0,0.0,-0.016556729201251646,0.0,0.10000135000135003,0.35725938036833527,0.24347303815762317,0.016280848731280023
-0.4,0.444445,0.39351711174778775,0.1512534553426746,0.03191479356719654,0.0,0.0,-0.009897427319455254,-0.026051540006381508,-0.022181633729991518,-0.2,0.10000135000135003,0.0,0.0,-0.016556729201251646,0.0,0.3000018000018,0.2521848799514408,0.13344845060905794,-0.022181633729991518
-0.6,0.4999999999999999,0.48505692550606677,-0.028290916023258016,0.019462992570300028,0.0,-0.14285576530563057,0.17479708296125548,0.09196869310610187,-0.3809105003292986,0.0,0.10000135000135003,0.0,0.0,-0.00022036463000773478,0.0,0.3500013500013499,0.3344406123966078,0.09196869310610187,-0.16484154807145573
-0.4,0.4999999999999999,0.5228366477434865,0.005776379754074878,0.017431580927301873,0.0,0.0,0.13382345077549612,0.046303421610765914,-0.36070670337357186,-0.4,0.20000045000044986,0.0,0.0,-0.005744171355536331,0.0,0.3500013500013499,0.3683886684022697,0.046303421610765914,-0.1694558187671553
-0.4,0.444445,0.5104512136393318,0.11924506720045747,0.01921376845669146,0.0,0.14285897959249255,0.0693017865108256,0.019707577094164725,-0.27745143357372815,-0.2,0.20000045000044986,0.0,0.0,0.38788092474792724,0.0,0.3000018000018,0.35725938036833527,0.10193509637943651,0.1593559656220469
-0.6,0.4999999999999999,0.48505692550606677,0.0797826708607378,0.014793567196463886,0.0,0.0,0.11146576570277568,0.06877005949811371,-0.3640037797749316,0.0,0.10000135000135003,0.0,0.0,-0.016556729201251646,0.0,0.3500013500013499,0.3344406123966078,0.06877005949811371,-0.17848800821405636
-0.4,0.4999999999999999,0.5228366477434865,-0.01523210370794016,0.026779836358506563,0.0,0.0714278826528151,0.13382345077549612,0.04594680831096677,-0.30183589068105493,-0.2,0.20000045000044986,0.0,0.0,-0.005744171355536331,0.0,0.3500013500013499,0.3683886684022697,0.04594680831096677,-0.1694558187671553
-0.2,0.444445,0.5104512136393318,0.025164426651415533,0.003597291451142743,0.0,0.0714278826528151,0.13382345077549612,0.04594680831096677,-0.3016661280623745,-0.2,0.20000045000044986,0.0,0.0,0.3830941152849805,0.0,0.3000018000018,0.35725938036833527,0.04594680831096677,0.15535734008565852
-0.4,0.444445,0.5228366477434865,0.11924506720045747,0.03191479356719654,0.0,-0.07142788265281529,0.13382345077549612,0.046303421610765914,-0.37072678854122776,-0.4,0.10000135000135003,0.0,0.0,-0.012342867776325046,0.0,0.3000018000018,0.3683886684022697,0.10193509637943651,-0.1749679905423814
-0.4,0.4999999999999999,0.42008896538368734,0.00621485082451625,0.014793567196463886,0.0,0.0714278826528151,0.0693017865108256,0.019707577094164725,-0.27745143357372815,-0.2,0.10000135000135003,0.0,0.0,0.35219164867022196,0.0,0.3500013500013499,0.27606178327372893,0.019707577094164725,0.12954319538245676
-0.2,0.444445,0.39351711174778775,0.01721475550471835,0.003597291451142743,0.0,0.14285897959249255,0.0693017865108256,0.019707577094164725,-0.2803148994309885,-0.2,0.10000135000135003,0.0,0.0,0.34592839618622273,0.0,0.3000018000018,0.2521848799514408,0.019707577094164725,0.12431123419469102
-0.2,0.444445,0.5588411656314219,0.11924506720045747,0.009917238784914887,0.0,0.0714278826528151,0.0693017865108256,0.019707577094164725,-0.27745143357372815,-0.4,0.20000045000044986,0.0,0.0,-0.011485894215183614,0.0,0.3000018000018,0.4007415634827383,0.10193509637943651,-0.17425212407806628
-0.4,0.4999999999999999,0.57294474376954,0.012029358497759978,0.02412301326060389,-0.2,0.14285897959249255,0.0693017865108256,0.019707577094164725,-0.27745143357372815,-0.2,0.20000045000044986,0.0,0.0,0.38788092474792724,-0.2,0.3500013500013499,0.4134147392542329,0.019707577094164725,0.1593559656220469
-0.2,-0.1111100000000001,0.5228366477434865,0.2809074444762177,-0.06072133922693492,0.0,0.14285897959249255,0.0693017865108256,0.019707577094164725,-0.27745143357372815,-0.4,0.20000045000044986,0.0,0.0,-0.011485894215183614,0.0,0.20000045000044986,0.3683886684022697,0.2610972428161189,-0.17425212407806628
-0.4,0.4999999999999999,0.5228366477434865,-0.01044704985225431,0.026779836358506563,0.0,0.14285897959249255,0.0693017865108256,0.019707577094164725,-0.27745143357372815,-0.2,0.20000045000044986,0.0,0.0,-0.011485894215183614,0.0,0.3500013500013499,0.3683886684022697,0.019707577094164725,-0.17425212407806628
-0.4,0.444445,0.5228366477434865,0.0965017634162615,0.01921376845669146,0.0,0.0714278826528151,0.13382345077549612,0.04594680831096677,-0.30183589068105493,-0.4,0.20000045000044986,0.0,0.0,-0.005744171355536331,0.0,0.3000018000018,0.3683886684022697,0.07954353497625703,-0.1694558187671553
-0.2,-0.1111100000000001,0.39351711174778775,0.3211323991993137,-0.06553653719552327,0.0,0.0714278826528151,-0.07126802870387779,-0.036130558005968635,-0.03380116911220295,-0.2,0.20000045000044986,0.0,0.0,-0.011485894215183614,0.0,0.20000045000044986,0.2521848799514408,0.30070008821486893,-0.03380116911220295
-0.4,0.4999999999999999,0.39351711174778775,-0.010942712801448958,0.039452647418414415,0.0,0.0,0.0693017865108256,0.019707577094164725,-0.29628281225072517,-0.2,0.20000045000044986,0.0,0.0,0.39791730939683756,0.0,0.3500013500013499,0.2521848799514408,0.019707577094164725,0.16773978458555422
-0.4,-0.1111100000000001,0.39351711174778775,0.4237536936421694,-0.06450202200695937,0.0,-0.14285576530563057,0.17479708296125548,0.09196869310610187,-0.3744083875005625,0.0,0.20000045000044986,0.0,0.0,0.39791730939683756,0.0,0.20000045000044986,0.2521848799514408,0.4017342667842865,0.16773978458555422
-0.4,0.4999999999999999,0.5588411656314219,0.0797826708607378,0.039452647418414415,0.0,0.0,0.0693017865108256,0.019707577094164725,-0.29628281225072517,-0.2,0.20000045000044986,0.0,0.0,0.4026820823967837,0.0,0.3500013500013499,0.4007415634827383,0.0630830158223691,0.17172000212714605
-0.4,-0.16666750000000008,0.5104512136393318,0.29116385473262785,-0.06596915263801367,0.0,-0.07142788265281529,0.17479708296125548,0.09196869310610187,-0.36070670337357186,0.0,0.20000045000044986,0.0,0.0,0.38694315082244984,0.0,0.20000045000044986,0.35725938036833527,0.271195029936748,0.15857260317681085
-0.2,-0.16666750000000008,0.57294474376954,0.32376322562196164,-0.06596915263801367,0.0,0.0,0.11146576570277568,0.07079712457065632,-0.36070670337357186,0.0,0.10000135000135003,0.0,0.0,0.35219164867022196,0.0,0.10000135000135003,0.4134147392542329,0.3032902269186734,0.12954319538245676
-0.2,0.444445,0.5104512136393318,0.0965017634162615,0.009917238784914887,0.0,0.0,0.13382345077549612,0.046303421610765914,-0.36070670337357186,-0.2,0.20000045000044986,0.0,0.0,0.3917250632936188,0.0,0.3000018000018,0.35725938036833527,0.07954353497625703,0.16256713804768896
-0.2,0.444445,0.57294474376954,0.044266514154989944,-0.005609893727076082,0.0,0.0714278826528151,0.0693017865108256,0.019707577094164725,-0.2803148994309885,-0.2,0.10000135000135003,0.0,0.0,-0.016556729201251646,0.0,0.3000018000018,0.4134147392542329,0.028116143321008265,-0.17848800821405636
-0.2,0.444445,0.5588411656314219,0.04026308264226472,0.01921376845669146,0.0,0.0714278826528151,0.13382345077549612,0.04594680831096677,-0.30183589068105493,-0.4,0.20000045000044986,0.0,0.0,0.00223057975485658,0.0,0.3000018000018,0.4007415634827383,0.04594680831096677,-0.16279416998351467
-0.4,0.444445,0.57294474376954,0.11924506720045747,0.009917238784914887,0.0,0.0,0.11146576570277568,0.06877005949811371,-0.36070670337357186,-0.2,0.20000045000044986,0.0,0.0,-0.011485894215183614,0.0,0.3000018000018,0.4134147392542329,0.10193509637943651,-0.17425212407806628
-0.2,0.444445,0.57294474376954,0.04026308264226472,0.01921376845669146,0.0,0.0714278826528151,0.13382345077549612,0.04594680831096677,-0.30183589068105493,-0.2,0.20000045000044986,0.0,0.0,-0.005744171355536331,0.0,0.3000018000018,0.4134147392542329,0.04594680831096677,-0.1694558187671553
-0.2,0.444445,0.5228366477434865,0.0965017634162615,0.009917238784914887,0.0,0.0714278826528151,0.0693017865108256,0.019707577094164725,-0.27745143357372815,-0.2,0.20000045000044986,0.0,0.0,-0.011485894215183614,0.0,0.3000018000018,0.3683886684022697,0.07954353497625703,-0.17425212407806628
-0.4,0.444445,0.57294474376954,0.1412067486416928,0.016561647700554995,-0.2,0.14285897959249255,0.0693017865108256,0.019707577094164725,-0.27745143357372815,-0.2,0.20000045000044986,0.0,0.0,-0.011485894215183614,-0.2,0.3000018000018,0.4134147392542329,0.12355712381989149,-0.17425212407806628
-0.4,0.4999999999999999,0.5588411656314219,0.012029358497759978,0.014793567196463886,0.0,0.0,0.13382345077549612,0.046303421610765914,-0.3640037797749316,-0.2,0.10000135000135003,0.0,0.0,0.3425984417772164,0.0,0.3500013500013499,0.4007415634827383,0.046303421610765914,0.1215295816476383
-0.4,-0.16666750000000008,0.5588411656314219,0.4237536936421694,-0.06072133922693492,-0.2,0.14285897959249255,0.11146576570277568,0.06877005949811371,-0.24920947889012068,-0.2,0.20000045000044986,0.0,0.0,-0.011485894215183614,-0.2,0.20000045000044986,0.4007415634827383,0.4017342667842865,-0.17425212407806628
-0.6,0.4999999999999999,0.39351711174778775,-0.01523210370794016,0.026779836358506563,0.0,0.0,0.17479708296125548,0.09196869310610187,-0.30183589068105493,0.0,0.20000045000044986,0.0,0.0,0.3878784762520384,0.0,0.3500013500013499,0.2521848799514408,0.09196869310610187,0.15935392028929188
-0.4,0.4999999999999999,0.5104512136393318,0.0797826708607378,0.014793567196463886,0.0,0.0714278826528151,0.0693017865108256,0.019707577094164725,-0.27745143357372815,-0.2,0.20000045000044986,0.0,0.0,0.3917250632936188,0.0,0.3500013500013499,0.35725938036833527,0.0630830158223691,0.16256713804768896
-0.4,-0.1111100000000001,0.48505692550606677,0.45050042893909065,-0.06196275745321168,0.0,-0.07142788265281529,0.13382345077549612,0.046303421610765914,-0.37072678854122776,-0.2,0.10000135000135003,0.0,0.0,0.35171664046776063,0.0,0.10000135000135003,0.3344406123966078,0.42806734360629894,0.12914640082795065
-0.4,-0.1111100000000001,0.57294474376954,0.3557906777237632,-0.06072133922693492,0.0,0.14285897959249255,0.0693017865108256,0.019707577094164725,-0.27745143357372815,-0.2,0.10000135000135003,0.0,0.0,0.3459259476903339,0.0,0.10000135000135003,0.4134147392542329,0.3348223502693369,0.124309188861936
-0.4,0.4999999999999999,0.5228366477434865,0.005776379754074878,0.017431580927301873,0.0,0.0,0.13382345077549612,0.046303421610765914,-0.36070670337357186,-0.4,0.20000045000044986,0.0,0.0,-0.005744171355536331,0.0,0.3500013500013499,0.3683886684022697,0.046303421610765914,-0.1694558187671553
-0.4,0.4999999999999999,0.5588411656314219,0.005776379754074878,0.026779836358506563,0.0,0.14285897959249255,0.0693017865108256,0.019707577094164725,-0.27745143357372815,-0.2,0.20000045000044986,0.0,0.0,0.38788092474792724,0.0,0.3500013500013499,0.4007415634827383,0.019707577094164725,0.1593559656220469
-0.4,0.4999999999999999,0.5228366477434865,-0.01044704985225431,0.026779836358506563,0.0,0.14285897959249255,0.0693017865108256,0.019707577094164725,-0.27745143357372815,-0.4,0.20000045000044986,0.0,0.0,-0.011485894215183614,0.0,0.3500013500013499,0.3683886684022697,0.019707577094164725,-0.17425212407806628
-0.2,0.444445,0.5588411656314219,0.0965017634162615,0.03191479356719654,0.0,-0.14285576530563057,0.17479708296125548,0.09196869310610187,-0.37072678854122776,-0.2,0.20000045000044986,0.0,0.0,0.00223057975485658,0.0,0.3000018000018,0.4007415634827383,0.09196869310610187,-0.16279416998351467
-0.2,-0.1111100000000001,0.42008896538368734,0.3457058431036126,-0.06196275745321168,0.0,0.0,-0.009897427319455254,-0.026051540006381508,-0.03380116911220295,-0.2,0.20000045000044986,0.0,0.0,-0.011485894215183614,0.0,0.20000045000044986,0.27606178327372893,0.32489348523808625,-0.03380116911220295
-0.2,-0.1111100000000001,0.42008896538368734,0.26106186254885133,-0.06596915263801367,0.0,0.0,0.13382345077549612,0.046303421610765914,-0.36070670337357186,-0.2,0.20000045000044986,0.0,0.0,0.3917250632936188,0.0,0.20000045000044986,0.27606178327372893,0.2415585878113328,0.16256713804768896
-0.4,0.4999999999999999,0.5588411656314219,-0.018206081403107508,0.019462992570300028,0.0,0.0714278826528151,0.0693017865108256,0.019707577094164725,-0.2803148994309885,-0.4,0.20000045000044986,0.0,0.0,-0.011485894215183614,0.0,0.3500013500013499,0.4007415634827383,0.019707577094164725,-0.17425212407806628
-0.2,-0.3333325000000001,0.48505692550606677,0.3457058431036126,-0.1676102699144173,0.0,-0.07142788265281529,0.13382345077549612,0.046303421610765914,-0.37072678854122776,-0.2,0.10000135000135003,0.0,0.0,0.35171664046776063,0.0,0.10000135000135003,0.3344406123966078,0.32489348523808625,0.12914640082795065
-0.6,0.4999999999999999,0.48505692550606677,-0.010942712801448958,0.017431580927301873,0.0,-0.07142788265281529,0.17479708296125548,0.09196869310610187,-0.36070670337357186,0.0,0.20000045000044986,0.0,0.0,0.3917250632936188,0.0,0.3500013500013499,0.3344406123966078,0.09196869310610187,0.16256713804768896
-0.4,0.4999999999999999,0.57294474376954,0.005776379754074878,0.017431580927301873,0.0,0.0,0.13382345077549612,0.046303421610765914,-0.36070670337357186,-0.2,0.20000045000044986,0.0,0.0,-0.005744171355536331,0.0,0.3500013500013499,0.4134147392542329,0.046303421610765914,-0.1694558187671553
-0.2,0.444445,0.5228366477434865,0.16764846058526348,-0.005609893727076082,0.0,0.0714278826528151,-0.009897427319455254,-0.026051540006381508,-0.03380116911220295,-0.2,0.20000045000044986,0.0,0.0,-0.011485894215183614,0.0,0.3000018000018,0.3683886684022697,0.1495898947052309,-0.03380116911220295
-0.4,-0.1111100000000001,0.5588411656314219,0.44729768372891043,-0.0685131195335277,0.0,0.0714278826528151,0.0693017865108256,0.019707577094164725,-0.27745143357372815,-0.2,0.20000045000044986,0.0,0.0,0.38694315082244984,0.0,0.20000045000044986,0.4007415634827383,0.42491413127123256,0.15857260317681085
-0.2,0.444445,0.5104512136393318,0.0965017634162615,0.009917238784914887,0.0,0.0,0.13382345077549612,0.046303421610765914,-0.36070670337357186,-0.2,0.20000045000044986,0.0,0.0,0.38694315082244984,0.0,0.3000018000018,0.35725938036833527,0.07954353497625703,0.15857260317681085
-0.4,0.4999999999999999,0.48505692550606677,-0.01044704985225431,0.026779836358506563,0.0,0.14285897959249255,-0.009897427319455254,-0.026051540006381508,0.01020211978286746,-0.2,0.20000045000044986,0.0,0.0,-0.011485894215183614,0.0,0.3500013500013499,0.3344406123966078,-0.025751234069708483,0.01020211978286746
-0.2,-0.1111100000000001,0.57294474376954,0.3711562291487942,-0.06553653719552327,0.0,0.0714278826528151,-0.07126802870387779,-0.036130558005968635,-0.01497388110071632,-0.2,0.20000045000044986,0.0,0.0,-0.011485894215183614,0.0,0.20000045000044986,0.4134147392542329,0.34995026182923855,-0.01497388110071632
-0.4,0.444445,0.5104512136393318,0.11924506720045747,0.009917238784914887,0.0,0.0,0.13382345077549612,0.046303421610765914,-0.36070670337357186,-0.2,0.20000045000044986,0.0,0.0,0.3917250632936188,0.0,0.3000018000018,0.35725938036833527,0.10193509637943651,0.16256713804768896
-0.2,-0.1111100000000001,0.5588411656314219,0.3457058431036126,-0.06553653719552327,0.0,0.0,0.0693017865108256,0.019707577094164725,-0.2896743421187193,-0.4,0.10000135000135003,0.0,0.0,-0.016556729201251646,0.0,0.10000135000135003,0.4007415634827383,0.32489348523808625,-0.17848800821405636
-0.2,-0.1111100000000001,0.39351711174778775,0.2411972166619006,-0.06072133922693492,0.0,0.0714278826528151,0.13382345077549612,0.04594680831096677,-0.3023226798767892,-0.2,0.20000045000044986,0.0,0.0,0.38788092474792724,0.0,0.20000045000044986,0.2521848799514408,0.22200116368550457,0.1593559656220469
-0.4,0.444445,0.48505692550606677,0.1412067486416928,0.029272077494592347,0.0,-0.07142788265281529,0.11146576570277568,0.07079712457065632,-0.3744083875005625,0.0,0.20000045000044986,0.0,0.0,0.4026820823967837,0.0,0.3000018000018,0.3344406123966078,0.12355712381989149,0.17172000212714605
-0.2,0.444445,0.5104512136393318,0.14732627966828707,0.03191479356719654,0.0,0.0714278826528151,-0.07126802870387779,-0.036130558005968635,-0.03380116911220295,-0.2,0.10000135000135003,0.0,0.0,-0.016556729201251646,0.0,0.3000018000018,0.35725938036833527,0.1295820116743933,-0.03380116911220295
-0.4,0.4999999999999999,0.57294474376954,0.09505290248784667,0.036800526662277816,0.0,-0.07142788265281529,0.13382345077549612,0.046303421610765914,-0.3744083875005625,-0.4,0.20000045000044986,0.0,0.0,-0.005744171355536331,0.0,0.3500013500013499,0.4134147392542329,0.07811708177706037,-0.1694558187671553
-0.4,0.4999999999999999,0.57294474376954,0.012029358497759978,0.017431580927301873,0.0,0.0714278826528151,0.0693017865108256,0.019707577094164725,-0.27745143357372815,-0.2,0.20000045000044986,0.0,0.0,-0.011485894215183614,0.0,0.3500013500013499,0.4134147392542329,0.019707577094164725,-0.17425212407806628
-0.4,0.444445,0.57294474376954,0.19542464969974255,0.029272077494592347,0.0,0.0,0.0693017865108256,0.019707577094164725,-0.29628281225072517,-0.2,0.10000135000135003,0.0,0.0,0.3613318838237671,0.0,0.3000018000018,0.4134147392542329,0.17693650406351466,0.13717842255756588
0.0,-0.38889000000000007,0.57294474376954,0.28998188923839485,-0.1555816796764788,0.0,0.0714278826528151,0.11146576570277568,0.07079712457065632,-0.3021508719253535,0.0,0.20000045000044986,0.0,0.0,-0.011485894215183614,0.0,0.20000045000044986,0.4134147392542329,0.27003134443214033,-0.17425212407806628
-0.4,0.444445,0.39351711174778775,0.14732627966828707,0.03191479356719654,0.0,0.0,0.0693017865108256,0.019707577094164725,-0.29628281225072517,-0.2,0.20000045000044986,0.0,0.0,0.40268453089267275,0.0,0.3000018000018,0.2521848799514408,0.1295820116743933,0.1717220474599013
-0.4,-0.1111100000000001,0.42008896538368734,0.29116385473262785,-0.06596915263801367,0.0,0.0714278826528151,0.0693017865108256,0.019707577094164725,-0.27745143357372815,-0.2,0.10000135000135003,0.0,0.0,0.3434750033054695,0.0,0.10000135000135003,0.27606178327372893,0.271195029936748,0.12226181077399481
-0.4,0.444445,0.5588411656314219,0.14732627966828707,0.03191479356719654,0.0,-0.07142788265281529,0.13382345077549612,0.046303421610765914,-0.37072678854122776,-0.2,0.20000045000044986,0.0,0.0,0.4026820823967837,0.0,0.3000018000018,0.4007415634827383,0.1295820116743933,0.17172000212714605
-0.4,0.4999999999999999,0.57294474376954,-0.01523210370794016,0.026779836358506563,0.0,0.0714278826528151,0.13382345077549612,0.04594680831096677,-0.30183589068105493,-0.2,0.20000045000044986,0.0,0.0,0.38788092474792724,0.0,0.3500013500013499,0.4134147392542329,0.04594680831096677,0.1593559656220469
-0.4,0.4999999999999999,0.5588411656314219,-0.01523210370794016,0.026779836358506563,0.0,0.0714278826528151,0.13382345077549612,0.04594680831096677,-0.30183589068105493,-0.2,0.20000045000044986,0.0,0.0,0.38788092474792724,0.0,0.3500013500013499,0.4007415634827383,0.04594680831096677,0.1593559656220469
-0.2,0.444445,0.42008896538368734,0.01721475550471835,-0.005609893727076082,0.0,0.0714278826528151,0.0693017865108256,0.019707577094164725,-0.2803148994309885,-0.4,0.20000045000044986,0.0,0.0,-0.011485894215183614,0.0,0.3000018000018,0.27606178327372893,0.019707577094164725,-0.17425212407806628
-0.2,-0.3333325000000001,0.39351711174778775,0.534305595272138,-0.22756982977522805,0.0,0.0,0.0693017865108256,0.019707577094164725,-0.29628281225072517,-0.2,0.10000135000135003,0.0,0.0,0.3613318838237671,0.0,0.10000135000135003,0.2521848799514408,0.5105763997072017,0.13717842255756588
-0.4,-0.16666750000000008,0.5588411656314219,0.37064150224001524,-0.06596915263801367,0.0,0.0,0.11146576570277568,0.06877005949811371,-0.36070670337357186,-0.2,0.10000135000135003,0.0,0.0,-0.016556729201251646,0.0,0.10000135000135003,0.4007415634827383,0.34944349556110293,-0.17848800821405636
-0.4,0.444445,0.57294474376954,0.0965017634162615,0.03191479356719654,0.0,-0.14285576530563057,0.17479708296125548,0.09196869310610187,-0.37072678854122776,0.0,0.20000045000044986,0.0,0.0,0.40268453089267275,0.0,0.3000018000018,0.4134147392542329,0.09196869310610187,0.1717220474599013
-0.4,0.4999999999999999,0.5104512136393318,0.0797826708607378,0.039452647418414415,0.0,0.0,0.0693017865108256,0.019707577094164725,-0.29628281225072517,-0.2,0.20000045000044986,0.0,0.0,0.40268453089267275,0.0,0.3500013500013499,0.35725938036833527,0.0630830158223691,0.1717220474599013
-0.2,-0.1111100000000001,0.39351711174778775,0.26106186254885133,-0.06072133922693492,0.0,0.14285897959249255,0.0693017865108256,0.019707577094164725,-0.2632875042440655,-0.2,0.10000135000135003,0.0,0.0,0.33095584382513815,0.0,0.10000135000135003,0.2521848799514408,0.2415585878113328,0.11180402439672903
-0.4,-0.1111100000000001,0.5588411656314219,0.3369173577352015,-0.06072133922693492,0.0,0.0714278826528151,0.13382345077549612,0.04594680831096677,-0.3023226798767892,-0.4,0.20000045000044986,0.0,0.0,0.00223057975485658,0.0,0.20000045000044986,0.4007415634827383,0.3162409204376958,-0.16279416998351467
-0.4,0.444445,0.57294474376954,0.10128681727194734,0.01921376845669146,0.0,0.0714278826528151,0.13382345077549612,0.04594680831096677,-0.30183589068105493,-0.4,0.10000135000135003,0.0,0.0,-0.012342867776325046,0.0,0.3000018000018,0.4134147392542329,0.08425458435781452,-0.1749679905423814
-0.6,0.4999999999999999,0.57294474376954,-0.06714326565627689,0.028820652685037258,0.0,0.0,0.17479708296125548,0.09196869310610187,-0.3016661280623745,-0.2,0.20000045000044986,0.0,0.0,0.00223057975485658,0.0,0.3500013500013499,0.4134147392542329,0.09196869310610187,-0.16279416998351467
-0.2,0.444445,0.4982180428776721,0.11924506720045747,0.003597291451142743,0.0,0.0714278826528151,0.11146576570277568,0.07079712457065632,-0.3016661280623745,0.0,0.20000045000044986,0.0,0.0,0.38788092474792724,0.0,0.3000018000018,0.34626691294007256,0.10193509637943651,0.1593559656220469
-0.4,-0.1111100000000001,0.57294474376954,0.4749785530454674,-0.06196275745321168,0.0,0.0,0.0693017865108256,0.019707577094164725,-0.29628281225072517,-0.2,0.20000045000044986,0.0,0.0,0.39791730939683756,0.0,0.20000045000044986,0.4134147392542329,0.4521668950243059,0.16773978458555422
-0.4,-0.1111100000000001,0.39351711174778775,0.29116385473262785,-0.06596915263801367,0.0,0.0714278826528151,0.0693017865108256,0.019707577094164725,-0.27745143357372815,-0.2,0.20000045000044986,0.0,0.0,0.38694315082244984,0.0,0.20000045000044986,0.2521848799514408,0.271195029936748,0.15857260317681085
-0.2,0.444445,0.5104512136393318,0.11924506720045747,0.009917238784914887,0.0,0.0714278826528151,0.0693017865108256,0.019707577094164725,-0.27745143357372815,-0.2,0.20000045000044986,0.0,0.0,0.38694315082244984,0.0,0.3000018000018,0.35725938036833527,0.10193509637943651,0.15857260317681085
-0.2,0.444445,0.39351711174778775,0.04026308264226472,0.01921376845669146,0.0,0.14285897959249255,-0.07126802870387779,-0.036130558005968635,0.013509422848003085,-0.2,0.10000135000135003,0.0,0.0,-0.016556729201251646,0.0,0.3000018000018,0.2521848799514408,0.024174627902175293,0.013509422848003085
-0.2,0.444445,0.5104512136393318,0.044266514154989944,0.003597291451142743,0.0,0.14285897959249255,0.0693017865108256,0.019707577094164725,-0.2803148994309885,-0.2,0.10000135000135003,0.0,0.0,0.33720685382969245,0.0,0.3000018000018,0.35725938036833527,0.028116143321008265,0.11702575892071879
-0.4,0.444445,0.5104512136393318,0.16764846058526348,0.03191479356719654,0.0,0.0,-0.009897427319455254,-0.026051540006381508,-0.022181633729991518,-0.2,0.10000135000135003,0.0,0.0,-0.016556729201251646,0.0,0.3000018000018,0.35725938036833527,0.1495898947052309,-0.022181633729991518
-0.4,-0.1111100000000001,0.57294474376954,0.37064150224001524,-0.06596915263801367,0.0,0.0,0.13382345077549612,0.046303421610765914,-0.36070670337357186,-0.2,0.10000135000135003,0.0,0.0,0.3338891419001308,0.0,0.10000135000135003,0.4134147392542329,0.34944349556110293,0.11425433303744184
-0.4,0.444445,0.5228366477434865,0.11924506720045747,0.016561647700554995,-0.2,0.14285897959249255,0.0693017865108256,0.019707577094164725,-0.27745143357372815,-0.4,0.20000045000044986,0.0,0.0,-0.011485894215183614,-0.2,0.3000018000018,0.3683886684022697,0.10193509637943651,-0.17425212407806628
-0.4,0.444445,0.48505692550606677,0.1014202649890382,0.009917238784914887,0.0,0.0,0.13382345077549612,0.046303421610765914,-0.36070670337357186,-0.2,0.20000045000044986,0.0,0.0,0.3917250632936188,0.0,0.3000018000018,0.3344406123966078,0.08438596820510895,0.16256713804768896
-0.4,-0.1111100000000001,0.39351711174778775,0.45050042893909065,-0.06196275745321168,0.0,0.0,0.13382345077549612,0.0445203551117701,-0.37072678854122776,-0.2,0.20000045000044986,0.0,0.0,0.40268453089267275,0.0,0.20000045000044986,0.2521848799514408,0.42806734360629894,0.1717220474599013
-0.4,0.4999999999999999,0.5104512136393318,-0.004975693451529964,0.026779836358506563,0.0,0.14285897959249255,0.0693017865108256,0.019707577094164725,-0.27745143357372815,-0.2,0.10000135000135003,0.0,0.0,0.33720685382969245,0.0,0.3500013500013499,0.35725938036833527,0.019707577094164725,0.11702575892071879
-0.2,0.444445,0.39351711174778775,0.04026308264226472,0.009917238784914887,0.0,-0.07142788265281529,0.17479708296125548,0.09196869310610187,-0.36070670337357186,0.0,0.20000045000044986,0.0,0.0,0.38694315082244984,0.0,0.3000018000018,0.2521848799514408,0.09196869310610187,0.15857260317681085
-0.6,0.4999999999999999,0.42008896538368734,-0.018206081403107508,0.019462992570300028,0.0,-0.07142788265281529,0.11146576570277568,0.07079712457065632,-0.3809105003292986,-0.2,0.20000045000044986,0.0,0.0,-0.011485894215183614,0.0,0.3500013500013499,0.27606178327372893,0.07079712457065632,-0.17425212407806628
-0.4,-0.1111100000000001,0.5588411656314219,0.4749785530454674,-0.06196275745321168,0.0,0.0,0.0693017865108256,0.019707577094164725,-0.29628281225072517,-0.2,0.10000135000135003,0.0,0.0,0.3700264927255187,0.0,0.10000135000135003,0.4007415634827383,0.4521668950243059,0.14444139917123108
-0.4,0.444445,0.5104512136393318,0.16764846058526348,0.03191479356719654,0.0,0.0,0.0693017865108256,0.019707577094164725,-0.29628281225072517,-0.2,0.20000045000044986,0.0,0.0,0.39791730939683756,0.0,0.3000018000018,0.35725938036833527,0.1495898947052309,0.16773978458555422
-0.4,0.4999999999999999,0.5228366477434865,-0.048022114193117915,0.028820652685037258,0.0,0.14285897959249255,0.0693017865108256,0.019707577094164725,-0.2803148994309885,-0.2,0.20000045000044986,0.0,0.0,-0.011485894215183614,0.0,0.3500013500013499,0.3683886684022697,0.019707577094164725,-0.17425212407806628
-0.2,-0.1111100000000001,0.5228366477434865,0.20533790868363364,-0.06072133922693492,0.0,0.0714278826528151,0.13382345077549612,0.04594680831096677,-0.3021508719253535,-0.4,0.20000045000044986,0.0,0.0,0.00223057975485658,0.0,0.20000045000044986,0.3683886684022697,0.18669644700538682,-0.16279416998351467
-0.4,-0.1111100000000001,0.48505692550606677,0.4237536936421694,-0.06072133922693492,-0.2,0.0714278826528151,0.11146576570277568,0.06877005949811371,-0.2928139278979297,0.0,0.20000045000044986,0.0,0.0,0.38788092474792724,0.0,0.20000045000044986,0.3344406123966078,0.4017342667842865,0.1593559656220469
-0.4,0.444445,0.42008896538368734,0.22312458297588394,0.03191479356719654,0.0,0.0714278826528151,-0.07126802870387779,-0.036130558005968635,-0.022181633729991518,-0.4,0.10000135000135003,0.0,0.0,-0.016556729201251646,0.0,0.3000018000018,0.27606178327372893,0.2042080369376301,-0.022181633729991518
-0.2,0.444445,0.5228366477434865,0.013630731102850069,0.003597291451142743,0.0,0.0,0.17479708296125548,0.09196869310610187,-0.3016661280623745,0.0,0.10000135000135003,0.0,0.0,-0.012342867776325046,0.0,0.3000018000018,0.3683886684022697,0.09196869310610187,-0.1749679905423814
-0.4,-0.1111100000000001,0.57294474376954,0.45050042893909065,-0.06196275745321168,0.0,-0.07142788265281529,0.13382345077549612,0.046303421610765914,-0.37072678854122776,-0.2,0.20000045000044986,0.0,0.0,0.00223057975485658,0.0,0.20000045000044986,0.4134147392542329,0.42806734360629894,-0.16279416998351467
-0.2,-0.1111100000000001,0.5588411656314219,0.42280049566294925,-0.06072133922693492,0.0,0.14285897959249255,-0.07126802870387779,-0.036130558005968635,0.013509422848003085,-0.4,0.20000045000044986,0.0,0.0,-0.011485894215183614,0.0,0.20000045000044986,0.4007415634827383,0.4007958107321835,0.013509422848003085
-0.4,0.444445,0.5588411656314219,0.1412067486416928,0.016561647700554995,-0.2,0.14285897959249255,0.0693017865108256,0.019707577094164725,-0.24870837236510016,-0.2,0.20000045000044986,0.0,0.0,0.3792573222269561,-0.2,0.3000018000018,0.4007415634827383,0.12355712381989149,0.1521523036582822
-0.2,0.444445,0.5228366477434865,0.04026308264226472,0.009917238784914887,0.0,0.0,0.13382345077549612,0.046303421610765914,-0.36070670337357186,-0.4,0.10000135000135003,0.0,0.0,-0.012342867776325046,0.0,0.3000018000018,0.3683886684022697,0.046303421610765914,-0.1749679905423814
-0.6,0.4999999999999999,0.48505692550606677,-0.01044704985225431,0.026779836358506563,0.0,0.0714278826528151,0.11146576570277568,0.06877005949811371,-0.30183589068105493,0.0,0.20000045000044986,0.0,0.0,0.3830941152849805,0.0,0.3500013500013499,0.3344406123966078,0.06877005949811371,0.15535734008565852
-0.6,0.4999999999999999,0.42008896538368734,-0.009817939185968955,0.014793567196463886,0.0,0.0,0.11146576570277568,0.06877005949811371,-0.3640037797749316,0.0,0.20000045000044986,0.0,0.0,0.3917250632936188,0.0,0.3500013500013499,0.27606178327372893,0.06877005949811371,0.16256713804768896
-0.4,0.4999999999999999,0.57294474376954,0.10954151177199506,0.036800526662277816,0.0,0.0,0.0693017865108256,0.019707577094164725,-0.29628281225072517,-0.2,0.10000135000135003,0.0,0.0,-0.016556729201251646,0.0,0.3500013500013499,0.4134147392542329,0.09238161376902725,-0.17848800821405636
-0.4,0.4999999999999999,0.5588411656314219,0.005776379754074878,0.017431580927301873,0.0,0.0,0.13382345077549612,0.046303421610765914,-0.36070670337357186,-0.4,0.10000135000135003,0.0,0.0,-0.012342867776325046,0.0,0.3500013500013499,0.4007415634827383,0.046303421610765914,-0.1749679905423814
-0.2,0.444445,0.5308597782906004,0.0965017634162615,0.01921376845669146,0.0,0.14285897959249255,0.0693017865108256,0.019707577094164725,-0.27745143357372815,-0.4,0.20000045000044986,0.0,0.0,0.3878784762520384,0.0,0.3000018000018,0.37559808311004605,0.07954353497625703,0.15935392028929188
-0.2,0.444445,0.57294474376954,0.0965017634162615,0.03191479356719654,0.0,-0.14285576530563057,0.17479708296125548,0.09196869310610187,-0.37072678854122776,0.0,0.20000045000044986,0.0,0.0,0.39791730939683756,0.0,0.3000018000018,0.4134147392542329,0.09196869310610187,0.16773978458555422
-0.4,0.4999999999999999,0.57294474376954,0.0797826708607378,0.017431580927301873,0.0,0.0,0.13382345077549612,0.046303421610765914,-0.36070670337357186,-0.2,0.20000045000044986,0.0,0.0,0.38694315082244984,0.0,0.3500013500013499,0.4134147392542329,0.0630830158223691,0.15857260317681085
-0.4,0.4999999999999999,0.5104512136393318,-0.048022114193117915,0.028820652685037258,0.0,0.14285897959249255,0.0693017865108256,0.019707577094164725,-0.2803148994309885,-0.2,0.10000135000135003,0.0,0.0,0.34592839618622273,0.0,0.3500013500013499,0.35725938036833527,0.019707577094164725,0.12431123419469102
-0.2,-0.1111100000000001,0.57294474376954,0.33480125822133244,-0.06596915263801367,0.0,0.0714278826528151,0.0693017865108256,0.019707577094164725,-0.27745143357372815,-0.4,0.10000135000135003,0.0,0.0,-0.016556729201251646,0.0,0.10000135000135003,0.4134147392542329,0.314157548002027,-0.17848800821405636
-0.4,-0.16666750000000008,0.57294474376954,0.32376322562196164,-0.06596915263801367,0.0,-0.07142788265281529,0.17479708296125548,0.09196869310610187,-0.36070670337357186,-0.2,0.20000045000044986,0.0,0.0,-0.005744171355536331,0.0,0.20000045000044986,0.4134147392542329,0.3032902269186734,-0.1694558187671553
-0.2,-0.1111100000000001,0.5308597782906004,0.26106186254885133,-0.06072133922693492,0.0,0.14285897959249255,0.0693017865108256,0.019707577094164725,-0.2803148994309885,-0.4,0.20000045000044986,0.0,0.0,-0.011485894215183614,0.0,0.20000045000044986,0.37559808311004605,0.2415585878113328,-0.17425212407806628
-0.4,0.444445,0.39351711174778775,0.11924506720045747,0.03191479356719654,0.0,-0.07142788265281529,0.13382345077549612,0.046303421610765914,-0.37072678854122776,-0.2,0.10000135000135003,0.0,0.0,0.3604063523777344,0.0,0.3000018000018,0.2521848799514408,0.10193509637943651,0.1364052867761056
-0.4,-0.1111100000000001,0.5230076072876613,0.3369173577352015,-0.06072133922693492,0.0,0.0714278826528151,0.13382345077549612,0.04594680831096677,-0.3023226798767892,-0.2,0.10000135000135003,0.0,0.0,0.33634498327677304,0.0,0.10000135000135003,0.3685422890176854,0.3162409204376958,0.1163058017908933
-0.4,-0.1111100000000001,0.5228366477434865,0.32376322562196164,-0.06072133922693492,0.0,0.0714278826528151,0.11146576570277568,0.06877005949811371,-0.3023226798767892,0.0,0.20000045000044986,0.0,0.0,-0.011485894215183614,0.0,0.20000045000044986,0.3683886684022697,0.3032902269186734,-0.17425212407806628
-0.4,0.444445,0.48505692550606677,0.0965017634162615,0.03191479356719654,0.0,-0.14285576530563057,0.17479708296125548,0.09196869310610187,-0.37072678854122776,0.0,0.20000045000044986,0.0,0.0,0.00223057975485658,0.0,0.3000018000018,0.3344406123966078,0.09196869310610187,-0.16279416998351467
-0.2,-0.1111100000000001,0.57294474376954,0.39584405681059964,-0.06196275745321168,0.0,0.0,0.0693017865108256,0.019707577094164725,-0.29628281225072517,-0.2,0.20000045000044986,0.0,0.0,-0.011485894215183614,0.0,0.20000045000044986,0.4134147392542329,0.37425627357870844,-0.17425212407806628
-0.4,-0.1111100000000001,0.57294474376954,0.44329425221618524,-0.0685131195335277,0.0,0.0,0.13382345077549612,0.046303421610765914,-0.3640037797749316,-0.2,0.20000045000044986,0.0,0.0,0.3917250632936188,0.0,0.20000045000044986,0.4134147392542329,0.4209726158523996,0.16256713804768896
-0.4,0.444445,0.5228366477434865,0.0965017634162615,0.01921376845669146,0.0,0.0714278826528151,0.13382345077549612,0.04594680831096677,-0.30183589068105493,-0.2,0.20000045000044986,0.0,0.0,-0.005744171355536331,0.0,0.3000018000018,0.3683886684022697,0.07954353497625703,-0.1694558187671553
-0.4,-0.1111100000000001,0.39351711174778775,0.29116385473262785,-0.06072133922693492,0.0,0.14285897959249255,0.0693017865108256,0.019707577094164725,-0.2632875042440655,-0.2,0.10000135000135003,0.0,0.0,0.339726356099448,0.0,0.10000135000135003,0.2521848799514408,0.271195029936748,0.119130406325805
-0.2,-0.38889000000000007,0.5104512136393318,0.3457058431036126,-0.1676102699144173,0.0,-0.14285576530563057,0.17479708296125548,0.09196869310610187,-0.37072678854122776,0.0,0.10000135000135003,0.0,0.0,0.35171664046776063,0.0,0.10000135000135003,0.35725938036833527,0.32489348523808625,0.12914640082795065
-0.2,0.444445,0.42008896538368734,0.018720808311886317,-0.005609893727076082,0.0,-0.07142788265281529,0.13382345077549612,0.046303421610765914,-0.3809105003292986,-0.2,0.20000045000044986,0.0,0.0,0.39791730939683756,0.0,0.3000018000018,0.27606178327372893,0.046303421610765914,0.16773978458555422
-0.2,-0.16666750000000008,0.57294474376954,0.3457058431036126,-0.06553653719552327,0.0,-0.07142788265281529,0.11146576570277568,0.07079712457065632,-0.3809105003292986,0.0,0.20000045000044986,0.0,0.0,-0.011485894215183614,0.0,0.20000045000044986,0.4134147392542329,0.32489348523808625,-0.17425212407806628
-0.2,-0.38889000000000007,-0.1740644420679494,-0.08742731865408444,-0.21989560801279037,0.4,-0.07142788265281529,-0.27498299054276615,-0.1970194635785206,-0.06159315058966949,0.0,-0.25000000000000006,0.0,0.0,-0.27548272096451143,0.4,-0.25000000000000006,-0.25783184954247274,-0.10154094483755323,-0.06159315058966949
-0.2,-0.5,-0.2119877806545875,-0.012219998093604093,-0.23128938211229183,0.4,-0.07142788265281529,-0.2948335725824195,-0.2768633044914507,-0.06871295391047177,0.0,-0.25000000000000006,0.0,0.0,-0.2595650491902824,0.4,-0.25000000000000006,-0.2919089561492999,-0.027496762326620263,-0.06871295391047177
-0.2,-0.7222225,0.48505692550606677,0.5127823849013441,-0.23128938211229183,0.4,-0.14285576530563057,-0.2948335725824195,-0.2768633044914507,-0.0497199939458151,0.0,-0.25000000000000006,0.0,0.0,-0.19732918068430563,0.4,-0.25000000000000006,0.3344406123966078,0.4893860620507143,-0.0497199939458151
-0.2,-0.5,-0.17403711117312573,-0.012219998093604093,-0.23128938211229183,0.4,-0.07142788265281529,-0.27498299054276615,-0.1970194635785206,-0.06871295391047177,0.0,-0.14999864999865,0.0,0.0,-0.1718452354718497,0.4,-0.14999864999865,-0.2578072905808602,-0.027496762326620263,-0.06871295391047177
0.0,-0.2777775,-0.44387057082062154,-0.2393861405013821,-0.21989560801279037,0.4,-0.07142788265281529,-0.20849893040306394,-0.17338914018656512,-0.06159315058966949,0.0,-0.25000000000000006,0.0,0.0,-0.27548272096451143,0.4,-0.25000000000000006,-0.20849893040306394,-0.17338914018656512,-0.06159315058966949
0.0,-0.555555,-0.17403711117312573,0.07614145458011624,-0.2384980720398758,0.2,-0.07142788265281529,-0.27498299054276615,-0.1970194635785206,-0.06133134799700565,0.0,-0.25000000000000006,0.0,0.0,-0.27548272096451143,0.2,-0.25000000000000006,-0.2578072905808602,0.059498113703335256,-0.06133134799700565
0.0,-0.555555,-0.2226049845844897,0.18068820894099705,-0.2384980720398758,0.2,-0.14285576530563057,-0.20849893040306394,-0.17338914018656512,-0.06661444250365095,0.0,-0.25000000000000006,0.0,0.0,-0.2595650491902824,0.2,-0.25000000000000006,-0.20849893040306394,0.16242797349800112,-0.06661444250365095
-0.2,-0.5,-0.17403711117312573,0.023162710895052917,-0.23128938211229183,0.4,-0.14285576530563057,-0.23411874631518875,-0.24983577019088202,-0.06871295391047177,0.0,-0.25000000000000006,0.0,0.0,-0.2595650491902824,0.4,-0.25000000000000006,-0.23411874631518875,0.007338726327446132,-0.06871295391047177
0.0,-0.38889000000000007,-0.1740644420679494,-0.049547230959870445,-0.21989560801279037,0.4,0.0,-0.2948335725824195,-0.2768633044914507,-0.06159315058966949,0.0,-0.25000000000000006,0.0,0.0,-0.19732918068430563,0.4,-0.25000000000000006,-0.25783184954247274,-0.06424670132697691,-0.06159315058966949
0.0,-0.44444500000000003,-0.2119877806545875,0.029148794204556204,-0.23128938211229183,0.2,-0.07142788265281529,-0.27498299054276615,-0.1970194635785206,-0.06159315058966949,0.0,-0.25000000000000006,0.0,0.0,-0.27548272096451143,0.2,-0.25000000000000006,-0.27498299054276615,0.013232230334653377,-0.06159315058966949
0.0,-0.5,-0.44387057082062154,-0.015422743303784275,-0.2384980720398758,0.4,-0.07142788265281529,-0.23411874631518875,-0.24983577019088202,-0.06133134799700565,0.0,-0.25000000000000006,0.0,0.0,-0.27548272096451143,0.4,-0.25000000000000006,-0.23411874631518875,-0.03064997466168664,-0.06133134799700565
0.0,-0.3333325000000001,-0.2119877806545875,-0.0004384710704413723,-0.21989560801279037,0.4,-0.14285576530563057,-0.23411874631518875,-0.24983577019088202,-0.06871295391047177,0.0,-0.25000000000000006,0.0,0.0,-0.19732918068430563,0.4,-0.25000000000000006,-0.23411874631518875,-0.015897445522626185,-0.06871295391047177
-0.2,-0.44444500000000003,-0.2119877806545875,0.023162710895052917,-0.23128938211229183,0.4,-0.21428686224530802,-0.20849893040306394,-0.16864055256292348,-0.051777598697532165,0.0,-0.14999864999865,0.0,0.0,-0.17718050801392707,0.4,-0.14999864999865,-0.20849893040306394,0.007338726327446132,-0.051777598697532165
-0.2,-0.38889000000000007,-0.17403711117312573,-0.14627776189114478,-0.21989560801279037,0.4,0.0714278826528151,-0.2948335725824195,-0.2768633044914507,-0.04241202001153574,0.0,-0.25000000000000006,0.0,0.0,-0.19732918068430563,0.4,-0.25000000000000006,-0.2578072905808602,-0.15948122149439736,-0.04241202001153574
0.0,-0.2777775,-0.44387057082062154,-0.1419311791059003,-0.21989560801279037,0.4,-0.07142788265281529,-0.2948335725824195,-0.2768633044914507,-0.06871295391047177,0.0,-0.25000000000000006,0.0,0.0,-0.27548272096451143,0.4,-0.25000000000000006,-0.2948335725824195,-0.15520186189680735,-0.06871295391047177
-0.2,-0.5,-0.17403711117312573,0.023162710895052917,-0.23128938211229183,0.4,-0.14285576530563057,-0.20849893040306394,-0.17338914018656512,-0.06871295391047177,0.0,-0.25000000000000006,0.0,0.0,-0.18689124270960344,0.4,-0.25000000000000006,-0.20849893040306394,0.007338726327446132,-0.06871295391047177
0.2,-0.2777775,-0.4843013406554219,-0.07377752359164995,-0.21927019655788574,0.4,-0.14285576530563057,-0.27498299054276615,-0.1970194635785206,-0.05121513218985598,0.0,-0.25000000000000006,0.0,0.0,-0.19732918068430563,0.4,-0.25000000000000006,-0.27498299054276615,-0.08810225417143709,-0.05121513218985598
0.2,-0.2777775,-0.4843013406554219,-0.1555047183299972,-0.20424151227311202,0.4,-0.21428686224530802,-0.20849893040306394,-0.16864055256292348,-0.08701663673663074,0.0,-0.25000000000000006,0.0,0.0,-0.2595650491902824,0.4,-0.25000000000000006,-0.20849893040306394,-0.1685654760787553,-0.08701663673663074
-0.2,-0.5,-0.1740644420679494,0.026441711943570666,-0.23128938211229183,0.4,-0.14285576530563057,-0.27498299054276615,-0.1970194635785206,-0.051777598697532165,0.0,-0.25000000000000006,0.0,0.0,-0.2595650491902824,0.4,-0.25000000000000006,-0.25783184954247274,0.0105670151466807,-0.051777598697532165
0.0,-0.44444500000000003,-0.44387057082062154,-0.09871318272805266,-0.23128938211229183,0.2,-0.07142788265281529,-0.27498299054276615,-0.1970194635785206,-0.06159315058966949,0.0,-0.14999864999865,0.0,0.0,-0.18625708227435891,0.2,-0.14999864999865,-0.27498299054276615,-0.11265226449445373,-0.06159315058966949
-0.2,-0.44444500000000003,-0.2119877806545875,0.006119531026594258,-0.23128938211229183,0.4,-0.14285576530563057,-0.23411874631518875,-0.24983577019088202,-0.06871295391047177,0.0,-0.14999864999865,0.0,0.0,-0.17718050801392707,0.4,-0.14999864999865,-0.23411874631518875,-0.00944086788415692,-0.06871295391047177
-0.2,-0.38889000000000007,-0.1740644420679494,-0.028329043942426864,-0.21989560801279037,0.4,-0.21428686224530802,-0.20849893040306394,-0.16864055256292348,-0.051777598697532165,0.0,-0.14999864999865,0.0,0.0,-0.17718050801392707,0.4,-0.14999864999865,-0.20849893040306394,-0.043356669607162286,-0.051777598697532165
-0.2,-0.5,-0.17403711117312573,-0.10887427318654086,-0.23128938211229183,0.4,-0.07142788265281529,-0.23411874631518875,-0.24983577019088202,-0.06159315058966949,0.0,-0.25000000000000006,0.0,0.0,-0.27548272096451143,0.4,-0.25000000000000006,-0.23411874631518875,-0.12265620600987254,-0.06159315058966949
0.0,-0.38889000000000007,-0.1740644420679494,-0.05692498331903541,-0.21989560801279037,0.2,-0.07142788265281529,-0.20849893040306394,-0.17338914018656512,-0.04241202001153574,0.0,-0.25000000000000006,0.0,0.0,-0.27548272096451143,0.2,-0.25000000000000006,-0.20849893040306394,-0.07151035117025471,-0.04241202001153574
0.0,-0.5,-0.44387057082062154,-0.012219998093604093,-0.2384980720398758,0.4,-0.07142788265281529,-0.27498299054276615,-0.1970194635785206,-0.07456260559030352,0.0,-0.25000000000000006,0.0,0.0,-0.2595650491902824,0.4,-0.25000000000000006,-0.27498299054276615,-0.027496762326620263,-0.07456260559030352
0.2,-0.5,-0.4843013406554219,-0.09871318272805266,-0.2384980720398758,0.4,-0.07142788265281529,-0.23411874631518875,-0.24983577019088202,-0.05612802146781264,0.0,-0.25000000000000006,0.0,0.0,-0.19732918068430563,0.4,-0.25000000000000006,-0.23411874631518875,-0.11265226449445373,-0.05612802146781264
0.0,-0.555555,-0.17403711117312573,0.1725860261176246,-0.2384980720398758,0.2,-0.07142788265281529,-0.27498299054276615,-0.1970194635785206,-0.07456260559030352,0.0,-0.14999864999865,0.0,0.0,-0.18625708227435891,0.2,-0.14999864999865,-0.2578072905808602,0.15445109705512491,-0.07456260559030352
0.2,-0.44444500000000003,-0.4843013406554219,-0.19883709846535128,-0.23128938211229183,0.4,-0.07142788265281529,-0.23411874631518875,-0.24983577019088202,-0.05612802146781264,0.0,-0.14999864999865,0.0,0.0,-0.18625708227435891,0.4,-0.14999864999865,-0.23411874631518875,-0.21122768820736126,-0.05612802146781264
0.0,-0.5,-0.44387057082062154,0.043999618720808265,-0.2384980720398758,0.4,-0.07142788265281529,-0.2948335725824195,-0.2768633044914507,-0.07456260559030352,0.0,-0.25000000000000006,0.0,0.0,-0.19732918068430563,0.4,-0.25000000000000006,-0.2948335725824195,0.0278533756264194,-0.07456260559030352
0.0,-0.2777775,-0.44387057082062154,-0.17006958345248305,-0.21989560801279037,0.4,0.0,-0.2948335725824195,-0.2768633044914507,-0.06159315058966949,0.0,-0.25000000000000006,0.0,0.0,-0.19732918068430563,0.4,-0.25000000000000006,-0.2948335725824195,-0.18290508455489024,-0.06159315058966949
-0.2,-0.38889000000000007,-0.17403711117312573,-0.14627776189114478,-0.21989560801279037,0.4,-0.07142788265281529,-0.23411874631518875,-0.24983577019088202,-0.06159315058966949,0.0,-0.25000000000000006,0.0,0.0,-0.27548272096451143,0.4,-0.25000000000000006,-0.23411874631518875,-0.15948122149439736,-0.06159315058966949
-0.2,-0.3333325000000001,-0.2119877806545875,-0.049547230959870445,-0.21989560801279037,0.4,-0.07142788265281529,-0.27498299054276615,-0.1970194635785206,-0.06871295391047177,0.0,-0.25000000000000006,0.0,0.0,-0.2595650491902824,0.4,-0.25000000000000006,-0.27498299054276615,-0.06424670132697691,-0.06871295391047177
0.0,-0.5,-0.2119877806545875,0.17946811552759506,-0.2384980720398758,0.2,-0.07142788265281529,-0.20849893040306394,-0.17338914018656512,-0.06133134799700565,0.0,-0.25000000000000006,0.0,0.0,-0.19732918068430563,0.2,-0.25000000000000006,-0.20849893040306394,0.16122674975130916,-0.06133134799700565
0.0,-0.5,-0.44387057082062154,-0.012219998093604093,-0.2384980720398758,0.4,-0.14285576530563057,-0.20849893040306394,-0.17338914018656512,-0.07456260559030352,0.0,-0.25000000000000006,0.0,0.0,-0.27548272096451143,0.4,-0.25000000000000006,-0.20849893040306394,-0.027496762326620263,-0.07456260559030352
0.0,-0.61111,-0.2226049845844897,0.1415689638737965,-0.2384980720398758,0.4,-0.14285576530563057,-0.2948335725824195,-0.2768633044914507,-0.0452877578653271,0.0,-0.25000000000000006,0.0,0.0,-0.19732918068430563,0.4,-0.25000000000000006,-0.2948335725824195,0.12391373711969063,-0.0452877578653271
0.0,-0.555555,-0.17403711117312573,0.1725860261176246,-0.2384980720398758,0.4,-0.07142788265281529,-0.2948335725824195,-0.2768633044914507,-0.06661444250365095,0.0,-0.25000000000000006,0.0,0.0,-0.2595650491902824,0.4,-0.25000000000000006,-0.2578072905808602,0.15445109705512491,-0.06661444250365095
-0.2,-0.38889000000000007,-0.1740644420679494,-0.01181965494233157,-0.21989560801279037,0.4,-0.21428686224530802,-0.20849893040306394,-0.16864055256292348,-0.08618418630527007,0.0,-0.14999864999865,0.0,0.0,-0.1718452354718497,0.4,-0.14999864999865,-0.20849893040306394,-0.027102610784736966,-0.08618418630527007
0.0,-0.555555,-0.17403711117312573,0.18068820894099705,-0.2384980720398758,0.2,-0.07142788265281529,-0.27498299054276615,-0.1970194635785206,-0.06133134799700565,0.0,-0.25000000000000006,0.0,0.0,-0.19732918068430563,0.2,-0.25000000000000006,-0.2578072905808602,0.16242797349800112,-0.06133134799700565
-0.2,-0.555555,-0.1740644420679494,0.11251548946716228,-0.2384980720398758,0.4,-0.14285576530563057,-0.27498299054276615,-0.1970194635785206,-0.049664769961425076,0.0,-0.25000000000000006,0.0,0.0,-0.2595650491902824,0.4,-0.25000000000000006,-0.25783184954247274,0.0953095966515888,-0.049664769961425076
0.0,-0.555555,-0.17403711117312573,0.15519969497664657,-0.2384980720398758,0.4,-0.14285576530563057,-0.23411874631518875,-0.24983577019088202,-0.06661444250365095,0.0,-0.25000000000000006,0.0,0.0,-0.2595650491902824,0.4,-0.25000000000000006,-0.23411874631518875,0.13733365866476469,-0.06661444250365095
-0.2,-0.5,-0.17403711117312573,0.026441711943570666,-0.23128938211229183,0.4,-0.07142788265281529,-0.27498299054276615,-0.1970194635785206,-0.06871295391047177,0.0,-0.25000000000000006,0.0,0.0,-0.2595650491902824,0.4,-0.25000000000000006,-0.2578072905808602,0.0105670151466807,-0.06871295391047177
-0.2,-0.555555,-0.1740644420679494,0.11251548946716228,-0.2384980720398758,0.4,-0.14285576530563057,-0.23411874631518875,-0.24983577019088202,-0.049664769961425076,0.0,-0.25000000000000006,0.0,0.0,-0.2595650491902824,0.4,-0.25000000000000006,-0.23411874631518875,0.0953095966515888,-0.049664769961425076
0.2,-0.44444500000000003,-0.4843013406554219,-0.10811171480316466,-0.23128938211229183,0.4,-0.14285576530563057,-0.27498299054276615,-0.1970194635785206,-0.08083359581770364,0.0,-0.25000000000000006,0.0,0.0,-0.2595650491902824,0.4,-0.25000000000000006,-0.27498299054276615,-0.1219054411681901,-0.08083359581770364
-0.2,-0.7222225,0.39351711174778775,0.5677437803831856,-0.2384980720398758,0.4,-0.14285576530563057,-0.28193275667889367,-0.1970194635785206,-0.05007179117970709,0.0,-0.14999864999865,0.0,0.0,-0.1718452354718497,0.4,-0.14999864999865,0.2521848799514408,0.5434974380149779,-0.05007179117970709
0.0,-0.38889000000000007,-0.1740644420679494,-0.0004384710704413723,-0.21989560801279037,0.2,-0.07142788265281529,-0.27498299054276615,-0.1970194635785206,-0.06871295391047177,0.0,-0.25000000000000006,0.0,0.0,-0.19732918068430563,0.2,-0.25000000000000006,-0.25783184954247274,-0.015897445522626185,-0.06871295391047177
0.2,-0.44444500000000003,-0.4843013406554219,-0.09871318272805266,-0.23128938211229183,0.2,-0.07142788265281529,-0.20849893040306394,-0.17338914018656512,-0.05612802146781264,0.0,-0.25000000000000006,0.0,0.0,-0.19732918068430563,0.2,-0.25000000000000006,-0.20849893040306394,-0.11265226449445373,-0.05612802146781264
0.0,-0.44444500000000003,-0.44387057082062154,-0.03147459727385377,-0.23128938211229183,0.4,-0.14285576530563057,-0.27498299054276615,-0.1970194635785206,-0.051777598697532165,0.0,-0.14999864999865,0.0,0.0,-0.18625708227435891,0.4,-0.14999864999865,-0.27498299054276615,-0.04645357457910242,-0.051777598697532165
0.0,-0.555555,-0.2226049845844897,0.17946811552759506,-0.2384980720398758,0.2,-0.07142788265281529,-0.27498299054276615,-0.1970194635785206,-0.06133134799700565,0.0,-0.25000000000000006,0.0,0.0,-0.27548272096451143,0.2,-0.25000000000000006,-0.27498299054276615,0.16122674975130916,-0.06133134799700565
0.0,-0.2777775,-0.44387057082062154,-0.2393670765417978,-0.21989560801279037,0.4,0.0,-0.2948335725824195,-0.2768633044914507,-0.06159315058966949,0.0,-0.25000000000000006,0.0,0.0,-0.2595650491902824,0.4,-0.25000000000000006,-0.2948335725824195,-0.25113083954278426,-0.06159315058966949
0.0,-0.5,-0.44387057082062154,-0.14278905728719862,-0.2384980720398758,0.4,-0.07142788265281529,-0.20849893040306394,-0.1970194635785206,-0.06133134799700565,0.0,-0.25000000000000006,0.0,0.0,-0.19732918068430563,0.4,-0.25000000000000006,-0.20849893040306394,-0.15604647234370017,-0.06133134799700565
0.0,-0.38889000000000007,-0.17403711117312573,-0.049547230959870445,-0.21989560801279037,0.2,-0.07142788265281529,-0.27498299054276615,-0.1970194635785206,-0.06159315058966949,0.0,-0.14999864999865,0.0,0.0,-0.18625708227435891,0.2,-0.14999864999865,-0.2578072905808602,-0.06424670132697691,-0.06159315058966949
-0.2,-0.555555,-0.2119877806545875,0.026441711943570666,-0.2384980720398758,0.4,-0.07142788265281529,-0.2948335725824195,-0.2768633044914507,-0.07456260559030352,0.0,-0.25000000000000006,0.0,0.0,-0.18689124270960344,0.4,-0.25000000000000006,-0.2919089561492999,0.0105670151466807,-0.07456260559030352
0.2,-0.5,-0.4843013406554219,-0.09871318272805266,-0.2384980720398758,0.2,-0.07142788265281529,-0.27498299054276615,-0.1970194635785206,-0.05612802146781264,0.0,-0.14999864999865,0.0,0.0,-0.18625708227435891,0.2,-0.14999864999865,-0.27498299054276615,-0.11265226449445373,-0.05612802146781264
-0.2,-0.61111,-0.1740644420679494,0.07614145458011624,-0.2384980720398758,0.4,-0.07142788265281529,-0.20849893040306394,-0.17338914018656512,-0.06133134799700565,0.0,-0.14999864999865,0.0,0.0,-0.17718050801392707,0.4,-0.14999864999865,-0.20849893040306394,0.059498113703335256,-0.06133134799700565
0.0,-0.38889000000000007,-0.1740644420679494,0.043122676579925655,-0.21989560801279037,0.4,-0.07142788265281529,-0.23411874631518875,-0.24983577019088202,-0.05541420033625277,0.0,-0.14999864999865,0.0,0.0,-0.18625708227435891,0.4,-0.14999864999865,-0.23411874631518875,0.026989996058484615,-0.05541420033625277
0.0,-0.44444500000000003,-0.44387057082062154,0.043122676579925655,-0.23128938211229183,0.2,-0.14285576530563057,-0.20849893040306394,-0.1970194635785206,-0.06871295391047177,0.0,-0.25000000000000006,0.0,0.0,-0.27548272096451143,0.2,-0.25000000000000006,-0.20849893040306394,0.026989996058484615,-0.06871295391047177
-0.2,-0.5,-0.17403711117312573,0.026441711943570666,-0.23128938211229183,0.4,-0.14285576530563057,-0.27498299054276615,-0.1970194635785206,-0.051777598697532165,0.0,-0.25000000000000006,0.0,0.0,-0.19732918068430563,0.4,-0.25000000000000006,-0.2578072905808602,0.0105670151466807,-0.051777598697532165
0.2,-0.5,-0.4843013406554219,-0.19883709846535128,-0.2384980720398758,0.4,-0.07142788265281529,-0.20849893040306394,-0.17338914018656512,-0.05612802146781264,0.0,-0.25000000000000006,0.0,0.0,-0.19732918068430563,0.4,-0.25000000000000006,-0.20849893040306394,-0.17338914018656512,-0.05612802146781264
0.0,-0.5,-0.17403711117312573,0.15845963206558,-0.23128938211229183,0.4,-0.14285576530563057,-0.27498299054276615,-0.1970194635785206,-0.051777598697532165,0.0,-0.14999864999865,0.0,0.0,-0.17718050801392707,0.4,-0.14999864999865,-0.2578072905808602,0.1405431783629573,-0.051777598697532165
-0.2,-0.38889000000000007,-0.1740644420679494,-0.08742731865408444,-0.21989560801279037,0.4,-0.07142788265281529,-0.27498299054276615,-0.1970194635785206,-0.06159315058966949,0.0,-0.25000000000000006,0.0,0.0,-0.19732918068430563,0.4,-0.25000000000000006,-0.25783184954247274,-0.10154094483755323,-0.06159315058966949
0.0,-0.555555,-0.1740644420679494,0.07614145458011624,-0.2384980720398758,0.4,-0.07142788265281529,-0.23411874631518875,-0.24983577019088202,-0.06133134799700565,0.0,-0.14999864999865,0.0,0.0,-0.18625708227435891,0.4,-0.14999864999865,-0.23411874631518875,0.059498113703335256,-0.06133134799700565
0.2,-0.2777775,-0.4843013406554219,-0.19883709846535128,-0.21699896548481143,0.4,-0.07142788265281529,-0.27498299054276615,-0.1970194635785206,-0.06328055011269781,0.0,-0.25000000000000006,0.0,0.0,-0.27548272096451143,0.4,-0.25000000000000006,-0.27498299054276615,-0.1970194635785206,-0.06328055011269781
0.0,-0.555555,-0.1740644420679494,0.15519969497664657,-0.2384980720398758,0.2,-0.07142788265281529,-0.27498299054276615,-0.1970194635785206,-0.06661444250365095,0.0,-0.25000000000000006,0.0,0.0,-0.2595650491902824,0.2,-0.25000000000000006,-0.25783184954247274,0.13733365866476469,-0.06661444250365095
0.0,-0.7222225,0.5228366477434865,0.5864073968163186,-0.2384980720398758,0.4,-0.14285576530563057,-0.28193275667889367,-0.1970194635785206,-0.050073836512462215,0.0,-0.14999864999865,0.0,0.0,-0.17718050801392707,0.4,-0.14999864999865,0.3683886684022697,0.561872407515156,-0.050073836512462215
0.0,-0.2777775,-0.44387057082062154,-0.2393861405013821,-0.21989560801279037,0.4,-0.07142788265281529,-0.27498299054276615,-0.1970194635785206,-0.06159315058966949,0.0,-0.25000000000000006,0.0,0.0,-0.27548272096451143,0.4,-0.25000000000000006,-0.27498299054276615,-0.1970194635785206,-0.06159315058966949
0.0,-0.3333325000000001,-0.2226049845844897,0.043122676579925655,-0.21989560801279037,0.2,-0.14285576530563057,-0.20849893040306394,-0.1970194635785206,-0.06871295391047177,0.0,-0.25000000000000006,0.0,0.0,-0.19732918068430563,0.2,-0.25000000000000006,-0.20849893040306394,0.026989996058484615,-0.06871295391047177
-0.2,-0.5,-0.1740644420679494,-0.012219998093604093,-0.23128938211229183,0.4,-0.14285576530563057,-0.20849893040306394,-0.17338914018656512,-0.06871295391047177,0.0,-0.25000000000000006,0.0,0.0,-0.19732918068430563,0.4,-0.25000000000000006,-0.20849893040306394,-0.027496762326620263,-0.06871295391047177
-0.2,-0.5,-0.1740644420679494,0.006119531026594258,-0.23128938211229183,0.4,-0.07142788265281529,-0.23411874631518875,-0.24983577019088202,-0.06159315058966949,0.0,-0.14999864999865,0.0,0.0,-0.17718050801392707,0.4,-0.14999864999865,-0.23411874631518875,-0.00944086788415692,-0.06159315058966949
0.0,-0.555555,-0.1740644420679494,0.15519969497664657,-0.2384980720398758,0.2,-0.07142788265281529,-0.27498299054276615,-0.1970194635785206,-0.07456260559030352,0.0,-0.25000000000000006,0.0,0.0,-0.19732918068430563,0.2,-0.25000000000000006,-0.25783184954247274,0.13733365866476469,-0.07456260559030352
-0.2,-0.3333325000000001,-0.2119877806545875,-0.049547230959870445,-0.21989560801279037,0.4,-0.14285576530563057,-0.2948335725824195,-0.2768633044914507,-0.08618418630527007,0.0,-0.25000000000000006,0.0,0.0,-0.2595650491902824,0.4,-0.25000000000000006,-0.2919089561492999,-0.06424670132697691,-0.08618418630527007
0.0,-0.5,-0.44387057082062154,0.15845963206558,-0.2384980720398758,0.4,-0.14285576530563057,-0.27498299054276615,-0.1970194635785206,-0.049664769961425076,0.0,-0.25000000000000006,0.0,0.0,-0.27548272096451143,0.4,-0.25000000000000006,-0.27498299054276615,0.1405431783629573,-0.049664769961425076
0.2,-0.5,-0.4843013406554219,0.043122676579925655,-0.2384980720398758,0.4,-0.14285576530563057,-0.23411874631518875,-0.24983577019088202,-0.06328055011269781,0.0,-0.25000000000000006,0.0,0.0,-0.19732918068430563,0.4,-0.25000000000000006,-0.23411874631518875,0.026989996058484615,-0.06328055011269781
0.0,-0.5,-0.17403711117312573,0.15519969497664657,-0.23128938211229183,0.2,-0.07142788265281529,-0.27498299054276615,-0.1970194635785206,-0.06871295391047177,0.0,-0.25000000000000006,0.0,0.0,-0.2595650491902824,0.2,-0.25000000000000006,-0.2578072905808602,0.13733365866476469,-0.06871295391047177
0.0,-0.38889000000000007,-0.17403711117312573,-0.049547230959870445,-0.21989560801279037,0.2,-0.07142788265281529,-0.20849893040306394,-0.17338914018656512,-0.06159315058966949,0.0,-0.14999864999865,0.0,0.0,-0.18625708227435891,0.2,-0.14999864999865,-0.20849893040306394,-0.06424670132697691,-0.06159315058966949
-0.2,-0.44444500000000003,-0.2226049845844897,0.023162710895052917,-0.23128938211229183,0.4,-0.21428686224530802,-0.20849893040306394,-0.16864055256292348,-0.051777598697532165,0.0,-0.14999864999865,0.0,0.0,-0.17718050801392707,0.4,-0.14999864999865,-0.20849893040306394,0.007338726327446132,-0.051777598697532165
0.0,-0.38889000000000007,-0.1740644420679494,0.012315317891526083,-0.21989560801279037,0.4,-0.14285576530563057,-0.27498299054276615,-0.1970194635785206,-0.051777598697532165,0.0,-0.14999864999865,0.0,0.0,-0.17718050801392707,0.4,-0.14999864999865,-0.25783184954247274,-0.00334090354548692,-0.051777598697532165
0.0,-0.3333325000000001,-0.2226049845844897,-0.028329043942426864,-0.21989560801279037,0.4,-0.14285576530563057,-0.27498299054276615,-0.1970194635785206,-0.051777598697532165,0.0,-0.25000000000000006,0.0,0.0,-0.19732918068430563,0.4,-0.25000000000000006,-0.27498299054276615,-0.043356669607162286,-0.051777598697532165
0.0,-0.44444500000000003,-0.44387057082062154,-0.038718901915928035,-0.23128938211229183,0.4,-0.07142788265281529,-0.2948335725824195,-0.2768633044914507,-0.06871295391047177,0.0,-0.25000000000000006,0.0,0.0,-0.19732918068430563,0.4,-0.25000000000000006,-0.2948335725824195,-0.05358584057508593,-0.06871295391047177
-0.2,-0.3333325000000001,-0.2119877806545875,-0.06922123725097706,-0.21989560801279037,0.4,-0.14285576530563057,-0.23411874631518875,-0.24983577019088202,-0.06871295391047177,0.0,-0.25000000000000006,0.0,0.0,-0.2595650491902824,0.4,-0.25000000000000006,-0.23411874631518875,-0.08361643424238444,-0.06871295391047177
-0.2,-0.38889000000000007,-0.1740644420679494,-0.14627776189114478,-0.21989560801279037,0.4,-0.07142788265281529,-0.27498299054276615,-0.1970194635785206,-0.06159315058966949,0.0,-0.25000000000000006,0.0,0.0,-0.27548272096451143,0.4,-0.25000000000000006,-0.25783184954247274,-0.15948122149439736,-0.06159315058966949
0.0,-0.555555,-0.2226049845844897,0.043999618720808265,-0.2384980720398758,0.2,0.0,-0.27498299054276615,-0.1970194635785206,-0.04071848449024179,0.0,-0.25000000000000006,0.0,0.0,-0.27548272096451143,0.2,-0.25000000000000006,-0.27498299054276615,0.0278533756264194,-0.04071848449024179
0.0,-0.555555,-0.1740644420679494,0.15519969497664657,-0.2384980720398758,0.4,-0.07142788265281529,-0.2948335725824195,-0.2768633044914507,-0.06661444250365095,0.0,-0.25000000000000006,0.0,0.0,-0.2595650491902824,0.4,-0.25000000000000006,-0.25783184954247274,0.13733365866476469,-0.06661444250365095
0.0,-0.44444500000000003,-0.2119877806545875,0.10233533504908965,-0.23128938211229183,0.2,-0.07142788265281529,-0.27498299054276615,-0.1970194635785206,-0.05541420033625277,0.0,-0.25000000000000006,0.0,0.0,-0.27548272096451143,0.2,-0.25000000000000006,-0.27498299054276615,0.0852868860151279,-0.05541420033625277
0.0,-0.7222225,0.57294474376954,0.5911161948336668,-0.2384980720398758,0.4,-0.14285576530563057,-0.2534501748958383,-0.24983577019088202,-0.050073836512462215,0.0,-0.14999864999865,0.0,0.0,-0.17718050801392707,0.4,-0.14999864999865,0.4134147392542329,0.5665083804125451,-0.050073836512462215
0.0,-0.38889000000000007,-0.17403711117312573,0.012315317891526083,-0.21989560801279037,0.4,-0.14285576530563057,-0.23411874631518875,-0.24983577019088202,-0.051777598697532165,0.0,-0.25000000000000006,0.0,0.0,-0.19732918068430563,0.4,-0.25000000000000006,-0.23411874631518875,-0.00334090354548692,-0.051777598697532165
0.0,-0.555555,-0.1740644420679494,0.07614145458011624,-0.2384980720398758,0.4,0.0,-0.2948335725824195,-0.2768633044914507,-0.06133134799700565,0.0,-0.25000000000000006,0.0,0.0,-0.19732918068430563,0.4,-0.25000000000000006,-0.25783184954247274,0.059498113703335256,-0.06133134799700565
0.2,-0.5,-0.4843013406554219,0.043122676579925655,-0.2384980720398758,0.2,-0.14285576530563057,-0.20849893040306394,-0.17338914018656512,-0.06328055011269781,0.0,-0.14999864999865,0.0,0.0,-0.18625708227435891,0.2,-0.14999864999865,-0.20849893040306394,0.026989996058484615,-0.06328055011269781
0.0,-0.555555,-0.2226049845844897,0.17946811552759506,-0.2384980720398758,0.2,-0.07142788265281529,-0.20849893040306394,-0.17338914018656512,-0.06133134799700565,0.0,-0.14999864999865,0.0,0.0,-0.18743480879695598,0.2,-0.14999864999865,-0.20849893040306394,0.16122674975130916,-0.06133134799700565
-0.2,-0.5,-0.1740644420679494,0.006119531026594258,-0.23128938211229183,0.4,-0.07142788265281529,-0.27498299054276615,-0.1970194635785206,-0.06159315058966949,0.0,-0.14999864999865,0.0,0.0,-0.17718050801392707,0.4,-0.14999864999865,-0.25783184954247274,-0.00944086788415692,-0.06159315058966949
0.0,-0.3333325000000001,-0.2226049845844897,-0.028329043942426864,-0.21989560801279037,0.4,-0.14285576530563057,-0.27498299054276615,-0.1970194635785206,-0.051777598697532165,0.0,-0.14999864999865,0.0,0.0,-0.17718050801392707,0.4,-0.14999864999865,-0.27498299054276615,-0.043356669607162286,-0.051777598697532165
-0.2,-0.5,-0.17403711117312573,0.023162710895052917,-0.23128938211229183,0.4,-0.14285576530563057,-0.23411874631518875,-0.24983577019088202,-0.06871295391047177,0.0,-0.25000000000000006,0.0,0.0,-0.2595650491902824,0.4,-0.25000000000000006,-0.23411874631518875,0.007338726327446132,-0.06871295391047177
0.0,-0.2777775,-0.44387057082062154,-0.1555047183299972,-0.21887990219129116,0.4,-0.14285576530563057,-0.23411874631518875,-0.24983577019088202,-0.051777598697532165,0.0,-0.25000000000000006,0.0,0.0,-0.18689124270960344,0.4,-0.25000000000000006,-0.23411874631518875,-0.1685654760787553,-0.051777598697532165
0.2,-0.5,-0.4843013406554219,0.043122676579925655,-0.2384980720398758,0.4,-0.07142788265281529,-0.2948335725824195,-0.2768633044914507,-0.06328055011269781,0.0,-0.14999864999865,0.0,0.0,-0.18625708227435891,0.4,-0.14999864999865,-0.2948335725824195,0.026989996058484615,-0.06328055011269781
0.2,-0.5,-0.4843013406554219,0.043122676579925655,-0.2384980720398758,0.2,-0.14285576530563057,-0.20849893040306394,-0.17338914018656512,-0.06328055011269781,0.0,-0.25000000000000006,0.0,0.0,-0.27548272096451143,0.2,-0.25000000000000006,-0.20849893040306394,0.026989996058484615,-0.06328055011269781
0.0,-0.3333325000000001,-0.2226049845844897,-0.028329043942426864,-0.21989560801279037,0.4,-0.14285576530563057,-0.23411874631518875,-0.24983577019088202,-0.06871295391047177,0.0,-0.25000000000000006,0.0,0.0,-0.2595650491902824,0.4,-0.25000000000000006,-0.23411874631518875,-0.043356669607162286,-0.06871295391047177
-0.2,-0.5,-0.2119877806545875,0.023162710895052917,-0.23128938211229183,0.4,-0.07142788265281529,-0.27498299054276615,-0.1970194635785206,-0.06871295391047177,0.0,-0.25000000000000006,0.0,0.0,-0.2595650491902824,0.4,-0.25000000000000006,-0.27498299054276615,0.007338726327446132,-0.06871295391047177
-0.2,-0.5,-0.1740644420679494,0.023162710895052917,-0.23128938211229183,0.4,-0.14285576530563057,-0.20849893040306394,-0.17338914018656512,-0.06871295391047177,0.0,-0.25000000000000006,0.0,0.0,-0.2595650491902824,0.4,-0.25000000000000006,-0.20849893040306394,0.007338726327446132,-0.06871295391047177
-0.2,-0.44444500000000003,-0.2226049845844897,-0.049547230959870445,-0.23128938211229183,0.4,-0.07142788265281529,-0.20849893040306394,-0.17338914018656512,-0.06159315058966949,0.0,-0.25000000000000006,0.0,0.0,-0.27548272096451143,0.4,-0.25000000000000006,-0.20849893040306394,-0.06424670132697691,-0.06159315058966949
0.0,-0.38889000000000007,-0.1740644420679494,0.012315317891526083,-0.21989560801279037,0.4,-0.14285576530563057,-0.27498299054276615,-0.1970194635785206,-0.051777598697532165,0.0,-0.14999864999865,0.0,0.0,-0.17718050801392707,0.4,-0.14999864999865,-0.25783184954247274,-0.00334090354548692,-0.051777598697532165
0.0,-0.5,-0.44387057082062154,-0.015422743303784275,-0.2384980720398758,0.4,-0.07142788265281529,-0.23411874631518875,-0.24983577019088202,-0.06133134799700565,0.0,-0.14999864999865,0.0,0.0,-0.18625708227435891,0.4,-0.14999864999865,-0.23411874631518875,-0.03064997466168664,-0.06133134799700565
-0.2,-0.61111,-0.17403711117312573,0.07614145458011624,-0.2384980720398758,0.4,-0.07142788265281529,-0.20849893040306394,-0.17338914018656512,-0.06133134799700565,0.0,-0.25000000000000006,0.0,0.0,-0.27548272096451143,0.4,-0.25000000000000006,-0.20849893040306394,0.059498113703335256,-0.06133134799700565
0.2,-0.2777775,-0.4843013406554219,-0.1555047183299972,-0.20424151227311202,0.4,-0.14285576530563057,-0.23411874631518875,-0.24983577019088202,-0.08701663673663074,0.0,-0.25000000000000006,0.0,0.0,-0.2595650491902824,0.4,-0.25000000000000006,-0.23411874631518875,-0.1685654760787553,-0.08701663673663074
-0.2,-0.38889000000000007,-0.1740644420679494,-0.08742731865408444,-0.21989560801279037,0.4,-0.07142788265281529,-0.20849893040306394,-0.17338914018656512,-0.06159315058966949,0.0,-0.14999864999865,0.0,0.0,-0.17718050801392707,0.4,-0.14999864999865,-0.20849893040306394,-0.10154094483755323,-0.06159315058966949
-0.2,-0.7222225,0.57294474376954,0.5216471261080926,-0.2384980720398758,0.4,-0.07142788265281529,-0.31395899104358327,-0.2768633044914507,-0.04132799365128713,0.0,-0.14999864999865,0.0,0.0,-0.17718050801392707,0.4,-0.14999864999865,0.4134147392542329,0.49811370333527283,-0.04132799365128713
0.2,-0.44444500000000003,-0.4843013406554219,-0.10811171480316466,-0.23128938211229183,0.4,-0.14285576530563057,-0.27498299054276615,-0.1970194635785206,-0.08083359581770364,0.0,-0.25000000000000006,0.0,0.0,-0.18689124270960344,0.4,-0.25000000000000006,-0.27498299054276615,-0.1219054411681901,-0.08083359581770364
-0.2,-0.61111,0.42008896538368734,0.471947383471547,-0.21989560801279037,0.4,-0.21428686224530802,-0.213070113580666,-0.16864055256292348,-0.051024916243623666,0.0,-0.25000000000000006,0.0,0.0,-0.2595650491902824,0.4,-0.25000000000000006,0.27606178327372893,0.44918260477861827,-0.051024916243623666
0.0,-0.38889000000000007,-0.17403711117312573,0.07921075207320558,-0.21989560801279037,0.4,-0.07142788265281529,-0.23411874631518875,-0.24983577019088202,-0.05541420033625277,0.0,-0.25000000000000006,0.0,0.0,-0.19732918068430563,0.4,-0.25000000000000006,-0.23411874631518875,0.06251994219110721,-0.05541420033625277
0.2,-0.5,-0.4843013406554219,-0.09871318272805266,-0.2384980720398758,0.2,-0.07142788265281529,-0.27498299054276615,-0.1970194635785206,-0.05612802146781264,0.0,-0.25000000000000006,0.0,0.0,-0.27548272096451143,0.2,-0.25000000000000006,-0.27498299054276615,-0.11265226449445373,-0.05612802146781264
0.0,-0.61111,0.5228366477434865,0.5911161948336668,-0.21989560801279037,0.4,-0.14285576530563057,-0.31395899104358327,-0.2768633044914507,-0.051024916243623666,-0.2,-0.14999864999865,0.0,0.0,-0.17718050801392707,0.4,-0.14999864999865,0.3683886684022697,0.5665083804125451,-0.051024916243623666
0.0,-0.5,-0.1740644420679494,0.0754360880754932,-0.23128938211229183,0.4,-0.21428686224530802,-0.20849893040306394,-0.16864055256292348,-0.051777598697532165,0.0,-0.14999864999865,0.0,0.0,-0.17718050801392707,0.4,-0.14999864999865,-0.20849893040306394,0.058803656224778934,-0.051777598697532165
0.0,-0.555555,-0.2119877806545875,0.11579449051568003,-0.2384980720398758,0.2,-0.07142788265281529,-0.20849893040306394,-0.1970194635785206,-0.04071848449024179,0.0,-0.25000000000000006,0.0,0.0,-0.27548272096451143,0.2,-0.25000000000000006,-0.20849893040306394,0.09853788547082336,-0.04071848449024179
0.2,-0.44444500000000003,-0.4843013406554219,-0.07185206367362504,-0.23128938211229183,0.4,-0.07142788265281529,-0.2948335725824195,-0.2768633044914507,-0.06328055011269781,0.0,-0.14999864999865,0.0,0.0,-0.17718050801392707,0.4,-0.14999864999865,-0.2948335725824195,-0.08620657294618893,-0.06328055011269781
0.0,-0.44444500000000003,-0.2226049845844897,0.0754360880754932,-0.23128938211229183,0.4,-0.14285576530563057,-0.2948335725824195,-0.2768633044914507,-0.051777598697532165,0.0,-0.14999864999865,0.0,0.0,-0.17718050801392707,0.4,-0.14999864999865,-0.2948335725824195,0.058803656224778934,-0.051777598697532165
0.0,-0.2777775,-0.44387057082062154,-0.17006958345248305,-0.21989560801279037,0.4,-0.07142788265281529,-0.23411874631518875,-0.24983577019088202,-0.06159315058966949,0.0,-0.25000000000000006,0.0,0.0,-0.27548272096451143,0.4,-0.25000000000000006,-0.23411874631518875,-0.18290508455489024,-0.06159315058966949
-0.2,-0.61111,-0.17403711117312573,0.09362310551901627,-0.2384980720398758,0.4,-0.07142788265281529,-0.23411874631518875,-0.24983577019088202,-0.06133134799700565,0.0,-0.14999864999865,0.0,0.0,-0.17718050801392707,0.4,-0.14999864999865,-0.23411874631518875,0.07670939769890577,-0.06133134799700565
-0.2,-0.3333325000000001,-0.2226049845844897,-0.049547230959870445,-0.21989560801279037,0.4,-0.07142788265281529,-0.27498299054276615,-0.1970194635785206,-0.06871295391047177,0.0,-0.25000000000000006,0.0,0.0,-0.18689124270960344,0.4,-0.25000000000000006,-0.27498299054276615,-0.06424670132697691,-0.06871295391047177
0.2,-0.5,-0.4843013406554219,-0.06859212658469171,-0.2384980720398758,0.4,-0.14285576530563057,-0.2948335725824195,-0.2768633044914507,-0.08701663673663074,0.0,-0.25000000000000006,0.0,0.0,-0.19732918068430563,0.4,-0.25000000000000006,-0.2948335725824195,-0.08299705324799644,-0.08701663673663074
-0.2,-0.3333325000000001,-0.2119877806545875,-0.1827280526165285,-0.21989560801279037,0.4,-0.07142788265281529,-0.27498299054276615,-0.1970194635785206,-0.06159315058966949,0.0,-0.25000000000000006,0.0,0.0,-0.19732918068430563,0.4,-0.25000000000000006,-0.27498299054276615,-0.19536778092681922,-0.06159315058966949
-0.2,-0.555555,-0.2119877806545875,0.026441711943570666,-0.2384980720398758,0.4,-0.14285576530563057,-0.23411874631518875,-0.24983577019088202,-0.07456260559030352,0.0,-0.14999864999865,0.0,0.0,-0.17718050801392707,0.4,-0.14999864999865,-0.23411874631518875,0.0105670151466807,-0.07456260559030352
-0.2,-0.61111,-0.2226049845844897,0.026441711943570666,-0.2384980720398758,0.4,-0.07142788265281529,-0.2948335725824195,-0.2768633044914507,-0.06934700706457937,0.0,-0.14999864999865,0.0,0.0,-0.1718452354718497,0.4,-0.14999864999865,-0.2948335725824195,0.0105670151466807,-0.06934700706457937
-0.2,-0.38889000000000007,-0.1740644420679494,-0.028329043942426864,-0.21989560801279037,0.4,-0.07142788265281529,-0.27498299054276615,-0.1970194635785206,-0.06871295391047177,0.0,-0.25000000000000006,0.0,0.0,-0.18689124270960344,0.4,-0.25000000000000006,-0.25783184954247274,-0.043356669607162286,-0.06871295391047177
-0.2,-0.555555,-0.2119877806545875,0.026441711943570666,-0.2384980720398758,0.4,-0.14285576530563057,-0.20849893040306394,-0.17338914018656512,-0.07456260559030352,0.0,-0.25000000000000006,0.0,0.0,-0.18689124270960344,0.4,-0.25000000000000006,-0.20849893040306394,0.0105670151466807,-0.07456260559030352
0.0,-0.555555,-0.2226049845844897,0.18581641406920213,-0.2384980720398758,0.4,-0.14285576530563057,-0.2948335725824195,-0.2768633044914507,-0.049664769961425076,0.0,-0.14999864999865,0.0,0.0,-0.18625708227435891,0.4,-0.14999864999865,-0.2948335725824195,0.16747686705831566,-0.049664769961425076
-0.2,-0.7222225,0.42008896538368734,0.5216471261080926,-0.2384980720398758,0.4,-0.14285576530563057,-0.213070113580666,-0.17338914018656512,-0.04132799365128713,-0.2,-0.14999864999865,0.0,0.0,-0.17718050801392707,0.4,-0.14999864999865,0.27606178327372893,0.49811370333527283,-0.04132799365128713
0.0,-0.2777775,-0.44387057082062154,-0.13266609474787913,-0.21927019655788574,0.4,-0.14285576530563057,-0.2948335725824195,-0.2768633044914507,-0.051777598697532165,0.0,-0.14999864999865,0.0,0.0,-0.18625708227435891,0.4,-0.14999864999865,-0.2948335725824195,-0.14608006907036541,-0.051777598697532165
0.0,-0.38889000000000007,-0.1740644420679494,-0.049547230959870445,-0.21989560801279037,0.4,-0.07142788265281529,-0.23411874631518875,-0.24983577019088202,-0.06159315058966949,0.0,-0.14999864999865,0.0,0.0,-0.18625708227435891,0.4,-0.14999864999865,-0.23411874631518875,-0.06424670132697691,-0.06159315058966949
0.0,-0.5,-0.1740644420679494,0.14490515680106753,-0.23128938211229183,0.2,-0.07142788265281529,-0.20849893040306394,-0.17338914018656512,-0.05541420033625277,0.0,-0.25000000000000006,0.0,0.0,-0.19732918068430563,0.2,-0.25000000000000006,-0.20849893040306394,0.12719833330205144,-0.05541420033625277
0.0,-0.44444500000000003,-0.44387057082062154,-0.06859212658469171,-0.23128938211229183,0.4,-0.14285576530563057,-0.27498299054276615,-0.1970194635785206,-0.08618418630527007,0.0,-0.25000000000000006,0.0,0.0,-0.2595650491902824,0.4,-0.25000000000000006,-0.27498299054276615,-0.08299705324799644,-0.08618418630527007
0.2,-0.44444500000000003,-0.4843013406554219,0.043122676579925655,-0.23128938211229183,0.4,-0.07142788265281529,-0.2948335725824195,-0.2768633044914507,-0.06328055011269781,0.0,-0.25000000000000006,0.0,0.0,-0.27548272096451143,0.4,-0.25000000000000006,-0.2948335725824195,0.026989996058484615,-0.06328055011269781
0.2,-0.5,-0.4843013406554219,0.028500619578686423,-0.2384980720398758,0.2,-0.07142788265281529,-0.20849893040306394,-0.17338914018656512,-0.05612802146781264,0.0,-0.14999864999865,0.0,0.0,-0.18743480879695598,0.2,-0.14999864999865,-0.20849893040306394,0.012594080219223296,-0.05612802146781264
0.0,-0.5,-0.1740644420679494,0.06144314174053944,-0.23128938211229183,0.2,-0.07142788265281529,-0.27498299054276615,-0.1970194635785206,-0.06871295391047177,0.0,-0.25000000000000006,0.0,0.0,-0.19732918068430563,0.2,-0.25000000000000006,-0.25783184954247274,0.04502712137990575,-0.06871295391047177
-0.2,-0.44444500000000003,-0.2226049845844897,0.006119531026594258,-0.23128938211229183,0.4,-0.07142788265281529,-0.2948335725824195,-0.2768633044914507,-0.06871295391047177,0.0,-0.25000000000000006,0.0,0.0,-0.2595650491902824,0.4,-0.25000000000000006,-0.2948335725824195,-0.00944086788415692,-0.06871295391047177
-0.2,-0.3333325000000001,-0.2226049845844897,-0.14627776189114478,-0.21989560801279037,0.4,-0.07142788265281529,-0.27498299054276615,-0.1970194635785206,-0.06159315058966949,0.0,-0.25000000000000006,0.0,0.0,-0.19732918068430563,0.4,-0.25000000000000006,-0.27498299054276615,-0.15948122149439736,-0.06159315058966949
0.0,-0.44444500000000003,-0.44387057082062154,-0.09871318272805266,-0.23128938211229183,0.2,-0.07142788265281529,-0.27498299054276615,-0.1970194635785206,-0.06159315058966949,0.0,-0.25000000000000006,0.0,0.0,-0.19732918068430563,0.2,-0.25000000000000006,-0.27498299054276615,-0.11265226449445373,-0.06159315058966949
-0.2,-0.61111,-0.1740644420679494,0.07614145458011624,-0.2384980720398758,0.4,-0.07142788265281529,-0.27498299054276615,-0.1970194635785206,-0.06133134799700565,0.0,-0.14999864999865,0.0,0.0,-0.17718050801392707,0.4,-0.14999864999865,-0.25783184954247274,0.059498113703335256,-0.06133134799700565
-0.2,-0.555555,-0.2226049845844897,0.029148794204556204,-0.2384980720398758,0.4,-0.07142788265281529,-0.23411874631518875,-0.24983577019088202,-0.06133134799700565,0.0,-0.25000000000000006,0.0,0.0,-0.19732918068430563,0.4,-0.25000000000000006,-0.23411874631518875,0.013232230334653377,-0.06133134799700565
0.2,-0.44444500000000003,-0.4843013406554219,-0.041864455247354944,-0.23128938211229183,0.4,-0.07142788265281529,-0.2948335725824195,-0.2768633044914507,-0.06328055011269781,0.0,-0.14999864999865,0.0,0.0,-0.18625708227435891,0.4,-0.14999864999865,-0.2948335725824195,-0.05668274554702607,-0.06328055011269781
-0.2,-0.44444500000000003,-0.2226049845844897,0.006119531026594258,-0.23128938211229183,0.4,-0.14285576530563057,-0.23411874631518875,-0.24983577019088202,-0.06871295391047177,0.0,-0.25000000000000006,0.0,0.0,-0.18689124270960344,0.4,-0.25000000000000006,-0.23411874631518875,-0.00944086788415692,-0.06871295391047177
0.2,-0.5,-0.4843013406554219,-0.19883709846535128,-0.2384980720398758,0.4,-0.07142788265281529,-0.20849893040306394,-0.17338914018656512,-0.05612802146781264,0.0,-0.25000000000000006,0.0,0.0,-0.19732918068430563,0.4,-0.25000000000000006,-0.20849893040306394,-0.17338914018656512,-0.05612802146781264
0.2,-0.5,-0.4843013406554219,-0.06859212658469171,-0.2384980720398758,0.4,-0.14285576530563057,-0.2948335725824195,-0.2768633044914507,-0.08701663673663074,0.0,-0.25000000000000006,0.0,0.0,-0.2595650491902824,0.4,-0.25000000000000006,-0.2948335725824195,-0.08299705324799644,-0.08701663673663074
-0.2,-0.555555,-0.2119877806545875,0.08879992374416157,-0.2384980720398758,0.4,-0.14285576530563057,-0.2948335725824195,-0.2768633044914507,-0.049664769961425076,0.0,-0.14999864999865,0.0,0.0,-0.1718452354718497,0.4,-0.14999864999865,-0.2919089561492999,0.07196081007526413,-0.049664769961425076
-0.2,-0.5,-0.1740644420679494,-0.012219998093604093,-0.23128938211229183,0.4,-0.14285576530563057,-0.20849893040306394,-0.17338914018656512,-0.06871295391047177,0.0,-0.25000000000000006,0.0,0.0,-0.19732918068430563,0.4,-0.25000000000000006,-0.20849893040306394,-0.027496762326620263,-0.06871295391047177
0.0,-0.555555,-0.1740644420679494,0.15519969497664657,-0.2384980720398758,0.4,-0.14285576530563057,-0.23411874631518875,-0.24983577019088202,-0.06661444250365095,0.0,-0.25000000000000006,0.0,0.0,-0.2595650491902824,0.4,-0.25000000000000006,-0.23411874631518875,0.13733365866476469,-0.06661444250365095
-0.2,-0.3333325000000001,-0.2119877806545875,-0.06922123725097706,-0.21989560801279037,0.4,-0.14285576530563057,-0.23411874631518875,-0.24983577019088202,-0.06871295391047177,0.0,-0.14999864999865,0.0,0.0,-0.1718452354718497,0.4,-0.14999864999865,-0.23411874631518875,-0.08361643424238444,-0.06871295391047177
-0.2,-0.5,-0.17403711117312573,0.006119531026594258,-0.23128938211229183,0.4,-0.07142788265281529,-0.27498299054276615,-0.1970194635785206,-0.06159315058966949,0.0,-0.25000000000000006,0.0,0.0,-0.19732918068430563,0.4,-0.25000000000000006,-0.2578072905808602,-0.00944086788415692,-0.06159315058966949
-0.2,-0.5,-0.17403711117312573,0.08879992374416157,-0.23128938211229183,0.4,-0.14285576530563057,-0.27498299054276615,-0.1970194635785206,-0.051777598697532165,0.0,-0.25000000000000006,0.0,0.0,-0.2595650491902824,0.4,-0.25000000000000006,-0.2578072905808602,0.07196081007526413,-0.051777598697532165
-0.2,-0.38889000000000007,-0.17403711117312573,-0.14627776189114478,-0.21989560801279037,0.4,0.0,-0.2948335725824195,-0.2768633044914507,-0.06159315058966949,0.0,-0.14999864999865,0.0,0.0,-0.17718050801392707,0.4,-0.14999864999865,-0.2578072905808602,-0.15948122149439736,-0.06159315058966949
0.0,-0.5,-0.2119877806545875,0.18068820894099705,-0.2384980720398758,0.4,-0.07142788265281529,-0.2948335725824195,-0.2768633044914507,-0.06661444250365095,0.0,-0.25000000000000006,0.0,0.0,-0.19732918068430563,0.4,-0.25000000000000006,-0.2919089561492999,0.16242797349800112,-0.06661444250365095
0.0,-0.555555,-0.1740644420679494,0.15845963206558,-0.2384980720398758,0.4,-0.21428686224530802,-0.20849893040306394,-0.16864055256292348,-0.049664769961425076,0.0,-0.25000000000000006,0.0,0.0,-0.19732918068430563,0.4,-0.25000000000000006,-0.20849893040306394,0.1405431783629573,-0.049664769961425076
0.0,-0.5,-0.1740644420679494,0.029148794204556204,-0.23128938211229183,0.2,-0.07142788265281529,-0.27498299054276615,-0.1970194635785206,-0.06159315058966949,0.0,-0.14999864999865,0.0,0.0,-0.18625708227435891,0.2,-0.14999864999865,-0.25783184954247274,0.013232230334653377,-0.06159315058966949
-0.2,-0.5,-0.2226049845844897,-0.012219998093604093,-0.23128938211229183,0.4,-0.14285576530563057,-0.20849893040306394,-0.17338914018656512,-0.06871295391047177,0.0,-0.14999864999865,0.0,0.0,-0.1718452354718497,0.4,-0.14999864999865,-0.20849893040306394,-0.027496762326620263,-0.06871295391047177
-0.2,-0.3333325000000001,-0.2226049845844897,-0.06922123725097706,-0.21989560801279037,0.4,-0.14285576530563057,-0.23411874631518875,-0.2768633044914507,-0.051777598697532165,0.0,-0.25000000000000006,0.0,0.0,-0.19732918068430563,0.4,-0.25000000000000006,-0.23411874631518875,-0.08361643424238444,-0.051777598697532165
0.0,-0.44444500000000003,-0.2119877806545875,0.15092936802973977,-0.23128938211229183,0.4,-0.14285576530563057,-0.23411874631518875,-0.2768633044914507,-0.051777598697532165,0.0,-0.25000000000000006,0.0,0.0,-0.2595650491902824,0.4,-0.25000000000000006,-0.23411874631518875,0.13312937555134297,-0.051777598697532165
0.0,-0.5,-0.44387057082062154,-0.012219998093604093,-0.2384980720398758,0.4,-0.14285576530563057,-0.20849893040306394,-0.17338914018656512,-0.07456260559030352,0.0,-0.14999864999865,0.0,0.0,-0.17718050801392707,0.4,-0.14999864999865,-0.20849893040306394,-0.027496762326620263,-0.07456260559030352
-0.2,-0.5,-0.1740644420679494,0.023162710895052917,-0.23128938211229183,0.4,-0.07142788265281529,-0.2948335725824195,-0.2768633044914507,-0.06871295391047177,0.0,-0.25000000000000006,0.0,0.0,-0.2595650491902824,0.4,-0.25000000000000006,-0.25783184954247274,0.007338726327446132,-0.06871295391047177
-0.2,-0.555555,-0.2119877806545875,0.03776570393670759,-0.2384980720398758,0.4,-0.14285576530563057,-0.2948335725824195,-0.2768633044914507,-0.049664769961425076,0.0,-0.25000000000000006,0.0,0.0,-0.19732918068430563,0.4,-0.25000000000000006,-0.2919089561492999,0.02171587304566524,-0.049664769961425076
0.0,-0.44444500000000003,-0.44387057082062154,-0.07699933276141456,-0.23128938211229183,0.4,-0.14285576530563057,-0.27498299054276615,-0.1970194635785206,-0.051777598697532165,0.0,-0.14999864999865,0.0,0.0,-0.1718452354718497,0.4,-0.14999864999865,-0.27498299054276615,-0.09127423562754555,-0.051777598697532165
-0.2,-0.6666675,-0.12249302385674694,0.05236869697836239,-0.2384980720398758,0.4,-0.07142788265281529,-0.2948335725824195,-0.2768633044914507,-0.06934700706457937,0.0,-0.25000000000000006,0.0,0.0,-0.19732918068430563,0.4,-0.25000000000000006,-0.21149086845417742,0.03609301976388448,-0.06934700706457937
0.0,-0.38889000000000007,-0.17403711117312573,-0.0004384710704413723,-0.21989560801279037,0.4,-0.07142788265281529,-0.2948335725824195,-0.2768633044914507,-0.06871295391047177,0.0,-0.25000000000000006,0.0,0.0,-0.19732918068430563,0.4,-0.25000000000000006,-0.2578072905808602,-0.015897445522626185,-0.06871295391047177
-0.2,-0.38889000000000007,-0.17403711117312573,-0.14627776189114478,-0.21989560801279037,0.4,-0.07142788265281529,-0.27498299054276615,-0.1970194635785206,-0.06159315058966949,0.0,-0.25000000000000006,0.0,0.0,-0.19732918068430563,0.4,-0.25000000000000006,-0.2578072905808602,-0.15948122149439736,-0.06159315058966949
0.0,-0.38889000000000007,-0.17403711117312573,0.012315317891526083,-0.21989560801279037,0.4,-0.14285576530563057,-0.23411874631518875,-0.24983577019088202,-0.051777598697532165,0.0,-0.25000000000000006,0.0,0.0,-0.19732918068430563,0.4,-0.25000000000000006,-0.23411874631518875,-0.00334090354548692,-0.051777598697532165
-0.2,-0.5,-0.1740644420679494,-0.012219998093604093,-0.23128938211229183,0.4,-0.07142788265281529,-0.27498299054276615,-0.1970194635785206,-0.06871295391047177,0.0,-0.25000000000000006,0.0,0.0,-0.2595650491902824,0.4,-0.25000000000000006,-0.25783184954247274,-0.027496762326620263,-0.06871295391047177
0.0,-0.555555,-0.1740644420679494,0.15845963206558,-0.2384980720398758,0.4,-0.14285576530563057,-0.27498299054276615,-0.1970194635785206,-0.049664769961425076,0.0,-0.14999864999865,0.0,0.0,-0.17718050801392707,0.4,-0.14999864999865,-0.25783184954247274,0.1405431783629573,-0.049664769961425076
-0.2,-0.44444500000000003,-0.2226049845844897,-0.049547230959870445,-0.23128938211229183,0.4,-0.07142788265281529,-0.27498299054276615,-0.1970194635785206,-0.06159315058966949,0.0,-0.14999864999865,0.0,0.0,-0.17718050801392707,0.4,-0.14999864999865,-0.27498299054276615,-0.06424670132697691,-0.06159315058966949
0.0,-0.44444500000000003,-0.2119877806545875,0.14644933752740447,-0.23128938211229183,0.2,-0.14285576530563057,-0.20849893040306394,-0.17338914018656512,-0.06871295391047177,0.0,-0.25000000000000006,0.0,0.0,-0.19732918068430563,0.2,-0.25000000000000006,-0.20849893040306394,0.1287186321064585,-0.06871295391047177
0.0,-0.5,-0.17403711117312573,0.0754360880754932,-0.23128938211229183,0.4,-0.14285576530563057,-0.2948335725824195,-0.2768633044914507,-0.051777598697532165,0.0,-0.25000000000000006,0.0,0.0,-0.19732918068430563,0.4,-0.25000000000000006,-0.2578072905808602,0.058803656224778934,-0.051777598697532165
-0.2,-0.6666675,-0.1740644420679494,0.0446859212658469,-0.2384980720398758,0.4,-0.07142788265281529,-0.20849893040306394,-0.17338914018656512,-0.07128802784925078,0.0,-0.25000000000000006,0.0,0.0,-0.19732918068430563,0.4,-0.25000000000000006,-0.20849893040306394,0.028529063983933643,-0.07128802784925078
-0.2,-0.44444500000000003,-0.2226049845844897,0.03776570393670759,-0.23128938211229183,0.4,-0.21428686224530802,-0.20849893040306394,-0.16864055256292348,-0.08618418630527007,0.0,-0.14999864999865,0.0,0.0,-0.1718452354718497,0.4,-0.14999864999865,-0.20849893040306394,0.02171587304566524,-0.08618418630527007
0.0,-0.5,-0.17403711117312573,0.15519969497664657,-0.23128938211229183,0.2,-0.14285576530563057,-0.20849893040306394,-0.17338914018656512,-0.06871295391047177,0.0,-0.14999864999865,0.0,0.0,-0.18625708227435891,0.2,-0.14999864999865,-0.20849893040306394,0.13733365866476469,-0.06871295391047177
-0.2,-0.61111,-0.2226049845844897,0.08380516633304731,-0.2384980720398758,0.4,-0.07142788265281529,-0.20849893040306394,-0.17338914018656512,-0.07128802784925078,0.0,-0.25000000000000006,0.0,0.0,-0.19732918068430563,0.4,-0.25000000000000006,-0.20849893040306394,0.06704330036224401,-0.07128802784925078
-0.2,-0.3333325000000001,-0.2119877806545875,-0.06922123725097706,-0.21989560801279037,0.4,-0.14285576530563057,-0.27498299054276615,-0.1970194635785206,-0.051777598697532165,0.0,-0.25000000000000006,0.0,0.0,-0.19732918068430563,0.4,-0.25000000000000006,-0.27498299054276615,-0.08361643424238444,-0.051777598697532165
0.0,-0.5,-0.17403711117312573,0.15845963206558,-0.23128938211229183,0.4,-0.21428686224530802,-0.20849893040306394,-0.16864055256292348,-0.051777598697532165,0.0,-0.14999864999865,0.0,0.0,-0.17718050801392707,0.4,-0.14999864999865,-0.20849893040306394,0.1405431783629573,-0.051777598697532165
0.0,-0.44444500000000003,-0.2226049845844897,0.006119531026594258,-0.23128938211229183,0.2,-0.07142788265281529,-0.20849893040306394,-0.17338914018656512,-0.06159315058966949,0.0,-0.14999864999865,0.0,0.0,-0.18625708227435891,0.2,-0.14999864999865,-0.20849893040306394,-0.00944086788415692,-0.06159315058966949
-0.2,-0.7222225,0.5228366477434865,0.5059574873701267,-0.23128938211229183,0.4,-0.07142788265281529,-0.28193275667889367,-0.1970194635785206,-0.06762892755022316,-0.2,-0.25000000000000006,0.0,0.0,-0.19732918068430563,0.4,-0.25000000000000006,0.3683886684022697,0.48266671671765604,-0.06762892755022316
-0.2,-0.38889000000000007,-0.12249302385674694,-0.01181965494233157,-0.21989560801279037,0.4,-0.21428686224530802,-0.20849893040306394,-0.16864055256292348,-0.08618418630527007,0.0,-0.14999864999865,0.0,0.0,-0.1718452354718497,0.4,-0.14999864999865,-0.20849893040306394,-0.027102610784736966,-0.08618418630527007
0.2,-0.5,-0.4843013406554219,-0.06859212658469171,-0.2384980720398758,0.4,-0.21428686224530802,-0.20849893040306394,-0.16864055256292348,-0.08701663673663074,0.0,-0.14999864999865,0.0,0.0,-0.17718050801392707,0.4,-0.14999864999865,-0.20849893040306394,-0.08299705324799644,-0.08701663673663074
-0.2,-0.555555,-0.2119877806545875,0.03776570393670759,-0.2384980720398758,0.4,-0.14285576530563057,-0.27498299054276615,-0.1970194635785206,-0.049664769961425076,0.0,-0.25000000000000006,0.0,0.0,-0.2595650491902824,0.4,-0.25000000000000006,-0.27498299054276615,0.02171587304566524,-0.049664769961425076
0.0,-0.3333325000000001,-0.2119877806545875,-0.0004384710704413723,-0.21989560801279037,0.2,-0.14285576530563057,-0.20849893040306394,-0.17338914018656512,-0.06871295391047177,0.0,-0.25000000000000006,0.0,0.0,-0.19732918068430563,0.2,-0.25000000000000006,-0.20849893040306394,-0.015897445522626185,-0.06871295391047177
0.2,-0.5,-0.4843013406554219,-0.06859212658469171,-0.2384980720398758,0.4,-0.14285576530563057,-0.2948335725824195,-0.2768633044914507,-0.08701663673663074,0.0,-0.25000000000000006,0.0,0.0,-0.19732918068430563,0.4,-0.25000000000000006,-0.2948335725824195,-0.08299705324799644,-0.08701663673663074
0.0,-0.44444500000000003,-0.44387057082062154,-0.14627776189114478,-0.23128938211229183,0.4,0.0,-0.2948335725824195,-0.2768633044914507,-0.06159315058966949,0.0,-0.14999864999865,0.0,0.0,-0.18625708227435891,0.4,-0.14999864999865,-0.2948335725824195,-0.15948122149439736,-0.06159315058966949
0.0,-0.5,-0.17403711117312573,0.029148794204556204,-0.23128938211229183,0.4,-0.07142788265281529,-0.23411874631518875,-0.24983577019088202,-0.06159315058966949,0.0,-0.14999864999865,0.0,0.0,-0.18625708227435891,0.4,-0.14999864999865,-0.23411874631518875,0.013232230334653377,-0.06159315058966949
-0.2,-0.61111,-0.17403711117312573,0.07614145458011624,-0.2384980720398758,0.4,-0.07142788265281529,-0.20849893040306394,-0.17338914018656512,-0.06133134799700565,0.0,-0.14999864999865,0.0,0.0,-0.17718050801392707,0.4,-0.14999864999865,-0.20849893040306394,0.059498113703335256,-0.06133134799700565
-0.2,-0.61111,0.48505692550606677,0.5109331808216565,-0.21989560801279037,0.4,0.0,-0.31395899104358327,-0.2768633044914507,-0.06299624885972697,0.0,-0.25000000000000006,0.0,0.0,-0.27548272096451143,0.4,-0.25000000000000006,0.3344406123966078,0.4875654573096341,-0.06299624885972697
-0.2,-0.5,-0.2226049845844897,-0.012219998093604093,-0.23128938211229183,0.4,-0.07142788265281529,-0.27498299054276615,-0.1970194635785206,-0.06871295391047177,0.0,-0.25000000000000006,0.0,0.0,-0.19732918068430563,0.4,-0.25000000000000006,-0.27498299054276615,-0.027496762326620263,-0.06871295391047177
-0.2,-0.555555,-0.17403711117312573,0.11251548946716228,-0.2384980720398758,0.4,-0.14285576530563057,-0.23411874631518875,-0.24983577019088202,-0.049664769961425076,0.0,-0.25000000000000006,0.0,0.0,-0.2595650491902824,0.4,-0.25000000000000006,-0.23411874631518875,0.0953095966515888,-0.049664769961425076
0.0,-0.38889000000000007,-0.1740644420679494,-0.05692498331903541,-0.21989560801279037,0.4,0.0714278826528151,-0.2948335725824195,-0.2768633044914507,-0.04241202001153574,0.0,-0.14999864999865,0.0,0.0,-0.18625708227435891,0.4,-0.14999864999865,-0.25783184954247274,-0.07151035117025471,-0.04241202001153574
0.0,-0.38889000000000007,-0.17403711117312573,-0.0018492040796873484,-0.21989560801279037,0.2,-0.07142788265281529,-0.20849893040306394,-0.17338914018656512,-0.06159315058966949,0.0,-0.25000000000000006,0.0,0.0,-0.27548272096451143,0.2,-0.25000000000000006,-0.20849893040306394,-0.0172863604797387,-0.06159315058966949
0.0,-0.44444500000000003,-0.44387057082062154,-0.19883709846535128,-0.23128938211229183,0.4,-0.07142788265281529,-0.27498299054276615,-0.1970194635785206,-0.06159315058966949,0.0,-0.14999864999865,0.0,0.0,-0.17718050801392707,0.4,-0.14999864999865,-0.27498299054276615,-0.1970194635785206,-0.06159315058966949
0.0,-0.2777775,-0.44387057082062154,-0.2393861405013821,-0.21989560801279037,0.4,-0.07142788265281529,-0.27498299054276615,-0.1970194635785206,-0.06159315058966949,0.0,-0.14999864999865,0.0,0.0,-0.18625708227435891,0.4,-0.14999864999865,-0.27498299054276615,-0.1970194635785206,-0.06159315058966949
0.2,-0.44444500000000003,-0.4843013406554219,-0.07185206367362504,-0.23128938211229183,0.4,-0.07142788265281529,-0.2948335725824195,-0.2768633044914507,-0.06328055011269781,0.0,-0.25000000000000006,0.0,0.0,-0.2595650491902824,0.4,-0.25000000000000006,-0.2948335725824195,-0.08620657294618893,-0.06328055011269781
-0.2,-0.44444500000000003,-0.2226049845844897,0.03776570393670759,-0.23128938211229183,0.4,-0.14285576530563057,-0.27498299054276615,-0.1970194635785206,-0.08618418630527007,0.0,-0.25000000000000006,0.0,0.0,-0.19732918068430563,0.4,-0.25000000000000006,-0.27498299054276615,0.02171587304566524,-0.08618418630527007
0.2,-0.44444500000000003,-0.4843013406554219,-0.09871318272805266,-0.23128938211229183,0.2,-0.07142788265281529,-0.27498299054276615,-0.1970194635785206,-0.05612802146781264,0.0,-0.25000000000000006,0.0,0.0,-0.19732918068430563,0.2,-0.25000000000000006,-0.27498299054276615,-0.11265226449445373,-0.05612802146781264
0.2,-0.5,-0.4843013406554219,-0.09871318272805266,-0.2384980720398758,0.4,-0.07142788265281529,-0.23411874631518875,-0.24983577019088202,-0.05612802146781264,0.0,-0.25000000000000006,0.0,0.0,-0.27548272096451143,0.4,-0.25000000000000006,-0.23411874631518875,-0.11265226449445373,-0.05612802146781264
-0.2,-0.61111,0.39351711174778775,0.44247450195405574,-0.21989560801279037,0.4,-0.07142788265281529,-0.28193275667889367,-0.1970194635785206,-0.06172609721875654,0.0,-0.25000000000000006,0.0,0.0,-0.18689124270960344,0.4,-0.25000000000000006,0.2521848799514408,0.4201655436475909,-0.06172609721875654
0.2,-0.61111,-0.4843013406554219,0.10492803355256877,-0.2384980720398758,0.4,-0.14285576530563057,-0.27498299054276615,-0.1970194635785206,-0.05342818223096722,0.0,-0.25000000000000006,0.0,0.0,-0.19732918068430563,0.4,-0.25000000000000006,-0.27498299054276615,0.08783948647684822,-0.05342818223096722
0.0,-0.3333325000000001,-0.2119877806545875,-0.05692498331903541,-0.21989560801279037,0.4,0.0,-0.2948335725824195,-0.2768633044914507,-0.06159315058966949,0.0,-0.25000000000000006,0.0,0.0,-0.19732918068430563,0.4,-0.25000000000000006,-0.2919089561492999,-0.07151035117025471,-0.06159315058966949
0.0,-0.2777775,-0.44387057082062154,-0.1555047183299972,-0.21887990219129116,0.4,-0.14285576530563057,-0.23411874631518875,-0.24983577019088202,-0.051777598697532165,0.0,-0.14999864999865,0.0,0.0,-0.1718452354718497,0.4,-0.14999864999865,-0.23411874631518875,-0.1685654760787553,-0.051777598697532165
-0.2,-0.61111,-0.1740644420679494,0.05236869697836239,-0.2384980720398758,0.4,0.0,-0.27498299054276615,-0.1970194635785206,-0.04839461832045464,0.0,-0.14999864999865,0.0,0.0,-0.18625708227435891,0.4,-0.14999864999865,-0.25783184954247274,0.03609301976388448,-0.04839461832045464
0.0,-0.2777775,-0.44387057082062154,-0.17006958345248305,-0.21989560801279037,0.4,-0.07142788265281529,-0.23411874631518875,-0.24983577019088202,-0.06159315058966949,0.0,-0.25000000000000006,0.0,0.0,-0.27548272096451143,0.4,-0.25000000000000006,-0.23411874631518875,-0.18290508455489024,-0.06159315058966949
0.0,-0.44444500000000003,-0.44387057082062154,-0.19883709846535128,-0.23128938211229183,0.4,-0.07142788265281529,-0.20849893040306394,-0.17338914018656512,-0.05612802146781264,0.0,-0.25000000000000006,0.0,0.0,-0.27548272096451143,0.4,-0.25000000000000006,-0.20849893040306394,-0.17338914018656512,-0.05612802146781264
0.0,-0.555555,-0.2119877806545875,0.043999618720808265,-0.2384980720398758,0.4,0.0,-0.2948335725824195,-0.2768633044914507,-0.06133134799700565,0.0,-0.14999864999865,0.0,0.0,-0.18625708227435891,0.4,-0.14999864999865,-0.2919089561492999,0.0278533756264194,-0.06133134799700565
-0.2,-0.5,-0.1740644420679494,0.03776570393670759,-0.23128938211229183,0.4,-0.14285576530563057,-0.2948335725824195,-0.2768633044914507,-0.08618418630527007,0.0,-0.25000000000000006,0.0,0.0,-0.19732918068430563,0.4,-0.25000000000000006,-0.25783184954247274,0.02171587304566524,-0.08618418630527007
-0.2,-0.44444500000000003,-0.2226049845844897,0.023162710895052917,-0.23128938211229183,0.4,-0.14285576530563057,-0.2948335725824195,-0.2768633044914507,-0.051777598697532165,0.0,-0.25000000000000006,0.0,0.0,-0.2595650491902824,0.4,-0.25000000000000006,-0.2948335725824195,0.007338726327446132,-0.051777598697532165
-0.2,-0.3333325000000001,-0.2226049845844897,-0.049547230959870445,-0.21989560801279037,0.4,-0.07142788265281529,-0.27498299054276615,-0.1970194635785206,-0.06871295391047177,0.0,-0.25000000000000006,0.0,0.0,-0.18689124270960344,0.4,-0.25000000000000006,-0.27498299054276615,-0.06424670132697691,-0.06871295391047177
-0.2,-0.38889000000000007,-0.17403711117312573,-0.028329043942426864,-0.21989560801279037,0.4,-0.14285576530563057,-0.20849893040306394,-0.17338914018656512,-0.06871295391047177,0.0,-0.25000000000000006,0.0,0.0,-0.18689124270960344,0.4,-0.25000000000000006,-0.20849893040306394,-0.043356669607162286,-0.06871295391047177
0.0,-0.44444500000000003,-0.2119877806545875,0.15519969497664657,-0.23128938211229183,0.2,-0.14285576530563057,-0.20849893040306394,-0.17338914018656512,-0.06871295391047177,0.0,-0.14999864999865,0.0,0.0,-0.18625708227435891,0.2,-0.14999864999865,-0.20849893040306394,0.13733365866476469,-0.06871295391047177
0.0,-0.5,-0.1740644420679494,0.0754360880754932,-0.23128938211229183,0.4,-0.14285576530563057,-0.2948335725824195,-0.2768633044914507,-0.051777598697532165,0.0,-0.25000000000000006,0.0,0.0,-0.2595650491902824,0.4,-0.25000000000000006,-0.25783184954247274,0.058803656224778934,-0.051777598697532165
-0.2,-0.61111,-0.17403711117312573,0.07614145458011624,-0.2384980720398758,0.4,-0.14285576530563057,-0.23411874631518875,-0.24983577019088202,-0.07456260559030352,0.0,-0.25000000000000006,0.0,0.0,-0.2595650491902824,0.4,-0.25000000000000006,-0.23411874631518875,0.059498113703335256,-0.07456260559030352
0.0,-0.5,-0.1740644420679494,0.15519969497664657,-0.23128938211229183,0.2,-0.14285576530563057,-0.20849893040306394,-0.17338914018656512,-0.06871295391047177,0.0,-0.14999864999865,0.0,0.0,-0.18625708227435891,0.2,-0.14999864999865,-0.20849893040306394,0.13733365866476469,-0.06871295391047177
0.0,-0.61111,-0.2226049845844897,0.1415689638737965,-0.2384980720398758,0.4,-0.14285576530563057,-0.27498299054276615,-0.1970194635785206,-0.0452877578653271,0.0,-0.25000000000000006,0.0,0.0,-0.19732918068430563,0.4,-0.25000000000000006,-0.27498299054276615,0.12391373711969063,-0.0452877578653271
-0.2,-0.38889000000000007,-0.1740644420679494,-0.14627776189114478,-0.21989560801279037,0.4,-0.07142788265281529,-0.20849893040306394,-0.17338914018656512,-0.04241202001153574,0.0,-0.14999864999865,0.0,0.0,-0.17718050801392707,0.4,-0.14999864999865,-0.20849893040306394,-0.15948122149439736,-0.04241202001153574
-0.2,-0.555555,-0.2226049845844897,0.026441711943570666,-0.2384980720398758,0.4,-0.07142788265281529,-0.2948335725824195,-0.2768633044914507,-0.07456260559030352,0.0,-0.25000000000000006,0.0,0.0,-0.2595650491902824,0.4,-0.25000000000000006,-0.2948335725824195,0.0105670151466807,-0.07456260559030352
0.2,-0.44444500000000003,-0.4843013406554219,-0.09871318272805266,-0.23128938211229183,0.2,-0.07142788265281529,-0.27498299054276615,-0.1970194635785206,-0.05612802146781264,0.0,-0.25000000000000006,0.0,0.0,-0.19732918068430563,0.2,-0.25000000000000006,-0.27498299054276615,-0.11265226449445373,-0.05612802146781264
-0.2,-0.6666675,-0.17403711117312573,0.1725860261176246,-0.2384980720398758,0.4,-0.21428686224530802,-0.20849893040306394,-0.16864055256292348,-0.05261618512715833,0.0,-0.14999864999865,0.0,0.0,-0.1718452354718497,0.4,-0.14999864999865,-0.20849893040306394,0.15445109705512491,-0.05261618512715833
0.0,-0.555555,-0.2119877806545875,0.15845963206558,-0.2384980720398758,0.4,-0.14285576530563057,-0.2948335725824195,-0.2768633044914507,-0.049664769961425076,0.0,-0.25000000000000006,0.0,0.0,-0.19732918068430563,0.4,-0.25000000000000006,-0.2919089561492999,0.1405431783629573,-0.049664769961425076
0.2,-0.5,-0.4843013406554219,-0.09871318272805266,-0.2384980720398758,0.4,0.0,-0.2948335725824195,-0.2768633044914507,-0.05612802146781264,0.0,-0.14999864999865,0.0,0.0,-0.18625708227435891,0.4,-0.14999864999865,-0.2948335725824195,-0.11265226449445373,-0.05612802146781264
0.0,-0.5,-0.44387057082062154,0.03776570393670759,-0.2384980720398758,0.4,-0.14285576530563057,-0.2948335725824195,-0.2768633044914507,-0.08409181089671486,0.0,-0.14999864999865,0.0,0.0,-0.17718050801392707,0.4,-0.14999864999865,-0.2948335725824195,0.02171587304566524,-0.08409181089671486
0.0,-0.555555,-0.17403711117312573,0.1771613764178819,-0.2384980720398758,0.4,-0.14285576530563057,-0.2948335725824195,-0.2768633044914507,-0.049664769961425076,0.0,-0.25000000000000006,0.0,0.0,-0.2595650491902824,0.4,-0.25000000000000006,-0.2578072905808602,0.15895568610521965,-0.049664769961425076
0.0,-0.38889000000000007,-0.1740644420679494,-0.049547230959870445,-0.21989560801279037,0.4,-0.07142788265281529,-0.23411874631518875,-0.24983577019088202,-0.06159315058966949,0.0,-0.25000000000000006,0.0,0.0,-0.27548272096451143,0.4,-0.25000000000000006,-0.23411874631518875,-0.06424670132697691,-0.06159315058966949
0.0,-0.3333325000000001,-0.2119877806545875,0.043122676579925655,-0.21989560801279037,0.4,-0.14285576530563057,-0.23411874631518875,-0.24983577019088202,-0.051777598697532165,0.0,-0.25000000000000006,0.0,0.0,-0.27548272096451143,0.4,-0.25000000000000006,-0.23411874631518875,0.026989996058484615,-0.051777598697532165
0.0,-0.44444500000000003,-0.44387057082062154,-0.19883709846535128,-0.23128938211229183,0.4,0.0,-0.2948335725824195,-0.2768633044914507,-0.06159315058966949,0.0,-0.25000000000000006,0.0,0.0,-0.19732918068430563,0.4,-0.25000000000000006,-0.2948335725824195,-0.21122768820736126,-0.06159315058966949
-0.2,-0.5,-0.1740644420679494,-0.07341530835954628,-0.23128938211229183,0.4,0.0,-0.23411874631518875,-0.24983577019088202,-0.04241202001153574,0.0,-0.25000000000000006,0.0,0.0,-0.19732918068430563,0.4,-0.25000000000000006,-0.23411874631518875,-0.08774564087163796,-0.04241202001153574
0.0,-0.7222225,0.57294474376954,0.5911161948336668,-0.2384980720398758,0.4,-0.21428686224530802,-0.213070113580666,-0.16864055256292348,-0.050073836512462215,-0.2,-0.25000000000000006,0.0,0.0,-0.2595650491902824,0.4,-0.25000000000000006,0.4134147392542329,0.5665083804125451,-0.050073836512462215
0.2,-0.44444500000000003,-0.4843013406554219,-0.19883709846535128,-0.23128938211229183,0.4,-0.07142788265281529,-0.20849893040306394,-0.17338914018656512,-0.05612802146781264,0.0,-0.14999864999865,0.0,0.0,-0.17718050801392707,0.4,-0.14999864999865,-0.20849893040306394,-0.17338914018656512,-0.05612802146781264
0.0,-0.5,-0.17403711117312573,0.14490515680106753,-0.23128938211229183,0.4,-0.07142788265281529,-0.23411874631518875,-0.24983577019088202,-0.05541420033625277,0.0,-0.25000000000000006,0.0,0.0,-0.27548272096451143,0.4,-0.25000000000000006,-0.23411874631518875,0.12719833330205144,-0.05541420033625277
-0.2,-0.3333325000000001,-0.2119877806545875,-0.049547230959870445,-0.21989560801279037,0.4,-0.07142788265281529,-0.2948335725824195,-0.2768633044914507,-0.06871295391047177,0.0,-0.25000000000000006,0.0,0.0,-0.2595650491902824,0.4,-0.25000000000000006,-0.2919089561492999,-0.06424670132697691,-0.06871295391047177
0.0,-0.5,-0.1740644420679494,0.06144314174053944,-0.23128938211229183,0.4,-0.07142788265281529,-0.2948335725824195,-0.2768633044914507,-0.06871295391047177,0.0,-0.25000000000000006,0.0,0.0,-0.19732918068430563,0.4,-0.25000000000000006,-0.25783184954247274,0.04502712137990575,-0.06871295391047177
0.0,-0.3333325000000001,-0.2119877806545875,-0.0802402058907636,-0.21989560801279037,0.2,-0.07142788265281529,-0.27498299054276615,-0.1970194635785206,-0.06159315058966949,0.0,-0.25000000000000006,0.0,0.0,-0.27548272096451143,0.2,-0.25000000000000006,-0.27498299054276615,-0.09446498620469608,-0.06159315058966949
0.0,-0.44444500000000003,-0.44387057082062154,0.043122676579925655,-0.23128938211229183,0.2,-0.07142788265281529,-0.27498299054276615,-0.1970194635785206,-0.06871295391047177,0.0,-0.25000000000000006,0.0,0.0,-0.27548272096451143,0.2,-0.25000000000000006,-0.27498299054276615,0.026989996058484615,-0.06871295391047177
0.2,-0.2777775,-0.4843013406554219,-0.1419311791059003,-0.21989560801279037,0.2,-0.07142788265281529,-0.27498299054276615,-0.1970194635785206,-0.06328055011269781,0.0,-0.25000000000000006,0.0,0.0,-0.19732918068430563,0.2,-0.25000000000000006,-0.27498299054276615,-0.15520186189680735,-0.06328055011269781
-0.2,-0.3333325000000001,-0.2119877806545875,-0.1827280526165285,-0.21989560801279037,0.4,-0.07142788265281529,-0.20849893040306394,-0.17338914018656512,-0.06159315058966949,0.0,-0.25000000000000006,0.0,0.0,-0.27548272096451143,0.4,-0.25000000000000006,-0.20849893040306394,-0.17338914018656512,-0.06159315058966949
-0.2,-0.38889000000000007,-0.1740644420679494,-0.08742731865408444,-0.21989560801279037,0.4,-0.07142788265281529,-0.23411874631518875,-0.24983577019088202,-0.06159315058966949,0.0,-0.25000000000000006,0.0,0.0,-0.27548272096451143,0.4,-0.25000000000000006,-0.23411874631518875,-0.10154094483755323,-0.06159315058966949
0.0,-0.6666675,0.57294474376954,0.5911161948336668,-0.21989560801279037,0.4,-0.07142788265281529,-0.31395899104358327,-0.2768633044914507,-0.06172609721875654,-0.2,-0.25000000000000006,0.0,0.0,-0.19732918068430563,0.4,-0.25000000000000006,0.4134147392542329,0.5665083804125451,-0.06172609721875654
0.0,-0.555555,-0.2119877806545875,0.17946811552759506,-0.2384980720398758,0.4,0.0,-0.2948335725824195,-0.2768633044914507,-0.06133134799700565,0.0,-0.25000000000000006,0.0,0.0,-0.27548272096451143,0.4,-0.25000000000000006,-0.2919089561492999,0.16122674975130916,-0.06133134799700565
-0.2,-0.44444500000000003,-0.2119877806545875,0.03776570393670759,-0.23128938211229183,0.4,-0.14285576530563057,-0.23411874631518875,-0.24983577019088202,-0.08618418630527007,0.0,-0.25000000000000006,0.0,0.0,-0.19732918068430563,0.4,-0.25000000000000006,-0.23411874631518875,0.02171587304566524,-0.08618418630527007
0.0,-0.5,-0.44387057082062154,0.043999618720808265,-0.2384980720398758,0.2,-0.07142788265281529,-0.27498299054276615,-0.1970194635785206,-0.07456260559030352,0.0,-0.14999864999865,0.0,0.0,-0.18625708227435891,0.2,-0.14999864999865,-0.27498299054276615,0.0278533756264194,-0.07456260559030352
-0.2,-0.555555,-0.17403711117312573,0.11251548946716228,-0.2384980720398758,0.4,-0.14285576530563057,-0.23411874631518875,-0.24983577019088202,-0.049664769961425076,0.0,-0.25000000000000006,0.0,0.0,-0.2595650491902824,0.4,-0.25000000000000006,-0.23411874631518875,0.0953095966515888,-0.049664769961425076
0.0,-0.38889000000000007,-0.1740644420679494,0.0989800781622342,-0.21989560801279037,0.4,-0.14285576530563057,-0.27498299054276615,-0.1970194635785206,-0.051777598697532165,0.0,-0.25000000000000006,0.0,0.0,-0.27548272096451143,0.4,-0.25000000000000006,-0.25783184954247274,0.08198352071172502,-0.051777598697532165
0.0,-0.7222225,0.57294474376954,0.5216471261080926,-0.2384980720398758,0.2,-0.07142788265281529,-0.213070113580666,-0.17338914018656512,-0.048255535693101974,0.0,-0.25000000000000006,0.0,0.0,-0.27548272096451143,0.2,-0.25000000000000006,0.4134147392542329,0.49811370333527283,-0.048255535693101974
0.2,-0.5,-0.4843013406554219,0.023162710895052917,-0.2384980720398758,0.2,-0.07142788265281529,-0.27498299054276615,-0.1970194635785206,-0.06328055011269781,0.0,-0.14999864999865,0.0,0.0,-0.18625708227435891,0.2,-0.14999864999865,-0.27498299054276615,0.007338726327446132,-0.06328055011269781
0.0,-0.5,-0.1740644420679494,0.06144314174053944,-0.23128938211229183,0.4,-0.14285576530563057,-0.23411874631518875,-0.24983577019088202,-0.06871295391047177,0.0,-0.25000000000000006,0.0,0.0,-0.19732918068430563,0.4,-0.25000000000000006,-0.23411874631518875,0.04502712137990575,-0.06871295391047177
-0.2,-0.555555,-0.2226049845844897,0.08879992374416157,-0.2384980720398758,0.4,-0.14285576530563057,-0.27498299054276615,-0.1970194635785206,-0.049664769961425076,0.0,-0.14999864999865,0.0,0.0,-0.1718452354718497,0.4,-0.14999864999865,-0.27498299054276615,0.07196081007526413,-0.049664769961425076
-0.2,-0.44444500000000003,-0.2119877806545875,0.023162710895052917,-0.23128938211229183,0.4,-0.21428686224530802,-0.20849893040306394,-0.16864055256292348,-0.051777598697532165,0.0,-0.25000000000000006,0.0,0.0,-0.19732918068430563,0.4,-0.25000000000000006,-0.20849893040306394,0.007338726327446132,-0.051777598697532165
0.0,-0.44444500000000003,-0.2119877806545875,0.006119531026594258,-0.23128938211229183,0.4,0.0,-0.2948335725824195,-0.2768633044914507,-0.06159315058966949,0.0,-0.14999864999865,0.0,0.0,-0.18625708227435891,0.4,-0.14999864999865,-0.2919089561492999,-0.00944086788415692,-0.06159315058966949
0.2,-0.2777775,-0.4843013406554219,-0.1419311791059003,-0.21989560801279037,0.2,-0.14285576530563057,-0.20849893040306394,-0.17338914018656512,-0.06328055011269781,0.0,-0.25000000000000006,0.0,0.0,-0.19732918068430563,0.2,-0.25000000000000006,-0.20849893040306394,-0.15520186189680735,-0.06328055011269781
-0.2,-0.61111,-0.17403711117312573,0.07614145458011624,-0.2384980720398758,0.4,-0.07142788265281529,-0.23411874631518875,-0.24983577019088202,-0.06133134799700565,0.0,-0.25000000000000006,0.0,0.0,-0.19732918068430563,0.4,-0.25000000000000006,-0.23411874631518875,0.059498113703335256,-0.06133134799700565
0.0,-0.555555,-0.1740644420679494,0.18068820894099705,-0.2384980720398758,0.2,-0.14285576530563057,-0.20849893040306394,-0.17338914018656512,-0.06661444250365095,0.0,-0.14999864999865,0.0,0.0,-0.18625708227435891,0.2,-0.14999864999865,-0.20849893040306394,0.16242797349800112,-0.06661444250365095
0.0,-0.555555,-0.17403711117312573,0.15845963206558,-0.2384980720398758,0.4,-0.14285576530563057,-0.2948335725824195,-0.2768633044914507,-0.049664769961425076,0.0,-0.14999864999865,0.0,0.0,-0.17718050801392707,0.4,-0.14999864999865,-0.2578072905808602,0.1405431783629573,-0.049664769961425076
-0.2,-0.555555,-0.2226049845844897,0.026441711943570666,-0.2384980720398758,0.4,-0.14285576530563057,-0.23411874631518875,-0.24983577019088202,-0.07456260559030352,0.0,-0.14999864999865,0.0,0.0,-0.17718050801392707,0.4,-0.14999864999865,-0.23411874631518875,0.0105670151466807,-0.07456260559030352
0.2,-0.44444500000000003,-0.4843013406554219,-0.09871318272805266,-0.23128938211229183,0.2,-0.07142788265281529,-0.27498299054276615,-0.1970194635785206,-0.05612802146781264,0.0,-0.25000000000000006,0.0,0.0,-0.19732918068430563,0.2,-0.25000000000000006,-0.27498299054276615,-0.11265226449445373,-0.05612802146781264
