REL_W,RF_W,INPC_W,PFC_W,WCC_W,REL_D,RF_D,INPC_D,PFC_D,WCC_D,REL_F,RF_F,INPC_F,PFC_F,WCC_F,REL_R,RF_R,INPC_R,PFC_R,WCC_R
-0.1111111111111111,0.3181806095044069,0.0,-0.6059403695726109,0.020141776684506785,-0.1538461538461524,0.0,0.0,0.0,-0.03342747660412504,0.0,0.0,0.0,0.0,0.21985277304946516,0.0,0.3181806095044069,0.0,0.0,0.1728226188113521
-0.1111111111111111,0.22727244834717075,0.0,-0.5533386237388052,0.018661270022226704,-0.1538461538461524,0.0,0.0,0.0,-0.11640077553699836,0.0,0.0,0.0,0.0,0.2298912629252306,0.0,0.22727244834717075,0.0,0.0,0.1824740851564051
-0.1111111111111111,0.22727244834717075,0.0,-0.5989683709330008,0.018661270022226704,-0.07692307692307535,0.0,0.0,0.0,-0.09972978336870066,0.0,0.0,0.0,0.0,0.17013033205457181,0.0,0.22727244834717075,0.0,0.0,0.1250171747858877
0.0,0.0,0.0,-0.1842761591656276,0.0035807602994678304,-0.07692307692307535,0.0,0.0,0.0,-0.04287742546142933,0.0,0.0,0.0,0.0,0.20866784380478143,0.0,0.0,0.0,0.0,0.16206891287421954
-0.1111111111111111,0.22727244834717075,0.0,-0.5989683709330008,0.018661270022226704,-0.07692307692307535,0.0,0.0,0.0,-0.09972978336870066,0.0,0.0,0.0,0.0,0.15493762861715912,0.0,0.22727244834717075,0.0,0.0,0.11041021021937926
0.0,0.0,0.0,-0.07924271624532365,0.0035807602994678304,-0.1538461538461524,0.0,0.0,0.0,-0.04380562722318061,0.0,0.0,0.0,0.0,0.15315286705114198,0.0,0.0,0.0,0.0,0.10869425827824677
0.0,-0.04545408057861809,0.0,-0.08048974039224584,0.0,-0.1538461538461524,0.0,0.0,0.0,0.011712440651573229,0.0,0.0,0.0,0.0,0.2016208937781052,0.0,-0.04545408057861809,0.0,0.0,0.15529365067248824
0.0,0.0,0.0,-0.10457997959415048,0.0035807602994678304,-0.1538461538461524,0.0,0.0,0.0,-0.006604277666671835,0.0,0.0,0.0,0.0,0.12191953964584236,0.0,0.0,0.0,0.0,0.07866509930842865
-0.1111111111111111,0.22727244834717075,0.0,-0.5533386237388052,0.018661270022226704,-0.1538461538461524,0.0,0.0,0.0,-0.11239790543944556,0.0,0.0,0.0,0.0,0.24509031782729104,0.0,0.22727244834717075,0.0,0.0,0.19708715631345136
-0.1111111111111111,0.3181806095044069,0.0,-0.6059403695726109,0.020141776684506785,-0.1538461538461524,0.0,0.0,0.0,-0.0024243164435217225,0.0,0.0,0.0,0.0,0.19610147099921232,0.0,0.3181806095044069,0.0,0.0,0.149987023495107
0.0,0.0,0.0,-0.1842761591656276,0.0035807602994678304,-0.07692307692307535,0.0,0.0,0.0,-0.04284078591820227,0.0,0.0,0.0,0.0,0.21992263916059046,0.0,0.0,0.0,0.0,0.1728897913072684
-0.1111111111111111,0.22727244834717075,0.0,-0.5533386237388052,0.018661270022226704,-0.1538461538461524,0.0,0.0,0.0,-0.1015190143962871,0.0,0.0,0.0,0.0,0.15493762861715912,0.0,0.22727244834717075,0.0,0.0,0.11041021021937926
0.0,0.0,0.0,-0.07924271624532365,0.0035807602994678304,-0.07692307692307535,0.0,0.0,0.0,-0.10979649787032653,0.0,0.0,0.0,0.0,0.23827519626025756,0.0,0.0,0.0,0.0,0.19053478466635113
-0.1111111111111111,0.3181806095044069,0.0,-0.6108717832445302,0.020141776684506785,-0.07692307692307535,0.0,0.0,0.0,-0.05406164603147947,0.0,0.0,0.0,0.0,0.16706257462970955,0.0,0.3181806095044069,0.0,0.0,0.1220676915561119
-0.1111111111111111,0.3181806095044069,0.0,-0.6108717832445302,0.020141776684506785,-0.1538461538461524,0.0,0.0,0.0,0.012463551287727201,0.0,0.0,0.0,0.0,0.18989291430603894,0.0,0.3181806095044069,0.0,0.0,0.14401783124437045
0.0,0.0,0.0,-0.07924271624532365,0.0035807602994678304,-0.1538461538461524,0.0,0.0,0.0,-0.03385188464650478,0.0,0.0,0.0,0.0,0.21992263916059046,0.0,0.0,0.0,0.0,0.1728897913072684
-0.1111111111111111,0.22727244834717075,0.0,-0.5533386237388052,0.018661270022226704,-0.1538461538461524,0.0,0.0,0.0,-0.018099934354151685,-0.1538461538461524,0.0,0.0,0.0,0.1314054520972537,-0.1538461538461524,0.22727244834717075,0.0,0.0,0.0877852922766897
0.0,0.0,0.0,-0.0360503344292031,0.0035807602994678304,-0.1538461538461524,0.0,0.0,0.0,-0.11284979313924551,0.0,0.0,0.0,0.0,0.21870950941287065,0.0,0.0,0.0,0.0,0.17172343251454136
0.0,0.0,0.0,-0.07924271624532365,0.0035807602994678304,-0.1538461538461524,0.0,0.0,0.0,-0.03801047280277235,0.0,0.0,0.0,0.0,0.20866784380478143,0.0,0.0,0.0,0.0,0.16206891287421954
-0.1111111111111111,0.3181806095044069,0.0,-0.6082076862033784,0.020141776684506785,-0.1538461538461524,0.0,0.0,0.0,-0.04918858678228482,0.0,0.0,0.0,0.0,0.16706257462970955,0.0,0.3181806095044069,0.0,0.0,0.1220676915561119
0.0,0.0,0.0,-0.1842761591656276,0.0035807602994678304,-0.07692307692307535,0.0,0.0,0.0,-0.04284078591820227,-0.1538461538461524,0.0,0.0,0.0,0.22804933817738365,-0.07692307692307535,0.0,0.0,0.0,0.180703173900432
-0.1111111111111111,0.3181806095044069,0.0,-0.7318331254959756,0.020141776684506785,-0.07692307692307535,0.0,0.0,0.0,-0.006897394012488011,0.0,0.0,0.0,0.0,0.2294403089352404,0.0,0.3181806095044069,0.0,0.0,0.18204051722821848
-0.1111111111111111,0.3181806095044069,0.0,-0.7318331254959756,0.020141776684506785,-0.07692307692307535,0.0,0.0,0.0,0.0005709662152878272,0.0,0.0,0.0,0.0,0.12928723863722974,0.0,0.3181806095044069,0.0,0.0,0.08574874433232064
0.0,0.0,0.0,-0.21018025167214607,0.0035807602994678304,-0.1538461538461524,0.0,0.0,0.0,0.011984183930507035,-0.1538461538461524,0.0,0.0,0.0,0.20958563044638093,-0.1538461538461524,0.0,0.0,0.0,0.1629513152069371
0.0,0.0,0.0,-0.1842761591656276,0.0035807602994678304,-0.07692307692307535,0.0,0.0,0.0,-0.044135383112223855,0.0,0.0,0.0,0.0,0.2155560072152638,0.0,0.0,0.0,0.0,0.16869151031250476
-0.1111111111111111,0.22727244834717075,0.0,-0.5533386237388052,0.018661270022226704,-0.1538461538461524,0.0,0.0,0.0,-0.0025891943880433426,0.0,0.0,0.0,0.0,0.22255849698940577,0.0,0.22727244834717075,0.0,0.0,0.17542402638047114
0.0,0.0,0.0,-0.21018025167214607,0.0035807602994678304,-0.1538461538461524,0.0,0.0,0.0,0.011984183930507035,0.0,0.0,0.0,0.0,0.2016208937781052,0.0,0.0,0.0,0.0,0.15529365067248824
-0.1111111111111111,0.22727244834717075,0.0,-0.5967010543022333,0.018661270022226704,-0.1538461538461524,0.0,0.0,0.0,0.016454208204204318,0.0,0.0,0.0,0.0,0.18992784736160168,0.0,0.22727244834717075,0.0,0.0,0.14405141749232866
-0.1111111111111111,0.22727244834717075,0.0,-0.5533386237388052,0.018661270022226704,-0.1538461538461524,0.0,0.0,0.0,-0.11239790543944556,0.0,0.0,0.0,0.0,0.24509031782729104,0.0,0.22727244834717075,0.0,0.0,0.19708715631345136
0.0,-0.04545408057861809,0.0,-0.07459471715225037,0.0,-0.1538461538461524,0.0,0.0,0.0,-0.0012884906034837426,0.0,0.0,0.0,0.0,0.20747059271868093,0.0,-0.04545408057861809,0.0,0.0,0.16091782055783704
0.0,0.0,0.0,-0.10457997959415048,0.0035807602994678304,-0.1538461538461524,0.0,0.0,0.0,0.0029922293635405426,0.0,0.0,0.0,0.0,0.22263153883285486,0.0,0.0,0.0,0.0,0.17549425217165626
-0.1111111111111111,0.3181806095044069,0.0,-0.49552204965423424,0.020141776684506785,-0.1538461538461524,0.0,0.0,0.0,-0.007862235317466357,0.0,0.0,0.0,0.0,0.20298328294504714,0.0,0.3181806095044069,0.0,0.0,0.15660351434285452
0.0,0.0,0.0,-0.07924271624532365,0.0035807602994678304,-0.1538461538461524,0.0,0.0,0.0,-0.033891577485000685,0.0,0.0,0.0,0.0,0.20866784380478143,0.0,0.0,0.0,0.0,0.16206891287421954
0.0,0.0,0.0,-0.0360503344292031,0.0035807602994678304,-0.1538461538461524,0.0,0.0,0.0,-0.10382730561958997,0.0,0.0,0.0,0.0,0.13717258199740864,0.0,0.0,0.0,0.0,0.09333007648504651
-0.1111111111111111,0.22727244834717075,0.0,-0.5989683709330008,0.018661270022226704,-0.1538461538461524,0.0,0.0,0.0,0.020988351678549046,0.0,0.0,0.0,0.0,0.12325334722186931,0.0,0.22727244834717075,0.0,0.0,0.07994748332137455
0.0,-0.04545408057861809,0.0,-0.03514340777689618,0.0,-0.1538461538461524,0.0,0.0,0.0,-0.043915545852861636,0.0,0.0,0.0,0.0,0.16833921902390692,0.0,-0.04545408057861809,0.0,0.0,0.12329511625421737
-0.1111111111111111,0.3181806095044069,0.0,-0.6108717832445302,0.020141776684506785,-0.1538461538461524,0.0,0.0,0.0,0.020099842755293668,0.0,0.0,0.0,0.0,0.1230437488884936,0.0,0.3181806095044069,0.0,0.0,0.07974596583362586
-0.1111111111111111,0.22727244834717075,0.0,-0.5533386237388052,0.018661270022226704,-0.1538461538461524,0.0,0.0,0.0,-0.0025891943880433426,0.0,0.0,0.0,0.0,0.22255849698940577,0.0,0.22727244834717075,0.0,0.0,0.17542402638047114
0.0,0.0,0.0,-0.07924271624532365,0.0035807602994678304,-0.1538461538461524,0.0,0.0,0.0,-0.04438880661954413,0.0,0.0,0.0,0.0,0.12378369451995634,0.0,0.0,0.0,0.0,0.0804573836312841
0.0,0.0,0.0,-0.21018025167214607,0.0035807602994678304,-0.1538461538461524,0.0,0.0,0.0,0.004573836312840631,0.0,0.0,0.0,0.0,0.13507659866365188,0.0,0.0,0.0,0.0,0.09131490160756
-0.1111111111111111,0.22727244834717075,0.0,-0.5533386237388052,0.018661270022226704,-0.1538461538461524,0.0,0.0,0.0,-0.013938292902615104,0.0,0.0,0.0,0.0,0.15588717258199739,0.0,0.22727244834717075,0.0,0.0,0.11132314550478602
0.0,0.0,0.0,-0.07924271624532365,0.0035807602994678304,-0.07692307692307535,0.0,0.0,0.0,-0.11105750881639005,0.0,0.0,0.0,0.0,0.21870950941287065,0.0,0.0,0.0,0.0,0.17172343251454136
-0.1111111111111111,0.22727244834717075,0.0,-0.6595624078902619,0.018661270022226704,-0.07692307692307535,0.0,0.0,0.0,-0.006897394012488011,0.0,0.0,0.0,0.0,0.2294403089352404,0.0,0.22727244834717075,0.0,0.0,0.18204051722821848
-0.1111111111111111,0.22727244834717075,0.0,-0.5533386237388052,0.018661270022226704,-0.1538461538461524,0.0,0.0,0.0,-0.006756942430117767,0.0,0.0,0.0,0.0,0.20740072660755562,0.0,0.22727244834717075,0.0,0.0,0.16085064806192076
-0.1111111111111111,0.22727244834717075,0.0,-0.5533386237388052,0.018661270022226704,-0.1538461538461524,0.0,0.0,0.0,-0.11517640413416172,0.0,0.0,0.0,0.0,0.23820215441680848,0.0,0.22727244834717075,0.0,0.0,0.190464558875166
-0.1111111111111111,0.3181806095044069,0.0,-0.6108717832445302,0.020141776684506785,-0.1538461538461524,0.0,0.0,0.0,-0.11083156496649016,0.0,0.0,0.0,0.0,0.14227915957419784,0.0,0.3181806095044069,0.0,0.0,0.09823977527746823
-0.1111111111111111,0.22727244834717075,0.0,-0.5533386237388052,0.018661270022226704,-0.1538461538461524,0.0,0.0,0.0,-0.0025891943880433426,0.0,0.0,0.0,0.0,0.20739437514290787,0.0,0.22727244834717075,0.0,0.0,0.1608445414713829
0.0,0.0,0.0,-0.10457997959415048,0.0035807602994678304,-0.1538461538461524,0.0,0.0,0.0,-0.007193563653573195,0.0,0.0,0.0,0.0,0.1106996773455959,0.0,0.0,0.0,0.0,0.06787780712333787
0.0,0.0,0.0,-0.1842761591656276,0.0035807602994678304,-0.07692307692307535,0.0,0.0,0.0,-0.049258812573469944,0.0,0.0,0.0,0.0,0.14193300475089551,0.0,0.0,0.0,0.0,0.09790696609315598
-0.1111111111111111,0.22727244834717075,0.0,-0.5533386237388052,0.018661270022226704,-0.1538461538461524,0.0,0.0,0.0,-0.03468848755018857,0.0,0.0,0.0,0.0,0.22673776072762375,0.0,0.22727244834717075,0.0,0.0,0.17944216295436846
0.0,-0.04545408057861809,0.0,-0.03514340777689618,0.0,-0.1538461538461524,0.0,0.0,0.0,-0.04449872524922515,0.0,0.0,0.0,0.0,0.12378369451995634,0.0,-0.04545408057861809,0.0,0.0,0.0804573836312841
-0.1111111111111111,0.3181806095044069,0.0,-0.6059403695726109,0.020141776684506785,-0.1538461538461524,0.0,0.0,0.0,-0.045072744759781985,-0.1538461538461524,0.0,0.0,0.0,0.14246017631665855,-0.1538461538461524,0.3181806095044069,0.0,0.0,0.09841381310779654
0.0,0.0,0.0,-0.1842761591656276,0.0035807602994678304,-0.07692307692307535,0.0,0.0,0.0,-0.04284078591820227,0.0,0.0,0.0,0.0,0.23511851833032693,0.0,0.0,0.0,0.0,0.18749980916904566
-0.1111111111111111,0.3181806095044069,0.0,-0.6059403695726109,0.020141776684506785,-0.1538461538461524,0.0,0.0,0.0,-0.0025891943880433426,0.0,0.0,0.0,0.0,0.22255849698940577,0.0,0.3181806095044069,0.0,0.0,0.17542402638047114
0.0,0.0,0.0,-0.07924271624532365,0.0035807602994678304,-0.1538461538461524,0.0,0.0,0.0,-0.033891577485000685,0.0,0.0,0.0,0.0,0.20866784380478143,0.0,0.0,0.0,0.0,0.16206891287421954
0.0,-0.04545408057861809,0.0,-0.03514340777689618,0.0,-0.1538461538461524,0.0,0.0,0.0,-0.035222814222249335,0.0,0.0,0.0,0.0,0.22680762683874905,0.0,-0.04545408057861809,0.0,0.0,0.17950933545028475
-0.1111111111111111,0.3181806095044069,0.0,-0.6108717832445302,0.020141776684506785,-0.1538461538461524,0.0,0.0,0.0,0.020099842755293668,0.0,0.0,0.0,0.0,0.1230437488884936,0.0,0.3181806095044069,0.0,0.0,0.07974596583362586
0.0,-0.04545408057861809,0.0,-0.06212447568302912,0.0,-0.1538461538461524,0.0,0.0,0.0,0.008491214142863619,0.0,0.0,0.0,0.0,0.10538667716775495,0.0,-0.04545408057861809,0.0,0.0,0.06276964413843647
0.0,-0.04545408057861809,0.0,-0.07459471715225037,0.0,-0.1538461538461524,0.0,0.0,0.0,-0.00256171473062296,0.0,0.0,0.0,0.0,0.22951335077868948,0.0,-0.04545408057861809,0.0,0.0,0.1821107430194036
-0.1111111111111111,0.22727244834717075,0.0,-0.5533386237388052,0.018661270022226704,-0.1538461538461524,0.0,0.0,0.0,-0.1055493641512603,0.0,0.0,0.0,0.0,0.15493762861715912,0.0,0.22727244834717075,0.0,0.0,0.11041021021937926
-0.1111111111111111,0.22727244834717075,0.0,-0.5533386237388052,0.018661270022226704,-0.1538461538461524,0.0,0.0,0.0,-0.018099934354151685,0.0,0.0,0.0,0.0,0.1407325779324712,0.0,0.22727244834717075,0.0,0.0,0.09675282048150464
0.0,0.0,0.0,-0.21018025167214607,0.0035807602994678304,-0.1538461538461524,0.0,0.0,0.0,0.004573836312840631,0.0,0.0,0.0,0.0,0.1502248418485303,0.0,0.0,0.0,0.0,0.10587912004030353
0.0,0.0,0.0,-0.07924271624532365,0.0035807602994678304,-0.07692307692307535,0.0,0.0,0.0,-0.09801688472283718,0.0,0.0,0.0,0.0,0.17052094713040825,0.0,0.0,0.0,0.0,0.12539273010396468
0.0,0.0,0.0,-0.07924271624532365,0.0035807602994678304,-0.1538461538461524,0.0,0.0,0.0,-0.037973833259545293,0.0,0.0,0.0,0.0,0.21992263916059046,0.0,0.0,0.0,0.0,0.1728897913072684
0.0,0.0,0.0,-0.2959415032309263,0.0035807602994678304,-0.07692307692307535,0.0,0.0,0.0,0.00026258339312695595,0.0,0.0,0.0,0.0,0.22306343842890178,0.0,0.0,0.0,0.0,0.17590950032822933
-0.1111111111111111,0.22727244834717075,0.0,-0.5533386237388052,0.018661270022226704,-0.1538461538461524,0.0,0.0,0.0,-0.11640077553699836,0.0,0.0,0.0,0.0,0.2298912629252306,0.0,0.22727244834717075,0.0,0.0,0.1824740851564051
0.0,-0.04545408057861809,0.0,-0.07459471715225037,0.0,-0.07692307692307535,0.0,0.0,0.0,-0.04298734409111036,0.0,0.0,0.0,0.0,0.20866784380478143,0.0,-0.04545408057861809,0.0,0.0,0.16206891287421954
-0.1111111111111111,0.22727244834717075,0.0,-0.5989683709330008,0.018661270022226704,-0.07692307692307535,0.0,0.0,0.0,-0.09972978336870066,0.0,0.0,0.0,0.0,0.15493762861715912,0.0,0.22727244834717075,0.0,0.0,0.11041021021937926
-0.1111111111111111,0.3181806095044069,0.0,-0.6108717832445302,0.020141776684506785,-0.07692307692307535,0.0,0.0,0.0,-0.05406164603147947,0.0,0.0,0.0,0.0,0.1518793983892686,0.0,0.3181806095044069,0.0,0.0,0.10746988687541031
0.0,0.0,0.0,-0.18450289082870427,0.0035807602994678304,-0.1538461538461524,0.0,0.0,0.0,0.011822359281254252,0.0,0.0,0.0,0.0,0.1900072406696985,0.0,0.0,0.0,0.0,0.14412774987405164
0.0,0.0,0.0,-0.07924271624532365,0.0035807602994678304,-0.1538461538461524,0.0,0.0,0.0,-0.03385188464650478,0.0,0.0,0.0,0.0,0.23511851833032693,0.0,0.0,0.0,0.0,0.18749980916904566
0.0,0.0,0.0,-0.18450289082870427,0.0035807602994678304,-0.1538461538461524,0.0,0.0,0.0,0.004412011663587848,0.0,0.0,0.0,0.0,0.1502248418485303,0.0,0.0,0.0,0.0,0.10587912004030353
-0.1111111111111111,0.3181806095044069,0.0,-0.6108717832445302,0.020141776684506785,-0.1538461538461524,0.0,0.0,0.0,0.011181167274781304,0.0,0.0,0.0,0.0,0.2088837936028047,0.0,0.3181806095044069,0.0,0.0,0.1622765369525059
-0.1111111111111111,0.3181806095044069,0.0,-0.6082076862033784,0.020141776684506785,-0.07692307692307535,0.0,0.0,0.0,-0.043512510877364435,0.0,0.0,0.0,0.0,0.21543850511928045,0.0,0.3181806095044069,0.0,0.0,0.1685785383875547
-0.1111111111111111,0.22727244834717075,0.0,-0.5533386237388052,0.018661270022226704,-0.1538461538461524,0.0,0.0,0.0,-0.1015190143962871,0.0,0.0,0.0,0.0,0.15493762861715912,0.0,0.22727244834717075,0.0,0.0,0.11041021021937926
0.0,0.0,0.0,-0.17361977100102036,0.0035807602994678304,-0.1538461538461524,0.0,0.0,0.0,-0.010765919118208246,0.0,0.0,0.0,0.0,0.1400434440181907,0.0,0.0,0.0,0.0,0.09609025540814933
0.0,0.0,0.0,-0.1842761591656276,0.0035807602994678304,-0.07692307692307535,0.0,0.0,0.0,-0.04867563317710643,0.0,0.0,0.0,0.0,0.15018990879296756,0.0,0.0,0.0,0.0,0.1058455337923453
-0.1111111111111111,0.3181806095044069,0.0,-0.6082076862033784,0.020141776684506785,-0.1538461538461524,0.0,0.0,0.0,-0.018099934354151685,0.0,0.0,0.0,0.0,0.15589352404664514,0.0,0.3181806095044069,0.0,0.0,0.11132925209532386
0.0,0.0,0.0,-0.0360503344292031,0.0035807602994678304,-0.1538461538461524,0.0,0.0,0.0,-0.10382730561958997,0.0,0.0,0.0,0.0,0.15236528543482133,0.0,0.0,0.0,0.0,0.10793704105155495
-0.1111111111111111,0.3181806095044069,0.0,-0.49761931753769423,0.020141776684506785,-0.1538461538461524,0.0,0.0,0.0,-0.003700593865929777,0.0,0.0,0.0,0.0,0.2029769314803994,0.0,0.3181806095044069,0.0,0.0,0.15659740775231668
-0.1111111111111111,0.3181806095044069,0.0,-0.6108717832445302,0.020141776684506785,-0.07692307692307535,0.0,0.0,0.0,-0.10500587759339268,0.0,0.0,0.0,0.0,0.14227915957419784,0.0,0.3181806095044069,0.0,0.0,0.09823977527746823
0.0,0.0,0.0,-0.19759664437138652,0.0035807602994678304,-0.07692307692307535,0.0,0.0,0.0,-0.015638978367403068,0.0,0.0,0.0,0.0,0.15520439013236442,0.0,0.0,0.0,0.0,0.11066668702196837
0.0,0.0,0.0,-0.19759664437138652,0.0035807602994678304,-0.07692307692307535,0.0,0.0,0.0,-0.015638978367403068,0.0,0.0,0.0,0.0,0.15520439013236442,0.0,0.0,0.0,0.0,0.11066668702196837
-0.1111111111111111,0.22727244834717075,0.0,-0.5989683709330008,0.018661270022226704,-0.07692307692307535,0.0,0.0,0.0,-0.05406164603147947,0.0,0.0,0.0,0.0,0.1518793983892686,0.0,0.22727244834717075,0.0,0.0,0.10746988687541031
0.0,-0.04545408057861809,0.0,-0.08048974039224584,0.0,-0.07692307692307535,0.0,0.0,0.0,-0.01574889699708409,0.0,0.0,0.0,0.0,0.1400434440181907,0.0,-0.04545408057861809,0.0,0.0,0.09609025540814933
0.0,0.0,0.0,-0.1842761591656276,0.0035807602994678304,-0.07692307692307535,0.0,0.0,0.0,-0.04409874356899679,0.0,0.0,0.0,0.0,0.22680762683874905,0.0,0.0,0.0,0.0,0.17950933545028475
-0.1111111111111111,0.22727244834717075,0.0,-0.3980274345312324,0.018661270022226704,-0.1538461538461524,0.0,0.0,0.0,-0.008063752805215043,0.0,0.0,0.0,0.0,0.2030277431975814,0.0,0.22727244834717075,0.0,0.0,0.15664626047661945
0.0,0.0,0.0,-0.1842761591656276,0.0035807602994678304,-0.07692307692307535,0.0,0.0,0.0,-0.04867563317710643,0.0,0.0,0.0,0.0,0.16833921902390692,0.0,0.0,0.0,0.0,0.12329511625421737
0.0,0.0,0.0,-0.16109284661602996,0.0035807602994678304,-0.1538461538461524,0.0,0.0,0.0,0.008601132772544812,0.0,0.0,0.0,0.0,0.15021849038388255,0.0,0.0,0.0,0.0,0.1058730134497657
-0.1111111111111111,0.22727244834717075,0.0,-0.5989683709330008,0.018661270022226704,-0.07692307692307535,0.0,0.0,0.0,-0.04241637787582253,0.0,0.0,0.0,0.0,0.21985277304946516,0.0,0.22727244834717075,0.0,0.0,0.1728226188113521
0.0,0.0,0.0,-0.07924271624532365,0.0035807602994678304,-0.1538461538461524,0.0,0.0,0.0,-0.03515258843106421,0.0,0.0,0.0,0.0,0.2155560072152638,0.0,0.0,0.0,0.0,0.16869151031250476
-0.1111111111111111,0.22727244834717075,0.0,-0.6966897177190795,0.018661270022226704,-0.1538461538461524,0.0,0.0,0.0,0.012420805153962463,0.0,0.0,0.0,0.0,0.18993419882624923,0.0,0.22727244834717075,0.0,0.0,0.14405752408286635
-0.1111111111111111,0.3181806095044069,0.0,-0.6108717832445302,0.020141776684506785,-0.07692307692307535,0.0,0.0,0.0,-0.10341511075828591,-0.1538461538461524,0.0,0.0,0.0,0.1627372272045934,-0.07692307692307535,0.3181806095044069,0.0,0.0,0.11790910339984433
0.0,0.0,0.0,-0.07924271624532365,0.0035807602994678304,-0.1538461538461524,0.0,0.0,0.0,-0.03385188464650478,-0.1538461538461524,0.0,0.0,0.0,0.22804933817738365,-0.1538461538461524,0.0,0.0,0.0,0.180703173900432
0.0,-0.04545408057861809,0.0,0.004081169935381428,0.0,-0.1538461538461524,0.0,0.0,0.0,-0.09990992778956681,0.0,0.0,0.0,0.0,0.17052094713040825,0.0,-0.04545408057861809,0.0,0.0,0.12539273010396468
-0.1111111111111111,0.3181806095044069,0.0,-0.6059403695726109,0.020141776684506785,-0.1538461538461524,0.0,0.0,0.0,-0.03326565195487226,0.0,0.0,0.0,0.0,0.20855351744112186,0.0,0.3181806095044069,0.0,0.0,0.16195899424453836
-0.1111111111111111,0.22727244834717075,0.0,-0.5533386237388052,0.018661270022226704,-0.1538461538461524,0.0,0.0,0.0,-0.0025891943880433426,0.0,0.0,0.0,0.0,0.20739437514290787,0.0,0.22727244834717075,0.0,0.0,0.1608445414713829
0.0,-0.04545408057861809,0.0,-0.07459471715225037,0.0,-0.07692307692307535,0.0,0.0,0.0,-0.04424530174190488,0.0,0.0,0.0,0.0,0.2155560072152638,0.0,-0.04545408057861809,0.0,0.0,0.16869151031250476
-0.1111111111111111,0.22727244834717075,0.0,-0.5533386237388052,0.018661270022226704,-0.1538461538461524,0.0,0.0,0.0,-0.013938292902615104,0.0,0.0,0.0,0.0,0.15588717258199739,0.0,0.22727244834717075,0.0,0.0,0.11132314550478602
0.0,0.0,0.0,-0.21018025167214607,0.0035807602994678304,-0.1538461538461524,0.0,0.0,0.0,0.004573836312840631,0.0,0.0,0.0,0.0,0.13507659866365188,0.0,0.0,0.0,0.0,0.09131490160756
-0.1111111111111111,0.3181806095044069,0.0,-0.6059403695726109,0.020141776684506785,-0.1538461538461524,0.0,0.0,0.0,-0.003865471810451397,0.0,0.0,0.0,0.0,0.22943395747059264,0.0,0.3181806095044069,0.0,0.0,0.18203441063768064
0.0,0.0,0.0,-0.17361977100102036,0.0035807602994678304,-0.1538461538461524,0.0,0.0,0.0,-0.010765919118208246,0.0,0.0,0.0,0.0,0.1400434440181907,0.0,0.0,0.0,0.0,0.09609025540814933
-0.1111111111111111,0.22727244834717075,0.0,-0.5989683709330008,0.018661270022226704,-0.07692307692307535,0.0,0.0,0.0,-0.05406164603147947,0.0,0.0,0.0,0.0,0.1518793983892686,0.0,0.22727244834717075,0.0,0.0,0.10746988687541031
-0.1111111111111111,0.22727244834717075,0.0,-0.5533386237388052,0.018661270022226704,-0.1538461538461524,0.0,0.0,0.0,-0.006756942430117767,0.0,0.0,0.0,0.0,0.20740072660755562,0.0,0.22727244834717075,0.0,0.0,0.16085064806192076
-0.1111111111111111,0.3181806095044069,0.0,-0.6082076862033784,0.020141776684506785,-0.1538461538461524,0.0,0.0,0.0,-0.006756942430117767,0.0,0.0,0.0,0.0,0.2225680241863773,0.0,0.3181806095044069,0.0,0.0,0.17543318626627782
-0.1111111111111111,0.3181806095044069,0.0,-0.6108717832445302,0.020141776684506785,-0.1538461538461524,0.0,0.0,0.0,-0.11517640413416172,0.0,0.0,0.0,0.0,0.22300309951474803,0.0,0.3181806095044069,0.0,0.0,0.1758514877181197
0.0,-0.04545408057861809,0.0,-0.07459471715225037,0.0,-0.07692307692307535,0.0,0.0,0.0,-0.04936567790788213,0.0,0.0,0.0,0.0,0.14193300475089551,0.0,-0.04545408057861809,0.0,0.0,0.09790696609315598
0.0,0.0,0.0,-0.07924271624532365,0.0035807602994678304,-0.1538461538461524,0.0,0.0,0.0,-0.04027296459704129,0.0,0.0,0.0,0.0,0.14193300475089551,0.0,0.0,0.0,0.0,0.09790696609315598
0.0,-0.04545408057861809,0.0,-0.07459471715225037,0.0,-0.07692307692307535,0.0,0.0,0.0,-0.04878555180678745,0.0,0.0,0.0,0.0,0.1350035568202028,0.0,-0.04545408057861809,0.0,0.0,0.09124467581637488
-0.1111111111111111,0.3181806095044069,0.0,-0.6082076862033784,0.020141776684506785,-0.1538461538461524,0.0,0.0,0.0,-0.037549425217165554,0.0,0.0,0.0,0.0,0.21985277304946516,0.0,0.3181806095044069,0.0,0.0,0.1728226188113521
-0.1111111111111111,0.22727244834717075,0.0,-0.5989683709330008,0.018661270022226704,-0.07692307692307535,0.0,0.0,0.0,-0.10938124971375364,0.0,0.0,0.0,0.0,0.22300309951474803,0.0,0.22727244834717075,0.0,0.0,0.1758514877181197
0.0,0.0,0.0,-0.17361977100102036,0.0035807602994678304,-0.1538461538461524,0.0,0.0,0.0,-0.011352151809840769,0.0,0.0,0.0,0.0,0.12882358171794422,0.0,0.0,0.0,0.0,0.08530296322305854
0.0,0.0,0.0,-0.1842761591656276,0.0035807602994678304,-0.07692307692307535,0.0,0.0,0.0,-0.044135383112223855,0.0,0.0,0.0,0.0,0.2155560072152638,0.0,0.0,0.0,0.0,0.16869151031250476
-0.1111111111111111,0.22727244834717075,0.0,-0.5533386237388052,0.018661270022226704,-0.1538461538461524,0.0,0.0,0.0,-0.0025891943880433426,0.0,0.0,0.0,0.0,0.22255849698940577,0.0,0.22727244834717075,0.0,0.0,0.17542402638047114
0.0,0.0,0.0,-0.07924271624532365,0.0035807602994678304,-0.1538461538461524,0.0,0.0,0.0,-0.039234844205608986,0.0,0.0,0.0,0.0,0.22680762683874905,0.0,0.0,0.0,0.0,0.17950933545028475
0.0,0.0,0.0,-0.07924271624532365,0.0035807602994678304,-0.1538461538461524,0.0,0.0,0.0,-0.03968978520067778,0.0,0.0,0.0,0.0,0.15315286705114198,0.0,0.0,0.0,0.0,0.10869425827824677
-0.1111111111111111,0.3181806095044069,0.0,-0.6059403695726109,0.020141776684506785,-0.1538461538461524,0.0,0.0,0.0,-0.0025891943880433426,0.0,0.0,0.0,0.0,0.20739437514290787,0.0,0.3181806095044069,0.0,0.0,0.1608445414713829
-0.1111111111111111,0.3181806095044069,0.0,-0.6082076862033784,0.020141776684506785,-0.07692307692307535,0.0,0.0,0.0,-0.043512510877364435,0.0,0.0,0.0,0.0,0.21543850511928045,0.0,0.3181806095044069,0.0,0.0,0.1685785383875547
-0.1111111111111111,0.22727244834717075,0.0,-0.5533386237388052,0.018661270022226704,-0.1538461538461524,0.0,0.0,0.0,-0.006793581973344662,0.0,0.0,0.0,0.0,0.19615228271639437,0.0,0.22727244834717075,0.0,0.0,0.15003587621940975
-0.1111111111111111,0.3181806095044069,0.0,-0.6082076862033784,0.020141776684506785,-0.1538461538461524,0.0,0.0,0.0,-0.037549425217165554,0.0,0.0,0.0,0.0,0.21985277304946516,0.0,0.3181806095044069,0.0,0.0,0.1728226188113521
0.0,0.0,0.0,-0.21018025167214607,0.0035807602994678304,-0.1538461538461524,0.0,0.0,0.0,0.011984183930507035,0.0,0.0,0.0,0.0,0.1900072406696985,0.0,0.0,0.0,0.0,0.14412774987405164
-0.1111111111111111,0.22727244834717075,0.0,-0.6595624078902619,0.018661270022226704,-0.07692307692307535,0.0,0.0,0.0,-0.01696716180938271,0.0,0.0,0.0,0.0,0.15589352404664514,0.0,0.22727244834717075,0.0,0.0,0.11132925209532386
0.0,0.0,0.0,-0.0360503344292031,0.0035807602994678304,-0.1538461538461524,0.0,0.0,0.0,-0.11559165229073479,0.0,0.0,0.0,0.0,0.23827519626025756,0.0,0.0,0.0,0.0,0.19053478466635113
0.0,0.0,0.0,-0.07924271624532365,0.0035807602994678304,-0.07692307692307535,0.0,0.0,0.0,-0.09801688472283718,0.0,0.0,0.0,0.0,0.17052094713040825,0.0,0.0,0.0,0.0,0.12539273010396468
0.0,0.0,0.0,-0.18450289082870427,0.0035807602994678304,-0.1538461538461524,0.0,0.0,0.0,0.004412011663587848,0.0,0.0,0.0,0.0,0.1053930286324027,0.0,0.0,0.0,0.0,0.06277575072897432
-0.1111111111111111,0.3181806095044069,0.0,-0.6082076862033784,0.020141776684506785,-0.1538461538461524,0.0,0.0,0.0,-0.018099934354151685,0.0,0.0,0.0,0.0,0.1226182007570946,0.0,0.3181806095044069,0.0,0.0,0.07933682426759082
-0.1111111111111111,0.3181806095044069,0.0,-0.6108717832445302,0.020141776684506785,-0.1538461538461524,0.0,0.0,0.0,0.015376394974275941,0.0,0.0,0.0,0.0,0.22403203678768333,0.0,0.3181806095044069,0.0,0.0,0.1768407553852496
0.0,-0.04545408057861809,0.0,-0.07459471715225037,0.0,-0.07692307692307535,0.0,0.0,0.0,-0.04878555180678745,0.0,0.0,0.0,0.0,0.15018990879296756,0.0,-0.04545408057861809,0.0,0.0,0.1058455337923453
0.0,0.0,0.0,-0.10457997959415048,0.0035807602994678304,-0.1538461538461524,0.0,0.0,0.0,-0.007193563653573195,0.0,0.0,0.0,0.0,0.1106996773455959,0.0,0.0,0.0,0.0,0.06787780712333787
0.0,0.0,0.0,-0.1842761591656276,0.0035807602994678304,-0.07692307692307535,0.0,0.0,0.0,-0.04867563317710643,0.0,0.0,0.0,0.0,0.1350035568202028,0.0,0.0,0.0,0.0,0.09124467581637488
0.0,0.0,0.0,-0.21018025167214607,0.0035807602994678304,-0.1538461538461524,0.0,0.0,0.0,0.004573836312840631,0.0,0.0,0.0,0.0,0.1234947028784838,0.0,0.0,0.0,0.0,0.08017953376181246
0.0,0.0,0.0,-0.0360503344292031,0.0035807602994678304,-0.1538461538461524,0.0,0.0,0.0,-0.09980000915988578,0.0,0.0,0.0,0.0,0.15532824369299555,0.0,0.0,0.0,0.0,0.11078576553745624
-0.1111111111111111,0.3181806095044069,0.0,-0.6108717832445302,0.020141776684506785,-0.07692307692307535,0.0,0.0,0.0,-0.10500587759339268,0.0,0.0,0.0,0.0,0.14227915957419784,0.0,0.3181806095044069,0.0,0.0,0.09823977527746823
-0.1111111111111111,0.3181806095044069,0.0,-0.6059403695726109,0.020141776684506785,-0.1538461538461524,0.0,0.0,0.0,-0.045072744759781985,0.0,0.0,0.0,0.0,0.1337332638906532,0.0,0.3181806095044069,0.0,0.0,0.09002335770880726
-0.1111111111111111,0.22727244834717075,0.0,-0.5533386237388052,0.018661270022226704,-0.1538461538461524,0.0,0.0,0.0,-0.0025891943880433426,0.0,0.0,0.0,0.0,0.20739437514290787,0.0,0.22727244834717075,0.0,0.0,0.1608445414713829
-0.1111111111111111,0.22727244834717075,0.0,-0.5533386237388052,0.018661270022226704,-0.1538461538461524,0.0,0.0,0.0,-0.033464116147352105,0.0,0.0,0.0,0.0,0.20859797769365612,0.0,0.22727244834717075,0.0,0.0,0.16200174037830326
-0.1111111111111111,0.3181806095044069,0.0,-0.7318331254959756,0.020141776684506785,-0.07692307692307535,0.0,0.0,0.0,-0.005627223180617632,0.0,0.0,0.0,0.0,0.2225680241863773,0.0,0.3181806095044069,0.0,0.0,0.17543318626627782
-0.1111111111111111,0.22727244834717075,0.0,-0.6595624078902619,0.018661270022226704,-0.07692307692307535,0.0,0.0,0.0,-0.01696716180938271,0.0,0.0,0.0,0.0,0.1407325779324712,0.0,0.22727244834717075,0.0,0.0,0.09675282048150464
-0.1111111111111111,0.22727244834717075,0.0,-0.5533386237388052,0.018661270022226704,-0.1538461538461524,0.0,0.0,0.0,-0.1055493641512603,0.0,0.0,0.0,0.0,0.15493762861715912,0.0,0.22727244834717075,0.0,0.0,0.11041021021937926
-0.1111111111111111,0.22727244834717075,0.0,-0.5533386237388052,0.018661270022226704,-0.1538461538461524,0.0,0.0,0.0,-0.03468848755018857,0.0,0.0,0.0,0.0,0.22673776072762375,0.0,0.22727244834717075,0.0,0.0,0.17944216295436846
-0.1111111111111111,0.22727244834717075,0.0,-0.6595624078902619,0.018661270022226704,-0.07692307692307535,0.0,0.0,0.0,-0.0056638627238446955,0.0,0.0,0.0,0.0,0.19615228271639437,0.0,0.22727244834717075,0.0,0.0,0.15003587621940975
-0.1111111111111111,0.22727244834717075,0.0,-0.5533386237388052,0.018661270022226704,-0.1538461538461524,0.0,0.0,0.0,-0.04918858678228482,0.0,0.0,0.0,0.0,0.14891961586341815,0.0,0.22727244834717075,0.0,0.0,0.10462421568477785
-0.1111111111111111,0.3181806095044069,0.0,-0.6059403695726109,0.020141776684506785,-0.1538461538461524,0.0,0.0,0.0,-0.0025891943880433426,0.0,0.0,0.0,0.0,0.20739437514290787,0.0,0.3181806095044069,0.0,0.0,0.1608445414713829
0.0,0.0,0.0,-0.19759664437138652,0.0035807602994678304,-0.07692307692307535,0.0,0.0,0.0,-0.015638978367403068,0.0,0.0,0.0,0.0,0.1400434440181907,0.0,0.0,0.0,0.0,0.09609025540814933
-0.1111111111111111,0.3181806095044069,0.0,-0.7318331254959756,0.020141776684506785,-0.07692307692307535,0.0,0.0,0.0,-0.01696716180938271,0.0,0.0,0.0,0.0,0.15589352404664514,0.0,0.3181806095044069,0.0,0.0,0.11132925209532386
-0.1111111111111111,0.22727244834717075,0.0,-0.5533386237388052,0.018661270022226704,-0.1538461538461524,0.0,0.0,0.0,-0.018099934354151685,0.0,0.0,0.0,0.0,0.1407325779324712,0.0,0.22727244834717075,0.0,0.0,0.09675282048150464
0.0,0.0,0.0,-0.07924271624532365,0.0035807602994678304,-0.07692307692307535,0.0,0.0,0.0,-0.10979649787032653,0.0,0.0,0.0,0.0,0.22307614135819712,0.0,0.0,0.0,0.0,0.17592171350930483
-0.1111111111111111,0.3181806095044069,0.0,-0.6108717832445302,0.020141776684506785,-0.1538461538461524,0.0,0.0,0.0,-0.1055493641512603,0.0,0.0,0.0,0.0,0.17013033205457181,0.0,0.3181806095044069,0.0,0.0,0.1250171747858877
0.0,-0.04545408057861809,0.0,0.004081169935381428,0.0,-0.1538461538461524,0.0,0.0,0.0,-0.09990992778956681,0.0,0.0,0.0,0.0,0.17052094713040825,0.0,-0.04545408057861809,0.0,0.0,0.12539273010396468
-0.1111111111111111,0.3181806095044069,0.0,-0.6082076862033784,0.020141776684506785,-0.1538461538461524,0.0,0.0,0.0,-0.03881043616322925,0.0,0.0,0.0,0.0,0.24193046416503644,0.0,0.3181806095044069,0.0,0.0,0.1940491275208769
0.0,-0.04545408057861809,0.0,-0.03514340777689618,0.0,-0.1538461538461524,0.0,0.0,0.0,-0.039799703830358975,-0.1538461538461524,0.0,0.0,0.0,0.14372729351388436,-0.1538461538461524,-0.04545408057861809,0.0,0.0,0.09963207792009533
0.0,0.0,0.0,-0.07924271624532365,0.0035807602994678304,-0.1538461538461524,0.0,0.0,0.0,-0.03801047280277235,0.0,0.0,0.0,0.0,0.20866784380478143,0.0,0.0,0.0,0.0,0.16206891287421954
-0.1111111111111111,0.22727244834717075,0.0,-0.5989683709330008,0.018661270022226704,-0.07692307692307535,0.0,0.0,0.0,-0.04367433552661705,0.0,0.0,0.0,0.0,0.22673776072762375,0.0,0.22727244834717075,0.0,0.0,0.17944216295436846
-0.1111111111111111,0.22727244834717075,0.0,-0.5989683709330008,0.018661270022226704,-0.07692307692307535,0.0,0.0,0.0,-0.05464482542784299,0.0,0.0,0.0,0.0,0.1226182007570946,0.0,0.22727244834717075,0.0,0.0,0.07933682426759082
-0.1111111111111111,0.22727244834717075,0.0,-0.5533386237388052,0.018661270022226704,-0.1538461538461524,0.0,0.0,0.0,-0.018099934354151685,0.0,0.0,0.0,0.0,0.13777597113894458,0.0,0.22727244834717075,0.0,0.0,0.09391020258614102
-0.1111111111111111,0.22727244834717075,0.0,-0.5533386237388052,0.018661270022226704,-0.1538461538461524,0.0,0.0,0.0,-0.03342747660412504,0.0,0.0,0.0,0.0,0.23504547648687785,0.0,0.22727244834717075,0.0,0.0,0.18742958337786053
-0.1111111111111111,0.22727244834717075,0.0,-0.6966897177190795,0.018661270022226704,-0.1538461538461524,0.0,0.0,0.0,0.02115017632780183,0.0,0.0,0.0,0.0,0.13483524300703742,0.0,0.22727244834717075,0.0,0.0,0.0910828511671221
-0.1111111111111111,0.22727244834717075,0.0,-0.5989683709330008,0.018661270022226704,-0.07692307692307535,0.0,0.0,0.0,-0.04241637787582253,0.0,0.0,0.0,0.0,0.23504547648687785,0.0,0.22727244834717075,0.0,0.0,0.18742958337786053
0.0,0.0,0.0,-0.16109284661602996,0.0035807602994678304,-0.1538461538461524,0.0,0.0,0.0,0.008601132772544812,-0.1538461538461524,0.0,0.0,0.0,0.14374952364015142,-0.1538461538461524,0.0,0.0,0.0,0.0996534509869777
-0.1111111111111111,0.3181806095044069,0.0,-0.5705702301326381,0.020141776684506785,-0.1538461538461524,0.0,0.0,0.0,-0.03452666290093579,0.0,0.0,0.0,0.0,0.21543850511928045,0.0,0.3181806095044069,0.0,0.0,0.1685785383875547
0.0,0.0,0.0,-0.16109284661602996,0.0035807602994678304,-0.1538461538461524,0.0,0.0,0.0,0.016017586980748892,0.0,0.0,0.0,0.0,0.21676596123065983,0.0,0.0,0.0,0.0,0.16985481580996295
-0.1111111111111111,0.3181806095044069,0.0,-0.6059403695726109,0.020141776684506785,-0.1538461538461524,0.0,0.0,0.0,-0.003865471810451397,-0.1538461538461524,0.0,0.0,0.0,0.22224727522166618,-0.1538461538461524,0.3181806095044069,0.0,0.0,0.17512480344411713
-0.1111111111111111,0.22727244834717075,0.0,-0.5533386237388052,0.018661270022226704,-0.1538461538461524,0.0,0.0,0.0,-0.03342747660412504,0.0,0.0,0.0,0.0,0.23504547648687785,0.0,0.22727244834717075,0.0,0.0,0.18742958337786053
0.0,0.0,0.0,-0.0360503344292031,0.0035807602994678304,-0.1538461538461524,0.0,0.0,0.0,-0.10439827183487779,0.0,0.0,0.0,0.0,0.1441083813927491,0.0,0.0,0.0,0.0,0.09999847335236546
0.0,-0.04545408057861809,0.0,-0.057986622831878644,0.0,-0.1538461538461524,0.0,0.0,0.0,0.0015693937682244002,0.0,0.0,0.0,0.0,0.20308808211173499,0.0,-0.04545408057861809,0.0,0.0,0.15670427308672888
-0.1111111111111111,0.3181806095044069,0.0,-0.6059403695726109,0.020141776684506785,-0.1538461538461524,0.0,0.0,0.0,-0.003865471810451397,0.0,0.0,0.0,0.0,0.21426665989177096,0.0,0.3181806095044069,0.0,0.0,0.1674518724333236
-0.1111111111111111,0.3181806095044069,0.0,-0.6059403695726109,0.020141776684506785,-0.1538461538461524,0.0,0.0,0.0,-0.0025891943880433426,0.0,0.0,0.0,0.0,0.22255849698940577,0.0,0.3181806095044069,0.0,0.0,0.17542402638047114
-0.1111111111111111,0.3181806095044069,0.0,-0.6082076862033784,0.020141776684506785,-0.1538461538461524,0.0,0.0,0.0,-0.018099934354151685,0.0,0.0,0.0,0.0,0.1226182007570946,0.0,0.3181806095044069,0.0,0.0,0.07933682426759082
-0.1111111111111111,0.22727244834717075,0.0,-0.5533386237388052,0.018661270022226704,-0.1538461538461524,0.0,0.0,0.0,-0.11517640413416172,0.0,0.0,0.0,0.0,0.23820215441680848,0.0,0.22727244834717075,0.0,0.0,0.190464558875166
0.0,0.0,0.0,-0.1842761591656276,0.0035807602994678304,-0.07692307692307535,0.0,0.0,0.0,-0.04284078591820227,0.0,0.0,0.0,0.0,0.23511851833032693,0.0,0.0,0.0,0.0,0.18749980916904566
0.0,0.0,0.0,-0.07924271624532365,0.0035807602994678304,-0.1538461538461524,0.0,0.0,0.0,-0.037973833259545293,0.0,0.0,0.0,0.0,0.21992263916059046,0.0,0.0,0.0,0.0,0.1728897913072684
-0.1111111111111111,0.22727244834717075,0.0,-0.5989683709330008,0.018661270022226704,-0.07692307692307535,0.0,0.0,0.0,-0.05406164603147947,0.0,0.0,0.0,0.0,0.16706257462970955,0.0,0.22727244834717075,0.0,0.0,0.1220676915561119
0.0,-0.04545408057861809,0.0,0.004081169935381428,0.0,-0.1538461538461524,0.0,0.0,0.0,-0.10450513716928998,0.0,0.0,0.0,0.0,0.1259495439648382,0.0,-0.04545408057861809,0.0,0.0,0.08253973100468673
-0.1111111111111111,0.22727244834717075,0.0,-0.5533386237388052,0.018661270022226704,-0.1538461538461524,0.0,0.0,0.0,-0.003865471810451397,0.0,0.0,0.0,0.0,0.21426665989177096,0.0,0.22727244834717075,0.0,0.0,0.1674518724333236
-0.1111111111111111,0.3181806095044069,0.0,-0.6108717832445302,0.020141776684506785,-0.07692307692307535,0.0,0.0,0.0,-0.04241637787582253,0.0,0.0,0.0,0.0,0.21985277304946516,0.0,0.3181806095044069,0.0,0.0,0.1728226188113521
-0.1111111111111111,0.22727244834717075,0.0,-0.5989683709330008,0.018661270022226704,-0.07692307692307535,0.0,0.0,0.0,-0.05406164603147947,0.0,0.0,0.0,0.0,0.1337332638906532,0.0,0.22727244834717075,0.0,0.0,0.09002335770880726
0.0,0.0,0.0,-0.07924271624532365,0.0035807602994678304,-0.1538461538461524,0.0,0.0,0.0,-0.03968978520067778,0.0,0.0,0.0,0.0,0.1350035568202028,0.0,0.0,0.0,0.0,0.09124467581637488
-0.1111111111111111,0.22727244834717075,0.0,-0.5533386237388052,0.018661270022226704,-0.1538461538461524,0.0,0.0,0.0,-0.018099934354151685,0.0,0.0,0.0,0.0,0.15589352404664514,0.0,0.22727244834717075,0.0,0.0,0.11132925209532386
-0.1111111111111111,0.3181806095044069,0.0,-0.6082076862033784,0.020141776684506785,-0.1538461538461524,0.0,0.0,0.0,-0.018099934354151685,0.0,0.0,0.0,0.0,0.1226182007570946,0.0,0.3181806095044069,0.0,0.0,0.07933682426759082
0.0,0.0,0.0,-0.1842761591656276,0.0035807602994678304,-0.07692307692307535,0.0,0.0,0.0,-0.04409874356899679,0.0,0.0,0.0,0.0,0.22680762683874905,0.0,0.0,0.0,0.0,0.17950933545028475
-0.1111111111111111,0.22727244834717075,0.0,-0.5533386237388052,0.018661270022226704,-0.1538461538461524,0.0,0.0,0.0,-0.03881043616322925,0.0,0.0,0.0,0.0,0.22673776072762375,0.0,0.22727244834717075,0.0,0.0,0.17944216295436846
0.0,-0.04545408057861809,0.0,0.004081169935381428,0.0,-0.07692307692307535,0.0,0.0,0.0,-0.09869471627253719,0.0,0.0,0.0,0.0,0.1259495439648382,0.0,-0.04545408057861809,0.0,0.0,0.08253973100468673
0.0,-0.04545408057861809,0.0,-0.07459471715225037,0.0,-0.1538461538461524,0.0,0.0,0.0,-0.0012884906034837426,0.0,0.0,0.0,0.0,0.2226378902975026,0.0,-0.04545408057861809,0.0,0.0,0.1755003587621941
-0.1111111111111111,0.22727244834717075,0.0,-0.5533386237388052,0.018661270022226704,-0.1538461538461524,0.0,0.0,0.0,-0.03468848755018857,0.0,0.0,0.0,0.0,0.24193046416503644,0.0,0.22727244834717075,0.0,0.0,0.1940491275208769
0.0,0.0,0.0,-0.1842761591656276,0.0035807602994678304,-0.07692307692307535,0.0,0.0,0.0,-0.049258812573469944,0.0,0.0,0.0,0.0,0.14193300475089551,0.0,0.0,0.0,0.0,0.09790696609315598
-0.1111111111111111,0.22727244834717075,0.0,-0.5533386237388052,0.018661270022226704,-0.1538461538461524,0.0,0.0,0.0,-0.1015190143962871,0.0,0.0,0.0,0.0,0.15493762861715912,0.0,0.22727244834717075,0.0,0.0,0.11041021021937926
-0.1111111111111111,0.3181806095044069,0.0,-0.6108717832445302,0.020141776684506785,-0.07692307692307535,0.0,0.0,0.0,-0.05406164603147947,0.0,0.0,0.0,0.0,0.16706257462970955,0.0,0.3181806095044069,0.0,0.0,0.1220676915561119
-0.1111111111111111,0.22727244834717075,0.0,-0.5533386237388052,0.018661270022226704,-0.1538461538461524,0.0,0.0,0.0,-0.1015190143962871,0.0,0.0,0.0,0.0,0.15493762861715912,0.0,0.22727244834717075,0.0,0.0,0.11041021021937926
0.0,-0.04545408057861809,0.0,-0.08048974039224584,0.0,-0.07692307692307535,0.0,0.0,0.0,-0.007434773979817781,0.0,0.0,0.0,0.0,0.2143460531998678,0.0,-0.04545408057861809,0.0,0.0,0.16752820481504654
-0.1111111111111111,0.22727244834717075,0.0,-0.5533386237388052,0.018661270022226704,-0.1538461538461524,0.0,0.0,0.0,-0.11517640413416172,0.0,0.0,0.0,0.0,0.23820215441680848,0.0,0.22727244834717075,0.0,0.0,0.190464558875166
0.0,0.0,0.0,-0.07924271624532365,0.0035807602994678304,-0.1538461538461524,0.0,0.0,0.0,-0.04438880661954413,0.0,0.0,0.0,0.0,0.14193300475089551,0.0,0.0,0.0,0.0,0.09790696609315598
0.0,0.0,0.0,-0.07924271624532365,0.0035807602994678304,-0.1538461538461524,0.0,0.0,0.0,-0.039234844205608986,0.0,0.0,0.0,0.0,0.24200350600848552,0.0,0.0,0.0,0.0,0.19411935331206204
-0.1111111111111111,0.3181806095044069,0.0,-0.6082076862033784,0.020141776684506785,-0.1538461538461524,0.0,0.0,0.0,-0.006756942430117767,0.0,0.0,0.0,0.0,0.2225680241863773,0.0,0.3181806095044069,0.0,0.0,0.17543318626627782
-0.1111111111111111,0.3181806095044069,0.0,-0.6082076862033784,0.020141776684506785,-0.1538461538461524,0.0,0.0,0.0,-0.006756942430117767,0.0,0.0,0.0,0.0,0.2225680241863773,0.0,0.3181806095044069,0.0,0.0,0.17543318626627782
-0.1111111111111111,0.22727244834717075,0.0,-0.5989683709330008,0.018661270022226704,-0.07692307692307535,0.0,0.0,0.0,-0.04241637787582253,0.0,0.0,0.0,0.0,0.21985277304946516,0.0,0.22727244834717075,0.0,0.0,0.1728226188113521
0.0,-0.04545408057861809,0.0,-0.03514340777689618,0.0,-0.1538461538461524,0.0,0.0,0.0,-0.04038288322672249,0.0,0.0,0.0,0.0,0.14193300475089551,0.0,-0.04545408057861809,0.0,0.0,0.09790696609315598
0.0,0.0,0.0,-0.07924271624532365,0.0035807602994678304,-0.1538461538461524,0.0,0.0,0.0,-0.03515258843106421,0.0,0.0,0.0,0.0,0.2155560072152638,0.0,0.0,0.0,0.0,0.16869151031250476
0.0,0.0,0.0,-0.07924271624532365,0.0035807602994678304,-0.1538461538461524,0.0,0.0,0.0,-0.03385188464650478,0.0,0.0,0.0,0.0,0.23511851833032693,0.0,0.0,0.0,0.0,0.18749980916904566
-0.1111111111111111,0.3181806095044069,0.0,-0.6108717832445302,0.020141776684506785,-0.1538461538461524,0.0,0.0,0.0,-0.1111735340366091,0.0,0.0,0.0,0.0,0.23820215441680848,0.0,0.3181806095044069,0.0,0.0,0.190464558875166
0.0,-0.04545408057861809,0.0,-0.08048974039224584,0.0,-0.1538461538461524,0.0,0.0,0.0,0.004302093033906824,0.0,0.0,0.0,0.0,0.1234947028784838,0.0,-0.04545408057861809,0.0,0.0,0.08017953376181246
0.0,0.0,0.0,-0.10457997959415048,0.0035807602994678304,-0.1538461538461524,0.0,0.0,0.0,-0.006604277666671835,0.0,0.0,0.0,0.0,0.15519803866771686,0.0,0.0,0.0,0.0,0.1106605804314307
-0.1111111111111111,0.22727244834717075,0.0,-0.5533386237388052,0.018661270022226704,-0.1538461538461524,0.0,0.0,0.0,-0.0026258339312704073,0.0,0.0,0.0,0.0,0.19614593125174662,0.0,0.22727244834717075,0.0,0.0,0.1500297696288719
-0.1111111111111111,0.22727244834717075,0.0,-0.6595624078902619,0.018661270022226704,-0.07692307692307535,0.0,0.0,0.0,-0.006897394012488011,0.0,0.0,0.0,0.0,0.2294403089352404,0.0,0.22727244834717075,0.0,0.0,0.18204051722821848
-0.1111111111111111,0.22727244834717075,0.0,-0.6966897177190795,0.018661270022226704,-0.1538461538461524,0.0,0.0,0.0,0.012420805153962463,0.0,0.0,0.0,0.0,0.2015478519346561,0.0,0.22727244834717075,0.0,0.0,0.15522342488130314
0.0,0.0,0.0,-0.0360503344292031,0.0035807602994678304,-0.1538461538461524,0.0,0.0,0.0,-0.10382730561958997,0.0,0.0,0.0,0.0,0.17052094713040825,0.0,0.0,0.0,0.0,0.12539273010396468
0.0,0.0,0.0,-0.17361977100102036,0.0035807602994678304,-0.1538461538461524,0.0,0.0,0.0,-0.010765919118208246,0.0,0.0,0.0,0.0,0.1219290668428139,0.0,0.0,0.0,0.0,0.07867425919423533
-0.1111111111111111,0.22727244834717075,0.0,-0.5533386237388052,0.018661270022226704,-0.1538461538461524,0.0,0.0,0.0,-0.018099934354151685,0.0,0.0,0.0,0.0,0.1226182007570946,0.0,0.22727244834717075,0.0,0.0,0.07933682426759082
-0.1111111111111111,0.22727244834717075,0.0,-0.6595624078902619,0.018661270022226704,-0.07692307692307535,0.0,0.0,0.0,-0.017559501091553076,0.0,0.0,0.0,0.0,0.12951271563222475,0.0,0.22727244834717075,0.0,0.0,0.08596552829641387
-0.1111111111111111,0.22727244834717075,0.0,-0.6595624078902619,0.018661270022226704,-0.07692307692307535,0.0,0.0,0.0,-0.017559501091553076,0.0,0.0,0.0,0.0,0.11139516272452435,0.0,0.22727244834717075,0.0,0.0,0.06854647878723119
-0.1111111111111111,0.22727244834717075,0.0,-0.5533386237388052,0.018661270022226704,-0.1538461538461524,0.0,0.0,0.0,-0.033464116147352105,0.0,0.0,0.0,0.0,0.20859797769365612,0.0,0.22727244834717075,0.0,0.0,0.16200174037830326
0.0,0.0,0.0,-0.07924271624532365,0.0035807602994678304,-0.1538461538461524,0.0,0.0,0.0,-0.04438880661954413,0.0,0.0,0.0,0.0,0.14193300475089551,0.0,0.0,0.0,0.0,0.09790696609315598
-0.1111111111111111,0.22727244834717075,0.0,-0.5533386237388052,0.018661270022226704,-0.1538461538461524,0.0,0.0,0.0,-0.013938292902615104,0.0,0.0,0.0,0.0,0.14072622646782346,0.0,0.22727244834717075,0.0,0.0,0.0967467138909668
-0.1111111111111111,0.22727244834717075,0.0,-0.5533386237388052,0.018661270022226704,-0.1538461538461524,0.0,0.0,0.0,-0.003865471810451397,-0.1538461538461524,0.0,0.0,0.0,0.22224727522166618,-0.1538461538461524,0.22727244834717075,0.0,0.0,0.17512480344411713
0.0,-0.04545408057861809,0.0,0.004081169935381428,0.0,-0.1538461538461524,0.0,0.0,0.0,-0.11569851762514698,0.0,0.0,0.0,0.0,0.23827519626025756,0.0,-0.04545408057861809,0.0,0.0,0.19053478466635113
-0.1111111111111111,0.22727244834717075,0.0,-0.6966897177190795,0.018661270022226704,-0.1538461538461524,0.0,0.0,0.0,0.02115017632780183,0.0,0.0,0.0,0.0,0.12325334722186931,0.0,0.22727244834717075,0.0,0.0,0.07994748332137455
0.0,0.0,0.0,-0.17361977100102036,0.0035807602994678304,-0.1538461538461524,0.0,0.0,0.0,-0.010765919118208246,0.0,0.0,0.0,0.0,0.1219290668428139,0.0,0.0,0.0,0.0,0.07867425919423533
-0.1111111111111111,0.3181806095044069,0.0,-0.6108717832445302,0.020141776684506785,-0.07692307692307535,0.0,0.0,0.0,-0.1106056211165901,0.0,0.0,0.0,0.0,0.24509031782729104,0.0,0.3181806095044069,0.0,0.0,0.19708715631345136
0.0,0.0,0.0,-0.0360503344292031,0.0035807602994678304,-0.1538461538461524,0.0,0.0,0.0,-0.11162542173640905,0.0,0.0,0.0,0.0,0.21182134600238808,0.0,0.0,0.0,0.0,0.165100835076256
-0.1111111111111111,0.22727244834717075,0.0,-0.5533386237388052,0.018661270022226704,-0.1538461538461524,0.0,0.0,0.0,-0.1055493641512603,0.0,0.0,0.0,0.0,0.15493762861715912,0.0,0.22727244834717075,0.0,0.0,0.11041021021937926
-0.1111111111111111,0.22727244834717075,0.0,-0.6595624078902619,0.018661270022226704,-0.07692307692307535,0.0,0.0,0.0,-0.01696716180938271,0.0,0.0,0.0,0.0,0.1407325779324712,0.0,0.22727244834717075,0.0,0.0,0.09675282048150464
0.0,-0.04545408057861809,0.0,-0.08048974039224584,0.0,-0.07692307692307535,0.0,0.0,0.0,-0.01574889699708409,0.0,0.0,0.0,0.0,0.15520439013236442,0.0,-0.04545408057861809,0.0,0.0,0.11066668702196837
0.0,0.0,0.0,-0.10457997959415048,0.0035807602994678304,-0.1538461538461524,0.0,0.0,0.0,0.0029922293635405426,0.0,0.0,0.0,0.0,0.22263153883285486,0.0,0.0,0.0,0.0,0.17549425217165626
-0.1111111111111111,0.22727244834717075,0.0,-0.5533386237388052,0.018661270022226704,-0.1538461538461524,0.0,0.0,0.0,-0.11520999038211996,0.0,0.0,0.0,0.0,0.211748304158939,0.0,0.22727244834717075,0.0,0.0,0.16503060928507088
-0.1111111111111111,0.22727244834717075,0.0,-0.6595624078902619,0.018661270022226704,-0.07692307692307535,0.0,0.0,0.0,-0.017559501091553076,0.0,0.0,0.0,0.0,0.12951271563222475,0.0,0.22727244834717075,0.0,0.0,0.08596552829641387
0.0,0.0,0.0,-0.0360503344292031,0.0035807602994678304,-0.1538461538461524,0.0,0.0,0.0,-0.09980000915988578,0.0,0.0,0.0,0.0,0.15236528543482133,0.0,0.0,0.0,0.0,0.10793704105155495
0.0,0.0,0.0,-0.19759664437138652,0.0035807602994678304,-0.07692307692307535,0.0,0.0,0.0,-0.015638978367403068,0.0,0.0,0.0,0.0,0.15520439013236442,0.0,0.0,0.0,0.0,0.11066668702196837
-0.1111111111111111,0.22727244834717075,0.0,-0.5967010543022333,0.018661270022226704,-0.1538461538461524,0.0,0.0,0.0,0.025211059035464067,0.0,0.0,0.0,0.0,0.11672721729630857,0.0,0.22727244834717075,0.0,0.0,0.07367296154374613
-0.1111111111111111,0.22727244834717075,0.0,-0.5533386237388052,0.018661270022226704,-0.1538461538461524,0.0,0.0,0.0,-0.049771766178648334,0.0,0.0,0.0,0.0,0.14076433525570997,0.0,0.22727244834717075,0.0,0.0,0.09678335343419386
-0.1111111111111111,0.3181806095044069,0.0,-0.6059403695726109,0.020141776684506785,-0.1538461538461524,0.0,0.0,0.0,-0.013938292902615104,0.0,0.0,0.0,0.0,0.13776961967429682,0.0,0.3181806095044069,0.0,0.0,0.09390409599560319
-0.1111111111111111,0.22727244834717075,0.0,-0.5533386237388052,0.018661270022226704,-0.1538461538461524,0.0,0.0,0.0,-0.03468848755018857,0.0,0.0,0.0,0.0,0.22673776072762375,0.0,0.22727244834717075,0.0,0.0,0.17944216295436846
-0.1111111111111111,0.3181806095044069,0.0,-0.6108717832445302,0.020141776684506785,-0.1538461538461524,0.0,0.0,0.0,-0.10680121521151698,0.0,0.0,0.0,0.0,0.14227915957419784,0.0,0.3181806095044069,0.0,0.0,0.09823977527746823
-0.1111111111111111,0.3181806095044069,0.0,-0.6082076862033784,0.020141776684506785,-0.1538461538461524,0.0,0.0,0.0,-0.05751186968535798,0.0,0.0,0.0,0.0,0.13910660298264774,0.0,0.3181806095044069,0.0,0.0,0.09518953330381809
-0.1111111111111111,0.22727244834717075,0.0,-0.5533386237388052,0.018661270022226704,-0.1538461538461524,0.0,0.0,0.0,-0.008027113261987977,0.0,0.0,0.0,0.0,0.2294403089352404,0.0,0.22727244834717075,0.0,0.0,0.18204051722821848
-0.1111111111111111,0.22727244834717075,0.0,-0.5533386237388052,0.018661270022226704,-0.1538461538461524,0.0,0.0,0.0,-0.11517640413416172,0.0,0.0,0.0,0.0,0.23820215441680848,0.0,0.22727244834717075,0.0,0.0,0.190464558875166
-0.1111111111111111,0.22727244834717075,0.0,-0.5533386237388052,0.018661270022226704,-0.1538461538461524,0.0,0.0,0.0,-0.04918858678228482,0.0,0.0,0.0,0.0,0.14891961586341815,0.0,0.22727244834717075,0.0,0.0,0.10462421568477785
-0.1111111111111111,0.3181806095044069,0.0,-0.7318331254959756,0.020141776684506785,-0.07692307692307535,0.0,0.0,0.0,-0.005462345236096011,0.0,0.0,0.0,0.0,0.19611099819618405,0.0,0.3181806095044069,0.0,0.0,0.14999618338091386
0.0,0.0,0.0,-0.07924271624532365,0.0035807602994678304,-0.1538461538461524,0.0,0.0,0.0,-0.04438880661954413,0.0,0.0,0.0,0.0,0.14193300475089551,0.0,0.0,0.0,0.0,0.09790696609315598
0.0,0.0,0.0,-0.10457997959415048,0.0035807602994678304,-0.1538461538461524,0.0,0.0,0.0,0.0017159519411324884,0.0,0.0,0.0,0.0,0.22950382358171795,0.0,0.0,0.0,0.0,0.18210158313359692
0.0,-0.04545408057861809,0.0,-0.08048974039224584,0.0,-0.07692307692307535,0.0,0.0,0.0,-0.01574889699708409,0.0,0.0,0.0,0.0,0.15520439013236442,0.0,-0.04545408057861809,0.0,0.0,0.11066668702196837
-0.1111111111111111,0.22727244834717075,0.0,-0.5533386237388052,0.018661270022226704,-0.1538461538461524,0.0,0.0,0.0,-0.11120712028456715,0.0,0.0,0.0,0.0,0.211748304158939,0.0,0.22727244834717075,0.0,0.0,0.16503060928507088
0.0,-0.04545408057861809,0.0,-0.07459471715225037,0.0,-0.1538461538461524,0.0,0.0,0.0,-0.0012884906034837426,0.0,0.0,0.0,0.0,0.20747059271868093,0.0,-0.04545408057861809,0.0,0.0,0.16091782055783704
0.0,0.0,0.0,-0.10457997959415048,0.0035807602994678304,-0.1538461538461524,0.0,0.0,0.0,-0.006604277666671835,0.0,0.0,0.0,0.0,0.13708048576001627,0.0,0.0,0.0,0.0,0.09324153092224786
-0.1111111111111111,0.22727244834717075,0.0,-0.5533386237388052,0.018661270022226704,-0.1538461538461524,0.0,0.0,0.0,-0.11517640413416172,0.0,0.0,0.0,0.0,0.23820215441680848,0.0,0.22727244834717075,0.0,0.0,0.190464558875166
0.0,-0.04545408057861809,0.0,0.004081169935381428,0.0,-0.07692307692307535,0.0,0.0,0.0,-0.10990336320473872,0.0,0.0,0.0,0.0,0.23827519626025756,0.0,-0.04545408057861809,0.0,0.0,0.19053478466635113
0.0,0.0,0.0,-0.10457997959415048,0.0035807602994678304,-0.1538461538461524,0.0,0.0,0.0,0.0017159519411324884,0.0,0.0,0.0,0.0,0.21433652600289627,0.0,0.0,0.0,0.0,0.16751904492923989
-0.1111111111111111,0.22727244834717075,0.0,-0.5533386237388052,0.018661270022226704,-0.1538461538461524,0.0,0.0,0.0,-0.003865471810451397,0.0,0.0,0.0,0.0,0.22943395747059264,0.0,0.22727244834717075,0.0,0.0,0.18203441063768064
0.0,-0.04545408057861809,0.0,-0.08048974039224584,0.0,-0.1538461538461524,0.0,0.0,0.0,0.011712440651573229,0.0,0.0,0.0,0.0,0.1900072406696985,0.0,-0.04545408057861809,0.0,0.0,0.14412774987405164
0.0,-0.04545408057861809,0.0,-0.03514340777689618,0.0,-0.1538461538461524,0.0,0.0,0.0,-0.04449872524922515,0.0,0.0,0.0,0.0,0.14193300475089551,0.0,-0.04545408057861809,0.0,0.0,0.09790696609315598
-0.1111111111111111,0.22727244834717075,0.0,-0.5989683709330008,0.018661270022226704,-0.07692307692307535,0.0,0.0,0.0,-0.09972978336870066,0.0,0.0,0.0,0.0,0.15493762861715912,0.0,0.22727244834717075,0.0,0.0,0.11041021021937926
0.0,0.0,0.0,-0.07924271624532365,0.0035807602994678304,-0.07692307692307535,0.0,0.0,0.0,-0.10979649787032653,-0.1538461538461524,0.0,0.0,0.0,0.23121236757196204,-0.07692307692307535,0.0,0.0,0.0,0.1837442559882753
0.2222222222222222,-0.3181826549584876,0.0,-0.023976873370366157,0.010336767445685995,0.07692307692307705,-0.1666654166635417,0.0,0.0,-0.20613101689998928,0.0,-0.5,0.0,0.0,0.039137725159421766,0.07692307692307705,-0.3181826549584876,0.0,0.0,-0.0009251484664824442
0.1111111111111111,-0.4545448966943417,0.0,0.11512300192721901,-0.11388807063585271,0.07692307692307705,-0.1666654166635417,0.0,0.0,-0.2589255453948674,0.0,-0.5,0.0,0.0,0.04550189273646505,0.07692307692307705,-0.4545448966943417,0.0,0.0,0.005193655252431211
0.1111111111111111,-0.4545448966943417,0.0,0.16137626119487578,-0.11388807063585271,0.07692307692307705,-0.1666654166635417,0.0,0.0,-0.3428026197273408,0.0,-0.5,0.0,0.0,0.07075849190823402,0.07692307692307705,-0.4545448966943417,0.0,0.03286787316630538,0.02947651252614383
0.2222222222222222,-0.4090908161157236,0.0,0.11285568529645162,-0.11109155805154605,0.07692307692307705,-0.1666654166635417,0.0,0.0,-0.2589255453948674,0.0,-0.5,0.0,0.0,0.06253016945707676,0.07692307692307705,-0.4090908161157236,0.0,0.0,0.021565424484374717
0.2222222222222222,-0.4090908161157236,0.0,0.11285568529645162,-0.11109155805154605,0.07692307692307705,-0.1666654166635417,0.0,0.0,-0.20656153153290685,0.0,-0.5,0.0,0.0,0.039137725159421766,0.07692307692307705,-0.4090908161157236,0.0,0.0,-0.0009251484664824442
0.1111111111111111,-0.5000010227270403,0.0,0.17792767259947848,-0.11388807063585271,0.07692307692307705,-0.1666654166635417,0.0,0.0,-0.20313878753644873,0.0,-0.5,0.0,0.0,0.03955374609384922,0.07692307692307705,-0.5000010227270403,0.0,0.04758784090336242,-0.0005251667862540815
0.1111111111111111,-0.4545448966943417,0.0,0.17792767259947848,-0.11388807063585271,0.07692307692307705,-0.1666654166635417,0.0,0.0,-0.2015510739966108,0.0,-0.5,0.0,0.0,0.03915677955336503,0.07692307692307705,-0.4545448966943417,0.0,0.04758784090336242,-0.000906828694868912
0.2222222222222222,-0.4090908161157236,0.0,0.11285568529645162,-0.11109155805154605,0.07692307692307705,-0.1666654166635417,0.0,0.0,-0.20656153153290685,0.0,-0.5,0.0,0.0,0.039137725159421766,0.07692307692307705,-0.4090908161157236,0.0,0.0,-0.0009251484664824442
0.2222222222222222,-0.4090908161157236,0.0,0.07640857045686421,-0.1075758329284574,0.07692307692307705,0.0,0.0,0.0,-0.14903744866647337,0.0,-0.5,0.0,0.0,0.04054139884657402,0.07692307692307705,-0.4090908161157236,0.0,0.0,0.0004244080423797391
0.1111111111111111,-0.4545448966943417,0.0,0.16165967577372162,-0.11388807063585271,0.07692307692307705,-0.1666654166635417,0.0,0.0,-0.2015510739966108,0.0,-0.5,0.0,0.0,0.04872208531287322,0.07692307692307705,-0.4545448966943417,0.0,0.03311992740837817,0.008289696655115104
0.1111111111111111,-0.5000010227270403,0.0,0.17792767259947848,-0.11388807063585271,0.07692307692307705,-0.1666654166635417,0.0,0.0,-0.20313878753644873,0.0,-0.5,0.0,0.0,0.03955374609384922,0.07692307692307705,-0.5000010227270403,0.0,0.04758784090336242,-0.0005251667862540815
0.2222222222222222,-0.3181826549584876,0.0,0.0256773608434417,-0.005424698829749289,0.07692307692307705,-0.1666654166635417,0.0,0.0,-0.20112055936369322,0.0,-0.5,0.0,0.0,0.04872208531287322,0.07692307692307705,-0.3181826549584876,0.0,0.0,0.008289696655115104
0.2222222222222222,-0.4090908161157236,0.0,0.11285568529645162,-0.11109155805154605,0.07692307692307705,-0.1666654166635417,0.0,0.0,-0.2589255453948674,0.0,-0.5,0.0,0.0,0.06622672188206595,0.07692307692307705,-0.4090908161157236,0.0,0.0,0.025119460177396406
0.2222222222222222,-0.3181826549584876,0.0,-0.024203605033442935,0.010336767445685995,0.07692307692307705,0.0,0.0,0.0,-0.13677236157122566,0.0,-0.5,0.0,0.0,0.04009044485658401,0.07692307692307705,-0.3181826549584876,0.0,0.0,-9.159885806681357e-06
0.2222222222222222,-0.3181826549584876,0.0,0.08723500736877897,-0.005424698829749289,0.07692307692307705,-0.1666654166635417,0.0,0.0,-0.20112055936369322,0.0,-0.5,0.0,0.0,0.03915677955336503,0.07692307692307705,-0.3181826549584876,0.0,0.0,-0.000906828694868912
0.2222222222222222,-0.4090908161157236,0.0,0.17180591769640624,-0.11109155805154605,0.07692307692307705,-0.1666654166635417,0.0,0.0,-0.2529655130299376,0.0,-0.5,0.0,0.0,0.05509260435456408,0.07692307692307705,-0.4090908161157236,0.0,0.04214346927458789,0.014414606964566432
0.2222222222222222,-0.3181826549584876,0.0,0.08723500736877897,-0.005424698829749289,0.07692307692307705,-0.1666654166635417,0.0,0.0,-0.25281284826649164,0.0,-0.5,0.0,0.0,0.05509260435456408,0.07692307692307705,-0.3181826549584876,0.0,0.0,0.014414606964566432
0.2222222222222222,-0.3181826549584876,0.0,0.08723500736877897,-0.005424698829749289,0.07692307692307705,-0.1666654166635417,0.0,0.0,-0.25281284826649164,0.0,-0.5,0.0,0.0,0.04551777139808435,0.07692307692307705,-0.3181826549584876,0.0,0.0,0.005208921728775736
0.2222222222222222,-0.4090908161157236,0.0,0.14992631220949992,-0.11109155805154605,0.07692307692307705,-0.1666654166635417,0.0,0.0,-0.3428026197273408,0.0,-0.5,0.0,0.0,0.06116460455781103,0.07692307692307705,-0.4090908161157236,0.0,0.022684881786560418,0.0202525075187396
0.1111111111111111,-0.4545448966943417,0.0,0.16165967577372162,-0.11388807063585271,0.07692307692307705,-0.1666654166635417,0.0,0.0,-0.2015510739966108,0.0,-0.5,0.0,0.0,0.059862554305022665,0.07692307692307705,-0.4545448966943417,0.0,0.03311992740837817,0.019000656458482753
0.2222222222222222,-0.4090908161157236,0.0,0.17180591769640624,-0.11109155805154605,0.07692307692307705,-0.1666654166635417,0.0,0.0,-0.2529655130299376,0.0,-0.5,0.0,0.0,0.06624260054368543,0.07692307692307705,-0.4090908161157236,0.0,0.04214346927458789,0.025134726653741103
0.2222222222222222,-0.3181826549584876,0.0,0.08723500736877897,0.010336767445685995,0.07692307692307705,-0.1666654166635417,0.0,0.0,-0.342378211684961,0.0,-0.5,0.0,0.0,0.08193071822362243,0.07692307692307705,-0.3181826549584876,0.0,0.0,0.04021800528220087
0.2222222222222222,-0.4090908161157236,0.0,0.02165287382382932,-0.1075758329284574,0.07692307692307705,0.0,0.0,0.0,-0.13720287620414326,0.0,-0.5,0.0,0.0,0.04009044485658401,0.07692307692307705,-0.4090908161157236,0.0,0.0,-9.159885806681357e-06
0.2222222222222222,-0.4090908161157236,0.0,0.0912028114726221,-0.1075758329284574,0.07692307692307705,0.0,0.0,0.0,-0.14903744866647337,0.0,-0.5,0.0,0.0,0.030982444551713582,0.07692307692307705,-0.4090908161157236,0.0,0.0,-0.008766010717066432
0.1111111111111111,-0.4545448966943417,0.0,0.11512300192721901,-0.11388807063585271,0.07692307692307705,-0.1666654166635417,0.0,0.0,-0.2589255453948674,0.0,-0.5,0.0,0.0,0.04550189273646505,0.07692307692307705,-0.4545448966943417,0.0,0.0,0.005193655252431211
0.1111111111111111,-0.4545448966943417,0.0,0.17792767259947848,-0.11388807063585271,0.07692307692307705,-0.1666654166635417,0.0,0.0,-0.2015510739966108,0.0,-0.5,0.0,0.0,0.04872208531287322,0.07692307692307705,-0.4545448966943417,0.0,0.04758784090336242,0.008289696655115104
0.1111111111111111,-0.5000010227270403,0.0,0.17792767259947848,-0.11388807063585271,0.07692307692307705,-0.1666654166635417,0.0,0.0,-0.25461429247515377,0.0,-0.5,0.0,0.0,0.06664591854881736,0.07692307692307705,-0.5000010227270403,0.0,0.04758784090336242,0.025522495152893777
0.2222222222222222,-0.4090908161157236,0.0,0.16137626119487578,-0.11109155805154605,0.07692307692307705,-0.1666654166635417,0.0,0.0,-0.2015510739966108,0.0,-0.5,0.0,0.0,0.059862554305022665,0.07692307692307705,-0.4090908161157236,0.0,0.03286787316630538,0.019000656458482753
0.1111111111111111,-0.5000010227270403,0.0,0.17792767259947848,-0.11388807063585271,0.07692307692307705,-0.1666654166635417,0.0,0.0,-0.25461429247515377,0.0,-0.5,0.0,0.0,0.06664591854881736,0.07692307692307705,-0.5000010227270403,0.0,0.04758784090336242,0.025522495152893777
0.2222222222222222,-0.3181826549584876,0.0,0.0256773608434417,-0.005424698829749289,0.07692307692307705,-0.1666654166635417,0.0,0.0,-0.20112055936369322,0.0,-0.5,0.0,0.0,0.04872208531287322,0.07692307692307705,-0.3181826549584876,0.0,0.0,0.008289696655115104
0.2222222222222222,-0.3181826549584876,0.0,-0.023976873370366157,0.010336767445685995,0.07692307692307705,-0.1666654166635417,0.0,0.0,-0.20613101689998928,0.0,-0.5,0.0,0.0,0.039137725159421766,0.07692307692307705,-0.3181826549584876,0.0,0.0,-0.0009251484664824442
0.2222222222222222,-0.4090908161157236,0.0,0.11285568529645162,-0.11109155805154605,0.07692307692307705,-0.1666654166635417,0.0,0.0,-0.2589255453948674,0.0,-0.5,0.0,0.0,0.04550189273646505,0.07692307692307705,-0.4090908161157236,0.0,0.0,0.005193655252431211
0.1111111111111111,-0.5000010227270403,0.0,0.17792767259947848,-0.11388807063585271,0.07692307692307705,-0.1666654166635417,0.0,0.0,-0.20313878753644873,0.0,-0.5,0.0,0.0,0.06026269657783082,0.07692307692307705,-0.5000010227270403,0.0,0.04758784090336242,0.01938537166236659
0.1111111111111111,-0.5000010227270403,0.0,0.17180591769640624,-0.11388807063585271,0.07692307692307705,-0.1666654166635417,0.0,0.0,-0.260485779277285,0.0,-0.5,0.0,0.0,0.04590203500927321,0.07692307692307705,-0.5000010227270403,0.0,0.04214346927458789,0.005578370456315048
0.1111111111111111,-0.5000010227270403,0.0,0.2219702981521369,-0.11388807063585271,0.07692307692307705,-0.1666654166635417,0.0,0.0,-0.338494420102896,0.0,-0.5,0.0,0.0,0.07118721577195698,0.07692307692307705,-0.5000010227270403,0.0,0.08675707012149016,0.02988870738744788
0.1111111111111111,-0.5000010227270403,0.0,0.18637342704908735,-0.11388807063585271,0.07692307692307705,-0.1666654166635417,0.0,0.0,-0.25461429247515377,0.0,-0.5,0.0,0.0,0.04592108940321629,0.07692307692307705,-0.5000010227270403,0.0,0.05509905731713466,0.005596690227928411
0.2222222222222222,-0.4090908161157236,0.0,0.11285568529645162,-0.11109155805154605,0.07692307692307705,-0.1666654166635417,0.0,0.0,-0.2589255453948674,0.0,-0.5,0.0,0.0,0.06622672188206595,0.07692307692307705,-0.4090908161157236,0.0,0.0,0.025119460177396406
0.1111111111111111,-0.5000010227270403,0.0,0.17792767259947848,-0.11388807063585271,0.07692307692307705,-0.1666654166635417,0.0,0.0,-0.20313878753644873,0.0,-0.5,0.0,0.0,0.0491222275856812,0.07692307692307705,-0.5000010227270403,0.0,0.04758784090336242,0.008674411858998771
0.1111111111111111,-0.4545448966943417,0.0,0.1989570343498469,-0.11388807063585271,0.07692307692307705,-0.1666654166635417,0.0,0.0,-0.3368883867914446,0.0,-0.5,0.0,0.0,0.06118048321943033,0.07692307692307705,-0.4545448966943417,0.0,0.06629026566517116,0.020267773995084126
0.1111111111111111,-0.4545448966943417,0.0,0.17792767259947848,-0.11388807063585271,0.07692307692307705,-0.1666654166635417,0.0,0.0,-0.2529655130299376,0.0,-0.5,0.0,0.0,0.04551777139808435,0.07692307692307705,-0.4545448966943417,0.0,0.04758784090336242,0.005208921728775736
0.2222222222222222,-0.4090908161157236,0.0,0.11285568529645162,-0.11109155805154605,0.07692307692307705,-0.1666654166635417,0.0,0.0,-0.20656153153290685,0.0,-0.5,0.0,0.0,0.039137725159421766,0.07692307692307705,-0.4090908161157236,0.0,0.0,-0.0009251484664824442
0.1111111111111111,-0.4545448966943417,0.0,0.1989570343498469,-0.11388807063585271,0.07692307692307705,-0.1666654166635417,0.0,0.0,-0.3368883867914446,0.0,-0.5,0.0,0.0,0.06118048321943033,0.07692307692307705,-0.4545448966943417,0.0,0.06629026566517116,0.020267773995084126
0.2222222222222222,-0.4090908161157236,0.0,0.11285568529645162,-0.11109155805154605,0.07692307692307705,-0.1666654166635417,0.0,0.0,-0.2589255453948674,0.0,-0.5,0.0,0.0,0.04550189273646505,0.07692307692307705,-0.4090908161157236,0.0,0.0,0.005193655252431211
0.1111111111111111,-0.4545448966943417,0.0,0.16137626119487578,-0.11388807063585271,0.07692307692307705,-0.1666654166635417,0.0,0.0,-0.3428026197273408,0.0,-0.5,0.0,0.0,0.08193071822362243,0.07692307692307705,-0.4545448966943417,0.0,0.03286787316630538,0.04021800528220087
0.2222222222222222,-0.4090908161157236,0.0,0.17180591769640624,-0.11109155805154605,0.07692307692307705,-0.1666654166635417,0.0,0.0,-0.2529655130299376,0.0,-0.5,0.0,0.0,0.05509260435456408,0.07692307692307705,-0.4090908161157236,0.0,0.04214346927458789,0.014414606964566432
0.2222222222222222,-0.4090908161157236,0.0,0.16165967577372162,-0.11109155805154605,0.07692307692307705,-0.1666654166635417,0.0,0.0,-0.2015510739966108,0.0,-0.5,0.0,0.0,0.04872208531287322,0.07692307692307705,-0.4090908161157236,0.0,0.03311992740837817,0.008289696655115104
0.2222222222222222,-0.4090908161157236,0.0,0.17792767259947848,-0.11109155805154605,0.07692307692307705,-0.1666654166635417,0.0,0.0,-0.3368883867914446,0.0,-0.5,0.0,0.0,0.08194977261756568,0.07692307692307705,-0.4090908161157236,0.0,0.04758784090336242,0.0402363250538144
0.1111111111111111,-0.5000010227270403,0.0,0.1364924611722025,-0.11388807063585271,0.07692307692307705,0.0,0.0,0.0,-0.1506495885684625,0.0,-0.5,0.0,0.0,0.04093518965473442,0.07692307692307705,-0.5000010227270403,0.0,0.010737510712305182,0.0008030166557257323
0.2222222222222222,-0.3181826549584876,0.0,-0.023976873370366157,0.010336767445685995,0.07692307692307705,-0.1666654166635417,0.0,0.0,-0.20613101689998928,0.0,-0.5,0.0,0.0,0.039137725159421766,0.07692307692307705,-0.3181826549584876,0.0,0.0,-0.0009251484664824442
0.1111111111111111,-0.4545448966943417,0.0,0.16165967577372162,-0.11388807063585271,0.07692307692307705,-0.1666654166635417,0.0,0.0,-0.2015510739966108,0.0,-0.5,0.0,0.0,0.04872208531287322,0.07692307692307705,-0.4545448966943417,0.0,0.03311992740837817,0.008289696655115104
0.2222222222222222,-0.3181826549584876,0.0,0.0256773608434417,-0.005424698829749289,0.07692307692307705,-0.1666654166635417,0.0,0.0,-0.20112055936369322,0.0,-0.5,0.0,0.0,0.05617870480932898,0.07692307692307705,-0.3181826549584876,0.0,0.0,0.015458833946536752
0.1111111111111111,-0.4545448966943417,0.0,0.11512300192721901,-0.11388807063585271,0.07692307692307705,-0.1666654166635417,0.0,0.0,-0.2589255453948674,0.0,-0.5,0.0,0.0,0.055076725692944785,0.07692307692307705,-0.4545448966943417,0.0,0.0,0.014399340488221907
0.1111111111111111,-0.4545448966943417,0.0,0.16165967577372162,-0.11388807063585271,0.07692307692307705,-0.1666654166635417,0.0,0.0,-0.2015510739966108,0.0,-0.5,0.0,0.0,0.059862554305022665,0.07692307692307705,-0.4545448966943417,0.0,0.03311992740837817,0.019000656458482753
0.1111111111111111,-0.4545448966943417,0.0,0.16165967577372162,-0.11388807063585271,0.07692307692307705,-0.1666654166635417,0.0,0.0,-0.2015510739966108,0.0,-0.5,0.0,0.0,0.059862554305022665,0.07692307692307705,-0.4545448966943417,0.0,0.03311992740837817,0.019000656458482753
0.2222222222222222,-0.3181826549584876,0.0,0.08723500736877897,-0.005424698829749289,0.07692307692307705,-0.1666654166635417,0.0,0.0,-0.20112055936369322,0.0,-0.5,0.0,0.0,0.059862554305022665,0.07692307692307705,-0.3181826549584876,0.0,0.0,0.019000656458482753
0.2222222222222222,-0.4090908161157236,0.0,0.17792767259947848,-0.11109155805154605,0.07692307692307705,-0.1666654166635417,0.0,0.0,-0.2529655130299376,0.0,-0.5,0.0,0.0,0.04551777139808435,0.07692307692307705,-0.4090908161157236,0.0,0.04758784090336242,0.005208921728775736
0.2222222222222222,-0.4090908161157236,0.0,0.14992631220949992,-0.11109155805154605,0.07692307692307705,-0.1666654166635417,0.0,0.0,-0.3428026197273408,0.0,-0.5,0.0,0.0,0.07075849190823402,0.07692307692307705,-0.4090908161157236,0.0,0.022684881786560418,0.02947651252614383
0.1111111111111111,-0.4545448966943417,0.0,0.11285568529645162,-0.11388807063585271,0.07692307692307705,-0.1666654166635417,0.0,0.0,-0.20656153153290685,0.0,-0.5,0.0,0.0,0.04870620665125375,0.07692307692307705,-0.4545448966943417,0.0,0.0,0.008274430178770407
0.2222222222222222,-0.4090908161157236,0.0,0.17792767259947848,-0.11109155805154605,0.07692307692307705,-0.1666654166635417,0.0,0.0,-0.3368883867914446,0.0,-0.5,0.0,0.0,0.07825639592490027,0.07692307692307705,-0.4090908161157236,0.0,0.04758784090336242,0.03668534265606155
0.2222222222222222,-0.3181826549584876,0.0,0.0256773608434417,-0.005424698829749289,0.07692307692307705,-0.1666654166635417,0.0,0.0,-0.20112055936369322,0.0,-0.5,0.0,0.0,0.04872208531287322,0.07692307692307705,-0.3181826549584876,0.0,0.0,0.008289696655115104
0.1111111111111111,-0.4545448966943417,0.0,0.1364924611722025,-0.11388807063585271,0.07692307692307705,0.0,0.0,0.0,-0.14903744866647337,0.0,-0.5,0.0,0.0,0.051669164909428134,0.07692307692307705,-0.4545448966943417,0.0,0.010737510712305182,0.01112315466467187
0.2222222222222222,-0.4090908161157236,0.0,0.17180591769640624,-0.11109155805154605,0.07692307692307705,-0.1666654166635417,0.0,0.0,-0.2529655130299376,0.0,-0.5,0.0,0.0,0.04551777139808435,0.07692307692307705,-0.4090908161157236,0.0,0.04214346927458789,0.005208921728775736
0.1111111111111111,-0.4545448966943417,0.0,0.17792767259947848,-0.11388807063585271,0.07692307692307705,-0.1666654166635417,0.0,0.0,-0.2529655130299376,0.0,-0.5,0.0,0.0,0.04551777139808435,0.07692307692307705,-0.4545448966943417,0.0,0.04758784090336242,0.005208921728775736
0.1111111111111111,-0.5000010227270403,0.0,0.2219702981521369,-0.11388807063585271,0.07692307692307705,-0.1666654166635417,0.0,0.0,-0.338494420102896,0.0,-0.5,0.0,0.0,0.08236261781966916,0.07692307692307705,-0.5000010227270403,0.0,0.08675707012149016,0.040633253438773755
0.2222222222222222,-0.4090908161157236,0.0,0.11285568529645162,-0.11109155805154605,0.07692307692307705,-0.1666654166635417,0.0,0.0,-0.20656153153290685,0.0,-0.5,0.0,0.0,0.039137725159421766,0.07692307692307705,-0.4090908161157236,0.0,0.0,-0.0009251484664824442
0.2222222222222222,-0.4090908161157236,0.0,0.17792767259947848,-0.11109155805154605,0.07692307692307705,-0.1666654166635417,0.0,0.0,-0.2529655130299376,0.0,-0.5,0.0,0.0,0.05509260435456408,0.07692307692307705,-0.4090908161157236,0.0,0.04758784090336242,0.014414606964566432
0.2222222222222222,-0.4090908161157236,0.0,0.11285568529645162,-0.11109155805154605,0.07692307692307705,-0.1666654166635417,0.0,0.0,-0.20656153153290685,0.0,-0.5,0.0,0.0,0.04870620665125375,0.07692307692307705,-0.4090908161157236,0.0,0.0,0.008274430178770407
0.2222222222222222,-0.4090908161157236,0.0,0.11285568529645162,-0.11109155805154605,0.07692307692307705,-0.1666654166635417,0.0,0.0,-0.20656153153290685,0.0,-0.5,0.0,0.0,0.05984667564340337,0.07692307692307705,-0.4090908161157236,0.0,0.0,0.018985389982138227
0.1111111111111111,-0.4545448966943417,0.0,0.17792767259947848,-0.11388807063585271,0.07692307692307705,-0.1666654166635417,0.0,0.0,-0.2529655130299376,0.0,-0.5,0.0,0.0,0.05509260435456408,0.07692307692307705,-0.4545448966943417,0.0,0.04758784090336242,0.014414606964566432
0.2222222222222222,-0.3181826549584876,0.0,0.08723500736877897,0.010336767445685995,0.07692307692307705,-0.1666654166635417,0.0,0.0,-0.342378211684961,0.0,-0.5,0.0,0.0,0.06116460455781103,0.07692307692307705,-0.3181826549584876,0.0,0.0,0.0202525075187396
0.1111111111111111,-0.4545448966943417,0.0,0.17792767259947848,-0.11388807063585271,0.07692307692307705,-0.1666654166635417,0.0,0.0,-0.2529655130299376,0.0,-0.5,0.0,0.0,0.04551777139808435,0.07692307692307705,-0.4545448966943417,0.0,0.04758784090336242,0.005208921728775736
0.1111111111111111,-0.4545448966943417,0.0,0.17792767259947848,-0.11388807063585271,0.07692307692307705,-0.1666654166635417,0.0,0.0,-0.2529655130299376,0.0,-0.5,0.0,0.0,0.05509260435456408,0.07692307692307705,-0.4545448966943417,0.0,0.04758784090336242,0.014414606964566432
0.2222222222222222,-0.4090908161157236,0.0,0.17792767259947848,-0.11109155805154605,0.07692307692307705,-0.1666654166635417,0.0,0.0,-0.2529655130299376,0.0,-0.5,0.0,0.0,0.05509260435456408,0.07692307692307705,-0.4090908161157236,0.0,0.04758784090336242,0.014414606964566432
0.2222222222222222,-0.3181826549584876,0.0,-0.005158145334996077,-0.005424698829749289,0.07692307692307705,0.0,0.0,0.0,-0.14852144176602597,0.0,-0.5,0.0,0.0,0.051669164909428134,0.07692307692307705,-0.3181826549584876,0.0,0.0,0.01112315466467187
0.2222222222222222,-0.4090908161157236,0.0,0.11285568529645162,-0.11109155805154605,0.07692307692307705,-0.1666654166635417,0.0,0.0,-0.2589255453948674,0.0,-0.5,0.0,0.0,0.06622672188206595,0.07692307692307705,-0.4090908161157236,0.0,0.0,0.025119460177396406
0.2222222222222222,-0.3181826549584876,0.0,0.08723500736877897,-0.005424698829749289,0.07692307692307705,-0.1666654166635417,0.0,0.0,-0.3367326687327298,0.0,-0.5,0.0,0.0,0.08194977261756568,0.07692307692307705,-0.3181826549584876,0.0,0.0,0.0402363250538144
0.2222222222222222,-0.3181826549584876,0.0,0.09205305520915978,-0.005424698829749289,0.07692307692307705,-0.1666654166635417,0.0,0.0,-0.3367326687327298,0.0,-0.5,0.0,0.0,0.07077754630217728,0.07692307692307705,-0.3181826549584876,0.0,0.0,0.02949483229775736
0.2222222222222222,-0.4090908161157236,0.0,0.17180591769640624,-0.11109155805154605,0.07692307692307705,-0.1666654166635417,0.0,0.0,-0.2529655130299376,0.0,-0.5,0.0,0.0,0.05509260435456408,0.07692307692307705,-0.4090908161157236,0.0,0.04214346927458789,0.014414606964566432
0.2222222222222222,-0.3181826549584876,0.0,0.0256773608434417,0.010336767445685995,0.07692307692307705,-0.1666654166635417,0.0,0.0,-0.2584980840572187,0.0,-0.5,0.0,0.0,0.04550189273646505,0.07692307692307705,-0.3181826549584876,0.0,0.0,0.005193655252431211
0.2222222222222222,-0.4090908161157236,0.0,0.02165287382382932,-0.1075758329284574,0.07692307692307705,0.0,0.0,0.0,-0.13720287620414326,0.0,-0.5,0.0,0.0,0.03053149056172357,0.07692307692307705,-0.4090908161157236,0.0,0.0,-0.009199578645252853
0.1111111111111111,-0.4545448966943417,0.0,0.1364924611722025,-0.11388807063585271,0.07692307692307705,0.0,0.0,0.0,-0.14903744866647337,0.0,-0.5,0.0,0.0,0.030982444551713582,0.07692307692307705,-0.4545448966943417,0.0,0.010737510712305182,-0.008766010717066432
0.1111111111111111,-0.4545448966943417,0.0,0.17792767259947848,-0.11388807063585271,0.07692307692307705,-0.1666654166635417,0.0,0.0,-0.2529655130299376,0.0,-0.5,0.0,0.0,0.05509260435456408,0.07692307692307705,-0.4545448966943417,0.0,0.04758784090336242,0.014414606964566432
0.2222222222222222,-0.4090908161157236,0.0,0.16165967577372162,-0.11109155805154605,0.07692307692307705,-0.1666654166635417,0.0,0.0,-0.2015510739966108,0.0,-0.5,0.0,0.0,0.03915677955336503,0.07692307692307705,-0.4090908161157236,0.0,0.03311992740837817,-0.000906828694868912
0.1111111111111111,-0.5000010227270403,0.0,0.2219702981521369,-0.11388807063585271,0.07692307692307705,-0.1666654166635417,0.0,0.0,-0.338494420102896,0.0,-0.5,0.0,0.0,0.08236261781966916,0.07692307692307705,-0.5000010227270403,0.0,0.08675707012149016,0.040633253438773755
0.2222222222222222,-0.3181826549584876,0.0,0.09205305520915978,-0.005424698829749289,0.07692307692307705,-0.1666654166635417,0.0,0.0,-0.3367326687327298,0.0,-0.5,0.0,0.0,0.08194977261756568,0.07692307692307705,-0.3181826549584876,0.0,0.0,0.0402363250538144
0.1111111111111111,-0.4545448966943417,0.0,0.17792767259947848,-0.11388807063585271,0.07692307692307705,-0.1666654166635417,0.0,0.0,-0.2015510739966108,0.0,-0.5,0.0,0.0,0.04872208531287322,0.07692307692307705,-0.4545448966943417,0.0,0.04758784090336242,0.008289696655115104
0.1111111111111111,-0.4545448966943417,0.0,0.17792767259947848,-0.11388807063585271,0.07692307692307705,-0.1666654166635417,0.0,0.0,-0.2529655130299376,0.0,-0.5,0.0,0.0,0.06624260054368543,0.07692307692307705,-0.4545448966943417,0.0,0.04758784090336242,0.025134726653741103
0.1111111111111111,-0.4545448966943417,0.0,0.1364924611722025,-0.11388807063585271,0.07692307692307705,0.0,0.0,0.0,-0.14903744866647337,0.0,-0.5,0.0,0.0,0.051669164909428134,0.07692307692307705,-0.4545448966943417,0.0,0.010737510712305182,0.01112315466467187
0.2222222222222222,-0.4090908161157236,0.0,0.11285568529645162,-0.11109155805154605,0.07692307692307705,-0.1666654166635417,0.0,0.0,-0.20656153153290685,0.0,-0.5,0.0,0.0,0.05984667564340337,0.07692307692307705,-0.4090908161157236,0.0,0.0,0.018985389982138227
0.2222222222222222,-0.3181826549584876,0.0,0.09205305520915978,-0.005424698829749289,0.07692307692307705,-0.1666654166635417,0.0,0.0,-0.3367326687327298,0.0,-0.5,0.0,0.0,0.08194977261756568,0.07692307692307705,-0.3181826549584876,0.0,0.0,0.0402363250538144
0.2222222222222222,-0.4090908161157236,0.0,0.11285568529645162,-0.11109155805154605,0.07692307692307705,-0.1666654166635417,0.0,0.0,-0.2589255453948674,0.0,-0.5,0.0,0.0,0.055076725692944785,0.07692307692307705,-0.4090908161157236,0.0,0.0,0.014399340488221907
0.2222222222222222,-0.4090908161157236,0.0,0.14992631220949992,-0.11109155805154605,0.07692307692307705,-0.1666654166635417,0.0,0.0,-0.3428026197273408,0.0,-0.5,0.0,0.0,0.07075849190823402,0.07692307692307705,-0.4090908161157236,0.0,0.022684881786560418,0.02947651252614383
0.1111111111111111,-0.4545448966943417,0.0,0.17792767259947848,-0.11388807063585271,0.07692307692307705,-0.1666654166635417,0.0,0.0,-0.2529655130299376,0.0,-0.5,0.0,0.0,0.06624260054368543,0.07692307692307705,-0.4545448966943417,0.0,0.04758784090336242,0.025134726653741103
0.1111111111111111,-0.4545448966943417,0.0,0.17792767259947848,-0.11388807063585271,0.07692307692307705,-0.1666654166635417,0.0,0.0,-0.2529655130299376,0.0,-0.5,0.0,0.0,0.04551777139808435,0.07692307692307705,-0.4545448966943417,0.0,0.04758784090336242,0.005208921728775736
0.2222222222222222,-0.3181826549584876,0.0,0.08723500736877897,-0.005424698829749289,0.07692307692307705,-0.1666654166635417,0.0,0.0,-0.25281284826649164,0.0,-0.5,0.0,0.0,0.04551777139808435,0.07692307692307705,-0.3181826549584876,0.0,0.0,0.005208921728775736
0.2222222222222222,-0.4090908161157236,0.0,0.11285568529645162,-0.11109155805154605,0.07692307692307705,-0.1666654166635417,0.0,0.0,-0.20656153153290685,0.0,-0.5,0.0,0.0,0.039137725159421766,0.07692307692307705,-0.4090908161157236,0.0,0.0,-0.0009251484664824442
0.2222222222222222,-0.4090908161157236,0.0,0.17180591769640624,-0.11109155805154605,0.07692307692307705,-0.1666654166635417,0.0,0.0,-0.2529655130299376,0.0,-0.5,0.0,0.0,0.04551777139808435,0.07692307692307705,-0.4090908161157236,0.0,0.04214346927458789,0.005208921728775736
0.2222222222222222,-0.4090908161157236,0.0,0.11285568529645162,-0.11109155805154605,0.07692307692307705,-0.1666654166635417,0.0,0.0,-0.20656153153290685,0.0,-0.5,0.0,0.0,0.039137725159421766,0.07692307692307705,-0.4090908161157236,0.0,0.0,-0.0009251484664824442
0.2222222222222222,-0.4090908161157236,0.0,0.17792767259947848,-0.11109155805154605,0.07692307692307705,-0.1666654166635417,0.0,0.0,-0.3368883867914446,0.0,-0.5,0.0,0.0,0.08194977261756568,0.07692307692307705,-0.4090908161157236,0.0,0.04758784090336242,0.0402363250538144
0.1111111111111111,-0.4545448966943417,0.0,0.17792767259947848,-0.11388807063585271,0.07692307692307705,-0.1666654166635417,0.0,0.0,-0.2015510739966108,0.0,-0.5,0.0,0.0,0.05617870480932898,0.07692307692307705,-0.4545448966943417,0.0,0.04758784090336242,0.015458833946536752
0.1111111111111111,-0.4545448966943417,0.0,0.16165967577372162,-0.11388807063585271,0.07692307692307705,-0.1666654166635417,0.0,0.0,-0.2015510739966108,0.0,-0.5,0.0,0.0,0.03915677955336503,0.07692307692307705,-0.4545448966943417,0.0,0.03311992740837817,-0.000906828694868912
0.2222222222222222,-0.3181826549584876,0.0,0.08723500736877897,0.010336767445685995,0.07692307692307705,-0.1666654166635417,0.0,0.0,-0.342378211684961,0.0,-0.5,0.0,0.0,0.06116460455781103,0.07692307692307705,-0.3181826549584876,0.0,0.0,0.0202525075187396
0.2222222222222222,-0.3181826549584876,0.0,-0.005158145334996077,-0.005424698829749289,0.07692307692307705,0.0,0.0,0.0,-0.14852144176602597,0.0,-0.5,0.0,0.0,0.051669164909428134,0.07692307692307705,-0.3181826549584876,0.0,0.0,0.01112315466467187
0.1111111111111111,-0.4545448966943417,0.0,0.16165967577372162,-0.11388807063585271,0.07692307692307705,-0.1666654166635417,0.0,0.0,-0.2015510739966108,0.0,-0.5,0.0,0.0,0.059862554305022665,0.07692307692307705,-0.4545448966943417,0.0,0.03311992740837817,0.019000656458482753
0.1111111111111111,-0.4545448966943417,0.0,0.16137626119487578,-0.11388807063585271,0.07692307692307705,-0.1666654166635417,0.0,0.0,-0.3428026197273408,0.0,-0.5,0.0,0.0,0.07075849190823402,0.07692307692307705,-0.4545448966943417,0.0,0.03286787316630538,0.02947651252614383
0.2222222222222222,-0.3181826549584876,0.0,0.08723500736877897,-0.005424698829749289,0.07692307692307705,-0.1666654166635417,0.0,0.0,-0.3367326687327298,0.0,-0.5,0.0,0.0,0.06118048321943033,0.07692307692307705,-0.3181826549584876,0.0,0.0,0.020267773995084126
0.2222222222222222,-0.3181826549584876,0.0,0.08723500736877897,-0.005424698829749289,0.07692307692307705,-0.1666654166635417,0.0,0.0,-0.20112055936369322,0.0,-0.5,0.0,0.0,0.04872208531287322,0.07692307692307705,-0.3181826549584876,0.0,0.0,0.008289696655115104
0.1111111111111111,-0.4545448966943417,0.0,0.1364924611722025,-0.11388807063585271,0.07692307692307705,0.0,0.0,0.0,-0.14903744866647337,0.0,-0.5,0.0,0.0,0.030982444551713582,0.07692307692307705,-0.4545448966943417,0.0,0.010737510712305182,-0.008766010717066432
0.2222222222222222,-0.3181826549584876,0.0,0.08723500736877897,-0.005424698829749289,0.07692307692307705,-0.1666654166635417,0.0,0.0,-0.25281284826649164,0.0,-0.5,0.0,0.0,0.06624260054368543,0.07692307692307705,-0.3181826549584876,0.0,0.0,0.025134726653741103
0.2222222222222222,-0.4090908161157236,0.0,0.17792767259947848,-0.11109155805154605,0.07692307692307705,-0.1666654166635417,0.0,0.0,-0.3368883867914446,0.0,-0.5,0.0,0.0,0.07825639592490027,0.07692307692307705,-0.4090908161157236,0.0,0.04758784090336242,0.03668534265606155
0.1111111111111111,-0.4545448966943417,0.0,0.1364924611722025,-0.11388807063585271,0.07692307692307705,0.0,0.0,0.0,-0.14903744866647337,0.0,-0.5,0.0,0.0,0.030982444551713582,0.07692307692307705,-0.4545448966943417,0.0,0.010737510712305182,-0.008766010717066432
0.2222222222222222,-0.4090908161157236,0.0,0.11285568529645162,-0.11109155805154605,0.07692307692307705,-0.1666654166635417,0.0,0.0,-0.2589255453948674,0.0,-0.5,0.0,0.0,0.06622672188206595,0.07692307692307705,-0.4090908161157236,0.0,0.0,0.025119460177396406
0.2222222222222222,-0.4090908161157236,0.0,0.17792767259947848,-0.11109155805154605,0.07692307692307705,-0.1666654166635417,0.0,0.0,-0.3368883867914446,0.0,-0.5,0.0,0.0,0.07825639592490027,0.07692307692307705,-0.4090908161157236,0.0,0.04758784090336242,0.03668534265606155
0.2222222222222222,-0.3181826549584876,0.0,0.0256773608434417,-0.005424698829749289,0.07692307692307705,-0.1666654166635417,0.0,0.0,-0.20112055936369322,0.0,-0.5,0.0,0.0,0.04872208531287322,0.07692307692307705,-0.3181826549584876,0.0,0.0,0.008289696655115104
0.1111111111111111,-0.4545448966943417,0.0,0.11285568529645162,-0.11388807063585271,0.07692307692307705,-0.1666654166635417,0.0,0.0,-0.20656153153290685,0.0,-0.5,0.0,0.0,0.05984667564340337,0.07692307692307705,-0.4545448966943417,0.0,0.0,0.018985389982138227
0.2222222222222222,-0.3181826549584876,0.0,0.08723500736877897,-0.005424698829749289,0.07692307692307705,-0.1666654166635417,0.0,0.0,-0.25281284826649164,0.0,-0.5,0.0,0.0,0.05509260435456408,0.07692307692307705,-0.3181826549584876,0.0,0.0,0.014414606964566432
0.1111111111111111,-0.5000010227270403,0.0,0.17792767259947848,-0.11388807063585271,0.07692307692307705,-0.1666654166635417,0.0,0.0,-0.3443231607712624,0.0,-0.5,0.0,0.0,0.07117133711033768,0.07692307692307705,-0.5000010227270403,0.0,0.04758784090336242,0.029873440911103354
0.2222222222222222,-0.3181826549584876,0.0,-0.023976873370366157,0.010336767445685995,0.07692307692307705,-0.1666654166635417,0.0,0.0,-0.20613101689998928,0.0,-0.5,0.0,0.0,0.04870620665125375,0.07692307692307705,-0.3181826549584876,0.0,0.0,0.008274430178770407
0.1111111111111111,-0.4545448966943417,0.0,0.17792767259947848,-0.11388807063585271,0.07692307692307705,-0.1666654166635417,0.0,0.0,-0.2529655130299376,0.0,-0.5,0.0,0.0,0.06624260054368543,0.07692307692307705,-0.4545448966943417,0.0,0.04758784090336242,0.025134726653741103
0.1111111111111111,-0.5000010227270403,0.0,0.11512300192721901,-0.11388807063585271,0.07692307692307705,-0.1666654166635417,0.0,0.0,-0.2081461917774758,0.0,-0.5,0.0,0.0,0.060246817916211524,0.07692307692307705,-0.5000010227270403,0.0,0.0,0.019370105186022064
0.2222222222222222,-0.3181826549584876,0.0,0.0256773608434417,0.010336767445685995,0.07692307692307705,-0.1666654166635417,0.0,0.0,-0.2584980840572187,0.0,-0.5,0.0,0.0,0.055076725692944785,0.07692307692307705,-0.3181826549584876,0.0,0.0,0.014399340488221907
0.1111111111111111,-0.4545448966943417,0.0,0.17792767259947848,-0.11388807063585271,0.07692307692307705,-0.1666654166635417,0.0,0.0,-0.2529655130299376,0.0,-0.5,0.0,0.0,0.05509260435456408,0.07692307692307705,-0.4545448966943417,0.0,0.04758784090336242,0.014414606964566432
0.1111111111111111,-0.4545448966943417,0.0,0.1989570343498469,-0.11388807063585271,0.07692307692307705,-0.1666654166635417,0.0,0.0,-0.3368883867914446,0.0,-0.5,0.0,0.0,0.08194977261756568,0.07692307692307705,-0.4545448966943417,0.0,0.06629026566517116,0.0402363250538144
0.1111111111111111,-0.4545448966943417,0.0,0.17792767259947848,-0.11388807063585271,0.07692307692307705,-0.1666654166635417,0.0,0.0,-0.2529655130299376,0.0,-0.5,0.0,0.0,0.06624260054368543,0.07692307692307705,-0.4545448966943417,0.0,0.04758784090336242,0.025134726653741103
0.2222222222222222,-0.4090908161157236,0.0,0.17180591769640624,-0.11109155805154605,0.07692307692307705,-0.1666654166635417,0.0,0.0,-0.2529655130299376,0.0,-0.5,0.0,0.0,0.06254604811869623,0.07692307692307705,-0.4090908161157236,0.0,0.04214346927458789,0.021580690960719413
0.2222222222222222,-0.3181826549584876,0.0,0.08723500736877897,-0.005424698829749289,0.07692307692307705,-0.1666654166635417,0.0,0.0,-0.20112055936369322,0.0,-0.5,0.0,0.0,0.059862554305022665,0.07692307692307705,-0.3181826549584876,0.0,0.0,0.019000656458482753
0.2222222222222222,-0.4090908161157236,0.0,0.16165967577372162,-0.11109155805154605,0.07692307692307705,-0.1666654166635417,0.0,0.0,-0.2015510739966108,0.0,-0.5,0.0,0.0,0.04872208531287322,0.07692307692307705,-0.4090908161157236,0.0,0.03311992740837817,0.008289696655115104
0.2222222222222222,-0.4090908161157236,0.0,0.17792767259947848,-0.11109155805154605,0.07692307692307705,-0.1666654166635417,0.0,0.0,-0.3368883867914446,0.0,-0.5,0.0,0.0,0.07077754630217728,0.07692307692307705,-0.4090908161157236,0.0,0.04758784090336242,0.02949483229775736
0.1111111111111111,-0.4545448966943417,0.0,0.17792767259947848,-0.11388807063585271,0.07692307692307705,-0.1666654166635417,0.0,0.0,-0.2015510739966108,0.0,-0.5,0.0,0.0,0.03915677955336503,0.07692307692307705,-0.4545448966943417,0.0,0.04758784090336242,-0.000906828694868912
0.1111111111111111,-0.4545448966943417,0.0,0.17792767259947848,-0.11388807063585271,0.07692307692307705,-0.1666654166635417,0.0,0.0,-0.2015510739966108,0.0,-0.5,0.0,0.0,0.059862554305022665,0.07692307692307705,-0.4545448966943417,0.0,0.04758784090336242,0.019000656458482753
0.2222222222222222,-0.4090908161157236,0.0,0.17792767259947848,-0.11109155805154605,0.07692307692307705,-0.1666654166635417,0.0,0.0,-0.2529655130299376,0.0,-0.5,0.0,0.0,0.05509260435456408,0.07692307692307705,-0.4090908161157236,0.0,0.04758784090336242,0.014414606964566432
0.2222222222222222,-0.4090908161157236,0.0,0.17180591769640624,-0.11109155805154605,0.07692307692307705,-0.1666654166635417,0.0,0.0,-0.2529655130299376,0.0,-0.5,0.0,0.0,0.04551777139808435,0.07692307692307705,-0.4090908161157236,0.0,0.04214346927458789,0.005208921728775736
0.2222222222222222,-0.4090908161157236,0.0,0.16137626119487578,-0.11109155805154605,0.07692307692307705,-0.1666654166635417,0.0,0.0,-0.2015510739966108,0.0,-0.5,0.0,0.0,0.04872208531287322,0.07692307692307705,-0.4090908161157236,0.0,0.03286787316630538,0.008289696655115104
0.2222222222222222,-0.4090908161157236,0.0,0.16165967577372162,-0.11109155805154605,0.07692307692307705,-0.1666654166635417,0.0,0.0,-0.2015510739966108,0.0,-0.5,0.0,0.0,0.059862554305022665,0.07692307692307705,-0.4090908161157236,0.0,0.03311992740837817,0.019000656458482753
0.1111111111111111,-0.5000010227270403,0.0,0.054755696633034694,-0.11388807063585271,0.07692307692307705,0.0,0.0,0.0,-0.1388211226966704,0.0,-0.5,0.0,0.0,0.051615177459922314,0.07692307692307705,-0.5000010227270403,0.0,0.0,0.01107124864510028
0.1111111111111111,-0.4545448966943417,0.0,0.054755696633034694,-0.11388807063585271,0.07692307692307705,0.0,0.0,0.0,-0.13720287620414326,0.0,-0.5,0.0,0.0,0.04009044485658401,0.07692307692307705,-0.4545448966943417,0.0,0.0,-9.159885806681357e-06
0.2222222222222222,-0.4090908161157236,0.0,0.17180591769640624,-0.11109155805154605,0.07692307692307705,-0.1666654166635417,0.0,0.0,-0.2529655130299376,0.0,-0.5,0.0,0.0,0.06624260054368543,0.07692307692307705,-0.4090908161157236,0.0,0.04214346927458789,0.025134726653741103
0.2222222222222222,-0.4090908161157236,0.0,0.17180591769640624,-0.11109155805154605,0.07692307692307705,-0.1666654166635417,0.0,0.0,-0.2529655130299376,0.0,-0.5,0.0,0.0,0.05509260435456408,0.07692307692307705,-0.4090908161157236,0.0,0.04214346927458789,0.014414606964566432
0.1111111111111111,-0.4545448966943417,0.0,0.11285568529645162,-0.11388807063585271,0.07692307692307705,-0.1666654166635417,0.0,0.0,-0.20656153153290685,0.0,-0.5,0.0,0.0,0.04870620665125375,0.07692307692307705,-0.4545448966943417,0.0,0.0,0.008274430178770407
0.1111111111111111,-0.4545448966943417,0.0,0.17792767259947848,-0.11388807063585271,0.07692307692307705,-0.1666654166635417,0.0,0.0,-0.2529655130299376,0.0,-0.5,0.0,0.0,0.04551777139808435,0.07692307692307705,-0.4545448966943417,0.0,0.04758784090336242,0.005208921728775736
0.1111111111111111,-0.4545448966943417,0.0,0.1989570343498469,-0.11388807063585271,0.07692307692307705,-0.1666654166635417,0.0,0.0,-0.3368883867914446,0.0,-0.5,0.0,0.0,0.08194977261756568,0.07692307692307705,-0.4545448966943417,0.0,0.06629026566517116,0.0402363250538144
0.1111111111111111,-0.4545448966943417,0.0,0.11512300192721901,-0.11388807063585271,0.07692307692307705,-0.1666654166635417,0.0,0.0,-0.2589255453948674,0.0,-0.5,0.0,0.0,0.055076725692944785,0.07692307692307705,-0.4545448966943417,0.0,0.0,0.014399340488221907
0.1111111111111111,-0.4545448966943417,0.0,0.16165967577372162,-0.11388807063585271,0.07692307692307705,-0.1666654166635417,0.0,0.0,-0.2015510739966108,0.0,-0.5,0.0,0.0,0.03915677955336503,0.07692307692307705,-0.4545448966943417,0.0,0.03311992740837817,-0.000906828694868912
0.2222222222222222,-0.3181826549584876,0.0,0.0256773608434417,0.010336767445685995,0.07692307692307705,-0.1666654166635417,0.0,0.0,-0.2584980840572187,0.0,-0.5,0.0,0.0,0.06622672188206595,0.07692307692307705,-0.3181826549584876,0.0,0.0,0.025119460177396406
0.1111111111111111,-0.4545448966943417,0.0,0.1038431016891509,-0.11388807063585271,0.07692307692307705,0.0,0.0,0.0,-0.14903744866647337,0.0,-0.5,0.0,0.0,0.051669164909428134,0.07692307692307705,-0.4545448966943417,0.0,0.0,0.01112315466467187
0.1111111111111111,-0.4545448966943417,0.0,0.16137626119487578,-0.11388807063585271,0.07692307692307705,-0.1666654166635417,0.0,0.0,-0.3428026197273408,0.0,-0.5,0.0,0.0,0.06116460455781103,0.07692307692307705,-0.4545448966943417,0.0,0.03286787316630538,0.0202525075187396
0.2222222222222222,-0.4090908161157236,0.0,0.11285568529645162,-0.11109155805154605,0.07692307692307705,-0.1666654166635417,0.0,0.0,-0.20656153153290685,0.0,-0.5,0.0,0.0,0.05984667564340337,0.07692307692307705,-0.4090908161157236,0.0,0.0,0.018985389982138227
0.1111111111111111,-0.4545448966943417,0.0,0.17792767259947848,-0.11388807063585271,0.07692307692307705,-0.1666654166635417,0.0,0.0,-0.2015510739966108,0.0,-0.5,0.0,0.0,0.04872208531287322,0.07692307692307705,-0.4545448966943417,0.0,0.04758784090336242,0.008289696655115104
0.1111111111111111,-0.4545448966943417,0.0,0.1989570343498469,-0.11388807063585271,0.07692307692307705,-0.1666654166635417,0.0,0.0,-0.3368883867914446,0.0,-0.5,0.0,0.0,0.08194977261756568,0.07692307692307705,-0.4545448966943417,0.0,0.06629026566517116,0.0402363250538144
0.2222222222222222,-0.4090908161157236,0.0,0.0912028114726221,-0.1075758329284574,0.07692307692307705,0.0,0.0,0.0,-0.14903744866647337,0.0,-0.5,0.0,0.0,0.051669164909428134,0.07692307692307705,-0.4090908161157236,0.0,0.0,0.01112315466467187
0.2222222222222222,-0.4090908161157236,0.0,0.11285568529645162,-0.11109155805154605,0.07692307692307705,-0.1666654166635417,0.0,0.0,-0.2589255453948674,0.0,-0.5,0.0,0.0,0.06622672188206595,0.07692307692307705,-0.4090908161157236,0.0,0.0,0.025119460177396406
0.2222222222222222,-0.4090908161157236,0.0,0.14992631220949992,-0.11109155805154605,0.07692307692307705,-0.1666654166635417,0.0,0.0,-0.3428026197273408,0.0,-0.5,0.0,0.0,0.07075849190823402,0.07692307692307705,-0.4090908161157236,0.0,0.022684881786560418,0.02947651252614383
0.2222222222222222,-0.4090908161157236,0.0,0.17792767259947848,-0.11109155805154605,0.07692307692307705,-0.1666654166635417,0.0,0.0,-0.3368883867914446,0.0,-0.5,0.0,0.0,0.06118048321943033,0.07692307692307705,-0.4090908161157236,0.0,0.04758784090336242,0.020267773995084126
0.1111111111111111,-0.4545448966943417,0.0,0.11512300192721901,-0.11388807063585271,0.07692307692307705,-0.1666654166635417,0.0,0.0,-0.2589255453948674,0.0,-0.5,0.0,0.0,0.06622672188206595,0.07692307692307705,-0.4545448966943417,0.0,0.0,0.025119460177396406
0.2222222222222222,-0.4090908161157236,0.0,0.17180591769640624,-0.11109155805154605,0.07692307692307705,-0.1666654166635417,0.0,0.0,-0.2529655130299376,0.0,-0.5,0.0,0.0,0.05509260435456408,0.07692307692307705,-0.4090908161157236,0.0,0.04214346927458789,0.014414606964566432
0.1111111111111111,-0.5000010227270403,0.0,0.17180591769640624,-0.11388807063585271,0.07692307692307705,-0.1666654166635417,0.0,0.0,-0.260485779277285,0.0,-0.5,0.0,0.0,0.0666300398871979,0.07692307692307705,-0.5000010227270403,0.0,0.04214346927458789,0.02550722867654908
0.1111111111111111,-0.4545448966943417,0.0,0.16137626119487578,-0.11388807063585271,0.07692307692307705,-0.1666654166635417,0.0,0.0,-0.3428026197273408,0.0,-0.5,0.0,0.0,0.07823734153095702,0.07692307692307705,-0.4545448966943417,0.0,0.03286787316630538,0.036667022884448015
0.1111111111111111,-0.5000010227270403,0.0,0.17180591769640624,-0.11388807063585271,0.07692307692307705,-0.1666654166635417,0.0,0.0,-0.260485779277285,0.0,-0.5,0.0,0.0,0.05548004369807673,0.07692307692307705,-0.5000010227270403,0.0,0.04214346927458789,0.014787108987374582
0.2222222222222222,-0.3181826549584876,0.0,0.08723500736877897,-0.005424698829749289,0.07692307692307705,-0.1666654166635417,0.0,0.0,-0.25281284826649164,0.0,-0.5,0.0,0.0,0.05509260435456408,0.07692307692307705,-0.3181826549584876,0.0,0.0,0.014414606964566432
0.2222222222222222,-0.3181826549584876,0.0,-0.023976873370366157,0.010336767445685995,0.07692307692307705,-0.1666654166635417,0.0,0.0,-0.20613101689998928,0.0,-0.5,0.0,0.0,0.04870620665125375,0.07692307692307705,-0.3181826549584876,0.0,0.0,0.008274430178770407
0.2222222222222222,-0.4090908161157236,0.0,0.17792767259947848,-0.11109155805154605,0.07692307692307705,-0.1666654166635417,0.0,0.0,-0.3368883867914446,0.0,-0.5,0.0,0.0,0.07077754630217728,0.07692307692307705,-0.4090908161157236,0.0,0.04758784090336242,0.02949483229775736
0.1111111111111111,-0.4545448966943417,0.0,0.11512300192721901,-0.11388807063585271,0.07692307692307705,-0.1666654166635417,0.0,0.0,-0.2589255453948674,0.0,-0.5,0.0,0.0,0.04550189273646505,0.07692307692307705,-0.4545448966943417,0.0,0.0,0.005193655252431211
0.1111111111111111,-0.4545448966943417,0.0,0.1989570343498469,-0.11388807063585271,0.07692307692307705,-0.1666654166635417,0.0,0.0,-0.3368883867914446,0.0,-0.5,0.0,0.0,0.08194977261756568,0.07692307692307705,-0.4545448966943417,0.0,0.06629026566517116,0.0402363250538144
0.1111111111111111,-0.4545448966943417,0.0,0.11285568529645162,-0.11388807063585271,0.07692307692307705,-0.1666654166635417,0.0,0.0,-0.20656153153290685,0.0,-0.5,0.0,0.0,0.05984667564340337,0.07692307692307705,-0.4545448966943417,0.0,0.0,0.018985389982138227
0.2222222222222222,-0.4090908161157236,0.0,0.17792767259947848,-0.11109155805154605,0.07692307692307705,-0.1666654166635417,0.0,0.0,-0.2529655130299376,0.0,-0.5,0.0,0.0,0.05509260435456408,0.07692307692307705,-0.4090908161157236,0.0,0.04758784090336242,0.014414606964566432
0.1111111111111111,-0.4545448966943417,0.0,0.1989570343498469,-0.11388807063585271,0.07692307692307705,-0.1666654166635417,0.0,0.0,-0.3368883867914446,0.0,-0.5,0.0,0.0,0.07077754630217728,0.07692307692307705,-0.4545448966943417,0.0,0.06629026566517116,0.02949483229775736
0.1111111111111111,-0.5000010227270403,0.0,0.11512300192721901,-0.11388807063585271,0.07692307692307705,-0.1666654166635417,0.0,0.0,-0.2081461917774758,0.0,-0.5,0.0,0.0,0.049106348924061904,0.07692307692307705,-0.5000010227270403,0.0,0.0,0.008659145382654245
0.2222222222222222,-0.4090908161157236,0.0,0.17792767259947848,-0.11109155805154605,0.07692307692307705,-0.1666654166635417,0.0,0.0,-0.3368883867914446,0.0,-0.5,0.0,0.0,0.08194977261756568,0.07692307692307705,-0.4090908161157236,0.0,0.04758784090336242,0.0402363250538144
0.2222222222222222,-0.4090908161157236,0.0,0.17792767259947848,-0.11109155805154605,0.07692307692307705,-0.1666654166635417,0.0,0.0,-0.2529655130299376,0.0,-0.5,0.0,0.0,0.06254604811869623,0.07692307692307705,-0.4090908161157236,0.0,0.04758784090336242,0.021580690960719413
0.1111111111111111,-0.5000010227270403,0.0,0.17180591769640624,-0.11388807063585271,0.07692307692307705,-0.1666654166635417,0.0,0.0,-0.20313878753644873,0.0,-0.5,0.0,0.0,0.06026269657783082,0.07692307692307705,-0.5000010227270403,0.0,0.04214346927458789,0.01938537166236659
0.2222222222222222,-0.3181826549584876,0.0,0.08723500736877897,0.01960619287903071,0.1538461538461541,-0.1666654166635417,0.0,0.0,-0.34271407416454214,0.0,-0.5,0.0,0.0,0.07193986433271506,0.1538461538461541,-0.3181826549584876,0.0,0.0,0.03061233836618164
0.2222222222222222,-0.4090908161157236,0.0,0.17792767259947848,-0.11109155805154605,0.07692307692307705,-0.1666654166635417,0.0,0.0,-0.2529655130299376,0.0,-0.5,0.0,0.0,0.06624260054368543,0.07692307692307705,-0.4090908161157236,0.0,0.04758784090336242,0.025134726653741103
0.1111111111111111,-0.4545448966943417,0.0,0.1038431016891509,-0.11388807063585271,0.07692307692307705,0.0,0.0,0.0,-0.14903744866647337,0.0,-0.5,0.0,0.0,0.051669164909428134,0.07692307692307705,-0.4545448966943417,0.0,0.0,0.01112315466467187
0.1111111111111111,-0.4545448966943417,0.0,0.11285568529645162,-0.11388807063585271,0.07692307692307705,-0.1666654166635417,0.0,0.0,-0.20656153153290685,0.0,-0.5,0.0,0.0,0.04870620665125375,0.07692307692307705,-0.4545448966943417,0.0,0.0,0.008274430178770407
0.2222222222222222,-0.3181826549584876,0.0,0.0256773608434417,0.010336767445685995,0.07692307692307705,-0.1666654166635417,0.0,0.0,-0.2584980840572187,0.0,-0.5,0.0,0.0,0.06622672188206595,0.07692307692307705,-0.3181826549584876,0.0,0.0,0.025119460177396406
0.1111111111111111,-0.4545448966943417,0.0,0.16137626119487578,-0.11388807063585271,0.07692307692307705,-0.1666654166635417,0.0,0.0,-0.3428026197273408,0.0,-0.5,0.0,0.0,0.07823734153095702,0.07692307692307705,-0.4545448966943417,0.0,0.03286787316630538,0.036667022884448015
0.1111111111111111,-0.5000010227270403,0.0,0.17792767259947848,-0.11388807063585271,0.07692307692307705,-0.1666654166635417,0.0,0.0,-0.3443231607712624,0.0,-0.5,0.0,0.0,0.06157744975991469,0.07692307692307705,-0.5000010227270403,0.0,0.04758784090336242,0.020649435903699127
0.2222222222222222,-0.3181826549584876,0.0,0.08723500736877897,-0.005424698829749289,0.07692307692307705,-0.1666654166635417,0.0,0.0,-0.20112055936369322,0.0,-0.5,0.0,0.0,0.04872208531287322,0.07692307692307705,-0.3181826549584876,0.0,0.0,0.008289696655115104
0.1111111111111111,-0.4545448966943417,0.0,0.16137626119487578,-0.11388807063585271,0.07692307692307705,-0.1666654166635417,0.0,0.0,-0.3428026197273408,0.0,-0.5,0.0,0.0,0.07075849190823402,0.07692307692307705,-0.4545448966943417,0.0,0.03286787316630538,0.02947651252614383
0.2222222222222222,-0.4090908161157236,0.0,0.02165287382382932,-0.1075758329284574,0.07692307692307705,0.0,0.0,0.0,-0.13720287620414326,0.0,-0.5,0.0,0.0,0.04743908945402812,0.07692307692307705,-0.4090908161157236,0.0,0.0,0.0070561653664717875
0.2222222222222222,-0.4090908161157236,0.0,0.16137626119487578,-0.11109155805154605,0.07692307692307705,-0.1666654166635417,0.0,0.0,-0.2015510739966108,0.0,-0.5,0.0,0.0,0.059862554305022665,0.07692307692307705,-0.4090908161157236,0.0,0.03286787316630538,0.019000656458482753
0.1111111111111111,-0.4545448966943417,0.0,0.1038431016891509,-0.11388807063585271,0.07692307692307705,0.0,0.0,0.0,-0.14903744866647337,0.0,-0.5,0.0,0.0,0.051669164909428134,0.07692307692307705,-0.4545448966943417,0.0,0.0,0.01112315466467187
0.2222222222222222,-0.4090908161157236,0.0,0.16137626119487578,-0.11109155805154605,0.07692307692307705,-0.1666654166635417,0.0,0.0,-0.2015510739966108,0.0,-0.5,0.0,0.0,0.03915677955336503,0.07692307692307705,-0.4090908161157236,0.0,0.03286787316630538,-0.000906828694868912
0.2222222222222222,-0.4090908161157236,0.0,0.11285568529645162,-0.11109155805154605,0.07692307692307705,-0.1666654166635417,0.0,0.0,-0.2589255453948674,0.0,-0.5,0.0,0.0,0.055076725692944785,0.07692307692307705,-0.4090908161157236,0.0,0.0,0.014399340488221907
0.1111111111111111,-0.5000010227270403,0.0,0.17792767259947848,-0.11388807063585271,0.07692307692307705,-0.1666654166635417,0.0,0.0,-0.25461429247515377,0.0,-0.5,0.0,0.0,0.04592108940321629,0.07692307692307705,-0.5000010227270403,0.0,0.04758784090336242,0.005596690227928411
0.2222222222222222,-0.3181826549584876,0.0,-0.005158145334996077,-0.005424698829749289,0.07692307692307705,0.0,0.0,0.0,-0.14852144176602597,0.0,-0.5,0.0,0.0,0.051669164909428134,0.07692307692307705,-0.3181826549584876,0.0,0.0,0.01112315466467187
0.2222222222222222,-0.3181826549584876,0.0,0.0256773608434417,-0.005424698829749289,0.07692307692307705,-0.1666654166635417,0.0,0.0,-0.20112055936369322,0.0,-0.5,0.0,0.0,0.03915677955336503,0.07692307692307705,-0.3181826549584876,0.0,0.0,-0.000906828694868912
0.2222222222222222,-0.4090908161157236,0.0,0.11285568529645162,-0.11109155805154605,0.07692307692307705,-0.1666654166635417,0.0,0.0,-0.20656153153290685,0.0,-0.5,0.0,0.0,0.05984667564340337,0.07692307692307705,-0.4090908161157236,0.0,0.0,0.018985389982138227
0.2222222222222222,-0.3181826549584876,0.0,0.0256773608434417,-0.005424698829749289,0.07692307692307705,-0.1666654166635417,0.0,0.0,-0.20112055936369322,0.0,-0.5,0.0,0.0,0.059862554305022665,0.07692307692307705,-0.3181826549584876,0.0,0.0,0.019000656458482753
0.2222222222222222,-0.4090908161157236,0.0,0.11285568529645162,-0.11109155805154605,0.07692307692307705,-0.1666654166635417,0.0,0.0,-0.2589255453948674,0.0,-0.5,0.0,0.0,0.04550189273646505,0.07692307692307705,-0.4090908161157236,0.0,0.0,0.005193655252431211
0.2222222222222222,-0.4090908161157236,0.0,0.14992631220949992,-0.11109155805154605,0.07692307692307705,-0.1666654166635417,0.0,0.0,-0.3428026197273408,0.0,-0.5,0.0,0.0,0.07075849190823402,0.07692307692307705,-0.4090908161157236,0.0,0.022684881786560418,0.02947651252614383
0.2222222222222222,-0.4090908161157236,0.0,0.0912028114726221,-0.1075758329284574,0.07692307692307705,0.0,0.0,0.0,-0.14903744866647337,0.0,-0.5,0.0,0.0,0.04054139884657402,0.07692307692307705,-0.4090908161157236,0.0,0.0,0.0004244080423797391
0.1111111111111111,-0.4545448966943417,0.0,0.17792767259947848,-0.11388807063585271,0.07692307692307705,-0.1666654166635417,0.0,0.0,-0.2015510739966108,0.0,-0.5,0.0,0.0,0.03915677955336503,0.07692307692307705,-0.4545448966943417,0.0,0.04758784090336242,-0.000906828694868912
0.2222222222222222,-0.3181826549584876,0.0,0.0256773608434417,0.010336767445685995,0.07692307692307705,-0.1666654166635417,0.0,0.0,-0.2584980840572187,0.0,-0.5,0.0,0.0,0.055076725692944785,0.07692307692307705,-0.3181826549584876,0.0,0.0,0.014399340488221907
0.1111111111111111,-0.5000010227270403,0.0,0.2219702981521369,-0.11388807063585271,0.07692307692307705,-0.1666654166635417,0.0,0.0,-0.338494420102896,0.0,-0.5,0.0,0.0,0.07118721577195698,0.07692307692307705,-0.5000010227270403,0.0,0.08675707012149016,0.02988870738744788
0.2222222222222222,-0.3181826549584876,0.0,0.08723500736877897,-0.005424698829749289,0.07692307692307705,-0.1666654166635417,0.0,0.0,-0.20112055936369322,0.0,-0.5,0.0,0.0,0.04872208531287322,0.07692307692307705,-0.3181826549584876,0.0,0.0,0.008289696655115104
0.2222222222222222,-0.4090908161157236,0.0,0.14992631220949992,-0.11109155805154605,0.07692307692307705,-0.1666654166635417,0.0,0.0,-0.3428026197273408,0.0,-0.5,0.0,0.0,0.08193071822362243,0.07692307692307705,-0.4090908161157236,0.0,0.022684881786560418,0.04021800528220087
0.1111111111111111,-0.5000010227270403,0.0,0.054755696633034694,-0.11388807063585271,0.07692307692307705,0.0,0.0,0.0,-0.1388211226966704,0.0,-0.5,0.0,0.0,0.051615177459922314,0.07692307692307705,-0.5000010227270403,0.0,0.0,0.01107124864510028
0.2222222222222222,-0.3181826549584876,0.0,0.08723500736877897,-0.005424698829749289,0.07692307692307705,-0.1666654166635417,0.0,0.0,-0.20112055936369322,0.0,-0.5,0.0,0.0,0.03915677955336503,0.07692307692307705,-0.3181826549584876,0.0,0.0,-0.000906828694868912
0.1111111111111111,-0.4545448966943417,0.0,0.16165967577372162,-0.11388807063585271,0.07692307692307705,-0.1666654166635417,0.0,0.0,-0.2015510739966108,0.0,-0.5,0.0,0.0,0.03915677955336503,0.07692307692307705,-0.4545448966943417,0.0,0.03311992740837817,-0.000906828694868912
0.1111111111111111,-0.5000010227270403,0.0,0.17180591769640624,-0.11388807063585271,0.07692307692307705,-0.1666654166635417,0.0,0.0,-0.20313878753644873,0.0,-0.5,0.0,0.0,0.06026269657783082,0.07692307692307705,-0.5000010227270403,0.0,0.04214346927458789,0.01938537166236659
0.2222222222222222,-0.4090908161157236,0.0,0.17180591769640624,-0.11109155805154605,0.07692307692307705,-0.1666654166635417,0.0,0.0,-0.2529655130299376,0.0,-0.5,0.0,0.0,0.05509260435456408,0.07692307692307705,-0.4090908161157236,0.0,0.04214346927458789,0.014414606964566432
0.1111111111111111,-0.4545448966943417,0.0,0.16137626119487578,-0.11388807063585271,0.07692307692307705,-0.1666654166635417,0.0,0.0,-0.3428026197273408,0.0,-0.5,0.0,0.0,0.07075849190823402,0.07692307692307705,-0.4545448966943417,0.0,0.03286787316630538,0.02947651252614383
0.2222222222222222,-0.3181826549584876,0.0,0.0256773608434417,0.010336767445685995,0.07692307692307705,-0.1666654166635417,0.0,0.0,-0.2584980840572187,0.0,-0.5,0.0,0.0,0.055076725692944785,0.07692307692307705,-0.3181826549584876,0.0,0.0,0.014399340488221907
0.2222222222222222,-0.3181826549584876,0.0,0.0256773608434417,0.010336767445685995,0.07692307692307705,-0.1666654166635417,0.0,0.0,-0.2584980840572187,0.0,-0.5,0.0,0.0,0.055076725692944785,0.07692307692307705,-0.3181826549584876,0.0,0.0,0.014399340488221907
0.1111111111111111,-0.4545448966943417,0.0,0.17792767259947848,-0.11388807063585271,0.07692307692307705,-0.1666654166635417,0.0,0.0,-0.2529655130299376,0.0,-0.5,0.0,0.0,0.06624260054368543,0.07692307692307705,-0.4545448966943417,0.0,0.04758784090336242,0.025134726653741103
0.2222222222222222,-0.4090908161157236,0.0,0.17792767259947848,-0.11109155805154605,0.07692307692307705,-0.1666654166635417,0.0,0.0,-0.3368883867914446,0.0,-0.5,0.0,0.0,0.06118048321943033,0.07692307692307705,-0.4090908161157236,0.0,0.04758784090336242,0.020267773995084126
0.1111111111111111,-0.4545448966943417,0.0,0.16165967577372162,-0.11388807063585271,0.07692307692307705,-0.1666654166635417,0.0,0.0,-0.2015510739966108,0.0,-0.5,0.0,0.0,0.03915677955336503,0.07692307692307705,-0.4545448966943417,0.0,0.03311992740837817,-0.000906828694868912
0.1111111111111111,-0.4545448966943417,0.0,0.17792767259947848,-0.11388807063585271,0.07692307692307705,-0.1666654166635417,0.0,0.0,-0.2529655130299376,0.0,-0.5,0.0,0.0,0.06624260054368543,0.07692307692307705,-0.4545448966943417,0.0,0.04758784090336242,0.025134726653741103
0.1111111111111111,-0.5000010227270403,0.0,0.17792767259947848,-0.11388807063585271,0.07692307692307705,-0.1666654166635417,0.0,0.0,-0.25461429247515377,0.0,-0.5,0.0,0.0,0.055495922359696206,0.07692307692307705,-0.5000010227270403,0.0,0.04758784090336242,0.014802375463719276
0.2222222222222222,-0.3181826549584876,0.0,-0.024203605033442935,0.010336767445685995,0.07692307692307705,0.0,0.0,0.0,-0.13677236157122566,0.0,-0.5,0.0,0.0,0.05121821091943794,0.07692307692307705,-0.3181826549584876,0.0,0.0,0.01068958673648528
0.1111111111111111,-0.4545448966943417,0.0,0.16165967577372162,-0.11388807063585271,0.07692307692307705,-0.1666654166635417,0.0,0.0,-0.2015510739966108,0.0,-0.5,0.0,0.0,0.03915677955336503,0.07692307692307705,-0.4545448966943417,0.0,0.03311992740837817,-0.000906828694868912
0.2222222222222222,-0.4090908161157236,0.0,0.16165967577372162,-0.11109155805154605,0.07692307692307705,-0.1666654166635417,0.0,0.0,-0.2015510739966108,0.0,-0.5,0.0,0.0,0.04872208531287322,0.07692307692307705,-0.4090908161157236,0.0,0.03311992740837817,0.008289696655115104
0.1111111111111111,-0.5000010227270403,0.0,0.2219702981521369,-0.11388807063585271,0.07692307692307705,-0.1666654166635417,0.0,0.0,-0.338494420102896,0.0,-0.5,0.0,0.0,0.08236261781966916,0.07692307692307705,-0.5000010227270403,0.0,0.08675707012149016,0.040633253438773755
0.1111111111111111,-0.5000010227270403,0.0,0.2219702981521369,-0.11388807063585271,0.07692307692307705,-0.1666654166635417,0.0,0.0,-0.338494420102896,0.0,-0.5,0.0,0.0,0.07118721577195698,0.07692307692307705,-0.5000010227270403,0.0,0.08675707012149016,0.02988870738744788
0.1111111111111111,-0.4545448966943417,0.0,0.17792767259947848,-0.11388807063585271,0.07692307692307705,-0.1666654166635417,0.0,0.0,-0.2015510739966108,0.0,-0.5,0.0,0.0,0.059862554305022665,0.07692307692307705,-0.4545448966943417,0.0,0.04758784090336242,0.019000656458482753
0.1111111111111111,-0.4545448966943417,0.0,0.17792767259947848,-0.11388807063585271,0.07692307692307705,-0.1666654166635417,0.0,0.0,-0.2529655130299376,0.0,-0.5,0.0,0.0,0.06624260054368543,0.07692307692307705,-0.4545448966943417,0.0,0.04758784090336242,0.025134726653741103
0.1111111111111111,-0.5000010227270403,0.0,0.18637342704908735,-0.11388807063585271,0.07692307692307705,-0.1666654166635417,0.0,0.0,-0.25461429247515377,0.0,-0.5,0.0,0.0,0.055495922359696206,0.07692307692307705,-0.5000010227270403,0.0,0.05509905731713466,0.014802375463719276
0.2222222222222222,-0.3181826549584876,0.0,-0.005158145334996077,-0.005424698829749289,0.07692307692307705,0.0,0.0,0.0,-0.14852144176602597,0.0,-0.5,0.0,0.0,0.030982444551713582,0.07692307692307705,-0.3181826549584876,0.0,0.0,-0.008766010717066432
0.2222222222222222,-0.3181826549584876,0.0,0.09205305520915978,-0.005424698829749289,0.07692307692307705,-0.1666654166635417,0.0,0.0,-0.3367326687327298,0.0,-0.5,0.0,0.0,0.06118048321943033,0.07692307692307705,-0.3181826549584876,0.0,0.0,0.020267773995084126
0.2222222222222222,-0.4090908161157236,0.0,0.11285568529645162,-0.11109155805154605,0.07692307692307705,-0.1666654166635417,0.0,0.0,-0.20656153153290685,0.0,-0.5,0.0,0.0,0.05984667564340337,0.07692307692307705,-0.4090908161157236,0.0,0.0,0.018985389982138227
0.1111111111111111,-0.4545448966943417,0.0,0.1038431016891509,-0.11388807063585271,0.07692307692307705,0.0,0.0,0.0,-0.14903744866647337,0.0,-0.5,0.0,0.0,0.051669164909428134,0.07692307692307705,-0.4545448966943417,0.0,0.0,0.01112315466467187
0.1111111111111111,-0.5000010227270403,0.0,0.17792767259947848,-0.11388807063585271,0.07692307692307705,-0.1666654166635417,0.0,0.0,-0.25461429247515377,0.0,-0.5,0.0,0.0,0.04592108940321629,0.07692307692307705,-0.5000010227270403,0.0,0.04758784090336242,0.005596690227928411
0.2222222222222222,-0.4090908161157236,0.0,0.11285568529645162,-0.11109155805154605,0.07692307692307705,-0.1666654166635417,0.0,0.0,-0.20656153153290685,0.0,-0.5,0.0,0.0,0.05984667564340337,0.07692307692307705,-0.4090908161157236,0.0,0.0,0.018985389982138227
0.1111111111111111,-0.4545448966943417,0.0,0.17792767259947848,-0.11388807063585271,0.07692307692307705,-0.1666654166635417,0.0,0.0,-0.2015510739966108,0.0,-0.5,0.0,0.0,0.03915677955336503,0.07692307692307705,-0.4545448966943417,0.0,0.04758784090336242,-0.000906828694868912
0.2222222222222222,-0.3181826549584876,0.0,-0.023976873370366157,0.010336767445685995,0.07692307692307705,-0.1666654166635417,0.0,0.0,-0.20613101689998928,0.0,-0.5,0.0,0.0,0.039137725159421766,0.07692307692307705,-0.3181826549584876,0.0,0.0,-0.0009251484664824442
0.2222222222222222,-0.4090908161157236,0.0,0.16165967577372162,-0.11109155805154605,0.07692307692307705,-0.1666654166635417,0.0,0.0,-0.2015510739966108,0.0,-0.5,0.0,0.0,0.04872208531287322,0.07692307692307705,-0.4090908161157236,0.0,0.03311992740837817,0.008289696655115104
0.2222222222222222,-0.3181826549584876,0.0,0.08723500736877897,-0.005424698829749289,0.07692307692307705,-0.1666654166635417,0.0,0.0,-0.20112055936369322,0.0,-0.5,0.0,0.0,0.03915677955336503,0.07692307692307705,-0.3181826549584876,0.0,0.0,-0.000906828694868912
0.2222222222222222,-0.4090908161157236,0.0,0.16165967577372162,-0.11109155805154605,0.07692307692307705,-0.1666654166635417,0.0,0.0,-0.2015510739966108,0.0,-0.5,0.0,0.0,0.03915677955336503,0.07692307692307705,-0.4090908161157236,0.0,0.03311992740837817,-0.000906828694868912
0.2222222222222222,-0.3181826549584876,0.0,0.08723500736877897,-0.005424698829749289,0.07692307692307705,-0.1666654166635417,0.0,0.0,-0.25281284826649164,0.0,-0.5,0.0,0.0,0.05509260435456408,0.07692307692307705,-0.3181826549584876,0.0,0.0,0.014414606964566432
0.2222222222222222,-0.4090908161157236,0.0,0.02165287382382932,-0.1075758329284574,0.07692307692307705,0.0,0.0,0.0,-0.13720287620414326,0.0,-0.5,0.0,0.0,0.04009044485658401,0.07692307692307705,-0.4090908161157236,0.0,0.0,-9.159885806681357e-06
0.2222222222222222,-0.3181826549584876,0.0,0.0256773608434417,-0.005424698829749289,0.07692307692307705,-0.1666654166635417,0.0,0.0,-0.20112055936369322,0.0,-0.5,0.0,0.0,0.03915677955336503,0.07692307692307705,-0.3181826549584876,0.0,0.0,-0.000906828694868912
0.2222222222222222,-0.4090908161157236,0.0,0.17792767259947848,-0.11109155805154605,0.07692307692307705,-0.1666654166635417,0.0,0.0,-0.2529655130299376,0.0,-0.5,0.0,0.0,0.05509260435456408,0.07692307692307705,-0.4090908161157236,0.0,0.04758784090336242,0.014414606964566432
0.1111111111111111,-0.4545448966943417,0.0,0.17792767259947848,-0.11388807063585271,0.07692307692307705,-0.1666654166635417,0.0,0.0,-0.2015510739966108,0.0,-0.5,0.0,0.0,0.03915677955336503,0.07692307692307705,-0.4545448966943417,0.0,0.04758784090336242,-0.000906828694868912
0.1111111111111111,-0.4545448966943417,0.0,0.1989570343498469,-0.11388807063585271,0.07692307692307705,-0.1666654166635417,0.0,0.0,-0.3368883867914446,0.0,-0.5,0.0,0.0,0.07077754630217728,0.07692307692307705,-0.4545448966943417,0.0,0.06629026566517116,0.02949483229775736
0.1111111111111111,-0.4545448966943417,0.0,0.17792767259947848,-0.11388807063585271,0.07692307692307705,-0.1666654166635417,0.0,0.0,-0.2529655130299376,0.0,-0.5,0.0,0.0,0.06624260054368543,0.07692307692307705,-0.4545448966943417,0.0,0.04758784090336242,0.025134726653741103
0.1111111111111111,-0.4545448966943417,0.0,0.11512300192721901,-0.11388807063585271,0.07692307692307705,-0.1666654166635417,0.0,0.0,-0.2589255453948674,0.0,-0.5,0.0,0.0,0.04550189273646505,0.07692307692307705,-0.4545448966943417,0.0,0.0,0.005193655252431211
0.2222222222222222,-0.3181826549584876,0.0,0.09205305520915978,-0.005424698829749289,0.07692307692307705,-0.1666654166635417,0.0,0.0,-0.3367326687327298,0.0,-0.5,0.0,0.0,0.06118048321943033,0.07692307692307705,-0.3181826549584876,0.0,0.0,0.020267773995084126
0.1111111111111111,-0.4545448966943417,0.0,0.1038431016891509,-0.11388807063585271,0.07692307692307705,0.0,0.0,0.0,-0.14903744866647337,0.0,-0.5,0.0,0.0,0.030982444551713582,0.07692307692307705,-0.4545448966943417,0.0,0.0,-0.008766010717066432
0.1111111111111111,-0.4545448966943417,0.0,0.17792767259947848,-0.11388807063585271,0.07692307692307705,-0.1666654166635417,0.0,0.0,-0.2529655130299376,0.0,-0.5,0.0,0.0,0.06624260054368543,0.07692307692307705,-0.4545448966943417,0.0,0.04758784090336242,0.025134726653741103
0.2222222222222222,-0.4090908161157236,0.0,0.17792767259947848,-0.11109155805154605,0.07692307692307705,-0.1666654166635417,0.0,0.0,-0.2529655130299376,0.0,-0.5,0.0,0.0,0.06624260054368543,0.07692307692307705,-0.4090908161157236,0.0,0.04758784090336242,0.025134726653741103
0.1111111111111111,-0.4545448966943417,0.0,0.1989570343498469,-0.11388807063585271,0.07692307692307705,-0.1666654166635417,0.0,0.0,-0.3368883867914446,0.0,-0.5,0.0,0.0,0.08194977261756568,0.07692307692307705,-0.4545448966943417,0.0,0.06629026566517116,0.0402363250538144
0.2222222222222222,-0.4090908161157236,0.0,0.14992631220949992,-0.11109155805154605,0.07692307692307705,-0.1666654166635417,0.0,0.0,-0.3428026197273408,0.0,-0.5,0.0,0.0,0.07075849190823402,0.07692307692307705,-0.4090908161157236,0.0,0.022684881786560418,0.02947651252614383
0.2222222222222222,-0.4090908161157236,0.0,0.0912028114726221,-0.1075758329284574,0.07692307692307705,0.0,0.0,0.0,-0.14903744866647337,0.0,-0.5,0.0,0.0,0.051669164909428134,0.07692307692307705,-0.4090908161157236,0.0,0.0,0.01112315466467187
0.2222222222222222,-0.3181826549584876,0.0,0.08723500736877897,-0.005424698829749289,0.07692307692307705,-0.1666654166635417,0.0,0.0,-0.20112055936369322,0.0,-0.5,0.0,0.0,0.04872208531287322,0.07692307692307705,-0.3181826549584876,0.0,0.0,0.008289696655115104
0.1111111111111111,-0.4545448966943417,0.0,0.054755696633034694,-0.11388807063585271,0.07692307692307705,0.0,0.0,0.0,-0.13720287620414326,0.0,-0.5,0.0,0.0,0.04009044485658401,0.07692307692307705,-0.4545448966943417,0.0,0.0,-9.159885806681357e-06
0.1111111111111111,-0.5000010227270403,0.0,0.18637342704908735,-0.11388807063585271,0.07692307692307705,-0.1666654166635417,0.0,0.0,-0.25461429247515377,0.0,-0.5,0.0,0.0,0.06664591854881736,0.07692307692307705,-0.5000010227270403,0.0,0.05509905731713466,0.025522495152893777
0.1111111111111111,-0.4545448966943417,0.0,0.1989570343498469,-0.11388807063585271,0.07692307692307705,-0.1666654166635417,0.0,0.0,-0.3368883867914446,0.0,-0.5,0.0,0.0,0.08194977261756568,0.07692307692307705,-0.4545448966943417,0.0,0.06629026566517116,0.0402363250538144
0.1111111111111111,-0.4545448966943417,0.0,0.17792767259947848,-0.11388807063585271,0.07692307692307705,-0.1666654166635417,0.0,0.0,-0.2529655130299376,0.0,-0.5,0.0,0.0,0.06624260054368543,0.07692307692307705,-0.4545448966943417,0.0,0.04758784090336242,0.025134726653741103
0.1111111111111111,-0.4545448966943417,0.0,0.17792767259947848,-0.11388807063585271,0.07692307692307705,-0.1666654166635417,0.0,0.0,-0.2015510739966108,0.0,-0.5,0.0,0.0,0.04872208531287322,0.07692307692307705,-0.4545448966943417,0.0,0.04758784090336242,0.008289696655115104
