REL_W,RF_W,INPC_W,PFC_W,WCC_W,REL_D,RF_D,INPC_D,PFC_D,WCC_D,REL_F,RF_F,INPC_F,PFC_F,WCC_F,REL_R,RF_R,INPC_R,PFC_R,WCC_R
0.0,0.0,0.8295510927369335,0.1100704798048252,0.0649039275579246,-0.2,-0.16666854166432288,0.019835888330908106,0.02941892070377389,0.4757125795468724,-0.2,0.24999718750351568,0.0,0.0,0.10998289723527739,-0.2,0.24999718750351568,0.5649856771961929,0.02941892070377389,0.10998289723527739
0.0,0.0,0.7628489780979008,0.1100704798048252,0.02184911513115569,-0.2,-0.16666854166432288,0.008048656465494809,0.0060965012895107425,-0.31722490596980346,-0.2,0.24999718750351568,0.0,0.0,0.08435568363925275,-0.2,0.24999718750351568,0.5079291377733858,0.0060965012895107425,0.08435568363925275
0.0,0.0,0.9483434604115072,0.1100704798048252,0.02184911513115569,-0.2,-0.3333333333333333,0.0663811945321943,0.038358602184174084,-0.31722490596980346,-0.4,0.3749985937517579,0.0,0.0,0.15298221043133972,-0.2,0.3749985937517579,0.6665998680810292,0.038358602184174084,0.15298221043133972
0.0,0.0,0.8795673185583542,0.1100704798048252,-0.0058923528097041605,0.0,-0.25000093749882807,0.019835888330908106,0.02941892070377389,-0.31722490596980346,-0.2,0.24999718750351568,0.0,0.0,0.08191820299769706,0.0,0.24999718750351568,0.6077692197540769,0.02941892070377389,0.08191820299769706
0.0,0.0,0.9300289356821732,0.1100704798048252,0.02184911513115569,-0.2,-0.4166657291678385,0.0663811945321943,0.038358602184174084,-0.38175368544893856,-0.2,0.24999718750351568,0.0,0.0,0.07385835678791229,-0.2,0.24999718750351568,0.650933747030982,0.038358602184174084,0.07385835678791229
0.0,0.0,0.9300289356821732,0.14657088641908383,0.02184911513115569,0.2,-0.16666854166432288,-0.03999937696399685,-0.005644651136924549,-0.31722490596980346,-0.2,0.24999718750351568,0.0,0.0,0.08220773799103114,0.2,0.24999718750351568,0.650933747030982,-0.005644651136924549,0.08220773799103114
0.0,0.0,0.9483434604115072,0.1100704798048252,-0.0058923528097041605,0.0,0.3333333333333333,-0.03999937696399685,-0.005644651136924549,1.101837822421077,-0.4,0.3749985937517579,0.0,0.0,0.16703475766594392,0.0,0.3749985937517579,0.6665998680810292,-0.005644651136924549,0.16703475766594392
0.0,0.0,0.7782184775678329,0.1100704798048252,0.02184911513115569,0.0,0.3333333333333333,-0.03999937696399685,-0.005644651136924549,1.101837822421077,-0.4,0.3749985937517579,0.0,0.0,0.1416701455755013,0.0,0.3749985937517579,0.5210761040601462,-0.005644651136924549,0.1416701455755013
0.0,0.0,0.7692272832818734,0.1100704798048252,0.02184911513115569,-0.4,-0.4166657291678385,0.0663811945321943,0.038358602184174084,-0.38143282411451185,-0.4,0.3749985937517579,0.0,0.0,0.16703475766594392,-0.2,0.3749985937517579,0.5133850970506808,0.038358602184174084,0.16703475766594392
0.0,0.0,0.7782184775678329,0.1100704798048252,0.0649039275579246,0.0,0.0,-0.03999937696399685,-0.005644651136924549,0.4757125795468724,0.0,0.18749789062763672,0.0,0.0,0.060465680003231936,0.0,0.18749789062763672,0.5210761040601462,-0.005644651136924549,0.060465680003231936
0.0,0.0,0.8795673185583542,0.14657088641908383,-0.0058923528097041605,0.0,0.0,-0.03999937696399685,-0.005644651136924549,0.4757125795468724,-0.2,0.24999718750351568,0.0,0.0,0.07385835678791229,0.0,0.24999718750351568,0.6077692197540769,-0.005644651136924549,0.07385835678791229
0.0,0.0,0.8795673185583542,0.14657088641908383,0.02184911513115569,-0.2,-0.16666854166432288,-0.03999937696399685,-0.005644651136924549,-0.31722490596980346,-0.2,0.24999718750351568,0.0,0.0,0.07385835678791229,-0.2,0.24999718750351568,0.6077692197540769,-0.005644651136924549,0.07385835678791229
0.0,0.0,0.9300289356821732,0.14657088641908383,-0.0058923528097041605,0.2,-0.3333333333333333,0.008048656465494809,0.0060965012895107425,-0.38175368544893856,-0.4,0.3749985937517579,0.0,0.0,0.15298221043133972,0.2,0.3749985937517579,0.650933747030982,0.0060965012895107425,0.15298221043133972
0.0,0.0,0.8795673185583542,0.11869070208728655,0.02184911513115569,0.0,-0.08333614582981769,0.008048656465494809,0.0060965012895107425,0.4757125795468724,-0.4,0.4999971875035155,0.0,0.0,0.15735890219103923,0.0,0.4999971875035155,0.6077692197540769,0.0060965012895107425,0.15735890219103923
0.0,0.0,0.8295510927369335,0.1100704798048252,0.0649039275579246,-0.2,0.08333239583450529,0.0663811945321943,0.03344386283219663,1.101837822421077,-0.2,0.24999718750351568,0.0,0.0,0.08435568363925275,-0.2,0.24999718750351568,0.5649856771961929,0.03344386283219663,0.08435568363925275
0.0,0.0,0.7538577838119412,0.1100704798048252,-0.0058923528097041605,-0.2,-0.16666854166432288,0.019835888330908106,0.02941892070377389,0.4757125795468724,-0.2,0.24999718750351568,0.0,0.0,0.08435568363925275,-0.2,0.24999718750351568,0.5002381307639203,0.02941892070377389,0.08435568363925275
0.0,0.0,0.7538577838119412,0.1100704798048252,0.02184911513115569,-0.2,0.08333239583450529,0.0663811945321943,0.03344386283219663,1.101837822421077,-0.4,0.4999971875035155,0.0,0.0,0.15735890219103923,-0.2,0.4999971875035155,0.5002381307639203,0.03344386283219663,0.15735890219103923
0.0,0.0,0.7692272832818734,0.1100704798048252,-0.0058923528097041605,-0.2,-0.16666854166432288,-0.03999937696399685,-0.005644651136924549,-0.38143282411451185,0.0,0.18749789062763672,0.0,0.0,0.07421522550062623,0.0,0.18749789062763672,0.5133850970506808,-0.005644651136924549,0.07421522550062623
0.0,0.0,0.8295510927369335,0.1100704798048252,0.02184911513115569,0.0,-0.25000093749882807,0.019835888330908106,0.02941892070377389,-0.31722490596980346,-0.2,0.24999718750351568,0.0,0.0,0.07385835678791229,0.0,0.24999718750351568,0.5649856771961929,0.02941892070377389,0.07385835678791229
0.0,0.0,0.7782184775678329,0.1100704798048252,0.02184911513115569,-0.2,-0.16666854166432288,0.019835888330908106,0.02941892070377389,0.4757125795468724,-0.4,0.3749985937517579,0.0,0.0,0.1416701455755013,-0.2,0.3749985937517579,0.5210761040601462,0.02941892070377389,0.1416701455755013
0.0,0.0,0.7628489780979008,0.1100704798048252,-0.0058923528097041605,0.2,-0.16666854166432288,-0.03999937696399685,-0.005644651136924549,-0.31722490596980346,-0.4,0.4999971875035155,0.0,0.0,0.16703475766594392,0.2,0.4999971875035155,0.5079291377733858,-0.005644651136924549,0.16703475766594392
0.0,0.0,0.8295510927369335,0.1100704798048252,0.02184911513115569,-0.4,-0.25000093749882807,0.0663811945321943,0.03395827685206426,0.4757125795468724,-0.4,0.3749985937517579,0.0,0.0,0.16703475766594392,-0.2,0.3749985937517579,0.5649856771961929,0.03395827685206426,0.16703475766594392
0.0,0.0,0.9300289356821732,0.1100704798048252,0.0649039275579246,0.0,0.4166657291678386,-0.03999937696399685,-0.005644651136924549,1.101837822421077,0.0,0.18749789062763672,0.0,0.0,0.03727594704876298,0.0,0.18749789062763672,0.650933747030982,-0.005644651136924549,0.058701536555476275
0.0,0.0,0.9483434604115072,0.1100704798048252,0.02184911513115569,0.0,0.3333333333333333,-0.03999937696399685,-0.005644651136924549,1.101837822421077,-0.4,0.4999971875035155,0.0,0.0,0.16703475766594392,0.0,0.4999971875035155,0.6665998680810292,-0.005644651136924549,0.16703475766594392
0.0,0.0,0.7538577838119412,0.1100704798048252,-0.0058923528097041605,0.0,-0.25000093749882807,0.019835888330908106,0.02941892070377389,-0.31722490596980346,-0.2,0.24999718750351568,0.0,0.0,0.10998289723527739,0.0,0.24999718750351568,0.5002381307639203,0.02941892070377389,0.10998289723527739
0.0,0.0,0.9300289356821732,0.1100704798048252,0.02184911513115569,0.0,0.3333333333333333,0.008048656465494809,0.0060965012895107425,1.101837822421077,-0.4,0.3749985937517579,0.0,0.0,0.12655372557469333,0.0,0.3749985937517579,0.650933747030982,0.0060965012895107425,0.12655372557469333
0.0,0.0,0.9483434604115072,0.1100704798048252,-0.0058923528097041605,-0.2,0.16666479166901058,0.019835888330908106,0.02941892070377389,1.101837822421077,-0.4,0.3749985937517579,0.0,0.0,0.16703475766594392,-0.2,0.3749985937517579,0.6665998680810292,0.02941892070377389,0.16703475766594392
0.0,0.0,0.9300289356821732,0.1100704798048252,0.02184911513115569,0.0,0.3333333333333333,0.008048656465494809,0.0060965012895107425,1.101837822421077,0.0,0.18749789062763672,0.0,0.0,0.04922768223871139,0.0,0.18749789062763672,0.650933747030982,0.0060965012895107425,0.04922768223871139
0.0,0.0,0.8705761242723947,0.14657088641908383,0.02184911513115569,-0.2,-0.25000093749882807,-0.03999937696399685,-0.005644651136924549,-0.38143282411451185,-0.4,0.4999971875035155,0.0,0.0,0.16703475766594392,-0.2,0.4999971875035155,0.6000782127446115,-0.005644651136924549,0.16703475766594392
0.0,0.0,0.9483434604115072,0.1100704798048252,-0.0058923528097041605,0.0,0.3333333333333333,0.008048656465494809,0.0060965012895107425,1.101837822421077,-0.2,0.24999718750351568,0.0,0.0,0.06954226537565485,0.0,0.24999718750351568,0.6665998680810292,0.0060965012895107425,0.06954226537565485
0.0,0.0,0.8478656270148001,0.1100704798048252,0.02184911513115569,-0.4,-0.25000093749882807,0.0663811945321943,0.03395827685206426,0.4757125795468724,-0.4,0.4999971875035155,0.0,0.0,0.16703475766594392,-0.2,0.4999971875035155,0.5806518064139906,0.03395827685206426,0.16703475766594392
0.0,0.0,0.8478656270148001,0.1100704798048252,0.02184911513115569,-0.2,-0.16666854166432288,0.019835888330908106,0.02941892070377389,0.4757125795468724,0.0,0.18749789062763672,0.0,0.0,0.060465680003231936,0.0,0.18749789062763672,0.5806518064139906,0.02941892070377389,0.060465680003231936
0.0,0.0,0.8295510927369335,0.1100704798048252,0.02184911513115569,-0.4,-0.25000093749882807,0.0663811945321943,0.03395827685206426,0.4757125795468724,0.0,0.18749789062763672,0.0,0.0,0.060465680003231936,0.0,0.18749789062763672,0.5649856771961929,0.03395827685206426,0.060465680003231936
0.0,0.0,0.8478656270148001,0.1100704798048252,0.02184911513115569,-0.4,-0.25000093749882807,0.019835888330908106,0.02941892070377389,-0.31722490596980346,-0.2,0.24999718750351568,0.0,0.0,0.07385835678791229,-0.2,0.24999718750351568,0.5806518064139906,0.02941892070377389,0.07385835678791229
0.0,0.0,0.8552066248024623,0.1100704798048252,0.02184911513115569,-0.2,0.08333239583450529,0.0663811945321943,0.03344386283219663,1.101837822421077,0.0,0.18749789062763672,0.0,0.0,0.03409106212208939,0.0,0.18749789062763672,0.5869312464578508,0.03344386283219663,0.03409106212208939
0.0,0.0,0.8705761242723947,0.1100704798048252,-0.0058923528097041605,-0.2,-0.3333333333333333,0.0663811945321943,0.038358602184174084,-0.31722490596980346,-0.4,0.3749985937517579,0.0,0.0,0.12655372557469333,-0.2,0.3749985937517579,0.6000782127446115,0.038358602184174084,0.12655372557469333
0.0,0.0,0.9483434604115072,0.1100704798048252,0.02184911513115569,-0.2,0.16666479166901058,0.0663811945321943,0.03344386283219663,1.101837822421077,0.0,0.18749789062763672,0.0,0.0,0.03727594704876298,0.0,0.18749789062763672,0.6665998680810292,0.03344386283219663,0.03727594704876298
0.0,0.0,0.7538577838119412,0.1100704798048252,0.02184911513115569,-0.2,0.08333239583450529,0.0663811945321943,0.03344386283219663,1.101837822421077,-0.4,0.3749985937517579,0.0,0.0,0.15298221043133972,-0.2,0.3749985937517579,0.5002381307639203,0.03344386283219663,0.15298221043133972
0.0,0.0,0.8705761242723947,0.1100704798048252,-0.0058923528097041605,0.0,-0.25000093749882807,0.019835888330908106,0.02941892070377389,-0.31722490596980346,0.0,0.18749789062763672,0.0,0.0,0.05602838789609057,0.0,0.18749789062763672,0.6000782127446115,0.02941892070377389,0.05602838789609057
0.0,0.0,0.8705761242723947,0.1100704798048252,0.02184911513115569,0.0,0.3333333333333333,0.008048656465494809,0.0060965012895107425,1.101837822421077,-0.4,0.3749985937517579,0.0,0.0,0.12655372557469333,0.0,0.3749985937517579,0.6000782127446115,0.0060965012895107425,0.12655372557469333
0.0,0.0,0.8641978095398893,0.1100704798048252,0.02184911513115569,-0.2,0.16666479166901058,0.019835888330908106,0.02941892070377389,1.101837822421077,-0.4,0.4999971875035155,0.0,0.0,0.15298221043133972,-0.2,0.4999971875035155,0.5946222452995658,0.02941892070377389,0.15298221043133972
0.0,0.0,0.9300289356821732,0.14657088641908383,0.02184911513115569,0.2,-0.3333333333333333,0.008048656465494809,0.0060965012895107425,-0.38175368544893856,0.0,0.18749789062763672,0.0,0.0,0.07421522550062623,0.2,0.18749789062763672,0.650933747030982,0.0060965012895107425,0.07421522550062623
0.0,0.0,0.7782184775678329,0.1100704798048252,0.02184911513115569,0.0,0.0,-0.03999937696399685,-0.005644651136924549,0.4757125795468724,-0.4,0.4999971875035155,0.0,0.0,0.16703475766594392,0.0,0.4999971875035155,0.5210761040601462,-0.005644651136924549,0.16703475766594392
0.0,0.0,0.8478656270148001,0.1100704798048252,0.02184911513115569,-0.4,-0.25000093749882807,0.0663811945321943,0.03395827685206426,0.4757125795468724,-0.2,0.24999718750351568,0.0,0.0,0.07385835678791229,-0.2,0.24999718750351568,0.5806518064139906,0.03395827685206426,0.07385835678791229
0.0,0.0,0.8795673185583542,0.1100704798048252,0.02184911513115569,-0.4,-0.4166657291678385,0.019835888330908106,0.02941892070377389,-0.38143282411451185,-0.4,0.3749985937517579,0.0,0.0,0.15298221043133972,-0.2,0.3749985937517579,0.6077692197540769,0.02941892070377389,0.15298221043133972
0.0,0.0,0.9483434604115072,0.15328002168609378,0.02184911513115569,0.2,-0.16666854166432288,0.008048656465494809,0.0060965012895107425,-0.31722490596980346,0.0,0.18749789062763672,0.0,0.0,0.060465680003231936,0.2,0.18749789062763672,0.6665998680810292,0.0060965012895107425,0.060465680003231936
0.0,0.0,0.7782184775678329,0.1100704798048252,0.02184911513115569,-0.2,0.16666479166901058,0.019835888330908106,0.02941892070377389,1.101837822421077,-0.2,0.24999718750351568,0.0,0.0,0.06954226537565485,-0.2,0.24999718750351568,0.5210761040601462,0.02941892070377389,0.06954226537565485
0.0,0.0,0.8552066248024623,0.1100704798048252,-0.0058923528097041605,-0.2,0.16666479166901058,0.019835888330908106,0.02941892070377389,1.101837822421077,0.0,0.18749789062763672,0.0,0.0,0.03727594704876298,0.0,0.18749789062763672,0.5869312464578508,0.02941892070377389,0.03727594704876298
0.0,0.0,0.8552066248024623,0.1100704798048252,0.02184911513115569,-0.2,-0.16666854166432288,0.019835888330908106,0.02941892070377389,0.4757125795468724,0.0,0.18749789062763672,0.0,0.0,0.05631118951748644,0.0,0.18749789062763672,0.5869312464578508,0.02941892070377389,0.05631118951748644
0.0,0.0,0.8641978095398893,0.1100704798048252,0.02184911513115569,-0.2,-0.16666854166432288,-0.03999937696399685,-0.005644651136924549,-0.31722490596980346,-0.2,0.24999718750351568,0.0,0.0,0.08435568363925275,-0.2,0.24999718750351568,0.5946222452995658,-0.005644651136924549,0.08435568363925275
0.0,0.0,0.7692272832818734,0.1100704798048252,-0.0058923528097041605,-0.4,-0.3333333333333333,0.0663811945321943,0.038358602184174084,-0.31722490596980346,0.0,0.18749789062763672,0.0,0.0,0.05602838789609057,0.0,0.18749789062763672,0.5133850970506808,0.038358602184174084,0.05602838789609057
0.0,0.0,0.7782184775678329,0.1100704798048252,0.0649039275579246,-0.2,-0.16666854166432288,-0.03999937696399685,-0.005644651136924549,-0.31722490596980346,-0.4,0.4999971875035155,0.0,0.0,0.15298221043133972,-0.2,0.4999971875035155,0.5210761040601462,-0.005644651136924549,0.15298221043133972
0.0,0.0,0.8295510927369335,0.1100704798048252,0.02184911513115569,0.2,-0.16666854166432288,-0.03999937696399685,-0.005644651136924549,-0.31722490596980346,-0.4,0.4999971875035155,0.0,0.0,0.16703475766594392,0.2,0.4999971875035155,0.5649856771961929,-0.005644651136924549,0.16703475766594392
0.0,0.0,0.8677570346092484,0.1100704798048252,0.0649039275579246,-0.4,-0.25000093749882807,0.0663811945321943,0.03395827685206426,0.4757125795468724,-0.4,0.3749985937517579,0.0,0.0,0.16703475766594392,-0.2,0.3749985937517579,0.5976667824418065,0.03395827685206426,0.16703475766594392
0.0,0.0,0.8552066248024623,0.1100704798048252,0.02184911513115569,-0.4,-0.3333333333333333,0.0663811945321943,0.038358602184174084,-0.31722490596980346,0.0,0.18749789062763672,0.0,0.0,0.07421522550062623,0.0,0.18749789062763672,0.5869312464578508,0.038358602184174084,0.07421522550062623
0.0,0.0,0.8295510927369335,0.1100704798048252,-0.0058923528097041605,-0.2,-0.16666854166432288,0.019835888330908106,0.02941892070377389,0.4757125795468724,-0.2,0.24999718750351568,0.0,0.0,0.10998289723527739,-0.2,0.24999718750351568,0.5649856771961929,0.02941892070377389,0.10998289723527739
0.0,0.0,0.8641978095398893,0.1100704798048252,0.02184911513115569,0.0,0.3333333333333333,0.008048656465494809,0.0060965012895107425,1.101837822421077,0.0,0.18749789062763672,0.0,0.0,0.03727594704876298,0.0,0.18749789062763672,0.5946222452995658,0.0060965012895107425,0.03727594704876298
0.0,0.0,0.7538577838119412,0.1100704798048252,-0.0058923528097041605,0.0,0.3333333333333333,0.008048656465494809,0.0060965012895107425,1.101837822421077,0.0,0.18749789062763672,0.0,0.0,0.03727594704876298,0.0,0.18749789062763672,0.5002381307639203,0.0060965012895107425,0.03727594704876298
0.0,0.0,0.7628489780979008,0.1100704798048252,-0.0058923528097041605,-0.2,-0.16666854166432288,0.019835888330908106,0.02941892070377389,0.4757125795468724,-0.4,0.3749985937517579,0.0,0.0,0.16703475766594392,-0.2,0.3749985937517579,0.5079291377733858,0.02941892070377389,0.16703475766594392
0.0,0.0,0.8705761242723947,0.14657088641908383,0.02184911513115569,-0.2,-0.16666854166432288,-0.03999937696399685,-0.005644651136924549,-0.31722490596980346,-0.2,0.24999718750351568,0.0,0.0,0.07385835678791229,-0.2,0.24999718750351568,0.6000782127446115,-0.005644651136924549,0.07385835678791229
0.0,0.0,0.8295510927369335,0.1100704798048252,0.02184911513115569,-0.4,-0.25000093749882807,0.0663811945321943,0.03395827685206426,0.4757125795468724,-0.2,0.24999718750351568,0.0,0.0,0.07385835678791229,-0.2,0.24999718750351568,0.5649856771961929,0.03395827685206426,0.07385835678791229
0.0,0.0,0.9300289356821732,0.1100704798048252,0.02184911513115569,-0.2,0.16666479166901058,0.019835888330908106,0.02941892070377389,1.101837822421077,-0.4,0.3749985937517579,0.0,0.0,0.12655372557469333,-0.2,0.3749985937517579,0.650933747030982,0.02941892070377389,0.12655372557469333
0.0,0.0,0.8295510927369335,0.1100704798048252,0.02184911513115569,0.0,-0.25000093749882807,0.019835888330908106,0.02941892070377389,-0.31722490596980346,-0.4,0.3749985937517579,0.0,0.0,0.15298221043133972,0.0,0.3749985937517579,0.5649856771961929,0.02941892070377389,0.15298221043133972
0.0,0.0,0.8478656270148001,0.1100704798048252,-0.0058923528097041605,-0.2,-0.3333333333333333,0.0663811945321943,0.038358602184174084,-0.31722490596980346,-0.2,0.24999718750351568,0.0,0.0,0.10998289723527739,-0.2,0.24999718750351568,0.5806518064139906,0.038358602184174084,0.10998289723527739
0.0,0.0,0.8295510927369335,0.1100704798048252,0.02184911513115569,-0.2,-0.16666854166432288,0.019835888330908106,0.02941892070377389,0.4757125795468724,-0.4,0.3749985937517579,0.0,0.0,0.1416701455755013,-0.2,0.3749985937517579,0.5649856771961929,0.02941892070377389,0.1416701455755013
0.0,0.0,0.8478656270148001,0.14051233396584442,0.02184911513115569,0.2,-0.16666854166432288,-0.03999937696399685,-0.005644651136924549,-0.31722490596980346,-0.2,0.24999718750351568,0.0,0.0,0.08435568363925275,0.2,0.24999718750351568,0.5806518064139906,-0.005644651136924549,0.08435568363925275
0.0,0.0,0.8295510927369335,0.1100704798048252,-0.0058923528097041605,0.0,-0.25000093749882807,0.019835888330908106,0.02941892070377389,-0.31722490596980346,0.0,0.18749789062763672,0.0,0.0,0.060465680003231936,0.0,0.18749789062763672,0.5649856771961929,0.02941892070377389,0.060465680003231936
0.0,0.0,0.9483434604115072,0.1100704798048252,0.02184911513115569,0.0,-0.4166657291678385,0.019835888330908106,0.02941892070377389,-0.38175368544893856,-0.2,0.24999718750351568,0.0,0.0,0.08220773799103114,0.0,0.24999718750351568,0.6665998680810292,0.02941892070377389,0.08220773799103114
0.0,0.0,0.8478656270148001,0.1100704798048252,0.02184911513115569,0.0,-0.25000093749882807,0.019835888330908106,0.02941892070377389,-0.31722490596980346,-0.2,0.24999718750351568,0.0,0.0,0.07385835678791229,0.0,0.24999718750351568,0.5806518064139906,0.02941892070377389,0.07385835678791229
0.0,0.0,0.8478656270148001,0.1100704798048252,0.02184911513115569,0.0,0.3333333333333333,-0.03999937696399685,-0.005644651136924549,1.101837822421077,-0.2,0.24999718750351568,0.0,0.0,0.05058782337018727,0.0,0.24999718750351568,0.5806518064139906,-0.005644651136924549,0.05058782337018727
0.0,0.0,0.8641978095398893,0.1100704798048252,-0.0058923528097041605,-0.2,-0.16666854166432288,-0.03999937696399685,-0.005644651136924549,-0.31722490596980346,-0.4,0.4999971875035155,0.0,0.0,0.16703475766594392,-0.2,0.4999971875035155,0.5946222452995658,-0.005644651136924549,0.16703475766594392
0.0,0.0,0.7538577838119412,0.1100704798048252,0.02184911513115569,0.0,0.3333333333333333,-0.03999937696399685,-0.005644651136924549,1.101837822421077,-0.4,0.3749985937517579,0.0,0.0,0.1416701455755013,0.0,0.3749985937517579,0.5002381307639203,-0.005644651136924549,0.1416701455755013
0.0,0.0,0.7538577838119412,0.1100704798048252,0.02184911513115569,-0.2,0.16666479166901058,0.0663811945321943,0.03344386283219663,1.101837822421077,-0.2,0.24999718750351568,0.0,0.0,0.08435568363925275,-0.2,0.24999718750351568,0.5002381307639203,0.03344386283219663,0.08435568363925275
0.0,0.0,0.7538577838119412,0.1100704798048252,0.0649039275579246,-0.4,-0.25000093749882807,0.0663811945321943,0.03395827685206426,0.4757125795468724,-0.2,0.24999718750351568,0.0,0.0,0.10998289723527739,-0.2,0.24999718750351568,0.5002381307639203,0.03395827685206426,0.10998289723527739
0.0,0.0,0.8641978095398893,0.1100704798048252,0.02184911513115569,-0.2,-0.16666854166432288,-0.03999937696399685,-0.005644651136924549,-0.38143282411451185,-0.2,0.24999718750351568,0.0,0.0,0.08220773799103114,-0.2,0.24999718750351568,0.5946222452995658,-0.005644651136924549,0.08220773799103114
0.0,0.0,0.8903258316432907,0.1100704798048252,0.02184911513115569,-0.2,0.16666479166901058,0.0663811945321943,0.03344386283219663,1.101837822421077,-0.2,0.24999718750351568,0.0,0.0,0.05058782337018727,-0.2,0.24999718750351568,0.616971979355978,0.03344386283219663,0.05058782337018727
0.0,0.0,0.8478656270148001,0.1100704798048252,0.02184911513115569,-0.4,-0.25000093749882807,0.0663811945321943,0.03395827685206426,0.4757125795468724,-0.4,0.3749985937517579,0.0,0.0,0.1416701455755013,-0.2,0.3749985937517579,0.5806518064139906,0.03395827685206426,0.1416701455755013
0.0,0.0,0.7782184775678329,0.1100704798048252,0.02184911513115569,-0.4,-0.25000093749882807,0.0663811945321943,0.03395827685206426,0.4757125795468724,-0.4,0.3749985937517579,0.0,0.0,0.1416701455755013,-0.2,0.3749985937517579,0.5210761040601462,0.03395827685206426,0.1416701455755013
0.0,0.0,0.8295510927369335,0.1100704798048252,0.02184911513115569,0.0,-0.4166657291678385,0.019835888330908106,0.02941892070377389,-0.38175368544893856,-0.4,0.3749985937517579,0.0,0.0,0.15298221043133972,0.0,0.3749985937517579,0.5649856771961929,0.02941892070377389,0.15298221043133972
0.0,0.0,0.8552066248024623,0.1100704798048252,0.0649039275579246,-0.4,-0.25000093749882807,0.0663811945321943,0.03395827685206426,0.4757125795468724,0.0,0.18749789062763672,0.0,0.0,0.060465680003231936,0.0,0.18749789062763672,0.5869312464578508,0.03395827685206426,0.060465680003231936
0.0,0.0,0.8705761242723947,0.14657088641908383,0.0649039275579246,0.2,-0.3333333333333333,0.008048656465494809,0.0060965012895107425,-0.38175368544893856,0.0,0.18749789062763672,0.0,0.0,0.060465680003231936,0.2,0.18749789062763672,0.6000782127446115,0.0060965012895107425,0.060465680003231936
0.0,0.0,0.8641978095398893,0.1100704798048252,0.02184911513115569,-0.4,-0.25000093749882807,0.0663811945321943,0.03395827685206426,0.4757125795468724,-0.4,0.3749985937517579,0.0,0.0,0.12655372557469333,-0.2,0.3749985937517579,0.5946222452995658,0.03395827685206426,0.12655372557469333
0.0,0.0,0.9300289356821732,0.11869070208728655,0.02184911513115569,0.0,0.0,-0.03999937696399685,-0.005644651136924549,0.4757125795468724,-0.4,0.3749985937517579,0.0,0.0,0.15298221043133972,0.0,0.3749985937517579,0.650933747030982,-0.005644651136924549,0.15298221043133972
0.0,0.0,0.7692272832818734,0.1100704798048252,0.02184911513115569,0.0,-0.25000093749882807,0.019835888330908106,0.02941892070377389,-0.31722490596980346,-0.2,0.24999718750351568,0.0,0.0,0.07385835678791229,0.0,0.24999718750351568,0.5133850970506808,0.02941892070377389,0.07385835678791229
0.0,0.0,0.7782184775678329,0.1100704798048252,-0.0058923528097041605,0.0,0.3333333333333333,0.008048656465494809,0.0060965012895107425,1.101837822421077,-0.2,0.24999718750351568,0.0,0.0,0.05058782337018727,0.0,0.24999718750351568,0.5210761040601462,0.0060965012895107425,0.05058782337018727
0.0,0.0,0.8295510927369335,0.1100704798048252,-0.0058923528097041605,0.2,-0.16666854166432288,0.008048656465494809,0.0060965012895107425,-0.31722490596980346,-0.2,0.24999718750351568,0.0,0.0,0.08435568363925275,0.2,0.24999718750351568,0.5649856771961929,0.0060965012895107425,0.08435568363925275
0.0,0.0,0.8295510927369335,0.1100704798048252,0.02184911513115569,0.0,0.0,0.008048656465494809,0.00011817619375327066,0.4757125795468724,0.0,0.18749789062763672,0.0,0.0,0.06435756898339538,0.0,0.18749789062763672,0.5649856771961929,0.00011817619375327066,0.06435756898339538
0.0,0.0,0.9483434604115072,0.1100704798048252,-0.0058923528097041605,0.0,0.0,-0.03999937696399685,-0.005644651136924549,0.4757125795468724,-0.4,0.3749985937517579,0.0,0.0,0.15298221043133972,0.0,0.3749985937517579,0.6665998680810292,-0.005644651136924549,0.15298221043133972
0.0,0.0,0.8641978095398893,0.1100704798048252,0.02184911513115569,-0.2,0.16666479166901058,0.019835888330908106,0.02941892070377389,1.101837822421077,-0.4,0.3749985937517579,0.0,0.0,0.12655372557469333,-0.2,0.3749985937517579,0.5946222452995658,0.02941892070377389,0.12655372557469333
0.0,0.0,0.9300289356821732,0.14657088641908383,0.02184911513115569,0.2,-0.16666854166432288,-0.03999937696399685,-0.005644651136924549,-0.31722490596980346,-0.2,0.24999718750351568,0.0,0.0,0.10998289723527739,0.2,0.24999718750351568,0.650933747030982,-0.005644651136924549,0.10998289723527739
0.0,0.0,0.7782184775678329,0.1100704798048252,-0.0058923528097041605,-0.2,-0.16666854166432288,0.008048656465494809,0.0060965012895107425,-0.31722490596980346,-0.2,0.24999718750351568,0.0,0.0,0.10998289723527739,-0.2,0.24999718750351568,0.5210761040601462,0.0060965012895107425,0.10998289723527739
0.0,0.0,0.9300289356821732,0.1100704798048252,0.02184911513115569,-0.2,0.08333239583450529,0.0663811945321943,0.03344386283219663,1.101837822421077,0.0,0.18749789062763672,0.0,0.0,0.04922768223871139,0.0,0.18749789062763672,0.650933747030982,0.03344386283219663,0.04922768223871139
0.0,0.0,0.9483434604115072,0.1276091081593929,0.02184911513115569,0.2,-0.16666854166432288,-0.03999937696399685,-0.005644651136924549,-0.31722490596980346,-0.4,0.4999971875035155,0.0,0.0,0.15735890219103923,0.2,0.4999971875035155,0.6665998680810292,-0.005644651136924549,0.15735890219103923
0.0,0.0,0.8641978095398893,0.1100704798048252,0.02184911513115569,-0.2,-0.16666854166432288,-0.03999937696399685,-0.005644651136924549,-0.31722490596980346,-0.4,0.4999971875035155,0.0,0.0,0.15735890219103923,-0.2,0.4999971875035155,0.5946222452995658,-0.005644651136924549,0.15735890219103923
0.0,0.0,0.8295510927369335,0.1100704798048252,-0.0058923528097041605,-0.2,-0.3333333333333333,0.008048656465494809,0.0060965012895107425,-0.38143282411451185,-0.4,0.3749985937517579,0.0,0.0,0.1416701455755013,-0.2,0.3749985937517579,0.5649856771961929,0.0060965012895107425,0.1416701455755013
0.0,0.0,0.8552066248024623,0.1100704798048252,0.0649039275579246,-0.4,-0.3333333333333333,0.0663811945321943,0.038358602184174084,-0.31722490596980346,0.0,0.18749789062763672,0.0,0.0,0.07421522550062623,0.0,0.18749789062763672,0.5869312464578508,0.038358602184174084,0.07421522550062623
0.0,0.0,0.8552066248024623,0.1100704798048252,0.02184911513115569,-0.2,-0.16666854166432288,0.019835888330908106,0.02941892070377389,0.4757125795468724,-0.2,0.24999718750351568,0.0,0.0,0.10998289723527739,-0.2,0.24999718750351568,0.5869312464578508,0.02941892070377389,0.10998289723527739
0.0,0.0,0.9300289356821732,0.14657088641908383,-0.0058923528097041605,0.0,0.0,-0.03999937696399685,-0.005644651136924549,0.4757125795468724,0.0,0.18749789062763672,0.0,0.0,0.06406803399006152,0.0,0.18749789062763672,0.650933747030982,-0.005644651136924549,0.06406803399006152
0.0,0.0,0.9483434604115072,0.1100704798048252,0.02184911513115569,0.0,0.3333333333333333,0.008048656465494809,0.0060965012895107425,1.101837822421077,-0.4,0.3749985937517579,0.0,0.0,0.15298221043133972,0.0,0.3749985937517579,0.6665998680810292,0.0060965012895107425,0.15298221043133972
0.0,0.0,0.7782184775678329,0.1100704798048252,0.02184911513115569,0.0,0.3333333333333333,0.008048656465494809,0.0060965012895107425,1.101837822421077,-0.4,0.3749985937517579,0.0,0.0,0.15298221043133972,0.0,0.3749985937517579,0.5210761040601462,0.0060965012895107425,0.15298221043133972
0.0,0.0,0.7692272832818734,0.1100704798048252,0.02184911513115569,-0.4,-0.25000093749882807,0.0663811945321943,0.03395827685206426,0.4757125795468724,-0.4,0.3749985937517579,0.0,0.0,0.16703475766594392,-0.2,0.3749985937517579,0.5133850970506808,0.03395827685206426,0.16703475766594392
0.0,0.0,0.8295510927369335,0.1100704798048252,-0.0058923528097041605,0.0,-0.08333614582981769,0.008048656465494809,0.0060965012895107425,0.4757125795468724,-0.2,0.24999718750351568,0.0,0.0,0.07385835678791229,0.0,0.24999718750351568,0.5649856771961929,0.0060965012895107425,0.07385835678791229
0.0,0.0,0.8641978095398893,0.1100704798048252,0.02184911513115569,-0.4,-0.25000093749882807,0.0663811945321943,0.03395827685206426,0.4757125795468724,-0.2,0.24999718750351568,0.0,0.0,0.07385835678791229,-0.2,0.24999718750351568,0.5946222452995658,0.03395827685206426,0.07385835678791229
0.0,0.0,0.8641978095398893,0.1100704798048252,0.02184911513115569,0.0,-0.08333614582981769,0.008048656465494809,0.0060965012895107425,0.4757125795468724,-0.2,0.24999718750351568,0.0,0.0,0.10998289723527739,0.0,0.24999718750351568,0.5946222452995658,0.0060965012895107425,0.10998289723527739
0.0,0.0,0.8295510927369335,0.1100704798048252,0.02184911513115569,0.0,-0.08333614582981769,0.008048656465494809,0.0060965012895107425,0.4757125795468724,-0.4,0.4999971875035155,0.0,0.0,0.15735890219103923,0.0,0.4999971875035155,0.5649856771961929,0.0060965012895107425,0.15735890219103923
0.0,0.0,0.9483434604115072,0.15328002168609378,0.02184911513115569,-0.2,-0.25000093749882807,0.008048656465494809,0.0060965012895107425,-0.31722490596980346,-0.4,0.3749985937517579,0.0,0.0,0.16703475766594392,-0.2,0.3749985937517579,0.6665998680810292,0.0060965012895107425,0.16703475766594392
0.0,0.0,0.7782184775678329,0.1100704798048252,-0.0058923528097041605,0.2,-0.16666854166432288,0.008048656465494809,0.0060965012895107425,-0.31722490596980346,-0.2,0.24999718750351568,0.0,0.0,0.08191820299769706,0.2,0.24999718750351568,0.5210761040601462,0.0060965012895107425,0.08191820299769706
0.25,0.0,0.8478656270148001,0.1100704798048252,0.02184911513115569,-0.4,-0.25000093749882807,0.11505083460850976,0.04049272521254334,0.4757125795468724,0.0,0.18749789062763672,0.0,0.0,0.060465680003231936,0.0,0.18749789062763672,0.5806518064139906,0.04049272521254334,0.060465680003231936
0.0,0.0,0.8478656270148001,0.1100704798048252,-0.0058923528097041605,0.0,-0.25000093749882807,0.019835888330908106,0.02941892070377389,-0.31722490596980346,-0.2,0.24999718750351568,0.0,0.0,0.07385835678791229,0.0,0.24999718750351568,0.5806518064139906,0.02941892070377389,0.07385835678791229
0.0,0.0,0.8295510927369335,0.1100704798048252,0.02184911513115569,0.2,-0.16666854166432288,-0.03999937696399685,-0.005644651136924549,-0.31722490596980346,-0.4,0.3749985937517579,0.0,0.0,0.16703475766594392,0.2,0.3749985937517579,0.5649856771961929,-0.005644651136924549,0.16703475766594392
0.0,0.0,0.8705761242723947,0.1100704798048252,0.02184911513115569,-0.2,-0.4166657291678385,0.0663811945321943,0.038358602184174084,-0.38175368544893856,-0.2,0.24999718750351568,0.0,0.0,0.10998289723527739,-0.2,0.24999718750351568,0.6000782127446115,0.038358602184174084,0.10998289723527739
0.0,0.0,0.7628489780979008,0.1100704798048252,0.02184911513115569,-0.4,-0.25000093749882807,0.0663811945321943,0.03395827685206426,0.4757125795468724,0.0,0.18749789062763672,0.0,0.0,0.060465680003231936,0.0,0.18749789062763672,0.5079291377733858,0.03395827685206426,0.060465680003231936
0.0,0.0,0.8295510927369335,0.1100704798048252,0.02184911513115569,-0.2,-0.16666854166432288,0.019835888330908106,0.02941892070377389,0.4757125795468724,-0.2,0.24999718750351568,0.0,0.0,0.10998289723527739,-0.2,0.24999718750351568,0.5649856771961929,0.02941892070377389,0.10998289723527739
0.0,0.0,0.8295510927369335,0.1100704798048252,0.02184911513115569,-0.2,0.16666479166901058,0.019835888330908106,0.02941892070377389,1.101837822421077,-0.4,0.3749985937517579,0.0,0.0,0.16703475766594392,-0.2,0.3749985937517579,0.5649856771961929,0.02941892070377389,0.16703475766594392
0.0,0.0,0.7692272832818734,0.1100704798048252,-0.0058923528097041605,-0.2,-0.3333333333333333,0.0663811945321943,0.038358602184174084,-0.31722490596980346,-0.2,0.24999718750351568,0.0,0.0,0.08435568363925275,-0.2,0.24999718750351568,0.5133850970506808,0.038358602184174084,0.08435568363925275
0.0,0.0,0.7538577838119412,0.1100704798048252,-0.0058923528097041605,-0.2,-0.16666854166432288,-0.03999937696399685,-0.005644651136924549,-0.31722490596980346,-0.2,0.24999718750351568,0.0,0.0,0.06954226537565485,-0.2,0.24999718750351568,0.5002381307639203,-0.005644651136924549,0.06954226537565485
0.0,0.0,0.7782184775678329,0.1100704798048252,0.02184911513115569,-0.4,-0.25000093749882807,0.0663811945321943,0.03395827685206426,0.4757125795468724,-0.2,0.24999718750351568,0.0,0.0,0.07385835678791229,-0.2,0.24999718750351568,0.5210761040601462,0.03395827685206426,0.07385835678791229
0.0,0.0,0.7782184775678329,0.1100704798048252,0.0649039275579246,0.2,-0.16666854166432288,-0.03999937696399685,-0.005644651136924549,-0.31722490596980346,-0.2,0.24999718750351568,0.0,0.0,0.08435568363925275,0.2,0.24999718750351568,0.5210761040601462,-0.005644651136924549,0.08435568363925275
0.0,0.0,0.8295510927369335,0.1100704798048252,0.02184911513115569,0.0,-0.08333614582981769,0.008048656465494809,0.0060965012895107425,0.4757125795468724,-0.2,0.24999718750351568,0.0,0.0,0.10998289723527739,0.0,0.24999718750351568,0.5649856771961929,0.0060965012895107425,0.10998289723527739
0.0,0.0,0.8705761242723947,0.1100704798048252,0.0649039275579246,-0.2,-0.3333333333333333,0.0663811945321943,0.038358602184174084,-0.31722490596980346,-0.2,0.24999718750351568,0.0,0.0,0.07385835678791229,-0.2,0.24999718750351568,0.6000782127446115,0.038358602184174084,0.07385835678791229
0.0,0.0,0.9300289356821732,0.1100704798048252,-0.0058923528097041605,-0.2,0.16666479166901058,0.0663811945321943,0.03344386283219663,1.101837822421077,0.0,0.18749789062763672,0.0,0.0,0.04922768223871139,0.0,0.18749789062763672,0.650933747030982,0.03344386283219663,0.04922768223871139
0.0,0.0,0.8295510927369335,0.1100704798048252,0.02184911513115569,-0.2,-0.16666854166432288,0.019835888330908106,0.02941892070377389,0.4757125795468724,-0.4,0.4999971875035155,0.0,0.0,0.15735890219103923,-0.2,0.4999971875035155,0.5649856771961929,0.02941892070377389,0.15735890219103923
0.0,0.0,0.8641978095398893,0.1100704798048252,0.02184911513115569,-0.2,-0.16666854166432288,-0.03999937696399685,-0.005644651136924549,-0.38143282411451185,-0.4,0.3749985937517579,0.0,0.0,0.12655372557469333,-0.2,0.3749985937517579,0.5946222452995658,-0.005644651136924549,0.12655372557469333
0.0,0.0,0.8295510927369335,0.1100704798048252,0.02184911513115569,-0.2,-0.3333333333333333,0.0663811945321943,0.038358602184174084,-0.31722490596980346,-0.4,0.3749985937517579,0.0,0.0,0.15298221043133972,-0.2,0.3749985937517579,0.5649856771961929,0.038358602184174084,0.15298221043133972
0.0,0.0,0.8295510927369335,0.1100704798048252,-0.0058923528097041605,-0.2,0.16666479166901058,0.019835888330908106,0.02941892070377389,1.101837822421077,0.0,0.18749789062763672,0.0,0.0,0.03727594704876298,0.0,0.18749789062763672,0.5649856771961929,0.02941892070377389,0.03727594704876298
0.0,0.0,0.7782184775678329,0.1100704798048252,0.0649039275579246,-0.4,-0.25000093749882807,0.0663811945321943,0.03395827685206426,0.4757125795468724,-0.4,0.3749985937517579,0.0,0.0,0.1416701455755013,-0.2,0.3749985937517579,0.5210761040601462,0.03395827685206426,0.1416701455755013
0.0,0.0,0.8552066248024623,0.1100704798048252,0.02184911513115569,-0.2,0.16666479166901058,0.019835888330908106,0.02941892070377389,1.101837822421077,-0.4,0.4999971875035155,0.0,0.0,0.16703475766594392,-0.2,0.4999971875035155,0.5869312464578508,0.02941892070377389,0.16703475766594392
0.0,0.0,0.7692272832818734,0.1100704798048252,-0.0058923528097041605,-0.2,-0.3333333333333333,0.0663811945321943,0.038358602184174084,-0.31722490596980346,-0.4,0.3749985937517579,0.0,0.0,0.15298221043133972,-0.2,0.3749985937517579,0.5133850970506808,0.038358602184174084,0.15298221043133972
0.0,0.0,0.9300289356821732,0.1100704798048252,-0.0058923528097041605,-0.4,-0.25000093749882807,0.0663811945321943,0.03395827685206426,0.4757125795468724,0.0,0.18749789062763672,0.0,0.0,0.05602838789609057,0.0,0.18749789062763672,0.650933747030982,0.03395827685206426,0.05602838789609057
0.0,0.0,0.8705761242723947,0.1276091081593929,-0.0058923528097041605,0.2,-0.16666854166432288,-0.03999937696399685,-0.005644651136924549,-0.31722490596980346,-0.4,0.3749985937517579,0.0,0.0,0.15298221043133972,0.2,0.3749985937517579,0.6000782127446115,-0.005644651136924549,0.15298221043133972
0.0,0.0,0.8641978095398893,0.1100704798048252,-0.0058923528097041605,0.0,0.3333333333333333,0.008048656465494809,0.0060965012895107425,1.101837822421077,0.0,0.18749789062763672,0.0,0.0,0.03409106212208939,0.0,0.18749789062763672,0.5946222452995658,0.0060965012895107425,0.03409106212208939
0.0,0.0,0.7782184775678329,0.1100704798048252,0.02184911513115569,-0.2,-0.16666854166432288,-0.03999937696399685,-0.005644651136924549,-0.38143282411451185,-0.2,0.24999718750351568,0.0,0.0,0.07512423071225609,-0.2,0.24999718750351568,0.5210761040601462,-0.005644651136924549,0.07512423071225609
0.0,0.0,0.9483434604115072,0.1100704798048252,0.02184911513115569,-0.2,-0.4166657291678385,0.0663811945321943,0.038358602184174084,-0.38175368544893856,-0.2,0.24999718750351568,0.0,0.0,0.07385835678791229,-0.2,0.24999718750351568,0.6665998680810292,0.038358602184174084,0.07385835678791229
0.0,0.0,0.9300289356821732,0.1100704798048252,0.0649039275579246,-0.4,-0.25000093749882807,0.019835888330908106,0.02941892070377389,-0.31722490596980346,-0.2,0.24999718750351568,0.0,0.0,0.06954226537565485,-0.2,0.24999718750351568,0.650933747030982,0.02941892070377389,0.06954226537565485
0.0,0.0,0.7538577838119412,0.1100704798048252,0.02184911513115569,-0.2,-0.16666854166432288,0.019835888330908106,0.02941892070377389,0.4757125795468724,-0.2,0.24999718750351568,0.0,0.0,0.10998289723527739,-0.2,0.24999718750351568,0.5002381307639203,0.02941892070377389,0.10998289723527739
0.0,0.0,0.7628489780979008,0.1100704798048252,0.02184911513115569,-0.2,-0.16666854166432288,0.019835888330908106,0.02941892070377389,0.4757125795468724,0.0,0.18749789062763672,0.0,0.0,0.060465680003231936,0.0,0.18749789062763672,0.5079291377733858,0.02941892070377389,0.060465680003231936
0.0,0.0,0.9300289356821732,0.1100704798048252,0.02184911513115569,-0.2,-0.16666854166432288,0.019835888330908106,0.02941892070377389,0.4757125795468724,-0.4,0.3749985937517579,0.0,0.0,0.16703475766594392,-0.2,0.3749985937517579,0.650933747030982,0.02941892070377389,0.16703475766594392
0.0,0.0,0.8641978095398893,0.1100704798048252,0.02184911513115569,-0.4,-0.25000093749882807,0.0663811945321943,0.03395827685206426,0.4757125795468724,-0.2,0.24999718750351568,0.0,0.0,0.07385835678791229,-0.2,0.24999718750351568,0.5946222452995658,0.03395827685206426,0.07385835678791229
0.0,0.0,0.8478656270148001,0.1100704798048252,0.02184911513115569,-0.4,-0.3333333333333333,0.0663811945321943,0.038358602184174084,-0.31722490596980346,-0.2,0.24999718750351568,0.0,0.0,0.08220773799103114,-0.2,0.24999718750351568,0.5806518064139906,0.038358602184174084,0.08220773799103114
0.0,0.0,0.7782184775678329,0.1100704798048252,0.02184911513115569,-0.2,-0.16666854166432288,-0.03999937696399685,-0.005644651136924549,-0.31722490596980346,-0.2,0.24999718750351568,0.0,0.0,0.10998289723527739,-0.2,0.24999718750351568,0.5210761040601462,-0.005644651136924549,0.10998289723527739
0.0,0.0,0.7538577838119412,0.1100704798048252,0.02184911513115569,-0.2,0.16666479166901058,0.0663811945321943,0.03344386283219663,1.101837822421077,0.0,0.18749789062763672,0.0,0.0,0.04922768223871139,0.0,0.18749789062763672,0.5002381307639203,0.03344386283219663,0.04922768223871139
0.0,0.0,0.8295510927369335,0.1100704798048252,0.02184911513115569,0.2,-0.16666854166432288,-0.03999937696399685,-0.005644651136924549,-0.31722490596980346,-0.4,0.4999971875035155,0.0,0.0,0.15735890219103923,0.2,0.4999971875035155,0.5649856771961929,-0.005644651136924549,0.15735890219103923
0.0,0.0,0.7538577838119412,0.1100704798048252,0.02184911513115569,0.0,0.3333333333333333,-0.03999937696399685,-0.005644651136924549,1.101837822421077,-0.2,0.24999718750351568,0.0,0.0,0.05058782337018727,0.0,0.24999718750351568,0.5002381307639203,-0.005644651136924549,0.05058782337018727
0.0,0.0,0.8641978095398893,0.1100704798048252,-0.0058923528097041605,0.0,0.3333333333333333,-0.03999937696399685,-0.005644651136924549,1.101837822421077,-0.4,0.3749985937517579,0.0,0.0,0.15298221043133972,0.0,0.3749985937517579,0.5946222452995658,-0.005644651136924549,0.15298221043133972
0.0,0.0,0.8795673185583542,0.1100704798048252,0.02184911513115569,-0.2,-0.16666854166432288,0.019835888330908106,0.02941892070377389,0.4757125795468724,-0.4,0.3749985937517579,0.0,0.0,0.12655372557469333,-0.2,0.3749985937517579,0.6077692197540769,0.02941892070377389,0.12655372557469333
0.0,0.0,0.8641978095398893,0.1100704798048252,0.02184911513115569,0.0,-0.08333614582981769,0.008048656465494809,0.0060965012895107425,0.4757125795468724,-0.2,0.24999718750351568,0.0,0.0,0.07385835678791229,0.0,0.24999718750351568,0.5946222452995658,0.0060965012895107425,0.07385835678791229
0.0,0.0,0.8552066248024623,0.1100704798048252,-0.0058923528097041605,0.2,-0.16666854166432288,-0.03999937696399685,-0.005644651136924549,-0.31722490596980346,-0.4,0.3749985937517579,0.0,0.0,0.16703475766594392,0.2,0.3749985937517579,0.5869312464578508,-0.005644651136924549,0.16703475766594392
0.0,0.0,0.8295510927369335,0.1100704798048252,0.02184911513115569,-0.2,-0.3333333333333333,0.0663811945321943,0.038358602184174084,-0.31722490596980346,-0.4,0.4999971875035155,0.0,0.0,0.15735890219103923,-0.2,0.4999971875035155,0.5649856771961929,0.038358602184174084,0.15735890219103923
0.0,0.0,0.8295510927369335,0.1100704798048252,-0.0058923528097041605,-0.4,-0.3333333333333333,0.0663811945321943,0.038358602184174084,-0.31722490596980346,-0.4,0.3749985937517579,0.0,0.0,0.15298221043133972,-0.2,0.3749985937517579,0.5649856771961929,0.038358602184174084,0.15298221043133972
0.0,0.0,0.9300289356821732,0.14657088641908383,0.02184911513115569,-0.2,-0.25000093749882807,0.008048656465494809,0.0060965012895107425,-0.31722490596980346,-0.4,0.4999971875035155,0.0,0.0,0.16703475766594392,-0.2,0.4999971875035155,0.650933747030982,0.0060965012895107425,0.16703475766594392
0.0,0.0,0.9483434604115072,0.1100704798048252,-0.0058923528097041605,-0.4,-0.3333333333333333,0.0663811945321943,0.038358602184174084,-0.31722490596980346,-0.4,0.4999971875035155,0.0,0.0,0.15735890219103923,-0.2,0.4999971875035155,0.6665998680810292,0.038358602184174084,0.15735890219103923
0.0,0.0,0.7628489780979008,0.1100704798048252,0.02184911513115569,-0.2,-0.3333333333333333,0.0663811945321943,0.038358602184174084,-0.31722490596980346,0.0,0.18749789062763672,0.0,0.0,0.060465680003231936,0.0,0.18749789062763672,0.5079291377733858,0.038358602184174084,0.060465680003231936
0.0,0.0,0.9300289356821732,0.14657088641908383,0.02184911513115569,0.0,-0.08333614582981769,0.008048656465494809,0.0060965012895107425,0.4757125795468724,-0.2,0.24999718750351568,0.0,0.0,0.10998289723527739,0.0,0.24999718750351568,0.650933747030982,0.0060965012895107425,0.10998289723527739
0.0,0.0,0.8295510927369335,0.1100704798048252,0.02184911513115569,-0.2,-0.16666854166432288,0.019835888330908106,0.02941892070377389,0.4757125795468724,0.0,0.18749789062763672,0.0,0.0,0.05631118951748644,0.0,0.18749789062763672,0.5649856771961929,0.02941892070377389,0.05631118951748644
0.0,0.0,0.9483434604115072,0.1100704798048252,0.02184911513115569,0.0,0.3333333333333333,0.008048656465494809,0.0060965012895107425,1.101837822421077,-0.4,0.3749985937517579,0.0,0.0,0.15298221043133972,0.0,0.3749985937517579,0.6665998680810292,0.0060965012895107425,0.15298221043133972
0.0,0.0,0.7692272832818734,0.1100704798048252,0.02184911513115569,-0.4,-0.25000093749882807,0.0663811945321943,0.03395827685206426,0.4757125795468724,-0.4,0.3749985937517579,0.0,0.0,0.16703475766594392,-0.2,0.3749985937517579,0.5133850970506808,0.03395827685206426,0.16703475766594392
0.0,0.0,0.8478656270148001,0.1100704798048252,0.02184911513115569,0.0,0.3333333333333333,0.008048656465494809,0.0060965012895107425,1.101837822421077,-0.2,0.24999718750351568,0.0,0.0,0.06954226537565485,0.0,0.24999718750351568,0.5806518064139906,0.0060965012895107425,0.06954226537565485
0.0,0.0,0.8795673185583542,0.1100704798048252,0.02184911513115569,-0.4,-0.25000093749882807,0.0663811945321943,0.03395827685206426,0.4757125795468724,-0.4,0.3749985937517579,0.0,0.0,0.12655372557469333,-0.2,0.3749985937517579,0.6077692197540769,0.03395827685206426,0.12655372557469333
0.0,0.0,0.8641978095398893,0.1100704798048252,0.02184911513115569,0.0,0.3333333333333333,0.008048656465494809,0.0060965012895107425,1.101837822421077,-0.4,0.4999971875035155,0.0,0.0,0.15735890219103923,0.0,0.4999971875035155,0.5946222452995658,0.0060965012895107425,0.15735890219103923
0.0,0.0,0.8795673185583542,0.1100704798048252,0.02184911513115569,-0.4,-0.3333333333333333,0.0663811945321943,0.038358602184174084,-0.31722490596980346,0.0,0.18749789062763672,0.0,0.0,0.07421522550062623,0.0,0.18749789062763672,0.6077692197540769,0.038358602184174084,0.07421522550062623
0.0,0.0,0.8705761242723947,0.1100704798048252,-0.0058923528097041605,-0.2,0.16666479166901058,0.019835888330908106,0.02941892070377389,1.101837822421077,-0.4,0.3749985937517579,0.0,0.0,0.16703475766594392,-0.2,0.3749985937517579,0.6000782127446115,0.02941892070377389,0.16703475766594392
0.0,0.0,0.7869504387426591,0.1100704798048252,0.0649039275579246,-0.2,0.16666479166901058,0.019835888330908106,0.02941892070377389,1.101837822421077,-0.4,0.4999971875035155,0.0,0.0,0.16703475766594392,-0.2,0.4999971875035155,0.5285453648130631,0.02941892070377389,0.16703475766594392
0.0,0.0,0.9300289356821732,0.14657088641908383,0.02184911513115569,0.0,-0.08333614582981769,0.008048656465494809,0.0060965012895107425,0.4757125795468724,-0.4,0.3749985937517579,0.0,0.0,0.16703475766594392,0.0,0.3749985937517579,0.650933747030982,0.0060965012895107425,0.16703475766594392
0.0,0.0,0.8478656270148001,0.1100704798048252,0.02184911513115569,-0.4,-0.4166657291678385,0.019835888330908106,0.02941892070377389,-0.38143282411451185,0.0,0.18749789062763672,0.0,0.0,0.060465680003231936,0.0,0.18749789062763672,0.5806518064139906,0.02941892070377389,0.060465680003231936
0.0,0.0,0.9483434604115072,0.1100704798048252,-0.0058923528097041605,-0.2,-0.16666854166432288,0.019835888330908106,0.02941892070377389,0.4757125795468724,-0.2,0.24999718750351568,0.0,0.0,0.08435568363925275,-0.2,0.24999718750351568,0.6665998680810292,0.02941892070377389,0.08435568363925275
0.0,0.0,0.7538577838119412,0.1100704798048252,0.02184911513115569,0.0,0.0,-0.03999937696399685,-0.005644651136924549,0.4757125795468724,-0.2,0.24999718750351568,0.0,0.0,0.08435568363925275,0.0,0.24999718750351568,0.5002381307639203,-0.005644651136924549,0.08435568363925275
0.0,0.0,0.8740135005174444,0.1100704798048252,0.0649039275579246,0.0,0.0,-0.03999937696399685,-0.005644651136924549,0.4757125795468724,-0.4,0.3749985937517579,0.0,0.0,0.12655372557469333,0.0,0.3749985937517579,0.6030185212235564,-0.005644651136924549,0.12655372557469333
0.0,0.0,0.8552066248024623,0.1100704798048252,0.02184911513115569,-0.4,-0.25000093749882807,0.0663811945321943,0.03395827685206426,0.4757125795468724,-0.2,0.24999718750351568,0.0,0.0,0.07385835678791229,-0.2,0.24999718750351568,0.5869312464578508,0.03395827685206426,0.07385835678791229
0.0,0.0,0.7538577838119412,0.1100704798048252,0.02184911513115569,-0.2,-0.4166657291678385,0.0663811945321943,0.038358602184174084,-0.38175368544893856,-0.4,0.3749985937517579,0.0,0.0,0.15298221043133972,-0.2,0.3749985937517579,0.5002381307639203,0.038358602184174084,0.15298221043133972
0.0,0.0,0.8641978095398893,0.1100704798048252,0.02184911513115569,0.2,-0.25000093749882807,0.008048656465494809,0.0060965012895107425,-0.31722490596980346,-0.4,0.3749985937517579,0.0,0.0,0.12655372557469333,0.2,0.3749985937517579,0.5946222452995658,0.0060965012895107425,0.12655372557469333
0.0,0.0,0.8478656270148001,0.1100704798048252,-0.0058923528097041605,0.0,-0.25000093749882807,0.019835888330908106,0.02941892070377389,-0.31722490596980346,-0.2,0.24999718750351568,0.0,0.0,0.10998289723527739,0.0,0.24999718750351568,0.5806518064139906,0.02941892070377389,0.10998289723527739
0.0,0.0,0.8705761242723947,0.1100704798048252,0.02184911513115569,0.0,-0.08333614582981769,0.008048656465494809,0.0060965012895107425,0.4757125795468724,-0.4,0.4999971875035155,0.0,0.0,0.15298221043133972,0.0,0.4999971875035155,0.6000782127446115,0.0060965012895107425,0.15298221043133972
0.0,0.0,0.7782184775678329,0.1100704798048252,-0.0058923528097041605,-0.2,-0.4166657291678385,0.0663811945321943,0.038358602184174084,-0.38175368544893856,0.0,0.18749789062763672,0.0,0.0,0.060465680003231936,0.0,0.18749789062763672,0.5210761040601462,0.038358602184174084,0.060465680003231936
0.0,0.0,0.9300289356821732,0.1100704798048252,0.02184911513115569,-0.2,-0.16666854166432288,0.019835888330908106,0.02941892070377389,0.4757125795468724,-0.2,0.24999718750351568,0.0,0.0,0.10998289723527739,-0.2,0.24999718750351568,0.650933747030982,0.02941892070377389,0.10998289723527739
0.0,0.0,0.8295510927369335,0.1100704798048252,0.0649039275579246,-0.2,-0.16666854166432288,0.019835888330908106,0.02941892070377389,0.4757125795468724,-0.2,0.24999718750351568,0.0,0.0,0.07385835678791229,-0.2,0.24999718750351568,0.5649856771961929,0.02941892070377389,0.07385835678791229
0.0,0.0,0.7538577838119412,0.1100704798048252,0.02184911513115569,0.2,-0.16666854166432288,-0.03999937696399685,-0.005644651136924549,-0.31722490596980346,-0.2,0.24999718750351568,0.0,0.0,0.06954226537565485,0.2,0.24999718750351568,0.5002381307639203,-0.005644651136924549,0.06954226537565485
0.0,0.0,0.8478656270148001,0.12825969097316345,0.02184911513115569,-0.2,-0.16666854166432288,-0.03999937696399685,-0.005644651136924549,-0.31722490596980346,-0.4,0.3749985937517579,0.0,0.0,0.15298221043133972,-0.2,0.3749985937517579,0.5806518064139906,-0.005644651136924549,0.15298221043133972
0.0,0.0,0.8295510927369335,0.1100704798048252,0.02184911513115569,-0.4,-0.25000093749882807,0.0663811945321943,0.03395827685206426,0.4757125795468724,-0.4,0.3749985937517579,0.0,0.0,0.15298221043133972,-0.2,0.3749985937517579,0.5649856771961929,0.03395827685206426,0.15298221043133972
0.0,0.0,0.8295510927369335,0.1100704798048252,0.02184911513115569,0.0,-0.08333614582981769,0.008048656465494809,0.0060965012895107425,0.4757125795468724,-0.4,0.3749985937517579,0.0,0.0,0.1416701455755013,0.0,0.3749985937517579,0.5649856771961929,0.0060965012895107425,0.1416701455755013
0.0,0.0,0.8295510927369335,0.1100704798048252,-0.0058923528097041605,0.0,-0.08333614582981769,0.008048656465494809,0.0060965012895107425,0.4757125795468724,-0.2,0.24999718750351568,0.0,0.0,0.08435568363925275,0.0,0.24999718750351568,0.5649856771961929,0.0060965012895107425,0.08435568363925275
0.0,0.0,0.7692272832818734,0.1100704798048252,0.02184911513115569,-0.2,-0.16666854166432288,0.008048656465494809,0.0060965012895107425,-0.31722490596980346,-0.2,0.24999718750351568,0.0,0.0,0.08435568363925275,-0.2,0.24999718750351568,0.5133850970506808,0.0060965012895107425,0.08435568363925275
0.0,0.0,0.8641978095398893,0.1100704798048252,-0.0058923528097041605,0.0,-0.3333333333333333,0.0663811945321943,0.03628704302308608,-0.31722490596980346,-0.2,0.24999718750351568,0.0,0.0,0.06954226537565485,0.0,0.24999718750351568,0.5946222452995658,0.03628704302308608,0.06954226537565485
0.0,0.0,0.9483434604115072,0.1100704798048252,-0.0058923528097041605,0.0,0.3333333333333333,-0.03999937696399685,-0.005644651136924549,1.101837822421077,-0.4,0.3749985937517579,0.0,0.0,0.16703475766594392,0.0,0.3749985937517579,0.6665998680810292,-0.005644651136924549,0.16703475766594392
0.0,0.0,0.9483434604115072,0.1100704798048252,0.02184911513115569,-0.4,-0.25000093749882807,0.019835888330908106,0.02941892070377389,-0.31722490596980346,-0.4,0.3749985937517579,0.0,0.0,0.16703475766594392,-0.2,0.3749985937517579,0.6665998680810292,0.02941892070377389,0.16703475766594392
0.0,0.0,0.8295510927369335,0.1100704798048252,0.02184911513115569,0.2,-0.16666854166432288,0.008048656465494809,0.0060965012895107425,-0.31722490596980346,0.0,0.18749789062763672,0.0,0.0,0.060465680003231936,0.2,0.18749789062763672,0.5649856771961929,0.0060965012895107425,0.060465680003231936
0.0,0.0,0.8641978095398893,0.1100704798048252,0.02184911513115569,-0.4,-0.4166657291678385,0.019835888330908106,0.02941892070377389,-0.38143282411451185,-0.4,0.3749985937517579,0.0,0.0,0.15298221043133972,-0.2,0.3749985937517579,0.5946222452995658,0.02941892070377389,0.15298221043133972
0.0,0.0,0.9483434604115072,0.1100704798048252,0.02184911513115569,-0.4,-0.25000093749882807,0.0663811945321943,0.03395827685206426,0.4757125795468724,-0.4,0.4999971875035155,0.0,0.0,0.15735890219103923,-0.2,0.4999971875035155,0.6665998680810292,0.03395827685206426,0.15735890219103923
0.0,0.0,0.8705761242723947,0.1100704798048252,0.02184911513115569,-0.4,-0.3333333333333333,0.0663811945321943,0.038358602184174084,-0.31722490596980346,-0.2,0.24999718750351568,0.0,0.0,0.07385835678791229,-0.2,0.24999718750351568,0.6000782127446115,0.038358602184174084,0.07385835678791229
0.0,0.0,0.8478656270148001,0.1100704798048252,-0.0058923528097041605,-0.4,-0.25000093749882807,0.0663811945321943,0.03395827685206426,0.4757125795468724,-0.4,0.3749985937517579,0.0,0.0,0.16703475766594392,-0.2,0.3749985937517579,0.5806518064139906,0.03395827685206426,0.16703475766594392
0.0,0.0,0.7628489780979008,0.1100704798048252,0.02184911513115569,-0.2,-0.16666854166432288,-0.03999937696399685,-0.005644651136924549,-0.31722490596980346,-0.4,0.3749985937517579,0.0,0.0,0.15298221043133972,-0.2,0.3749985937517579,0.5079291377733858,-0.005644651136924549,0.15298221043133972
0.0,0.0,0.9483434604115072,0.15328002168609378,-0.0058923528097041605,-0.2,-0.16666854166432288,0.008048656465494809,0.0060965012895107425,-0.31722490596980346,0.0,0.18749789062763672,0.0,0.0,0.05602838789609057,0.0,0.18749789062763672,0.6665998680810292,0.0060965012895107425,0.05602838789609057
0.0,0.0,0.8641978095398893,0.1100704798048252,0.02184911513115569,-0.2,-0.16666854166432288,-0.03999937696399685,-0.005644651136924549,-0.31722490596980346,-0.4,0.3749985937517579,0.0,0.0,0.16703475766594392,-0.2,0.3749985937517579,0.5946222452995658,-0.005644651136924549,0.16703475766594392
0.0,0.0,0.8705761242723947,0.1100704798048252,0.02184911513115569,-0.4,-0.25000093749882807,0.0663811945321943,0.03395827685206426,0.4757125795468724,-0.4,0.3749985937517579,0.0,0.0,0.16703475766594392,-0.2,0.3749985937517579,0.6000782127446115,0.03395827685206426,0.16703475766594392
0.0,0.0,0.9300289356821732,0.1100704798048252,0.02184911513115569,0.0,0.3333333333333333,-0.03999937696399685,-0.005644651136924549,1.101837822421077,-0.4,0.3749985937517579,0.0,0.0,0.12655372557469333,0.0,0.3749985937517579,0.650933747030982,-0.005644651136924549,0.12655372557469333
0.0,0.0,0.7692272832818734,0.1100704798048252,0.02184911513115569,0.0,0.0,-0.03999937696399685,-0.005644651136924549,0.4757125795468724,-0.2,0.24999718750351568,0.0,0.0,0.06954226537565485,0.0,0.24999718750351568,0.5133850970506808,-0.005644651136924549,0.06954226537565485
0.0,0.0,0.7782184775678329,0.1100704798048252,-0.0058923528097041605,-0.4,-0.3333333333333333,0.0663811945321943,0.038358602184174084,-0.31722490596980346,0.0,0.18749789062763672,0.0,0.0,0.05602838789609057,0.0,0.18749789062763672,0.5210761040601462,0.038358602184174084,0.05602838789609057
0.0,0.0,0.9483434604115072,0.1100704798048252,0.02184911513115569,-0.4,-0.3333333333333333,0.0663811945321943,0.038358602184174084,-0.31722490596980346,0.0,0.18749789062763672,0.0,0.0,0.06435756898339538,0.0,0.18749789062763672,0.6665998680810292,0.038358602184174084,0.06435756898339538
0.0,0.0,0.8795673185583542,0.1100704798048252,0.02184911513115569,-0.4,-0.3333333333333333,0.019835888330908106,0.02941892070377389,-0.31722490596980346,-0.4,0.4999971875035155,0.0,0.0,0.15298221043133972,-0.2,0.4999971875035155,0.6077692197540769,0.02941892070377389,0.15298221043133972
0.0,0.0,0.9483434604115072,0.1100704798048252,0.02184911513115569,-0.4,-0.3333333333333333,0.0663811945321943,0.038358602184174084,-0.31722490596980346,-0.4,0.3749985937517579,0.0,0.0,0.12655372557469333,-0.2,0.3749985937517579,0.6665998680810292,0.038358602184174084,0.12655372557469333
0.0,0.0,0.9300289356821732,0.1100704798048252,-0.0058923528097041605,0.0,0.3333333333333333,0.008048656465494809,0.0060965012895107425,1.101837822421077,0.0,0.18749789062763672,0.0,0.0,0.03409106212208939,0.0,0.18749789062763672,0.650933747030982,0.0060965012895107425,0.03409106212208939
0.0,0.0,0.8295510927369335,0.1100704798048252,0.02184911513115569,-0.2,0.16666479166901058,0.019835888330908106,0.02941892070377389,1.101837822421077,-0.4,0.3749985937517579,0.0,0.0,0.15298221043133972,-0.2,0.3749985937517579,0.5649856771961929,0.02941892070377389,0.15298221043133972
0.0,0.0,0.9300289356821732,0.1100704798048252,0.02184911513115569,-0.2,0.16666479166901058,0.019835888330908106,0.02941892070377389,1.101837822421077,0.0,0.18749789062763672,0.0,0.0,0.05112649312522717,0.0,0.18749789062763672,0.650933747030982,0.02941892070377389,0.05112649312522717
0.0,0.0,0.8478656270148001,0.1100704798048252,0.02184911513115569,-0.2,-0.16666854166432288,0.019835888330908106,0.02941892070377389,0.4757125795468724,-0.4,0.3749985937517579,0.0,0.0,0.16703475766594392,-0.2,0.3749985937517579,0.5806518064139906,0.02941892070377389,0.16703475766594392
0.0,0.0,0.8795673185583542,0.1100704798048252,0.02184911513115569,-0.2,0.16666479166901058,0.019835888330908106,0.02941892070377389,1.101837822421077,-0.2,0.24999718750351568,0.0,0.0,0.10998289723527739,-0.2,0.24999718750351568,0.6077692197540769,0.02941892070377389,0.10998289723527739
0.0,0.0,0.8295510927369335,0.1100704798048252,0.02184911513115569,-0.2,-0.3333333333333333,0.008048656465494809,0.0060965012895107425,-0.38143282411451185,-0.4,0.3749985937517579,0.0,0.0,0.15298221043133972,-0.2,0.3749985937517579,0.5649856771961929,0.0060965012895107425,0.15298221043133972
0.0,0.0,0.7692272832818734,0.1100704798048252,0.02184911513115569,-0.4,-0.25000093749882807,0.0663811945321943,0.03395827685206426,0.4757125795468724,-0.2,0.24999718750351568,0.0,0.0,0.07385835678791229,-0.2,0.24999718750351568,0.5133850970506808,0.03395827685206426,0.07385835678791229
0.0,0.0,0.7628489780979008,0.1100704798048252,0.02184911513115569,-0.2,-0.16666854166432288,0.019835888330908106,0.02941892070377389,0.4757125795468724,-0.2,0.24999718750351568,0.0,0.0,0.07385835678791229,-0.2,0.24999718750351568,0.5079291377733858,0.02941892070377389,0.07385835678791229
0.0,0.0,0.8295510927369335,0.1100704798048252,0.02184911513115569,0.0,0.3333333333333333,-0.03999937696399685,-0.005644651136924549,1.101837822421077,0.0,0.18749789062763672,0.0,0.0,0.03409106212208939,0.0,0.18749789062763672,0.5649856771961929,-0.005644651136924549,0.03409106212208939
0.0,0.0,0.9483434604115072,0.1100704798048252,0.02184911513115569,-0.2,0.16666479166901058,0.019835888330908106,0.02941892070377389,1.101837822421077,0.0,0.18749789062763672,0.0,0.0,0.03727594704876298,0.0,0.18749789062763672,0.6665998680810292,0.02941892070377389,0.03727594704876298
0.0,0.0,0.7628489780979008,0.1100704798048252,0.02184911513115569,-0.2,-0.16666854166432288,-0.03999937696399685,-0.005644651136924549,-0.31722490596980346,0.0,0.18749789062763672,0.0,0.0,0.060465680003231936,0.0,0.18749789062763672,0.5079291377733858,-0.005644651136924549,0.060465680003231936
0.0,0.0,0.7538577838119412,0.1100704798048252,0.02184911513115569,0.0,-0.08333614582981769,0.008048656465494809,0.0060965012895107425,0.4757125795468724,0.0,0.18749789062763672,0.0,0.0,0.060465680003231936,0.0,0.18749789062763672,0.5002381307639203,0.0060965012895107425,0.060465680003231936
0.0,0.0,0.9483434604115072,0.1100704798048252,0.02184911513115569,0.0,0.3333333333333333,0.008048656465494809,0.0060965012895107425,1.101837822421077,-0.2,0.24999718750351568,0.0,0.0,0.06954226537565485,0.0,0.24999718750351568,0.6665998680810292,0.0060965012895107425,0.06954226537565485
0.0,0.0,0.8552066248024623,0.1100704798048252,0.02184911513115569,-0.4,-0.25000093749882807,0.0663811945321943,0.03395827685206426,0.4757125795468724,-0.4,0.4999971875035155,0.0,0.0,0.16703475766594392,-0.2,0.4999971875035155,0.5869312464578508,0.03395827685206426,0.16703475766594392
0.0,0.0,0.8478656270148001,0.14051233396584442,-0.0058923528097041605,-0.2,-0.25000093749882807,0.008048656465494809,0.0060965012895107425,-0.31722490596980346,-0.4,0.3749985937517579,0.0,0.0,0.16703475766594392,-0.2,0.3749985937517579,0.5806518064139906,0.0060965012895107425,0.16703475766594392
0.0,0.0,0.8705761242723947,0.1100704798048252,0.02184911513115569,0.0,0.3333333333333333,-0.03999937696399685,-0.005644651136924549,1.101837822421077,0.0,0.18749789062763672,0.0,0.0,0.03409106212208939,0.0,0.18749789062763672,0.6000782127446115,-0.005644651136924549,0.03409106212208939
0.0,0.0,0.8795673185583542,0.1100704798048252,0.02184911513115569,-0.2,-0.16666854166432288,0.019835888330908106,0.02941892070377389,0.4757125795468724,-0.4,0.3749985937517579,0.0,0.0,0.12655372557469333,-0.2,0.3749985937517579,0.6077692197540769,0.02941892070377389,0.12655372557469333
0.0,0.0,0.7782184775678329,0.1100704798048252,0.0649039275579246,-0.2,-0.4166657291678385,0.0663811945321943,0.038358602184174084,-0.38175368544893856,-0.4,0.3749985937517579,0.0,0.0,0.16703475766594392,-0.2,0.3749985937517579,0.5210761040601462,0.038358602184174084,0.16703475766594392
0.0,0.0,0.8295510927369335,0.1100704798048252,0.02184911513115569,-0.4,-0.3333333333333333,0.0663811945321943,0.038358602184174084,-0.31722490596980346,0.0,0.18749789062763672,0.0,0.0,0.07421522550062623,0.0,0.18749789062763672,0.5649856771961929,0.038358602184174084,0.07421522550062623
0.0,0.0,0.8478656270148001,0.14051233396584442,0.02184911513115569,-0.2,-0.16666854166432288,0.008048656465494809,0.0060965012895107425,-0.31722490596980346,-0.2,0.24999718750351568,0.0,0.0,0.08220773799103114,-0.2,0.24999718750351568,0.5806518064139906,0.0060965012895107425,0.08220773799103114
0.0,0.0,0.9300289356821732,0.1100704798048252,0.02184911513115569,0.0,0.3333333333333333,0.008048656465494809,0.0060965012895107425,1.101837822421077,-0.2,0.24999718750351568,0.0,0.0,0.05058782337018727,0.0,0.24999718750351568,0.650933747030982,0.0060965012895107425,0.05058782337018727
0.0,0.0,0.8552066248024623,0.1100704798048252,-0.0058923528097041605,0.0,0.3333333333333333,-0.03999937696399685,-0.005644651136924549,1.101837822421077,-0.4,0.3749985937517579,0.0,0.0,0.12655372557469333,0.0,0.3749985937517579,0.5869312464578508,-0.005644651136924549,0.12655372557469333
0.0,0.0,0.8478656270148001,0.1100704798048252,0.02184911513115569,-0.2,0.08333239583450529,0.0663811945321943,0.03344386283219663,1.101837822421077,-0.4,0.3749985937517579,0.0,0.0,0.15298221043133972,-0.2,0.3749985937517579,0.5806518064139906,0.03344386283219663,0.15298221043133972
0.0,0.0,0.7628489780979008,0.1100704798048252,0.02184911513115569,-0.2,-0.16666854166432288,0.008048656465494809,0.0060965012895107425,-0.31722490596980346,0.0,0.18749789062763672,0.0,0.0,0.07421522550062623,0.0,0.18749789062763672,0.5079291377733858,0.0060965012895107425,0.07421522550062623
0.0,0.0,0.7538577838119412,0.1100704798048252,0.02184911513115569,-0.2,-0.16666854166432288,0.019835888330908106,0.02941892070377389,0.4757125795468724,-0.2,0.24999718750351568,0.0,0.0,0.06954226537565485,-0.2,0.24999718750351568,0.5002381307639203,0.02941892070377389,0.06954226537565485
0.0,0.0,0.9300289356821732,0.1100704798048252,0.02184911513115569,-0.4,-0.4166657291678385,0.019835888330908106,0.02941892070377389,-0.38143282411451185,-0.4,0.4999971875035155,0.0,0.0,0.15298221043133972,-0.2,0.4999971875035155,0.650933747030982,0.02941892070377389,0.15298221043133972
0.0,0.0,0.8795673185583542,0.11869070208728655,-0.0058923528097041605,0.0,0.0,-0.03999937696399685,-0.005644651136924549,0.4757125795468724,-0.4,0.3749985937517579,0.0,0.0,0.15298221043133972,0.0,0.3749985937517579,0.6077692197540769,-0.005644651136924549,0.15298221043133972
0.0,0.0,0.7692272832818734,0.1100704798048252,0.02184911513115569,0.0,0.3333333333333333,-0.03999937696399685,-0.005644651136924549,1.101837822421077,-0.4,0.3749985937517579,0.0,0.0,0.15298221043133972,0.0,0.3749985937517579,0.5133850970506808,-0.005644651136924549,0.15298221043133972
0.0,0.0,0.7692272832818734,0.1100704798048252,0.02184911513115569,0.2,-0.16666854166432288,0.008048656465494809,0.0060965012895107425,-0.31722490596980346,-0.2,0.24999718750351568,0.0,0.0,0.07385835678791229,0.2,0.24999718750351568,0.5133850970506808,0.0060965012895107425,0.07385835678791229
0.0,0.0,0.8641978095398893,0.1100704798048252,0.0649039275579246,-0.4,-0.25000093749882807,0.0663811945321943,0.03395827685206426,0.4757125795468724,-0.4,0.3749985937517579,0.0,0.0,0.12655372557469333,-0.2,0.3749985937517579,0.5946222452995658,0.03395827685206426,0.12655372557469333
0.0,0.0,0.8295510927369335,0.1100704798048252,0.02184911513115569,-0.4,-0.3333333333333333,0.0663811945321943,0.038358602184174084,-0.31722490596980346,-0.2,0.24999718750351568,0.0,0.0,0.08435568363925275,-0.2,0.24999718750351568,0.5649856771961929,0.038358602184174084,0.08435568363925275
0.0,0.0,0.9483434604115072,0.1100704798048252,0.0649039275579246,-0.4,-0.3333333333333333,0.0663811945321943,0.038358602184174084,-0.31722490596980346,0.0,0.18749789062763672,0.0,0.0,0.060465680003231936,0.0,0.18749789062763672,0.6665998680810292,0.038358602184174084,0.060465680003231936
0.0,0.0,0.8705761242723947,0.14657088641908383,0.02184911513115569,0.0,0.0,-0.03999937696399685,-0.005644651136924549,0.4757125795468724,0.0,0.18749789062763672,0.0,0.0,0.060465680003231936,0.0,0.18749789062763672,0.6000782127446115,-0.005644651136924549,0.060465680003231936
0.0,0.0,0.7628489780979008,0.1100704798048252,0.02184911513115569,-0.2,-0.16666854166432288,0.019835888330908106,0.02941892070377389,0.4757125795468724,-0.4,0.3749985937517579,0.0,0.0,0.16703475766594392,-0.2,0.3749985937517579,0.5079291377733858,0.02941892070377389,0.16703475766594392
0.0,0.0,0.7538577838119412,0.1100704798048252,0.02184911513115569,0.0,-0.25000093749882807,0.019835888330908106,0.02941892070377389,-0.31722490596980346,-0.4,0.3749985937517579,0.0,0.0,0.15298221043133972,0.0,0.3749985937517579,0.5002381307639203,0.02941892070377389,0.15298221043133972
0.0,0.0,0.7782184775678329,0.1100704798048252,0.02184911513115569,-0.4,-0.3333333333333333,0.0663811945321943,0.038358602184174084,-0.31722490596980346,-0.4,0.3749985937517579,0.0,0.0,0.15298221043133972,-0.2,0.3749985937517579,0.5210761040601462,0.038358602184174084,0.15298221043133972
0.0,0.0,0.8641978095398893,0.1100704798048252,0.02184911513115569,0.0,0.3333333333333333,0.008048656465494809,0.0060965012895107425,1.101837822421077,0.0,0.18749789062763672,0.0,0.0,0.04922768223871139,0.0,0.18749789062763672,0.5946222452995658,0.0060965012895107425,0.04922768223871139
0.0,0.0,0.9483434604115072,0.1100704798048252,0.02184911513115569,-0.2,-0.16666854166432288,0.019835888330908106,0.02941892070377389,0.4757125795468724,0.0,0.18749789062763672,0.0,0.0,0.05631118951748644,0.0,0.18749789062763672,0.6665998680810292,0.02941892070377389,0.05631118951748644
0.0,0.0,0.8552066248024623,0.1100704798048252,-0.0058923528097041605,-0.4,-0.25000093749882807,0.0663811945321943,0.03395827685206426,0.4757125795468724,-0.4,0.3749985937517579,0.0,0.0,0.16703475766594392,-0.2,0.3749985937517579,0.5869312464578508,0.03395827685206426,0.16703475766594392
0.0,0.0,0.8552066248024623,0.1100704798048252,-0.0058923528097041605,0.0,-0.08333614582981769,0.008048656465494809,0.0060965012895107425,0.4757125795468724,-0.4,0.3749985937517579,0.0,0.0,0.15298221043133972,0.0,0.3749985937517579,0.5869312464578508,0.0060965012895107425,0.15298221043133972
0.0,0.0,0.7692272832818734,0.1100704798048252,0.02184911513115569,-0.4,-0.25000093749882807,0.019835888330908106,0.02941892070377389,-0.31722490596980346,0.0,0.18749789062763672,0.0,0.0,0.07421522550062623,0.0,0.18749789062763672,0.5133850970506808,0.02941892070377389,0.07421522550062623
0.0,0.0,0.7692272832818734,0.1100704798048252,-0.0058923528097041605,-0.2,0.16666479166901058,0.019835888330908106,0.02941892070377389,1.101837822421077,-0.2,0.24999718750351568,0.0,0.0,0.08435568363925275,-0.2,0.24999718750351568,0.5133850970506808,0.02941892070377389,0.08435568363925275
0.0,0.0,0.9483434604115072,0.1100704798048252,-0.0058923528097041605,-0.4,-0.25000093749882807,0.0663811945321943,0.03395827685206426,0.4757125795468724,-0.4,0.3749985937517579,0.0,0.0,0.15298221043133972,-0.2,0.3749985937517579,0.6665998680810292,0.03395827685206426,0.15298221043133972
0.0,0.0,0.8705761242723947,0.1100704798048252,0.02184911513115569,-0.2,-0.4166657291678385,0.0663811945321943,0.038358602184174084,-0.38175368544893856,-0.4,0.3749985937517579,0.0,0.0,0.16703475766594392,-0.2,0.3749985937517579,0.6000782127446115,0.038358602184174084,0.16703475766594392
0.0,0.0,0.7692272832818734,0.1100704798048252,-0.0058923528097041605,0.0,-0.4166657291678385,0.019835888330908106,0.02941892070377389,-0.38175368544893856,-0.4,0.3749985937517579,0.0,0.0,0.1416701455755013,0.0,0.3749985937517579,0.5133850970506808,0.02941892070377389,0.1416701455755013
0.0,0.0,0.8295510927369335,0.1100704798048252,-0.0058923528097041605,0.0,-0.08333614582981769,0.008048656465494809,0.0060965012895107425,0.4757125795468724,-0.4,0.3749985937517579,0.0,0.0,0.16703475766594392,0.0,0.3749985937517579,0.5649856771961929,0.0060965012895107425,0.16703475766594392
0.0,0.0,0.9300289356821732,0.1100704798048252,0.02184911513115569,-0.2,-0.16666854166432288,0.019835888330908106,0.02941892070377389,0.4757125795468724,-0.4,0.3749985937517579,0.0,0.0,0.16703475766594392,-0.2,0.3749985937517579,0.650933747030982,0.02941892070377389,0.16703475766594392
0.0,0.0,0.9300289356821732,0.1100704798048252,-0.0058923528097041605,-0.2,0.16666479166901058,0.019835888330908106,0.02941892070377389,1.101837822421077,-0.2,0.24999718750351568,0.0,0.0,0.05058782337018727,-0.2,0.24999718750351568,0.650933747030982,0.02941892070377389,0.05058782337018727
0.0,0.0,0.7628489780979008,0.1100704798048252,-0.0058923528097041605,-0.2,-0.3333333333333333,0.0663811945321943,0.038358602184174084,-0.31722490596980346,0.0,0.18749789062763672,0.0,0.0,0.05602838789609057,0.0,0.18749789062763672,0.5079291377733858,0.038358602184174084,0.05602838789609057
0.0,0.0,0.7628489780979008,0.1100704798048252,0.02184911513115569,0.2,-0.16666854166432288,0.008048656465494809,0.0060965012895107425,-0.31722490596980346,-0.2,0.24999718750351568,0.0,0.0,0.08220773799103114,0.2,0.24999718750351568,0.5079291377733858,0.0060965012895107425,0.08220773799103114
0.0,0.0,0.8552066248024623,0.1100704798048252,-0.0058923528097041605,0.0,-0.3333333333333333,0.019835888330908106,0.02941892070377389,-0.31722490596980346,-0.4,0.4999971875035155,0.0,0.0,0.16703475766594392,0.0,0.4999971875035155,0.5869312464578508,0.02941892070377389,0.16703475766594392
0.25,0.0,-0.3457098930073556,-0.34663865546218486,-0.023914825024212872,0.2,-0.25000093749882807,0.0,-0.015494984463306351,-0.536391023012888,0.4,-0.18750070312412104,0.0,0.0,-0.10700674683868198,0.4,-0.18750070312412104,0.0,-0.015494984463306351,-0.029599903039444167
0.25,0.0,-0.3457098930073556,-0.3284087828679859,-0.053173404493088314,0.6,0.0,-0.09780564236694488,-0.06003350642669951,1.2873491506087449,0.4,-0.18750070312412104,0.0,0.0,-0.10700674683868198,0.6,-0.18750070312412104,-0.09780564236694488,-0.06003350642669951,-0.05868806981160026
0.25,0.0,0.7628489780979008,0.1100704798048252,-0.053173404493088314,0.4,-0.25000093749882807,-0.0171895780288559,-0.02736821616511297,1.1887377671616248,0.2,-0.06250210937236327,0.0,0.0,-0.10963276189450165,0.4,-0.06250210937236327,0.5079291377733858,-0.02736821616511297,-0.05868806981160026
0.25,0.0,1.0941880144641936,0.15328002168609378,-0.02813429146150662,0.4,-0.25000093749882807,-0.0171895780288559,-0.02736821616511297,1.1887377671616248,0.0,-0.06250210937236327,0.0,0.0,-0.029020833052776224,0.4,-0.06250210937236327,0.7913543169158391,-0.02736821616511297,-0.029020833052776224
0.75,0.0,-0.6473185610277368,-0.5558145838980754,-0.023914825024212872,0.2,-0.25000093749882807,0.0,-0.015494984463306351,-0.4599368972708961,0.4,-0.18750070312412104,0.0,0.0,-0.10700674683868198,0.4,-0.18750070312412104,0.0,-0.015494984463306351,-0.029599903039444167
0.25,0.0,-0.38481803752943794,-0.3319463269178639,-0.023779368637782947,0.2,-0.25000093749882807,-0.05240216317316189,-0.025011643830855232,-0.536391023012888,0.4,-0.18750070312412104,0.0,0.0,-0.14134694372247741,0.4,-0.18750070312412104,-0.05240216317316189,-0.025011643830855232,-0.029465235600684234
0.25,0.0,-0.3882699848352115,-0.3284087828679859,-0.023779368637782947,0.2,-0.16666854166432288,-0.0171895780288559,-0.02736821616511297,1.2664753382413234,0.4,-0.18750070312412104,0.0,0.0,-0.14134694372247741,0.4,-0.18750070312412104,-0.0171895780288559,-0.02736821616511297,-0.029465235600684234
0.25,0.0,-0.34558788185799244,-0.24361615613987528,-0.023914825024212872,0.2,-0.16666854166432288,-0.0171895780288559,-0.02736821616511297,1.2664753382413234,0.4,-0.18750070312412104,0.0,0.0,-0.14134694372247741,0.4,-0.18750070312412104,-0.0171895780288559,-0.02736821616511297,-0.029599903039444167
0.25,0.0,-0.38481803752943794,-0.21962591488208183,-0.023914825024212872,0.2,0.0,-0.06967832752437475,-0.043947640994626606,1.3692579190359897,0.2,-0.12500140624824208,0.0,0.0,-0.13091021721857882,0.2,-0.12500140624824208,-0.06967832752437475,-0.043947640994626606,-0.029599903039444167
0.25,0.0,-0.3457098930073556,-0.3284087828679859,-0.023914825024212872,0.2,-0.25000093749882807,0.0,-0.015494984463306351,-0.4599368972708961,0.2,-0.12500140624824208,0.0,0.0,-0.053166704822441076,0.2,-0.12500140624824208,0.0,-0.015494984463306351,-0.029599903039444167
0.75,0.0,-0.6520563710225181,-0.5806451612903226,-0.023779368637782947,0.2,-0.08333614582981769,-0.0171895780288559,-0.028522171939410337,1.3692579190359897,0.2,-0.12500140624824208,98.708063,0.0,-0.13093041733439284,0.4,-0.12500140624824208,-0.0171895780288559,-0.028522171939410337,-0.029465235600684234
0.25,0.0,0.7782184775678329,0.14051233396584442,-0.023914825024212872,0.6,0.0,-0.05719787417632732,-0.05503534858501392,1.2664753382413234,0.2,-0.12500140624824208,0.0,0.0,-0.0925165304281078,0.6,-0.12500140624824208,0.5210761040601462,-0.05503534858501392,-0.029599903039444167
0.25,0.0,-0.38481803752943794,-0.3512740580103008,-0.02813429146150662,0.2,-0.16666854166432288,-0.06967832752437475,-0.04369738552550182,1.1887377671616248,0.0,-0.06250210937236327,0.0,0.0,-0.07977699072141345,0.2,-0.06250210937236327,-0.06967832752437475,-0.04369738552550182,-0.03379479375681751
0.25,0.0,1.105215490614967,0.14506641366223916,-0.02813429146150662,0.6,0.08333239583450529,-0.09780564236694488,-0.06003350642669951,1.3725734861583982,0.2,-0.18750070312412104,0.0,0.0,-0.053166704822441076,0.6,-0.18750070312412104,0.8007871457119816,-0.06003350642669951,-0.03379479375681751
0.25,0.0,-0.38481803752943794,-0.3284087828679859,-0.023914825024212872,0.2,-0.08333614582981769,-0.06967832752437475,-0.043947640994626606,1.2664753382413234,0.2,-0.12500140624824208,0.0,0.0,-0.13189328952152654,0.2,-0.12500140624824208,-0.06967832752437475,-0.043947640994626606,-0.029599903039444167
0.25,0.0,-0.38481803752943794,-0.3284087828679859,-0.023914825024212872,0.0,-0.3333333333333333,0.0,-0.013402570679791266,-0.5377814221287367,0.2,-0.12500140624824208,0.0,0.0,-0.13245215939238048,0.2,-0.12500140624824208,0.0,-0.013402570679791266,-0.029599903039444167
0.75,0.0,-0.6520563710225181,-0.5909460558416916,-0.023914825024212872,0.0,-0.3333333333333333,-0.05240216317316189,-0.024900419177910794,-0.5377814221287367,0.2,-0.12500140624824208,98.708063,0.0,-0.13158355441237865,0.4,-0.12500140624824208,-0.05240216317316189,-0.024900419177910794,-0.029599903039444167
0.25,0.0,-0.31158866059811585,-0.2131200867443751,-0.009299080928418161,0.2,-0.25000093749882807,-0.0171895780288559,-0.02741687695077616,1.1747089965953044,0.4,-0.18750070312412104,0.0,0.0,-0.10700674683868198,0.4,-0.18750070312412104,-0.0171895780288559,-0.02741687695077616,-0.01506928639724213
0.25,0.0,-0.34558788185799244,-0.21962591488208183,-0.053173404493088314,0.2,-0.25000093749882807,-0.06967832752437475,-0.04369738552550182,1.1887377671616248,0.4,-0.18750070312412104,0.0,0.0,-0.14134694372247741,0.4,-0.18750070312412104,-0.06967832752437475,-0.04369738552550182,-0.05868806981160026
0.25,0.0,-0.34558788185799244,-0.2611683383030632,-0.023914825024212872,0.2,-0.25000093749882807,0.0,-0.015494984463306351,-0.4599368972708961,0.2,-0.06250210937236327,0.0,0.0,-0.1255706532717454,0.2,-0.06250210937236327,0.0,-0.015494984463306351,-0.029599903039444167
0.25,0.0,-0.38481803752943794,-0.3497831390620764,-0.023914825024212872,0.2,-0.16666854166432288,-0.06967832752437475,-0.04369738552550182,1.1747089965953044,0.0,-0.06250210937236327,0.0,0.0,-0.04031269779280081,0.2,-0.06250210937236327,-0.06967832752437475,-0.04369738552550182,-0.029599903039444167
0.25,0.0,-0.38481803752943794,-0.3512740580103008,-0.03204898102933317,0.2,-0.25000093749882807,-0.06967832752437475,-0.04369738552550182,1.1887377671616248,0.0,-0.06250210937236327,0.0,0.0,-0.07977699072141345,0.2,-0.06250210937236327,-0.06967832752437475,-0.04369738552550182,-0.03768668273698115
0.25,0.0,-0.31158866059811585,-0.22435619409053942,-0.02813429146150662,0.2,0.0,-0.06967832752437475,-0.043947640994626606,1.3725734861583982,0.2,-0.12500140624824208,0.0,0.0,-0.0925165304281078,0.2,-0.12500140624824208,-0.06967832752437475,-0.043947640994626606,-0.03379479375681751
0.25,0.0,-0.3457098930073556,-0.3284087828679859,-0.023914825024212872,0.2,0.0,-0.06967832752437475,-0.043947640994626606,1.3692579190359897,0.4,-0.18750070312412104,0.0,0.0,-0.10700674683868198,0.4,-0.18750070312412104,-0.06967832752437475,-0.043947640994626606,-0.029599903039444167
0.25,0.0,-0.34558788185799244,-0.21962591488208183,-0.05303794810665839,0.2,-0.08333614582981769,-0.06967832752437475,-0.043947640994626606,1.2873491506087449,0.2,-0.12500140624824208,0.0,0.0,-0.14148834453317535,0.2,-0.12500140624824208,-0.06967832752437475,-0.043947640994626606,-0.05855340237284033
0.25,0.0,-0.3457098930073556,-0.3328950935212795,-0.023779368637782947,0.2,-0.08333614582981769,-0.06967832752437475,-0.043947640994626606,1.2664753382413234,0.2,-0.06250210937236327,0.0,0.0,-0.053166704822441076,0.2,-0.06250210937236327,-0.06967832752437475,-0.043947640994626606,-0.029465235600684234
0.25,0.0,-0.3457098930073556,-0.34663865546218486,-0.023779368637782947,0.0,-0.3333333333333333,-0.05240216317316189,-0.024900419177910794,-0.5377814221287367,0.2,-0.06250210937236327,0.0,0.0,-0.053166704822441076,0.2,-0.06250210937236327,-0.05240216317316189,-0.024900419177910794,-0.029465235600684234
0.25,0.0,-0.3882699848352115,-0.3437652480346977,-0.023914825024212872,0.6,0.0,-0.09780564236694488,-0.06013082799802589,1.2664753382413234,0.0,-0.06250210937236327,0.0,0.0,-0.03708741263449919,0.6,-0.06250210937236327,-0.09780564236694488,-0.06013082799802589,-0.029599903039444167
0.25,0.0,-0.34558788185799244,-0.2131200867443751,-0.023779368637782947,0.4,-0.08333614582981769,-0.09780564236694488,-0.06003350642669951,1.1747089965953044,0.2,-0.06250210937236327,0.0,0.0,-0.053166704822441076,0.4,-0.06250210937236327,-0.09780564236694488,-0.06003350642669951,-0.029465235600684234
0.25,0.0,-0.35880906653029837,-0.2384928164814313,-0.009299080928418161,0.2,-0.08333614582981769,-0.06967832752437475,-0.043947640994626606,1.2664753382413234,0.2,-0.12500140624824208,0.0,0.0,-0.13190675626540255,0.2,-0.12500140624824208,-0.06967832752437475,-0.043947640994626606,-0.01506928639724213
0.0,0.0,-0.35880906653029837,-0.3284087828679859,-0.03204898102933317,0.2,0.0,-0.06967832752437475,-0.043947640994626606,1.3725734861583982,0.4,-0.18750070312412104,0.0,0.0,-0.14134694372247741,0.4,-0.18750070312412104,-0.06967832752437475,-0.043947640994626606,-0.03768668273698115
0.25,0.0,-0.38481803752943794,-0.34663865546218486,-0.023914825024212872,0.0,-0.3333333333333333,-0.05240216317316189,-0.024900419177910794,-0.5377814221287367,0.4,-0.18750070312412104,0.0,0.0,-0.14134694372247741,0.4,-0.18750070312412104,-0.05240216317316189,-0.024900419177910794,-0.029599903039444167
0.25,0.0,-0.3457098930073556,-0.26646787747357004,-0.023779368637782947,0.2,0.0,-0.06967832752437475,-0.043947640994626606,1.3692579190359897,0.2,-0.06250210937236327,0.0,0.0,-0.04191524031404452,0.2,-0.06250210937236327,-0.06967832752437475,-0.043947640994626606,-0.029465235600684234
0.75,0.0,-0.6520563710225181,-0.5806451612903226,-0.023779368637782947,0.2,-0.16666854166432288,-0.0171895780288559,-0.02736821616511297,1.2664753382413234,0.2,-0.12500140624824208,98.708063,0.0,-0.13190675626540255,0.4,-0.12500140624824208,-0.0171895780288559,-0.02736821616511297,-0.029465235600684234
0.25,0.0,0.8552066248024623,0.1100704798048252,-0.017236825173214797,0.2,-0.25000093749882807,-0.06967832752437475,-0.04369738552550182,1.1747089965953044,0.2,-0.12500140624824208,0.0,0.0,-0.11124877115962137,0.2,-0.12500140624824208,0.5869312464578508,-0.04369738552550182,-0.022960798308576943
0.25,0.0,-0.34558788185799244,-0.21962591488208183,-0.023779368637782947,0.2,-0.16666854166432288,-0.0171895780288559,-0.02736821616511297,1.2664753382413234,0.4,-0.18750070312412104,0.0,0.0,-0.14134694372247741,0.4,-0.18750070312412104,-0.0171895780288559,-0.02736821616511297,-0.029465235600684234
0.25,0.0,-0.34558788185799244,-0.21962591488208183,-0.023914825024212872,0.0,-0.3333333333333333,0.0,-0.013402570679791266,-0.5377814221287367,0.2,-0.06250210937236327,0.0,0.0,-0.1194769516678563,0.2,-0.06250210937236327,0.0,-0.013402570679791266,-0.029599903039444167
0.25,0.0,0.8122041017173095,0.1100704798048252,-0.023779368637782947,0.2,-0.16666854166432288,-0.0171895780288559,-0.02736821616511297,1.2664753382413234,0.2,-0.12500140624824208,0.0,0.0,-0.0925165304281078,0.2,-0.12500140624824208,0.5501471779621809,-0.02736821616511297,-0.029465235600684234
0.25,0.0,-0.38481803752943794,-0.3465166711846029,-0.017372281559644914,0.2,-0.3333333333333333,-0.05240216317316189,-0.024003670413547243,-0.5305798677338277,0.4,-0.18750070312412104,0.0,0.0,-0.14134694372247741,0.4,-0.18750070312412104,-0.05240216317316189,-0.024003670413547243,-0.02309546574733706
0.25,0.0,-0.34558788185799244,-0.21962591488208183,-0.023914825024212872,0.2,-0.16666854166432288,-0.0171895780288559,-0.02736821616511297,1.2664753382413234,0.4,-0.18750070312412104,0.0,0.0,-0.14134694372247741,0.4,-0.18750070312412104,-0.0171895780288559,-0.02736821616511297,-0.029599903039444167
0.25,0.0,-0.38481803752943794,-0.3362293304418541,-0.023914825024212872,0.2,-0.25000093749882807,0.0,-0.015494984463306351,-0.536391023012888,0.4,-0.18750070312412104,0.0,0.0,-0.14134694372247741,0.4,-0.18750070312412104,0.0,-0.015494984463306351,-0.029599903039444167
0.25,0.0,-0.3457098930073556,-0.27094063431824345,-0.023779368637782947,0.4,-0.08333614582981769,-0.09780564236694488,-0.06003350642669951,1.1747089965953044,0.4,-0.18750070312412104,0.0,0.0,-0.10700674683868198,0.4,-0.18750070312412104,-0.09780564236694488,-0.06003350642669951,-0.029465235600684234
0.5,0.0,-0.621367740592036,-0.5191515315803741,-0.053173404493088314,0.2,-0.3333333333333333,0.0,-0.013402570679791266,-0.5377814221287367,0.4,-0.18750070312412104,98.708063,0.0,-0.14134694372247741,0.4,-0.18750070312412104,0.0,-0.013402570679791266,-0.05868806981160026
0.25,0.0,0.9824897099761177,0.14051233396584442,-0.017236825173214797,0.2,-0.25000093749882807,-0.0171895780288559,-0.02736821616511297,1.1747089965953044,0.2,-0.06250210937236327,0.0,0.0,-0.11092556930659746,0.2,-0.06250210937236327,0.6958083398808742,-0.02736821616511297,-0.022960798308576943
0.25,0.0,-0.34558788185799244,-0.26646787747357004,-0.023914825024212872,0.0,-0.3333333333333333,0.0,-0.013402570679791266,-0.5377814221287367,0.2,-0.12500140624824208,0.0,0.0,-0.13245215939238048,0.2,-0.12500140624824208,0.0,-0.013402570679791266,-0.029599903039444167
0.25,0.0,-0.34558788185799244,-0.21962591488208183,-0.023914825024212872,0.2,-0.16666854166432288,-0.05240216317316189,-0.025011643830855232,-0.4599368972708961,0.2,-0.12500140624824208,0.0,0.0,-0.13093041733439284,0.2,-0.12500140624824208,-0.05240216317316189,-0.025011643830855232,-0.029599903039444167
0.25,0.0,-0.34558788185799244,-0.2611683383030632,-0.023914825024212872,0.0,-0.3333333333333333,0.0,-0.013402570679791266,-0.5377814221287367,0.2,-0.06250210937236327,0.0,0.0,-0.10963276189450165,0.2,-0.06250210937236327,0.0,-0.013402570679791266,-0.029599903039444167
0.25,0.0,0.9824897099761177,0.11688804554079706,-0.023779368637782947,0.2,0.0,-0.06967832752437475,-0.043947640994626606,1.3692579190359897,0.2,-0.18750070312412104,0.0,0.0,-0.1413402103505394,0.2,-0.18750070312412104,0.6958083398808742,-0.043947640994626606,-0.029465235600684234
0.25,0.0,-0.3457098930073556,-0.3537408511791813,-0.02813429146150662,0.2,-0.08333614582981769,-0.0171895780288559,-0.028522171939410337,1.3725734861583982,0.4,-0.18750070312412104,0.0,0.0,-0.10700674683868198,0.4,-0.18750070312412104,-0.0171895780288559,-0.028522171939410337,-0.03379479375681751
0.5,0.0,-0.613249530446136,-0.5301978856058552,-0.023914825024212872,0.2,-0.08333614582981769,-0.0171895780288559,-0.028522171939410337,1.3692579190359897,0.2,-0.12500140624824208,0.0,0.0,-0.04191524031404452,0.2,-0.12500140624824208,-0.0171895780288559,-0.028522171939410337,-0.029599903039444167
0.25,0.0,-0.31158866059811585,-0.21962591488208183,-0.009299080928418161,0.2,-0.08333614582981769,-0.06967832752437475,-0.043947640994626606,1.2664753382413234,0.0,-0.06250210937236327,0.0,0.0,-0.034569131529687436,0.2,-0.06250210937236327,-0.06967832752437475,-0.043947640994626606,-0.01506928639724213
0.25,0.0,-0.34558788185799244,-0.24361615613987528,-0.023779368637782947,0.2,-0.16666854166432288,-0.0171895780288559,-0.02736821616511297,1.2664753382413234,0.2,-0.06250210937236327,0.0,0.0,-0.11891134842506436,0.2,-0.06250210937236327,-0.0171895780288559,-0.02736821616511297,-0.029465235600684234
0.25,0.0,-0.3457098930073556,-0.2611683383030632,-0.023914825024212872,0.2,-0.16666854166432288,-0.0171895780288559,-0.02736821616511297,1.2664753382413234,0.2,-0.06250210937236327,0.0,0.0,-0.053166704822441076,0.2,-0.06250210937236327,-0.0171895780288559,-0.02736821616511297,-0.029599903039444167
0.25,0.0,1.105215490614967,0.1100704798048252,-0.023914825024212872,0.2,0.0,-0.06967832752437475,-0.043947640994626606,1.3692579190359897,0.0,-0.06250210937236327,0.0,0.0,-0.07977699072141345,0.2,-0.06250210937236327,0.8007871457119816,-0.043947640994626606,-0.029599903039444167
0.0,0.0,-0.34558788185799244,-0.21962591488208183,-0.009299080928418161,0.2,-0.08333614582981769,-0.0171895780288559,-0.028522171939410337,1.3692579190359897,0.0,-0.06250210937236327,0.0,0.0,-0.03706721251868517,0.2,-0.06250210937236327,-0.0171895780288559,-0.028522171939410337,-0.01506928639724213
0.25,0.0,-0.34558788185799244,-0.21480075901328274,-0.023914825024212872,0.2,-0.16666854166432288,-0.06967832752437475,-0.04369738552550182,1.1747089965953044,0.4,-0.18750070312412104,0.0,0.0,-0.14134694372247741,0.4,-0.18750070312412104,-0.06967832752437475,-0.04369738552550182,-0.029599903039444167
0.25,0.0,-0.34558788185799244,-0.24361615613987528,-0.053173404493088314,0.4,-0.25000093749882807,-0.0171895780288559,-0.02736821616511297,1.1887377671616248,0.2,-0.06250210937236327,0.0,0.0,-0.10963276189450165,0.4,-0.06250210937236327,-0.0171895780288559,-0.02736821616511297,-0.05868806981160026
0.25,0.0,-0.38481803752943794,-0.3284087828679859,-0.05303794810665839,0.2,-0.25000093749882807,0.0,-0.015494984463306351,-0.536391023012888,0.2,-0.12500140624824208,0.0,0.0,-0.13189328952152654,0.2,-0.12500140624824208,0.0,-0.015494984463306351,-0.05855340237284033
0.25,0.0,0.8552066248024623,0.1100704798048252,-0.023914825024212872,0.2,-0.25000093749882807,-0.06967832752437475,-0.04369738552550182,1.1747089965953044,0.0,-0.06250210937236327,0.0,0.0,-0.037531815182407016,0.2,-0.06250210937236327,0.5869312464578508,-0.04369738552550182,-0.029599903039444167
0.25,0.0,-0.34558788185799244,-0.21480075901328274,-0.023914825024212872,0.2,-0.08333614582981769,-0.06967832752437475,-0.043947640994626606,1.2664753382413234,0.2,-0.12500140624824208,0.0,0.0,-0.13190675626540255,0.2,-0.12500140624824208,-0.06967832752437475,-0.043947640994626606,-0.029599903039444167
0.25,0.0,-0.38481803752943794,-0.2949308755760369,-0.023914825024212872,0.2,-0.08333614582981769,-0.0171895780288559,-0.028522171939410337,1.3692579190359897,0.2,-0.06250210937236327,0.0,0.0,-0.1255706532717454,0.2,-0.06250210937236327,-0.0171895780288559,-0.028522171939410337,-0.029599903039444167
0.5,0.0,-0.621367740592036,-0.5756031444835998,-0.023914825024212872,0.0,-0.3333333333333333,-0.05240216317316189,-0.024900419177910794,-0.5377814221287367,0.2,-0.12500140624824208,108.249759,0.0,-0.13245215939238048,0.2,-0.12500140624824208,-0.05240216317316189,-0.024900419177910794,-0.029599903039444167
0.25,0.0,-0.34558788185799244,-0.21962591488208183,-0.023914825024212872,0.0,-0.3333333333333333,0.0,-0.013402570679791266,-0.5377814221287367,0.4,-0.18750070312412104,0.0,0.0,-0.14134694372247741,0.4,-0.18750070312412104,0.0,-0.013402570679791266,-0.029599903039444167
0.25,0.0,0.7628489780979008,0.1100704798048252,-0.023779368637782947,0.2,-0.16666854166432288,-0.06967832752437475,-0.04369738552550182,1.1747089965953044,0.2,-0.06250210937236327,0.0,0.0,-0.10963276189450165,0.2,-0.06250210937236327,0.5079291377733858,-0.04369738552550182,-0.029465235600684234
0.75,0.0,-0.6520563710225181,-0.5904174573055029,-0.023914825024212872,0.2,-0.16666854166432288,-0.05240216317316189,-0.025011643830855232,-0.4599368972708961,0.2,-0.12500140624824208,98.708063,0.0,-0.13091021721857882,0.4,-0.12500140624824208,-0.05240216317316189,-0.025011643830855232,-0.029599903039444167
0.25,0.0,-0.31158866059811585,-0.24361615613987528,-0.023914825024212872,0.2,-0.16666854166432288,-0.0171895780288559,-0.02736821616511297,1.2664753382413234,0.2,-0.12500140624824208,0.0,0.0,-0.04191524031404452,0.2,-0.12500140624824208,-0.0171895780288559,-0.02736821616511297,-0.029599903039444167
0.25,0.0,-0.31158866059811585,-0.2603957712117105,-0.053173404493088314,0.2,-0.08333614582981769,-0.06967832752437475,-0.043947640994626606,1.2873491506087449,0.2,-0.06250210937236327,0.0,0.0,-0.04191524031404452,0.2,-0.06250210937236327,-0.06967832752437475,-0.043947640994626606,-0.04191524031404452
0.25,0.0,-0.38481803752943794,-0.34663865546218486,-0.023914825024212872,0.2,-0.08333614582981769,-0.0171895780288559,-0.028522171939410337,1.3692579190359897,0.2,-0.06250210937236327,0.0,0.0,-0.1255706532717454,0.2,-0.06250210937236327,-0.0171895780288559,-0.028522171939410337,-0.029599903039444167
0.25,0.0,-0.3457098930073556,-0.3284087828679859,-0.023914825024212872,0.0,-0.3333333333333333,0.0,-0.013402570679791266,-0.5377814221287367,0.2,-0.12500140624824208,0.0,0.0,-0.053166704822441076,0.2,-0.12500140624824208,0.0,-0.013402570679791266,-0.029599903039444167
0.25,0.0,0.9745916317004178,0.1100704798048252,-0.023914825024212872,0.2,-0.16666854166432288,-0.06967832752437475,-0.04369738552550182,1.1747089965953044,0.4,-0.18750070312412104,0.0,0.0,-0.10700674683868198,0.4,-0.18750070312412104,0.6890523769411598,-0.04369738552550182,-0.029599903039444167
0.25,0.0,-0.34558788185799244,-0.24361615613987528,-0.023779368637782947,0.2,-0.16666854166432288,-0.06967832752437475,-0.04369738552550182,1.1747089965953044,0.4,-0.18750070312412104,0.0,0.0,-0.14134694372247741,0.4,-0.18750070312412104,-0.06967832752437475,-0.04369738552550182,-0.029465235600684234
0.75,0.0,-0.6520563710225181,-0.5756031444835998,-0.023779368637782947,0.2,-0.08333614582981769,-0.06967832752437475,-0.043947640994626606,1.2664753382413234,0.2,-0.06250210937236327,121.407787,0.0,-0.11960488573467822,0.4,-0.06250210937236327,-0.008371494969172152,-0.043947640994626606,-0.029465235600684234
0.25,0.0,0.8552066248024623,0.1100704798048252,-0.023914825024212872,0.0,-0.25000093749882807,-0.05240216317316189,-0.025011643830855232,-0.536391023012888,0.2,-0.18750070312412104,0.0,0.0,-0.13189328952152654,0.2,-0.18750070312412104,0.5869312464578508,-0.025011643830855232,-0.029599903039444167
0.0,0.0,-0.3457098930073556,-0.3512740580103008,-0.009299080928418161,0.2,-0.25000093749882807,0.0,-0.015494984463306351,-0.4599368972708961,0.2,-0.06250210937236327,0.0,0.0,-0.0925165304281078,0.2,-0.06250210937236327,0.0,-0.015494984463306351,-0.01506928639724213
0.25,0.0,-0.38481803752943794,-0.3512740580103008,-0.02813429146150662,0.2,-0.16666854166432288,-0.06967832752437475,-0.04369738552550182,1.1887377671616248,0.2,-0.06250210937236327,0.0,0.0,-0.1194769516678563,0.2,-0.06250210937236327,-0.06967832752437475,-0.04369738552550182,-0.03379479375681751
0.25,0.0,1.0941880144641936,0.15328002168609378,-0.023914825024212872,0.0,-0.3333333333333333,-0.05240216317316189,-0.024900419177910794,-0.5377814221287367,0.0,-0.06250210937236327,0.0,0.0,-0.037531815182407016,0.0,-0.06250210937236327,0.7913543169158391,-0.024900419177910794,-0.029599903039444167
0.25,0.0,-0.34558788185799244,-0.24361615613987528,-0.023914825024212872,0.2,-0.25000093749882807,-0.0171895780288559,-0.02736821616511297,1.1747089965953044,0.2,-0.12500140624824208,0.0,0.0,-0.13158355441237865,0.2,-0.12500140624824208,-0.0171895780288559,-0.02736821616511297,-0.029599903039444167
0.25,0.0,-0.34558788185799244,-0.2131200867443751,-0.023914825024212872,0.2,-0.25000093749882807,-0.0171895780288559,-0.02736821616511297,1.1747089965953044,0.2,-0.06250210937236327,0.0,0.0,-0.10963276189450165,0.2,-0.06250210937236327,-0.0171895780288559,-0.02736821616511297,-0.029599903039444167
0.25,0.0,-0.34558788185799244,-0.21962591488208183,-0.03204898102933317,0.2,-0.16666854166432288,-0.0171895780288559,-0.02736821616511297,1.2873491506087449,0.4,-0.18750070312412104,0.0,0.0,-0.14134694372247741,0.4,-0.18750070312412104,-0.0171895780288559,-0.02736821616511297,-0.03768668273698115
0.25,0.0,0.8122041017173095,0.1100704798048252,-0.02813429146150662,0.2,-0.08333614582981769,-0.0171895780288559,-0.028522171939410337,1.3725734861583982,0.4,-0.18750070312412104,0.0,0.0,-0.10700674683868198,0.4,-0.18750070312412104,0.5501471779621809,-0.028522171939410337,-0.03379479375681751
0.25,0.0,-0.38481803752943794,-0.26646787747357004,-0.023779368637782947,0.2,-0.08333614582981769,-0.0171895780288559,-0.028522171939410337,1.3692579190359897,0.4,-0.18750070312412104,0.0,0.0,-0.14134694372247741,0.4,-0.18750070312412104,-0.0171895780288559,-0.028522171939410337,-0.029465235600684234
0.25,0.0,-0.35880906653029837,-0.2611683383030632,-0.023779368637782947,0.6,0.0,-0.09780564236694488,-0.06003350642669951,1.2664753382413234,0.2,-0.12500140624824208,0.0,0.0,-0.053166704822441076,0.6,-0.12500140624824208,-0.09780564236694488,-0.06003350642669951,-0.029465235600684234
0.25,0.0,0.9824897099761177,0.1100704798048252,-0.023914825024212872,0.2,-0.08333614582981769,-0.0171895780288559,-0.028522171939410337,1.3692579190359897,0.2,-0.18750070312412104,0.0,0.0,-0.13091021721857882,0.2,-0.18750070312412104,0.6958083398808742,-0.028522171939410337,-0.029599903039444167
0.25,0.0,1.0941880144641936,0.15328002168609378,-0.017236825173214797,0.2,-0.25000093749882807,-0.06967832752437475,-0.04369738552550182,1.1747089965953044,0.2,-0.12500140624824208,0.0,0.0,-0.11124877115962137,0.2,-0.12500140624824208,0.7913543169158391,-0.04369738552550182,-0.022960798308576943
0.25,0.0,-0.3882699848352115,-0.35923014367037137,-0.023914825024212872,0.2,-0.25000093749882807,0.03468855044417365,-0.02130647257964736,1.1747089965953044,0.2,-0.06250210937236327,0.0,0.0,-0.10964622863837765,0.2,-0.06250210937236327,0.03468855044417365,-0.02130647257964736,-0.029599903039444167
0.25,0.0,-0.34558788185799244,-0.24361615613987528,-0.023779368637782947,0.2,-0.16666854166432288,-0.0171895780288559,-0.02736821616511297,1.2664753382413234,0.2,-0.12500140624824208,0.0,0.0,-0.13190675626540255,0.2,-0.12500140624824208,-0.0171895780288559,-0.02736821616511297,-0.029465235600684234
0.25,0.0,-0.3882699848352115,-0.34663865546218486,-0.023779368637782947,0.2,-0.16666854166432288,-0.06967832752437475,-0.04369738552550182,1.1747089965953044,0.2,-0.06250210937236327,0.0,0.0,-0.053166704822441076,0.2,-0.06250210937236327,-0.06967832752437475,-0.04369738552550182,-0.029465235600684234
0.25,0.0,1.0862899361884937,0.14657088641908383,-0.023779368637782947,0.2,0.0,-0.06967832752437475,-0.043947640994626606,1.3692579190359897,0.2,-0.12500140624824208,0.0,0.0,-0.11945675155204227,0.2,-0.12500140624824208,0.7845983539761247,-0.043947640994626606,-0.029465235600684234
0.25,0.0,-0.34558788185799244,-0.26646787747357004,-0.023914825024212872,0.2,-0.08333614582981769,-0.0171895780288559,-0.028522171939410337,1.3692579190359897,0.2,-0.06250210937236327,0.0,0.0,-0.11945675155204227,0.2,-0.06250210937236327,-0.0171895780288559,-0.028522171939410337,-0.029599903039444167
0.25,0.0,-0.38481803752943794,-0.34663865546218486,-0.023914825024212872,0.2,-0.16666854166432288,-0.06967832752437475,-0.04369738552550182,1.1747089965953044,0.2,-0.06250210937236327,0.0,0.0,-0.1194769516678563,0.2,-0.06250210937236327,-0.06967832752437475,-0.04369738552550182,-0.029599903039444167
0.25,0.0,-0.34558788185799244,-0.24361615613987528,-0.023914825024212872,0.2,-0.08333614582981769,-0.06967832752437475,-0.043947640994626606,1.2664753382413234,0.2,-0.12500140624824208,0.0,0.0,-0.13190675626540255,0.2,-0.12500140624824208,-0.06967832752437475,-0.043947640994626606,-0.029599903039444167
0.25,0.0,-0.3882699848352115,-0.27533206831119544,-0.02813429146150662,0.4,-0.08333614582981769,-0.09780564236694488,-0.06003350642669951,1.1887377671616248,0.2,-0.12500140624824208,0.0,0.0,-0.053166704822441076,0.4,-0.12500140624824208,-0.09780564236694488,-0.06003350642669951,-0.03379479375681751
0.25,0.0,-0.35880906653029837,-0.2384928164814313,-0.023779368637782947,0.2,-0.08333614582981769,-0.06967832752437475,-0.043947640994626606,1.2664753382413234,0.2,-0.06250210937236327,0.0,0.0,-0.11960488573467822,0.2,-0.06250210937236327,-0.06967832752437475,-0.043947640994626606,-0.029465235600684234
0.25,0.0,-0.38481803752943794,-0.3284087828679859,-0.023779368637782947,0.2,-0.25000093749882807,-0.0171895780288559,-0.02736821616511297,1.1747089965953044,0.4,-0.18750070312412104,0.0,0.0,-0.14134694372247741,0.4,-0.18750070312412104,-0.0171895780288559,-0.02736821616511297,-0.029465235600684234
0.25,0.0,-0.34558788185799244,-0.24361615613987528,-0.023914825024212872,0.4,-0.08333614582981769,-0.09780564236694488,-0.06003350642669951,1.1747089965953044,0.4,-0.18750070312412104,0.0,0.0,-0.10700674683868198,0.4,-0.18750070312412104,-0.09780564236694488,-0.06003350642669951,-0.029599903039444167
0.25,0.0,-0.34558788185799244,-0.24361615613987528,-0.023914825024212872,0.2,-0.16666854166432288,-0.0171895780288559,-0.02736821616511297,1.2664753382413234,0.4,-0.18750070312412104,0.0,0.0,-0.14134694372247741,0.4,-0.18750070312412104,-0.0171895780288559,-0.02736821616511297,-0.029599903039444167
0.25,0.0,1.105215490614967,0.15328002168609378,-0.023914825024212872,0.2,-0.25000093749882807,-0.0171895780288559,-0.02736821616511297,1.1747089965953044,0.4,-0.18750070312412104,0.0,0.0,-0.14134694372247741,0.4,-0.18750070312412104,0.8007871457119816,-0.02736821616511297,-0.029599903039444167
0.25,0.0,-0.34558788185799244,-0.3284087828679859,-0.023914825024212872,0.2,-0.25000093749882807,0.0,-0.015494984463306351,-0.536391023012888,0.4,-0.18750070312412104,0.0,0.0,-0.14134694372247741,0.4,-0.18750070312412104,0.0,-0.015494984463306351,-0.029599903039444167
0.25,0.0,-0.34558788185799244,-0.2131200867443751,-0.023914825024212872,0.2,-0.16666854166432288,-0.06967832752437475,-0.04369738552550182,1.1747089965953044,0.2,-0.06250210937236327,0.0,0.0,-0.10963276189450165,0.2,-0.06250210937236327,-0.06967832752437475,-0.04369738552550182,-0.029599903039444167
0.75,0.0,-0.6520563710225181,-0.6249525616698292,-0.023779368637782947,0.2,-0.08333614582981769,-0.06967832752437475,-0.043947640994626606,1.2664753382413234,0.0,-0.06250210937236327,98.708063,0.0,-0.04031269779280081,0.4,-0.06250210937236327,-0.06967832752437475,-0.043947640994626606,-0.029465235600684234
0.25,0.0,-0.38481803752943794,-0.3284087828679859,-0.023914825024212872,0.2,-0.08333614582981769,-0.0171895780288559,-0.028522171939410337,1.3692579190359897,0.4,-0.18750070312412104,0.0,0.0,-0.14134694372247741,0.4,-0.18750070312412104,-0.0171895780288559,-0.028522171939410337,-0.029599903039444167
0.25,0.0,-0.31158866059811585,-0.24361615613987528,-0.0027362190058856845,0.4,-0.16666854166432288,-0.05719787417632732,-0.05503534858501392,1.1747089965953044,0.2,-0.12500140624824208,0.0,0.0,-0.0925165304281078,0.4,-0.12500140624824208,-0.05719787417632732,-0.05503534858501392,-0.008544648989321007
0.0,0.0,-0.31158866059811585,-0.24361615613987528,-0.009299080928418161,0.2,-0.16666854166432288,-0.05240216317316189,-0.025011643830855232,-0.4599368972708961,0.2,-0.06250210937236327,0.0,0.0,-0.04191524031404452,0.2,-0.06250210937236327,-0.05240216317316189,-0.025011643830855232,-0.01506928639724213
0.25,0.0,0.8943674103846824,0.1100704798048252,-0.023779368637782947,0.2,-0.16666854166432288,-0.0171895780288559,-0.02736821616511297,1.2664753382413234,0.0,-0.06250210937236327,0.0,0.0,-0.03755201529822103,0.2,-0.06250210937236327,0.620429118579172,-0.02736821616511297,-0.029465235600684234
0.25,0.0,-0.38481803752943794,-0.2903225806451613,-0.053173404493088314,0.2,-0.3333333333333333,-0.05240216317316189,-0.024003670413547243,-0.5305798677338277,0.2,-0.12500140624824208,0.0,0.0,-0.13317936356168453,0.2,-0.12500140624824208,-0.05240216317316189,-0.024003670413547243,-0.05868806981160026
0.25,0.0,0.7538577838119412,0.1100704798048252,-0.017372281559644914,0.2,-0.25000093749882807,-0.0171895780288559,-0.02736821616511297,1.1747089965953044,0.4,-0.18750070312412104,0.0,0.0,-0.14134694372247741,0.4,-0.18750070312412104,0.5002381307639203,-0.02736821616511297,-0.02309546574733706
0.25,0.0,-0.34558788185799244,-0.24361615613987528,-0.009299080928418161,0.2,-0.08333614582981769,-0.06967832752437475,-0.043947640994626606,1.2664753382413234,0.2,-0.12500140624824208,0.0,0.0,-0.14148834453317535,0.2,-0.12500140624824208,-0.06967832752437475,-0.043947640994626606,-0.01506928639724213
0.25,0.0,-0.34558788185799244,-0.24361615613987528,-0.023779368637782947,0.2,-0.16666854166432288,-0.05240216317316189,-0.025011643830855232,-0.4599368972708961,0.4,-0.18750070312412104,0.0,0.0,-0.14134694372247741,0.4,-0.18750070312412104,-0.05240216317316189,-0.025011643830855232,-0.029465235600684234
0.25,0.0,0.9745916317004178,0.1100704798048252,-0.009299080928418161,0.2,-0.16666854166432288,-0.06967832752437475,-0.04369738552550182,1.1747089965953044,0.2,-0.06250210937236327,0.0,0.0,-0.10963276189450165,0.2,-0.06250210937236327,0.6890523769411598,-0.04369738552550182,-0.01506928639724213
0.25,0.0,-0.3882699848352115,-0.35923014367037137,-0.017372281559644914,0.2,-0.25000093749882807,-0.06967832752437475,-0.04369738552550182,1.1747089965953044,0.0,-0.06250210937236327,0.0,0.0,-0.07977699072141345,0.2,-0.06250210937236327,-0.06967832752437475,-0.04369738552550182,-0.02309546574733706
0.25,0.0,0.7692272832818734,0.1100704798048252,-0.023779368637782947,0.2,0.0,-0.06967832752437475,-0.043947640994626606,1.3692579190359897,0.2,-0.18750070312412104,0.0,0.0,-0.13093041733439284,0.2,-0.18750070312412104,0.5133850970506808,-0.043947640994626606,-0.029465235600684234
0.5,0.0,-0.621367740592036,-0.634331797235023,-0.053173404493088314,0.4,-0.25000093749882807,-0.0171895780288559,-0.02736821616511297,1.1887377671616248,0.2,-0.06250210937236327,108.249759,0.0,-0.10963276189450165,0.4,-0.06250210937236327,-0.0171895780288559,-0.02736821616511297,-0.05868806981160026
0.25,0.0,1.0752624600377203,0.1474789915966387,-0.017372281559644914,0.4,-0.16666854166432288,-0.05719787417632732,-0.05503534858501392,1.1747089965953044,0.0,-0.06250210937236327,0.0,0.0,-0.037531815182407016,0.4,-0.06250210937236327,0.7751655251799822,-0.05503534858501392,-0.02309546574733706
0.25,0.0,-0.38481803752943794,-0.2611683383030632,-0.023914825024212872,0.2,0.0,-0.06967832752437475,-0.043947640994626606,1.3692579190359897,0.2,-0.12500140624824208,0.0,0.0,-0.13091021721857882,0.2,-0.12500140624824208,-0.06967832752437475,-0.043947640994626606,-0.029599903039444167
0.25,0.0,-0.34558788185799244,-0.26646787747357004,-0.023914825024212872,0.6,0.08333239583450529,-0.09780564236694488,-0.06003350642669951,1.3692579190359897,0.2,-0.06250210937236327,0.0,0.0,-0.04191524031404452,0.6,-0.06250210937236327,-0.09780564236694488,-0.06003350642669951,-0.029599903039444167
0.25,0.0,-0.34558788185799244,-0.24361615613987528,-0.009299080928418161,0.2,-0.16666854166432288,-0.06967832752437475,-0.04369738552550182,1.1747089965953044,0.2,-0.12500140624824208,0.0,0.0,-0.13245215939238048,0.2,-0.12500140624824208,-0.06967832752437475,-0.04369738552550182,-0.01506928639724213
0.75,0.0,-0.6520563710225181,-0.6249525616698292,-0.017236825173214797,0.2,-0.25000093749882807,-0.06967832752437475,-0.04369738552550182,1.1747089965953044,0.2,-0.12500140624824208,90.127888,0.0,-0.13285616170866044,0.4,-0.12500140624824208,-0.06967832752437475,-0.04369738552550182,-0.022960798308576943
0.0,0.0,-0.34558788185799244,-0.22435619409053942,-0.03204898102933317,0.2,0.0,-0.06967832752437475,-0.043947640994626606,1.3725734861583982,0.2,-0.12500140624824208,0.0,0.0,-0.13093041733439284,0.2,-0.12500140624824208,-0.06967832752437475,-0.043947640994626606,-0.03768668273698115
0.25,0.0,1.0752624600377203,0.14657088641908383,-0.023914825024212872,0.2,-0.16666854166432288,-0.0171895780288559,-0.02736821616511297,1.2664753382413234,0.0,-0.06250210937236327,0.0,0.0,-0.04031269779280081,0.2,-0.06250210937236327,0.7751655251799822,-0.02736821616511297,-0.029599903039444167
0.25,0.0,0.8705761242723947,0.1100704798048252,-0.05303794810665839,0.2,-0.16666854166432288,-0.0171895780288559,-0.02736821616511297,1.2873491506087449,0.0,-0.06250210937236327,0.0,0.0,-0.037531815182407016,0.2,-0.06250210937236327,0.6000782127446115,-0.02736821616511297,-0.037531815182407016
0.25,0.0,-0.38481803752943794,-0.26646787747357004,-0.023914825024212872,0.2,-0.16666854166432288,-0.06967832752437475,-0.04369738552550182,1.1747089965953044,0.2,-0.12500140624824208,0.0,0.0,-0.13245215939238048,0.2,-0.12500140624824208,-0.06967832752437475,-0.04369738552550182,-0.029599903039444167
0.25,0.0,-0.38481803752943794,-0.3284087828679859,-0.023779368637782947,0.2,-0.25000093749882807,-0.0171895780288559,-0.02736821616511297,1.1747089965953044,0.2,-0.12500140624824208,0.0,0.0,-0.13158355441237865,0.2,-0.12500140624824208,-0.0171895780288559,-0.02736821616511297,-0.029465235600684234
0.25,0.0,0.7692272832818734,0.14051233396584442,-0.023914825024212872,0.4,-0.16666854166432288,-0.05719787417632732,-0.05503534858501392,1.1747089965953044,0.2,-0.06250210937236327,0.0,0.0,-0.0925165304281078,0.4,-0.06250210937236327,0.5133850970506808,-0.05503534858501392,-0.029599903039444167
0.25,0.0,0.8552066248024623,0.1100704798048252,-0.023779368637782947,0.2,-0.08333614582981769,-0.06967832752437475,-0.043947640994626606,1.2664753382413234,0.2,-0.12500140624824208,0.0,0.0,-0.11892481516894036,0.2,-0.12500140624824208,0.5869312464578508,-0.043947640994626606,-0.029465235600684234
0.25,0.0,-0.38481803752943794,-0.3512740580103008,-0.023914825024212872,0.2,-0.16666854166432288,-0.06967832752437475,-0.04369738552550182,1.1747089965953044,0.0,-0.06250210937236327,0.0,0.0,-0.03706721251868517,0.2,-0.06250210937236327,-0.06967832752437475,-0.04369738552550182,-0.029599903039444167
0.25,0.0,1.0752624600377203,0.14693683925182982,-0.023914825024212872,0.2,-0.08333614582981769,-0.06967832752437475,-0.043947640994626606,1.2664753382413234,0.2,-0.12500140624824208,0.0,0.0,-0.11960488573467822,0.2,-0.12500140624824208,0.7751655251799822,-0.043947640994626606,-0.029599903039444167
0.25,0.0,-0.34558788185799244,-0.24361615613987528,-0.023914825024212872,0.2,0.0,-0.06967832752437475,-0.043947640994626606,1.3692579190359897,0.2,-0.12500140624824208,0.0,0.0,-0.13093041733439284,0.2,-0.12500140624824208,-0.06967832752437475,-0.043947640994626606,-0.029599903039444167
0.25,0.0,-0.3457098930073556,-0.3284087828679859,-0.017372281559644914,0.2,-0.25000093749882807,-0.0171895780288559,-0.02736821616511297,1.1747089965953044,0.2,-0.12500140624824208,0.0,0.0,-0.0925165304281078,0.2,-0.12500140624824208,-0.0171895780288559,-0.02736821616511297,-0.02309546574733706
0.25,0.0,-0.38481803752943794,-0.2611683383030632,-0.023914825024212872,0.2,-0.16666854166432288,-0.0171895780288559,-0.02736821616511297,1.2664753382413234,0.4,-0.18750070312412104,0.0,0.0,-0.14134694372247741,0.4,-0.18750070312412104,-0.0171895780288559,-0.02736821616511297,-0.029599903039444167
0.5,0.0,-0.613249530446136,-0.5561669829222011,-0.023914825024212872,0.0,-0.25000093749882807,0.0,-0.015494984463306351,-0.536391023012888,0.2,-0.06250210937236327,0.0,0.0,-0.053166704822441076,0.2,-0.06250210937236327,0.0,-0.015494984463306351,-0.029599903039444167
0.25,0.0,0.7692272832818734,0.1100704798048252,-0.023914825024212872,0.2,-0.25000093749882807,-0.0171895780288559,-0.02736821616511297,1.1747089965953044,0.2,-0.06250210937236327,0.0,0.0,-0.00852444887350699,0.2,-0.06250210937236327,0.5133850970506808,-0.02736821616511297,-0.00852444887350699
0.25,0.0,-0.3457098930073556,-0.2611683383030632,-0.023914825024212872,0.2,-0.16666854166432288,-0.06967832752437475,-0.04369738552550182,1.1747089965953044,0.2,-0.12500140624824208,0.0,0.0,-0.053166704822441076,0.2,-0.12500140624824208,-0.06967832752437475,-0.04369738552550182,-0.029599903039444167
0.25,0.0,-0.34558788185799244,-0.22435619409053942,-0.023914825024212872,0.2,0.0,-0.06967832752437475,-0.043947640994626606,1.3692579190359897,0.2,-0.12500140624824208,0.0,0.0,-0.13091021721857882,0.2,-0.12500140624824208,-0.06967832752437475,-0.043947640994626606,-0.029599903039444167
0.25,0.0,-0.34558788185799244,-0.24361615613987528,-0.023914825024212872,0.2,0.0,-0.06967832752437475,-0.043947640994626606,1.3692579190359897,0.2,-0.06250210937236327,0.0,0.0,-0.11945675155204227,0.2,-0.06250210937236327,-0.06967832752437475,-0.043947640994626606,-0.029599903039444167
0.25,0.0,-0.34558788185799244,-0.22435619409053942,-0.023779368637782947,0.2,0.0,-0.06967832752437475,-0.043947640994626606,1.3692579190359897,0.2,-0.06250210937236327,0.0,0.0,-0.1255706532717454,0.2,-0.06250210937236327,-0.06967832752437475,-0.043947640994626606,-0.029465235600684234
0.25,0.0,-0.34558788185799244,-0.2611683383030632,-0.023779368637782947,0.2,-0.08333614582981769,-0.0171895780288559,-0.028522171939410337,1.3692579190359897,0.2,-0.12500140624824208,0.0,0.0,-0.13091021721857882,0.2,-0.12500140624824208,-0.0171895780288559,-0.028522171939410337,-0.029465235600684234
0.75,0.0,-0.6520563710225181,-0.59268094334508,-0.023914825024212872,0.2,-0.08333614582981769,-0.06967832752437475,-0.043947640994626606,1.2664753382413234,0.2,-0.06250210937236327,90.127888,0.0,-0.11960488573467822,0.4,-0.06250210937236327,-0.06967832752437475,-0.043947640994626606,-0.029599903039444167
0.25,0.0,0.9935171861268912,0.14051233396584442,-0.023914825024212872,0.2,-0.08333614582981769,-0.06967832752437475,-0.043947640994626606,1.2664753382413234,0.2,-0.18750070312412104,0.0,0.0,-0.13189328952152654,0.2,-0.18750070312412104,0.7052411686770168,-0.043947640994626606,-0.029599903039444167
0.75,0.0,-0.6520563710225181,-0.5756031444835998,-0.023914825024212872,0.2,-0.08333614582981769,-0.0171895780288559,-0.028522171939410337,1.3692579190359897,0.2,-0.12500140624824208,98.708063,0.0,-0.1413402103505394,0.4,-0.12500140624824208,-0.0171895780288559,-0.028522171939410337,-0.029599903039444167
0.5,0.0,-0.621367740592036,-0.5191515315803741,-0.023779368637782947,0.4,-0.16666854166432288,-0.05719787417632732,-0.05503534858501392,1.1747089965953044,0.4,-0.18750070312412104,90.127888,0.0,-0.10700674683868198,0.4,-0.18750070312412104,-0.05719787417632732,-0.05503534858501392,-0.029465235600684234
0.25,0.0,-0.38481803752943794,-0.34663865546218486,-0.023914825024212872,0.2,-0.16666854166432288,-0.06967832752437475,-0.04369738552550182,1.1747089965953044,0.2,-0.06250210937236327,0.0,0.0,-0.10963276189450165,0.2,-0.06250210937236327,-0.06967832752437475,-0.04369738552550182,-0.029599903039444167
0.25,0.0,-0.31158866059811585,-0.21962591488208183,-0.053173404493088314,0.2,-0.3333333333333333,-0.05240216317316189,-0.024900419177910794,-0.5377814221287367,0.2,-0.12500140624824208,0.0,0.0,-0.0925165304281078,0.2,-0.12500140624824208,-0.05240216317316189,-0.024900419177910794,-0.05868806981160026
0.25,0.0,-0.34558788185799244,-0.24361615613987528,-0.023779368637782947,0.2,-0.08333614582981769,-0.06967832752437475,-0.043947640994626606,1.2664753382413234,0.4,-0.18750070312412104,0.0,0.0,-0.14134694372247741,0.4,-0.18750070312412104,-0.06967832752437475,-0.043947640994626606,-0.029465235600684234
0.25,0.0,1.105215490614967,0.1501084304689618,-0.02813429146150662,0.2,-0.16666854166432288,-0.06967832752437475,-0.04369738552550182,1.1887377671616248,0.0,-0.06250210937236327,0.0,0.0,-0.07977699072141345,0.2,-0.06250210937236327,0.8007871457119816,-0.04369738552550182,-0.03379479375681751
0.25,0.0,-0.35880906653029837,-0.3005421523448089,-0.023914825024212872,0.2,0.0,-0.06967832752437475,-0.043947640994626606,1.3692579190359897,0.2,-0.06250210937236327,0.0,0.0,-0.11945675155204227,0.2,-0.06250210937236327,-0.06967832752437475,-0.043947640994626606,-0.029599903039444167
0.25,0.0,-0.38481803752943794,-0.2905123339658444,-0.017372281559644914,0.2,-0.4166657291678385,0.0,-0.013402570679791266,-0.5305798677338277,0.4,-0.18750070312412104,0.0,0.0,-0.14134694372247741,0.4,-0.18750070312412104,0.0,-0.013402570679791266,-0.02309546574733706
0.25,0.0,-0.38481803752943794,-0.3537408511791813,-0.02813429146150662,0.2,-0.08333614582981769,-0.06967832752437475,-0.043947640994626606,1.2873491506087449,0.2,-0.06250210937236327,0.0,0.0,-0.11892481516894036,0.2,-0.06250210937236327,-0.06967832752437475,-0.043947640994626606,-0.03379479375681751
0.25,0.0,-0.34558788185799244,-0.24361615613987528,-0.023779368637782947,0.2,-0.08333614582981769,-0.06967832752437475,-0.043947640994626606,1.2664753382413234,0.2,-0.12500140624824208,0.0,0.0,-0.14148834453317535,0.2,-0.12500140624824208,-0.06967832752437475,-0.043947640994626606,-0.029465235600684234
0.25,0.0,-0.38481803752943794,-0.3328950935212795,-0.017236825173214797,0.2,-0.25000093749882807,-0.0171895780288559,-0.02736821616511297,1.1747089965953044,0.2,-0.06250210937236327,0.0,0.0,-0.11093903605047348,0.2,-0.06250210937236327,-0.0171895780288559,-0.02736821616511297,-0.022960798308576943
0.25,0.0,-0.38481803752943794,-0.26646787747357004,-0.023914825024212872,0.2,0.0,-0.06967832752437475,-0.043947640994626606,1.3692579190359897,0.2,-0.06250210937236327,0.0,0.0,-0.11945675155204227,0.2,-0.06250210937236327,-0.06967832752437475,-0.043947640994626606,-0.029599903039444167
0.25,0.0,-0.38481803752943794,-0.3512740580103008,-0.02813429146150662,0.2,-0.08333614582981769,-0.06967832752437475,-0.043947640994626606,1.2873491506087449,0.2,-0.06250210937236327,0.0,0.0,-0.11892481516894036,0.2,-0.06250210937236327,-0.06967832752437475,-0.043947640994626606,-0.03379479375681751
0.25,0.0,0.9935171861268912,0.14657088641908383,-0.02813429146150662,0.4,-0.16666854166432288,-0.05719787417632732,-0.05503534858501392,1.1887377671616248,0.2,-0.18750070312412104,0.0,0.0,-0.04191524031404452,0.4,-0.18750070312412104,0.7052411686770168,-0.05503534858501392,-0.03379479375681751
0.25,0.0,1.0941880144641936,0.15328002168609378,-0.023914825024212872,0.4,-0.08333614582981769,-0.09780564236694488,-0.06003350642669951,1.1747089965953044,0.4,-0.25,0.0,0.0,-0.10700674683868198,0.4,-0.25,0.7913543169158391,-0.06003350642669951,-0.029599903039444167
0.25,0.0,-0.38481803752943794,-0.34663865546218486,-0.023914825024212872,0.2,-0.16666854166432288,-0.0171895780288559,-0.02736821616511297,1.2664753382413234,0.2,-0.06250210937236327,0.0,0.0,-0.11891134842506436,0.2,-0.06250210937236327,-0.0171895780288559,-0.02736821616511297,-0.029599903039444167
0.25,0.0,-0.35880906653029837,-0.21962591488208183,-0.023914825024212872,0.2,-0.25000093749882807,-0.0171895780288559,-0.02736821616511297,1.1747089965953044,0.2,-0.12500140624824208,0.0,0.0,-0.13157008766850264,0.2,-0.12500140624824208,-0.0171895780288559,-0.02736821616511297,-0.029599903039444167
0.25,0.0,-0.38481803752943794,-0.2803334236920575,-0.05303794810665839,0.4,-0.16666854166432288,-0.05719787417632732,-0.05503534858501392,1.1887377671616248,0.2,-0.06250210937236327,0.0,0.0,-0.04191524031404452,0.4,-0.06250210937236327,-0.05719787417632732,-0.05503534858501392,-0.04191524031404452
0.5,0.0,-0.621367740592036,-0.6135402548116021,-0.053173404493088314,0.2,-0.3333333333333333,0.0,-0.013402570679791266,-0.5377814221287367,0.0,-0.06250210937236327,98.708063,0.0,-0.04031269779280081,0.2,-0.06250210937236327,0.0,-0.013402570679791266,-0.04031269779280081
0.25,0.0,-0.34558788185799244,-0.24361615613987528,-0.05303794810665839,0.2,-0.16666854166432288,-0.06967832752437475,-0.04369738552550182,1.1887377671616248,0.2,-0.06250210937236327,0.0,0.0,-0.10963276189450165,0.2,-0.06250210937236327,-0.06967832752437475,-0.04369738552550182,-0.05855340237284033
0.25,0.0,1.0862899361884937,0.14657088641908383,-0.023914825024212872,0.2,-0.25000093749882807,-0.0171895780288559,-0.02736821616511297,1.1747089965953044,0.2,-0.18750070312412104,0.0,0.0,-0.053166704822441076,0.2,-0.18750070312412104,0.7845983539761247,-0.02736821616511297,-0.029599903039444167
0.25,0.0,-0.31158866059811585,-0.26646787747357004,-0.02813429146150662,0.2,0.0,-0.06967832752437475,-0.043947640994626606,1.3725734861583982,0.2,-0.12500140624824208,0.0,0.0,-0.04191524031404452,0.2,-0.12500140624824208,-0.06967832752437475,-0.043947640994626606,-0.03379479375681751
0.25,0.0,0.9483434604115072,0.14693683925182982,-0.017372281559644914,0.2,-0.25000093749882807,-0.06967832752437475,-0.04369738552550182,1.1747089965953044,0.2,-0.18750070312412104,0.0,0.0,-0.04191524031404452,0.2,-0.18750070312412104,0.6665998680810292,-0.04369738552550182,-0.02309546574733706
0.25,0.0,-0.38481803752943794,-0.34883437245866084,-0.053173404493088314,0.2,-0.25000093749882807,-0.05240216317316189,-0.025011643830855232,-0.536391023012888,0.4,-0.18750070312412104,0.0,0.0,-0.14134694372247741,0.4,-0.18750070312412104,-0.05240216317316189,-0.025011643830855232,-0.05868806981160026
0.25,0.0,-0.3457098930073556,-0.3497831390620764,-0.023914825024212872,0.2,-0.25000093749882807,-0.0171895780288559,-0.02736821616511297,1.1747089965953044,0.2,-0.06250210937236327,0.0,0.0,-0.0925165304281078,0.2,-0.06250210937236327,-0.0171895780288559,-0.02736821616511297,-0.029599903039444167
0.25,0.0,-0.38481803752943794,-0.3497831390620764,-0.023914825024212872,0.2,-0.08333614582981769,-0.0171895780288559,-0.028522171939410337,1.3692579190359897,0.2,-0.06250210937236327,0.0,0.0,-0.12308603902662386,0.2,-0.06250210937236327,-0.0171895780288559,-0.028522171939410337,-0.029599903039444167
0.25,0.0,-0.38481803752943794,-0.3284087828679859,-0.023914825024212872,0.0,-0.25000093749882807,0.0,-0.015494984463306351,-0.536391023012888,0.2,-0.12500140624824208,0.0,0.0,-0.13189328952152654,0.2,-0.12500140624824208,0.0,-0.015494984463306351,-0.029599903039444167
0.25,0.0,-0.34558788185799244,-0.24361615613987528,-0.023914825024212872,0.2,-0.25000093749882807,-0.0171895780288559,-0.02736821616511297,1.1747089965953044,0.2,-0.06250210937236327,0.0,0.0,-0.1194769516678563,0.2,-0.06250210937236327,-0.0171895780288559,-0.02736821616511297,-0.029599903039444167
0.25,0.0,-0.3457098930073556,-0.26646787747357004,-0.05303794810665839,0.2,-0.16666854166432288,-0.0171895780288559,-0.02736821616511297,1.2873491506087449,0.2,-0.12500140624824208,0.0,0.0,-0.04191524031404452,0.2,-0.12500140624824208,-0.0171895780288559,-0.02736821616511297,-0.04191524031404452
0.25,0.0,-0.35880906653029837,-0.24208457576579012,-0.017372281559644914,0.2,-0.4166657291678385,0.0,-0.013402570679791266,-0.5305798677338277,0.2,-0.06250210937236327,0.0,0.0,-0.11124877115962137,0.2,-0.06250210937236327,0.0,-0.013402570679791266,-0.02309546574733706
0.25,0.0,-0.34558788185799244,-0.3512740580103008,-0.023914825024212872,0.0,-0.25000093749882807,-0.05240216317316189,-0.024900419177910794,-0.536391023012888,0.0,-0.06250210937236327,0.0,0.0,-0.04031269779280081,0.0,-0.06250210937236327,-0.05240216317316189,-0.024900419177910794,-0.029599903039444167
0.25,0.0,0.8122041017173095,0.1100704798048252,-0.023779368637782947,0.2,-0.08333614582981769,-0.06967832752437475,-0.043947640994626606,1.2664753382413234,0.2,-0.12500140624824208,0.0,0.0,-0.053166704822441076,0.2,-0.12500140624824208,0.5501471779621809,-0.043947640994626606,-0.029465235600684234
0.25,0.0,-0.35880906653029837,-0.26646787747357004,-0.02813429146150662,0.4,-0.25000093749882807,-0.0171895780288559,-0.02736821616511297,1.1887377671616248,0.2,-0.12500140624824208,0.0,0.0,-0.13245215939238048,0.4,-0.12500140624824208,-0.0171895780288559,-0.02736821616511297,-0.03379479375681751
0.25,0.0,0.8641978095398893,0.1100704798048252,-0.023914825024212872,0.0,-0.3333333333333333,-0.05240216317316189,-0.024900419177910794,-0.5377814221287367,0.2,-0.06250210937236327,0.0,0.0,-0.10963276189450165,0.2,-0.06250210937236327,0.5946222452995658,-0.024900419177910794,-0.029599903039444167
0.25,0.0,-0.34558788185799244,-0.21962591488208183,-0.023914825024212872,0.2,0.0,-0.06967832752437475,-0.043947640994626606,1.3692579190359897,0.0,-0.06250210937236327,0.0,0.0,-0.04031269779280081,0.2,-0.06250210937236327,-0.06967832752437475,-0.043947640994626606,-0.029599903039444167
0.25,0.0,1.0862899361884937,0.14657088641908383,-0.053173404493088314,0.2,-0.16666854166432288,-0.0171895780288559,-0.02736821616511297,1.2873491506087449,0.2,-0.18750070312412104,0.0,0.0,-0.13189328952152654,0.2,-0.18750070312412104,0.7845983539761247,-0.02736821616511297,-0.05868806981160026
0.25,0.0,0.7628489780979008,0.1100704798048252,-0.023914825024212872,0.2,-0.25000093749882807,-0.0171895780288559,-0.02736821616511297,1.1747089965953044,0.2,-0.06250210937236327,0.0,0.0,-0.10964622863837765,0.2,-0.06250210937236327,0.5079291377733858,-0.02736821616511297,-0.029599903039444167
0.25,0.0,-0.31158866059811585,-0.2870832203849282,-0.017236825173214797,0.2,-0.4166657291678385,0.0,-0.013402570679791266,-0.5305798677338277,0.0,-0.06250210937236327,0.0,0.0,-0.034569131529687436,0.2,-0.06250210937236327,0.0,-0.013402570679791266,-0.022960798308576943
0.25,0.0,-0.38481803752943794,-0.3358362699918677,-0.05303794810665839,0.2,-0.3333333333333333,-0.05240216317316189,-0.024900419177910794,-0.5377814221287367,0.2,-0.12500140624824208,0.0,0.0,-0.13157008766850264,0.2,-0.12500140624824208,-0.05240216317316189,-0.024900419177910794,-0.05855340237284033
0.25,0.0,-0.34558788185799244,-0.21962591488208183,-0.009299080928418161,0.2,-0.25000093749882807,0.0,-0.015494984463306351,-0.536391023012888,0.2,-0.12500140624824208,0.0,0.0,-0.13189328952152654,0.2,-0.12500140624824208,0.0,-0.015494984463306351,-0.01506928639724213
0.25,0.0,-0.38481803752943794,-0.26646787747357004,-0.017236825173214797,0.2,-0.25000093749882807,-0.0171895780288559,-0.02736821616511297,1.1747089965953044,0.2,-0.12500140624824208,0.0,0.0,-0.13317936356168453,0.2,-0.12500140624824208,-0.0171895780288559,-0.02736821616511297,-0.022960798308576943
0.5,0.0,-0.621367740592036,-0.628476551911087,-0.023914825024212872,0.2,0.0,-0.06967832752437475,-0.043947640994626606,1.3692579190359897,0.0,-0.06250210937236327,90.127888,0.0,-0.04031269779280081,0.2,-0.06250210937236327,-0.06967832752437475,-0.043947640994626606,-0.029599903039444167
0.25,0.0,0.8943674103846824,0.14506641366223916,-0.023914825024212872,0.6,0.0,-0.09780564236694488,-0.06003350642669951,1.2664753382413234,0.2,-0.12500140624824208,0.0,0.0,-0.0925165304281078,0.6,-0.12500140624824208,0.620429118579172,-0.06003350642669951,-0.029599903039444167
0.25,0.0,-0.3457098930073556,-0.3497831390620764,-0.023914825024212872,0.2,-0.16666854166432288,-0.05240216317316189,-0.025011643830855232,-0.4599368972708961,0.2,-0.06250210937236327,0.0,0.0,-0.053166704822441076,0.2,-0.06250210937236327,-0.05240216317316189,-0.025011643830855232,-0.029599903039444167
0.25,0.0,1.0752624600377203,0.14657088641908383,-0.023914825024212872,0.2,-0.16666854166432288,-0.0171895780288559,-0.02736821616511297,1.2664753382413234,0.4,-0.18750070312412104,0.0,0.0,-0.14134694372247741,0.4,-0.18750070312412104,0.7751655251799822,-0.02736821616511297,-0.029599903039444167
0.25,0.0,-0.38481803752943794,-0.3512740580103008,-0.02813429146150662,0.2,-0.25000093749882807,0.0,-0.015494984463306351,-0.536391023012888,0.2,-0.06250210937236327,0.0,0.0,-0.04191524031404452,0.2,-0.06250210937236327,0.0,-0.015494984463306351,-0.03379479375681751
0.25,0.0,-0.34558788185799244,-0.24361615613987528,-0.023779368637782947,0.2,-0.25000093749882807,-0.0171895780288559,-0.02736821616511297,1.1747089965953044,0.2,-0.12500140624824208,0.0,0.0,-0.13245215939238048,0.2,-0.12500140624824208,-0.0171895780288559,-0.02736821616511297,-0.029465235600684234
0.0,0.0,0.9745916317004178,0.1100704798048252,-0.009299080928418161,0.6,0.08333239583450529,-0.09780564236694488,-0.06003350642669951,1.3692579190359897,0.2,-0.12500140624824208,0.0,0.0,-0.053166704822441076,0.6,-0.12500140624824208,0.6890523769411598,-0.06003350642669951,-0.01506928639724213
0.25,0.0,0.9635641555496445,0.1100704798048252,-0.023914825024212872,0.2,-0.16666854166432288,-0.0171895780288559,-0.02736821616511297,1.2664753382413234,0.4,-0.18750070312412104,0.0,0.0,-0.14134694372247741,0.4,-0.18750070312412104,0.6796195481450173,-0.02736821616511297,-0.029599903039444167
0.75,0.0,-0.6520563710225181,-0.5797777175386283,-0.053173404493088314,0.0,-0.25000093749882807,0.0,-0.015494984463306351,-0.536391023012888,0.0,-0.06250210937236327,90.127888,0.0,-0.03745101471915113,0.4,-0.06250210937236327,0.0,-0.015494984463306351,-0.03745101471915113
0.5,0.0,-0.621367740592036,-0.59268094334508,-0.023914825024212872,0.2,-0.25000093749882807,-0.05240216317316189,-0.025011643830855232,-0.536391023012888,0.2,-0.06250210937236327,90.127888,0.0,-0.11891134842506436,0.2,-0.06250210937236327,-0.05240216317316189,-0.025011643830855232,-0.029599903039444167
0.25,0.0,-0.38481803752943794,-0.3284087828679859,-0.053173404493088314,0.2,-0.16666854166432288,-0.0171895780288559,-0.02736821616511297,1.2873491506087449,0.2,-0.12500140624824208,0.0,0.0,-0.13189328952152654,0.2,-0.12500140624824208,-0.0171895780288559,-0.02736821616511297,-0.05868806981160026
0.25,0.0,-0.31158866059811585,-0.21480075901328274,-0.017372281559644914,0.2,-0.25000093749882807,-0.0171895780288559,-0.02736821616511297,1.1747089965953044,0.2,-0.12500140624824208,0.0,0.0,-0.0925165304281078,0.2,-0.12500140624824208,-0.0171895780288559,-0.02736821616511297,-0.02309546574733706
0.25,0.0,-0.31158866059811585,-0.3284087828679859,-0.023914825024212872,0.2,-0.25000093749882807,0.0,-0.015494984463306351,-0.4599368972708961,0.2,-0.12500140624824208,0.0,0.0,-0.0925165304281078,0.2,-0.12500140624824208,0.0,-0.015494984463306351,-0.029599903039444167
0.25,0.0,-0.38481803752943794,-0.2611683383030632,-0.023914825024212872,0.2,-0.16666854166432288,-0.0171895780288559,-0.02736821616511297,1.2664753382413234,0.4,-0.18750070312412104,0.0,0.0,-0.14134694372247741,0.4,-0.18750070312412104,-0.0171895780288559,-0.02736821616511297,-0.029599903039444167
0.25,0.0,0.8122041017173095,0.1100704798048252,-0.023914825024212872,0.2,-0.25000093749882807,-0.0171895780288559,-0.02736821616511297,1.1747089965953044,0.2,-0.12500140624824208,0.0,0.0,-0.04191524031404452,0.2,-0.12500140624824208,0.5501471779621809,-0.02736821616511297,-0.029599903039444167
0.25,0.0,-0.3457098930073556,-0.3328950935212795,-0.017236825173214797,0.2,-0.25000093749882807,-0.0171895780288559,-0.02741687695077616,1.1747089965953044,0.2,-0.06250210937236327,0.0,0.0,-0.0925165304281078,0.2,-0.06250210937236327,-0.0171895780288559,-0.02741687695077616,-0.022960798308576943
0.0,0.0,-0.3457098930073556,-0.34663865546218486,-0.009299080928418161,0.2,0.0,-0.06967832752437475,-0.043947640994626606,1.3692579190359897,0.2,-0.12500140624824208,0.0,0.0,-0.0925165304281078,0.2,-0.12500140624824208,-0.06967832752437475,-0.043947640994626606,-0.01506928639724213
0.25,0.0,-0.38481803752943794,-0.26646787747357004,-0.02813429146150662,0.2,-0.25000093749882807,-0.06967832752437475,-0.04369738552550182,1.1887377671616248,0.2,-0.06250210937236327,0.0,0.0,-0.11124877115962137,0.2,-0.06250210937236327,-0.06967832752437475,-0.04369738552550182,-0.03379479375681751
0.25,0.0,0.7538577838119412,0.1100704798048252,-0.023779368637782947,0.2,-0.25000093749882807,0.0,-0.015494984463306351,-0.4599368972708961,0.0,-0.06250210937236327,0.0,0.0,-0.04031269779280081,0.2,-0.06250210937236327,0.5002381307639203,-0.015494984463306351,-0.029465235600684234
0.25,0.0,-0.38481803752943794,-0.3284087828679859,-0.023914825024212872,0.2,-0.08333614582981769,-0.06967832752437475,-0.043947640994626606,1.2664753382413234,0.2,-0.12500140624824208,0.0,0.0,-0.13189328952152654,0.2,-0.12500140624824208,-0.06967832752437475,-0.043947640994626606,-0.029599903039444167
0.25,0.0,-0.38481803752943794,-0.3465166711846029,-0.023914825024212872,0.2,-0.16666854166432288,-0.05240216317316189,-0.025011643830855232,-0.4599368972708961,0.4,-0.18750070312412104,0.0,0.0,-0.14134694372247741,0.4,-0.18750070312412104,-0.05240216317316189,-0.025011643830855232,-0.029599903039444167
0.25,0.0,-0.31158866059811585,-0.24361615613987528,-0.023779368637782947,0.2,-0.08333614582981769,-0.06967832752437475,-0.043947640994626606,1.2664753382413234,0.2,-0.06250210937236327,0.0,0.0,-0.04191524031404452,0.2,-0.06250210937236327,-0.06967832752437475,-0.043947640994626606,-0.029465235600684234
0.25,0.0,1.0752624600377203,0.14657088641908383,-0.023914825024212872,0.2,-0.25000093749882807,-0.0171895780288559,-0.02736821616511297,1.1747089965953044,0.2,-0.18750070312412104,0.0,0.0,-0.0925165304281078,0.2,-0.18750070312412104,0.7751655251799822,-0.02736821616511297,-0.029599903039444167
0.25,0.0,-0.38481803752943794,-0.26646787747357004,-0.053173404493088314,0.2,-0.16666854166432288,-0.06967832752437475,-0.04369738552550182,1.1887377671616248,0.2,-0.12500140624824208,0.0,0.0,-0.13245215939238048,0.2,-0.12500140624824208,-0.06967832752437475,-0.04369738552550182,-0.05868806981160026
0.25,0.0,-0.3457098930073556,-0.34663865546218486,-0.023914825024212872,0.0,-0.3333333333333333,-0.05240216317316189,-0.024900419177910794,-0.5377814221287367,0.2,-0.12500140624824208,0.0,0.0,-0.053166704822441076,0.2,-0.12500140624824208,-0.05240216317316189,-0.024900419177910794,-0.029599903039444167
0.25,0.0,1.0941880144641936,0.1501084304689618,-0.023914825024212872,0.0,-0.3333333333333333,0.0,-0.013402570679791266,-0.5377814221287367,0.2,-0.06250210937236327,0.0,0.0,-0.10964622863837765,0.2,-0.06250210937236327,0.7913543169158391,-0.013402570679791266,-0.029599903039444167
0.25,0.0,-0.34558788185799244,-0.21962591488208183,-0.023914825024212872,0.0,-0.25000093749882807,-0.05240216317316189,-0.025011643830855232,-0.536391023012888,0.2,-0.06250210937236327,0.0,0.0,-0.11892481516894036,0.2,-0.06250210937236327,-0.05240216317316189,-0.025011643830855232,-0.029599903039444167
0.25,0.0,-0.31158866059811585,-0.2131200867443751,-0.023914825024212872,0.2,-0.16666854166432288,-0.06967832752437475,-0.04369738552550182,1.1747089965953044,0.4,-0.18750070312412104,0.0,0.0,-0.10700674683868198,0.4,-0.18750070312412104,-0.06967832752437475,-0.04369738552550182,-0.029599903039444167
0.25,0.0,-0.38481803752943794,-0.26646787747357004,-0.023779368637782947,0.2,-0.08333614582981769,-0.06967832752437475,-0.043947640994626606,1.2664753382413234,0.4,-0.18750070312412104,0.0,0.0,-0.14134694372247741,0.4,-0.18750070312412104,-0.06967832752437475,-0.043947640994626606,-0.029465235600684234
0.25,0.0,-0.38481803752943794,-0.3423285443209542,-0.023914825024212872,0.0,-0.3333333333333333,-0.05240216317316189,-0.024900419177910794,-0.5377814221287367,0.2,-0.06250210937236327,0.0,0.0,-0.1194769516678563,0.2,-0.06250210937236327,-0.05240216317316189,-0.024900419177910794,-0.029599903039444167
0.25,0.0,0.9824897099761177,0.14051233396584442,-0.023779368637782947,0.0,-0.3333333333333333,0.0,-0.013402570679791266,-0.5377814221287367,0.2,-0.12500140624824208,0.0,0.0,-0.04191524031404452,0.2,-0.12500140624824208,0.6958083398808742,-0.013402570679791266,-0.029465235600684234
0.25,0.0,-0.3882699848352115,-0.3537408511791813,-0.02813429146150662,0.2,0.0,-0.06967832752437475,-0.043947640994626606,1.3725734861583982,0.2,-0.06250210937236327,0.0,0.0,-0.053166704822441076,0.2,-0.06250210937236327,-0.06967832752437475,-0.043947640994626606,-0.03379479375681751
0.25,0.0,-0.38481803752943794,-0.3284087828679859,-0.023914825024212872,0.2,-0.08333614582981769,-0.06967832752437475,-0.043947640994626606,1.2664753382413234,0.2,-0.12500140624824208,0.0,0.0,-0.13190675626540255,0.2,-0.12500140624824208,-0.06967832752437475,-0.043947640994626606,-0.029599903039444167
0.25,0.0,-0.38481803752943794,-0.26646787747357004,-0.023914825024212872,0.2,-0.16666854166432288,-0.0171895780288559,-0.02736821616511297,1.2664753382413234,0.2,-0.12500140624824208,0.0,0.0,-0.14148834453317535,0.2,-0.12500140624824208,-0.0171895780288559,-0.02736821616511297,-0.029599903039444167
0.25,0.0,-0.38481803752943794,-0.3328950935212795,-0.023779368637782947,0.0,-0.3333333333333333,0.0,-0.013402570679791266,-0.5377814221287367,0.2,-0.06250210937236327,0.0,0.0,-0.10963276189450165,0.2,-0.06250210937236327,0.0,-0.013402570679791266,-0.029465235600684234
0.25,0.0,-0.34558788185799244,-0.2131200867443751,-0.023779368637782947,0.2,-0.16666854166432288,-0.06967832752437475,-0.04369738552550182,1.1747089965953044,0.2,-0.12500140624824208,0.0,0.0,-0.13158355441237865,0.2,-0.12500140624824208,-0.06967832752437475,-0.04369738552550182,-0.029465235600684234
0.5,0.0,-0.613249530446136,-0.5565058281377067,-0.023779368637782947,0.2,-0.16666854166432288,-0.0171895780288559,-0.02736821616511297,1.2664753382413234,0.0,-0.06250210937236327,0.0,0.0,-0.03708741263449919,0.2,-0.06250210937236327,-0.0171895780288559,-0.02736821616511297,-0.029465235600684234
0.5,0.0,-0.621367740592036,-0.6199918677148278,-0.023779368637782947,0.2,-0.25000093749882807,-0.0171895780288559,-0.02736821616511297,1.1747089965953044,0.2,-0.06250210937236327,117.797387,0.0,-0.10964622863837765,0.2,-0.06250210937236327,-0.0171895780288559,-0.02736821616511297,-0.029465235600684234
0.25,0.0,-0.3038560201979727,-0.20668202764976956,-0.023779368637782947,0.2,-0.25000093749882807,-0.0171895780288559,-0.02741687695077616,1.1747089965953044,0.2,-0.12500140624824208,0.0,0.0,-0.13245215939238048,0.2,-0.12500140624824208,-0.0171895780288559,-0.02741687695077616,-0.029465235600684234
0.25,0.0,0.9635641555496445,0.1100704798048252,-0.023914825024212872,0.2,0.0,-0.06967832752437475,-0.043947640994626606,1.3692579190359897,0.4,-0.18750070312412104,0.0,0.0,-0.14134694372247741,0.4,-0.18750070312412104,0.6796195481450173,-0.043947640994626606,-0.029599903039444167
0.25,0.0,-0.31158866059811585,-0.21480075901328274,-0.023914825024212872,0.4,-0.16666854166432288,-0.05719787417632732,-0.05503534858501392,1.1747089965953044,0.4,-0.18750070312412104,0.0,0.0,-0.10700674683868198,0.4,-0.18750070312412104,-0.05719787417632732,-0.05503534858501392,-0.029599903039444167
0.25,0.0,-0.34558788185799244,-0.28498238004879367,-0.053173404493088314,0.2,0.0,-0.06967832752437475,-0.043947640994626606,1.3725734861583982,0.2,-0.06250210937236327,0.0,0.0,-0.12308603902662386,0.2,-0.06250210937236327,-0.06967832752437475,-0.043947640994626606,-0.05868806981160026
0.25,0.0,0.8122041017173095,0.1100704798048252,-0.023914825024212872,0.2,0.0,-0.06967832752437475,-0.043947640994626606,1.3692579190359897,0.2,-0.12500140624824208,0.0,0.0,-0.04191524031404452,0.2,-0.12500140624824208,0.5501471779621809,-0.043947640994626606,-0.029599903039444167
0.25,0.0,0.7782184775678329,0.1100704798048252,-0.023779368637782947,0.2,-0.25000093749882807,-0.0171895780288559,-0.02736821616511297,1.1747089965953044,0.4,-0.18750070312412104,0.0,0.0,-0.14134694372247741,0.4,-0.18750070312412104,0.5210761040601462,-0.02736821616511297,-0.029465235600684234
0.25,0.0,-0.38481803752943794,-0.3423285443209542,-0.053173404493088314,0.2,-0.25000093749882807,0.0,-0.015494984463306351,-0.536391023012888,0.2,-0.06250210937236327,0.0,0.0,-0.11960488573467822,0.2,-0.06250210937236327,0.0,-0.015494984463306351,-0.05868806981160026
0.25,0.0,0.9745916317004178,0.1100704798048252,-0.023914825024212872,0.2,0.0,-0.06967832752437475,-0.043947640994626606,1.3692579190359897,0.4,-0.18750070312412104,0.0,0.0,-0.14134694372247741,0.4,-0.18750070312412104,0.6890523769411598,-0.043947640994626606,-0.029599903039444167
0.25,0.0,-0.38481803752943794,-0.2769449715370019,-0.023914825024212872,0.6,0.0,-0.05719787417632732,-0.05503534858501392,1.2664753382413234,0.4,-0.18750070312412104,0.0,0.0,-0.10700674683868198,0.6,-0.18750070312412104,-0.05719787417632732,-0.05503534858501392,-0.029599903039444167
0.25,0.0,-0.3457098930073556,-0.27094063431824345,-0.023914825024212872,0.6,0.0,-0.09780564236694488,-0.06003350642669951,1.2664753382413234,0.2,-0.12500140624824208,0.0,0.0,-0.0925165304281078,0.6,-0.12500140624824208,-0.09780564236694488,-0.06003350642669951,-0.029599903039444167
0.25,0.0,-0.38481803752943794,-0.3642179452426132,-0.009299080928418161,0.2,-0.25000093749882807,0.0,-0.02130647257964736,-0.536391023012888,0.4,-0.18750070312412104,0.0,0.0,-0.14134694372247741,0.4,-0.18750070312412104,0.0,-0.02130647257964736,-0.01506928639724213
0.25,0.0,-0.31158866059811585,-0.26646787747357004,-0.023914825024212872,0.0,-0.25000093749882807,-0.05240216317316189,-0.025011643830855232,-0.536391023012888,0.4,-0.18750070312412104,0.0,0.0,-0.10700674683868198,0.4,-0.18750070312412104,-0.05240216317316189,-0.025011643830855232,-0.029599903039444167
0.5,0.0,-0.621367740592036,-0.5756031444835998,-0.009299080928418161,0.2,-0.16666854166432288,-0.0171895780288559,-0.02736821616511297,1.2664753382413234,0.2,-0.12500140624824208,90.127888,0.0,-0.14148834453317535,0.2,-0.12500140624824208,-0.0171895780288559,-0.02736821616511297,-0.01506928639724213
0.25,0.0,-0.31158866059811585,-0.2611683383030632,-0.02813429146150662,0.2,0.0,-0.06967832752437475,-0.043947640994626606,1.3725734861583982,0.2,-0.12500140624824208,0.0,0.0,-0.053166704822441076,0.2,-0.12500140624824208,-0.06967832752437475,-0.043947640994626606,-0.03379479375681751
0.25,0.0,-0.34558788185799244,-0.21480075901328274,-0.009299080928418161,0.2,-0.08333614582981769,-0.06967832752437475,-0.043947640994626606,1.2664753382413234,0.4,-0.18750070312412104,0.0,0.0,-0.14134694372247741,0.4,-0.18750070312412104,-0.06967832752437475,-0.043947640994626606,-0.01506928639724213
0.25,0.0,0.8705761242723947,0.14657088641908383,-0.023914825024212872,0.2,-0.16666854166432288,-0.06967832752437475,-0.04369738552550182,1.1747089965953044,0.2,-0.18750070312412104,0.0,0.0,-0.13158355441237865,0.2,-0.18750070312412104,0.6000782127446115,-0.04369738552550182,-0.029599903039444167
0.25,0.0,-0.31158866059811585,-0.24361615613987528,-0.023914825024212872,0.2,-0.08333614582981769,-0.06967832752437475,-0.043947640994626606,1.2664753382413234,0.4,-0.18750070312412104,0.0,0.0,-0.10700674683868198,0.4,-0.18750070312412104,-0.06967832752437475,-0.043947640994626606,-0.029599903039444167
0.25,0.0,-0.35880906653029837,-0.2611683383030632,-0.017372281559644914,0.2,-0.25000093749882807,-0.0171895780288559,-0.02736821616511297,1.1747089965953044,0.2,-0.12500140624824208,0.0,0.0,-0.13285616170866044,0.2,-0.12500140624824208,-0.0171895780288559,-0.02736821616511297,-0.02309546574733706
0.25,0.0,-0.34558788185799244,-0.21962591488208183,-0.023779368637782947,0.2,-0.25000093749882807,-0.05240216317316189,-0.025011643830855232,-0.536391023012888,0.2,-0.06250210937236327,0.0,0.0,-0.11960488573467822,0.2,-0.06250210937236327,-0.05240216317316189,-0.025011643830855232,-0.029465235600684234
0.25,0.0,-0.31158866059811585,-0.24361615613987528,-0.023914825024212872,0.2,-0.25000093749882807,-0.0171895780288559,-0.02736821616511297,1.1747089965953044,0.4,-0.18750070312412104,0.0,0.0,-0.10700674683868198,0.4,-0.18750070312412104,-0.0171895780288559,-0.02736821616511297,-0.029599903039444167
0.25,0.0,1.0752624600377203,0.14693683925182982,-0.017372281559644914,0.2,-0.3333333333333333,-0.05240216317316189,-0.024003670413547243,-0.5276742900942976,0.2,-0.18750070312412104,0.0,0.0,-0.13286962845253647,0.2,-0.18750070312412104,0.7751655251799822,-0.024003670413547243,-0.02309546574733706
0.25,0.0,0.7628489780979008,0.1100704798048252,-0.023779368637782947,0.2,-0.16666854166432288,-0.05240216317316189,-0.025011643830855232,-0.4599368972708961,0.2,-0.18750070312412104,0.0,0.0,-0.1413402103505394,0.2,-0.18750070312412104,0.5079291377733858,-0.025011643830855232,-0.029465235600684234
0.25,0.0,-0.3882699848352115,-0.3868256980211439,-0.023914825024212872,0.2,-0.16666854166432288,-0.0171895780288559,-0.02736821616511297,1.2664753382413234,0.0,-0.06250210937236327,0.0,0.0,-0.07977699072141345,0.2,-0.06250210937236327,-0.0171895780288559,-0.02736821616511297,-0.029599903039444167
0.25,0.0,-0.38481803752943794,-0.26646787747357004,-0.023914825024212872,0.2,-0.16666854166432288,-0.06967832752437475,-0.04369738552550182,1.1747089965953044,0.2,-0.06250210937236327,0.0,0.0,-0.1194769516678563,0.2,-0.06250210937236327,-0.06967832752437475,-0.04369738552550182,-0.029599903039444167
0.25,0.0,-0.3457098930073556,-0.2611683383030632,-0.023914825024212872,0.2,-0.25000093749882807,-0.0171895780288559,-0.02736821616511297,1.1747089965953044,0.2,-0.06250210937236327,0.0,0.0,-0.053166704822441076,0.2,-0.06250210937236327,-0.0171895780288559,-0.02736821616511297,-0.029599903039444167
0.25,0.0,0.7692272832818734,0.1100704798048252,-0.02813429146150662,0.2,-0.16666854166432288,-0.06967832752437475,-0.04369738552550182,1.1887377671616248,0.2,-0.06250210937236327,0.0,0.0,-0.053166704822441076,0.2,-0.06250210937236327,0.5133850970506808,-0.04369738552550182,-0.03379479375681751
0.25,0.0,0.7692272832818734,0.1100704798048252,-0.023914825024212872,0.2,0.0,-0.06967832752437475,-0.043947640994626606,1.3692579190359897,0.2,-0.12500140624824208,0.0,0.0,-0.11945675155204227,0.2,-0.12500140624824208,0.5133850970506808,-0.043947640994626606,-0.029599903039444167
0.25,0.0,-0.38481803752943794,-0.34663865546218486,-0.023914825024212872,0.2,-0.25000093749882807,0.0,-0.015494984463306351,-0.536391023012888,0.2,-0.12500140624824208,0.0,0.0,-0.13189328952152654,0.2,-0.12500140624824208,0.0,-0.015494984463306351,-0.029599903039444167
0.25,0.0,-0.38481803752943794,-0.3046489563567362,-0.023914825024212872,0.2,0.0,-0.06967832752437475,-0.043947640994626606,1.3692579190359897,0.2,-0.12500140624824208,0.0,0.0,-0.1413402103505394,0.2,-0.12500140624824208,-0.06967832752437475,-0.043947640994626606,-0.029599903039444167
0.25,0.0,0.7692272832818734,0.1100704798048252,-0.023779368637782947,0.2,-0.25000093749882807,-0.0171895780288559,-0.02736821616511297,1.1747089965953044,0.0,-0.06250210937236327,0.0,0.0,-0.037531815182407016,0.2,-0.06250210937236327,0.5133850970506808,-0.02736821616511297,-0.029465235600684234
0.25,0.0,-0.31158866059811585,-0.21480075901328274,-0.017372281559644914,0.4,-0.16666854166432288,-0.09780564236694488,-0.06003350642669951,1.1747089965953044,0.2,-0.06250210937236327,0.0,0.0,-0.04191524031404452,0.4,-0.06250210937236327,-0.09780564236694488,-0.06003350642669951,-0.02309546574733706
0.25,0.0,-0.35880906653029837,-0.26646787747357004,-0.023914825024212872,0.2,-0.16666854166432288,-0.0171895780288559,-0.02736821616511297,1.2664753382413234,0.2,-0.06250210937236327,0.0,0.0,-0.11960488573467822,0.2,-0.06250210937236327,-0.0171895780288559,-0.02736821616511297,-0.029599903039444167
0.75,0.0,-0.6520563710225181,-0.6249525616698292,-0.023914825024212872,0.2,-0.08333614582981769,-0.06967832752437475,-0.043947640994626606,1.2664753382413234,0.2,-0.06250210937236327,90.127888,0.0,-0.11892481516894036,0.4,-0.06250210937236327,-0.06967832752437475,-0.043947640994626606,-0.029599903039444167
