REL_W,RF_W,INPC_W,PFC_W,WCC_W,REL_D,RF_D,INPC_D,PFC_D,WCC_D,REL_F,RF_F,INPC_F,PFC_F,WCC_F,REL_R,RF_R,INPC_R,PFC_R,WCC_R
0.0,0.0,0.0,0.020441663349717514,-0.0013735977855938988,-0.05555555555555562,0.0,0.0,0.0,4.570770380498352e-06,0.0,0.0,0.0,0.0,0.003478316285887258,-0.05882352941176478,0.0,0.0,0.020441663349717514,4.570770380498352e-06
0.0,0.0,0.0,0.020441663349717514,-0.0006347686736456624,-0.05555555555555562,0.0,0.0,0.0,4.570770380498352e-06,0.0,0.0,0.0,0.0,0.003478316285887258,-0.05882352941176478,0.0,0.0,0.020441663349717514,4.570770380498352e-06
0.0,0.0,0.0,0.005473737476588524,-0.0010995719647304413,-0.05555555555555562,0.0,0.0,0.0,2.6281929687849665e-05,0.0,0.0,0.0,0.0,0.003478316285887258,-0.05882352941176478,0.0,0.0,0.005473737476588524,2.6281929687849665e-05
0.0,0.0,0.0,0.015893586100286013,-0.0006347686736456624,-0.05555555555555562,0.0,0.0,0.0,4.570770380498352e-06,0.0,0.0,0.0,0.0,0.0034362552974540406,-0.05882352941176478,0.0,0.0,0.015893586100286013,4.570770380498352e-06
0.0,0.0,0.0,0.015893586100286013,-0.0006347686736456624,-0.05555555555555562,0.0,0.0,0.0,4.570770380498352e-06,0.0,0.0,0.0,0.0,0.003478316285887258,-0.05882352941176478,0.0,0.0,0.015893586100286013,4.570770380498352e-06
0.0,0.0,0.0,0.015893586100286013,-0.0006347686736456624,-0.05555555555555562,0.0,0.0,0.0,4.570770380498352e-06,0.0,0.0,0.0,0.0,0.003478316285887258,-0.05882352941176478,0.0,0.0,0.015893586100286013,4.570770380498352e-06
0.0,0.0,0.0,0.020441663349717514,-0.0006347686736456624,-0.05555555555555562,0.0,0.0,0.0,1.1426925951230022e-05,0.0,0.0,0.0,0.0,0.0034362552974540406,-0.05882352941176478,0.0,0.0,0.020441663349717514,1.1426925951230022e-05
0.0,0.0,0.0,0.020441663349717514,-0.0006347686736456624,-0.05555555555555562,0.0,0.0,0.0,1.1426925951230022e-05,0.0,0.0,0.0,0.0,0.003478316285887258,-0.05882352941176478,0.0,0.0,0.020441663349717514,1.1426925951230022e-05
0.0,0.0,0.0,0.02018556402020407,-0.0006347686736456624,-0.05555555555555562,0.0,0.0,0.0,1.1426925951230022e-05,0.0,0.0,0.0,0.0,0.003478316285887258,-0.05882352941176478,0.0,0.0,0.02018556402020407,1.1426925951230022e-05
0.0,0.0,0.0,0.02018556402020407,-0.0013735977855938988,-0.05555555555555562,0.0,0.0,0.0,1.142692595124588e-06,0.0,0.0,0.0,0.0,0.001348500780677432,-0.05882352941176478,0.0,0.0,0.02018556402020407,1.142692595124588e-06
0.0,0.0,0.0,0.015893586100286013,-0.0006347686736456624,-0.05555555555555562,0.0,0.0,0.0,4.570770380498352e-06,0.0,0.0,0.0,0.0,0.0034362552974540406,-0.05882352941176478,0.0,0.0,0.015893586100286013,4.570770380498352e-06
0.0,0.0,0.0,0.020441663349717514,-0.0006347686736456624,-0.05555555555555562,0.0,0.0,0.0,4.570770380498352e-06,0.0,0.0,0.0,0.0,0.003478316285887258,-0.05882352941176478,0.0,0.0,0.020441663349717514,4.570770380498352e-06
0.0,0.0,0.0,0.015893586100286013,-0.0006347686736456624,-0.05555555555555562,0.0,0.0,0.0,1.1426925951230022e-05,0.0,0.0,0.0,0.0,0.0034362552974540406,-0.05882352941176478,0.0,0.0,0.015893586100286013,1.1426925951230022e-05
0.0,0.0,0.0,0.015893586100286013,-0.0006347686736456624,-0.05555555555555562,0.0,0.0,0.0,4.570770380493594e-05,0.0,0.0,0.0,0.0,0.003478316285887258,-0.05882352941176478,0.0,0.0,0.015893586100286013,4.570770380493594e-05
0.0,0.0,0.0,0.015893586100286013,-0.0013735977855938988,-0.05555555555555562,0.0,0.0,0.0,4.570770380498352e-06,0.0,0.0,0.0,0.0,0.003478316285887258,-0.05882352941176478,0.0,0.0,0.015893586100286013,4.570770380498352e-06
0.0,0.0,0.0,0.020441663349717514,-0.0006347686736456624,-0.05555555555555562,0.0,0.0,0.0,4.570770380498352e-06,0.0,0.0,0.0,0.0,0.0034362552974540406,-0.05882352941176478,0.0,0.0,0.020441663349717514,4.570770380498352e-06
0.0,0.0,0.0,0.015893586100286013,-0.0006347686736456624,-0.05555555555555562,0.0,0.0,0.0,4.570770380493594e-05,0.0,0.0,0.0,0.0,0.003478316285887258,-0.05882352941176478,0.0,0.0,0.015893586100286013,4.570770380493594e-05
0.0,0.0,0.0,0.02018556402020407,-0.0006347686736456624,-0.05555555555555562,0.0,0.0,0.0,1.142692595124588e-06,0.0,0.0,0.0,0.0,0.0013077143676512748,-0.05882352941176478,0.0,0.0,0.02018556402020407,1.142692595124588e-06
0.0,0.0,0.0,0.015893586100286013,-0.0006347686736456624,-0.05555555555555562,0.0,0.0,0.0,4.570770380498352e-06,0.0,0.0,0.0,0.0,0.003478316285887258,-0.05882352941176478,0.0,0.0,0.015893586100286013,4.570770380498352e-06
0.0,0.0,0.0,0.015893586100286013,-0.0006347686736456624,-0.05555555555555562,0.0,0.0,0.0,1.1426925951230022e-05,0.0,0.0,0.0,0.0,0.003478316285887258,-0.05882352941176478,0.0,0.0,0.015893586100286013,1.1426925951230022e-05
0.0,0.0,0.0,0.015893586100286013,-0.0006347686736456624,-0.05555555555555562,0.0,0.0,0.0,4.570770380493594e-05,0.0,0.0,0.0,0.0,0.003478316285887258,-0.05882352941176478,0.0,0.0,0.015893586100286013,4.570770380493594e-05
0.0,0.0,0.0,0.015893586100286013,-0.0013735977855938988,-0.05555555555555562,0.0,0.0,0.0,1.1426925951230022e-05,0.0,0.0,0.0,0.0,0.003478316285887258,-0.05882352941176478,0.0,0.0,0.015893586100286013,1.1426925951230022e-05
0.0,0.0,0.0,0.005473737476588524,-0.0018384010766786774,-0.05555555555555562,0.0,0.0,0.0,-1.714038892685296e-05,0.0,0.0,0.0,0.0,0.001348500780677432,-0.05882352941176478,0.0,0.0,0.005473737476588524,-1.714038892685296e-05
0.0,0.0,0.0,0.015893586100286013,-0.0006347686736456624,-0.05555555555555562,0.0,0.0,0.0,4.570770380493594e-05,0.0,0.0,0.0,0.0,0.003478316285887258,-0.05882352941176478,0.0,0.0,0.015893586100286013,4.570770380493594e-05
0.0,0.0,0.0,0.015893586100286013,-0.0006347686736456624,-0.05555555555555562,0.0,0.0,0.0,4.570770380498352e-06,0.0,0.0,0.0,0.0,0.0034362552974540406,-0.05882352941176478,0.0,0.0,0.015893586100286013,4.570770380498352e-06
0.0,0.0,0.0,0.02018556402020407,-0.0006347686736456624,-0.05555555555555562,0.0,0.0,0.0,1.1426925951230022e-05,0.0,0.0,0.0,0.0,0.003478316285887258,-0.05882352941176478,0.0,0.0,0.02018556402020407,1.1426925951230022e-05
0.0,0.0,0.0,0.005473737476588524,-0.0010995719647304413,-0.05555555555555562,0.0,0.0,0.0,0.0,0.0,0.0,0.0,0.0,0.0034362552974540406,-0.05882352941176478,0.0,0.0,0.005473737476588524,0.0
0.0,0.0,0.0,0.02018556402020407,-0.0006347686736456624,-0.05555555555555562,0.0,0.0,0.0,1.142692595124588e-06,0.0,0.0,0.0,0.0,0.001348500780677432,-0.05882352941176478,0.0,0.0,0.02018556402020407,1.142692595124588e-06
0.0,0.0,0.0,0.02018556402020407,-0.0006347686736456624,-0.05555555555555562,0.0,0.0,0.0,4.570770380493594e-05,0.0,0.0,0.0,0.0,0.003478316285887258,-0.05882352941176478,0.0,0.0,0.02018556402020407,4.570770380493594e-05
0.0,0.0,0.0,0.020441663349717514,-0.0006347686736456624,-0.05555555555555562,0.0,0.0,0.0,4.570770380498352e-06,0.0,0.0,0.0,0.0,0.0034362552974540406,-0.05882352941176478,0.0,0.0,0.020441663349717514,4.570770380498352e-06
0.0,0.0,0.0,0.020441663349717514,-0.0006347686736456624,-0.05555555555555562,0.0,0.0,0.0,4.570770380493594e-05,0.0,0.0,0.0,0.0,0.003478316285887258,-0.05882352941176478,0.0,0.0,0.020441663349717514,4.570770380493594e-05
0.0,0.0,0.0,0.020441663349717514,-0.0006347686736456624,-0.05555555555555562,0.0,0.0,0.0,1.142692595124588e-06,0.0,0.0,0.0,0.0,0.001348500780677432,-0.05882352941176478,0.0,0.0,0.020441663349717514,1.142692595124588e-06
0.0,0.0,0.0,0.020441663349717514,-0.0006347686736456624,-0.05555555555555562,0.0,0.0,0.0,1.142692595124588e-06,0.0,0.0,0.0,0.0,0.001348500780677432,-0.05882352941176478,0.0,0.0,0.020441663349717514,1.142692595124588e-06
0.0,0.0,0.0,0.020441663349717514,-0.0006347686736456624,-0.05555555555555562,0.0,0.0,0.0,4.570770380498352e-06,0.0,0.0,0.0,0.0,0.003478316285887258,-0.05882352941176478,0.0,0.0,0.020441663349717514,4.570770380498352e-06
0.0,0.0,0.0,0.020441663349717514,-0.0006347686736456624,-0.05555555555555562,0.0,0.0,0.0,1.142692595124588e-06,0.0,0.0,0.0,0.0,0.001348500780677432,-0.05882352941176478,0.0,0.0,0.020441663349717514,1.142692595124588e-06
0.0,0.0,0.0,0.015893586100286013,-0.0006347686736456624,-0.05555555555555562,0.0,0.0,0.0,1.1426925951230022e-05,0.0,0.0,0.0,0.0,0.0034362552974540406,-0.05882352941176478,0.0,0.0,0.015893586100286013,1.1426925951230022e-05
0.0,0.0,0.0,0.015893586100286013,-0.0006347686736456624,-0.05555555555555562,0.0,0.0,0.0,9.141540760996704e-06,0.0,0.0,0.0,0.0,0.001348500780677432,-0.05882352941176478,0.0,0.0,0.015893586100286013,9.141540760996704e-06
0.0,0.0,0.0,0.020441663349717514,-0.0006347686736456624,-0.05555555555555562,0.0,0.0,0.0,1.1426925951230022e-05,0.0,0.0,0.0,0.0,0.003478316285887258,-0.05882352941176478,0.0,0.0,0.020441663349717514,1.1426925951230022e-05
0.0,0.0,0.0,0.015893586100286013,-0.0006347686736456624,-0.05555555555555562,0.0,0.0,0.0,1.142692595124588e-06,0.0,0.0,0.0,0.0,0.0013077143676512748,-0.05882352941176478,0.0,0.0,0.015893586100286013,1.142692595124588e-06
0.0,0.0,0.0,0.005473737476588524,-0.0010995719647304413,-0.05555555555555562,0.0,0.0,0.0,-7.998848165856258e-06,0.0,0.0,0.0,0.0,0.003478316285887258,-0.05882352941176478,0.0,0.0,0.005473737476588524,-7.998848165856258e-06
0.0,0.0,0.0,0.020441663349717514,-0.0006347686736456624,-0.05555555555555562,0.0,0.0,0.0,4.570770380493594e-05,0.0,0.0,0.0,0.0,0.003478316285887258,-0.05882352941176478,0.0,0.0,0.020441663349717514,4.570770380493594e-05
0.0,0.0,0.0,0.015893586100286013,-0.0006347686736456624,-0.05555555555555562,0.0,0.0,0.0,1.142692595124588e-06,0.0,0.0,0.0,0.0,0.001348500780677432,-0.05882352941176478,0.0,0.0,0.015893586100286013,1.142692595124588e-06
0.0,0.0,0.0,0.015893586100286013,-0.0006347686736456624,-0.05555555555555562,0.0,0.0,0.0,4.570770380493594e-05,0.0,0.0,0.0,0.0,0.003478316285887258,-0.05882352941176478,0.0,0.0,0.015893586100286013,4.570770380493594e-05
0.0,0.0,0.0,0.020441663349717514,-0.0006347686736456624,-0.05555555555555562,0.0,0.0,0.0,4.570770380498352e-06,0.0,0.0,0.0,0.0,0.003478316285887258,-0.05882352941176478,0.0,0.0,0.020441663349717514,4.570770380498352e-06
0.0,0.0,0.0,0.020441663349717514,-0.0006347686736456624,-0.05555555555555562,0.0,0.0,0.0,1.1426925951230022e-05,0.0,0.0,0.0,0.0,0.003478316285887258,-0.05882352941176478,0.0,0.0,0.020441663349717514,1.1426925951230022e-05
0.0,0.0,0.0,0.015893586100286013,-0.0006347686736456624,-0.05555555555555562,0.0,0.0,0.0,1.142692595124588e-06,0.0,0.0,0.0,0.0,0.001348500780677432,-0.05882352941176478,0.0,0.0,0.015893586100286013,1.142692595124588e-06
0.0,0.0,0.0,0.02018556402020407,-0.0006347686736456624,-0.05555555555555562,0.0,0.0,0.0,4.570770380498352e-06,0.0,0.0,0.0,0.0,0.003478316285887258,-0.05882352941176478,0.0,0.0,0.02018556402020407,4.570770380498352e-06
0.0,0.0,0.0,0.020441663349717514,-0.0006347686736456624,-0.05555555555555562,0.0,0.0,0.0,7.998848165872116e-06,0.0,0.0,0.0,0.0,0.0012822228595099257,-0.05882352941176478,0.0,0.0,0.020441663349717514,7.998848165872116e-06
0.0,0.0,0.0,0.005473737476588524,-0.0010995719647304413,-0.05555555555555562,0.0,0.0,0.0,-1.714038892685296e-05,0.0,0.0,0.0,0.0,0.001348500780677432,-0.05882352941176478,0.0,0.0,0.005473737476588524,-1.714038892685296e-05
0.0,0.0,0.0,0.020441663349717514,-0.0006347686736456624,-0.05555555555555562,0.0,0.0,0.0,4.570770380498352e-06,0.0,0.0,0.0,0.0,0.003478316285887258,-0.05882352941176478,0.0,0.0,0.020441663349717514,4.570770380498352e-06
0.0,0.0,0.0,0.020441663349717514,-0.0006347686736456624,-0.05555555555555562,0.0,0.0,0.0,1.142692595124588e-06,0.0,0.0,0.0,0.0,0.0013077143676512748,-0.05882352941176478,0.0,0.0,0.020441663349717514,1.142692595124588e-06
0.0,0.0,0.0,0.020441663349717514,-0.0013735977855938988,-0.05555555555555562,0.0,0.0,0.0,4.570770380493594e-05,0.0,0.0,0.0,0.0,0.003478316285887258,-0.05882352941176478,0.0,0.0,0.020441663349717514,4.570770380493594e-05
0.0,0.0,0.0,0.005473737476588524,-0.0010995719647304413,-0.05555555555555562,0.0,0.0,0.0,2.6281929687849665e-05,0.0,0.0,0.0,0.0,0.003478316285887258,-0.05882352941176478,0.0,0.0,0.005473737476588524,2.6281929687849665e-05
0.0,0.0,0.0,0.02018556402020407,-0.0013735977855938988,-0.05555555555555562,0.0,0.0,0.0,1.1426925951230022e-05,0.0,0.0,0.0,0.0,0.003478316285887258,-0.05882352941176478,0.0,0.0,0.02018556402020407,1.1426925951230022e-05
0.0,0.0,0.0,0.02018556402020407,-0.0006347686736456624,-0.05555555555555562,0.0,0.0,0.0,1.142692595124588e-06,0.0,0.0,0.0,0.0,0.001348500780677432,-0.05882352941176478,0.0,0.0,0.02018556402020407,1.142692595124588e-06
0.0,0.0,0.0,0.02018556402020407,-0.0006347686736456624,-0.05555555555555562,0.0,0.0,0.0,1.1426925951230022e-05,0.0,0.0,0.0,0.0,0.0034362552974540406,-0.05882352941176478,0.0,0.0,0.02018556402020407,1.1426925951230022e-05
0.0,0.0,0.0,0.020441663349717514,-0.0013735977855938988,-0.05555555555555562,0.0,0.0,0.0,9.141540760996704e-06,0.0,0.0,0.0,0.0,0.001348500780677432,-0.05882352941176478,0.0,0.0,0.020441663349717514,9.141540760996704e-06
0.0,0.0,0.0,0.02018556402020407,-0.0006347686736456624,-0.05555555555555562,0.0,0.0,0.0,9.141540760996704e-06,0.0,0.0,0.0,0.0,0.0013077143676512748,-0.05882352941176478,0.0,0.0,0.02018556402020407,9.141540760996704e-06
0.0,0.0,0.0,0.015893586100286013,-0.0006347686736456624,-0.05555555555555562,0.0,0.0,0.0,1.1426925951230022e-05,0.0,0.0,0.0,0.0,0.0034362552974540406,-0.05882352941176478,0.0,0.0,0.015893586100286013,1.1426925951230022e-05
0.0,0.0,0.0,0.020441663349717514,-0.0006347686736456624,-0.05555555555555562,0.0,0.0,0.0,4.570770380498352e-06,0.0,0.0,0.0,0.0,0.003478316285887258,-0.05882352941176478,0.0,0.0,0.020441663349717514,4.570770380498352e-06
0.0,0.0,0.0,0.020441663349717514,-0.0006347686736456624,-0.05555555555555562,0.0,0.0,0.0,4.570770380498352e-06,0.0,0.0,0.0,0.0,0.003478316285887258,-0.05882352941176478,0.0,0.0,0.020441663349717514,4.570770380498352e-06
0.0,0.0,0.0,0.015893586100286013,-0.0006347686736456624,-0.05555555555555562,0.0,0.0,0.0,1.1426925951230022e-05,0.0,0.0,0.0,0.0,0.003478316285887258,-0.05882352941176478,0.0,0.0,0.015893586100286013,1.1426925951230022e-05
0.0,0.0,0.0,0.005473737476588524,-0.0010995719647304413,-0.05555555555555562,0.0,0.0,0.0,-7.998848165856258e-06,0.0,0.0,0.0,0.0,0.003478316285887258,-0.05882352941176478,0.0,0.0,0.005473737476588524,-7.998848165856258e-06
0.0,0.0,0.0,0.015893586100286013,-0.0006347686736456624,-0.05555555555555562,0.0,0.0,0.0,4.570770380498352e-06,0.0,0.0,0.0,0.0,0.0034362552974540406,-0.05882352941176478,0.0,0.0,0.015893586100286013,4.570770380498352e-06
0.0,0.0,0.0,0.005473737476588524,-0.0010995719647304413,-0.05555555555555562,0.0,0.0,0.0,-7.998848165856258e-06,0.0,0.0,0.0,0.0,0.003478316285887258,-0.05882352941176478,0.0,0.0,0.005473737476588524,-7.998848165856258e-06
0.0,0.0,0.0,0.020441663349717514,-0.0006347686736456624,-0.05555555555555562,0.0,0.0,0.0,4.570770380498352e-06,0.0,0.0,0.0,0.0,0.003478316285887258,-0.05882352941176478,0.0,0.0,0.020441663349717514,4.570770380498352e-06
0.0,0.0,0.0,0.015893586100286013,-0.0006347686736456624,-0.05555555555555562,0.0,0.0,0.0,1.142692595124588e-06,0.0,0.0,0.0,0.0,0.0013077143676512748,-0.05882352941176478,0.0,0.0,0.015893586100286013,1.142692595124588e-06
0.0,0.0,0.0,0.015893586100286013,-0.0006347686736456624,-0.05555555555555562,0.0,0.0,0.0,4.570770380498352e-06,0.0,0.0,0.0,0.0,0.003478316285887258,-0.05882352941176478,0.0,0.0,0.015893586100286013,4.570770380498352e-06
0.0,0.0,0.0,0.015893586100286013,-0.0006347686736456624,-0.05555555555555562,0.0,0.0,0.0,4.570770380498352e-06,0.0,0.0,0.0,0.0,0.003478316285887258,-0.05882352941176478,0.0,0.0,0.015893586100286013,4.570770380498352e-06
0.0,0.0,0.0,0.015893586100286013,-0.0006347686736456624,-0.05555555555555562,0.0,0.0,0.0,4.570770380498352e-06,0.0,0.0,0.0,0.0,0.003478316285887258,-0.05882352941176478,0.0,0.0,0.015893586100286013,4.570770380498352e-06
0.0,0.0,0.0,0.02018556402020407,-0.0006347686736456624,-0.05555555555555562,0.0,0.0,0.0,4.570770380493594e-05,0.0,0.0,0.0,0.0,0.0034362552974540406,-0.05882352941176478,0.0,0.0,0.02018556402020407,4.570770380493594e-05
0.0,0.0,0.0,0.020441663349717514,-0.0006347686736456624,-0.05555555555555562,0.0,0.0,0.0,1.1426925951230022e-05,0.0,0.0,0.0,0.0,0.003478316285887258,-0.05882352941176478,0.0,0.0,0.020441663349717514,1.1426925951230022e-05
0.0,0.0,0.0,0.020441663349717514,-0.0013735977855938988,-0.05555555555555562,0.0,0.0,0.0,4.570770380498352e-06,0.0,0.0,0.0,0.0,0.003478316285887258,-0.05882352941176478,0.0,0.0,0.020441663349717514,4.570770380498352e-06
0.0,0.0,0.0,0.015893586100286013,-0.0013735977855938988,-0.05555555555555562,0.0,0.0,0.0,4.570770380498352e-06,0.0,0.0,0.0,0.0,0.003478316285887258,-0.05882352941176478,0.0,0.0,0.015893586100286013,4.570770380498352e-06
0.0,0.0,0.0,0.02018556402020407,-0.0006347686736456624,-0.05555555555555562,0.0,0.0,0.0,4.570770380498352e-06,0.0,0.0,0.0,0.0,0.003478316285887258,-0.05882352941176478,0.0,0.0,0.02018556402020407,4.570770380498352e-06
0.0,0.0,0.0,0.020441663349717514,-0.0006347686736456624,-0.05555555555555562,0.0,0.0,0.0,4.570770380498352e-06,0.0,0.0,0.0,0.0,0.003478316285887258,-0.05882352941176478,0.0,0.0,0.020441663349717514,4.570770380498352e-06
0.0,0.0,0.0,0.015893586100286013,-0.0006347686736456624,-0.05555555555555562,0.0,0.0,0.0,1.1426925951230022e-05,0.0,0.0,0.0,0.0,0.003478316285887258,-0.05882352941176478,0.0,0.0,0.015893586100286013,1.1426925951230022e-05
0.0,0.0,0.0,0.020441663349717514,-0.0006347686736456624,-0.05555555555555562,0.0,0.0,0.0,1.1426925951230022e-05,0.0,0.0,0.0,0.0,0.003478316285887258,-0.05882352941176478,0.0,0.0,0.020441663349717514,1.1426925951230022e-05
0.0,0.0,0.0,0.020441663349717514,-0.0006347686736456624,-0.05555555555555562,0.0,0.0,0.0,1.1426925951230022e-05,0.0,0.0,0.0,0.0,0.003478316285887258,-0.05882352941176478,0.0,0.0,0.020441663349717514,1.1426925951230022e-05
0.0,0.0,0.0,0.02018556402020407,-0.0013735977855938988,-0.05555555555555562,0.0,0.0,0.0,1.142692595124588e-06,0.0,0.0,0.0,0.0,0.001348500780677432,-0.05882352941176478,0.0,0.0,0.02018556402020407,1.142692595124588e-06
0.0,0.0,0.0,0.015893586100286013,-0.0013735977855938988,-0.05555555555555562,0.0,0.0,0.0,1.142692595124588e-06,0.0,0.0,0.0,0.0,0.001348500780677432,-0.05882352941176478,0.0,0.0,0.015893586100286013,1.142692595124588e-06
0.0,0.0,0.0,0.015893586100286013,-0.0006347686736456624,-0.05555555555555562,0.0,0.0,0.0,1.1426925951230022e-05,0.0,0.0,0.0,0.0,0.003478316285887258,-0.05882352941176478,0.0,0.0,0.015893586100286013,1.1426925951230022e-05
0.0,0.0,0.0,0.005473737476588524,-0.0010995719647304413,-0.05555555555555562,0.0,0.0,0.0,-7.998848165856258e-06,0.0,0.0,0.0,0.0,0.003478316285887258,-0.05882352941176478,0.0,0.0,0.005473737476588524,-7.998848165856258e-06
0.0,0.0,0.0,0.015893586100286013,-0.0006347686736456624,-0.05555555555555562,0.0,0.0,0.0,4.570770380498352e-06,0.0,0.0,0.0,0.0,0.003478316285887258,-0.05882352941176478,0.0,0.0,0.015893586100286013,4.570770380498352e-06
0.0,0.0,0.0,0.015893586100286013,-0.0006347686736456624,-0.05555555555555562,0.0,0.0,0.0,4.570770380498352e-06,0.0,0.0,0.0,0.0,0.0034362552974540406,-0.05882352941176478,0.0,0.0,0.015893586100286013,4.570770380498352e-06
0.0,0.0,0.0,0.005473737476588524,-0.0010995719647304413,-0.05555555555555562,0.0,0.0,0.0,-1.4855003736603787e-05,0.0,0.0,0.0,0.0,0.0034362552974540406,-0.05882352941176478,0.0,0.0,0.005473737476588524,-1.4855003736603787e-05
0.0,0.0,0.0,0.020441663349717514,-0.0006347686736456624,-0.05555555555555562,0.0,0.0,0.0,1.142692595124588e-06,0.0,0.0,0.0,0.0,0.001348500780677432,-0.05882352941176478,0.0,0.0,0.020441663349717514,1.142692595124588e-06
0.0,0.0,0.0,0.015893586100286013,-0.0006347686736456624,-0.05555555555555562,0.0,0.0,0.0,1.1426925951230022e-05,0.0,0.0,0.0,0.0,0.0034362552974540406,-0.05882352941176478,0.0,0.0,0.015893586100286013,1.1426925951230022e-05
0.0,0.0,0.0,0.020441663349717514,-0.0006347686736456624,-0.05555555555555562,0.0,0.0,0.0,1.1426925951230022e-05,0.0,0.0,0.0,0.0,0.003478316285887258,-0.05882352941176478,0.0,0.0,0.020441663349717514,1.1426925951230022e-05
0.0,0.0,0.0,0.005473737476588524,-0.0010995719647304413,-0.05555555555555562,0.0,0.0,0.0,-1.4855003736603787e-05,0.0,0.0,0.0,0.0,0.003478316285887258,-0.05882352941176478,0.0,0.0,0.005473737476588524,-1.4855003736603787e-05
0.0,0.0,0.0,0.02018556402020407,-0.0006347686736456624,-0.05555555555555562,0.0,0.0,0.0,4.570770380498352e-06,0.0,0.0,0.0,0.0,0.0034362552974540406,-0.05882352941176478,0.0,0.0,0.02018556402020407,4.570770380498352e-06
0.0,0.0,0.0,0.005473737476588524,-0.0010995719647304413,-0.05555555555555562,0.0,0.0,0.0,-1.714038892685296e-05,0.0,0.0,0.0,0.0,0.001348500780677432,-0.05882352941176478,0.0,0.0,0.005473737476588524,-1.714038892685296e-05
0.0,0.0,0.0,0.005473737476588524,-0.0010995719647304413,-0.05555555555555562,0.0,0.0,0.0,2.6281929687849665e-05,0.0,0.0,0.0,0.0,0.003478316285887258,-0.05882352941176478,0.0,0.0,0.005473737476588524,2.6281929687849665e-05
0.0,0.0,0.0,0.02018556402020407,-0.0006347686736456624,-0.05555555555555562,0.0,0.0,0.0,4.570770380493594e-05,0.0,0.0,0.0,0.0,0.003478316285887258,-0.05882352941176478,0.0,0.0,0.02018556402020407,4.570770380493594e-05
0.0,0.0,0.0,0.02018556402020407,-0.0006347686736456624,-0.05555555555555562,0.0,0.0,0.0,1.1426925951230022e-05,0.0,0.0,0.0,0.0,0.0034362552974540406,-0.05882352941176478,0.0,0.0,0.02018556402020407,1.1426925951230022e-05
0.0,0.0,0.0,0.020441663349717514,-0.0013735977855938988,-0.05555555555555562,0.0,0.0,0.0,1.142692595124588e-06,0.0,0.0,0.0,0.0,0.001348500780677432,-0.05882352941176478,0.0,0.0,0.020441663349717514,1.142692595124588e-06
0.0,0.0,0.0,0.020441663349717514,-0.0006347686736456624,-0.05555555555555562,0.0,0.0,0.0,4.570770380498352e-06,0.0,0.0,0.0,0.0,0.003478316285887258,-0.05882352941176478,0.0,0.0,0.020441663349717514,4.570770380498352e-06
0.0,0.0,0.0,0.005473737476588524,-0.0010995719647304413,-0.05555555555555562,0.0,0.0,0.0,-1.714038892685296e-05,0.0,0.0,0.0,0.0,0.0013077143676512748,-0.05882352941176478,0.0,0.0,0.005473737476588524,-1.714038892685296e-05
0.0,0.0,0.0,0.02018556402020407,-0.0006347686736456624,-0.05555555555555562,0.0,0.0,0.0,1.1426925951230022e-05,0.0,0.0,0.0,0.0,0.003478316285887258,-0.05882352941176478,0.0,0.0,0.02018556402020407,1.1426925951230022e-05
0.0,0.0,0.0,0.015893586100286013,-0.0006347686736456624,-0.05555555555555562,0.0,0.0,0.0,1.9425774117102137e-05,0.0,0.0,0.0,0.0,0.003478316285887258,-0.05882352941176478,0.0,0.0,0.015893586100286013,1.9425774117102137e-05
0.0,0.0,0.0,0.02018556402020407,-0.0006347686736456624,-0.05555555555555562,0.0,0.0,0.0,1.1426925951230022e-05,0.0,0.0,0.0,0.0,0.003478316285887258,-0.05882352941176478,0.0,0.0,0.02018556402020407,1.1426925951230022e-05
0.0,0.0,0.0,0.020441663349717514,-0.0006347686736456624,-0.05555555555555562,0.0,0.0,0.0,4.570770380498352e-06,0.0,0.0,0.0,0.0,0.0034362552974540406,-0.05882352941176478,0.0,0.0,0.020441663349717514,4.570770380498352e-06
0.0,0.0,0.0,0.015893586100286013,-0.0006347686736456624,-0.05555555555555562,0.0,0.0,0.0,4.570770380498352e-06,0.0,0.0,0.0,0.0,0.003478316285887258,-0.05882352941176478,0.0,0.0,0.015893586100286013,4.570770380498352e-06
0.0,0.0,0.0,0.015893586100286013,-0.0006347686736456624,-0.05555555555555562,0.0,0.0,0.0,4.570770380498352e-06,0.0,0.0,0.0,0.0,0.003478316285887258,-0.05882352941176478,0.0,0.0,0.015893586100286013,4.570770380498352e-06
0.0,0.0,0.0,0.015893586100286013,-0.0013735977855938988,-0.05555555555555562,0.0,0.0,0.0,4.570770380493594e-05,0.0,0.0,0.0,0.0,0.003478316285887258,-0.05882352941176478,0.0,0.0,0.015893586100286013,4.570770380493594e-05
0.0,0.0,0.0,0.020441663349717514,-0.0006347686736456624,-0.05555555555555562,0.0,0.0,0.0,1.1426925951230022e-05,0.0,0.0,0.0,0.0,0.003478316285887258,-0.05882352941176478,0.0,0.0,0.020441663349717514,1.1426925951230022e-05
0.0,0.0,0.0,0.015893586100286013,-0.0006347686736456624,-0.05555555555555562,0.0,0.0,0.0,4.570770380498352e-06,0.0,0.0,0.0,0.0,0.0034362552974540406,-0.05882352941176478,0.0,0.0,0.015893586100286013,4.570770380498352e-06
0.0,0.0,0.0,0.020441663349717514,-0.0006347686736456624,-0.05555555555555562,0.0,0.0,0.0,4.570770380498352e-06,0.0,0.0,0.0,0.0,0.003478316285887258,-0.05882352941176478,0.0,0.0,0.020441663349717514,4.570770380498352e-06
0.0,0.0,0.0,0.005473737476588524,-0.0010995719647304413,-0.05555555555555562,0.0,0.0,0.0,-7.998848165856258e-06,0.0,0.0,0.0,0.0,0.0034107637893126823,-0.05882352941176478,0.0,0.0,0.005473737476588524,-7.998848165856258e-06
0.0,0.0,0.0,0.015893586100286013,-0.0013735977855938988,-0.05555555555555562,0.0,0.0,0.0,1.1426925951230022e-05,0.0,0.0,0.0,0.0,0.003478316285887258,-0.05882352941176478,0.0,0.0,0.015893586100286013,1.1426925951230022e-05
0.0,0.0,0.0,0.015893586100286013,-0.0006347686736456624,-0.05555555555555562,0.0,0.0,0.0,4.570770380498352e-06,0.0,0.0,0.0,0.0,0.003478316285887258,-0.05882352941176478,0.0,0.0,0.015893586100286013,4.570770380498352e-06
0.0,0.0,0.0,0.020441663349717514,-0.0006347686736456624,-0.05555555555555562,0.0,0.0,0.0,1.142692595124588e-06,0.0,0.0,0.0,0.0,0.001348500780677432,-0.05882352941176478,0.0,0.0,0.020441663349717514,1.142692595124588e-06
0.0,0.0,0.0,0.015893586100286013,-0.0006347686736456624,-0.05555555555555562,0.0,0.0,0.0,4.570770380498352e-06,0.0,0.0,0.0,0.0,0.003478316285887258,-0.05882352941176478,0.0,0.0,0.015893586100286013,4.570770380498352e-06
0.0,0.0,0.0,0.02018556402020407,-0.0006347686736456624,-0.05555555555555562,0.0,0.0,0.0,1.1426925951230022e-05,0.0,0.0,0.0,0.0,0.003478316285887258,-0.05882352941176478,0.0,0.0,0.02018556402020407,1.1426925951230022e-05
0.0,0.0,0.0,0.015893586100286013,-0.0006347686736456624,-0.05555555555555562,0.0,0.0,0.0,4.570770380498352e-06,0.0,0.0,0.0,0.0,0.003478316285887258,-0.05882352941176478,0.0,0.0,0.015893586100286013,4.570770380498352e-06
0.0,0.0,0.0,0.02018556402020407,-0.0006347686736456624,-0.05555555555555562,0.0,0.0,0.0,4.570770380498352e-06,0.0,0.0,0.0,0.0,0.0034362552974540406,-0.05882352941176478,0.0,0.0,0.02018556402020407,4.570770380498352e-06
0.0,0.0,0.0,0.020441663349717514,-0.0006347686736456624,-0.05555555555555562,0.0,0.0,0.0,4.570770380498352e-06,0.0,0.0,0.0,0.0,0.003478316285887258,-0.05882352941176478,0.0,0.0,0.020441663349717514,4.570770380498352e-06
0.0,0.0,0.0,0.015893586100286013,-0.0013735977855938988,-0.05555555555555562,0.0,0.0,0.0,4.570770380498352e-06,0.0,0.0,0.0,0.0,0.003478316285887258,-0.05882352941176478,0.0,0.0,0.015893586100286013,4.570770380498352e-06
0.0,0.0,0.0,0.015893586100286013,-0.0006347686736456624,-0.05555555555555562,0.0,0.0,0.0,4.570770380498352e-06,0.0,0.0,0.0,0.0,0.003478316285887258,-0.05882352941176478,0.0,0.0,0.015893586100286013,4.570770380498352e-06
0.0,0.0,0.0,0.015893586100286013,-0.0013735977855938988,-0.05555555555555562,0.0,0.0,0.0,4.570770380498352e-06,0.0,0.0,0.0,0.0,0.003478316285887258,-0.05882352941176478,0.0,0.0,0.015893586100286013,4.570770380498352e-06
0.0,0.0,0.0,0.005473737476588524,-0.0010995719647304413,-0.05555555555555562,0.0,0.0,0.0,-9.141540760980846e-06,0.0,0.0,0.0,0.0,0.0013077143676512748,-0.05882352941176478,0.0,0.0,0.005473737476588524,-9.141540760980846e-06
0.0,0.0,0.0,0.015893586100286013,-0.0006347686736456624,-0.05555555555555562,0.0,0.0,0.0,4.570770380493594e-05,0.0,0.0,0.0,0.0,0.003478316285887258,-0.05882352941176478,0.0,0.0,0.015893586100286013,4.570770380493594e-05
0.0,0.0,0.0,0.020441663349717514,-0.0006347686736456624,-0.05555555555555562,0.0,0.0,0.0,1.1426925951230022e-05,0.0,0.0,0.0,0.0,0.003478316285887258,-0.05882352941176478,0.0,0.0,0.020441663349717514,1.1426925951230022e-05
0.0,0.0,0.0,0.015893586100286013,-0.0006347686736456624,-0.05555555555555562,0.0,0.0,0.0,1.1426925951230022e-05,0.0,0.0,0.0,0.0,0.003478316285887258,-0.05882352941176478,0.0,0.0,0.015893586100286013,1.1426925951230022e-05
0.0,0.0,0.0,0.020441663349717514,-0.0006347686736456624,-0.05555555555555562,0.0,0.0,0.0,7.998848165872116e-06,0.0,0.0,0.0,0.0,0.0012822228595099257,-0.05882352941176478,0.0,0.0,0.020441663349717514,7.998848165872116e-06
0.0,0.0,0.0,0.020441663349717514,-0.0013735977855938988,-0.05555555555555562,0.0,0.0,0.0,1.1426925951230022e-05,0.0,0.0,0.0,0.0,0.003478316285887258,-0.05882352941176478,0.0,0.0,0.020441663349717514,1.1426925951230022e-05
0.0,0.0,0.0,0.02018556402020407,-0.0006347686736456624,-0.05555555555555562,0.0,0.0,0.0,5.2563859375683474e-05,0.0,0.0,0.0,0.0,0.003478316285887258,-0.05882352941176478,0.0,0.0,0.02018556402020407,5.2563859375683474e-05
0.0,0.0,0.0,0.015893586100286013,-0.0006347686736456624,-0.05555555555555562,0.0,0.0,0.0,1.8283081521977548e-05,0.0,0.0,0.0,0.0,0.0034107637893126823,-0.05882352941176478,0.0,0.0,0.015893586100286013,1.8283081521977548e-05
0.0,0.0,0.0,0.02018556402020407,-0.0006347686736456624,-0.05555555555555562,0.0,0.0,0.0,7.998848165872116e-06,0.0,0.0,0.0,0.0,0.0013242838479431518,-0.05882352941176478,0.0,0.0,0.02018556402020407,7.998848165872116e-06
0.0,0.0,0.0,0.005473737476588524,-0.0010995719647304413,-0.05555555555555562,0.0,0.0,0.0,-1.142692595124588e-06,0.0,0.0,0.0,0.0,0.0034528247777459173,-0.05882352941176478,0.0,0.0,0.005473737476588524,-1.142692595124588e-06
0.0,0.0,0.0,0.015893586100286013,-0.0006347686736456624,-0.05555555555555562,0.0,0.0,0.0,9.141540760996704e-06,0.0,0.0,0.0,0.0,0.0013077143676512748,-0.05882352941176478,0.0,0.0,0.015893586100286013,9.141540760996704e-06
0.0,0.0,0.0,0.02018556402020407,-0.0006347686736456624,-0.05555555555555562,0.0,0.0,0.0,4.570770380498352e-06,0.0,0.0,0.0,0.0,0.003478316285887258,-0.05882352941176478,0.0,0.0,0.02018556402020407,4.570770380498352e-06
0.0,0.0,0.0,0.005473737476588524,-0.0010995719647304413,-0.05555555555555562,0.0,0.0,0.0,-1.4855003736603787e-05,0.0,0.0,0.0,0.0,0.003478316285887258,-0.05882352941176478,0.0,0.0,0.005473737476588524,-1.4855003736603787e-05
0.0,0.0,0.0,0.020441663349717514,-0.0013735977855938988,-0.05555555555555562,0.0,0.0,0.0,1.1426925951230022e-05,0.0,0.0,0.0,0.0,0.003478316285887258,-0.05882352941176478,0.0,0.0,0.020441663349717514,1.1426925951230022e-05
0.0,0.0,0.0,0.02018556402020407,-0.0006347686736456624,-0.05555555555555562,0.0,0.0,0.0,4.570770380498352e-06,0.0,0.0,0.0,0.0,0.003478316285887258,-0.05882352941176478,0.0,0.0,0.02018556402020407,4.570770380498352e-06
0.0,0.0,0.0,0.02018556402020407,-0.0006347686736456624,-0.05555555555555562,0.0,0.0,0.0,1.142692595124588e-06,0.0,0.0,0.0,0.0,0.001348500780677432,-0.05882352941176478,0.0,0.0,0.02018556402020407,1.142692595124588e-06
0.0,0.0,0.0,0.015893586100286013,-0.0013735977855938988,-0.05555555555555562,0.0,0.0,0.0,1.1426925951230022e-05,0.0,0.0,0.0,0.0,0.003478316285887258,-0.05882352941176478,0.0,0.0,0.015893586100286013,1.1426925951230022e-05
0.0,0.0,0.0,0.005473737476588524,-0.0010995719647304413,-0.05555555555555562,0.0,0.0,0.0,-1.4855003736603787e-05,0.0,0.0,0.0,0.0,0.003478316285887258,-0.05882352941176478,0.0,0.0,0.005473737476588524,-1.4855003736603787e-05
0.0,0.0,0.0,0.020441663349717514,-0.0006347686736456624,-0.05555555555555562,0.0,0.0,0.0,4.570770380498352e-06,0.0,0.0,0.0,0.0,0.003478316285887258,-0.05882352941176478,0.0,0.0,0.020441663349717514,4.570770380498352e-06
0.0,0.0,0.0,0.02018556402020407,-0.0006347686736456624,-0.05555555555555562,0.0,0.0,0.0,4.570770380498352e-06,0.0,0.0,0.0,0.0,0.003478316285887258,-0.05882352941176478,0.0,0.0,0.02018556402020407,4.570770380498352e-06
0.0,0.0,0.0,0.005473737476588524,-0.0010995719647304413,-0.05555555555555562,0.0,0.0,0.0,-1.714038892685296e-05,0.0,0.0,0.0,0.0,0.001348500780677432,-0.05882352941176478,0.0,0.0,0.005473737476588524,-1.714038892685296e-05
0.0,0.0,0.0,0.015893586100286013,-0.0006347686736456624,-0.05555555555555562,0.0,0.0,0.0,4.570770380493594e-05,0.0,0.0,0.0,0.0,0.003478316285887258,-0.05882352941176478,0.0,0.0,0.015893586100286013,4.570770380493594e-05
0.0,0.0,0.0,0.02018556402020407,-0.0006347686736456624,-0.05555555555555562,0.0,0.0,0.0,4.570770380498352e-06,0.0,0.0,0.0,0.0,0.003478316285887258,-0.05882352941176478,0.0,0.0,0.02018556402020407,4.570770380498352e-06
0.0,0.0,0.0,0.015893586100286013,-0.0006347686736456624,-0.05555555555555562,0.0,0.0,0.0,1.1426925951230022e-05,0.0,0.0,0.0,0.0,0.003478316285887258,-0.05882352941176478,0.0,0.0,0.015893586100286013,1.1426925951230022e-05
0.0,0.0,0.0,0.015893586100286013,-0.0006347686736456624,-0.05555555555555562,0.0,0.0,0.0,1.1426925951230022e-05,0.0,0.0,0.0,0.0,0.003478316285887258,-0.05882352941176478,0.0,0.0,0.015893586100286013,1.1426925951230022e-05
0.0,0.0,0.0,0.020441663349717514,-0.0006347686736456624,-0.05555555555555562,0.0,0.0,0.0,4.570770380498352e-06,0.0,0.0,0.0,0.0,0.003478316285887258,-0.05882352941176478,0.0,0.0,0.020441663349717514,4.570770380498352e-06
0.0,0.0,0.0,0.015893586100286013,-0.0006347686736456624,-0.05555555555555562,0.0,0.0,0.0,1.1426925951230022e-05,0.0,0.0,0.0,0.0,0.0034362552974540406,-0.05882352941176478,0.0,0.0,0.015893586100286013,1.1426925951230022e-05
0.0,0.0,0.0,0.015893586100286013,-0.0006347686736456624,-0.05555555555555562,0.0,0.0,0.0,4.570770380493594e-05,0.0,0.0,0.0,0.0,0.003478316285887258,-0.05882352941176478,0.0,0.0,0.015893586100286013,4.570770380493594e-05
0.0,0.0,0.0,0.02018556402020407,-0.0006347686736456624,-0.05555555555555562,0.0,0.0,0.0,1.1426925951230022e-05,0.0,0.0,0.0,0.0,0.0034362552974540406,-0.05882352941176478,0.0,0.0,0.02018556402020407,1.1426925951230022e-05
0.0,0.0,0.0,0.020441663349717514,-0.0006347686736456624,-0.05555555555555562,0.0,0.0,0.0,4.570770380493594e-05,0.0,0.0,0.0,0.0,0.003478316285887258,-0.05882352941176478,0.0,0.0,0.020441663349717514,4.570770380493594e-05
0.0,0.0,0.0,0.020441663349717514,-0.0006347686736456624,-0.05555555555555562,0.0,0.0,0.0,4.570770380493594e-05,0.0,0.0,0.0,0.0,0.0034362552974540406,-0.05882352941176478,0.0,0.0,0.020441663349717514,4.570770380493594e-05
0.0,0.0,0.0,0.020441663349717514,-0.0006347686736456624,-0.05555555555555562,0.0,0.0,0.0,1.142692595124588e-06,0.0,0.0,0.0,0.0,0.001348500780677432,-0.05882352941176478,0.0,0.0,0.020441663349717514,1.142692595124588e-06
0.0,0.0,0.0,0.015893586100286013,-0.0006347686736456624,-0.05555555555555562,0.0,0.0,0.0,4.570770380498352e-06,0.0,0.0,0.0,0.0,0.003478316285887258,-0.05882352941176478,0.0,0.0,0.015893586100286013,4.570770380498352e-06
0.0,0.0,0.0,0.005473737476588524,-0.0010995719647304413,-0.05555555555555562,0.0,0.0,0.0,-1.4855003736603787e-05,0.0,0.0,0.0,0.0,0.003478316285887258,-0.05882352941176478,0.0,0.0,0.005473737476588524,-1.4855003736603787e-05
0.0,0.0,0.0,0.015893586100286013,-0.0006347686736456624,-0.05555555555555562,0.0,0.0,0.0,1.1426925951230022e-05,0.0,0.0,0.0,0.0,0.003478316285887258,-0.05882352941176478,0.0,0.0,0.015893586100286013,1.1426925951230022e-05
0.0,0.0,0.0,0.020441663349717514,-0.0006347686736456624,-0.05555555555555562,0.0,0.0,0.0,1.1426925951230022e-05,0.0,0.0,0.0,0.0,0.003478316285887258,-0.05882352941176478,0.0,0.0,0.020441663349717514,1.1426925951230022e-05
0.0,0.0,0.0,0.015893586100286013,-0.0006347686736456624,-0.05555555555555562,0.0,0.0,0.0,4.570770380498352e-06,0.0,0.0,0.0,0.0,0.003478316285887258,-0.05882352941176478,0.0,0.0,0.015893586100286013,4.570770380498352e-06
0.0,0.0,0.0,0.015893586100286013,-0.0006347686736456624,-0.05555555555555562,0.0,0.0,0.0,1.1426925951230022e-05,0.0,0.0,0.0,0.0,0.003478316285887258,-0.05882352941176478,0.0,0.0,0.015893586100286013,1.1426925951230022e-05
0.0,0.0,0.0,0.02018556402020407,-0.0006347686736456624,-0.05555555555555562,0.0,0.0,0.0,4.570770380493594e-05,0.0,0.0,0.0,0.0,0.003478316285887258,-0.05882352941176478,0.0,0.0,0.02018556402020407,4.570770380493594e-05
0.0,0.0,0.0,0.02018556402020407,-0.0006347686736456624,-0.05555555555555562,0.0,0.0,0.0,1.142692595124588e-06,0.0,0.0,0.0,0.0,0.001348500780677432,-0.05882352941176478,0.0,0.0,0.02018556402020407,1.142692595124588e-06
0.0,0.0,0.0,0.02018556402020407,-0.0006347686736456624,-0.05555555555555562,0.0,0.0,0.0,1.9425774117102137e-05,0.0,0.0,0.0,0.0,0.0034362552974540406,-0.05882352941176478,0.0,0.0,0.02018556402020407,1.9425774117102137e-05
0.0,0.0,0.0,0.020441663349717514,-0.0013735977855938988,-0.05555555555555562,0.0,0.0,0.0,4.570770380493594e-05,0.0,0.0,0.0,0.0,0.003478316285887258,-0.05882352941176478,0.0,0.0,0.020441663349717514,4.570770380493594e-05
0.0,0.0,0.0,0.02018556402020407,-0.0006347686736456624,-0.05555555555555562,0.0,0.0,0.0,1.1426925951230022e-05,0.0,0.0,0.0,0.0,0.003478316285887258,-0.05882352941176478,0.0,0.0,0.02018556402020407,1.1426925951230022e-05
0.0,0.0,0.0,0.020441663349717514,-0.0006347686736456624,-0.05555555555555562,0.0,0.0,0.0,1.142692595124588e-06,0.0,0.0,0.0,0.0,0.001348500780677432,-0.05882352941176478,0.0,0.0,0.020441663349717514,1.142692595124588e-06
0.0,0.0,0.0,0.02018556402020407,-0.0006347686736456624,-0.05555555555555562,0.0,0.0,0.0,4.570770380498352e-06,0.0,0.0,0.0,0.0,0.0034362552974540406,-0.05882352941176478,0.0,0.0,0.02018556402020407,4.570770380498352e-06
0.0,0.0,0.0,0.02018556402020407,-0.0006347686736456624,-0.05555555555555562,0.0,0.0,0.0,4.570770380498352e-06,0.0,0.0,0.0,0.0,0.003478316285887258,-0.05882352941176478,0.0,0.0,0.02018556402020407,4.570770380498352e-06
0.0,0.0,0.0,0.02018556402020407,-0.0013735977855938988,-0.05555555555555562,0.0,0.0,0.0,1.1426925951230022e-05,0.0,0.0,0.0,0.0,0.003478316285887258,-0.05882352941176478,0.0,0.0,0.02018556402020407,1.1426925951230022e-05
0.0,0.0,0.0,0.020441663349717514,-0.0006347686736456624,-0.05555555555555562,0.0,0.0,0.0,4.570770380498352e-06,0.0,0.0,0.0,0.0,0.003478316285887258,-0.05882352941176478,0.0,0.0,0.020441663349717514,4.570770380498352e-06
0.0,0.0,0.0,0.015893586100286013,-0.0006347686736456624,-0.05555555555555562,0.0,0.0,0.0,1.1426925951230022e-05,0.0,0.0,0.0,0.0,0.003478316285887258,-0.05882352941176478,0.0,0.0,0.015893586100286013,1.1426925951230022e-05
0.0,0.0,0.0,0.015893586100286013,-0.0006347686736456624,-0.05555555555555562,0.0,0.0,0.0,1.1426925951230022e-05,0.0,0.0,0.0,0.0,0.003478316285887258,-0.05882352941176478,0.0,0.0,0.015893586100286013,1.1426925951230022e-05
0.0,0.0,0.0,0.020441663349717514,-0.0006347686736456624,-0.05555555555555562,0.0,0.0,0.0,4.570770380498352e-06,0.0,0.0,0.0,0.0,0.0034362552974540406,-0.05882352941176478,0.0,0.0,0.020441663349717514,4.570770380498352e-06
0.0,0.0,0.0,0.015893586100286013,-0.0006347686736456624,-0.05555555555555562,0.0,0.0,0.0,4.570770380493594e-05,0.0,0.0,0.0,0.0,0.003478316285887258,-0.05882352941176478,0.0,0.0,0.015893586100286013,4.570770380493594e-05
0.0,0.0,0.0,0.015893586100286013,-0.0006347686736456624,-0.05555555555555562,0.0,0.0,0.0,1.142692595124588e-06,0.0,0.0,0.0,0.0,0.0013077143676512748,-0.05882352941176478,0.0,0.0,0.015893586100286013,1.142692595124588e-06
0.0,0.0,0.0,0.020441663349717514,-0.0006347686736456624,-0.05555555555555562,0.0,0.0,0.0,4.570770380498352e-06,0.0,0.0,0.0,0.0,0.003478316285887258,-0.05882352941176478,0.0,0.0,0.020441663349717514,4.570770380498352e-06
0.0,0.0,0.0,0.015893586100286013,-0.0013735977855938988,-0.05555555555555562,0.0,0.0,0.0,4.570770380498352e-06,0.0,0.0,0.0,0.0,0.003478316285887258,-0.05882352941176478,0.0,0.0,0.015893586100286013,4.570770380498352e-06
0.0,0.0,0.0,0.005473737476588524,-0.0010995719647304413,-0.05555555555555562,0.0,0.0,0.0,-1.4855003736603787e-05,0.0,0.0,0.0,0.0,0.003478316285887258,-0.05882352941176478,0.0,0.0,0.005473737476588524,-1.4855003736603787e-05
0.0,0.0,0.0,0.02018556402020407,-0.0006347686736456624,-0.05555555555555562,0.0,0.0,0.0,1.1426925951230022e-05,0.0,0.0,0.0,0.0,0.003478316285887258,-0.05882352941176478,0.0,0.0,0.02018556402020407,1.1426925951230022e-05
0.0,0.0,0.0,0.020441663349717514,-0.0006347686736456624,-0.05555555555555562,0.0,0.0,0.0,1.1426925951230022e-05,0.0,0.0,0.0,0.0,0.003478316285887258,-0.05882352941176478,0.0,0.0,0.020441663349717514,1.1426925951230022e-05
0.0,0.0,0.0,0.020441663349717514,-0.0006347686736456624,-0.05555555555555562,0.0,0.0,0.0,1.1426925951230022e-05,0.0,0.0,0.0,0.0,0.003478316285887258,-0.05882352941176478,0.0,0.0,0.020441663349717514,1.1426925951230022e-05
0.0,0.0,0.0,0.005473737476588524,-0.0010995719647304413,-0.05555555555555562,0.0,0.0,0.0,-1.4855003736603787e-05,0.0,0.0,0.0,0.0,0.003478316285887258,-0.05882352941176478,0.0,0.0,0.005473737476588524,-1.4855003736603787e-05
0.0,0.0,0.0,0.020441663349717514,-0.0006347686736456624,-0.05555555555555562,0.0,0.0,0.0,4.570770380498352e-06,0.0,0.0,0.0,0.0,0.003478316285887258,-0.05882352941176478,0.0,0.0,0.020441663349717514,4.570770380498352e-06
0.0,0.0,0.0,0.005473737476588524,-0.0010995719647304413,-0.05555555555555562,0.0,0.0,0.0,-1.4855003736603787e-05,0.0,0.0,0.0,0.0,0.0034362552974540406,-0.05882352941176478,0.0,0.0,0.005473737476588524,-1.4855003736603787e-05
0.0,0.0,0.0,0.020441663349717514,-0.0006347686736456624,-0.05555555555555562,0.0,0.0,0.0,1.1426925951230022e-05,0.0,0.0,0.0,0.0,0.0034362552974540406,-0.05882352941176478,0.0,0.0,0.020441663349717514,1.1426925951230022e-05
0.0,0.0,0.0,0.02018556402020407,-0.0006347686736456624,-0.05555555555555562,0.0,0.0,0.0,4.570770380493594e-05,0.0,0.0,0.0,0.0,0.003478316285887258,-0.05882352941176478,0.0,0.0,0.02018556402020407,4.570770380493594e-05
0.0,0.0,0.0,0.015893586100286013,-0.0006347686736456624,-0.05555555555555562,0.0,0.0,0.0,1.142692595124588e-06,0.0,0.0,0.0,0.0,0.001348500780677432,-0.05882352941176478,0.0,0.0,0.015893586100286013,1.142692595124588e-06
0.0,0.0,0.0,0.02018556402020407,-0.0006347686736456624,-0.05555555555555562,0.0,0.0,0.0,1.1426925951230022e-05,0.0,0.0,0.0,0.0,0.003478316285887258,-0.05882352941176478,0.0,0.0,0.02018556402020407,1.1426925951230022e-05
0.0,0.0,0.0,0.015893586100286013,-0.0006347686736456624,-0.05555555555555562,0.0,0.0,0.0,4.570770380493594e-05,0.0,0.0,0.0,0.0,0.003478316285887258,-0.05882352941176478,0.0,0.0,0.015893586100286013,4.570770380493594e-05
0.0,0.0,0.0,0.02018556402020407,-0.0006347686736456624,-0.05555555555555562,0.0,0.0,0.0,4.570770380498352e-06,0.0,0.0,0.0,0.0,0.003478316285887258,-0.05882352941176478,0.0,0.0,0.02018556402020407,4.570770380498352e-06
0.0,0.0,0.0,0.005473737476588524,-0.0010995719647304413,-0.05555555555555562,0.0,0.0,0.0,-7.998848165856258e-06,0.0,0.0,0.0,0.0,0.0034362552974540406,-0.05882352941176478,0.0,0.0,0.005473737476588524,-7.998848165856258e-06
0.0,0.0,0.0,0.020441663349717514,-0.0006347686736456624,-0.05555555555555562,0.0,0.0,0.0,1.1426925951230022e-05,0.0,0.0,0.0,0.0,0.003478316285887258,-0.05882352941176478,0.0,0.0,0.020441663349717514,1.1426925951230022e-05
0.0,0.0,0.0,0.020441663349717514,-0.0006347686736456624,-0.05555555555555562,0.0,0.0,0.0,1.142692595124588e-06,0.0,0.0,0.0,0.0,0.0013077143676512748,-0.05882352941176478,0.0,0.0,0.020441663349717514,1.142692595124588e-06
0.0,0.0,0.0,0.020441663349717514,-0.0006347686736456624,-0.05555555555555562,0.0,0.0,0.0,1.1426925951230022e-05,0.0,0.0,0.0,0.0,0.003478316285887258,-0.05882352941176478,0.0,0.0,0.020441663349717514,1.1426925951230022e-05
0.0,0.0,0.0,0.015893586100286013,-0.0013735977855938988,-0.05555555555555562,0.0,0.0,0.0,1.1426925951230022e-05,0.0,0.0,0.0,0.0,0.003478316285887258,-0.05882352941176478,0.0,0.0,0.015893586100286013,1.1426925951230022e-05
0.0,0.0,0.0,0.015893586100286013,-0.0006347686736456624,-0.05555555555555562,0.0,0.0,0.0,1.1426925951230022e-05,0.0,0.0,0.0,0.0,0.003478316285887258,-0.05882352941176478,0.0,0.0,0.015893586100286013,1.1426925951230022e-05
0.0,0.0,0.0,0.005473737476588524,-0.0010995719647304413,-0.05555555555555562,0.0,0.0,0.0,-1.4855003736603787e-05,0.0,0.0,0.0,0.0,0.003478316285887258,-0.05882352941176478,0.0,0.0,0.005473737476588524,-1.4855003736603787e-05
0.0,0.0,0.0,0.02018556402020407,-0.0006347686736456624,-0.05555555555555562,0.0,0.0,0.0,1.142692595124588e-06,0.0,0.0,0.0,0.0,0.0013077143676512748,-0.05882352941176478,0.0,0.0,0.02018556402020407,1.142692595124588e-06
0.0,0.0,0.0,0.02018556402020407,-0.0006347686736456624,-0.05555555555555562,0.0,0.0,0.0,1.142692595124588e-06,0.0,0.0,0.0,0.0,0.001348500780677432,-0.05882352941176478,0.0,0.0,0.02018556402020407,1.142692595124588e-06
0.0,0.0,0.0,0.020441663349717514,-0.0006347686736456624,-0.05555555555555562,0.0,0.0,0.0,4.570770380493594e-05,0.0,0.0,0.0,0.0,0.003478316285887258,-0.05882352941176478,0.0,0.0,0.020441663349717514,4.570770380493594e-05
0.0,0.0,0.0,0.020441663349717514,-0.0006347686736456624,-0.05555555555555562,0.0,0.0,0.0,1.1426925951230022e-05,0.0,0.0,0.0,0.0,0.003478316285887258,-0.05882352941176478,0.0,0.0,0.020441663349717514,1.1426925951230022e-05
0.0,0.0,0.0,0.015893586100286013,-0.0006347686736456624,-0.05555555555555562,0.0,0.0,0.0,9.141540760996704e-06,0.0,0.0,0.0,0.0,0.0013077143676512748,-0.05882352941176478,0.0,0.0,0.015893586100286013,9.141540760996704e-06
0.0,0.0,0.0,0.020441663349717514,-0.0006347686736456624,-0.05555555555555562,0.0,0.0,0.0,1.1426925951230022e-05,0.0,0.0,0.0,0.0,0.003478316285887258,-0.05882352941176478,0.0,0.0,0.020441663349717514,1.1426925951230022e-05
0.0,0.0,0.0,0.02018556402020407,-0.0006347686736456624,-0.05555555555555562,0.0,0.0,0.0,1.142692595124588e-06,0.0,0.0,0.0,0.0,0.001348500780677432,-0.05882352941176478,0.0,0.0,0.02018556402020407,1.142692595124588e-06
0.0,0.0,0.0,0.005473737476588524,-0.0010995719647304413,-0.05555555555555562,0.0,0.0,0.0,-7.998848165856258e-06,0.0,0.0,0.0,0.0,0.003478316285887258,-0.05882352941176478,0.0,0.0,0.005473737476588524,-7.998848165856258e-06
0.0,0.0,0.0,0.005473737476588524,-0.0010995719647304413,-0.05555555555555562,0.0,0.0,0.0,-1.4855003736603787e-05,0.0,0.0,0.0,0.0,0.003478316285887258,-0.05882352941176478,0.0,0.0,0.005473737476588524,-1.4855003736603787e-05
0.0,0.0,0.0,0.020441663349717514,-0.0006347686736456624,-0.05555555555555562,0.0,0.0,0.0,1.1426925951230022e-05,0.0,0.0,0.0,0.0,0.003478316285887258,-0.05882352941176478,0.0,0.0,0.020441663349717514,1.1426925951230022e-05
0.0,0.0,0.0,0.020441663349717514,-0.0006347686736456624,-0.05555555555555562,0.0,0.0,0.0,4.570770380498352e-06,0.0,0.0,0.0,0.0,0.003478316285887258,-0.05882352941176478,0.0,0.0,0.020441663349717514,4.570770380498352e-06
0.0,0.0,0.0,0.020441663349717514,-0.0006347686736456624,-0.05555555555555562,0.0,0.0,0.0,4.570770380498352e-06,0.0,0.0,0.0,0.0,0.003478316285887258,-0.05882352941176478,0.0,0.0,0.020441663349717514,4.570770380498352e-06
0.0,0.0,0.0,0.015893586100286013,-0.0006347686736456624,-0.05555555555555562,0.0,0.0,0.0,1.142692595124588e-06,0.0,0.0,0.0,0.0,0.001348500780677432,-0.05882352941176478,0.0,0.0,0.015893586100286013,1.142692595124588e-06
0.0,0.0,0.0,0.015893586100286013,-0.0006347686736456624,-0.05555555555555562,0.0,0.0,0.0,1.142692595124588e-06,0.0,0.0,0.0,0.0,0.001348500780677432,-0.05882352941176478,0.0,0.0,0.015893586100286013,1.142692595124588e-06
0.0,0.0,0.0,0.020441663349717514,-0.0006347686736456624,-0.05555555555555562,0.0,0.0,0.0,1.142692595124588e-06,0.0,0.0,0.0,0.0,0.001348500780677432,-0.05882352941176478,0.0,0.0,0.020441663349717514,1.142692595124588e-06
0.0,0.0,0.0,0.020441663349717514,-0.0006347686736456624,-0.05555555555555562,0.0,0.0,0.0,4.570770380498352e-06,0.0,0.0,0.0,0.0,0.003478316285887258,-0.05882352941176478,0.0,0.0,0.020441663349717514,4.570770380498352e-06
0.0,0.0,0.0,0.02018556402020407,-0.0006347686736456624,-0.05555555555555562,0.0,0.0,0.0,4.570770380498352e-06,0.0,0.0,0.0,0.0,0.003478316285887258,-0.05882352941176478,0.0,0.0,0.02018556402020407,4.570770380498352e-06
0.0,0.0,0.0,0.02018556402020407,-0.0006347686736456624,-0.05555555555555562,0.0,0.0,0.0,4.570770380493594e-05,0.0,0.0,0.0,0.0,0.003478316285887258,-0.05882352941176478,0.0,0.0,0.02018556402020407,4.570770380493594e-05
0.0,0.0,0.0,0.020441663349717514,-0.0006347686736456624,-0.05555555555555562,0.0,0.0,0.0,1.1426925951230022e-05,0.0,0.0,0.0,0.0,0.0034362552974540406,-0.05882352941176478,0.0,0.0,0.020441663349717514,1.1426925951230022e-05
0.0,0.0,0.0,0.015893586100286013,-0.0006347686736456624,-0.05555555555555562,0.0,0.0,0.0,1.142692595124588e-06,0.0,0.0,0.0,0.0,0.001348500780677432,-0.05882352941176478,0.0,0.0,0.015893586100286013,1.142692595124588e-06
0.0,0.0,0.0,0.020441663349717514,-0.0006347686736456624,-0.05555555555555562,0.0,0.0,0.0,1.1426925951230022e-05,0.0,0.0,0.0,0.0,0.003478316285887258,-0.05882352941176478,0.0,0.0,0.020441663349717514,1.1426925951230022e-05
0.0,0.0,0.0,0.015893586100286013,-0.0013735977855938988,-0.05555555555555562,0.0,0.0,0.0,1.1426925951230022e-05,0.0,0.0,0.0,0.0,0.003478316285887258,-0.05882352941176478,0.0,0.0,0.015893586100286013,1.1426925951230022e-05
0.0,0.0,0.0,0.020441663349717514,-0.0006347686736456624,-0.05555555555555562,0.0,0.0,0.0,1.142692595124588e-06,0.0,0.0,0.0,0.0,0.001348500780677432,-0.05882352941176478,0.0,0.0,0.020441663349717514,1.142692595124588e-06
0.0,0.0,0.0,0.020441663349717514,-0.0006347686736456624,-0.05555555555555562,0.0,0.0,0.0,4.570770380498352e-06,0.0,0.0,0.0,0.0,0.003478316285887258,-0.05882352941176478,0.0,0.0,0.020441663349717514,4.570770380498352e-06
0.0,0.0,0.0,0.015893586100286013,-0.0006347686736456624,-0.05555555555555562,0.0,0.0,0.0,4.570770380498352e-06,0.0,0.0,0.0,0.0,0.003478316285887258,-0.05882352941176478,0.0,0.0,0.015893586100286013,4.570770380498352e-06
0.0,0.0,0.0,0.005473737476588524,-0.0010995719647304413,-0.05555555555555562,0.0,0.0,0.0,-7.998848165856258e-06,0.0,0.0,0.0,0.0,0.0034362552974540406,-0.05882352941176478,0.0,0.0,0.005473737476588524,-7.998848165856258e-06
0.0,0.0,0.0,0.02018556402020407,-0.0006347686736456624,-0.05555555555555562,0.0,0.0,0.0,1.1426925951230022e-05,0.0,0.0,0.0,0.0,0.003478316285887258,-0.05882352941176478,0.0,0.0,0.02018556402020407,1.1426925951230022e-05
0.0,0.0,0.0,0.020441663349717514,-0.0006347686736456624,-0.05555555555555562,0.0,0.0,0.0,4.570770380498352e-06,0.0,0.0,0.0,0.0,0.003478316285887258,-0.05882352941176478,0.0,0.0,0.020441663349717514,4.570770380498352e-06
0.0,0.0,0.0,0.005473737476588524,-0.0010995719647304413,-0.05555555555555562,0.0,0.0,0.0,-1.4855003736603787e-05,0.0,0.0,0.0,0.0,0.003478316285887258,-0.05882352941176478,0.0,0.0,0.005473737476588524,-1.4855003736603787e-05
0.0,0.0,0.0,0.02018556402020407,-0.0006347686736456624,-0.05555555555555562,0.0,0.0,0.0,4.570770380493594e-05,0.0,0.0,0.0,0.0,0.0034528247777459173,-0.05882352941176478,0.0,0.0,0.02018556402020407,4.570770380493594e-05
0.0,0.0,0.0,0.015893586100286013,-0.0006347686736456624,-0.05555555555555562,0.0,0.0,0.0,1.1426925951230022e-05,0.0,0.0,0.0,0.0,0.003478316285887258,-0.05882352941176478,0.0,0.0,0.015893586100286013,1.1426925951230022e-05
0.0,0.0,0.0,0.02018556402020407,-0.0006347686736456624,-0.05555555555555562,0.0,0.0,0.0,1.9425774117102137e-05,0.0,0.0,0.0,0.0,0.003478316285887258,-0.05882352941176478,0.0,0.0,0.02018556402020407,1.9425774117102137e-05
0.0,0.0,0.0,0.020441663349717514,-0.0006347686736456624,-0.05555555555555562,0.0,0.0,0.0,4.570770380498352e-06,0.0,0.0,0.0,0.0,0.003478316285887258,-0.05882352941176478,0.0,0.0,0.020441663349717514,4.570770380498352e-06
0.0,0.0,0.0,0.020441663349717514,-0.0013735977855938988,-0.05555555555555562,0.0,0.0,0.0,1.1426925951230022e-05,0.0,0.0,0.0,0.0,0.003478316285887258,-0.05882352941176478,0.0,0.0,0.020441663349717514,1.1426925951230022e-05
0.0,0.0,0.0,0.02018556402020407,-0.0006347686736456624,-0.05555555555555562,0.0,0.0,0.0,4.570770380498352e-06,0.0,0.0,0.0,0.0,0.003478316285887258,-0.05882352941176478,0.0,0.0,0.02018556402020407,4.570770380498352e-06
0.0,0.0,0.0,0.02018556402020407,-0.0013735977855938988,-0.05555555555555562,0.0,0.0,0.0,1.142692595124588e-06,0.0,0.0,0.0,0.0,0.001348500780677432,-0.05882352941176478,0.0,0.0,0.02018556402020407,1.142692595124588e-06
0.0,0.0,0.0,0.015893586100286013,-0.0006347686736456624,-0.05555555555555562,0.0,0.0,0.0,1.142692595124588e-06,0.0,0.0,0.0,0.0,0.001348500780677432,-0.05882352941176478,0.0,0.0,0.015893586100286013,1.142692595124588e-06
0.0,0.0,0.0,0.020441663349717514,-0.0006347686736456624,-0.05555555555555562,0.0,0.0,0.0,1.1426925951230022e-05,0.0,0.0,0.0,0.0,0.003478316285887258,-0.05882352941176478,0.0,0.0,0.020441663349717514,1.1426925951230022e-05
0.0,0.0,0.0,0.015893586100286013,-0.0006347686736456624,-0.05555555555555562,0.0,0.0,0.0,4.570770380493594e-05,0.0,0.0,0.0,0.0,0.003478316285887258,-0.05882352941176478,0.0,0.0,0.015893586100286013,4.570770380493594e-05
0.0,0.0,0.0,0.020441663349717514,-0.0006347686736456624,-0.05555555555555562,0.0,0.0,0.0,1.8283081521977548e-05,0.0,0.0,0.0,0.0,0.0034528247777459173,-0.05882352941176478,0.0,0.0,0.020441663349717514,1.8283081521977548e-05
0.0,0.0,0.0,0.005473737476588524,-0.0010995719647304413,-0.05555555555555562,0.0,0.0,0.0,-1.714038892685296e-05,0.0,0.0,0.0,0.0,0.001348500780677432,-0.05882352941176478,0.0,0.0,0.005473737476588524,-1.714038892685296e-05
0.0,0.0,0.0,0.015893586100286013,-0.0006347686736456624,-0.05555555555555562,0.0,0.0,0.0,1.142692595124588e-06,0.0,0.0,0.0,0.0,0.001348500780677432,-0.05882352941176478,0.0,0.0,0.015893586100286013,1.142692595124588e-06
0.0,0.0,0.0,0.020441663349717514,-0.0006347686736456624,-0.05555555555555562,0.0,0.0,0.0,1.1426925951230022e-05,0.0,0.0,0.0,0.0,0.0034362552974540406,-0.05882352941176478,0.0,0.0,0.020441663349717514,1.1426925951230022e-05
0.0,0.0,0.0,0.015893586100286013,-0.0006347686736456624,-0.05555555555555562,0.0,0.0,0.0,1.1426925951230022e-05,0.0,0.0,0.0,0.0,0.0034362552974540406,-0.05882352941176478,0.0,0.0,0.015893586100286013,1.1426925951230022e-05
0.0,0.0,0.0,0.020441663349717514,-0.0006347686736456624,-0.05555555555555562,0.0,0.0,0.0,1.142692595124588e-06,0.0,0.0,0.0,0.0,0.001348500780677432,-0.05882352941176478,0.0,0.0,0.020441663349717514,1.142692595124588e-06
0.0,0.0,0.0,0.020441663349717514,-0.0006347686736456624,-0.05555555555555562,0.0,0.0,0.0,4.570770380498352e-06,0.0,0.0,0.0,0.0,0.0034362552974540406,-0.05882352941176478,0.0,0.0,0.020441663349717514,4.570770380498352e-06
0.0,0.0,0.0,0.020441663349717514,-0.0006347686736456624,-0.05555555555555562,0.0,0.0,0.0,1.1426925951230022e-05,0.0,0.0,0.0,0.0,0.0034362552974540406,-0.05882352941176478,0.0,0.0,0.020441663349717514,1.1426925951230022e-05
0.0,0.0,0.0,0.020441663349717514,-0.0006347686736456624,-0.05555555555555562,0.0,0.0,0.0,1.1426925951230022e-05,0.0,0.0,0.0,0.0,0.003478316285887258,-0.05882352941176478,0.0,0.0,0.020441663349717514,1.1426925951230022e-05
0.0,0.0,0.0,0.015893586100286013,-0.0006347686736456624,-0.05555555555555562,0.0,0.0,0.0,1.1426925951230022e-05,0.0,0.0,0.0,0.0,0.0034362552974540406,-0.05882352941176478,0.0,0.0,0.015893586100286013,1.1426925951230022e-05
0.0,0.0,0.0,0.02018556402020407,-0.0006347686736456624,-0.05555555555555562,0.0,0.0,0.0,1.1426925951230022e-05,0.0,0.0,0.0,0.0,0.0034362552974540406,-0.05882352941176478,0.0,0.0,0.02018556402020407,1.1426925951230022e-05
0.0,0.0,0.0,0.02018556402020407,-0.0006347686736456624,-0.05555555555555562,0.0,0.0,0.0,1.1426925951230022e-05,0.0,0.0,0.0,0.0,0.003478316285887258,-0.05882352941176478,0.0,0.0,0.02018556402020407,1.1426925951230022e-05
0.0,0.0,0.0,0.020441663349717514,-0.0006347686736456624,-0.05555555555555562,0.0,0.0,0.0,1.256961854635461e-05,0.0,0.0,0.0,0.0,0.0034362552974540406,-0.05882352941176478,0.0,0.0,0.020441663349717514,1.256961854635461e-05
0.0,0.0,0.0,0.015893586100286013,-0.0006347686736456624,-0.05555555555555562,0.0,0.0,0.0,1.142692595124588e-06,0.0,0.0,0.0,0.0,0.0013077143676512748,-0.05882352941176478,0.0,0.0,0.015893586100286013,1.142692595124588e-06
0.0,0.0,0.0,0.015893586100286013,-0.0006347686736456624,-0.05555555555555562,0.0,0.0,0.0,4.570770380498352e-06,0.0,0.0,0.0,0.0,0.003478316285887258,-0.05882352941176478,0.0,0.0,0.015893586100286013,4.570770380498352e-06
0.0,0.0,0.0,0.005473737476588524,-0.0010995719647304413,-0.05555555555555562,0.0,0.0,0.0,2.6281929687849665e-05,0.0,0.0,0.0,0.0,0.0034362552974540406,-0.05882352941176478,0.0,0.0,0.005473737476588524,2.6281929687849665e-05
0.0,0.0,0.0,0.0,-0.00046480329108482694,0.05555555555555562,0.0,0.0,0.0,-2.9710007473207574e-05,0.0,0.0,0.0,0.0,0.0003645285664213128,0.05882352941176478,0.0,0.0,0.0,-2.9710007473207574e-05
0.0,0.0,0.0,0.0005060275908458511,-0.0013666604230403875,0.05555555555555562,0.0,0.0,0.0,3.1995392663456744e-05,0.0,0.0,0.0,0.0,-0.007889621769747954,0.05882352941176478,0.0,0.0,0.0005060275908458511,3.1995392663456744e-05
0.0,0.0,0.0,0.0005060275908458511,-0.0013666604230403875,0.05555555555555562,-0.04166627604142253,0.0,0.0,2.6281929687849665e-05,0.0,0.0,0.0,0.0,0.002162954465793579,0.05882352941176478,0.0,0.0,0.0005060275908458511,2.6281929687849665e-05
0.0,0.0,0.0,0.0005060275908458511,-0.0013666604230403875,0.05555555555555562,0.0,0.0,0.0,4.227962601957804e-05,0.0,0.0,0.0,0.0,-0.0001516744734410363,0.05882352941176478,0.0,0.0,0.0005060275908458511,4.227962601957804e-05
0.0,0.0,0.0,0.0,-0.00046480329108482694,0.05555555555555562,0.0,0.0,0.0,-2.9710007473207574e-05,0.0,0.0,0.0,0.0,-0.0017984258993722748,0.05882352941176478,0.0,0.0,0.0,-2.9710007473207574e-05
0.0,0.0,0.0,0.0005060275908458511,-0.00046480329108482694,0.05555555555555562,0.0,0.0,0.0,-2.9710007473207574e-05,0.0,0.0,0.0,0.0,-0.0017984258993722748,0.05882352941176478,0.0,0.0,0.0005060275908458511,-2.9710007473207574e-05
0.0,0.0,0.0,-0.004656070942599798,-0.00046480329108482694,0.05555555555555562,0.0,0.0,0.0,-2.9710007473207574e-05,0.0,0.0,0.0,0.0,-0.0014071312494025438,0.05882352941176478,0.0,0.0,-0.004656070942599798,-2.9710007473207574e-05
0.0,0.0,0.0,0.0,-0.00046480329108482694,0.05555555555555562,0.0,0.0,0.0,-2.9710007473207574e-05,0.0,0.0,0.0,0.0,-0.0017984258993722748,0.05882352941176478,0.0,0.0,0.0,-2.9710007473207574e-05
0.0,0.0,0.0,0.0005060275908458511,-0.00046480329108482694,0.05555555555555562,0.0,0.0,0.0,-2.9710007473207574e-05,0.0,0.0,0.0,0.0,-2.8040658955486967e-05,0.05882352941176478,0.0,0.0,0.0005060275908458511,-2.9710007473207574e-05
0.0,0.0,0.0,0.0005060275908458511,-0.00046480329108482694,0.05555555555555562,0.0,0.0,0.0,-2.9710007473207574e-05,0.0,0.0,0.0,0.0,-2.8040658955486967e-05,0.05882352941176478,0.0,0.0,0.0005060275908458511,-2.9710007473207574e-05
0.0,0.0,0.0,0.0005060275908458511,-0.00046480329108482694,0.05555555555555562,0.0,0.0,0.0,-2.9710007473207574e-05,0.0,0.0,0.0,0.0,-2.8040658955486967e-05,0.05882352941176478,0.0,0.0,0.0005060275908458511,-2.9710007473207574e-05
0.0,0.0,0.0,0.0005060275908458511,-0.0010995719647304413,0.05555555555555562,0.0,0.0,0.0,-1.9425774117102137e-05,0.0,0.0,0.0,0.0,0.002162954465793579,0.05882352941176478,0.0,0.0,0.0005060275908458511,-1.9425774117102137e-05
0.0,0.0,0.0,0.0005060275908458511,-0.0013666604230403875,0.05555555555555562,-0.04166627604142253,0.0,0.0,2.6281929687849665e-05,0.0,0.0,0.0,0.0,0.002162954465793579,0.05882352941176478,0.0,0.0,0.0005060275908458511,2.6281929687849665e-05
0.0,0.0,0.0,0.0,-0.00046480329108482694,0.05555555555555562,0.0,0.0,0.0,-2.9710007473207574e-05,0.0,0.0,0.0,0.0,-2.8040658955486967e-05,0.05882352941176478,0.0,0.0,0.0,-2.9710007473207574e-05
0.0,0.0,0.0,0.0005060275908458511,-0.00046480329108482694,0.05555555555555562,0.0,0.0,0.0,-2.9710007473207574e-05,0.0,0.0,0.0,0.0,-2.8040658955486967e-05,0.05882352941176478,0.0,0.0,0.0005060275908458511,-2.9710007473207574e-05
0.0,0.0,0.0,0.0,-0.00046480329108482694,0.05555555555555562,0.0,0.0,0.0,-2.9710007473207574e-05,0.0,0.0,0.0,0.0,0.0003645285664213128,0.05882352941176478,0.0,0.0,0.0,-2.9710007473207574e-05
0.0,0.0,0.0,-0.004656070942599798,-0.00046480329108482694,0.05555555555555562,0.0,0.0,0.0,-2.9710007473207574e-05,0.0,0.0,0.0,0.0,-2.8040658955486967e-05,0.05882352941176478,0.0,0.0,-0.004656070942599798,-2.9710007473207574e-05
0.0,0.0,0.0,0.0,-0.0010995719647304413,0.05555555555555562,-0.04166627604142253,0.0,0.0,-4.570770380493594e-05,0.0,0.0,0.0,0.0,-0.0017984258993722748,0.05882352941176478,0.0,0.0,0.0,-4.570770380493594e-05
0.0,0.0,0.0,0.0005060275908458511,-0.0013666604230403875,0.05555555555555562,-0.04166627604142253,0.0,0.0,1.5997696331728372e-05,0.0,0.0,0.0,0.0,-2.8040658955486967e-05,0.05882352941176478,0.0,0.0,0.0005060275908458511,1.5997696331728372e-05
0.0,0.0,0.0,0.0005060275908458511,-0.00046480329108482694,0.05555555555555562,0.0,0.0,0.0,-1.9425774117102137e-05,0.0,0.0,0.0,0.0,0.002162954465793579,0.05882352941176478,0.0,0.0,0.0005060275908458511,-1.9425774117102137e-05
0.0,0.0,0.0,0.0,-0.00046480329108482694,0.05555555555555562,0.0,0.0,0.0,-1.9425774117102137e-05,0.0,0.0,0.0,0.0,0.002162954465793579,0.05882352941176478,0.0,0.0,0.0,-1.9425774117102137e-05
0.0,0.0,0.0,0.0005060275908458511,-0.0020014290966860497,0.05555555555555562,-0.04166627604142253,0.0,0.0,2.6281929687849665e-05,0.0,0.0,0.0,0.0,0.002162954465793579,0.05882352941176478,0.0,0.0,0.0005060275908458511,2.6281929687849665e-05
0.0,0.0,0.0,0.0005060275908458511,-0.0013666604230403875,0.05555555555555562,0.0,0.0,0.0,3.1995392663456744e-05,0.0,0.0,0.0,0.0,-2.8040658955486967e-05,0.05882352941176478,0.0,0.0,0.0005060275908458511,3.1995392663456744e-05
0.0,0.0,0.0,-0.004656070942599798,-0.00046480329108482694,0.05555555555555562,0.0,0.0,0.0,-2.9710007473207574e-05,0.0,0.0,0.0,0.0,-0.0014071312494025438,0.05882352941176478,0.0,0.0,-0.004656070942599798,-2.9710007473207574e-05
0.0,0.0,0.0,0.0,-0.00046480329108482694,0.05555555555555562,0.0,0.0,0.0,-2.9710007473207574e-05,0.0,0.0,0.0,0.0,0.0003645285664213128,0.05882352941176478,0.0,0.0,0.0,-2.9710007473207574e-05
0.0,0.0,0.0,-0.004656070942599798,-0.00046480329108482694,0.05555555555555562,0.0,0.0,0.0,-1.9425774117102137e-05,0.0,0.0,0.0,0.0,0.002162954465793579,0.05882352941176478,0.0,0.0,-0.004656070942599798,-1.9425774117102137e-05
0.0,0.0,0.0,0.0005060275908458511,-0.00046480329108482694,0.05555555555555562,0.0,0.0,0.0,-1.9425774117102137e-05,0.0,0.0,0.0,0.0,0.002162954465793579,0.05882352941176478,0.0,0.0,0.0005060275908458511,-1.9425774117102137e-05
0.0,0.0,0.0,0.0005060275908458511,-0.00046480329108482694,0.05555555555555562,0.0,0.0,0.0,-1.9425774117102137e-05,0.0,0.0,0.0,0.0,0.002162954465793579,0.05882352941176478,0.0,0.0,0.0005060275908458511,-1.9425774117102137e-05
0.0,0.0,0.0,0.0005060275908458511,-0.00046480329108482694,0.05555555555555562,0.0,0.0,0.0,-1.9425774117102137e-05,0.0,0.0,0.0,0.0,0.002162954465793579,0.05882352941176478,0.0,0.0,0.0005060275908458511,-1.9425774117102137e-05
0.0,0.0,0.0,0.0005060275908458511,-0.0010995719647304413,0.05555555555555562,0.0,0.0,0.0,-2.9710007473207574e-05,0.0,0.0,0.0,0.0,-2.8040658955486967e-05,0.05882352941176478,0.0,0.0,0.0005060275908458511,-2.9710007473207574e-05
0.0,0.0,0.0,0.0,-0.0010995719647304413,0.05555555555555562,0.0,0.0,0.0,-2.9710007473207574e-05,0.0,0.0,0.0,0.0,-0.0014071312494025438,0.05882352941176478,0.0,0.0,0.0,-2.9710007473207574e-05
0.0,0.0,0.0,0.0,-0.00046480329108482694,0.05555555555555562,0.0,0.0,0.0,-2.9710007473207574e-05,0.0,0.0,0.0,0.0,-0.0017984258993722748,0.05882352941176478,0.0,0.0,0.0,-2.9710007473207574e-05
0.0,0.0,0.0,-0.004656070942599798,-0.00046480329108482694,0.05555555555555562,0.0,0.0,0.0,-1.9425774117102137e-05,0.0,0.0,0.0,0.0,0.002162954465793579,0.05882352941176478,0.0,0.0,-0.004656070942599798,-1.9425774117102137e-05
0.0,0.0,0.0,0.0,-0.00046480329108482694,0.05555555555555562,0.0,0.0,0.0,-2.9710007473207574e-05,0.0,0.0,0.0,0.0,-2.8040658955486967e-05,0.05882352941176478,0.0,0.0,0.0,-2.9710007473207574e-05
0.0,0.0,0.0,0.0005060275908458511,-0.00046480329108482694,0.05555555555555562,-0.04166627604142253,0.0,0.0,-3.542347044883051e-05,0.0,0.0,0.0,0.0,-0.0001516744734410363,0.05882352941176478,0.0,0.0,0.0005060275908458511,-3.542347044883051e-05
0.0,0.0,0.0,0.0005060275908458511,-0.00046480329108482694,0.05555555555555562,0.0,0.0,0.0,-2.9710007473207574e-05,0.0,0.0,0.0,0.0,-0.0014071312494025438,0.05882352941176478,0.0,0.0,0.0005060275908458511,-2.9710007473207574e-05
0.0,0.0,0.0,0.0,-0.00046480329108482694,0.05555555555555562,-0.04166627604142253,0.0,0.0,-3.542347044883051e-05,0.0,0.0,0.0,0.0,-0.0001516744734410363,0.05882352941176478,0.0,0.0,0.0,-3.542347044883051e-05
0.0,0.0,0.0,-0.004656070942599798,-0.00046480329108482694,0.05555555555555562,0.0,0.0,0.0,-1.9425774117102137e-05,0.0,0.0,0.0,0.0,0.002162954465793579,0.05882352941176478,0.0,0.0,-0.004656070942599798,-1.9425774117102137e-05
0.0,0.0,0.0,0.0,-0.00046480329108482694,0.05555555555555562,-0.04166627604142253,0.0,0.0,-4.570770380493594e-05,0.0,0.0,0.0,0.0,-0.0017984258993722748,0.05882352941176478,0.0,0.0,0.0,-4.570770380493594e-05
0.0,0.0,0.0,0.0005060275908458511,-0.00046480329108482694,0.05555555555555562,0.0,0.0,0.0,-2.9710007473207574e-05,0.0,0.0,0.0,0.0,-0.0014071312494025438,0.05882352941176478,0.0,0.0,0.0005060275908458511,-2.9710007473207574e-05
0.0,0.0,0.0,0.0,-0.00046480329108482694,0.05555555555555562,0.0,0.0,0.0,-2.9710007473207574e-05,0.0,0.0,0.0,0.0,-0.0014071312494025438,0.05882352941176478,0.0,0.0,0.0,-2.9710007473207574e-05
0.0,0.0,0.0,0.0,-0.00046480329108482694,0.05555555555555562,-0.04166627604142253,0.0,0.0,-4.570770380493594e-05,0.0,0.0,0.0,0.0,-0.0017984258993722748,0.05882352941176478,0.0,0.0,0.0,-4.570770380493594e-05
0.0,0.0,0.0,0.0,-0.00046480329108482694,0.05555555555555562,-0.04166627604142253,0.0,0.0,-4.570770380493594e-05,0.0,0.0,0.0,0.0,-0.0014071312494025438,0.05882352941176478,0.0,0.0,0.0,-4.570770380493594e-05
0.0,0.0,0.0,0.0,-0.00046480329108482694,0.05555555555555562,-0.04166627604142253,0.0,0.0,-3.542347044883051e-05,0.0,0.0,0.0,0.0,0.002162954465793579,0.05882352941176478,0.0,0.0,0.0,-3.542347044883051e-05
0.0,0.0,0.0,0.0005060275908458511,-0.00046480329108482694,0.05555555555555562,0.0,0.0,0.0,-2.9710007473207574e-05,0.0,0.0,0.0,0.0,0.0003645285664213128,0.05882352941176478,0.0,0.0,0.0005060275908458511,-2.9710007473207574e-05
0.0,0.0,0.0,0.0005060275908458511,-0.00046480329108482694,0.05555555555555562,0.0,0.0,0.0,-2.9710007473207574e-05,0.0,0.0,0.0,0.0,-2.8040658955486967e-05,0.05882352941176478,0.0,0.0,0.0005060275908458511,-2.9710007473207574e-05
0.0,0.0,0.0,0.0005060275908458511,-0.00046480329108482694,0.05555555555555562,-0.04166627604142253,0.0,0.0,-3.542347044883051e-05,0.0,0.0,0.0,0.0,0.002162954465793579,0.05882352941176478,0.0,0.0,0.0005060275908458511,-3.542347044883051e-05
0.0,0.0,0.0,-0.004656070942599798,-0.00046480329108482694,0.05555555555555562,0.0,0.0,0.0,-2.9710007473207574e-05,0.0,0.0,0.0,0.0,0.0003645285664213128,0.05882352941176478,0.0,0.0,-0.004656070942599798,-2.9710007473207574e-05
0.0,0.0,0.0,0.0005060275908458511,-0.0013666604230403875,0.05555555555555562,0.0,0.0,0.0,3.1995392663456744e-05,0.0,0.0,0.0,0.0,-0.0017984258993722748,0.05882352941176478,0.0,0.0,0.0005060275908458511,3.1995392663456744e-05
0.0,0.0,0.0,0.0005060275908458511,-0.00046480329108482694,0.05555555555555562,0.0,0.0,0.0,-2.9710007473207574e-05,0.0,0.0,0.0,0.0,0.0003645285664213128,0.05882352941176478,0.0,0.0,0.0005060275908458511,-2.9710007473207574e-05
0.0,0.0,0.0,0.0005060275908458511,-0.0010995719647304413,0.05555555555555562,0.0,0.0,0.0,-1.9425774117102137e-05,0.0,0.0,0.0,0.0,0.002162954465793579,0.05882352941176478,0.0,0.0,0.0005060275908458511,-1.9425774117102137e-05
0.0,0.0,0.0,0.0,-0.00046480329108482694,0.05555555555555562,0.0,0.0,0.0,-1.9425774117102137e-05,0.0,0.0,0.0,0.0,0.002162954465793579,0.05882352941176478,0.0,0.0,0.0,-1.9425774117102137e-05
0.0,0.0,0.0,0.0005060275908458511,-0.00046480329108482694,0.05555555555555562,0.0,0.0,0.0,-1.9425774117102137e-05,0.0,0.0,0.0,0.0,0.002162954465793579,0.05882352941176478,0.0,0.0,0.0005060275908458511,-1.9425774117102137e-05
0.0,0.0,0.0,0.0,-0.00046480329108482694,0.05555555555555562,0.0,0.0,0.0,-1.9425774117102137e-05,0.0,0.0,0.0,0.0,0.002162954465793579,0.05882352941176478,0.0,0.0,0.0,-1.9425774117102137e-05
0.0,0.0,0.0,-0.004656070942599798,-0.0010995719647304413,0.05555555555555562,0.0,0.0,0.0,-1.9425774117102137e-05,0.0,0.0,0.0,0.0,-0.0001516744734410363,0.05882352941176478,0.0,0.0,-0.004656070942599798,-1.9425774117102137e-05
0.0,0.0,0.0,-0.004656070942599798,-0.00046480329108482694,0.05555555555555562,0.0,0.0,0.0,-2.9710007473207574e-05,0.0,0.0,0.0,0.0,-0.0017984258993722748,0.05882352941176478,0.0,0.0,-0.004656070942599798,-2.9710007473207574e-05
0.0,0.0,0.0,0.0005060275908458511,-0.0013666604230403875,0.05555555555555562,-0.04166627604142253,0.0,0.0,2.6281929687849665e-05,0.0,0.0,0.0,0.0,0.002162954465793579,0.05882352941176478,0.0,0.0,0.0005060275908458511,2.6281929687849665e-05
0.0,0.0,0.0,0.0005060275908458511,-0.0013666604230403875,0.05555555555555562,0.0,0.0,0.0,3.1995392663456744e-05,0.0,0.0,0.0,0.0,-2.8040658955486967e-05,0.05882352941176478,0.0,0.0,0.0005060275908458511,3.1995392663456744e-05
0.0,0.0,0.0,-0.004656070942599798,-0.00046480329108482694,0.05555555555555562,-0.04166627604142253,0.0,0.0,-3.542347044883051e-05,0.0,0.0,0.0,0.0,-0.0001516744734410363,0.05882352941176478,0.0,0.0,-0.004656070942599798,-3.542347044883051e-05
0.0,0.0,0.0,0.0005060275908458511,-0.00046480329108482694,0.05555555555555562,0.0,0.0,0.0,-2.9710007473207574e-05,0.0,0.0,0.0,0.0,-2.8040658955486967e-05,0.05882352941176478,0.0,0.0,0.0005060275908458511,-2.9710007473207574e-05
0.0,0.0,0.0,0.0005060275908458511,-0.00046480329108482694,0.05555555555555562,0.0,0.0,0.0,-1.9425774117102137e-05,0.0,0.0,0.0,0.0,0.002162954465793579,0.05882352941176478,0.0,0.0,0.0005060275908458511,-1.9425774117102137e-05
0.0,0.0,0.0,0.0005060275908458511,-0.00046480329108482694,0.05555555555555562,0.0,0.0,0.0,-2.9710007473207574e-05,0.0,0.0,0.0,0.0,0.0003645285664213128,0.05882352941176478,0.0,0.0,0.0005060275908458511,-2.9710007473207574e-05
0.0,0.0,0.0,0.0005060275908458511,-0.00046480329108482694,0.05555555555555562,0.0,0.0,0.0,-2.9710007473207574e-05,0.0,0.0,0.0,0.0,-0.0017984258993722748,0.05882352941176478,0.0,0.0,0.0005060275908458511,-2.9710007473207574e-05
0.0,0.0,0.0,0.0005060275908458511,-0.00046480329108482694,0.05555555555555562,-0.04166627604142253,0.0,0.0,-3.542347044883051e-05,0.0,0.0,0.0,0.0,0.002162954465793579,0.05882352941176478,0.0,0.0,0.0005060275908458511,-3.542347044883051e-05
0.0,0.0,0.0,0.0,-0.00046480329108482694,0.05555555555555562,0.0,0.0,0.0,-2.9710007473207574e-05,0.0,0.0,0.0,0.0,-2.8040658955486967e-05,0.05882352941176478,0.0,0.0,0.0,-2.9710007473207574e-05
0.0,0.0,0.0,-0.004656070942599798,-0.00046480329108482694,0.05555555555555562,0.0,0.0,0.0,-2.9710007473207574e-05,0.0,0.0,0.0,0.0,0.0003645285664213128,0.05882352941176478,0.0,0.0,-0.004656070942599798,-2.9710007473207574e-05
0.0,0.0,0.0,0.0005060275908458511,-0.0013666604230403875,0.05555555555555562,0.0,0.0,0.0,4.227962601957804e-05,0.0,0.0,0.0,0.0,-0.0001516744734410363,0.05882352941176478,0.0,0.0,0.0005060275908458511,4.227962601957804e-05
0.0,0.0,0.0,0.0,-0.00046480329108482694,0.05555555555555562,0.0,0.0,0.0,-1.9425774117102137e-05,0.0,0.0,0.0,0.0,0.002162954465793579,0.05882352941176478,0.0,0.0,0.0,-1.9425774117102137e-05
0.0,0.0,0.0,0.0005060275908458511,-0.00046480329108482694,0.05555555555555562,0.0,0.0,0.0,-2.9710007473207574e-05,0.0,0.0,0.0,0.0,-2.8040658955486967e-05,0.05882352941176478,0.0,0.0,0.0005060275908458511,-2.9710007473207574e-05
0.0,0.0,0.0,0.0,-0.00046480329108482694,0.05555555555555562,-0.04166627604142253,0.0,0.0,-4.570770380493594e-05,0.0,0.0,0.0,0.0,-0.0017984258993722748,0.05882352941176478,0.0,0.0,0.0,-4.570770380493594e-05
0.0,0.0,0.0,-0.004656070942599798,-0.00046480329108482694,0.05555555555555562,-0.04166627604142253,0.0,0.0,-4.570770380493594e-05,0.0,0.0,0.0,0.0,-0.0017984258993722748,0.05882352941176478,0.0,0.0,-0.004656070942599798,-4.570770380493594e-05
0.0,0.0,0.0,-0.004656070942599798,-0.00046480329108482694,0.05555555555555562,0.0,0.0,0.0,-1.9425774117102137e-05,0.0,0.0,0.0,0.0,-0.0001516744734410363,0.05882352941176478,0.0,0.0,-0.004656070942599798,-1.9425774117102137e-05
0.0,0.0,0.0,-0.004656070942599798,-0.00046480329108482694,0.05555555555555562,0.0,0.0,0.0,-2.9710007473207574e-05,0.0,0.0,0.0,0.0,-2.8040658955486967e-05,0.05882352941176478,0.0,0.0,-0.004656070942599798,-2.9710007473207574e-05
0.0,0.0,0.0,0.0005060275908458511,-0.0010995719647304413,0.05555555555555562,0.0,0.0,0.0,-1.9425774117102137e-05,0.0,0.0,0.0,0.0,-0.0039588312143517155,0.05882352941176478,0.0,0.0,0.0005060275908458511,-1.9425774117102137e-05
0.0,0.0,0.0,0.0005060275908458511,-0.0013666604230403875,0.05555555555555562,-0.04166627604142253,0.0,0.0,2.6281929687849665e-05,0.0,0.0,0.0,0.0,-0.0001516744734410363,0.05882352941176478,0.0,0.0,0.0005060275908458511,2.6281929687849665e-05
0.0,0.0,0.0,0.0005060275908458511,-0.00046480329108482694,0.05555555555555562,-0.04166627604142253,0.0,0.0,-3.542347044883051e-05,0.0,0.0,0.0,0.0,-0.0001516744734410363,0.05882352941176478,0.0,0.0,0.0005060275908458511,-3.542347044883051e-05
0.0,0.0,0.0,0.0005060275908458511,-0.0010995719647304413,0.05555555555555562,-0.04166627604142253,0.0,0.0,-4.570770380493594e-05,0.0,0.0,0.0,0.0,-0.006131982283401846,0.05882352941176478,0.0,0.0,0.0005060275908458511,-4.570770380493594e-05
0.0,0.0,0.0,0.0005060275908458511,-0.00046480329108482694,0.05555555555555562,0.0,0.0,0.0,-1.9425774117102137e-05,0.0,0.0,0.0,0.0,0.002162954465793579,0.05882352941176478,0.0,0.0,0.0005060275908458511,-1.9425774117102137e-05
0.0,0.0,0.0,0.0005060275908458511,-0.0020014290966860497,0.05555555555555562,0.0,0.0,0.0,3.1995392663456744e-05,0.0,0.0,0.0,0.0,-0.0017984258993722748,0.05882352941176478,0.0,0.0,0.0005060275908458511,3.1995392663456744e-05
0.0,0.0,0.0,0.0,-0.00046480329108482694,0.05555555555555562,0.0,0.0,0.0,-2.9710007473207574e-05,0.0,0.0,0.0,0.0,-0.0014071312494025438,0.05882352941176478,0.0,0.0,0.0,-2.9710007473207574e-05
0.0,0.0,0.0,-0.004656070942599798,-0.00046480329108482694,0.05555555555555562,0.0,0.0,0.0,-2.9710007473207574e-05,0.0,0.0,0.0,0.0,-0.0014071312494025438,0.05882352941176478,0.0,0.0,-0.004656070942599798,-2.9710007473207574e-05
0.0,0.0,0.0,0.0005060275908458511,-0.00046480329108482694,0.05555555555555562,0.0,0.0,0.0,-2.9710007473207574e-05,0.0,0.0,0.0,0.0,-2.8040658955486967e-05,0.05882352941176478,0.0,0.0,0.0005060275908458511,-2.9710007473207574e-05
0.0,0.0,0.0,-0.004656070942599798,-0.00046480329108482694,0.05555555555555562,0.0,0.0,0.0,-2.9710007473207574e-05,0.0,0.0,0.0,0.0,-2.8040658955486967e-05,0.05882352941176478,0.0,0.0,-0.004656070942599798,-2.9710007473207574e-05
0.0,0.0,0.0,0.0005060275908458511,-0.00046480329108482694,0.05555555555555562,-0.04166627604142253,0.0,0.0,-3.542347044883051e-05,0.0,0.0,0.0,0.0,-0.0001516744734410363,0.05882352941176478,0.0,0.0,0.0005060275908458511,-3.542347044883051e-05
0.0,0.0,0.0,0.0005060275908458511,-0.00046480329108482694,0.05555555555555562,-0.04166627604142253,0.0,0.0,-3.542347044883051e-05,0.0,0.0,0.0,0.0,0.002162954465793579,0.05882352941176478,0.0,0.0,0.0005060275908458511,-3.542347044883051e-05
0.0,0.0,0.0,-0.004656070942599798,-0.00046480329108482694,0.05555555555555562,0.0,0.0,0.0,-2.9710007473207574e-05,0.0,0.0,0.0,0.0,-2.8040658955486967e-05,0.05882352941176478,0.0,0.0,-0.004656070942599798,-2.9710007473207574e-05
0.0,0.0,0.0,-0.004656070942599798,-0.00046480329108482694,0.05555555555555562,0.0,0.0,0.0,-1.9425774117102137e-05,0.0,0.0,0.0,0.0,0.002162954465793579,0.05882352941176478,0.0,0.0,-0.004656070942599798,-1.9425774117102137e-05
0.0,0.0,0.0,-0.004656070942599798,-0.00046480329108482694,0.05555555555555562,0.0,0.0,0.0,-1.9425774117102137e-05,0.0,0.0,0.0,0.0,-0.0001516744734410363,0.05882352941176478,0.0,0.0,-0.004656070942599798,-1.9425774117102137e-05
0.0,0.0,0.0,0.0,-0.00046480329108482694,0.05555555555555562,0.0,0.0,0.0,-1.9425774117102137e-05,0.0,0.0,0.0,0.0,-0.0001516744734410363,0.05882352941176478,0.0,0.0,0.0,-1.9425774117102137e-05
0.0,0.0,0.0,-0.004656070942599798,-0.00046480329108482694,0.05555555555555562,-0.04166627604142253,0.0,0.0,-3.542347044883051e-05,0.0,0.0,0.0,0.0,-0.0001516744734410363,0.05882352941176478,0.0,0.0,-0.004656070942599798,-3.542347044883051e-05
0.0,0.0,0.0,0.0,-0.00046480329108482694,0.05555555555555562,0.0,0.0,0.0,-2.9710007473207574e-05,0.0,0.0,0.0,0.0,-2.8040658955486967e-05,0.05882352941176478,0.0,0.0,0.0,-2.9710007473207574e-05
0.0,0.0,0.0,0.0005060275908458511,-0.0013666604230403875,0.05555555555555562,-0.04166627604142253,0.0,0.0,1.5997696331728372e-05,0.0,0.0,0.0,0.0,-2.8040658955486967e-05,0.05882352941176478,0.0,0.0,0.0005060275908458511,1.5997696331728372e-05
0.0,0.0,0.0,-0.004656070942599798,-0.00046480329108482694,0.05555555555555562,0.0,0.0,0.0,-1.9425774117102137e-05,0.0,0.0,0.0,0.0,-0.0001516744734410363,0.05882352941176478,0.0,0.0,-0.004656070942599798,-1.9425774117102137e-05
0.0,0.0,0.0,-0.004656070942599798,-0.00046480329108482694,0.05555555555555562,0.0,0.0,0.0,-2.9710007473207574e-05,0.0,0.0,0.0,0.0,-0.0017984258993722748,0.05882352941176478,0.0,0.0,-0.004656070942599798,-2.9710007473207574e-05
0.0,0.0,0.0,0.0005060275908458511,-0.00046480329108482694,0.05555555555555562,0.0,0.0,0.0,-2.9710007473207574e-05,0.0,0.0,0.0,0.0,-0.0017984258993722748,0.05882352941176478,0.0,0.0,0.0005060275908458511,-2.9710007473207574e-05
0.0,0.0,0.0,0.0,-0.00046480329108482694,0.05555555555555562,0.0,0.0,0.0,-2.9710007473207574e-05,0.0,0.0,0.0,0.0,-0.007889621769747954,0.05882352941176478,0.0,0.0,0.0,-2.9710007473207574e-05
0.0,0.0,0.0,0.0,-0.00046480329108482694,0.05555555555555562,0.0,0.0,0.0,-2.9710007473207574e-05,0.0,0.0,0.0,0.0,0.0003645285664213128,0.05882352941176478,0.0,0.0,0.0,-2.9710007473207574e-05
0.0,0.0,0.0,0.0,-0.00046480329108482694,0.05555555555555562,0.0,0.0,0.0,-2.9710007473207574e-05,0.0,0.0,0.0,0.0,-0.0017984258993722748,0.05882352941176478,0.0,0.0,0.0,-2.9710007473207574e-05
0.0,0.0,0.0,0.0005060275908458511,-0.00046480329108482694,0.05555555555555562,-0.04166627604142253,0.0,0.0,-3.542347044883051e-05,0.0,0.0,0.0,0.0,0.002162954465793579,0.05882352941176478,0.0,0.0,0.0005060275908458511,-3.542347044883051e-05
0.0,0.0,0.0,0.0005060275908458511,-0.00046480329108482694,0.05555555555555562,0.0,0.0,0.0,-1.9425774117102137e-05,0.0,0.0,0.0,0.0,0.002162954465793579,0.05882352941176478,0.0,0.0,0.0005060275908458511,-1.9425774117102137e-05
0.0,0.0,0.0,0.0005060275908458511,-0.00046480329108482694,0.05555555555555562,0.0,0.0,0.0,-2.9710007473207574e-05,0.0,0.0,0.0,0.0,-0.0017984258993722748,0.05882352941176478,0.0,0.0,0.0005060275908458511,-2.9710007473207574e-05
0.0,0.0,0.0,0.0,-0.0010995719647304413,0.05555555555555562,-0.04166627604142253,0.0,0.0,-4.570770380493594e-05,0.0,0.0,0.0,0.0,-2.8040658955486967e-05,0.05882352941176478,0.0,0.0,0.0,-4.570770380493594e-05
0.0,0.0,0.0,0.0,-0.0010995719647304413,0.05555555555555562,0.0,0.0,0.0,-1.9425774117102137e-05,0.0,0.0,0.0,0.0,-0.0001516744734410363,0.05882352941176478,0.0,0.0,0.0,-1.9425774117102137e-05
0.0,0.0,0.0,0.0005060275908458511,-0.00046480329108482694,0.05555555555555562,0.0,0.0,0.0,-1.9425774117102137e-05,0.0,0.0,0.0,0.0,0.002162954465793579,0.05882352941176478,0.0,0.0,0.0005060275908458511,-1.9425774117102137e-05
0.0,0.0,0.0,0.0005060275908458511,-0.0013666604230403875,0.05555555555555562,-0.04166627604142253,0.0,0.0,1.5997696331728372e-05,0.0,0.0,0.0,0.0,0.0003645285664213128,0.05882352941176478,0.0,0.0,0.0005060275908458511,1.5997696331728372e-05
0.0,0.0,0.0,0.0,-0.00046480329108482694,0.05555555555555562,-0.04166627604142253,0.0,0.0,-4.570770380493594e-05,0.0,0.0,0.0,0.0,-0.0017984258993722748,0.05882352941176478,0.0,0.0,0.0,-4.570770380493594e-05
0.0,0.0,0.0,-0.004656070942599798,-0.0010995719647304413,0.05555555555555562,0.0,0.0,0.0,-2.9710007473207574e-05,0.0,0.0,0.0,0.0,0.0003645285664213128,0.05882352941176478,0.0,0.0,-0.004656070942599798,-2.9710007473207574e-05
0.0,0.0,0.0,0.0005060275908458511,-0.00046480329108482694,0.05555555555555562,0.0,0.0,0.0,-2.9710007473207574e-05,0.0,0.0,0.0,0.0,-0.0014071312494025438,0.05882352941176478,0.0,0.0,0.0005060275908458511,-2.9710007473207574e-05
0.0,0.0,0.0,-0.004656070942599798,-0.0010995719647304413,0.05555555555555562,-0.04166627604142253,0.0,0.0,-3.542347044883051e-05,0.0,0.0,0.0,0.0,0.002162954465793579,0.05882352941176478,0.0,0.0,-0.004656070942599798,-3.542347044883051e-05
0.0,0.0,0.0,0.0005060275908458511,-0.00046480329108482694,0.05555555555555562,-0.04166627604142253,0.0,0.0,-3.542347044883051e-05,0.0,0.0,0.0,0.0,0.002162954465793579,0.05882352941176478,0.0,0.0,0.0005060275908458511,-3.542347044883051e-05
0.0,0.0,0.0,-0.004656070942599798,-0.00046480329108482694,0.05555555555555562,0.0,0.0,0.0,-2.9710007473207574e-05,0.0,0.0,0.0,0.0,-2.8040658955486967e-05,0.05882352941176478,0.0,0.0,-0.004656070942599798,-2.9710007473207574e-05
0.0,0.0,0.0,0.0005060275908458511,-0.0013666604230403875,0.05555555555555562,0.0,0.0,0.0,4.227962601957804e-05,0.0,0.0,0.0,0.0,0.002162954465793579,0.05882352941176478,0.0,0.0,0.0005060275908458511,4.227962601957804e-05
0.0,0.0,0.0,0.0005060275908458511,-0.00046480329108482694,0.05555555555555562,-0.04166627604142253,0.0,0.0,-3.542347044883051e-05,0.0,0.0,0.0,0.0,0.002162954465793579,0.05882352941176478,0.0,0.0,0.0005060275908458511,-3.542347044883051e-05
0.0,0.0,0.0,0.0005060275908458511,-0.00046480329108482694,0.05555555555555562,0.0,0.0,0.0,-2.9710007473207574e-05,0.0,0.0,0.0,0.0,-2.8040658955486967e-05,0.05882352941176478,0.0,0.0,0.0005060275908458511,-2.9710007473207574e-05
0.0,0.0,0.0,0.0,-0.00046480329108482694,0.05555555555555562,0.0,0.0,0.0,-1.9425774117102137e-05,0.0,0.0,0.0,0.0,-0.0001516744734410363,0.05882352941176478,0.0,0.0,0.0,-1.9425774117102137e-05
0.0,0.0,0.0,0.0,-0.0010995719647304413,0.05555555555555562,0.0,0.0,0.0,-2.9710007473207574e-05,0.0,0.0,0.0,0.0,-2.8040658955486967e-05,0.05882352941176478,0.0,0.0,0.0,-2.9710007473207574e-05
0.0,0.0,0.0,0.0,-0.00046480329108482694,0.05555555555555562,-0.04166627604142253,0.0,0.0,-4.570770380493594e-05,0.0,0.0,0.0,0.0,-2.8040658955486967e-05,0.05882352941176478,0.0,0.0,0.0,-4.570770380493594e-05
0.0,0.0,0.0,0.0,-0.0010995719647304413,0.05555555555555562,0.0,0.0,0.0,-1.9425774117102137e-05,0.0,0.0,0.0,0.0,0.002162954465793579,0.05882352941176478,0.0,0.0,0.0,-1.9425774117102137e-05
0.0,0.0,0.0,0.0,-0.00046480329108482694,0.05555555555555562,0.0,0.0,0.0,-1.9425774117102137e-05,0.0,0.0,0.0,0.0,0.002162954465793579,0.05882352941176478,0.0,0.0,0.0,-1.9425774117102137e-05
0.0,0.0,0.0,0.0005060275908458511,-0.0013666604230403875,0.05555555555555562,0.0,0.0,0.0,4.227962601957804e-05,0.0,0.0,0.0,0.0,0.002162954465793579,0.05882352941176478,0.0,0.0,0.0005060275908458511,4.227962601957804e-05
0.0,0.0,0.0,0.0,-0.00046480329108482694,0.05555555555555562,0.0,0.0,0.0,-1.9425774117102137e-05,0.0,0.0,0.0,0.0,-0.0001516744734410363,0.05882352941176478,0.0,0.0,0.0,-1.9425774117102137e-05
0.0,0.0,0.0,0.0,-0.00046480329108482694,0.05555555555555562,0.0,0.0,0.0,-2.9710007473207574e-05,0.0,0.0,0.0,0.0,-2.8040658955486967e-05,0.05882352941176478,0.0,0.0,0.0,-2.9710007473207574e-05
0.0,0.0,0.0,-0.004656070942599798,-0.00046480329108482694,0.05555555555555562,-0.04166627604142253,0.0,0.0,-3.542347044883051e-05,0.0,0.0,0.0,0.0,0.002162954465793579,0.05882352941176478,0.0,0.0,-0.004656070942599798,-3.542347044883051e-05
0.0,0.0,0.0,0.0005060275908458511,-0.00046480329108482694,0.05555555555555562,0.0,0.0,0.0,-1.9425774117102137e-05,0.0,0.0,0.0,0.0,-0.0039588312143517155,0.05882352941176478,0.0,0.0,0.0005060275908458511,-1.9425774117102137e-05
0.0,0.0,0.0,0.0005060275908458511,-0.00046480329108482694,0.05555555555555562,0.0,0.0,0.0,-1.9425774117102137e-05,0.0,0.0,0.0,0.0,-0.0001516744734410363,0.05882352941176478,0.0,0.0,0.0005060275908458511,-1.9425774117102137e-05
0.0,0.0,0.0,0.0005060275908458511,-0.00046480329108482694,0.05555555555555562,0.0,0.0,0.0,-1.9425774117102137e-05,0.0,0.0,0.0,0.0,-0.0001516744734410363,0.05882352941176478,0.0,0.0,0.0005060275908458511,-1.9425774117102137e-05
0.0,0.0,0.0,-0.004656070942599798,-0.00046480329108482694,0.05555555555555562,0.0,0.0,0.0,-2.9710007473207574e-05,0.0,0.0,0.0,0.0,-0.006131982283401846,0.05882352941176478,0.0,0.0,-0.004656070942599798,-2.9710007473207574e-05
0.0,0.0,0.0,0.0005060275908458511,-0.00046480329108482694,0.05555555555555562,-0.04166627604142253,0.0,0.0,-4.570770380493594e-05,0.0,0.0,0.0,0.0,-2.8040658955486967e-05,0.05882352941176478,0.0,0.0,0.0005060275908458511,-4.570770380493594e-05
0.0,0.0,0.0,-0.004656070942599798,-0.00046480329108482694,0.05555555555555562,0.0,0.0,0.0,-2.9710007473207574e-05,0.0,0.0,0.0,0.0,-0.0017984258993722748,0.05882352941176478,0.0,0.0,-0.004656070942599798,-2.9710007473207574e-05
0.0,0.0,0.0,-0.004656070942599798,-0.00046480329108482694,0.05555555555555562,0.0,0.0,0.0,-1.9425774117102137e-05,0.0,0.0,0.0,0.0,0.002162954465793579,0.05882352941176478,0.0,0.0,-0.004656070942599798,-1.9425774117102137e-05
0.0,0.0,0.0,-0.004656070942599798,-0.00046480329108482694,0.05555555555555562,0.0,0.0,0.0,-1.9425774117102137e-05,0.0,0.0,0.0,0.0,-0.0001516744734410363,0.05882352941176478,0.0,0.0,-0.004656070942599798,-1.9425774117102137e-05
0.0,0.0,0.0,0.0,-0.00046480329108482694,0.05555555555555562,0.0,0.0,0.0,-2.9710007473207574e-05,0.0,0.0,0.0,0.0,-2.8040658955486967e-05,0.05882352941176478,0.0,0.0,0.0,-2.9710007473207574e-05
0.0,0.0,0.0,0.0,-0.00046480329108482694,0.05555555555555562,0.0,0.0,0.0,-2.9710007473207574e-05,0.0,0.0,0.0,0.0,-2.8040658955486967e-05,0.05882352941176478,0.0,0.0,0.0,-2.9710007473207574e-05
0.0,0.0,0.0,0.0005060275908458511,-0.00046480329108482694,0.05555555555555562,0.0,0.0,0.0,-1.9425774117102137e-05,0.0,0.0,0.0,0.0,-0.0001516744734410363,0.05882352941176478,0.0,0.0,0.0005060275908458511,-1.9425774117102137e-05
0.0,0.0,0.0,0.0,-0.00046480329108482694,0.05555555555555562,0.0,0.0,0.0,-1.9425774117102137e-05,0.0,0.0,0.0,0.0,0.002162954465793579,0.05882352941176478,0.0,0.0,0.0,-1.9425774117102137e-05
0.0,0.0,0.0,0.0,-0.00046480329108482694,0.05555555555555562,0.0,0.0,0.0,-2.9710007473207574e-05,0.0,0.0,0.0,0.0,-2.8040658955486967e-05,0.05882352941176478,0.0,0.0,0.0,-2.9710007473207574e-05
0.0,0.0,0.0,0.0005060275908458511,-0.00046480329108482694,0.05555555555555562,0.0,0.0,0.0,-1.9425774117102137e-05,0.0,0.0,0.0,0.0,-0.0001516744734410363,0.05882352941176478,0.0,0.0,0.0005060275908458511,-1.9425774117102137e-05
0.0,0.0,0.0,0.0,-0.00046480329108482694,0.05555555555555562,0.0,0.0,0.0,-2.9710007473207574e-05,0.0,0.0,0.0,0.0,-2.8040658955486967e-05,0.05882352941176478,0.0,0.0,0.0,-2.9710007473207574e-05
0.0,0.0,0.0,0.0,-0.00046480329108482694,0.05555555555555562,0.0,0.0,0.0,-2.9710007473207574e-05,0.0,0.0,0.0,0.0,0.0003645285664213128,0.05882352941176478,0.0,0.0,0.0,-2.9710007473207574e-05
0.0,0.0,0.0,0.0005060275908458511,-0.00046480329108482694,0.05555555555555562,-0.04166627604142253,0.0,0.0,-4.570770380493594e-05,0.0,0.0,0.0,0.0,-0.0017984258993722748,0.05882352941176478,0.0,0.0,0.0005060275908458511,-4.570770380493594e-05
0.0,0.0,0.0,0.0,-0.00046480329108482694,0.05555555555555562,-0.04166627604142253,0.0,0.0,-3.542347044883051e-05,0.0,0.0,0.0,0.0,0.002162954465793579,0.05882352941176478,0.0,0.0,0.0,-3.542347044883051e-05
0.0,0.0,0.0,0.0005060275908458511,-0.0013666604230403875,0.05555555555555562,0.0,0.0,0.0,3.1995392663456744e-05,0.0,0.0,0.0,0.0,-2.8040658955486967e-05,0.05882352941176478,0.0,0.0,0.0005060275908458511,3.1995392663456744e-05
0.0,0.0,0.0,0.0005060275908458511,-0.00046480329108482694,0.05555555555555562,0.0,0.0,0.0,-2.9710007473207574e-05,0.0,0.0,0.0,0.0,-0.0014071312494025438,0.05882352941176478,0.0,0.0,0.0005060275908458511,-2.9710007473207574e-05
0.0,0.0,0.0,0.0005060275908458511,-0.0020014290966860497,0.05555555555555562,0.0,0.0,0.0,4.227962601957804e-05,0.0,0.0,0.0,0.0,0.002162954465793579,0.05882352941176478,0.0,0.0,0.0005060275908458511,4.227962601957804e-05
0.0,0.0,0.0,0.0,-0.00046480329108482694,0.05555555555555562,0.0,0.0,0.0,-1.9425774117102137e-05,0.0,0.0,0.0,0.0,-0.0001516744734410363,0.05882352941176478,0.0,0.0,0.0,-1.9425774117102137e-05
0.0,0.0,0.0,0.0,-0.00046480329108482694,0.05555555555555562,-0.04166627604142253,0.0,0.0,-4.570770380493594e-05,0.0,0.0,0.0,0.0,-0.0017984258993722748,0.05882352941176478,0.0,0.0,0.0,-4.570770380493594e-05
0.0,0.0,0.0,0.0005060275908458511,-0.0013666604230403875,0.05555555555555562,0.0,0.0,0.0,4.227962601957804e-05,0.0,0.0,0.0,0.0,0.002162954465793579,0.05882352941176478,0.0,0.0,0.0005060275908458511,4.227962601957804e-05
0.0,0.0,0.0,-0.004656070942599798,-0.00046480329108482694,0.05555555555555562,0.0,0.0,0.0,-2.9710007473207574e-05,0.0,0.0,0.0,0.0,0.0003645285664213128,0.05882352941176478,0.0,0.0,-0.004656070942599798,-2.9710007473207574e-05
0.0,0.0,0.0,-0.004656070942599798,-0.00046480329108482694,0.05555555555555562,-0.04166627604142253,0.0,0.0,-3.542347044883051e-05,0.0,0.0,0.0,0.0,0.002162954465793579,0.05882352941176478,0.0,0.0,-0.004656070942599798,-3.542347044883051e-05
0.0,0.0,0.0,-0.004656070942599798,-0.00046480329108482694,0.05555555555555562,0.0,0.0,0.0,-1.9425774117102137e-05,0.0,0.0,0.0,0.0,-0.0001516744734410363,0.05882352941176478,0.0,0.0,-0.004656070942599798,-1.9425774117102137e-05
0.0,0.0,0.0,0.0005060275908458511,-0.0013666604230403875,0.05555555555555562,0.0,0.0,0.0,4.227962601957804e-05,0.0,0.0,0.0,0.0,0.002162954465793579,0.05882352941176478,0.0,0.0,0.0005060275908458511,4.227962601957804e-05
0.0,0.0,0.0,0.0,-0.00046480329108482694,0.05555555555555562,-0.04166627604142253,0.0,0.0,-4.570770380493594e-05,0.0,0.0,0.0,0.0,0.0003645285664213128,0.05882352941176478,0.0,0.0,0.0,-4.570770380493594e-05
0.0,0.0,0.0,-0.004656070942599798,-0.00046480329108482694,0.05555555555555562,-0.04166627604142253,0.0,0.0,-4.570770380493594e-05,0.0,0.0,0.0,0.0,-0.0017984258993722748,0.05882352941176478,0.0,0.0,-0.004656070942599798,-4.570770380493594e-05
0.0,0.0,0.0,0.0,-0.00046480329108482694,0.05555555555555562,0.0,0.0,0.0,-1.9425774117102137e-05,0.0,0.0,0.0,0.0,0.002162954465793579,0.05882352941176478,0.0,0.0,0.0,-1.9425774117102137e-05
0.0,0.0,0.0,0.0,-0.00046480329108482694,0.05555555555555562,0.0,0.0,0.0,-2.9710007473207574e-05,0.0,0.0,0.0,0.0,-2.8040658955486967e-05,0.05882352941176478,0.0,0.0,0.0,-2.9710007473207574e-05
0.0,0.0,0.0,0.0005060275908458511,-0.0013666604230403875,0.05555555555555562,-0.04166627604142253,0.0,0.0,2.6281929687849665e-05,0.0,0.0,0.0,0.0,-0.0001516744734410363,0.05882352941176478,0.0,0.0,0.0005060275908458511,2.6281929687849665e-05
0.0,0.0,0.0,0.0,-0.00046480329108482694,0.05555555555555562,-0.04166627604142253,0.0,0.0,-3.542347044883051e-05,0.0,0.0,0.0,0.0,0.002162954465793579,0.05882352941176478,0.0,0.0,0.0,-3.542347044883051e-05
0.0,0.0,0.0,0.0005060275908458511,-0.0013666604230403875,0.05555555555555562,0.0,0.0,0.0,4.227962601957804e-05,0.0,0.0,0.0,0.0,0.002162954465793579,0.05882352941176478,0.0,0.0,0.0005060275908458511,4.227962601957804e-05
0.0,0.0,0.0,0.0005060275908458511,-0.00046480329108482694,0.05555555555555562,0.0,0.0,0.0,-2.9710007473207574e-05,0.0,0.0,0.0,0.0,-2.8040658955486967e-05,0.05882352941176478,0.0,0.0,0.0005060275908458511,-2.9710007473207574e-05
0.0,0.0,0.0,0.0,-0.00046480329108482694,0.05555555555555562,0.0,0.0,0.0,-2.9710007473207574e-05,0.0,0.0,0.0,0.0,0.0003645285664213128,0.05882352941176478,0.0,0.0,0.0,-2.9710007473207574e-05
0.0,0.0,0.0,0.0005060275908458511,-0.00046480329108482694,0.05555555555555562,-0.04166627604142253,0.0,0.0,-4.570770380493594e-05,0.0,0.0,0.0,0.0,0.0003645285664213128,0.05882352941176478,0.0,0.0,0.0005060275908458511,-4.570770380493594e-05
0.0,0.0,0.0,0.0005060275908458511,-0.0013666604230403875,0.05555555555555562,0.0,0.0,0.0,3.1995392663456744e-05,0.0,0.0,0.0,0.0,-0.0017984258993722748,0.05882352941176478,0.0,0.0,0.0005060275908458511,3.1995392663456744e-05
0.0,0.0,0.0,-0.004656070942599798,-0.00046480329108482694,0.05555555555555562,-0.04166627604142253,0.0,0.0,-3.542347044883051e-05,0.0,0.0,0.0,0.0,0.002162954465793579,0.05882352941176478,0.0,0.0,-0.004656070942599798,-3.542347044883051e-05
0.0,0.0,0.0,0.0,-0.00046480329108482694,0.05555555555555562,0.0,0.0,0.0,-1.9425774117102137e-05,0.0,0.0,0.0,0.0,0.002162954465793579,0.05882352941176478,0.0,0.0,0.0,-1.9425774117102137e-05
0.0,0.0,0.0,-0.004656070942599798,-0.00046480329108482694,0.05555555555555562,0.0,0.0,0.0,-2.9710007473207574e-05,0.0,0.0,0.0,0.0,-2.8040658955486967e-05,0.05882352941176478,0.0,0.0,-0.004656070942599798,-2.9710007473207574e-05
0.0,0.0,0.0,0.0005060275908458511,-0.00046480329108482694,0.05555555555555562,-0.04166627604142253,0.0,0.0,-3.542347044883051e-05,0.0,0.0,0.0,0.0,-0.0001516744734410363,0.05882352941176478,0.0,0.0,0.0005060275908458511,-3.542347044883051e-05
0.0,0.0,0.0,0.0005060275908458511,-0.0013666604230403875,0.05555555555555562,0.0,0.0,0.0,3.1995392663456744e-05,0.0,0.0,0.0,0.0,0.0003645285664213128,0.05882352941176478,0.0,0.0,0.0005060275908458511,3.1995392663456744e-05
0.0,0.0,0.0,0.0,-0.00046480329108482694,0.05555555555555562,-0.04166627604142253,0.0,0.0,-3.542347044883051e-05,0.0,0.0,0.0,0.0,-0.0001516744734410363,0.05882352941176478,0.0,0.0,0.0,-3.542347044883051e-05
0.0,0.0,0.0,-0.004656070942599798,-0.00046480329108482694,0.05555555555555562,0.0,0.0,0.0,-1.9425774117102137e-05,0.0,0.0,0.0,0.0,0.002162954465793579,0.05882352941176478,0.0,0.0,-0.004656070942599798,-1.9425774117102137e-05
0.0,0.0,0.0,0.0005060275908458511,-0.00046480329108482694,0.05555555555555562,0.0,0.0,0.0,-1.9425774117102137e-05,0.0,0.0,0.0,0.0,0.002162954465793579,0.05882352941176478,0.0,0.0,0.0005060275908458511,-1.9425774117102137e-05
0.0,0.0,0.0,0.0005060275908458511,-0.0013666604230403875,0.05555555555555562,-0.04166627604142253,0.0,0.0,1.5997696331728372e-05,0.0,0.0,0.0,0.0,-2.8040658955486967e-05,0.05882352941176478,0.0,0.0,0.0005060275908458511,1.5997696331728372e-05
0.0,0.0,0.0,-0.004656070942599798,-0.00046480329108482694,0.05555555555555562,-0.04166627604142253,0.0,0.0,-3.542347044883051e-05,0.0,0.0,0.0,0.0,0.002162954465793579,0.05882352941176478,0.0,0.0,-0.004656070942599798,-3.542347044883051e-05
0.0,0.0,0.0,0.0005060275908458511,-0.00046480329108482694,0.05555555555555562,0.0,0.0,0.0,-1.9425774117102137e-05,0.0,0.0,0.0,0.0,0.002162954465793579,0.05882352941176478,0.0,0.0,0.0005060275908458511,-1.9425774117102137e-05
0.0,0.0,0.0,0.0,-0.00046480329108482694,0.05555555555555562,0.0,0.0,0.0,-2.9710007473207574e-05,0.0,0.0,0.0,0.0,-2.8040658955486967e-05,0.05882352941176478,0.0,0.0,0.0,-2.9710007473207574e-05
0.0,0.0,0.0,0.0,-0.00046480329108482694,0.05555555555555562,-0.04166627604142253,0.0,0.0,-3.542347044883051e-05,0.0,0.0,0.0,0.0,0.002162954465793579,0.05882352941176478,0.0,0.0,0.0,-3.542347044883051e-05
0.0,0.0,0.0,0.0,-0.00046480329108482694,0.05555555555555562,-0.04166627604142253,0.0,0.0,-3.542347044883051e-05,0.0,0.0,0.0,0.0,0.002162954465793579,0.05882352941176478,0.0,0.0,0.0,-3.542347044883051e-05
0.0,0.0,0.0,0.0,-0.00046480329108482694,0.05555555555555562,-0.04166627604142253,0.0,0.0,-4.570770380493594e-05,0.0,0.0,0.0,0.0,-2.8040658955486967e-05,0.05882352941176478,0.0,0.0,0.0,-4.570770380493594e-05
0.0,0.0,0.0,0.0005060275908458511,-0.0010995719647304413,0.05555555555555562,0.0,0.0,0.0,-2.9710007473207574e-05,0.0,0.0,0.0,0.0,-2.8040658955486967e-05,0.05882352941176478,0.0,0.0,0.0005060275908458511,-2.9710007473207574e-05
0.0,0.0,0.0,0.0,-0.00046480329108482694,0.05555555555555562,-0.04166627604142253,0.0,0.0,-4.570770380493594e-05,0.0,0.0,0.0,0.0,-2.8040658955486967e-05,0.05882352941176478,0.0,0.0,0.0,-4.570770380493594e-05
0.0,0.0,0.0,0.0,-0.00046480329108482694,0.05555555555555562,0.0,0.0,0.0,-1.9425774117102137e-05,0.0,0.0,0.0,0.0,0.002162954465793579,0.05882352941176478,0.0,0.0,0.0,-1.9425774117102137e-05
0.0,0.0,0.0,0.0005060275908458511,-0.00046480329108482694,0.05555555555555562,0.0,0.0,0.0,-1.9425774117102137e-05,0.0,0.0,0.0,0.0,0.002162954465793579,0.05882352941176478,0.0,0.0,0.0005060275908458511,-1.9425774117102137e-05
0.0,0.0,0.0,0.0005060275908458511,-0.00046480329108482694,0.05555555555555562,0.0,0.0,0.0,-1.9425774117102137e-05,0.0,0.0,0.0,0.0,0.002162954465793579,0.05882352941176478,0.0,0.0,0.0005060275908458511,-1.9425774117102137e-05
0.0,0.0,0.0,0.0,-0.00046480329108482694,0.05555555555555562,0.0,0.0,0.0,-2.9710007473207574e-05,0.0,0.0,0.0,0.0,-0.0017984258993722748,0.05882352941176478,0.0,0.0,0.0,-2.9710007473207574e-05
0.0,0.0,0.0,0.0005060275908458511,-0.0013666604230403875,0.05555555555555562,0.0,0.0,0.0,4.227962601957804e-05,0.0,0.0,0.0,0.0,-0.0001516744734410363,0.05882352941176478,0.0,0.0,0.0005060275908458511,4.227962601957804e-05
0.0,0.0,0.0,0.0005060275908458511,-0.00046480329108482694,0.05555555555555562,-0.04166627604142253,0.0,0.0,-4.570770380493594e-05,0.0,0.0,0.0,0.0,0.0003645285664213128,0.05882352941176478,0.0,0.0,0.0005060275908458511,-4.570770380493594e-05
0.0,0.0,0.0,0.0005060275908458511,-0.0010995719647304413,0.05555555555555562,0.0,0.0,0.0,-1.9425774117102137e-05,0.0,0.0,0.0,0.0,0.002162954465793579,0.05882352941176478,0.0,0.0,0.0005060275908458511,-1.9425774117102137e-05
0.0,0.0,0.0,0.0005060275908458511,-0.00046480329108482694,0.05555555555555562,0.0,0.0,0.0,-2.9710007473207574e-05,0.0,0.0,0.0,0.0,-0.0017984258993722748,0.05882352941176478,0.0,0.0,0.0005060275908458511,-2.9710007473207574e-05
0.0,0.0,0.0,0.0,-0.00046480329108482694,0.05555555555555562,0.0,0.0,0.0,-1.9425774117102137e-05,0.0,0.0,0.0,0.0,-0.0001516744734410363,0.05882352941176478,0.0,0.0,0.0,-1.9425774117102137e-05
0.0,0.0,0.0,0.0,-0.00046480329108482694,0.05555555555555562,0.0,0.0,0.0,-1.9425774117102137e-05,0.0,0.0,0.0,0.0,0.002162954465793579,0.05882352941176478,0.0,0.0,0.0,-1.9425774117102137e-05
0.0,0.0,0.0,0.0005060275908458511,-0.0013666604230403875,0.05555555555555562,0.0,0.0,0.0,3.1995392663456744e-05,0.0,0.0,0.0,0.0,-2.8040658955486967e-05,0.05882352941176478,0.0,0.0,0.0005060275908458511,3.1995392663456744e-05
0.0,0.0,0.0,0.0,-0.00046480329108482694,0.05555555555555562,-0.04166627604142253,0.0,0.0,-3.542347044883051e-05,0.0,0.0,0.0,0.0,0.002162954465793579,0.05882352941176478,0.0,0.0,0.0,-3.542347044883051e-05
0.0,0.0,0.0,0.0005060275908458511,-0.00046480329108482694,0.05555555555555562,0.0,0.0,0.0,-2.9710007473207574e-05,0.0,0.0,0.0,0.0,-2.8040658955486967e-05,0.05882352941176478,0.0,0.0,0.0005060275908458511,-2.9710007473207574e-05
0.0,0.0,0.0,0.0005060275908458511,-0.00046480329108482694,0.05555555555555562,0.0,0.0,0.0,-2.9710007473207574e-05,0.0,0.0,0.0,0.0,-0.0017984258993722748,0.05882352941176478,0.0,0.0,0.0005060275908458511,-2.9710007473207574e-05
0.0,0.0,0.0,0.0,-0.0010995719647304413,0.05555555555555562,0.0,0.0,0.0,-2.9710007473207574e-05,0.0,0.0,0.0,0.0,0.0003645285664213128,0.05882352941176478,0.0,0.0,0.0,-2.9710007473207574e-05
0.0,0.0,0.0,-0.004656070942599798,-0.00046480329108482694,0.05555555555555562,-0.04166627604142253,0.0,0.0,-3.542347044883051e-05,0.0,0.0,0.0,0.0,0.002162954465793579,0.05882352941176478,0.0,0.0,-0.004656070942599798,-3.542347044883051e-05
0.0,0.0,0.0,0.0005060275908458511,-0.0010995719647304413,0.05555555555555562,0.0,0.0,0.0,-2.9710007473207574e-05,0.0,0.0,0.0,0.0,-2.8040658955486967e-05,0.05882352941176478,0.0,0.0,0.0005060275908458511,-2.9710007473207574e-05
0.0,0.0,0.0,0.0005060275908458511,-0.0013666604230403875,0.05555555555555562,-0.04166627604142253,0.0,0.0,2.6281929687849665e-05,0.0,0.0,0.0,0.0,-0.0001516744734410363,0.05882352941176478,0.0,0.0,0.0005060275908458511,2.6281929687849665e-05
0.0,0.0,0.0,0.0,-0.00046480329108482694,0.05555555555555562,0.0,0.0,0.0,-1.9425774117102137e-05,0.0,0.0,0.0,0.0,0.002162954465793579,0.05882352941176478,0.0,0.0,0.0,-1.9425774117102137e-05
0.0,0.0,0.0,0.0005060275908458511,-0.00046480329108482694,0.05555555555555562,0.0,0.0,0.0,-2.9710007473207574e-05,0.0,0.0,0.0,0.0,-2.8040658955486967e-05,0.05882352941176478,0.0,0.0,0.0005060275908458511,-2.9710007473207574e-05
0.0,0.0,0.0,0.0,-0.00046480329108482694,0.05555555555555562,0.0,0.0,0.0,-2.9710007473207574e-05,0.0,0.0,0.0,0.0,-0.0017984258993722748,0.05882352941176478,0.0,0.0,0.0,-2.9710007473207574e-05
0.0,0.0,0.0,0.0005060275908458511,-0.00046480329108482694,0.05555555555555562,0.0,0.0,0.0,-1.9425774117102137e-05,0.0,0.0,0.0,0.0,0.002162954465793579,0.05882352941176478,0.0,0.0,0.0005060275908458511,-1.9425774117102137e-05
0.0,0.0,0.0,0.0,-0.00046480329108482694,0.05555555555555562,-0.04166627604142253,0.0,0.0,-4.570770380493594e-05,0.0,0.0,0.0,0.0,-2.8040658955486967e-05,0.05882352941176478,0.0,0.0,0.0,-4.570770380493594e-05
0.0,0.0,0.0,0.0,-0.00046480329108482694,0.05555555555555562,-0.04166627604142253,0.0,0.0,-4.570770380493594e-05,0.0,0.0,0.0,0.0,0.0003645285664213128,0.05882352941176478,0.0,0.0,0.0,-4.570770380493594e-05
0.0,0.0,0.0,0.0,-0.00046480329108482694,0.05555555555555562,0.0,0.0,0.0,-2.9710007473207574e-05,0.0,0.0,0.0,0.0,-2.8040658955486967e-05,0.05882352941176478,0.0,0.0,0.0,-2.9710007473207574e-05
0.0,0.0,0.0,0.0,-0.0010995719647304413,0.05555555555555562,0.0,0.0,0.0,-1.9425774117102137e-05,0.0,0.0,0.0,0.0,0.002162954465793579,0.05882352941176478,0.0,0.0,0.0,-1.9425774117102137e-05
0.0,0.0,0.0,-0.004656070942599798,-0.00046480329108482694,0.05555555555555562,0.0,0.0,0.0,-1.9425774117102137e-05,0.0,0.0,0.0,0.0,0.002162954465793579,0.05882352941176478,0.0,0.0,-0.004656070942599798,-1.9425774117102137e-05
0.0,0.0,0.0,0.0005060275908458511,-0.00046480329108482694,0.05555555555555562,-0.04166627604142253,0.0,0.0,-4.570770380493594e-05,0.0,0.0,0.0,0.0,-0.0017984258993722748,0.05882352941176478,0.0,0.0,0.0005060275908458511,-4.570770380493594e-05
0.0,0.0,0.0,0.0005060275908458511,-0.00046480329108482694,0.05555555555555562,0.0,0.0,0.0,-2.9710007473207574e-05,0.0,0.0,0.0,0.0,-0.0014071312494025438,0.05882352941176478,0.0,0.0,0.0005060275908458511,-2.9710007473207574e-05
0.0,0.0,0.0,-0.004656070942599798,-0.00046480329108482694,0.05555555555555562,0.0,0.0,0.0,-1.9425774117102137e-05,0.0,0.0,0.0,0.0,-0.0001516744734410363,0.05882352941176478,0.0,0.0,-0.004656070942599798,-1.9425774117102137e-05
0.0,0.0,0.0,0.0005060275908458511,-0.00046480329108482694,0.05555555555555562,-0.04166627604142253,0.0,0.0,-4.570770380493594e-05,0.0,0.0,0.0,0.0,0.0003645285664213128,0.05882352941176478,0.0,0.0,0.0005060275908458511,-4.570770380493594e-05
0.0,0.0,0.0,0.0005060275908458511,-0.0013666604230403875,0.05555555555555562,0.0,0.0,0.0,4.227962601957804e-05,0.0,0.0,0.0,0.0,0.002162954465793579,0.05882352941176478,0.0,0.0,0.0005060275908458511,4.227962601957804e-05
0.0,0.0,0.0,0.0,-0.00046480329108482694,0.05555555555555562,0.0,0.0,0.0,-2.9710007473207574e-05,0.0,0.0,0.0,0.0,-2.8040658955486967e-05,0.05882352941176478,0.0,0.0,0.0,-2.9710007473207574e-05
0.0,0.0,0.0,0.0005060275908458511,-0.00046480329108482694,0.05555555555555562,0.0,0.0,0.0,-2.9710007473207574e-05,0.0,0.0,0.0,0.0,0.0003645285664213128,0.05882352941176478,0.0,0.0,0.0005060275908458511,-2.9710007473207574e-05
0.0,0.0,0.0,0.0005060275908458511,-0.00046480329108482694,0.05555555555555562,-0.04166627604142253,0.0,0.0,-3.542347044883051e-05,0.0,0.0,0.0,0.0,0.002162954465793579,0.05882352941176478,0.0,0.0,0.0005060275908458511,-3.542347044883051e-05
0.0,0.0,0.0,-0.004656070942599798,-0.00046480329108482694,0.05555555555555562,-0.04166627604142253,0.0,0.0,-4.570770380493594e-05,0.0,0.0,0.0,0.0,-2.8040658955486967e-05,0.05882352941176478,0.0,0.0,-0.004656070942599798,-4.570770380493594e-05
0.0,0.0,0.0,0.0005060275908458511,-0.00046480329108482694,0.05555555555555562,0.0,0.0,0.0,-1.9425774117102137e-05,0.0,0.0,0.0,0.0,0.002162954465793579,0.05882352941176478,0.0,0.0,0.0005060275908458511,-1.9425774117102137e-05
0.0,0.0,0.0,0.0,-0.00046480329108482694,0.05555555555555562,-0.04166627604142253,0.0,0.0,-3.542347044883051e-05,0.0,0.0,0.0,0.0,0.002162954465793579,0.05882352941176478,0.0,0.0,0.0,-3.542347044883051e-05
0.0,0.0,0.0,0.0005060275908458511,-0.00046480329108482694,0.05555555555555562,-0.04166627604142253,0.0,0.0,-4.570770380493594e-05,0.0,0.0,0.0,0.0,0.0003645285664213128,0.05882352941176478,0.0,0.0,0.0005060275908458511,-4.570770380493594e-05
0.0,0.0,0.0,0.0005060275908458511,-0.0010995719647304413,0.05555555555555562,0.0,0.0,0.0,-2.9710007473207574e-05,0.0,0.0,0.0,0.0,-0.007889621769747954,0.05882352941176478,0.0,0.0,0.0005060275908458511,-2.9710007473207574e-05
0.0,0.0,0.0,-0.004656070942599798,-0.00046480329108482694,0.05555555555555562,-0.04166627604142253,0.0,0.0,-4.570770380493594e-05,0.0,0.0,0.0,0.0,-0.0017984258993722748,0.05882352941176478,0.0,0.0,-0.004656070942599798,-4.570770380493594e-05
0.0,0.0,0.0,0.0,-0.00046480329108482694,0.05555555555555562,0.0,0.0,0.0,-1.9425774117102137e-05,0.0,0.0,0.0,0.0,0.002162954465793579,0.05882352941176478,0.0,0.0,0.0,-1.9425774117102137e-05
0.0,0.0,0.0,0.0,-0.00046480329108482694,0.05555555555555562,0.0,0.0,0.0,-1.9425774117102137e-05,0.0,0.0,0.0,0.0,-0.0001516744734410363,0.05882352941176478,0.0,0.0,0.0,-1.9425774117102137e-05
0.0,0.0,0.0,0.0005060275908458511,-0.00046480329108482694,0.05555555555555562,-0.04166627604142253,0.0,0.0,-4.570770380493594e-05,0.0,0.0,0.0,0.0,-0.0017984258993722748,0.05882352941176478,0.0,0.0,0.0005060275908458511,-4.570770380493594e-05
0.0,0.0,0.0,0.0,-0.00046480329108482694,0.05555555555555562,0.0,0.0,0.0,-1.9425774117102137e-05,0.0,0.0,0.0,0.0,-0.0001516744734410363,0.05882352941176478,0.0,0.0,0.0,-1.9425774117102137e-05
0.0,0.0,0.0,-0.004656070942599798,-0.00046480329108482694,0.05555555555555562,0.0,0.0,0.0,-2.9710007473207574e-05,0.0,0.0,0.0,0.0,-0.0014071312494025438,0.05882352941176478,0.0,0.0,-0.004656070942599798,-2.9710007473207574e-05
0.0,0.0,0.0,0.0,-0.00046480329108482694,0.05555555555555562,0.0,0.0,0.0,-2.9710007473207574e-05,0.0,0.0,0.0,0.0,-0.0017984258993722748,0.05882352941176478,0.0,0.0,0.0,-2.9710007473207574e-05
0.0,0.0,0.0,-0.004656070942599798,-0.00046480329108482694,0.05555555555555562,0.0,0.0,0.0,-2.9710007473207574e-05,0.0,0.0,0.0,0.0,-2.8040658955486967e-05,0.05882352941176478,0.0,0.0,-0.004656070942599798,-2.9710007473207574e-05
0.0,0.0,0.0,0.0005060275908458511,-0.0010995719647304413,0.05555555555555562,0.0,0.0,0.0,-2.9710007473207574e-05,0.0,0.0,0.0,0.0,-0.0017984258993722748,0.05882352941176478,0.0,0.0,0.0005060275908458511,-2.9710007473207574e-05
0.0,0.0,0.0,-0.004656070942599798,-0.00046480329108482694,0.05555555555555562,0.0,0.0,0.0,-2.9710007473207574e-05,0.0,0.0,0.0,0.0,-0.0014071312494025438,0.05882352941176478,0.0,0.0,-0.004656070942599798,-2.9710007473207574e-05
0.0,0.0,0.0,0.0005060275908458511,-0.0010995719647304413,0.05555555555555562,0.0,0.0,0.0,-2.9710007473207574e-05,0.0,0.0,0.0,0.0,0.0003645285664213128,0.05882352941176478,0.0,0.0,0.0005060275908458511,-2.9710007473207574e-05
0.0,0.0,0.0,0.0005060275908458511,-0.0013666604230403875,0.05555555555555562,0.0,0.0,0.0,3.1995392663456744e-05,0.0,0.0,0.0,0.0,-2.8040658955486967e-05,0.05882352941176478,0.0,0.0,0.0005060275908458511,3.1995392663456744e-05
0.0,0.0,0.0,0.0,-0.0010995719647304413,0.05555555555555562,0.0,0.0,0.0,-2.9710007473207574e-05,0.0,0.0,0.0,0.0,-0.0014071312494025438,0.05882352941176478,0.0,0.0,0.0,-2.9710007473207574e-05
0.0,0.0,0.0,-0.004656070942599798,-0.00046480329108482694,0.05555555555555562,0.0,0.0,0.0,-2.9710007473207574e-05,0.0,0.0,0.0,0.0,-0.006131982283401846,0.05882352941176478,0.0,0.0,-0.004656070942599798,-2.9710007473207574e-05
0.0,0.0,0.0,-0.004656070942599798,-0.00046480329108482694,0.05555555555555562,0.0,0.0,0.0,-2.9710007473207574e-05,0.0,0.0,0.0,0.0,-0.0017984258993722748,0.05882352941176478,0.0,0.0,-0.004656070942599798,-2.9710007473207574e-05
0.0,0.0,0.0,0.0,-0.00046480329108482694,0.05555555555555562,-0.04166627604142253,0.0,0.0,-4.570770380493594e-05,0.0,0.0,0.0,0.0,-2.8040658955486967e-05,0.05882352941176478,0.0,0.0,0.0,-4.570770380493594e-05
0.0,0.0,0.0,0.0005060275908458511,-0.00046480329108482694,0.05555555555555562,0.0,0.0,0.0,-1.9425774117102137e-05,0.0,0.0,0.0,0.0,-0.0001516744734410363,0.05882352941176478,0.0,0.0,0.0005060275908458511,-1.9425774117102137e-05
0.0,0.0,0.0,0.0,-0.00046480329108482694,0.05555555555555562,-0.04166627604142253,0.0,0.0,-4.570770380493594e-05,0.0,0.0,0.0,0.0,-0.0017984258993722748,0.05882352941176478,0.0,0.0,0.0,-4.570770380493594e-05
0.0,0.0,0.0,-0.004656070942599798,-0.00046480329108482694,0.05555555555555562,-0.04166627604142253,0.0,0.0,-4.570770380493594e-05,0.0,0.0,0.0,0.0,-2.8040658955486967e-05,0.05882352941176478,0.0,0.0,-0.004656070942599798,-4.570770380493594e-05
0.0,0.0,0.0,0.0005060275908458511,-0.00046480329108482694,0.05555555555555562,0.0,0.0,0.0,-2.9710007473207574e-05,0.0,0.0,0.0,0.0,0.0003645285664213128,0.05882352941176478,0.0,0.0,0.0005060275908458511,-2.9710007473207574e-05
0.0,0.0,0.0,0.0005060275908458511,-0.00046480329108482694,0.05555555555555562,0.0,0.0,0.0,-1.9425774117102137e-05,0.0,0.0,0.0,0.0,0.002162954465793579,0.05882352941176478,0.0,0.0,0.0005060275908458511,-1.9425774117102137e-05
0.0,0.0,0.0,0.0005060275908458511,-0.00046480329108482694,0.05555555555555562,0.0,0.0,0.0,-1.9425774117102137e-05,0.0,0.0,0.0,0.0,0.002162954465793579,0.05882352941176478,0.0,0.0,0.0005060275908458511,-1.9425774117102137e-05
0.0,0.0,0.0,0.0,-0.00046480329108482694,0.05555555555555562,-0.04166627604142253,0.0,0.0,-3.542347044883051e-05,0.0,0.0,0.0,0.0,0.002162954465793579,0.05882352941176478,0.0,0.0,0.0,-3.542347044883051e-05
0.0,0.0,0.0,0.0,-0.00046480329108482694,0.05555555555555562,-0.04166627604142253,0.0,0.0,-3.542347044883051e-05,0.0,0.0,0.0,0.0,0.002162954465793579,0.05882352941176478,0.0,0.0,0.0,-3.542347044883051e-05
0.0,0.0,0.0,-0.004656070942599798,-0.00046480329108482694,0.05555555555555562,0.0,0.0,0.0,-1.9425774117102137e-05,0.0,0.0,0.0,0.0,0.002162954465793579,0.05882352941176478,0.0,0.0,-0.004656070942599798,-1.9425774117102137e-05
0.0,0.0,0.0,-0.004656070942599798,-0.0010995719647304413,0.05555555555555562,0.0,0.0,0.0,-2.9710007473207574e-05,0.0,0.0,0.0,0.0,-2.8040658955486967e-05,0.05882352941176478,0.0,0.0,-0.004656070942599798,-2.9710007473207574e-05
0.0,0.0,0.0,0.0,-0.00046480329108482694,0.05555555555555562,0.0,0.0,0.0,-2.9710007473207574e-05,0.0,0.0,0.0,0.0,0.0003645285664213128,0.05882352941176478,0.0,0.0,0.0,-2.9710007473207574e-05
0.0,0.0,0.0,-0.004656070942599798,-0.00046480329108482694,0.05555555555555562,0.0,0.0,0.0,-1.9425774117102137e-05,0.0,0.0,0.0,0.0,-0.0001516744734410363,0.05882352941176478,0.0,0.0,-0.004656070942599798,-1.9425774117102137e-05
0.0,0.0,0.0,0.0005060275908458511,-0.00046480329108482694,0.05555555555555562,-0.04166627604142253,0.0,0.0,-3.542347044883051e-05,0.0,0.0,0.0,0.0,0.002162954465793579,0.05882352941176478,0.0,0.0,0.0005060275908458511,-3.542347044883051e-05
0.0,0.0,0.0,0.0,-0.00046480329108482694,0.05555555555555562,0.0,0.0,0.0,-1.9425774117102137e-05,0.0,0.0,0.0,0.0,0.002162954465793579,0.05882352941176478,0.0,0.0,0.0,-1.9425774117102137e-05
0.0,0.0,0.0,0.0005060275908458511,-0.00046480329108482694,0.05555555555555562,0.0,0.0,0.0,-1.9425774117102137e-05,0.0,0.0,0.0,0.0,0.002162954465793579,0.05882352941176478,0.0,0.0,0.0005060275908458511,-1.9425774117102137e-05
