REL_W,RF_W,INPC_W,PFC_W,WCC_W,REL_D,RF_D,INPC_D,PFC_D,WCC_D,REL_F,RF_F,INPC_F,PFC_F,WCC_F,REL_R,RF_R,INPC_R,PFC_R,WCC_R
-0.2,0.8000018000018001,0.5046936396694234,0.07918564376687494,-0.019347061778000975,0.2,0.0,0.2509175422652865,0.0714707206080912,-0.09855769230769224,0.0,0.1333351333351334,0.0,0.0,-0.08210466516929589,0.2,0.1333351333351334,0.5046936396694234,0.07918564376687494,-0.08210466516929589
0.2,0.40000540000539997,0.5183073193623194,0.12914200779992918,-0.436926167754897,0.2,0.0,0.17338056380526384,0.06609991498724799,-0.12249276261373036,0.25,0.0,0.0,0.0,-0.0148439595815076,0.2,0.0,0.5183073193623194,0.12914200779992918,-0.0148439595815076
-0.2,0.6000036000035999,0.5183073193623194,0.07422205252679526,-0.019347061778000975,0.2,-0.06666606666606656,0.35097958497435355,0.09585437815672346,-0.12251861042183626,0.25,0.26666726666726664,0.0,0.0,0.0,0.2,0.26666726666726664,0.5183073193623194,0.07422205252679526,0.0
0.0,0.0,0.43347235088629543,0.08382196525486132,-0.436926167754897,0.2,0.0,0.35097958497435355,0.09585437815672346,-0.09855769230769224,0.25,0.0,0.0,0.0,-0.0148439595815076,0.2,0.0,0.43347235088629543,0.08382196525486132,-0.0148439595815076
0.0,0.19999819999820004,0.5183073193623194,0.08585376496577318,-0.436926167754897,0.2,-0.13333213333213328,0.432497686140695,0.11002650397559631,-0.12251861042183626,0.25,0.1333351333351334,0.0,0.0,-0.0003839861975371743,0.2,0.1333351333351334,0.5183073193623194,0.08585376496577318,-0.0003839861975371743
0.0,0.0,0.5183073193623194,0.1223102517249844,-0.436926167754897,0.2,0.0,0.17338056380526384,0.06609991498724799,-0.09855769230769224,0.25,0.1333351333351334,0.0,0.0,-0.0003839861975371743,0.2,0.1333351333351334,0.5183073193623194,0.1223102517249844,-0.0003839861975371743
0.2,0.0,0.43347235088629543,0.1085376496577305,-0.4415670517327976,0.2,0.1333351333351334,0.17338056380526384,0.06609991498724799,0.24186440239867651,0.25,0.1333351333351334,0.0,0.0,-0.0003839861975371743,0.2,0.1333351333351334,0.43347235088629543,0.1085376496577305,0.010888375738384358
0.0,0.40000540000539997,0.43347235088629543,0.1216898028199744,-0.436926167754897,0.2,0.06666906666906665,0.17338056380526384,0.06609991498724799,0.1283537531017369,0.25,0.1333351333351334,0.0,0.0,-0.0003839861975371743,0.2,0.1333351333351334,0.43347235088629543,0.1216898028199744,-0.0003839861975371743
0.2,0.40000540000539997,0.37076110195745166,0.12914200779992918,-0.436926167754897,0.2,0.0,0.17338056380526384,0.06609991498724799,-0.11029259718775848,0.0,0.26666726666726664,0.0,0.0,-0.08238870975377548,0.2,0.26666726666726664,0.37076110195745166,0.12914200779992918,-0.08238870975377548
0.0,0.8000018000018001,0.34511224173892535,0.12997381841983252,-0.07592164741336008,0.0,0.06666906666906665,0.17338056380526384,0.06609991498724799,0.11495812655086848,0.5,0.0,0.0,0.0,-0.0148439595815076,0.2,0.06666906666906665,0.34511224173892535,0.12997381841983252,-0.0148439595815076
0.0,0.0,0.4579845492298508,0.08382196525486132,-0.436926167754897,0.2,0.0,0.2509175422652865,0.0714707206080912,-0.09855769230769224,0.25,0.1333351333351334,0.0,0.0,-0.0003839861975371743,0.2,0.1333351333351334,0.4579845492298508,0.08382196525486132,-0.0003839861975371743
0.2,0.40000540000539997,0.34511224173892535,0.11721711620803457,-0.436926167754897,0.2,0.0,0.2509175422652865,0.0714707206080912,-0.11029259718775848,0.25,0.0,0.0,0.0,-0.0148439595815076,0.2,0.0,0.34511224173892535,0.11721711620803457,-0.0148439595815076
0.2,0.0,0.37076110195745166,0.08585376496577318,-0.436926167754897,0.2,0.0,0.2509175422652865,0.0714707206080912,-0.12251861042183626,0.25,0.26666726666726664,0.0,0.0,0.0,0.2,0.26666726666726664,0.37076110195745166,0.08585376496577318,0.0
-0.2,0.8000018000018001,0.37076110195745166,0.07170616630757902,-0.019347061778000975,0.2,0.0,0.2509175422652865,0.0714707206080912,-0.09855769230769224,0.25,0.26666726666726664,0.0,0.0,0.0,0.2,0.26666726666726664,0.37076110195745166,0.07170616630757902,0.0
-0.2,0.8000018000018001,0.37076110195745166,0.036313306242670505,-0.019347061778000975,0.0,0.06666906666906665,0.35097958497435355,0.09373406010901626,0.16686698717948725,0.25,0.0,0.0,0.0,-0.0148439595815076,0.0,0.06666906666906665,0.37076110195745166,0.036313306242670505,-0.0148439595815076
0.2,0.0,0.4699397659202682,0.08483786511031725,-0.436926167754897,0.2,-0.06666606666606656,0.432497686140695,0.11002650397559631,-0.09855769230769224,0.25,0.1333351333351334,0.0,0.0,-0.0003839861975371743,0.2,0.1333351333351334,0.4699397659202682,0.08483786511031725,-0.0003839861975371743
0.0,0.40000540000539997,0.34511224173892535,0.07679248370469356,-0.436926167754897,0.2,0.06666906666906665,0.35097958497435355,0.09598439765964889,0.1283537531017369,0.0,0.33333333333333337,0.0,0.0,0.013381655979927467,0.2,0.33333333333333337,0.34511224173892535,0.07679248370469356,0.013381655979927467
0.2,0.0,0.5183073193623194,0.15810538086017412,-0.436926167754897,0.2,0.0,0.17338056380526384,0.06609991498724799,-0.11029259718775848,0.25,0.0,0.0,0.0,-0.0148439595815076,0.2,0.0,0.5183073193623194,0.15810538086017412,-0.0148439595815076
0.2,0.0,0.5183073193623194,0.09042872337524202,-0.436926167754897,0.2,0.0,0.35097958497435355,0.09585437815672346,-0.09855769230769224,0.0,0.0,0.0,0.0,-0.10387615656116697,0.2,0.0,0.5183073193623194,0.09042872337524202,-0.10387615656116697
-0.2,0.8000018000018001,0.4699397659202682,0.07679248370469356,-0.019347061778000975,0.2,0.0,0.35097958497435355,0.09585437815672346,-0.09855769230769224,0.0,0.26666726666726664,0.0,0.0,-0.06758157076655216,0.2,0.26666726666726664,0.4699397659202682,0.07679248370469356,-0.06758157076655216
0.0,0.0,0.5046936396694234,0.08240379632912438,-0.436926167754897,0.2,0.0,0.2509175422652865,0.0714707206080912,-0.09855769230769224,0.0,0.26666726666726664,0.0,0.0,-0.08238870975377548,0.2,0.26666726666726664,0.5046936396694234,0.08240379632912438,-0.08238870975377548
-0.2,0.6000036000035999,0.5183073193623194,0.04925409769002106,-0.019347061778000975,0.0,0.06666906666906665,0.35097958497435355,0.09598439765964889,0.1283537531017369,0.25,0.26666726666726664,0.0,0.0,0.0,0.0,0.26666726666726664,0.5183073193623194,0.04925409769002106,0.0
-0.2,0.8000018000018001,0.4579845492298508,0.10669675730220632,-0.07592164741336008,0.0,0.06666906666906665,0.17338056380526384,0.06609991498724799,0.1283537531017369,0.25,0.0,0.0,0.0,-0.0148439595815076,0.0,0.06666906666906665,0.4579845492298508,0.10669675730220632,-0.0148439595815076
0.0,0.0,0.5046936396694234,0.043322333433332416,-0.436926167754897,0.0,0.1333351333351334,0.2509175422652865,0.0714707206080912,0.16686698717948725,-0.25,0.33333333333333337,0.0,0.0,-0.08317772248844094,0.0,0.33333333333333337,0.5046936396694234,0.043322333433332416,-0.05016016958513705
0.0,0.0,0.5183073193623194,0.07464477595658231,-0.436926167754897,0.2,0.0,0.35097958497435355,0.09585437815672346,-0.09855769230769224,0.25,0.0,0.0,0.0,-0.0148439595815076,0.2,0.0,0.5183073193623194,0.07464477595658231,-0.0148439595815076
0.0,0.40000540000539997,0.4579845492298508,0.0835356042217799,-0.436926167754897,0.0,0.06666906666906665,0.2509175422652865,0.0714707206080912,0.11495812655086848,0.25,0.26666726666726664,0.0,0.0,0.0,0.0,0.26666726666726664,0.4579845492298508,0.0835356042217799,0.0
0.0,0.0,0.43347235088629543,0.043322333433332416,-0.436926167754897,0.0,0.06666906666906665,0.432497686140695,0.10983647547132061,0.16686698717948725,0.25,0.1333351333351334,0.0,0.0,-0.0003839861975371743,0.0,0.1333351333351334,0.43347235088629543,0.043322333433332416,-0.0003839861975371743
0.0,0.40000540000539997,0.4699397659202682,0.09613548967736658,-0.436926167754897,0.0,0.1333351333351334,0.2509175422652865,0.0714707206080912,0.3527967328370554,0.0,0.0,0.0,0.0,-0.10387615656116697,0.0,0.1333351333351334,0.4699397659202682,0.09613548967736658,0.10118825317840632
0.2,0.40000540000539997,0.34511224173892535,0.12636703302697244,-0.436926167754897,0.2,0.0,0.17338056380526384,0.06609991498724799,-0.11029259718775848,0.25,0.26666726666726664,0.0,0.0,0.0,0.2,0.26666726666726664,0.34511224173892535,0.12636703302697244,0.0
0.2,0.0,0.34511224173892535,0.08605149044099596,-0.436926167754897,0.2,0.06666906666906665,0.2509175422652865,0.0714707206080912,0.1283537531017369,0.25,0.1333351333351334,0.0,0.0,-0.0003839861975371743,0.2,0.1333351333351334,0.34511224173892535,0.08605149044099596,-0.0003839861975371743
0.2,0.0,0.5183073193623194,0.07679248370469356,-0.436926167754897,0.2,0.0,0.432497686140695,0.10983647547132061,0.1283537531017369,0.25,0.26666726666726664,0.0,0.0,0.0,0.2,0.26666726666726664,0.5183073193623194,0.07679248370469356,0.0
-0.2,0.8000018000018001,0.34511224173892535,0.06831074262961247,-0.019347061778000975,0.2,0.0,0.432497686140695,0.10983647547132061,0.1283537531017369,0.25,0.0,0.0,0.0,-0.0148439595815076,0.2,0.0,0.34511224173892535,0.06831074262961247,-0.0148439595815076
0.2,0.0,0.5046936396694234,0.11980800174543871,-0.436926167754897,0.2,0.0,0.2509175422652865,0.0714707206080912,-0.07415089950372217,0.5,0.0,0.0,0.0,-0.0148439595815076,0.2,0.0,0.5046936396694234,0.11980800174543871,-0.0148439595815076
0.2,0.0,0.5046936396694234,0.09196280033817875,-0.436926167754897,0.2,-0.06666606666606656,0.35097958497435355,0.09585437815672346,-0.12249276261373036,0.0,0.1333351333351334,0.0,0.0,-0.07234194759903433,0.2,0.1333351333351334,0.5046936396694234,0.09196280033817875,-0.07234194759903433
0.0,0.19999819999820004,0.5183073193623194,0.06831074262961247,-0.436926167754897,0.2,0.06666906666906665,0.35097958497435355,0.09373406010901626,0.16686698717948725,0.25,0.0,0.0,0.0,-0.0148439595815076,0.2,0.06666906666906665,0.5183073193623194,0.06831074262961247,-0.0148439595815076
0.2,0.0,0.37076110195745166,0.07928109744456868,-0.4415670517327976,0.2,-0.06666606666606656,0.432497686140695,0.11002650397559631,-0.09855769230769224,0.0,0.26666726666726664,0.0,0.0,-0.06758157076655216,0.2,0.26666726666726664,0.37076110195745166,0.07928109744456868,-0.06758157076655216
-0.2,0.8000018000018001,0.37076110195745166,0.06377669293915511,-0.019347061778000975,0.0,0.06666906666906665,0.432497686140695,0.10983647547132061,0.16686698717948725,0.0,0.0,0.0,0.0,-0.10387615656116697,0.0,0.06666906666906665,0.37076110195745166,0.06377669293915511,-0.05016016958513705
0.0,0.40000540000539997,0.4579845492298508,0.07679248370469356,-0.436926167754897,0.2,0.06666906666906665,0.2509175422652865,0.0714707206080912,0.1283537531017369,0.25,0.26666726666726664,0.0,0.0,0.0,0.2,0.26666726666726664,0.4579845492298508,0.07679248370469356,0.0
0.0,0.0,0.5046936396694234,0.07464477595658231,-0.436926167754897,0.2,0.0,0.35097958497435355,0.09585437815672346,-0.09855769230769224,0.25,0.0,0.0,0.0,-0.0148439595815076,0.2,0.0,0.5046936396694234,0.07464477595658231,-0.0148439595815076
0.0,0.0,0.37076110195745166,0.08585376496577318,-0.436926167754897,0.0,0.1333351333351334,0.17338056380526384,0.06609991498724799,0.16686698717948725,0.25,0.1333351333351334,0.0,0.0,-0.0003839861975371743,0.0,0.1333351333351334,0.37076110195745166,0.08585376496577318,-0.0003839861975371743
0.0,0.19999819999820004,0.5183073193623194,0.0770311178989282,-0.436926167754897,0.0,0.06666906666906665,0.35097958497435355,0.09598439765964889,0.11495812655086848,0.0,0.26666726666726664,0.0,0.0,-0.08317772248844094,0.0,0.26666726666726664,0.5183073193623194,0.0770311178989282,-0.08317772248844094
0.2,0.0,0.4579845492298508,0.10790356451304993,-0.436926167754897,0.2,0.0,0.17338056380526384,0.06609991498724799,-0.12251861042183626,0.25,0.0,0.0,0.0,-0.0148439595815076,0.2,0.0,0.4579845492298508,0.10790356451304993,-0.0148439595815076
0.0,0.40000540000539997,0.37076110195745166,0.07727657021299814,-0.436926167754897,0.0,0.06666906666906665,0.2509175422652865,0.0714707206080912,0.1283537531017369,0.25,0.26666726666726664,0.0,0.0,0.0,0.0,0.26666726666726664,0.37076110195745166,0.07727657021299814,0.0
0.0,0.40000540000539997,0.43347235088629543,0.07792429159734908,-0.436926167754897,0.2,0.06666906666906665,0.2509175422652865,0.0714707206080912,0.1283537531017369,0.25,0.1333351333351334,0.0,0.0,-0.0003839861975371743,0.2,0.1333351333351334,0.43347235088629543,0.07792429159734908,-0.0003839861975371743
0.2,0.40000540000539997,0.34511224173892535,0.0769220279815639,-0.436926167754897,0.2,-0.06666606666606656,0.35097958497435355,0.09585437815672346,-0.12249276261373036,0.25,0.26666726666726664,0.0,0.0,0.0,0.2,0.26666726666726664,0.34511224173892535,0.0769220279815639,0.0
0.0,0.8000018000018001,0.5046936396694234,0.08751056808574477,-0.019347061778000975,0.2,0.0,0.2509175422652865,0.0714707206080912,-0.12249276261373036,0.0,0.0,0.0,0.0,-0.10387615656116697,0.2,0.0,0.5046936396694234,0.08751056808574477,-0.10387615656116697
0.0,0.19999819999820004,0.5183073193623194,0.09613548967736658,-0.436926167754897,0.0,0.06666906666906665,0.35097958497435355,0.09585437815672346,0.11495812655086848,0.25,0.1333351333351334,0.0,0.0,-0.0003839861975371743,0.0,0.1333351333351334,0.5183073193623194,0.09613548967736658,-0.0003839861975371743
0.2,0.0,0.45317202049377514,0.12997381841983252,-0.436926167754897,0.0,0.06666906666906665,0.17338056380526384,0.06609991498724799,0.11495812655086848,0.5,0.0,0.0,0.0,-0.0148439595815076,0.2,0.06666906666906665,0.45317202049377514,0.12997381841983252,-0.0148439595815076
0.0,0.0,0.34511224173892535,0.08382196525486132,-0.436926167754897,0.2,0.0,0.2509175422652865,0.0714707206080912,-0.09855769230769224,0.25,0.0,0.0,0.0,-0.0148439595815076,0.2,0.0,0.34511224173892535,0.08382196525486132,-0.0148439595815076
0.0,0.40000540000539997,0.5183073193623194,0.1216898028199744,-0.436926167754897,0.2,0.0,0.17338056380526384,0.06609991498724799,-0.09855769230769224,0.25,0.1333351333351334,0.0,0.0,-0.0003839861975371743,0.2,0.1333351333351334,0.5183073193623194,0.1216898028199744,-0.0003839861975371743
0.2,0.0,0.5046936396694234,0.09042872337524202,-0.436926167754897,0.2,0.0,0.35097958497435355,0.09585437815672346,-0.09855769230769224,0.0,0.0,0.0,0.0,-0.09686446339243923,0.2,0.0,0.5046936396694234,0.09042872337524202,-0.09686446339243923
0.0,0.8000018000018001,0.4579845492298508,0.12636703302697244,-0.07592164741336008,0.2,0.0,0.17338056380526384,0.06609991498724799,-0.07415089950372217,0.0,0.33333333333333337,0.0,0.0,0.013381655979927467,0.2,0.33333333333333337,0.4579845492298508,0.12636703302697244,0.013381655979927467
0.0,0.0,0.4579845492298508,0.08240379632912438,-0.436926167754897,0.2,0.0,0.2509175422652865,0.0714707206080912,-0.09855769230769224,0.25,0.26666726666726664,0.0,0.0,0.0,0.2,0.26666726666726664,0.4579845492298508,0.08240379632912438,0.0
0.0,0.8000018000018001,0.34511224173892535,0.06908800829083374,-0.019347061778000975,0.0,0.06666906666906665,0.35097958497435355,0.09598439765964889,0.11495812655086848,0.25,0.26666726666726664,0.0,0.0,0.0,0.0,0.26666726666726664,0.34511224173892535,0.06908800829083374,0.0
0.2,0.0,0.37076110195745166,0.11810347178662016,-0.436926167754897,0.2,0.0,0.35097958497435355,0.09585437815672346,-0.07415089950372217,0.5,0.0,0.0,0.0,-0.0148439595815076,0.2,0.0,0.37076110195745166,0.11810347178662016,-0.0148439595815076
0.2,0.0,0.4699397659202682,0.11980800174543871,-0.4415670517327976,0.2,0.0,0.2509175422652865,0.0714707206080912,-0.07415089950372217,0.0,0.1333351333351334,0.0,0.0,-0.08131565243463029,0.2,0.1333351333351334,0.4699397659202682,0.11980800174543871,-0.08131565243463029
-0.2,0.8000018000018001,0.5183073193623194,0.06831074262961247,-0.019347061778000975,0.2,0.1333351333351334,0.2509175422652865,0.0714707206080912,0.24214872828784123,0.25,0.0,0.0,0.0,-0.0148439595815076,0.2,0.1333351333351334,0.5183073193623194,0.06831074262961247,0.011119819473886334
0.2,0.0,0.34511224173892535,0.10980581994709145,-0.4415670517327976,0.0,0.1333351333351334,0.2509175422652865,0.0714707206080912,0.3410165942928039,0.25,0.0,0.0,0.0,-0.0148439595815076,0.2,0.1333351333351334,0.34511224173892535,0.10980581994709145,0.09159911840977106
0.2,0.0,0.34511224173892535,0.07928109744456868,-0.436926167754897,0.2,0.06666906666906665,0.35097958497435355,0.09598439765964889,0.1283537531017369,0.25,0.26666726666726664,0.0,0.0,0.0,0.2,0.26666726666726664,0.34511224173892535,0.07928109744456868,0.0
0.2,0.40000540000539997,0.4579845492298508,0.1216898028199744,-0.436926167754897,0.2,0.0,0.17338056380526384,0.06609991498724799,-0.12249276261373036,0.25,0.1333351333351334,0.0,0.0,-0.0003839861975371743,0.2,0.1333351333351334,0.4579845492298508,0.1216898028199744,-0.0003839861975371743
0.0,0.40000540000539997,0.4699397659202682,0.08585376496577318,-0.436926167754897,0.2,0.06666906666906665,0.35097958497435355,0.09585437815672346,0.1283537531017369,0.25,0.1333351333351334,0.0,0.0,-0.0003839861975371743,0.2,0.1333351333351334,0.4699397659202682,0.08585376496577318,-0.0003839861975371743
0.0,0.0,0.5046936396694234,0.043322333433332416,-0.436926167754897,0.0,0.06666906666906665,0.35097958497435355,0.09373406010901626,0.16686698717948725,0.0,0.26666726666726664,0.0,0.0,-0.06758157076655216,0.0,0.26666726666726664,0.5046936396694234,0.043322333433332416,-0.05016016958513705
0.0,0.40000540000539997,0.4699397659202682,0.08579922000709093,-0.436926167754897,0.2,-0.06666606666606656,0.35097958497435355,0.09585437815672346,-0.12251861042183626,0.0,0.26666726666726664,0.0,0.0,-0.06758157076655216,0.2,0.26666726666726664,0.4699397659202682,0.08579922000709093,-0.06758157076655216
0.0,0.0,0.5183073193623194,0.08382196525486132,-0.436926167754897,0.2,0.0,0.35097958497435355,0.09585437815672346,-0.09855769230769224,0.0,0.1333351333351334,0.0,0.0,-0.08210466516929589,0.2,0.1333351333351334,0.5183073193623194,0.08382196525486132,-0.08210466516929589
0.0,0.0,0.4579845492298508,0.03312242615976219,-0.436926167754897,0.0,0.0,0.432497686140695,0.10983647547132061,0.1283537531017369,0.25,0.26666726666726664,0.0,0.0,0.0,0.0,0.26666726666726664,0.4579845492298508,0.03312242615976219,0.0
0.2,0.40000540000539997,0.43347235088629543,0.09196280033817875,-0.436926167754897,0.2,0.0,0.2509175422652865,0.0714707206080912,-0.12249276261373036,0.25,0.1333351333351334,0.0,0.0,-0.0003839861975371743,0.2,0.1333351333351334,0.43347235088629543,0.09196280033817875,-0.0003839861975371743
0.0,0.0,0.34511224173892535,0.08291515531676989,-0.4415670517327976,0.2,0.0,0.35097958497435355,0.09585437815672346,-0.09855769230769224,0.25,0.0,0.0,0.0,-0.0148439595815076,0.2,0.0,0.34511224173892535,0.08291515531676989,-0.0148439595815076
0.0,0.19999819999820004,0.4579845492298508,0.10790356451304993,-0.436926167754897,0.2,0.0,0.17338056380526384,0.06609991498724799,-0.12251861042183626,0.25,0.1333351333351334,0.0,0.0,-0.0003839861975371743,0.2,0.1333351333351334,0.4579845492298508,0.10790356451304993,-0.0003839861975371743
-0.2,0.8000018000018001,0.37076110195745166,0.10410587176480218,-0.07592164741336008,0.2,0.0,0.17338056380526384,0.06609991498724799,-0.09855769230769224,0.0,0.1333351333351334,0.0,0.0,-0.07234194759903433,0.2,0.1333351333351334,0.37076110195745166,0.10410587176480218,-0.07234194759903433
0.0,0.0,0.4699397659202682,0.07727657021299814,-0.436926167754897,0.0,0.1333351333351334,0.2509175422652865,0.0714707206080912,0.16686698717948725,0.0,0.0,0.0,0.0,-0.10387615656116697,0.0,0.1333351333351334,0.4699397659202682,0.07727657021299814,-0.05016016958513705
0.2,0.0,0.5046936396694234,0.10980581994709145,-0.436926167754897,0.2,0.0,0.2509175422652865,0.0714707206080912,-0.07415089950372217,0.0,0.26666726666726664,0.0,0.0,-0.08317772248844094,0.2,0.26666726666726664,0.5046936396694234,0.10980581994709145,-0.08317772248844094
0.2,0.0,0.5183073193623194,0.07679248370469356,-0.436926167754897,0.2,0.1333351333351334,0.2509175422652865,0.0714707206080912,0.24300816790736146,0.25,0.26666726666726664,0.0,0.0,0.0,0.2,0.26666726666726664,0.5183073193623194,0.07679248370469356,0.011819410765289747
-0.2,0.8000018000018001,0.43347235088629543,0.03233152425887035,-0.019347061778000975,0.2,0.06666906666906665,0.432497686140695,0.10983647547132061,0.16686698717948725,0.25,0.1333351333351334,0.0,0.0,-0.0003839861975371743,0.2,0.1333351333351334,0.43347235088629543,0.03233152425887035,-0.0003839861975371743
-0.2,0.8000018000018001,0.4699397659202682,0.07464477595658231,-0.019347061778000975,0.2,0.0,0.35097958497435355,0.09585437815672346,-0.09855769230769224,0.25,0.0,0.0,0.0,-0.0148439595815076,0.2,0.0,0.4699397659202682,0.07464477595658231,-0.0148439595815076
0.2,0.40000540000539997,0.4579845492298508,0.12997381841983252,-0.436926167754897,0.2,0.0,0.17338056380526384,0.06609991498724799,-0.11029259718775848,0.25,0.1333351333351334,0.0,0.0,-0.0003839861975371743,0.2,0.1333351333351334,0.4579845492298508,0.12997381841983252,-0.0003839861975371743
0.2,0.0,0.43347235088629543,0.08585376496577318,-0.436926167754897,0.2,0.06666906666906665,0.35097958497435355,0.09585437815672346,0.1283537531017369,0.25,0.1333351333351334,0.0,0.0,-0.0003839861975371743,0.2,0.1333351333351334,0.43347235088629543,0.08585376496577318,-0.0003839861975371743
0.0,0.0,0.4699397659202682,0.09630594267324842,-0.436926167754897,0.2,0.0,0.17338056380526384,0.06609991498724799,-0.09855769230769224,0.25,0.26666726666726664,0.0,0.0,0.0,0.2,0.26666726666726664,0.4699397659202682,0.09630594267324842,0.0
-0.2,0.6000036000035999,0.5183073193623194,0.06976982027436128,-0.019347061778000975,0.2,0.06666906666906665,0.35097958497435355,0.09598439765964889,0.1283537531017369,0.25,0.26666726666726664,0.0,0.0,0.0,0.2,0.26666726666726664,0.5183073193623194,0.06976982027436128,0.0
0.2,0.0,0.4699397659202682,0.10096953664057612,-0.436926167754897,0.2,0.0,0.17338056380526384,0.06609991498724799,-0.12249276261373036,0.0,0.26666726666726664,0.0,0.0,-0.11909884225531397,0.2,0.26666726666726664,0.4699397659202682,0.10096953664057612,-0.11909884225531397
0.0,0.8000018000018001,0.34511224173892535,0.06646303215425318,-0.019347061778000975,0.0,0.0,0.432497686140695,0.10983647547132061,0.11495812655086848,0.5,0.0,0.0,0.0,-0.0148439595815076,0.2,0.0,0.34511224173892535,0.06646303215425318,-0.0148439595815076
-0.2,0.8000018000018001,0.43347235088629543,0.08585376496577318,-0.019347061778000975,0.2,0.0,0.2509175422652865,0.0714707206080912,-0.12251861042183626,0.25,0.0,0.0,0.0,-0.0148439595815076,0.2,0.0,0.43347235088629543,0.08585376496577318,-0.0148439595815076
0.0,0.0,0.4579845492298508,0.04652684975591129,-0.436926167754897,0.0,0.0,0.432497686140695,0.10983647547132061,0.1283537531017369,0.25,0.26666726666726664,0.0,0.0,0.0,0.0,0.26666726666726664,0.4579845492298508,0.04652684975591129,0.0
0.0,0.40000540000539997,0.37076110195745166,0.06670166634848784,-0.436926167754897,0.0,0.06666906666906665,0.2509175422652865,0.0714707206080912,0.1283537531017369,0.0,0.26666726666726664,0.0,0.0,-0.06758157076655216,0.0,0.26666726666726664,0.37076110195745166,0.06670166634848784,-0.06758157076655216
0.0,0.19999819999820004,0.5046936396694234,0.1223102517249844,-0.436926167754897,0.2,0.0,0.17338056380526384,0.06609991498724799,-0.09855769230769224,0.0,0.1333351333351334,0.0,0.0,-0.07234194759903433,0.2,0.1333351333351334,0.5046936396694234,0.1223102517249844,-0.07234194759903433
0.0,0.0,0.43347235088629543,0.09630594267324842,-0.436926167754897,0.0,0.06666906666906665,0.17338056380526384,0.06609991498724799,0.1283537531017369,0.25,0.1333351333351334,0.0,0.0,-0.0003839861975371743,0.0,0.1333351333351334,0.43347235088629543,0.09630594267324842,-0.0003839861975371743
0.0,0.0,0.4579845492298508,0.07464477595658231,-0.436926167754897,0.2,0.0,0.2509175422652865,0.0714707206080912,-0.09855769230769224,0.25,0.1333351333351334,0.0,0.0,-0.0003839861975371743,0.2,0.1333351333351334,0.4579845492298508,0.07464477595658231,-0.0003839861975371743
0.0,0.40000540000539997,0.34511224173892535,0.07792429159734908,-0.436926167754897,0.2,0.06666906666906665,0.2509175422652865,0.0714707206080912,0.1283537531017369,0.25,0.0,0.0,0.0,-0.0148439595815076,0.2,0.06666906666906665,0.34511224173892535,0.07792429159734908,-0.0148439595815076
0.0,0.0,0.5046936396694234,0.08240379632912438,-0.436926167754897,0.2,0.0,0.2509175422652865,0.0714707206080912,-0.09855769230769224,0.25,0.26666726666726664,0.0,0.0,0.0,0.2,0.26666726666726664,0.5046936396694234,0.08240379632912438,0.0
0.0,0.40000540000539997,0.5046936396694234,0.05543813238061472,-0.436926167754897,0.2,0.1333351333351334,0.2509175422652865,0.0714707206080912,0.2429500103391232,0.0,0.26666726666726664,0.0,0.0,-0.06758157076655216,0.2,0.26666726666726664,0.5046936396694234,0.05543813238061472,0.011772070001209767
0.0,0.19999819999820004,0.5183073193623194,0.07598112744429607,-0.436926167754897,0.2,0.0,0.2509175422652865,0.0714707206080912,-0.09855769230769224,0.25,0.1333351333351334,0.0,0.0,-0.0003839861975371743,0.2,0.1333351333351334,0.5183073193623194,0.07598112744429607,-0.0003839861975371743
0.2,0.0,0.43347235088629543,0.11980800174543871,-0.436926167754897,0.2,0.0,0.2509175422652865,0.0714707206080912,-0.07415089950372217,0.5,0.0,0.0,0.0,-0.0148439595815076,0.2,0.0,0.43347235088629543,0.11980800174543871,-0.0148439595815076
-0.2,0.8000018000018001,0.43347235088629543,0.03312242615976219,-0.019347061778000975,0.0,0.06666906666906665,0.432497686140695,0.10983647547132061,0.16686698717948725,0.25,0.0,0.0,0.0,-0.0148439595815076,0.0,0.06666906666906665,0.43347235088629543,0.03312242615976219,-0.0148439595815076
-0.2,0.8000018000018001,0.5183073193623194,0.07422205252679526,-0.019347061778000975,0.2,-0.06666606666606656,0.2509175422652865,0.0714707206080912,-0.12251861042183626,-0.25,0.33333333333333337,0.0,0.0,-0.06758157076655216,0.2,0.33333333333333337,0.5183073193623194,0.07422205252679526,-0.06758157076655216
0.2,0.0,0.4579845492298508,0.10980581994709145,-0.436926167754897,0.2,0.0,0.2509175422652865,0.0714707206080912,-0.07415089950372217,0.0,0.33333333333333337,0.0,0.0,0.013381655979927467,0.2,0.33333333333333337,0.4579845492298508,0.10980581994709145,0.013381655979927467
0.2,0.0,0.5183073193623194,0.11701257261297632,-0.4415670517327976,0.2,0.0,0.2509175422652865,0.0714707206080912,-0.11029259718775848,0.25,0.26666726666726664,0.0,0.0,0.0,0.2,0.26666726666726664,0.5183073193623194,0.11701257261297632,0.0
-0.2,0.6000036000035999,0.4579845492298508,0.06831074262961247,-0.019347061778000975,0.2,-0.06666606666606656,0.432497686140695,0.11002650397559631,-0.09855769230769224,0.25,0.0,0.0,0.0,-0.0148439595815076,0.2,0.0,0.4579845492298508,0.06831074262961247,-0.0148439595815076
0.0,0.40000540000539997,0.34511224173892535,0.06646303215425318,-0.436926167754897,0.0,0.0,0.432497686140695,0.10983647547132061,0.11495812655086848,0.25,0.1333351333351334,0.0,0.0,-0.0003839861975371743,0.0,0.1333351333351334,0.34511224173892535,0.06646303215425318,-0.0003839861975371743
0.0,0.0,0.4841328539460845,0.128889737366024,-0.4415670517327976,0.2,0.0,0.17338056380526384,0.06609991498724799,-0.09855769230769224,0.0,0.0,0.0,0.0,-0.10373413426892704,0.2,0.0,0.4841328539460845,0.128889737366024,-0.10373413426892704
0.0,0.40000540000539997,0.4699397659202682,0.0835356042217799,-0.436926167754897,0.0,0.06666906666906665,0.2509175422652865,0.0714707206080912,0.11495812655086848,0.25,0.26666726666726664,0.0,0.0,0.0,0.0,0.26666726666726664,0.4699397659202682,0.0835356042217799,0.0
0.0,0.40000540000539997,0.37076110195745166,0.051408623557967784,-0.436926167754897,0.0,0.1333351333351334,0.2509175422652865,0.0714707206080912,0.16686698717948725,0.0,0.1333351333351334,0.0,0.0,-0.07234194759903433,0.0,0.1333351333351334,0.37076110195745166,0.051408623557967784,-0.05016016958513705
0.0,0.8000018000018001,0.4699397659202682,0.0770311178989282,-0.019347061778000975,0.0,0.06666906666906665,0.35097958497435355,0.09598439765964889,0.11495812655086848,0.25,0.26666726666726664,0.0,0.0,0.0,0.0,0.26666726666726664,0.4699397659202682,0.0770311178989282,0.0
0.2,0.0,0.37076110195745166,0.08605149044099596,-0.436926167754897,0.2,0.06666906666906665,0.2509175422652865,0.0714707206080912,0.1283537531017369,0.25,0.1333351333351334,0.0,0.0,-0.0003839861975371743,0.2,0.1333351333351334,0.37076110195745166,0.08605149044099596,-0.0003839861975371743
0.0,0.19999819999820004,0.5046936396694234,0.06377669293915511,-0.436926167754897,0.2,-0.06666606666606656,0.432497686140695,0.11002650397559631,-0.09855769230769224,0.25,0.1333351333351334,0.0,0.0,-0.0003839861975371743,0.2,0.1333351333351334,0.5046936396694234,0.06377669293915511,-0.0003839861975371743
-0.2,0.8000018000018001,0.5183073193623194,0.07170616630757902,-0.019347061778000975,0.0,0.06666906666906665,0.2509175422652865,0.0714707206080912,0.1283537531017369,0.0,0.1333351333351334,0.0,0.0,-0.08210466516929589,0.0,0.1333351333351334,0.5183073193623194,0.07170616630757902,-0.08151027557584785
-0.2,0.8000018000018001,0.5046936396694234,0.07679248370469356,-0.019347061778000975,0.2,0.06666906666906665,0.2509175422652865,0.0714707206080912,0.1283537531017369,0.25,0.26666726666726664,0.0,0.0,0.0,0.2,0.26666726666726664,0.5046936396694234,0.07679248370469356,0.0
0.0,0.8000018000018001,0.5183073193623194,0.10345133226061595,-0.07592164741336008,0.2,0.0,0.17338056380526384,0.06609991498724799,-0.12249276261373036,0.25,0.1333351333351334,0.0,0.0,-0.0003839861975371743,0.2,0.1333351333351334,0.5183073193623194,0.10345133226061595,-0.0003839861975371743
0.0,0.0,0.5046936396694234,0.08585376496577318,-0.4415670517327976,0.2,0.0,0.2509175422652865,0.0714707206080912,-0.09855769230769224,0.25,0.0,0.0,0.0,-0.0148439595815076,0.2,0.0,0.5046936396694234,0.08585376496577318,-0.0148439595815076
0.2,0.0,0.5183073193623194,0.11980800174543871,-0.436926167754897,0.2,0.0,0.35097958497435355,0.09585437815672346,-0.07415089950372217,0.5,0.0,0.0,0.0,-0.0148439595815076,0.2,0.0,0.5183073193623194,0.11980800174543871,-0.0148439595815076
0.0,0.0,0.37076110195745166,0.07464477595658231,-0.4415670517327976,0.2,0.0,0.35097958497435355,0.09585437815672346,-0.09855769230769224,0.25,0.1333351333351334,0.0,0.0,-0.0003839861975371743,0.2,0.1333351333351334,0.37076110195745166,0.07464477595658231,-0.0003839861975371743
-0.2,0.8000018000018001,0.4699397659202682,0.10345133226061595,-0.07592164741336008,0.2,0.0,0.17338056380526384,0.06609991498724799,-0.09855769230769224,0.25,0.1333351333351334,0.0,0.0,-0.0003839861975371743,0.2,0.1333351333351334,0.4699397659202682,0.10345133226061595,-0.0003839861975371743
0.0,0.40000540000539997,0.43347235088629543,0.068072108435378,-0.436926167754897,0.2,-0.13333213333213328,0.432497686140695,0.11002650397559631,-0.12251861042183626,0.25,0.1333351333351334,0.0,0.0,-0.0003839861975371743,0.2,0.1333351333351334,0.43347235088629543,0.068072108435378,-0.0003839861975371743
0.0,0.40000540000539997,0.5183073193623194,0.15153271333896962,-0.436926167754897,0.2,0.06666906666906665,0.17338056380526384,0.06609991498724799,0.1283537531017369,0.25,0.0,0.0,0.0,-0.0148439595815076,0.2,0.06666906666906665,0.5183073193623194,0.15153271333896962,-0.0148439595815076
0.0,0.0,0.5183073193623194,0.08382196525486132,-0.436926167754897,0.2,0.0,0.35097958497435355,0.09585437815672346,-0.09855769230769224,0.0,0.0,0.0,0.0,-0.10373413426892704,0.2,0.0,0.5183073193623194,0.08382196525486132,-0.10373413426892704
0.0,0.40000540000539997,0.5183073193623194,0.0835356042217799,-0.436926167754897,0.0,0.06666906666906665,0.2509175422652865,0.0714707206080912,0.11495812655086848,0.25,0.26666726666726664,0.0,0.0,0.0,0.0,0.26666726666726664,0.5183073193623194,0.0835356042217799,0.0
0.0,0.0,0.5183073193623194,0.07464477595658231,-0.436926167754897,0.2,-0.06666606666606656,0.432497686140695,0.11002650397559631,-0.09855769230769224,0.25,0.1333351333351334,0.0,0.0,-0.0003839861975371743,0.2,0.1333351333351334,0.5183073193623194,0.07464477595658231,-0.0003839861975371743
0.2,0.0,0.5183073193623194,0.15153271333896962,-0.436926167754897,0.2,0.0,0.17338056380526384,0.06609991498724799,-0.07415089950372217,0.0,0.1333351333351334,0.0,0.0,-0.07234194759903433,0.2,0.1333351333351334,0.5183073193623194,0.15153271333896962,-0.07234194759903433
-0.2,0.8000018000018001,0.4699397659202682,0.10345133226061595,-0.07592164741336008,0.2,0.0,0.17338056380526384,0.06609991498724799,-0.09855769230769224,0.0,0.1333351333351334,0.0,0.0,-0.08210466516929589,0.2,0.1333351333351334,0.4699397659202682,0.10345133226061595,-0.08210466516929589
-0.2,0.8000018000018001,0.47382040431306033,0.10771265715766225,-0.07592164741336008,0.2,0.0,0.17338056380526384,0.06609991498724799,-0.09855769230769224,0.25,0.0,0.0,0.0,-0.0148439595815076,0.2,0.0,0.47382040431306033,0.10771265715766225,-0.0148439595815076
0.0,0.40000540000539997,0.4699397659202682,0.07727657021299814,-0.436926167754897,0.0,0.06666906666906665,0.2509175422652865,0.0714707206080912,0.1283537531017369,0.0,0.0,0.0,0.0,-0.10373413426892704,0.0,0.06666906666906665,0.4699397659202682,0.07727657021299814,-0.08151027557584785
0.0,0.8000018000018001,0.5183073193623194,0.10345133226061595,-0.07592164741336008,0.2,0.0,0.17338056380526384,0.06609991498724799,-0.12249276261373036,0.25,0.1333351333351334,0.0,0.0,-0.0003839861975371743,0.2,0.1333351333351334,0.5183073193623194,0.10345133226061595,-0.0003839861975371743
0.0,0.0,0.34511224173892535,0.03312242615976219,-0.436926167754897,0.0,0.06666906666906665,0.432497686140695,0.10983647547132061,0.16686698717948725,0.25,0.0,0.0,0.0,-0.0148439595815076,0.0,0.06666906666906665,0.34511224173892535,0.03312242615976219,-0.0148439595815076
0.0,0.19999819999820004,0.5046936396694234,0.07727657021299814,-0.436926167754897,0.0,0.06666906666906665,0.2509175422652865,0.0714707206080912,0.1283537531017369,0.0,0.26666726666726664,0.0,0.0,-0.06758157076655216,0.0,0.26666726666726664,0.5046936396694234,0.07727657021299814,-0.06758157076655216
0.2,0.40000540000539997,0.34511224173892535,0.10096953664057612,-0.436926167754897,0.2,0.0,0.17338056380526384,0.06609991498724799,-0.12249276261373036,0.25,0.26666726666726664,0.0,0.0,0.0,0.2,0.26666726666726664,0.34511224173892535,0.10096953664057612,0.0
0.2,0.0,0.4699397659202682,0.08347424114326236,-0.436926167754897,0.2,-0.13333213333213328,0.432497686140695,0.11002650397559631,-0.12251861042183626,0.25,0.26666726666726664,0.0,0.0,0.0,0.2,0.26666726666726664,0.4699397659202682,0.08347424114326236,0.0
0.2,0.0,0.34511224173892535,0.07679248370469356,-0.436926167754897,0.2,0.06666906666906665,0.35097958497435355,0.09373406010901626,0.16686698717948725,0.25,0.0,0.0,0.0,-0.0148439595815076,0.2,0.06666906666906665,0.34511224173892535,0.07679248370469356,-0.0148439595815076
-0.2,0.8000018000018001,0.37076110195745166,0.07679248370469356,-0.019347061778000975,0.2,0.0,0.432497686140695,0.10983647547132061,0.1283537531017369,0.0,0.1333351333351334,0.0,0.0,-0.07234194759903433,0.2,0.1333351333351334,0.37076110195745166,0.07679248370469356,-0.07234194759903433
0.0,0.8000018000018001,0.34511224173892535,0.06646303215425318,-0.019347061778000975,0.0,0.06666906666906665,0.35097958497435355,0.09373406010901626,0.15727745037220844,0.25,0.26666726666726664,0.0,0.0,0.0,0.0,0.26666726666726664,0.34511224173892535,0.06646303215425318,0.0
0.0,0.0,0.4579845492298508,0.07464477595658231,-0.436926167754897,0.2,0.0,0.35097958497435355,0.09585437815672346,-0.09855769230769224,0.25,0.26666726666726664,0.0,0.0,0.0,0.2,0.26666726666726664,0.4579845492298508,0.07464477595658231,0.0
0.2,0.0,0.43347235088629543,0.09613548967736658,-0.436926167754897,0.0,0.0,0.432497686140695,0.10983647547132061,0.11495812655086848,0.5,0.0,0.0,0.0,-0.0148439595815076,0.2,0.0,0.43347235088629543,0.09613548967736658,-0.0148439595815076
0.0,0.0,0.5183073193623194,0.07464477595658231,-0.436926167754897,0.2,0.0,0.2509175422652865,0.0714707206080912,-0.09855769230769224,0.25,0.1333351333351334,0.0,0.0,-0.0003839861975371743,0.2,0.1333351333351334,0.5183073193623194,0.07464477595658231,-0.0003839861975371743
0.0,0.0,0.34511224173892535,0.07727657021299814,-0.436926167754897,0.0,0.1333351333351334,0.2509175422652865,0.0714707206080912,0.16686698717948725,0.25,0.0,0.0,0.0,-0.0148439595815076,0.0,0.1333351333351334,0.34511224173892535,0.07727657021299814,-0.0148439595815076
0.2,0.0,0.4699397659202682,0.11721711620803457,-0.436926167754897,0.2,0.0,0.2509175422652865,0.0714707206080912,-0.11029259718775848,0.0,0.0,0.0,0.0,-0.10451788691869486,0.2,0.0,0.4699397659202682,0.11721711620803457,-0.10451788691869486
-0.2,0.6000036000035999,0.4579845492298508,0.06856301306351767,-0.019347061778000975,0.2,-0.06666606666606656,0.35097958497435355,0.09585437815672346,-0.12251861042183626,0.25,0.0,0.0,0.0,-0.0148439595815076,0.2,0.0,0.4579845492298508,0.06856301306351767,-0.0148439595815076
-0.2,0.8000018000018001,0.4579845492298508,0.10096953664057612,-0.07592164741336008,0.2,0.0,0.17338056380526384,0.06609991498724799,-0.09855769230769224,0.25,0.1333351333351334,0.0,0.0,-0.0003839861975371743,0.2,0.1333351333351334,0.4579845492298508,0.10096953664057612,-0.0003839861975371743
0.0,0.40000540000539997,0.45317202049377514,0.12997381841983252,-0.436926167754897,0.0,0.06666906666906665,0.17338056380526384,0.06609991498724799,0.11495812655086848,0.0,0.1333351333351334,0.0,0.0,-0.08210466516929589,0.0,0.1333351333351334,0.45317202049377514,0.12997381841983252,-0.08210466516929589
0.0,0.8000018000018001,0.4699397659202682,0.08585376496577318,-0.019347061778000975,0.2,-0.06666606666606656,0.432497686140695,0.11002650397559631,-0.07415089950372217,0.5,0.0,0.0,0.0,-0.0148439595815076,0.2,0.0,0.4699397659202682,0.08585376496577318,-0.0148439595815076
-0.2,0.8000018000018001,0.37076110195745166,0.07170616630757902,-0.019347061778000975,0.0,0.06666906666906665,0.35097958497435355,0.09598439765964889,0.1283537531017369,0.0,0.26666726666726664,0.0,0.0,-0.08238870975377548,0.0,0.26666726666726664,0.37076110195745166,0.07170616630757902,-0.08151027557584785
0.0,0.19999819999820004,0.5046936396694234,0.03312242615976219,-0.436926167754897,0.0,0.0,0.432497686140695,0.10983647547132061,0.1283537531017369,0.25,0.1333351333351334,0.0,0.0,-0.0003839861975371743,0.0,0.1333351333351334,0.5046936396694234,0.03312242615976219,-0.0003839861975371743
0.2,0.40000540000539997,0.43347235088629543,0.1216898028199744,-0.436926167754897,0.2,0.0,0.17338056380526384,0.06609991498724799,-0.12249276261373036,0.25,0.1333351333351334,0.0,0.0,-0.0003839861975371743,0.2,0.1333351333351334,0.43347235088629543,0.1216898028199744,-0.0003839861975371743
0.0,0.8000018000018001,0.4699397659202682,0.10825128862464889,-0.019347061778000975,0.2,0.0,0.2509175422652865,0.0714707206080912,-0.07415089950372217,0.25,0.1333351333351334,0.0,0.0,-0.0003839861975371743,0.2,0.1333351333351334,0.4699397659202682,0.10825128862464889,-0.0003839861975371743
0.0,0.19999819999820004,0.5183073193623194,0.08585376496577318,-0.436926167754897,0.0,0.06666906666906665,0.17338056380526384,0.06609991498724799,0.1283537531017369,0.25,0.0,0.0,0.0,-0.0148439595815076,0.0,0.06666906666906665,0.5183073193623194,0.08585376496577318,-0.0148439595815076
0.0,0.40000540000539997,0.34511224173892535,0.07679248370469356,-0.436926167754897,0.2,0.0,0.2509175422652865,0.0714707206080912,-0.09855769230769224,0.25,0.26666726666726664,0.0,0.0,0.0,0.2,0.26666726666726664,0.34511224173892535,0.07679248370469356,0.0
0.0,0.8000018000018001,0.5183073193623194,0.08585376496577318,-0.019347061778000975,0.0,0.06666906666906665,0.2509175422652865,0.0714707206080912,0.11495812655086848,0.25,0.1333351333351334,0.0,0.0,-0.0003839861975371743,0.0,0.1333351333351334,0.5183073193623194,0.08585376496577318,-0.0003839861975371743
0.0,0.0,0.34511224173892535,0.07727657021299814,-0.436926167754897,0.0,0.06666906666906665,0.2509175422652865,0.0714707206080912,0.1283537531017369,0.25,0.1333351333351334,0.0,0.0,-0.0003839861975371743,0.0,0.1333351333351334,0.34511224173892535,0.07727657021299814,-0.0003839861975371743
-0.2,0.8000018000018001,0.5183073193623194,0.08585376496577318,-0.07592164741336008,0.0,0.06666906666906665,0.17338056380526384,0.06609991498724799,0.1283537531017369,0.0,0.26666726666726664,0.0,0.0,-0.08317772248844094,0.0,0.26666726666726664,0.5183073193623194,0.08585376496577318,-0.08151027557584785
0.0,0.40000540000539997,0.5046936396694234,0.1216898028199744,-0.436926167754897,0.2,0.06666906666906665,0.17338056380526384,0.06609991498724799,0.1283537531017369,0.25,0.1333351333351334,0.0,0.0,-0.0003839861975371743,0.2,0.1333351333351334,0.5046936396694234,0.1216898028199744,-0.0003839861975371743
0.2,0.0,0.34511224173892535,0.09025827037936018,-0.436926167754897,0.2,0.0,0.2509175422652865,0.0714707206080912,-0.12251861042183626,0.25,0.1333351333351334,0.0,0.0,-0.0003839861975371743,0.2,0.1333351333351334,0.34511224173892535,0.09025827037936018,-0.0003839861975371743
-0.2,0.8000018000018001,0.4699397659202682,0.09025827037936018,-0.07592164741336008,0.2,0.0,0.17338056380526384,0.06609991498724799,-0.12251861042183626,0.25,0.26666726666726664,0.0,0.0,0.0,0.2,0.26666726666726664,0.4699397659202682,0.09025827037936018,0.0
0.2,0.0,0.5183073193623194,0.10290588267379384,-0.4415670517327976,0.2,-0.13333213333213328,0.432497686140695,0.11002650397559631,-0.11029259718775848,0.25,0.1333351333351334,0.0,0.0,-0.0003839861975371743,0.2,0.1333351333351334,0.5183073193623194,0.10290588267379384,-0.0003839861975371743
0.0,0.8000018000018001,0.5183073193623194,0.08585376496577318,-0.019347061778000975,0.2,0.0,0.2509175422652865,0.0714707206080912,-0.12249276261373036,0.25,0.26666726666726664,0.0,0.0,0.0,0.2,0.26666726666726664,0.5183073193623194,0.08585376496577318,0.0
0.2,0.0,0.5183073193623194,0.07928109744456868,-0.4415670517327976,0.2,-0.06666606666606656,0.432497686140695,0.11002650397559631,-0.09855769230769224,0.25,0.26666726666726664,0.0,0.0,0.0,0.2,0.26666726666726664,0.5183073193623194,0.07928109744456868,0.0
0.2,0.0,0.4579845492298508,0.07679248370469356,-0.436926167754897,0.2,-0.06666606666606656,0.432497686140695,0.11002650397559631,-0.09855769230769224,0.25,0.0,0.0,0.0,-0.0148439595815076,0.2,0.0,0.4579845492298508,0.07679248370469356,-0.0148439595815076
0.0,0.19999819999820004,0.5183073193623194,0.1223102517249844,-0.436926167754897,0.2,0.0,0.17338056380526384,0.06609991498724799,-0.09855769230769224,0.25,0.1333351333351334,0.0,0.0,-0.0003839861975371743,0.2,0.1333351333351334,0.5183073193623194,0.1223102517249844,-0.0003839861975371743
0.0,0.40000540000539997,0.37076110195745166,0.06377669293915511,-0.436926167754897,0.2,-0.06666606666606656,0.432497686140695,0.11002650397559631,-0.09855769230769224,0.25,0.0,0.0,0.0,-0.0148439595815076,0.2,0.0,0.37076110195745166,0.06377669293915511,-0.0148439595815076
0.0,0.40000540000539997,0.34511224173892535,0.07727657021299814,-0.436926167754897,0.0,0.06666906666906665,0.2509175422652865,0.0714707206080912,0.1283537531017369,0.25,0.26666726666726664,0.0,0.0,0.0,0.0,0.26666726666726664,0.34511224173892535,0.07727657021299814,0.0
0.0,0.40000540000539997,0.34511224173892535,0.07035617858019469,-0.436926167754897,0.2,0.0,0.432497686140695,0.10940641096164415,-0.07415089950372217,0.25,0.26666726666726664,0.0,0.0,0.0,0.2,0.26666726666726664,0.34511224173892535,0.07035617858019469,0.0
0.0,0.40000540000539997,0.4699397659202682,0.08585376496577318,-0.436926167754897,0.0,0.1333351333351334,0.17338056380526384,0.06609991498724799,0.16686698717948725,0.25,0.1333351333351334,0.0,0.0,-0.0003839861975371743,0.0,0.1333351333351334,0.4699397659202682,0.08585376496577318,-0.0003839861975371743
0.0,0.40000540000539997,0.37076110195745166,0.07464477595658231,-0.436926167754897,0.2,0.0,0.2509175422652865,0.0714707206080912,-0.09855769230769224,0.25,0.26666726666726664,0.0,0.0,0.0,0.2,0.26666726666726664,0.37076110195745166,0.07464477595658231,0.0
0.2,0.0,0.37076110195745166,0.12914200779992918,-0.436926167754897,0.0,0.1333351333351334,0.17338056380526384,0.06609991498724799,0.3467224979321754,-0.25,0.33333333333333337,0.0,0.0,-0.08317772248844094,0.2,0.33333333333333337,0.37076110195745166,0.12914200779992918,0.09624377337450231
0.0,0.6000036000035999,0.5183073193623194,0.11980800174543871,-0.019347061778000975,0.2,0.0,0.35097958497435355,0.09585437815672346,-0.07415089950372217,0.5,0.0,0.0,0.0,-0.0148439595815076,0.2,0.0,0.5183073193623194,0.11980800174543871,-0.0148439595815076
0.2,0.0,0.5046936396694234,0.06646303215425318,-0.436926167754897,0.0,0.06666906666906665,0.432497686140695,0.10983647547132061,0.15727745037220844,0.25,0.26666726666726664,0.0,0.0,0.0,0.2,0.26666726666726664,0.5046936396694234,0.06646303215425318,0.0
0.0,0.8000018000018001,0.37076110195745166,0.0770311178989282,-0.019347061778000975,0.0,0.06666906666906665,0.35097958497435355,0.09598439765964889,0.11495812655086848,0.0,0.26666726666726664,0.0,0.0,-0.08238870975377548,0.0,0.26666726666726664,0.37076110195745166,0.0770311178989282,-0.08238870975377548
0.0,0.40000540000539997,0.43347235088629543,0.09613548967736658,-0.436926167754897,0.2,0.0,0.2509175422652865,0.0714707206080912,-0.07415089950372217,0.25,0.26666726666726664,0.0,0.0,0.0,0.2,0.26666726666726664,0.43347235088629543,0.09613548967736658,0.0
0.2,0.0,0.5183073193623194,0.09042872337524202,-0.436926167754897,0.2,-0.13333213333213328,0.432497686140695,0.11002650397559631,-0.12249276261373036,0.25,0.0,0.0,0.0,-0.0148439595815076,0.2,0.0,0.5183073193623194,0.09042872337524202,-0.0148439595815076
0.2,0.0,0.37076110195745166,0.10980581994709145,-0.436926167754897,0.0,0.06666906666906665,0.2509175422652865,0.0714707206080912,0.11495812655086848,0.25,0.0,0.0,0.0,-0.10373413426892704,0.2,0.06666906666906665,0.37076110195745166,0.10980581994709145,-0.09241443156892552
0.0,0.6000036000035999,0.5687334043133573,0.08585376496577318,-0.019347061778000975,0.0,0.06666906666906665,0.2509175422652865,0.0714707206080912,0.11495812655086848,0.25,0.1333351333351334,0.0,0.0,-0.0003839861975371743,0.0,0.1333351333351334,0.5687334043133573,0.08585376496577318,-0.0003839861975371743
0.0,0.8000018000018001,0.4699397659202682,0.08585376496577318,-0.019347061778000975,0.0,0.06666906666906665,0.2509175422652865,0.0714707206080912,0.11495812655086848,0.0,0.1333351333351334,0.0,0.0,-0.08210466516929589,0.0,0.1333351333351334,0.4699397659202682,0.08585376496577318,-0.08210466516929589
-0.2,0.8000018000018001,0.34511224173892535,0.07679248370469356,-0.019347061778000975,0.2,0.06666906666906665,0.35097958497435355,0.09585437815672346,0.1283537531017369,0.25,0.1333351333351334,0.0,0.0,-0.0003839861975371743,0.2,0.1333351333351334,0.34511224173892535,0.07679248370469356,-0.0003839861975371743
0.0,0.19999819999820004,0.5183073193623194,0.08585376496577318,-0.436926167754897,0.2,-0.06666606666606656,0.35097958497435355,0.09585437815672346,-0.12251861042183626,0.0,0.26666726666726664,0.0,0.0,-0.08317772248844094,0.2,0.26666726666726664,0.5183073193623194,0.08585376496577318,-0.08317772248844094
0.0,0.0,0.43347235088629543,0.09630594267324842,-0.436926167754897,0.2,0.0,0.17338056380526384,0.06609991498724799,-0.09855769230769224,0.25,0.26666726666726664,0.0,0.0,0.0,0.2,0.26666726666726664,0.43347235088629543,0.09630594267324842,0.0
0.2,0.0,0.4699397659202682,0.1216898028199744,-0.436926167754897,0.2,0.0,0.17338056380526384,0.06609991498724799,-0.09855769230769224,0.25,0.1333351333351334,0.0,0.0,-0.0003839861975371743,0.2,0.1333351333351334,0.4699397659202682,0.1216898028199744,-0.0003839861975371743
-0.2,0.8000018000018001,0.4579845492298508,0.07170616630757902,-0.019347061778000975,0.2,0.0,0.2509175422652865,0.0714707206080912,-0.09855769230769224,0.25,0.26666726666726664,0.0,0.0,0.0,0.2,0.26666726666726664,0.4579845492298508,0.07170616630757902,0.0
0.2,0.0,0.37076110195745166,0.08585376496577318,-0.4415670517327976,0.2,-0.13333213333213328,0.432497686140695,0.11002650397559631,-0.12249276261373036,0.25,0.0,0.0,0.0,-0.0148439595815076,0.2,0.0,0.37076110195745166,0.08585376496577318,-0.0148439595815076
-0.2,0.8000018000018001,0.43347235088629543,0.07918564376687494,-0.019347061778000975,0.2,0.06666906666906665,0.35097958497435355,0.09585437815672346,0.1283537531017369,0.25,0.1333351333351334,0.0,0.0,-0.0003839861975371743,0.2,0.1333351333351334,0.43347235088629543,0.07918564376687494,-0.0003839861975371743
-0.2,0.8000018000018001,0.34511224173892535,0.07464477595658231,-0.019347061778000975,0.2,0.0,0.2509175422652865,0.0714707206080912,-0.09855769230769224,0.25,0.1333351333351334,0.0,0.0,-0.0003839861975371743,0.2,0.1333351333351334,0.34511224173892535,0.07464477595658231,-0.0003839861975371743
0.0,0.19999819999820004,0.5183073193623194,0.1223102517249844,-0.436926167754897,0.2,0.0,0.17338056380526384,0.06609991498724799,-0.09855769230769224,0.0,0.1333351333351334,0.0,0.0,-0.07234194759903433,0.2,0.1333351333351334,0.5183073193623194,0.1223102517249844,-0.07234194759903433
0.2,0.0,0.4579845492298508,0.12997381841983252,-0.436926167754897,0.2,0.0,0.17338056380526384,0.06609991498724799,-0.07415089950372217,0.25,0.1333351333351334,0.0,0.0,-0.0003839861975371743,0.2,0.1333351333351334,0.4579845492298508,0.12997381841983252,-0.0003839861975371743
0.0,0.40000540000539997,0.49638118825546734,0.07679248370469356,-0.436926167754897,0.2,0.06666906666906665,0.2509175422652865,0.0714707206080912,0.1283537531017369,0.25,0.26666726666726664,0.0,0.0,0.0,0.2,0.26666726666726664,0.49638118825546734,0.07679248370469356,0.0
-0.2,0.8000018000018001,0.43347235088629543,0.10080590176452955,-0.07592164741336008,0.2,0.06666906666906665,0.17338056380526384,0.06609991498724799,0.1283537531017369,0.25,0.1333351333351334,0.0,0.0,-0.0003839861975371743,0.2,0.1333351333351334,0.43347235088629543,0.10080590176452955,-0.0003839861975371743
0.0,0.0,0.34511224173892535,0.07464477595658231,-0.436926167754897,0.2,0.0,0.2509175422652865,0.0714707206080912,-0.09855769230769224,0.25,0.1333351333351334,0.0,0.0,-0.0003839861975371743,0.2,0.1333351333351334,0.34511224173892535,0.07464477595658231,-0.0003839861975371743
0.0,0.40000540000539997,0.4699397659202682,0.1216898028199744,-0.436926167754897,0.2,0.0,0.17338056380526384,0.06609991498724799,-0.09855769230769224,0.25,0.1333351333351334,0.0,0.0,-0.0003839861975371743,0.2,0.1333351333351334,0.4699397659202682,0.1216898028199744,-0.0003839861975371743
0.2,0.0,0.43347235088629543,0.08579922000709093,-0.436926167754897,0.2,-0.13333213333213328,0.432497686140695,0.11002650397559631,-0.12251861042183626,0.25,0.0,0.0,0.0,-0.0148439595815076,0.2,0.0,0.43347235088629543,0.08579922000709093,-0.0148439595815076
0.2,0.0,0.4579845492298508,0.08529467913928052,-0.4415670517327976,0.2,0.06666906666906665,0.2509175422652865,0.0714707206080912,0.1283537531017369,0.25,0.26666726666726664,0.0,0.0,0.0,0.2,0.26666726666726664,0.4579845492298508,0.08529467913928052,0.0
0.0,0.19999819999820004,0.4579845492298508,0.07035617858019469,-0.436926167754897,0.2,-0.06666606666606656,0.432497686140695,0.11002650397559631,-0.07415089950372217,0.25,0.26666726666726664,0.0,0.0,0.0,0.2,0.26666726666726664,0.4579845492298508,0.07035617858019469,0.0
0.0,0.0,0.43347235088629543,0.12636703302697244,-0.436926167754897,0.2,0.0,0.17338056380526384,0.06609991498724799,-0.09855769230769224,0.25,0.0,0.0,0.0,-0.0148439595815076,0.2,0.0,0.43347235088629543,0.12636703302697244,-0.0148439595815076
0.0,0.8000018000018001,0.43347235088629543,0.10269452095890051,-0.019347061778000975,0.2,0.0,0.2509175422652865,0.0714707206080912,-0.11029259718775848,0.25,0.1333351333351334,0.0,0.0,-0.0003839861975371743,0.2,0.1333351333351334,0.43347235088629543,0.10269452095890051,-0.0003839861975371743
-0.2,0.8000018000018001,0.4699397659202682,0.06816756211307175,-0.019347061778000975,0.2,-0.06666606666606656,0.432497686140695,0.11002650397559631,-0.09855769230769224,0.0,0.26666726666726664,0.0,0.0,-0.08317772248844094,0.2,0.26666726666726664,0.4699397659202682,0.06816756211307175,-0.08317772248844094
0.2,0.40000540000539997,0.4699397659202682,0.11721711620803457,-0.436926167754897,0.2,-0.06666606666606656,0.35097958497435355,0.09585437815672346,-0.11029259718775848,0.0,0.1333351333351334,0.0,0.0,-0.07234194759903433,0.2,0.1333351333351334,0.4699397659202682,0.11721711620803457,-0.07234194759903433
0.0,0.0,0.5183073193623194,0.07514249870455726,-0.4415670517327976,0.0,0.06666906666906665,0.35097958497435355,0.09585437815672346,0.1283537531017369,0.25,0.1333351333351334,0.0,0.0,-0.0003839861975371743,0.0,0.1333351333351334,0.5183073193623194,0.07514249870455726,-0.0003839861975371743
0.2,0.40000540000539997,0.5046936396694234,0.10096953664057612,-0.436926167754897,0.2,0.0,0.17338056380526384,0.06609991498724799,-0.12249276261373036,0.25,0.26666726666726664,0.0,0.0,0.0,0.2,0.26666726666726664,0.5046936396694234,0.10096953664057612,0.0
0.2,0.0,0.5183073193623194,0.09042872337524202,-0.436926167754897,0.2,0.0,0.2509175422652865,0.0714707206080912,-0.09855769230769224,0.25,0.0,0.0,0.0,-0.0148439595815076,0.2,0.0,0.5183073193623194,0.09042872337524202,-0.0148439595815076
0.2,0.0,0.4579845492298508,0.12038754193143704,-0.436926167754897,0.2,0.0,0.17338056380526384,0.06609991498724799,-0.09855769230769224,0.25,0.26666726666726664,0.0,0.0,0.0,0.2,0.26666726666726664,0.4579845492298508,0.12038754193143704,0.0
-0.2,0.8000018000018001,0.43347235088629543,0.07170616630757902,-0.019347061778000975,0.0,0.06666906666906665,0.2509175422652865,0.0714707206080912,0.1283537531017369,0.25,0.26666726666726664,0.0,0.0,0.0,0.0,0.26666726666726664,0.43347235088629543,0.07170616630757902,0.0
-0.2,0.8000018000018001,0.4699397659202682,0.08585376496577318,-0.07592164741336008,0.0,0.06666906666906665,0.17338056380526384,0.06609991498724799,0.1283537531017369,0.0,0.26666726666726664,0.0,0.0,-0.08317772248844094,0.0,0.26666726666726664,0.4699397659202682,0.08585376496577318,-0.08151027557584785
0.0,0.19999819999820004,0.5183073193623194,0.07598112744429607,-0.436926167754897,0.2,0.0,0.2509175422652865,0.0714707206080912,-0.09855769230769224,0.25,0.1333351333351334,0.0,0.0,-0.0003839861975371743,0.2,0.1333351333351334,0.5183073193623194,0.07598112744429607,-0.0003839861975371743
0.2,0.0,0.43347235088629543,0.10290588267379384,-0.4415670517327976,0.2,-0.06666606666606656,0.432497686140695,0.11002650397559631,-0.07415089950372217,0.5,0.0,0.0,0.0,-0.0148439595815076,0.2,0.0,0.43347235088629543,0.10290588267379384,-0.0148439595815076
0.2,0.0,0.4699397659202682,0.11810347178662016,-0.436926167754897,0.2,-0.06666606666606656,0.432497686140695,0.11002650397559631,-0.07415089950372217,0.25,0.0,0.0,0.0,-0.10373413426892704,0.2,0.0,0.4699397659202682,0.11810347178662016,-0.10373413426892704
0.0,0.19999819999820004,0.5046936396694234,0.09613548967736658,-0.436926167754897,0.2,0.0,0.35097958497435355,0.09585437815672346,-0.07415089950372217,0.0,0.26666726666726664,0.0,0.0,-0.08317772248844094,0.2,0.26666726666726664,0.5046936396694234,0.09613548967736658,-0.08317772248844094
0.0,0.8000018000018001,0.5183073193623194,0.08585376496577318,-0.019347061778000975,0.2,0.0,0.2509175422652865,0.0714707206080912,-0.12249276261373036,0.25,0.26666726666726664,0.0,0.0,0.0,0.2,0.26666726666726664,0.5183073193623194,0.08585376496577318,0.0
0.0,0.0,0.37076110195745166,0.08585376496577318,-0.4415670517327976,0.0,0.1333351333351334,0.17338056380526384,0.06609991498724799,0.16686698717948725,0.0,0.0,0.0,0.0,-0.10451788691869486,0.0,0.1333351333351334,0.37076110195745166,0.08585376496577318,-0.05016016958513705
0.2,0.0,0.37076110195745166,0.08425150680448365,-0.436926167754897,0.0,0.06666906666906665,0.35097958497435355,0.09598439765964889,0.11495812655086848,0.25,0.26666726666726664,0.0,0.0,0.0,0.2,0.26666726666726664,0.37076110195745166,0.08425150680448365,0.0
0.0,0.40000540000539997,0.5183073193623194,0.09613548967736658,-0.436926167754897,0.0,0.06666906666906665,0.2509175422652865,0.0714707206080912,0.11495812655086848,0.5,0.0,0.0,0.0,-0.0148439595815076,0.2,0.06666906666906665,0.5183073193623194,0.09613548967736658,-0.0148439595815076
0.0,0.40000540000539997,0.43347235088629543,0.07727657021299814,-0.436926167754897,0.0,0.06666906666906665,0.35097958497435355,0.09598439765964889,0.1283537531017369,0.25,0.26666726666726664,0.0,0.0,0.0,0.0,0.26666726666726664,0.43347235088629543,0.07727657021299814,0.0
0.0,0.19999819999820004,0.4579845492298508,0.03312242615976219,-0.436926167754897,0.0,0.06666906666906665,0.432497686140695,0.10983647547132061,0.16686698717948725,0.25,0.1333351333351334,0.0,0.0,-0.0003839861975371743,0.0,0.1333351333351334,0.4579845492298508,0.03312242615976219,-0.0003839861975371743
0.2,0.0,0.5183073193623194,0.09196280033817875,-0.436926167754897,0.2,0.0,0.2509175422652865,0.0714707206080912,-0.12249276261373036,0.25,0.26666726666726664,0.0,0.0,0.0,0.2,0.26666726666726664,0.5183073193623194,0.09196280033817875,0.0
0.2,0.0,0.4699397659202682,0.08987645566858483,-0.436926167754897,0.2,0.06666906666906665,0.35097958497435355,0.09585437815672346,0.1283537531017369,0.0,0.1333351333351334,0.0,0.0,-0.126378799753828,0.2,0.1333351333351334,0.4699397659202682,0.08987645566858483,-0.08151027557584785
0.0,0.40000540000539997,0.43347235088629543,0.1216898028199744,-0.436926167754897,0.2,0.06666906666906665,0.17338056380526384,0.06609991498724799,0.1283537531017369,0.25,0.1333351333351334,0.0,0.0,-0.0003839861975371743,0.2,0.1333351333351334,0.43347235088629543,0.1216898028199744,-0.0003839861975371743
0.0,0.19999819999820004,0.5183073193623194,0.12788065563040332,-0.436926167754897,0.0,0.06666906666906665,0.17338056380526384,0.06609991498724799,0.1283537531017369,0.25,0.0,0.0,0.0,-0.0148439595815076,0.0,0.06666906666906665,0.5183073193623194,0.12788065563040332,-0.0148439595815076
0.0,0.19999819999820004,0.5183073193623194,0.12788065563040332,-0.436926167754897,0.0,0.06666906666906665,0.17338056380526384,0.06609991498724799,0.1283537531017369,0.0,0.0,0.0,0.0,-0.09686446339243923,0.0,0.06666906666906665,0.5183073193623194,0.12788065563040332,-0.08151027557584785
0.0,0.40000540000539997,0.4579845492298508,0.08585376496577318,-0.436926167754897,0.2,0.0,0.2509175422652865,0.0714707206080912,-0.09855769230769224,0.25,0.0,0.0,0.0,-0.0148439595815076,0.2,0.0,0.4579845492298508,0.08585376496577318,-0.0148439595815076
0.2,0.0,0.4579845492298508,0.12636703302697244,-0.436926167754897,0.2,0.0,0.17338056380526384,0.06609991498724799,-0.09855769230769224,0.25,0.0,0.0,0.0,-0.0148439595815076,0.2,0.0,0.4579845492298508,0.12636703302697244,-0.0148439595815076
0.0,0.40000540000539997,0.47768420696445224,0.09613548967736658,-0.436926167754897,0.0,0.06666906666906665,0.2509175422652865,0.0714707206080912,0.11495812655086848,0.25,0.1333351333351334,0.0,0.0,-0.0003839861975371743,0.0,0.1333351333351334,0.47768420696445224,0.09613548967736658,-0.0003839861975371743
0.0,0.19999819999820004,0.5183073193623194,0.0770311178989282,-0.436926167754897,0.0,0.06666906666906665,0.35097958497435355,0.09598439765964889,0.11495812655086848,-0.25,0.33333333333333337,0.0,0.0,-0.08238870975377548,0.0,0.33333333333333337,0.5183073193623194,0.0770311178989282,-0.08238870975377548
0.2,0.0,0.43347235088629543,0.11842392341887799,-0.4415670517327976,0.2,0.0,0.17338056380526384,0.06609991498724799,-0.12249276261373036,0.25,0.26666726666726664,0.0,0.0,0.0,0.2,0.26666726666726664,0.43347235088629543,0.11842392341887799,0.0
-0.2,0.8000018000018001,0.37076110195745166,0.06379032917882567,-0.019347061778000975,0.0,0.1333351333351334,0.2509175422652865,0.0714707206080912,0.16686698717948725,0.0,0.0,0.0,0.0,-0.10451788691869486,0.0,0.1333351333351334,0.37076110195745166,0.06379032917882567,-0.05016016958513705
0.2,0.0,0.37076110195745166,0.07679248370469356,-0.436926167754897,0.2,-0.06666606666606656,0.432497686140695,0.11002650397559631,-0.09855769230769224,0.25,0.1333351333351334,0.0,0.0,-0.0003839861975371743,0.2,0.1333351333351334,0.37076110195745166,0.07679248370469356,-0.0003839861975371743
-0.2,0.6000036000035999,0.5183073193623194,0.06791529167916655,-0.019347061778000975,0.2,-0.13333213333213328,0.432497686140695,0.11002650397559631,-0.12251861042183626,0.0,0.26666726666726664,0.0,0.0,-0.08238870975377548,0.2,0.26666726666726664,0.5183073193623194,0.06791529167916655,-0.08238870975377548
0.2,0.0,0.5183073193623194,0.09042872337524202,-0.436926167754897,0.2,-0.13333213333213328,0.432497686140695,0.11002650397559631,-0.12249276261373036,0.25,0.0,0.0,0.0,-0.0148439595815076,0.2,0.0,0.5183073193623194,0.09042872337524202,-0.0148439595815076
0.2,0.40000540000539997,0.5046936396694234,0.09196280033817875,-0.436926167754897,0.2,0.0,0.2509175422652865,0.0714707206080912,-0.12249276261373036,0.0,0.1333351333351334,0.0,0.0,-0.07234194759903433,0.2,0.1333351333351334,0.5046936396694234,0.09196280033817875,-0.07234194759903433
0.0,0.40000540000539997,0.43347235088629543,0.07727657021299814,-0.436926167754897,0.0,0.06666906666906665,0.2509175422652865,0.0714707206080912,0.1283537531017369,0.25,0.1333351333351334,0.0,0.0,-0.0003839861975371743,0.0,0.1333351333351334,0.43347235088629543,0.07727657021299814,-0.0003839861975371743
0.0,0.0,0.34511224173892535,0.09630594267324842,-0.436926167754897,0.0,0.06666906666906665,0.17338056380526384,0.06609991498724799,0.1283537531017369,0.25,0.26666726666726664,0.0,0.0,0.0,0.0,0.26666726666726664,0.34511224173892535,0.09630594267324842,0.0
0.2,0.0,0.5183073193623194,0.08585376496577318,-0.436926167754897,0.0,0.0,0.432497686140695,0.10983647547132061,0.11495812655086848,0.0,0.26666726666726664,0.0,0.0,-0.08317772248844094,0.2,0.26666726666726664,0.5183073193623194,0.08585376496577318,-0.08317772248844094
0.2,0.40000540000539997,0.37076110195745166,0.12821474350233192,-0.436926167754897,0.2,0.0,0.17338056380526384,0.06609991498724799,-0.12249276261373036,0.0,0.0,0.0,0.0,-0.10387615656116697,0.2,0.0,0.37076110195745166,0.12821474350233192,-0.10387615656116697
0.0,0.40000540000539997,0.43347235088629543,0.03312242615976219,-0.436926167754897,0.0,0.06666906666906665,0.432497686140695,0.10940641096164415,0.1283537531017369,0.25,0.0,0.0,0.0,-0.0148439595815076,0.0,0.06666906666906665,0.43347235088629543,0.03312242615976219,-0.0148439595815076
0.2,0.0,0.43347235088629543,0.11701257261297632,-0.436926167754897,0.2,0.0,0.2509175422652865,0.0714707206080912,-0.11029259718775848,0.25,0.26666726666726664,0.0,0.0,0.0,0.2,0.26666726666726664,0.43347235088629543,0.11701257261297632,0.0
0.0,0.0,0.4579845492298508,0.09630594267324842,-0.436926167754897,0.0,0.06666906666906665,0.17338056380526384,0.06609991498724799,0.1283537531017369,0.25,0.26666726666726664,0.0,0.0,0.0,0.0,0.26666726666726664,0.4579845492298508,0.09630594267324842,0.0
0.0,0.40000540000539997,0.5183073193623194,0.0835356042217799,-0.436926167754897,0.0,0.1333351333351334,0.2509175422652865,0.0714707206080912,0.3472265301902399,0.25,0.1333351333351334,0.0,0.0,-0.0003839861975371743,0.0,0.1333351333351334,0.5183073193623194,0.0835356042217799,0.09665405999652836
0.0,0.40000540000539997,0.5183073193623194,0.08585376496577318,-0.436926167754897,0.2,0.0,0.2509175422652865,0.0714707206080912,-0.09855769230769224,0.0,0.0,0.0,0.0,-0.10451788691869486,0.2,0.0,0.5183073193623194,0.08585376496577318,-0.10451788691869486
-0.2,0.6000036000035999,0.5046936396694234,0.06976982027436128,-0.019347061778000975,0.2,0.0,0.432497686140695,0.10983647547132061,0.1283537531017369,0.0,0.26666726666726664,0.0,0.0,-0.06758157076655216,0.2,0.26666726666726664,0.5046936396694234,0.06976982027436128,-0.06758157076655216
0.0,0.40000540000539997,0.4699397659202682,0.11980800174543871,-0.436926167754897,0.2,0.0,0.35097958497435355,0.09585437815672346,-0.07415089950372217,0.25,0.1333351333351334,0.0,0.0,-0.0003839861975371743,0.2,0.1333351333351334,0.4699397659202682,0.11980800174543871,-0.0003839861975371743
0.0,0.8000018000018001,0.43347235088629543,0.11721711620803457,-0.019347061778000975,0.2,0.0,0.2509175422652865,0.0714707206080912,-0.11029259718775848,0.25,0.0,0.0,0.0,-0.0148439595815076,0.2,0.0,0.43347235088629543,0.11721711620803457,-0.0148439595815076
-0.2,0.8000018000018001,0.5183073193623194,0.07464477595658231,-0.019347061778000975,0.2,0.0,0.2509175422652865,0.0714707206080912,-0.09855769230769224,0.25,0.0,0.0,0.0,-0.0148439595815076,0.2,0.0,0.5183073193623194,0.07464477595658231,-0.0148439595815076
0.0,0.40000540000539997,0.34511224173892535,0.10096953664057612,-0.436926167754897,0.2,0.06666906666906665,0.17338056380526384,0.06609991498724799,0.1283537531017369,0.25,0.26666726666726664,0.0,0.0,0.0,0.2,0.26666726666726664,0.34511224173892535,0.10096953664057612,0.0
0.2,0.19999819999820004,0.5046936396694234,0.09196280033817875,-0.436926167754897,0.2,-0.06666606666606656,0.35097958497435355,0.09585437815672346,-0.12249276261373036,0.0,0.26666726666726664,0.0,0.0,-0.08317772248844094,0.2,0.26666726666726664,0.5046936396694234,0.09196280033817875,-0.08317772248844094
0.0,0.19999819999820004,0.4579845492298508,0.07679248370469356,-0.436926167754897,0.2,0.0,0.35097958497435355,0.09585437815672346,-0.09855769230769224,0.25,0.26666726666726664,0.0,0.0,0.0,0.2,0.26666726666726664,0.4579845492298508,0.07679248370469356,0.0
-0.2,0.8000018000018001,0.4579845492298508,0.08585376496577318,-0.07592164741336008,0.0,0.06666906666906665,0.17338056380526384,0.06609991498724799,0.1283537531017369,0.25,0.0,0.0,0.0,-0.0148439595815076,0.0,0.06666906666906665,0.4579845492298508,0.08585376496577318,-0.0148439595815076
0.0,0.0,0.47768420696445224,0.12788065563040332,-0.436926167754897,0.2,0.0,0.17338056380526384,0.06609991498724799,-0.09855769230769224,0.0,0.0,0.0,0.0,-0.10451788691869486,0.2,0.0,0.47768420696445224,0.12788065563040332,-0.10451788691869486
0.2,0.0,0.43347235088629543,0.08585376496577318,-0.436926167754897,0.0,0.0,0.432497686140695,0.10983647547132061,0.11495812655086848,0.25,0.1333351333351334,0.0,0.0,-0.0003839861975371743,0.2,0.1333351333351334,0.43347235088629543,0.08585376496577318,-0.0003839861975371743
0.0,0.0,0.4579845492298508,0.07727657021299814,-0.436926167754897,0.0,0.06666906666906665,0.2509175422652865,0.0714707206080912,0.1283537531017369,0.25,0.26666726666726664,0.0,0.0,0.0,0.0,0.26666726666726664,0.4579845492298508,0.07727657021299814,0.0
0.2,0.19999819999820004,0.5183073193623194,0.08585376496577318,-0.436926167754897,0.2,-0.13333213333213328,0.432497686140695,0.11002650397559631,-0.12249276261373036,0.0,0.0,0.0,0.0,-0.10387615656116697,0.2,0.0,0.5183073193623194,0.08585376496577318,-0.10387615656116697
0.2,0.0,0.5183073193623194,0.08605149044099596,-0.4415670517327976,0.2,0.06666906666906665,0.2509175422652865,0.0714707206080912,0.1283537531017369,0.25,0.1333351333351334,0.0,0.0,-0.0003839861975371743,0.2,0.1333351333351334,0.5183073193623194,0.08605149044099596,-0.0003839861975371743
0.2,0.0,0.34511224173892535,0.08425150680448365,-0.436926167754897,0.0,0.06666906666906665,0.35097958497435355,0.09598439765964889,0.11495812655086848,0.25,0.26666726666726664,0.0,0.0,0.0,0.2,0.26666726666726664,0.34511224173892535,0.08425150680448365,0.0
0.2,0.40000540000539997,0.37076110195745166,0.0769220279815639,-0.436926167754897,0.2,-0.06666606666606656,0.35097958497435355,0.09585437815672346,-0.12249276261373036,0.25,0.26666726666726664,0.0,0.0,0.0,0.2,0.26666726666726664,0.37076110195745166,0.0769220279815639,0.0
0.2,0.0,0.5046936396694234,0.08585376496577318,-0.4415670517327976,0.2,-0.13333213333213328,0.432497686140695,0.11002650397559631,-0.12251861042183626,0.0,0.26666726666726664,0.0,0.0,-0.08317772248844094,0.2,0.26666726666726664,0.5046936396694234,0.08585376496577318,-0.08317772248844094
0.2,0.0,0.5183073193623194,0.15810538086017412,-0.436926167754897,0.0,0.06666906666906665,0.17338056380526384,0.06609991498724799,0.11495812655086848,0.25,0.1333351333351334,0.0,0.0,-0.0003839861975371743,0.2,0.1333351333351334,0.5183073193623194,0.15810538086017412,-0.0003839861975371743
0.0,0.19999819999820004,0.5183073193623194,0.07035617858019469,-0.436926167754897,0.0,0.0,0.432497686140695,0.10983647547132061,0.11495812655086848,0.25,0.26666726666726664,0.0,0.0,0.0,0.0,0.26666726666726664,0.5183073193623194,0.07035617858019469,0.0
0.2,0.0,0.4699397659202682,0.07679248370469356,-0.4415670517327976,0.2,0.06666906666906665,0.432497686140695,0.10983647547132061,0.16686698717948725,0.25,0.0,0.0,0.0,-0.0148439595815076,0.2,0.06666906666906665,0.4699397659202682,0.07679248370469356,-0.0148439595815076
0.2,0.0,0.37076110195745166,0.08483786511031725,-0.4415670517327976,0.2,0.0,0.35097958497435355,0.09585437815672346,-0.09855769230769224,0.25,0.0,0.0,0.0,-0.0148439595815076,0.2,0.0,0.37076110195745166,0.08483786511031725,-0.0148439595815076
0.0,0.19999819999820004,0.5183073193623194,0.1223102517249844,-0.436926167754897,0.2,0.0,0.17338056380526384,0.06609991498724799,-0.12251861042183626,0.0,0.1333351333351334,0.0,0.0,-0.07234194759903433,0.2,0.1333351333351334,0.5183073193623194,0.1223102517249844,-0.07234194759903433
0.2,0.0,0.34511224173892535,0.04652684975591129,-0.436926167754897,0.2,-0.13333213333213328,0.432497686140695,0.11002650397559631,-0.12251861042183626,0.0,0.33333333333333337,0.0,0.0,0.013381655979927467,0.2,0.33333333333333337,0.34511224173892535,0.04652684975591129,0.013381655979927467
0.2,0.19999819999820004,-0.4631881468306984,-0.09684457414023505,-0.2954294324460071,0.2,-0.13333213333213328,-0.08399743562388177,-0.019632944941741323,-0.16294458229942094,0.5,-0.26666726666726664,0.0,0.0,-0.32070737621705214,0.2,-0.13333213333213328,-0.22117790231767495,-0.09684457414023505,-0.3186296426824328
0.2,0.0,-0.20272755632716083,-0.062488068290288315,-0.422340532395781,0.4,-0.13333213333213328,-1.0,-0.072300845126769,-0.11292261166253095,0.5,-0.26666726666726664,0.0,0.0,-0.32070737621705214,0.4,-0.13333213333213328,-0.20272755632716083,-0.062488068290288315,-0.2779113254887933
0.2,0.0,-0.20272755632716083,-0.03135653312242611,-0.40510296333500756,0.4,-0.1999981999982,-1.0,-0.072300845126769,-0.15807873242349058,0.5,-0.1999981999982,0.0,0.0,-0.3167465322890311,0.4,-0.1999981999982,-0.20272755632716083,-0.03135653312242611,-0.31466879875441195
0.2,0.0,-0.23935998062346273,-0.04803365423950689,-0.4250326469111,0.4,-0.13333213333213328,-0.1090771010875836,-0.062179326899034854,-0.16273133788254762,0.5,-0.13333213333213328,0.0,0.0,-0.3053794888249496,0.4,-0.13333213333213328,-0.23935998062346273,-0.04803365423950689,-0.3053794888249496
0.2,0.19999819999820004,-0.4631881468306984,-0.09684457414023505,-0.27065796082370663,0.4,-0.13333213333213328,-0.03236864345006059,-0.047777166574986284,-0.16294458229942094,0.5,-0.26666726666726664,0.0,0.0,-0.32070737621705214,0.4,-0.13333213333213328,-0.17728103370027465,-0.09684457414023505,-0.3186296426824328
0.4,0.0,-0.5022145233202623,-0.09533776965663945,-0.40799598191863384,0.4,-0.06666606666606656,-0.1090771010875836,-0.062179326899034854,-0.16120631720430106,0.5,-0.26666726666726664,0.0,0.0,-0.32070737621705214,0.4,-0.06666606666606656,-0.2425016391992575,-0.09533776965663945,-0.3172146798449327
0.2,0.0,-0.23935998062346273,-0.039422368887555445,-0.39955801104972377,0.4,-0.13333213333213328,-0.03236864345006059,-0.047777166574986284,-0.17534506823821336,0.5,-0.26666726666726664,0.0,0.0,-0.32070737621705214,0.4,-0.13333213333213328,-0.17728103370027465,-0.039422368887555445,-0.32070737621705214
0.2,0.0,-0.23935998062346273,-0.0748015927127934,-0.3627122049221497,0.4,-0.13333213333213328,-0.03236864345006059,-0.047777166574986284,-0.16294458229942094,0.5,-0.26666726666726664,0.0,0.0,-0.32070737621705214,0.4,-0.13333213333213328,-0.17728103370027465,-0.0748015927127934,-0.3186296426824328
0.2,0.0,-0.23935998062346273,-0.058069926637030554,-0.37080863887493726,0.4,-0.06666606666606656,-0.03236864345006059,-0.047777166574986284,-0.16120631720430106,0.5,-0.1999981999982,0.0,0.0,-0.3167465322890311,0.4,-0.06666606666606656,-0.17728103370027465,-0.058069926637030554,-0.3167465322890311
0.4,0.0,-0.5022145233202623,-0.09533776965663945,-0.40799598191863384,0.4,-0.06666606666606656,-0.1090771010875836,-0.062179326899034854,-0.16120631720430106,0.5,-0.1999981999982,0.0,0.0,-0.3167465322890311,0.4,-0.06666606666606656,-0.2425016391992575,-0.09533776965663945,-0.3167465322890311
0.2,0.0,-0.4631881468306984,-0.05206316306215401,-0.4568759417378202,0.4,-0.06666606666606656,-1.0,-0.3889383407511127,0.23719887303556653,0.5,-0.26666726666726664,0.0,0.0,-0.32070737621705214,0.4,-0.06666606666606656,-0.4631881468306984,-0.05206316306215401,0.007090594442194234
0.2,0.19999819999820004,-0.20272755632716083,-0.03135653312242611,-0.37080863887493726,0.4,-0.06666606666606656,-1.0,-0.3889383407511127,0.23719887303556653,0.5,-0.1999981999982,0.0,0.0,-0.3167465322890311,0.4,-0.06666606666606656,-0.20272755632716083,-0.03135653312242611,0.007090594442194234
0.2,0.0,-0.23935998062346273,-0.07045845037772372,-0.3673129080863888,0.4,-0.13333213333213328,-0.1090771010875836,-0.062179326899034854,-0.16273133788254762,0.5,-0.13333213333213328,0.0,0.0,-0.3053794888249496,0.4,-0.13333213333213328,-0.23935998062346273,-0.07045845037772372,-0.3053794888249496
0.2,0.19999819999820004,-0.20272755632716083,-0.04193825510677169,-0.3627122049221497,0.4,0.0,-1.0,-0.3889383407511127,-0.07916537427626145,0.5,-0.1999981999982,0.0,0.0,-0.3167465322890311,0.4,0.0,-0.20272755632716083,-0.04193825510677169,-0.25043264198284165
0.2,0.19999819999820004,-0.4631881468306984,-0.09586276488395554,-0.27065796082370663,0.4,-0.13333213333213328,-0.03236864345006059,-0.047777166574986284,-0.16120631720430106,0.5,-0.26666726666726664,0.0,0.0,-0.32070737621705214,0.4,-0.13333213333213328,-0.17728103370027465,-0.09586276488395554,-0.3172146798449327
0.4,0.19999819999820004,-0.5022145233202623,-0.09845365042135967,-0.34577599196383724,0.2,-0.13333213333213328,-0.08399743562388177,-0.019632944941741323,-0.16273133788254762,0.5,-0.1999981999982,0.0,0.0,-0.3167465322890311,0.4,-0.13333213333213328,-0.22117790231767495,-0.09845365042135967,-0.3167465322890311
0.4,0.19999819999820004,-0.5022145233202623,-0.05648130471541159,-0.27065796082370663,0.4,-0.13333213333213328,-0.1090771010875836,-0.062179326899034854,-0.17534506823821336,0.5,-0.1999981999982,0.0,0.0,-0.3167465322890311,0.4,-0.13333213333213328,-0.2425016391992575,-0.05648130471541159,-0.3167465322890311
0.4,0.19999819999820004,-0.5022145233202623,-0.09667412114435321,-0.27065796082370663,0.4,-0.13333213333213328,-0.1090771010875836,-0.062179326899034854,-0.16273133788254762,0.5,-0.26666726666726664,0.0,0.0,-0.32070737621705214,0.4,-0.13333213333213328,-0.2425016391992575,-0.09667412114435321,-0.31845605988080655
0.4,0.0,-0.5022145233202623,-0.10746720484359232,-0.3236564540431944,0.4,-0.1999981999982,-0.1090771010875836,-0.062179326899034854,-0.1692966811414392,0.5,-0.26666726666726664,0.0,0.0,-0.32070737621705214,0.4,-0.1999981999982,-0.2425016391992575,-0.10746720484359232,-0.32070737621705214
0.2,0.0,-0.4631881468306984,-0.05648130471541159,-0.4353390256152687,0.4,-0.13333213333213328,-0.03236864345006059,-0.047777166574986284,-0.16120631720430106,0.5,-0.13333213333213328,0.0,0.0,-0.3053794888249496,0.4,-0.13333213333213328,-0.17728103370027465,-0.05648130471541159,-0.3053794888249496
0.2,0.0,-0.24960838795104698,-0.06406987209207182,-0.3673129080863888,0.4,-0.13333213333213328,-1.0,-0.072300845126769,-0.15807873242349058,0.5,-0.13333213333213328,0.0,0.0,-0.3083409166223943,0.4,-0.13333213333213328,-0.24960838795104698,-0.06406987209207182,-0.3083409166223943
0.2,0.19999819999820004,-0.4631881468306984,-0.09191507349933178,-0.36273229532898044,0.4,-0.1999981999982,-0.03236864345006059,-0.047777166574986284,-0.1692966811414392,0.5,-0.13333213333213328,0.0,0.0,-0.3053794888249496,0.4,-0.13333213333213328,-0.17728103370027465,-0.09191507349933178,-0.3053794888249496
0.4,0.0,-0.5022145233202623,-0.14582594703684507,-0.3210848819688599,0.4,0.0,-1.0,-0.3889383407511127,-0.06724307278742761,0.5,-0.1999981999982,0.0,0.0,-0.3167465322890311,0.4,0.0,-0.5022145233202623,-0.14582594703684507,-0.2407277853464555
0.2,0.19999819999820004,-0.4631881468306984,-0.052744975045681354,-0.34577599196383724,0.4,-0.06666606666606656,-0.03236864345006059,-0.047777166574986284,-0.17514474772539282,0.5,-0.26666726666726664,0.0,0.0,-0.32070737621705214,0.4,-0.06666606666606656,-0.17728103370027465,-0.052744975045681354,-0.32070737621705214
0.2,0.0,-0.4631881468306984,-0.06865846674121141,-0.4063485685585133,0.4,-0.1999981999982,-0.03236864345006059,-0.062179326899034854,-0.16273133788254762,0.5,-0.26666726666726664,0.0,0.0,-0.32070737621705214,0.4,-0.1999981999982,-0.17728103370027465,-0.06865846674121141,-0.31845605988080655
0.4,0.0,-0.5022145233202623,-0.09471732075162945,-0.39955801104972377,0.4,-0.13333213333213328,-0.03236864345006059,-0.062179326899034854,-0.17534506823821336,0.5,-0.1999981999982,0.0,0.0,-0.3167465322890311,0.4,-0.13333213333213328,-0.17728103370027465,-0.09471732075162945,-0.3167465322890311
0.2,0.0,-0.4631881468306984,-0.05355633130607904,-0.40799598191863384,0.2,-0.1999981999982,0.0,-0.019632944941741323,-0.16273133788254762,0.5,-0.13333213333213328,0.0,0.0,-0.3053794888249496,0.2,-0.13333213333213328,-0.14975991556008977,-0.05355633130607904,-0.3053794888249496
0.2,0.19999819999820004,-0.4631881468306984,-0.05648130471541159,-0.3236564540431944,0.4,-0.06666606666606656,-1.0,-0.3889383407511127,0.23719887303556653,0.5,-0.13333213333213328,0.0,0.0,-0.3083409166223943,0.4,-0.06666606666606656,-0.4631881468306984,-0.05648130471541159,0.007090594442194234
0.2,0.0,-0.4631881468306984,-0.03135653312242611,-0.4615168257157207,0.4,-0.13333213333213328,-1.0,-0.3889383407511127,0.1949700165425972,0.5,-0.13333213333213328,0.0,0.0,-0.3083409166223943,0.4,-0.13333213333213328,-0.4631881468306984,-0.03135653312242611,-0.027284060364734273
0.4,0.19999819999820004,-0.5022145233202623,-0.09845365042135967,-0.27065796082370663,0.4,-0.13333213333213328,-0.03236864345006059,-0.047777166574986284,-0.16120631720430106,0.5,-0.1999981999982,0.0,0.0,-0.3167465322890311,0.4,-0.13333213333213328,-0.17728103370027465,-0.09845365042135967,-0.3167465322890311
0.2,0.19999819999820004,-0.4631881468306984,-0.09575367496659122,-0.2954294324460071,0.4,-0.06666606666606656,-1.0,-0.072300845126769,-0.10353985732009932,0.5,-0.26666726666726664,0.0,0.0,-0.32070737621705214,0.4,-0.06666606666606656,-0.4631881468306984,-0.09575367496659122,-0.270273682217231
0.2,0.19999819999820004,-0.4631881468306984,-0.09569913000790897,-0.27065796082370663,0.4,-0.13333213333213328,-0.1090771010875836,-0.062179326899034854,-0.16273133788254762,0.5,-0.26666726666726664,0.0,0.0,-0.32070737621705214,0.4,-0.13333213333213328,-0.2425016391992575,-0.09569913000790897,-0.31845605988080655
0.2,0.0,-0.20272755632716083,-0.026522486159216766,-0.4041788046207936,0.4,-0.06666606666606656,-0.1090771010875836,-0.062179326899034854,-0.17534506823821336,0.5,-0.13333213333213328,0.0,0.0,-0.3053794888249496,0.4,-0.06666606666606656,-0.20272755632716083,-0.026522486159216766,-0.3053794888249496
0.2,0.0,-0.4631881468306984,-0.04834728775192944,-0.45078854846810645,0.4,-0.1999981999982,-0.03236864345006059,-0.047777166574986284,-0.16273133788254762,0.5,-0.26666726666726664,0.0,0.0,-0.32070737621705214,0.4,-0.1999981999982,-0.17728103370027465,-0.04834728775192944,-0.31845605988080655
0.2,-0.19999819999820004,-0.20272755632716083,-0.018845283224697883,-0.4041788046207936,0.4,-0.1999981999982,-0.03236864345006059,-0.047777166574986284,-0.16273133788254762,0.5,-0.1999981999982,0.0,0.0,-0.3167465322890311,0.4,-0.1999981999982,-0.17728103370027465,-0.018845283224697883,-0.3167465322890311
0.2,0.0,-0.20272755632716083,-0.018845283224697883,-0.4353390256152687,0.4,-0.13333213333213328,-1.0,-0.072300845126769,0.1949700165425972,0.5,-0.26666726666726664,0.0,0.0,-0.32070737621705214,0.4,-0.13333213333213328,-0.20272755632716083,-0.018845283224697883,-0.027284060364734273
0.2,0.0,-0.4631881468306984,-0.06494940955082232,-0.34577599196383724,0.4,-0.1999981999982,-0.1090771010875836,-0.062179326899034854,-0.16273133788254762,0.5,-0.13333213333213328,0.0,0.0,-0.3053794888249496,0.4,-0.13333213333213328,-0.2425016391992575,-0.06494940955082232,-0.3053794888249496
0.2,-0.19999819999820004,-0.20272755632716083,-0.026522486159216766,-0.39955801104972377,0.4,-0.06666606666606656,-0.1090771010875836,-0.062179326899034854,-0.17534506823821336,0.5,-0.1999981999982,0.0,0.0,-0.3167465322890311,0.4,-0.06666606666606656,-0.20272755632716083,-0.026522486159216766,-0.3167465322890311
0.2,0.0,-0.4631881468306984,-0.04701775438405096,-0.40510296333500756,0.2,-0.1999981999982,-0.08399743562388177,-0.019632944941741323,-0.16273133788254762,0.5,-0.26666726666726664,0.0,0.0,-0.32070737621705214,0.2,-0.1999981999982,-0.22117790231767495,-0.04701775438405096,-0.31845605988080655
0.2,0.0,-0.4631881468306984,-0.04214961682166521,-0.4300351582119538,0.4,-0.13333213333213328,-1.0,-0.072300845126769,0.1949700165425972,0.5,-0.26666726666726664,0.0,0.0,-0.32070737621705214,0.4,-0.13333213333213328,-0.4631881468306984,-0.04214961682166521,-0.027284060364734273
0.4,0.0,-0.5022145233202623,-0.09845365042135967,-0.3236564540431944,0.4,-0.13333213333213328,-0.03236864345006059,-0.062179326899034854,-0.16294458229942094,0.5,-0.26666726666726664,0.0,0.0,-0.32070737621705214,0.4,-0.13333213333213328,-0.17728103370027465,-0.09845365042135967,-0.3186296426824328
0.4,0.0,-0.5022145233202623,-0.055424496140944156,-0.3571270718232044,0.4,-0.1999981999982,-1.0,-0.3889383407511127,0.1949700165425972,0.5,-0.26666726666726664,0.0,0.0,-0.32070737621705214,0.4,-0.1999981999982,-0.5022145233202623,-0.055424496140944156,-0.027284060364734273
0.2,0.0,-0.4631881468306984,-0.07045845037772372,-0.34577599196383724,0.4,-0.1999981999982,-0.03236864345006059,-0.047777166574986284,-0.16273133788254762,0.5,-0.26666726666726664,0.0,0.0,-0.32070737621705214,0.4,-0.1999981999982,-0.17728103370027465,-0.07045845037772372,-0.31845605988080655
0.2,0.0,-0.20272755632716083,-0.03722011618076194,-0.4077147162230035,0.4,-0.1999981999982,-0.1090771010875836,-0.062179326899034854,-0.16273133788254762,0.5,-0.13333213333213328,0.0,0.0,-0.3053794888249496,0.4,-0.13333213333213328,-0.20272755632716083,-0.03722011618076194,-0.3053794888249496
0.4,0.19999819999820004,-0.5022145233202623,-0.09845365042135967,-0.2954294324460071,0.2,-0.1999981999982,0.0,-0.019632944941741323,-0.16273133788254762,0.5,-0.1999981999982,0.0,0.0,-0.3167465322890311,0.4,-0.1999981999982,-0.14975991556008977,-0.09845365042135967,-0.3167465322890311
0.2,0.19999819999820004,-0.4631881468306984,-0.03856328578831098,-0.3210848819688599,0.4,-0.06666606666606656,-0.1090771010875836,-0.062179326899034854,-0.17534506823821336,0.5,-0.1999981999982,0.0,0.0,-0.3167465322890311,0.4,-0.06666606666606656,-0.2425016391992575,-0.03856328578831098,-0.3167465322890311
0.4,0.19999819999820004,-0.5022145233202623,-0.08095835492404611,-0.3199799095931692,0.4,-0.1999981999982,-0.03236864345006059,-0.047777166574986284,-0.16273133788254762,0.5,-0.13333213333213328,0.0,0.0,-0.3053794888249496,0.4,-0.13333213333213328,-0.17728103370027465,-0.08095835492404611,-0.3053794888249496
0.2,0.0,-0.24960838795104698,-0.012845337769656618,-0.4007835258663988,0.4,0.0,-0.1090771010875836,-0.062179326899034854,-0.17514474772539282,0.5,-0.1999981999982,0.0,0.0,-0.3167465322890311,0.4,0.0,-0.2425016391992575,-0.012845337769656618,-0.3167465322890311
0.2,0.19999819999820004,-0.4631881468306984,-0.09845365042135967,-0.27065796082370663,0.4,-0.13333213333213328,-0.03236864345006059,-0.047777166574986284,-0.15555857113316798,0.5,-0.26666726666726664,0.0,0.0,-0.32070737621705214,0.4,-0.13333213333213328,-0.17728103370027465,-0.09845365042135967,-0.31261736564428155
0.4,0.0,-0.5022145233202623,-0.09533776965663945,-0.4300351582119538,0.4,-0.13333213333213328,-0.03236864345006059,-0.047777166574986284,-0.16120631720430106,0.5,-0.1999981999982,0.0,0.0,-0.3167465322890311,0.4,-0.13333213333213328,-0.17728103370027465,-0.09533776965663945,-0.3167465322890311
0.4,0.19999819999820004,-0.5022145233202623,-0.10292633703329969,-0.36273229532898044,0.4,-0.13333213333213328,-0.03236864345006059,-0.047777166574986284,-0.16120631720430106,0.25,-0.06666606666606656,0.0,0.0,-0.16292060953863796,0.4,-0.06666606666606656,-0.17728103370027465,-0.10292633703329969,-0.16292060953863796
0.2,0.0,-0.24960838795104698,-0.06865846674121141,-0.40510296333500756,0.4,-0.13333213333213328,-0.1090771010875836,-0.062179326899034854,-0.16273133788254762,0.5,-0.1999981999982,0.0,0.0,-0.3167465322890311,0.4,-0.13333213333213328,-0.2425016391992575,-0.06865846674121141,-0.3167465322890311
0.2,0.0,-0.4631881468306984,-0.05648130471541159,-0.40799598191863384,0.4,-0.13333213333213328,-0.03236864345006059,-0.047777166574986284,-0.16120631720430106,0.5,-0.13333213333213328,0.0,0.0,-0.3053794888249496,0.4,-0.13333213333213328,-0.17728103370027465,-0.05648130471541159,-0.3053794888249496
0.2,0.0,-0.20275393786269785,-0.0748015927127934,-0.4077147162230035,0.4,-0.13333213333213328,-0.03236864345006059,-0.047777166574986284,-0.16294458229942094,0.5,-0.13333213333213328,0.0,0.0,-0.3053794888249496,0.4,-0.13333213333213328,-0.17728103370027465,-0.0748015927127934,-0.3053794888249496
0.2,0.19999819999820004,-0.20275393786269785,-0.011004445414132629,-0.4104068307383224,0.4,-0.06666606666606656,-1.0,-0.072300845126769,0.27233896815550035,0.5,-0.13333213333213328,0.0,0.0,-0.3083409166223943,0.4,-0.06666606666606656,-0.20275393786269785,-0.011004445414132629,0.035694936116268845
0.4,0.19999819999820004,-0.5022145233202623,-0.055424496140944156,-0.3210848819688599,0.4,-0.1999981999982,-0.03236864345006059,-0.047777166574986284,-0.17534506823821336,0.5,-0.26666726666726664,0.0,0.0,-0.32070737621705214,0.4,-0.1999981999982,-0.17728103370027465,-0.055424496140944156,-0.32070737621705214
0.4,0.0,-0.5022145233202623,-0.10746720484359232,-0.3236564540431944,0.4,-0.1999981999982,-0.1090771010875836,-0.062179326899034854,-0.1692966811414392,0.5,-0.1999981999982,0.0,0.0,-0.3167465322890311,0.4,-0.1999981999982,-0.2425016391992575,-0.10746720484359232,-0.3167465322890311
0.4,0.0,-0.5022145233202623,-0.09684457414023505,-0.40309392265193367,0.4,-0.13333213333213328,-0.03236864345006059,-0.047777166574986284,-0.16294458229942094,0.5,-0.1999981999982,0.0,0.0,-0.3167465322890311,0.4,-0.13333213333213328,-0.17728103370027465,-0.09684457414023505,-0.3167465322890311
0.2,0.0,-0.20272755632716083,-0.03135653312242611,-0.36319437468608734,0.4,-0.1999981999982,-0.03236864345006059,-0.047777166574986284,-0.16684113937138137,0.25,-0.06666606666606656,0.0,0.0,-0.16292060953863796,0.4,-0.06666606666606656,-0.17728103370027465,-0.03135653312242611,-0.16292060953863796
0.4,0.19999819999820004,-0.5022145233202623,-0.09845365042135967,-0.27065796082370663,0.4,-0.13333213333213328,-0.03236864345006059,-0.047777166574986284,-0.16120631720430106,0.5,-0.1999981999982,0.0,0.0,-0.3167465322890311,0.4,-0.13333213333213328,-0.17728103370027465,-0.09845365042135967,-0.3167465322890311
0.2,0.0,-0.4631881468306984,-0.05586767393023686,-0.40799598191863384,0.4,0.0,-1.0,-0.072300845126769,0.26483664185277084,0.5,-0.13333213333213328,0.0,0.0,-0.3083409166223943,0.4,0.0,-0.4631881468306984,-0.05586767393023686,0.02958797754995761
0.4,0.19999819999820004,-0.5022145233202623,-0.09586276488395554,-0.3236564540431944,0.4,-0.13333213333213328,-0.1090771010875836,-0.062179326899034854,-0.16273133788254762,0.5,-0.26666726666726664,0.0,0.0,-0.32070737621705214,0.4,-0.13333213333213328,-0.2425016391992575,-0.09586276488395554,-0.31845605988080655
0.2,0.0,-0.4631881468306984,-0.05355633130607904,-0.40799598191863384,0.4,-0.1999981999982,-0.03236864345006059,-0.047777166574986284,-0.16273133788254762,0.5,-0.26666726666726664,0.0,0.0,-0.32070737621705214,0.4,-0.1999981999982,-0.17728103370027465,-0.05355633130607904,-0.31845605988080655
0.2,-0.19999819999820004,-0.20275393786269785,-0.03690648266833939,-0.40628829733802113,0.4,-0.1999981999982,-0.1090771010875836,-0.062179326899034854,-0.16273133788254762,0.5,-0.13333213333213328,0.0,0.0,-0.3053794888249496,0.4,-0.13333213333213328,-0.20275393786269785,-0.03690648266833939,-0.3053794888249496
0.4,0.0,-0.5022145233202623,-0.09845365042135967,-0.3236564540431944,0.4,-0.13333213333213328,-0.03236864345006059,-0.062179326899034854,-0.16294458229942094,0.5,-0.26666726666726664,0.0,0.0,-0.32070737621705214,0.4,-0.13333213333213328,-0.17728103370027465,-0.09845365042135967,-0.3186296426824328
0.2,0.19999819999820004,-0.4631881468306984,-0.045974582049254094,-0.34577599196383724,0.4,-0.1999981999982,-0.03236864345006059,-0.047777166574986284,-0.17534506823821336,0.5,-0.1999981999982,0.0,0.0,-0.3167465322890311,0.4,-0.1999981999982,-0.17728103370027465,-0.045974582049254094,-0.3167465322890311
0.2,0.0,-0.20275393786269785,-0.07045845037772372,-0.38121546961325964,0.4,-0.13333213333213328,-0.03236864345006059,-0.047777166574986284,-0.15555857113316798,0.5,-0.1999981999982,0.0,0.0,-0.3167465322890311,0.4,-0.13333213333213328,-0.17728103370027465,-0.07045845037772372,-0.31261736564428155
0.2,0.0,-0.20272755632716083,-0.0748015927127934,-0.3673129080863888,0.4,-0.13333213333213328,-0.03236864345006059,-0.047777166574986284,-0.16294458229942094,0.5,-0.13333213333213328,0.0,0.0,-0.3053794888249496,0.4,-0.13333213333213328,-0.17728103370027465,-0.0748015927127934,-0.3053794888249496
0.2,0.0,-0.23935998062346273,-0.03690648266833939,-0.4353390256152687,0.4,-0.1999981999982,-0.03236864345006059,-0.047777166574986284,-0.16273133788254762,0.5,-0.1999981999982,0.0,0.0,-0.3167465322890311,0.4,-0.1999981999982,-0.17728103370027465,-0.03690648266833939,-0.3167465322890311
0.2,0.19999819999820004,-0.20272755632716083,-0.03135653312242611,-0.36552486187845307,0.4,-0.1999981999982,-1.0,-0.072300845126769,-0.15807873242349058,0.5,-0.26666726666726664,0.0,0.0,-0.32070737621705214,0.4,-0.1999981999982,-0.20272755632716083,-0.03135653312242611,-0.31466879875441195
0.2,0.0,-0.4631881468306984,-0.03135653312242611,-0.40084379708689105,0.4,-0.13333213333213328,-0.1090771010875836,-0.062179326899034854,-0.17534506823821336,0.5,-0.26666726666726664,0.0,0.0,-0.32070737621705214,0.4,-0.13333213333213328,-0.2425016391992575,-0.03135653312242611,-0.32070737621705214
0.2,0.0,-0.4631881468306984,-0.012845337769656618,-0.40206931190356604,0.4,-0.13333213333213328,-1.0,-0.3889383407511127,0.2453280086848635,0.5,-0.1999981999982,0.0,0.0,-0.3167465322890311,0.4,-0.13333213333213328,-0.4631881468306984,-0.012845337769656618,0.013707781243589257
0.2,0.0,-0.20275393786269785,-0.03863828510649907,-0.3598995479658463,0.2,-0.1999981999982,0.0,-0.019632944941741323,-0.17534506823821336,0.5,-0.26666726666726664,0.0,0.0,-0.32070737621705214,0.2,-0.1999981999982,-0.14975991556008977,-0.03863828510649907,-0.32070737621705214
0.2,0.19999819999820004,-0.20272755632716083,-0.058069926637030554,-0.375429432446007,0.2,-0.06666606666606656,-0.08399743562388177,-0.019632944941741323,-0.16120631720430106,0.5,-0.13333213333213328,0.0,0.0,-0.3053794888249496,0.2,-0.06666606666606656,-0.20272755632716083,-0.058069926637030554,-0.3053794888249496
0.2,0.0,-0.23935998062346273,-0.09191507349933178,-0.38457056755399294,0.4,-0.13333213333213328,-0.1090771010875836,-0.062179326899034854,-0.1692966811414392,0.5,-0.13333213333213328,0.0,0.0,-0.3053794888249496,0.4,-0.13333213333213328,-0.23935998062346273,-0.09191507349933178,-0.3053794888249496
0.2,0.19999819999820004,-0.23935998062346273,-0.05514495322769782,-0.37771973882471116,0.2,-0.26666726666726664,0.0,-0.019632944941741323,-0.16273133788254762,0.5,-0.13333213333213328,0.0,0.0,-0.3053794888249496,0.2,-0.13333213333213328,-0.14975991556008977,-0.05514495322769782,-0.3053794888249496
0.2,0.19999819999820004,-0.23935998062346273,-0.05648130471541159,-0.31744851833249627,0.4,-0.1999981999982,-0.03236864345006059,-0.047777166574986284,-0.16273133788254762,0.5,-0.1999981999982,0.0,0.0,-0.3167465322890311,0.4,-0.1999981999982,-0.17728103370027465,-0.05648130471541159,-0.3167465322890311
0.4,0.19999819999820004,-0.5022145233202623,-0.06494940955082232,-0.3210848819688599,0.4,-0.13333213333213328,-1.0,-0.3889383407511127,0.1949700165425972,0.5,-0.1999981999982,0.0,0.0,-0.3167465322890311,0.4,-0.13333213333213328,-0.5022145233202623,-0.06494940955082232,-0.027284060364734273
0.2,0.19999819999820004,-0.23935998062346273,-0.062488068290288315,-0.3827825213460573,0.4,-0.13333213333213328,-1.0,-0.072300845126769,-0.11292261166253095,0.5,-0.26666726666726664,0.0,0.0,-0.32070737621705214,0.4,-0.13333213333213328,-0.23935998062346273,-0.062488068290288315,-0.2779113254887933
0.2,0.19999819999820004,-0.20272755632716083,-0.07753565876673844,-0.3639578101456555,0.4,-0.06666606666606656,-0.03236864345006059,-0.047777166574986284,-0.16294458229942094,0.5,-0.26666726666726664,0.0,0.0,-0.32070737621705214,0.4,-0.06666606666606656,-0.17728103370027465,-0.07753565876673844,-0.3186296426824328
0.2,0.0,-0.23935998062346273,-0.03135653312242611,-0.39955801104972377,0.4,-0.06666606666606656,-0.03236864345006059,-0.047777166574986284,-0.17514474772539282,0.5,-0.26666726666726664,0.0,0.0,-0.32070737621705214,0.4,-0.06666606666606656,-0.17728103370027465,-0.03135653312242611,-0.32070737621705214
0.2,0.0,-0.23935998062346273,-0.018845283224697883,-0.4353390256152687,0.4,-0.13333213333213328,-1.0,-0.3889383407511127,0.1949700165425972,0.5,-0.1999981999982,0.0,0.0,-0.3167465322890311,0.4,-0.13333213333213328,-0.23935998062346273,-0.018845283224697883,-0.027284060364734273
0.2,0.0,-0.20272755632716083,-0.04278370196634578,-0.3578101456554495,0.4,-0.13333213333213328,-0.03236864345006059,-0.047777166574986284,-0.17534506823821336,0.5,-0.26666726666726664,0.0,0.0,-0.32070737621705214,0.4,-0.13333213333213328,-0.17728103370027465,-0.04278370196634578,-0.32070737621705214
0.2,-0.19999819999820004,-0.20275393786269785,-0.014208961736711502,-0.46380713209442487,0.4,-0.1999981999982,-1.0,-0.072300845126769,0.1949700165425972,0.5,-0.13333213333213328,0.0,0.0,-0.3083409166223943,0.4,-0.13333213333213328,-0.20275393786269785,-0.014208961736711502,-0.027284060364734273
0.2,0.19999819999820004,-0.20272755632716083,-0.010568085744675021,-0.3046911099949774,0.4,-0.1999981999982,-1.0,-0.072300845126769,0.21107320099255583,0.5,-0.1999981999982,0.0,0.0,-0.3167465322890311,0.4,-0.1999981999982,-0.20272755632716083,-0.010568085744675021,-0.014175928799490839
0.2,0.0,-0.23935998062346273,-0.03135653312242611,-0.39955801104972377,0.4,-0.13333213333213328,-0.03236864345006059,-0.047777166574986284,-0.17534506823821336,0.5,-0.1999981999982,0.0,0.0,-0.3167465322890311,0.4,-0.13333213333213328,-0.17728103370027465,-0.03135653312242611,-0.3167465322890311
0.4,0.0,-0.5022145233202623,-0.05648130471541159,-0.4041788046207936,0.4,-0.1999981999982,-0.03236864345006059,-0.047777166574986284,-0.17534506823821336,0.5,-0.13333213333213328,0.0,0.0,-0.3053794888249496,0.4,-0.13333213333213328,-0.17728103370027465,-0.05648130471541159,-0.3053794888249496
0.2,0.0,-0.20275393786269785,-0.012845337769656618,-0.4353390256152687,0.4,-0.06666606666606656,-0.03236864345006059,-0.047777166574986284,-0.17514474772539282,0.5,-0.13333213333213328,0.0,0.0,-0.3053794888249496,0.4,-0.06666606666606656,-0.17728103370027465,-0.012845337769656618,-0.3053794888249496
0.4,0.0,-0.5022145233202623,-0.09845365042135967,-0.3236564540431944,0.4,-0.13333213333213328,-0.03236864345006059,-0.047777166574986284,-0.16294458229942094,0.5,-0.13333213333213328,0.0,0.0,-0.3053794888249496,0.4,-0.13333213333213328,-0.17728103370027465,-0.09845365042135967,-0.3053794888249496
0.2,0.19999819999820004,-0.4631881468306984,-0.045974582049254094,-0.2954294324460071,0.4,-0.1999981999982,-0.1090771010875836,-0.062179326899034854,-0.16684113937138137,0.5,-0.13333213333213328,0.0,0.0,-0.3053794888249496,0.4,-0.13333213333213328,-0.2425016391992575,-0.045974582049254094,-0.3053794888249496
0.4,0.0,-0.5022145233202623,-0.09845365042135967,-0.3210848819688599,0.4,-0.13333213333213328,-0.1090771010875836,-0.062179326899034854,-0.16273133788254762,0.5,-0.1999981999982,0.0,0.0,-0.3167465322890311,0.4,-0.13333213333213328,-0.2425016391992575,-0.09845365042135967,-0.3167465322890311
0.4,0.0,-0.5022145233202623,-0.10746720484359232,-0.3236564540431944,0.4,-0.1999981999982,-1.0,-0.3889383407511127,-0.1432808622828784,0.5,-0.1999981999982,0.0,0.0,-0.3167465322890311,0.4,-0.1999981999982,-0.5022145233202623,-0.10746720484359232,-0.302623204338518
0.4,0.0,-0.5022145233202623,-0.0372337524204325,-0.4300351582119538,0.4,-0.13333213333213328,-1.0,-0.072300845126769,0.2453280086848635,0.5,-0.13333213333213328,0.0,0.0,-0.3083409166223943,0.4,-0.13333213333213328,-0.5022145233202623,-0.0372337524204325,0.013707781243589257
0.4,0.0,-0.5022145233202623,-0.045974582049254094,-0.40084379708689105,0.4,-0.13333213333213328,-0.1090771010875836,-0.062179326899034854,-0.17534506823821336,0.5,-0.26666726666726664,0.0,0.0,-0.32070737621705214,0.4,-0.13333213333213328,-0.2425016391992575,-0.045974582049254094,-0.32070737621705214
0.2,0.19999819999820004,-0.20275393786269785,-0.03135653312242611,-0.3728779507785033,0.4,-0.13333213333213328,-1.0,-0.072300845126769,0.1949700165425972,0.5,-0.26666726666726664,0.0,0.0,-0.32070737621705214,0.4,-0.13333213333213328,-0.20275393786269785,-0.03135653312242611,-0.027284060364734273
0.2,0.0,-0.20272755632716083,-0.07045845037772372,-0.3627122049221497,0.4,-0.13333213333213328,-0.03236864345006059,-0.047777166574986284,-0.16294458229942094,0.5,-0.26666726666726664,0.0,0.0,-0.32070737621705214,0.4,-0.13333213333213328,-0.17728103370027465,-0.07045845037772372,-0.3186296426824328
0.2,0.0,-0.24960838795104698,-0.06406987209207182,-0.3667704671019588,0.4,-0.13333213333213328,-0.1090771010875836,-0.062179326899034854,-0.16273133788254762,0.5,-0.26666726666726664,0.0,0.0,-0.32070737621705214,0.4,-0.13333213333213328,-0.2425016391992575,-0.06406987209207182,-0.31845605988080655
0.2,0.0,-0.4631881468306984,-0.08056972209343548,-0.3210848819688599,0.4,-0.06666606666606656,-0.1090771010875836,-0.062179326899034854,-0.16294458229942094,0.5,-0.26666726666726664,0.0,0.0,-0.32070737621705214,0.4,-0.06666606666606656,-0.2425016391992575,-0.08056972209343548,-0.3186296426824328
0.2,0.19999819999820004,-0.4631881468306984,-0.05648130471541159,-0.3199799095931692,0.4,-0.1999981999982,-0.1090771010875836,-0.062179326899034854,-0.16273133788254762,0.5,-0.13333213333213328,0.0,0.0,-0.3053794888249496,0.4,-0.13333213333213328,-0.2425016391992575,-0.05648130471541159,-0.3053794888249496
0.4,0.0,-0.5022145233202623,-0.09533776965663945,-0.4015871421396283,0.4,-0.13333213333213328,-0.03236864345006059,-0.047777166574986284,-0.17534506823821336,0.25,-0.06666606666606656,0.0,0.0,-0.16292060953863796,0.4,-0.06666606666606656,-0.17728103370027465,-0.09533776965663945,-0.16292060953863796
0.2,0.0,-0.20272755632716083,-0.041045081408350816,-0.4353390256152687,0.4,-0.06666606666606656,-0.1090771010875836,-0.062179326899034854,-0.16120631720430106,0.5,-0.26666726666726664,0.0,0.0,-0.32070737621705214,0.4,-0.06666606666606656,-0.20272755632716083,-0.041045081408350816,-0.3172146798449327
0.4,0.19999819999820004,-0.5022145233202623,-0.09667412114435321,-0.27065796082370663,0.4,-0.1999981999982,-1.0,-0.072300845126769,-0.15807873242349058,0.5,-0.26666726666726664,0.0,0.0,-0.32070737621705214,0.4,-0.1999981999982,-0.5022145233202623,-0.09667412114435321,-0.31466879875441195
0.2,0.19999819999820004,-0.4631881468306984,-0.09845365042135967,-0.2954294324460071,0.2,-0.13333213333213328,0.0,-0.019632944941741323,-0.16294458229942094,0.5,-0.13333213333213328,0.0,0.0,-0.3053794888249496,0.2,-0.13333213333213328,-0.14975991556008977,-0.09845365042135967,-0.3053794888249496
0.2,0.0,-0.23935998062346273,-0.05535631494259135,-0.4353390256152687,0.4,-0.06666606666606656,-0.1090771010875836,-0.062179326899034854,-0.16120631720430106,0.5,-0.13333213333213328,0.0,0.0,-0.3053794888249496,0.4,-0.06666606666606656,-0.23935998062346273,-0.05535631494259135,-0.3053794888249496
0.4,0.0,-0.5022145233202623,-0.09569913000790897,-0.34577599196383724,0.4,-0.1999981999982,-0.03236864345006059,-0.047777166574986284,-0.16273133788254762,0.5,-0.1999981999982,0.0,0.0,-0.3167465322890311,0.4,-0.1999981999982,-0.17728103370027465,-0.09569913000790897,-0.3167465322890311
0.2,0.19999819999820004,-0.20275393786269785,-0.05514495322769782,-0.31744851833249627,0.4,-0.1999981999982,-0.03236864345006059,-0.047777166574986284,-0.16273133788254762,0.5,-0.26666726666726664,0.0,0.0,-0.32070737621705214,0.4,-0.1999981999982,-0.17728103370027465,-0.05514495322769782,-0.31845605988080655
0.2,0.19999819999820004,-0.24960838795104698,-0.048517740747811275,-0.3590557508789553,0.4,-0.13333213333213328,-0.03236864345006059,-0.047777166574986284,-0.17534506823821336,0.5,-0.1999981999982,0.0,0.0,-0.3167465322890311,0.4,-0.13333213333213328,-0.17728103370027465,-0.048517740747811275,-0.3167465322890311
0.2,0.0,-0.4631881468306984,-0.052744975045681354,-0.4007835258663988,0.4,-0.06666606666606656,-0.03236864345006059,-0.047777166574986284,-0.17514474772539282,0.5,-0.26666726666726664,0.0,0.0,-0.32070737621705214,0.4,-0.06666606666606656,-0.17728103370027465,-0.052744975045681354,-0.32070737621705214
0.2,0.19999819999820004,-0.20272755632716083,-0.026522486159216766,-0.36243093922651937,0.4,-0.13333213333213328,-0.1090771010875836,-0.062179326899034854,-0.17534506823821336,0.5,-0.13333213333213328,0.0,0.0,-0.3053794888249496,0.4,-0.13333213333213328,-0.20272755632716083,-0.026522486159216766,-0.3053794888249496
0.2,0.19999819999820004,-0.4631881468306984,-0.045974582049254094,-0.30720241084881966,0.4,-0.1999981999982,-0.03236864345006059,-0.047777166574986284,-0.16684113937138137,0.5,-0.13333213333213328,0.0,0.0,-0.3053794888249496,0.4,-0.13333213333213328,-0.17728103370027465,-0.045974582049254094,-0.3053794888249496
0.2,0.0,-0.23935998062346273,-0.023208879919273395,-0.39955801104972377,0.4,0.0,-0.1090771010875836,-0.062179326899034854,-0.17514474772539282,0.5,-0.26666726666726664,0.0,0.0,-0.32070737621705214,0.4,0.0,-0.23935998062346273,-0.023208879919273395,-0.32070737621705214
0.4,0.0,-0.5022145233202623,-0.11160580358360375,-0.3236564540431944,0.4,-0.1999981999982,-0.03236864345006059,-0.047777166574986284,-0.1692966811414392,0.5,-0.13333213333213328,0.0,0.0,-0.3053794888249496,0.4,-0.13333213333213328,-0.17728103370027465,-0.11160580358360375,-0.3053794888249496
0.2,0.0,-0.24960838795104698,-0.012845337769656618,-0.30720241084881966,0.4,-0.1999981999982,-1.0,-0.072300845126769,0.21107320099255583,0.5,-0.13333213333213328,0.0,0.0,-0.3083409166223943,0.4,-0.13333213333213328,-0.24960838795104698,-0.012845337769656618,-0.014175928799490839
0.2,0.19999819999820004,-0.4631881468306984,-0.09586276488395554,-0.27065796082370663,0.4,-0.13333213333213328,-0.03236864345006059,-0.047777166574986284,-0.16120631720430106,0.5,-0.26666726666726664,0.0,0.0,-0.32070737621705214,0.4,-0.13333213333213328,-0.17728103370027465,-0.09586276488395554,-0.3172146798449327
0.2,0.0,-0.4631881468306984,-0.0748015927127934,-0.4300351582119538,0.4,-0.06666606666606656,-1.0,-0.3889383407511127,-0.10353985732009932,0.5,-0.13333213333213328,0.0,0.0,-0.3083409166223943,0.4,-0.06666606666606656,-0.4631881468306984,-0.0748015927127934,-0.270273682217231
0.2,0.19999819999820004,-0.4631881468306984,-0.09575367496659122,-0.27324962330487196,0.4,-0.1999981999982,-0.03236864345006059,-0.047777166574986284,-0.16273133788254762,0.5,-0.1999981999982,0.0,0.0,-0.3167465322890311,0.4,-0.1999981999982,-0.17728103370027465,-0.09575367496659122,-0.3167465322890311
0.2,0.0,-0.4631881468306984,-0.04701775438405096,-0.40510296333500756,0.4,-0.1999981999982,-1.0,-0.3889383407511127,-0.15807873242349058,0.5,-0.1999981999982,0.0,0.0,-0.3167465322890311,0.4,-0.1999981999982,-0.4631881468306984,-0.04701775438405096,-0.31466879875441195
0.2,0.19999819999820004,-0.23935998062346273,-0.09575367496659122,-0.3627122049221497,0.4,-0.13333213333213328,-0.03236864345006059,-0.047777166574986284,-0.16294458229942094,0.5,-0.1999981999982,0.0,0.0,-0.3167465322890311,0.4,-0.13333213333213328,-0.17728103370027465,-0.09575367496659122,-0.3167465322890311
0.2,0.0,-0.20272755632716083,-0.04803365423950689,-0.4077147162230035,0.4,-0.13333213333213328,-1.0,-0.072300845126769,-0.15807873242349058,0.5,-0.13333213333213328,0.0,0.0,-0.3083409166223943,0.4,-0.13333213333213328,-0.20272755632716083,-0.04803365423950689,-0.3083409166223943
0.2,-0.19999819999820004,-0.20275393786269785,-0.04834728775192944,-0.4534003013561025,0.4,-0.06666606666606656,-1.0,-0.072300845126769,-0.10353985732009932,0.5,-0.13333213333213328,0.0,0.0,-0.3083409166223943,0.4,-0.06666606666606656,-0.20275393786269785,-0.04834728775192944,-0.270273682217231
0.4,0.19999819999820004,-0.5022145233202623,-0.1058990372814792,-0.2954294324460071,0.4,-0.13333213333213328,-0.1090771010875836,-0.062179326899034854,-0.16273133788254762,0.5,-0.1999981999982,0.0,0.0,-0.3167465322890311,0.4,-0.13333213333213328,-0.2425016391992575,-0.1058990372814792,-0.3167465322890311
0.2,0.0,-0.24960838795104698,-0.06865846674121141,-0.40510296333500756,0.4,-0.13333213333213328,-0.1090771010875836,-0.062179326899034854,-0.16273133788254762,0.5,-0.1999981999982,0.0,0.0,-0.3167465322890311,0.4,-0.13333213333213328,-0.2425016391992575,-0.06865846674121141,-0.3167465322890311
0.2,0.0,-0.24960838795104698,-0.010568085744675021,-0.34772476142641884,0.4,-0.1999981999982,-1.0,-0.072300845126769,0.21107320099255583,0.5,-0.13333213333213328,0.0,0.0,-0.3083409166223943,0.4,-0.13333213333213328,-0.24960838795104698,-0.010568085744675021,-0.014175928799490839
0.2,0.0,-0.24960838795104698,-0.04214961682166521,-0.4353390256152687,0.4,-0.13333213333213328,-0.1090771010875836,-0.062179326899034854,-0.16273133788254762,0.5,-0.13333213333213328,0.0,0.0,-0.3053794888249496,0.4,-0.13333213333213328,-0.2425016391992575,-0.04214961682166521,-0.3053794888249496
0.4,0.19999819999820004,-0.5022145233202623,-0.09667412114435321,-0.27324962330487196,0.4,-0.13333213333213328,-1.0,-0.3889383407511127,0.1949700165425972,0.25,-0.06666606666606656,0.0,0.0,-0.16292060953863796,0.4,-0.06666606666606656,-0.5022145233202623,-0.09667412114435321,-0.027284060364734273
0.2,0.19999819999820004,-0.24960838795104698,-0.012845337769656618,-0.4104068307383224,0.4,-0.06666606666606656,-1.0,-0.072300845126769,0.27233896815550035,0.5,-0.13333213333213328,0.0,0.0,-0.3083409166223943,0.4,-0.06666606666606656,-0.24960838795104698,-0.012845337769656618,0.035694936116268845
0.2,0.19999819999820004,-0.4631881468306984,-0.052744975045681354,-0.3210848819688599,0.4,-0.13333213333213328,-0.03236864345006059,-0.047777166574986284,-0.17534506823821336,0.5,-0.1999981999982,0.0,0.0,-0.3167465322890311,0.4,-0.13333213333213328,-0.17728103370027465,-0.052744975045681354,-0.3167465322890311
0.2,0.19999819999820004,-0.4631881468306984,-0.05648130471541159,-0.31744851833249627,0.4,-0.1999981999982,-0.1090771010875836,-0.062179326899034854,-0.16273133788254762,0.5,-0.1999981999982,0.0,0.0,-0.3167465322890311,0.4,-0.1999981999982,-0.2425016391992575,-0.05648130471541159,-0.3167465322890311
0.2,0.19999819999820004,-0.4631881468306984,-0.03856328578831098,-0.3236564540431944,0.4,-0.06666606666606656,-0.1090771010875836,-0.062179326899034854,-0.17534506823821336,0.5,-0.26666726666726664,0.0,0.0,-0.32070737621705214,0.4,-0.06666606666606656,-0.2425016391992575,-0.03856328578831098,-0.32070737621705214
0.2,0.0,-0.4631881468306984,-0.052744975045681354,-0.4041788046207936,0.4,-0.13333213333213328,-0.03236864345006059,-0.047777166574986284,-0.17534506823821336,0.5,-0.13333213333213328,0.0,0.0,-0.3053794888249496,0.4,-0.13333213333213328,-0.17728103370027465,-0.052744975045681354,-0.3053794888249496
0.2,0.0,-0.23935998062346273,-0.017304388141925878,-0.3611451531893521,0.4,-0.13333213333213328,-0.1090771010875836,-0.062179326899034854,-0.17534506823821336,0.5,-0.1999981999982,0.0,0.0,-0.3167465322890311,0.4,-0.13333213333213328,-0.23935998062346273,-0.017304388141925878,-0.3167465322890311
0.2,0.0,-0.20275393786269785,-0.07045845037772372,-0.36552486187845307,0.4,-0.13333213333213328,-0.1090771010875836,-0.062179326899034854,-0.16273133788254762,0.5,-0.26666726666726664,0.0,0.0,-0.32070737621705214,0.4,-0.13333213333213328,-0.20275393786269785,-0.07045845037772372,-0.31845605988080655
0.2,0.19999819999820004,-0.4631881468306984,-0.06494940955082232,-0.3236564540431944,0.4,-0.06666606666606656,-0.1090771010875836,-0.062179326899034854,-0.16120631720430106,0.5,-0.1999981999982,0.0,0.0,-0.3167465322890311,0.4,-0.06666606666606656,-0.2425016391992575,-0.06494940955082232,-0.3167465322890311
0.4,0.19999819999820004,-0.5022145233202623,-0.09586276488395554,-0.34577599196383724,0.4,-0.06666606666606656,-0.1090771010875836,-0.062179326899034854,-0.16120631720430106,0.5,-0.13333213333213328,0.0,0.0,-0.3053794888249496,0.4,-0.06666606666606656,-0.2425016391992575,-0.09586276488395554,-0.3053794888249496
0.2,-0.19999819999820004,-0.24960838795104698,-0.07753565876673844,-0.4534003013561025,0.4,0.0,-0.1090771010875836,-0.062179326899034854,-0.16294458229942094,0.5,-0.13333213333213328,0.0,0.0,-0.3053794888249496,0.4,0.0,-0.2425016391992575,-0.07753565876673844,-0.3053794888249496
0.2,0.0,-0.4631881468306984,-0.08024245234134236,-0.40309392265193367,0.4,0.0,-1.0,-0.072300845126769,-0.07916537427626145,0.5,-0.1999981999982,0.0,0.0,-0.3167465322890311,0.4,0.0,-0.4631881468306984,-0.08024245234134236,-0.25043264198284165
0.2,0.19999819999820004,-0.4631881468306984,-0.05648130471541159,-0.34577599196383724,0.4,-0.13333213333213328,-0.1090771010875836,-0.062179326899034854,-0.16273133788254762,0.5,-0.13333213333213328,0.0,0.0,-0.3053794888249496,0.4,-0.13333213333213328,-0.2425016391992575,-0.05648130471541159,-0.3053794888249496
0.2,0.0,-0.23935998062346273,-0.06406987209207182,-0.36552486187845307,0.4,-0.1999981999982,-0.03236864345006059,-0.047777166574986284,-0.16273133788254762,0.5,-0.1999981999982,0.0,0.0,-0.3167465322890311,0.4,-0.1999981999982,-0.17728103370027465,-0.06406987209207182,-0.3167465322890311
0.2,0.0,-0.4631881468306984,-0.0748015927127934,-0.40433952787543953,0.4,-0.13333213333213328,-0.03236864345006059,-0.047777166574986284,-0.16294458229942094,0.5,-0.1999981999982,0.0,0.0,-0.3167465322890311,0.4,-0.13333213333213328,-0.17728103370027465,-0.0748015927127934,-0.3167465322890311
0.2,0.0,-0.4631881468306984,-0.04214961682166521,-0.40542440984429934,0.4,-0.13333213333213328,-1.0,-0.072300845126769,0.1949700165425972,0.5,-0.26666726666726664,0.0,0.0,-0.32070737621705214,0.4,-0.13333213333213328,-0.4631881468306984,-0.04214961682166521,-0.027284060364734273
0.2,0.0,-0.20272755632716083,-0.03135653312242611,-0.4077147162230035,0.4,-0.1999981999982,-0.1090771010875836,-0.062179326899034854,-0.16273133788254762,0.5,-0.13333213333213328,0.0,0.0,-0.3053794888249496,0.4,-0.13333213333213328,-0.20272755632716083,-0.03135653312242611,-0.3053794888249496
0.2,0.0,-0.24960838795104698,-0.07045845037772372,-0.36552486187845307,0.4,-0.13333213333213328,-0.1090771010875836,-0.062179326899034854,-0.16273133788254762,0.5,-0.1999981999982,0.0,0.0,-0.3167465322890311,0.4,-0.13333213333213328,-0.2425016391992575,-0.07045845037772372,-0.3167465322890311
0.2,0.0,-0.4631881468306984,-0.05535631494259135,-0.4300351582119538,0.4,-0.06666606666606656,-1.0,-0.072300845126769,0.23719887303556653,0.5,-0.26666726666726664,0.0,0.0,-0.32070737621705214,0.4,-0.06666606666606656,-0.4631881468306984,-0.05535631494259135,0.007090594442194234
0.2,0.19999819999820004,-0.20272755632716083,-0.062488068290288315,-0.38457056755399294,0.4,-0.13333213333213328,-1.0,-0.3889383407511127,-0.11292261166253095,0.5,-0.13333213333213328,0.0,0.0,-0.3083409166223943,0.4,-0.13333213333213328,-0.20272755632716083,-0.062488068290288315,-0.2779113254887933
0.2,0.0,-0.23935998062346273,-0.03135653312242611,-0.4353390256152687,0.4,-0.06666606666606656,-0.03236864345006059,-0.047777166574986284,-0.16120631720430106,0.5,-0.13333213333213328,0.0,0.0,-0.3053794888249496,0.4,-0.06666606666606656,-0.17728103370027465,-0.03135653312242611,-0.3053794888249496
0.2,0.0,-0.4631881468306984,-0.04701775438405096,-0.40510296333500756,0.4,-0.1999981999982,-0.1090771010875836,-0.062179326899034854,-0.16273133788254762,0.5,-0.26666726666726664,0.0,0.0,-0.32070737621705214,0.4,-0.1999981999982,-0.2425016391992575,-0.04701775438405096,-0.31845605988080655
0.4,0.0,-0.5022145233202623,-0.10291270079362913,-0.38457056755399294,0.4,-0.06666606666606656,-1.0,-0.3889383407511127,-0.09119752894954516,0.5,-0.13333213333213328,0.0,0.0,-0.3083409166223943,0.4,-0.06666606666606656,-0.5022145233202623,-0.10291270079362913,-0.2602269200624899
0.2,0.0,-0.4631881468306984,-0.045974582049254094,-0.40206931190356604,0.4,-0.1999981999982,-0.03236864345006059,-0.047777166574986284,-0.17534506823821336,0.5,-0.1999981999982,0.0,0.0,-0.3167465322890311,0.4,-0.1999981999982,-0.17728103370027465,-0.045974582049254094,-0.3167465322890311
0.2,0.0,-0.24960838795104698,-0.03135653312242611,-0.34438975389251625,0.4,-0.1999981999982,-0.03236864345006059,-0.047777166574986284,-0.16684113937138137,0.5,-0.1999981999982,0.0,0.0,-0.3167465322890311,0.4,-0.1999981999982,-0.17728103370027465,-0.03135653312242611,-0.3167465322890311
0.2,0.19999819999820004,-0.4631881468306984,-0.052744975045681354,-0.3236564540431944,0.4,-0.13333213333213328,-0.03236864345006059,-0.047777166574986284,-0.17534506823821336,0.5,-0.13333213333213328,0.0,0.0,-0.3053794888249496,0.4,-0.13333213333213328,-0.17728103370027465,-0.052744975045681354,-0.3053794888249496
0.2,0.0,-0.20275393786269785,-0.07045845037772372,-0.3673129080863888,0.4,-0.1999981999982,-0.03236864345006059,-0.047777166574986284,-0.16273133788254762,0.5,-0.13333213333213328,0.0,0.0,-0.3053794888249496,0.4,-0.13333213333213328,-0.17728103370027465,-0.07045845037772372,-0.3053794888249496
0.2,0.19999819999820004,-0.20275393786269785,-0.03135653312242611,-0.3667704671019588,0.4,-0.1999981999982,-1.0,-0.3889383407511127,-0.15807873242349058,0.5,-0.1999981999982,0.0,0.0,-0.3167465322890311,0.4,-0.1999981999982,-0.20275393786269785,-0.03135653312242611,-0.31466879875441195
0.2,0.0,-0.23935998062346273,-0.012845337769656618,-0.3046911099949774,0.4,-0.1999981999982,-1.0,-0.3889383407511127,0.2097097291149711,0.5,-0.26666726666726664,0.0,0.0,-0.32070737621705214,0.4,-0.1999981999982,-0.23935998062346273,-0.012845337769656618,-0.015285806712920303
0.4,0.0,-0.5022145233202623,-0.09569913000790897,-0.4077147162230035,0.4,-0.13333213333213328,-0.1090771010875836,-0.062179326899034854,-0.16273133788254762,0.5,-0.13333213333213328,0.0,0.0,-0.3053794888249496,0.4,-0.13333213333213328,-0.2425016391992575,-0.09569913000790897,-0.3053794888249496
0.2,0.0,-0.23935998062346273,-0.06406987209207182,-0.36552486187845307,0.4,-0.13333213333213328,-1.0,-0.072300845126769,-0.15807873242349058,0.5,-0.26666726666726664,0.0,0.0,-0.32070737621705214,0.4,-0.13333213333213328,-0.23935998062346273,-0.06406987209207182,-0.31466879875441195
0.4,0.0,-0.5022145233202623,-0.09338778738375098,-0.44518332496233043,0.4,-0.13333213333213328,-1.0,-0.3889383407511127,-0.11292261166253095,0.5,-0.13333213333213328,0.0,0.0,-0.3083409166223943,0.4,-0.13333213333213328,-0.5022145233202623,-0.09338778738375098,-0.2779113254887933
0.2,0.0,-0.4631881468306984,-0.0647312297160935,-0.4064289301858363,0.4,-0.1999981999982,-0.1090771010875836,-0.062179326899034854,-0.16273133788254762,0.25,-0.06666606666606656,0.0,0.0,-0.16292060953863796,0.4,-0.06666606666606656,-0.2425016391992575,-0.0647312297160935,-0.16292060953863796
0.2,-0.19999819999820004,-0.20275393786269785,-0.062488068290288315,-0.4679859367152185,0.4,-0.1999981999982,-0.03236864345006059,-0.047777166574986284,-0.1692966811414392,0.5,-0.1999981999982,0.0,0.0,-0.3167465322890311,0.4,-0.1999981999982,-0.17728103370027465,-0.062488068290288315,-0.3167465322890311
0.2,0.19999819999820004,-0.20272755632716083,-0.05648130471541159,-0.3728779507785033,0.4,-0.13333213333213328,-0.1090771010875836,-0.062179326899034854,-0.16273133788254762,0.5,-0.1999981999982,0.0,0.0,-0.3167465322890311,0.4,-0.13333213333213328,-0.20272755632716083,-0.05648130471541159,-0.3167465322890311
0.2,0.19999819999820004,-0.20275393786269785,-0.0748015927127934,-0.3639578101456555,0.4,-0.06666606666606656,-0.1090771010875836,-0.062179326899034854,-0.16294458229942094,0.5,-0.1999981999982,0.0,0.0,-0.3167465322890311,0.4,-0.06666606666606656,-0.20275393786269785,-0.0748015927127934,-0.3167465322890311
0.2,0.19999819999820004,-0.24960838795104698,-0.05648130471541159,-0.3186941235560021,0.4,-0.1999981999982,-0.03236864345006059,-0.047777166574986284,-0.16273133788254762,0.5,-0.1999981999982,0.0,0.0,-0.3167465322890311,0.4,-0.1999981999982,-0.17728103370027465,-0.05648130471541159,-0.3167465322890311
0.4,0.0,-0.5022145233202623,-0.10291270079362913,-0.3210848819688599,0.4,-0.13333213333213328,-0.1090771010875836,-0.062179326899034854,-0.1692966811414392,0.5,-0.26666726666726664,0.0,0.0,-0.32070737621705214,0.4,-0.13333213333213328,-0.2425016391992575,-0.10291270079362913,-0.32070737621705214
0.2,0.0,-0.23935998062346273,-0.03135653312242611,-0.34772476142641884,0.4,-0.1999981999982,-0.03236864345006059,-0.047777166574986284,-0.16684113937138137,0.5,-0.13333213333213328,0.0,0.0,-0.3053794888249496,0.4,-0.13333213333213328,-0.17728103370027465,-0.03135653312242611,-0.3053794888249496
0.2,0.0,-0.23935998062346273,-0.06865846674121141,-0.4077147162230035,0.4,-0.13333213333213328,-0.03236864345006059,-0.047777166574986284,-0.16294458229942094,0.5,-0.13333213333213328,0.0,0.0,-0.3053794888249496,0.4,-0.13333213333213328,-0.17728103370027465,-0.06865846674121141,-0.3053794888249496
0.2,0.0,-0.20275393786269785,-0.03135653312242611,-0.3598995479658463,0.2,-0.13333213333213328,-0.08399743562388177,-0.019632944941741323,-0.17534506823821336,0.5,-0.1999981999982,0.0,0.0,-0.3167465322890311,0.2,-0.13333213333213328,-0.20275393786269785,-0.03135653312242611,-0.3167465322890311
0.2,0.0,-0.23935998062346273,-0.04701775438405096,-0.35837267704671016,0.4,-0.1999981999982,-0.03236864345006059,-0.047777166574986284,-0.16273133788254762,0.5,-0.1999981999982,0.0,0.0,-0.3167465322890311,0.4,-0.1999981999982,-0.17728103370027465,-0.04701775438405096,-0.3167465322890311
0.2,-0.19999819999820004,-0.23935998062346273,-0.0918332560613084,-0.46597689603214465,0.4,-0.13333213333213328,-0.03236864345006059,-0.047777166574986284,-0.15555857113316798,0.5,-0.1999981999982,0.0,0.0,-0.3167465322890311,0.4,-0.13333213333213328,-0.17728103370027465,-0.0918332560613084,-0.31261736564428155
0.4,0.19999819999820004,-0.5022145233202623,-0.08095835492404611,-0.34577599196383724,0.4,-0.1999981999982,-0.03236864345006059,-0.047777166574986284,-0.16273133788254762,0.5,-0.13333213333213328,0.0,0.0,-0.3053794888249496,0.4,-0.13333213333213328,-0.17728103370027465,-0.08095835492404611,-0.3053794888249496
0.2,0.0,-0.20275393786269785,-0.04278370196634578,-0.3612255148166751,0.4,-0.1999981999982,-0.03236864345006059,-0.047777166574986284,-0.17534506823821336,0.25,-0.06666606666606656,0.0,0.0,-0.16292060953863796,0.4,-0.06666606666606656,-0.17728103370027465,-0.04278370196634578,-0.16292060953863796
0.2,-0.19999819999820004,-0.24960838795104698,-0.05206316306215401,-0.4615168257157207,0.4,-0.13333213333213328,-0.03236864345006059,-0.047777166574986284,-0.16120631720430106,0.5,-0.13333213333213328,0.0,0.0,-0.3053794888249496,0.4,-0.13333213333213328,-0.17728103370027465,-0.05206316306215401,-0.3053794888249496
0.4,0.19999819999820004,-0.5022145233202623,-0.11308533558785823,-0.27324962330487196,0.4,-0.1999981999982,-0.1090771010875836,-0.062179326899034854,-0.1692966811414392,0.5,-0.1999981999982,0.0,0.0,-0.3167465322890311,0.4,-0.1999981999982,-0.2425016391992575,-0.11308533558785823,-0.3167465322890311
0.2,0.0,-0.20272755632716083,-0.026522486159216766,-0.36243093922651937,0.4,-0.13333213333213328,-0.1090771010875836,-0.062179326899034854,-0.17534506823821336,0.5,-0.13333213333213328,0.0,0.0,-0.3053794888249496,0.4,-0.13333213333213328,-0.20272755632716083,-0.026522486159216766,-0.3053794888249496
0.2,0.0,-0.20275393786269785,-0.03135653312242611,-0.375429432446007,0.4,0.0,-0.1090771010875836,-0.062179326899034854,-0.16120631720430106,0.5,-0.13333213333213328,0.0,0.0,-0.3053794888249496,0.4,0.0,-0.20275393786269785,-0.03135653312242611,-0.3053794888249496
0.2,0.0,-0.20272755632716083,-0.0748015927127934,-0.3627122049221497,0.4,-0.06666606666606656,-0.1090771010875836,-0.062179326899034854,-0.16294458229942094,0.5,-0.1999981999982,0.0,0.0,-0.3167465322890311,0.4,-0.06666606666606656,-0.20272755632716083,-0.0748015927127934,-0.3167465322890311
0.2,0.19999819999820004,-0.20272755632716083,-0.0815924400687267,-0.3673129080863888,0.4,-0.1999981999982,-0.03236864345006059,-0.047777166574986284,-0.16273133788254762,0.5,-0.13333213333213328,0.0,0.0,-0.3053794888249496,0.4,-0.13333213333213328,-0.17728103370027465,-0.0815924400687267,-0.3053794888249496
0.4,0.0,-0.5022145233202623,-0.09569913000790897,-0.4064289301858363,0.2,-0.1999981999982,-0.08399743562388177,-0.019632944941741323,-0.16273133788254762,0.25,-0.06666606666606656,0.0,0.0,-0.16292060953863796,0.4,-0.06666606666606656,-0.22117790231767495,-0.09569913000790897,-0.16292060953863796
0.2,0.0,-0.20272755632716083,-0.03722011618076194,-0.40510296333500756,0.4,-0.1999981999982,-0.03236864345006059,-0.047777166574986284,-0.16273133788254762,0.5,-0.26666726666726664,0.0,0.0,-0.32070737621705214,0.4,-0.1999981999982,-0.17728103370027465,-0.03722011618076194,-0.31845605988080655
0.4,0.19999819999820004,-0.5022145233202623,-0.07845610494450043,-0.27324962330487196,0.4,-0.06666606666606656,-0.1090771010875836,-0.062179326899034854,-0.17534506823821336,0.5,-0.1999981999982,0.0,0.0,-0.3167465322890311,0.4,-0.06666606666606656,-0.2425016391992575,-0.07845610494450043,-0.3167465322890311
0.4,0.0,-0.5022145233202623,-0.07786292851883156,-0.40510296333500756,0.4,-0.1999981999982,-1.0,-0.072300845126769,-0.15807873242349058,0.5,-0.1999981999982,0.0,0.0,-0.3167465322890311,0.4,-0.1999981999982,-0.5022145233202623,-0.07786292851883156,-0.31466879875441195
0.2,0.0,-0.4631881468306984,-0.08708102653612244,-0.3236564540431944,0.4,0.0,-0.1090771010875836,-0.062179326899034854,-0.16294458229942094,0.5,-0.13333213333213328,0.0,0.0,-0.3053794888249496,0.4,0.0,-0.2425016391992575,-0.08708102653612244,-0.3053794888249496
0.2,0.0,-0.24960838795104698,-0.04441323260697625,-0.375429432446007,0.4,-0.06666606666606656,-1.0,-0.3889383407511127,0.23719887303556653,0.5,-0.13333213333213328,0.0,0.0,-0.3083409166223943,0.4,-0.06666606666606656,-0.24960838795104698,-0.04441323260697625,0.007090594442194234
0.2,0.0,-0.20272755632716083,-0.03135653312242611,-0.4353390256152687,0.4,0.0,-0.1090771010875836,-0.062179326899034854,-0.16120631720430106,0.5,-0.13333213333213328,0.0,0.0,-0.3053794888249496,0.4,0.0,-0.20272755632716083,-0.03135653312242611,-0.3053794888249496
0.2,0.19999819999820004,-0.20272755632716083,-0.03135653312242611,-0.37080863887493726,0.4,-0.06666606666606656,-1.0,-0.3889383407511127,0.23719887303556653,0.5,-0.26666726666726664,0.0,0.0,-0.32070737621705214,0.4,-0.06666606666606656,-0.20272755632716083,-0.03135653312242611,0.007090594442194234
0.2,0.0,-0.23935998062346273,-0.06406987209207182,-0.3667704671019588,0.4,-0.1999981999982,-0.03236864345006059,-0.047777166574986284,-0.16273133788254762,0.5,-0.1999981999982,0.0,0.0,-0.3167465322890311,0.4,-0.1999981999982,-0.17728103370027465,-0.06406987209207182,-0.3167465322890311
0.4,0.0,-0.5022145233202623,-0.055424496140944156,-0.44518332496233043,0.4,-0.13333213333213328,-1.0,-0.072300845126769,0.1949700165425972,0.5,-0.26666726666726664,0.0,0.0,-0.32070737621705214,0.4,-0.13333213333213328,-0.5022145233202623,-0.055424496140944156,-0.027284060364734273
0.2,0.19999819999820004,-0.24960838795104698,-0.02368614830774269,-0.375429432446007,0.4,0.0,-1.0,-0.3889383407511127,0.26483664185277084,0.5,-0.13333213333213328,0.0,0.0,-0.3083409166223943,0.4,0.0,-0.24960838795104698,-0.02368614830774269,0.02958797754995761
0.2,0.19999819999820004,-0.23935998062346273,-0.05535631494259135,-0.37080863887493726,0.4,-0.06666606666606656,-0.1090771010875836,-0.062179326899034854,-0.16120631720430106,0.5,-0.26666726666726664,0.0,0.0,-0.32070737621705214,0.4,-0.06666606666606656,-0.23935998062346273,-0.05535631494259135,-0.3172146798449327
0.4,0.0,-0.5022145233202623,-0.09845365042135967,-0.34577599196383724,0.4,-0.06666606666606656,-0.1090771010875836,-0.062179326899034854,-0.16294458229942094,0.5,-0.13333213333213328,0.0,0.0,-0.3053794888249496,0.4,-0.06666606666606656,-0.2425016391992575,-0.09845365042135967,-0.3053794888249496
0.2,0.19999819999820004,-0.4631881468306984,-0.09667412114435321,-0.36273229532898044,0.2,-0.13333213333213328,0.0,-0.019632944941741323,-0.16120631720430106,0.5,-0.13333213333213328,0.0,0.0,-0.3053794888249496,0.2,-0.13333213333213328,-0.14975991556008977,-0.09667412114435321,-0.3053794888249496
0.2,0.0,-0.4631881468306984,-0.07045845037772372,-0.3210848819688599,0.4,-0.13333213333213328,-0.1090771010875836,-0.062179326899034854,-0.16273133788254762,0.5,-0.26666726666726664,0.0,0.0,-0.32070737621705214,0.4,-0.13333213333213328,-0.2425016391992575,-0.07045845037772372,-0.31845605988080655
0.2,0.0,-0.20275393786269785,-0.07045845037772372,-0.36552486187845307,0.4,-0.1999981999982,-0.03236864345006059,-0.047777166574986284,-0.16273133788254762,0.5,-0.1999981999982,0.0,0.0,-0.3167465322890311,0.4,-0.1999981999982,-0.17728103370027465,-0.07045845037772372,-0.3167465322890311
0.4,0.19999819999820004,-0.5022145233202623,-0.09586276488395554,-0.3210848819688599,0.4,0.0,-0.1090771010875836,-0.062179326899034854,-0.16120631720430106,0.5,-0.1999981999982,0.0,0.0,-0.3167465322890311,0.4,0.0,-0.2425016391992575,-0.09586276488395554,-0.3167465322890311
0.4,0.0,-0.5022145233202623,-0.055424496140944156,-0.39955801104972377,0.4,-0.06666606666606656,-0.1090771010875836,-0.062179326899034854,-0.17534506823821336,0.5,-0.26666726666726664,0.0,0.0,-0.32070737621705214,0.4,-0.06666606666606656,-0.2425016391992575,-0.055424496140944156,-0.32070737621705214
0.2,0.19999819999820004,-0.20275393786269785,-0.051715438950554866,-0.3667704671019588,0.4,-0.13333213333213328,-0.1090771010875836,-0.062179326899034854,-0.16273133788254762,0.5,-0.1999981999982,0.0,0.0,-0.3167465322890311,0.4,-0.13333213333213328,-0.20275393786269785,-0.051715438950554866,-0.3167465322890311
0.2,0.0,-0.4631881468306984,-0.045974582049254094,-0.3458362631843295,0.4,-0.1999981999982,-0.03236864345006059,-0.047777166574986284,-0.16684113937138137,0.5,-0.1999981999982,0.0,0.0,-0.3167465322890311,0.4,-0.1999981999982,-0.17728103370027465,-0.045974582049254094,-0.3167465322890311
0.2,0.19999819999820004,-0.4631881468306984,-0.03135653312242611,-0.27065796082370663,0.4,-0.06666606666606656,-1.0,-0.3889383407511127,0.27233896815550035,0.5,-0.1999981999982,0.0,0.0,-0.3167465322890311,0.4,-0.06666606666606656,-0.4631881468306984,-0.03135653312242611,0.035694936116268845
0.4,0.0,-0.5022145233202623,-0.08095835492404611,-0.34577599196383724,0.4,-0.1999981999982,-1.0,-0.3889383407511127,-0.15807873242349058,0.5,-0.13333213333213328,0.0,0.0,-0.3083409166223943,0.4,-0.13333213333213328,-0.5022145233202623,-0.08095835492404611,-0.3083409166223943
0.2,-0.19999819999820004,-0.20275393786269785,-0.07753565876673844,-0.4534003013561025,0.2,-0.13333213333213328,0.0,-0.019632944941741323,-0.16294458229942094,0.5,-0.13333213333213328,0.0,0.0,-0.3053794888249496,0.2,-0.13333213333213328,-0.14975991556008977,-0.07753565876673844,-0.3053794888249496
0.4,0.19999819999820004,-0.5022145233202623,-0.09845365042135967,-0.27324962330487196,0.4,-0.06666606666606656,-0.1090771010875836,-0.062179326899034854,-0.16120631720430106,0.5,-0.26666726666726664,0.0,0.0,-0.32070737621705214,0.4,-0.06666606666606656,-0.2425016391992575,-0.09845365042135967,-0.3172146798449327
0.4,0.0,-0.5022145233202623,-0.09684457414023505,-0.40309392265193367,0.2,-0.13333213333213328,-0.08399743562388177,-0.019632944941741323,-0.16294458229942094,0.5,-0.26666726666726664,0.0,0.0,-0.32070737621705214,0.4,-0.13333213333213328,-0.22117790231767495,-0.09684457414023505,-0.3186296426824328
0.2,-0.19999819999820004,-0.23935998062346273,-0.05535631494259135,-0.4615168257157207,0.4,-0.13333213333213328,0.05094442324997107,-0.047777166574986284,-0.16120631720430106,0.5,-0.13333213333213328,0.0,0.0,-0.3053794888249496,0.4,-0.13333213333213328,-0.10644492483429185,-0.05535631494259135,-0.3053794888249496
0.2,0.0,-0.24960838795104698,-0.06406987209207182,-0.36552486187845307,0.4,-0.13333213333213328,-1.0,-0.3889383407511127,-0.15807873242349058,0.5,-0.1999981999982,0.0,0.0,-0.3167465322890311,0.4,-0.13333213333213328,-0.24960838795104698,-0.06406987209207182,-0.31466879875441195
0.2,0.0,-0.4631881468306984,-0.06494940955082232,-0.34577599196383724,0.4,-0.1999981999982,-1.0,-0.3889383407511127,-0.15807873242349058,0.5,-0.1999981999982,0.0,0.0,-0.3167465322890311,0.4,-0.1999981999982,-0.4631881468306984,-0.06494940955082232,-0.31466879875441195
0.2,0.19999819999820004,-0.20275393786269785,-0.0815924400687267,-0.36552486187845307,0.4,-0.13333213333213328,-0.1090771010875836,-0.062179326899034854,-0.16273133788254762,0.5,-0.1999981999982,0.0,0.0,-0.3167465322890311,0.4,-0.13333213333213328,-0.20275393786269785,-0.0815924400687267,-0.3167465322890311
0.2,0.19999819999820004,-0.20272755632716083,-0.0815924400687267,-0.36552486187845307,0.2,-0.1999981999982,0.0,-0.019632944941741323,-0.16273133788254762,0.5,-0.1999981999982,0.0,0.0,-0.3167465322890311,0.2,-0.1999981999982,-0.14975991556008977,-0.0815924400687267,-0.3167465322890311
0.2,0.0,-0.24960838795104698,-0.03135653312242611,-0.4041788046207936,0.4,-0.1999981999982,-0.03236864345006059,-0.047777166574986284,-0.17534506823821336,0.5,-0.13333213333213328,0.0,0.0,-0.3053794888249496,0.4,-0.13333213333213328,-0.17728103370027465,-0.03135653312242611,-0.3053794888249496
0.2,0.0,-0.23935998062346273,-0.018845283224697883,-0.31744851833249627,0.4,-0.1999981999982,-1.0,-0.3889383407511127,0.1949700165425972,0.5,-0.26666726666726664,0.0,0.0,-0.32070737621705214,0.4,-0.1999981999982,-0.23935998062346273,-0.018845283224697883,-0.027284060364734273
0.4,0.0,-0.5022145233202623,-0.09533776965663945,-0.40799598191863384,0.4,-0.13333213333213328,-0.03236864345006059,-0.047777166574986284,-0.16120631720430106,0.5,-0.26666726666726664,0.0,0.0,-0.32070737621705214,0.4,-0.13333213333213328,-0.17728103370027465,-0.09533776965663945,-0.3172146798449327
0.4,0.19999819999820004,-0.5022145233202623,-0.04772002072708434,-0.34577599196383724,0.4,-0.13333213333213328,-0.1090771010875836,-0.062179326899034854,-0.17534506823821336,0.5,-0.13333213333213328,0.0,0.0,-0.3053794888249496,0.4,-0.13333213333213328,-0.2425016391992575,-0.04772002072708434,-0.3053794888249496
0.2,-0.19999819999820004,-0.24960838795104698,-0.04214961682166521,-0.4581416373681567,0.4,-0.13333213333213328,-0.1090771010875836,-0.062179326899034854,-0.16273133788254762,0.5,-0.1999981999982,0.0,0.0,-0.3167465322890311,0.4,-0.13333213333213328,-0.2425016391992575,-0.04214961682166521,-0.3167465322890311
0.4,0.19999819999820004,-0.5022145233202623,-0.11961027627021575,-0.36273229532898044,0.4,0.0,-0.1090771010875836,-0.062179326899034854,-0.16294458229942094,0.5,-0.13333213333213328,0.0,0.0,-0.3053794888249496,0.4,0.0,-0.2425016391992575,-0.11961027627021575,-0.3053794888249496
0.2,0.0,-0.20275393786269785,-0.03135653312242611,-0.4353390256152687,0.4,-0.06666606666606656,-1.0,-0.072300845126769,0.23719887303556653,0.5,-0.26666726666726664,0.0,0.0,-0.32070737621705214,0.4,-0.06666606666606656,-0.20275393786269785,-0.03135653312242611,0.007090594442194234
0.4,0.19999819999820004,-0.5022145233202623,-0.09586276488395554,-0.34577599196383724,0.4,-0.13333213333213328,-0.03236864345006059,-0.047777166574986284,-0.16120631720430106,0.5,-0.1999981999982,0.0,0.0,-0.3167465322890311,0.4,-0.13333213333213328,-0.17728103370027465,-0.09586276488395554,-0.3167465322890311
0.2,-0.19999819999820004,-0.20272755632716083,-0.03690648266833939,-0.40628829733802113,0.4,-0.1999981999982,-0.1090771010875836,-0.062179326899034854,-0.16273133788254762,0.5,-0.13333213333213328,0.0,0.0,-0.3053794888249496,0.4,-0.13333213333213328,-0.20272755632716083,-0.03690648266833939,-0.3053794888249496
0.2,0.0,-0.4631881468306984,-0.045974582049254094,-0.34438975389251625,0.4,-0.1999981999982,-0.03236864345006059,-0.047777166574986284,-0.16684113937138137,0.5,-0.1999981999982,0.0,0.0,-0.3167465322890311,0.4,-0.1999981999982,-0.17728103370027465,-0.045974582049254094,-0.3167465322890311
0.4,0.0,-0.5022145233202623,-0.07244934136962389,-0.40799598191863384,0.4,-0.06666606666606656,-1.0,-0.3889383407511127,0.23719887303556653,0.5,-0.13333213333213328,0.0,0.0,-0.3083409166223943,0.4,-0.06666606666606656,-0.5022145233202623,-0.07244934136962389,0.007090594442194234
0.2,0.0,-0.4631881468306984,-0.03135653312242611,-0.4353390256152687,0.4,-0.13333213333213328,-1.0,-0.3889383407511127,0.1949700165425972,0.5,-0.13333213333213328,0.0,0.0,-0.3083409166223943,0.4,-0.13333213333213328,-0.4631881468306984,-0.03135653312242611,-0.027284060364734273
0.4,0.0,-0.5022145233202623,-0.0372337524204325,-0.40206931190356604,0.4,-0.13333213333213328,-1.0,-0.072300845126769,0.2453280086848635,0.5,-0.1999981999982,0.0,0.0,-0.3167465322890311,0.4,-0.13333213333213328,-0.5022145233202623,-0.0372337524204325,0.013707781243589257
0.2,0.19999819999820004,-0.23935998062346273,-0.030633812419887073,-0.37080863887493726,0.4,0.0,-1.0,-0.072300845126769,0.26483664185277084,0.5,-0.26666726666726664,0.0,0.0,-0.32070737621705214,0.4,0.0,-0.23935998062346273,-0.030633812419887073,0.02958797754995761
0.2,0.19999819999820004,-0.23935998062346273,-0.012845337769656618,-0.3046911099949774,0.4,-0.1999981999982,-1.0,-0.3889383407511127,0.2097097291149711,0.5,-0.26666726666726664,0.0,0.0,-0.32070737621705214,0.4,-0.1999981999982,-0.23935998062346273,-0.012845337769656618,-0.015285806712920303
0.4,0.0,-0.5022145233202623,-0.09845365042135967,-0.3673129080863888,0.4,-0.13333213333213328,-0.03236864345006059,-0.047777166574986284,-0.16294458229942094,0.5,-0.13333213333213328,0.0,0.0,-0.3053794888249496,0.4,-0.13333213333213328,-0.17728103370027465,-0.09845365042135967,-0.3053794888249496
0.2,0.0,-0.20272755632716083,-0.03135653312242611,-0.4353390256152687,0.4,0.0,-0.1090771010875836,-0.062179326899034854,-0.16120631720430106,0.5,-0.1999981999982,0.0,0.0,-0.3167465322890311,0.4,0.0,-0.20272755632716083,-0.03135653312242611,-0.3167465322890311
0.2,-0.19999819999820004,-0.20275393786269785,-0.03690648266833939,-0.4581416373681567,0.4,-0.1999981999982,-0.03236864345006059,-0.047777166574986284,-0.16273133788254762,0.5,-0.26666726666726664,0.0,0.0,-0.32070737621705214,0.4,-0.1999981999982,-0.17728103370027465,-0.03690648266833939,-0.31845605988080655
0.2,0.0,-0.4631881468306984,-0.08056972209343548,-0.34577599196383724,0.4,-0.06666606666606656,-0.1090771010875836,-0.062179326899034854,-0.16294458229942094,0.5,-0.13333213333213328,0.0,0.0,-0.3053794888249496,0.4,-0.06666606666606656,-0.2425016391992575,-0.08056972209343548,-0.3053794888249496
0.2,0.0,-0.20272755632716083,0.01642485068317557,-0.3590557508789553,0.4,-0.06666606666606656,-1.0,-0.3889383407511127,0.27094964846980973,0.5,-0.26666726666726664,0.0,0.0,-0.32070737621705214,0.4,-0.06666606666606656,-0.20272755632716083,0.01642485068317557,0.03456401786324828
0.2,0.19999819999820004,-0.4631881468306984,-0.09575367496659122,-0.27065796082370663,0.4,-0.06666606666606656,-1.0,-0.072300845126769,-0.10353985732009932,0.5,-0.26666726666726664,0.0,0.0,-0.32070737621705214,0.4,-0.06666606666606656,-0.4631881468306984,-0.09575367496659122,-0.270273682217231
0.2,0.0,-0.24960838795104698,-0.012845337769656618,-0.3578101456554495,0.4,-0.06666606666606656,-1.0,-0.072300845126769,0.27233896815550035,0.5,-0.1999981999982,0.0,0.0,-0.3167465322890311,0.4,-0.06666606666606656,-0.24960838795104698,-0.012845337769656618,0.035694936116268845
0.2,0.19999819999820004,-0.4631881468306984,-0.07845610494450043,-0.27065796082370663,0.2,-0.13333213333213328,-0.08399743562388177,-0.019632944941741323,-0.17534506823821336,0.5,-0.26666726666726664,0.0,0.0,-0.32070737621705214,0.2,-0.13333213333213328,-0.22117790231767495,-0.07845610494450043,-0.32070737621705214
0.2,0.19999819999820004,-0.4631881468306984,-0.052744975045681354,-0.34577599196383724,0.2,-0.13333213333213328,-0.08399743562388177,-0.019632944941741323,-0.17534506823821336,0.5,-0.26666726666726664,0.0,0.0,-0.32070737621705214,0.2,-0.13333213333213328,-0.22117790231767495,-0.052744975045681354,-0.32070737621705214
0.4,0.19999819999820004,-0.5022145233202623,-0.09667412114435321,-0.2954294324460071,0.4,-0.1999981999982,-0.03236864345006059,-0.047777166574986284,-0.16273133788254762,0.5,-0.1999981999982,0.0,0.0,-0.3167465322890311,0.4,-0.1999981999982,-0.17728103370027465,-0.09667412114435321,-0.3167465322890311
0.2,0.0,-0.4631881468306984,-0.08708102653612244,-0.3236564540431944,0.4,0.0,-0.1090771010875836,-0.062179326899034854,-0.16294458229942094,0.5,-0.26666726666726664,0.0,0.0,-0.32070737621705214,0.4,0.0,-0.2425016391992575,-0.08708102653612244,-0.3186296426824328
0.2,0.19999819999820004,-0.20275393786269785,-0.05535631494259135,-0.372054244098443,0.4,-0.13333213333213328,-0.03236864345006059,-0.047777166574986284,-0.16120631720430106,0.5,-0.26666726666726664,0.0,0.0,-0.32070737621705214,0.4,-0.13333213333213328,-0.17728103370027465,-0.05535631494259135,-0.3172146798449327
0.2,0.0,-0.23935998062346273,-0.012845337769656618,-0.3598995479658463,0.4,-0.13333213333213328,-1.0,-0.072300845126769,0.2453280086848635,0.5,-0.1999981999982,0.0,0.0,-0.3167465322890311,0.4,-0.13333213333213328,-0.23935998062346273,-0.012845337769656618,0.013707781243589257
0.4,0.0,-0.5022145233202623,-0.09471732075162945,-0.39955801104972377,0.4,-0.13333213333213328,-0.03236864345006059,-0.047777166574986284,-0.17534506823821336,0.5,-0.26666726666726664,0.0,0.0,-0.32070737621705214,0.4,-0.13333213333213328,-0.17728103370027465,-0.09471732075162945,-0.32070737621705214
0.2,0.0,-0.4631881468306984,-0.04701775438405096,-0.40510296333500756,0.4,-0.1999981999982,-0.03236864345006059,-0.047777166574986284,-0.16273133788254762,0.5,-0.1999981999982,0.0,0.0,-0.3167465322890311,0.4,-0.1999981999982,-0.17728103370027465,-0.04701775438405096,-0.3167465322890311
0.2,0.0,-0.4631881468306984,-0.04701775438405096,-0.4300351582119538,0.4,-0.13333213333213328,-0.1090771010875836,-0.062179326899034854,-0.16273133788254762,0.5,-0.13333213333213328,0.0,0.0,-0.3053794888249496,0.4,-0.13333213333213328,-0.2425016391992575,-0.04701775438405096,-0.3053794888249496
0.4,0.0,-0.5022145233202623,-0.09569913000790897,-0.40510296333500756,0.4,-0.13333213333213328,-0.1090771010875836,-0.062179326899034854,-0.16273133788254762,0.5,-0.26666726666726664,0.0,0.0,-0.32070737621705214,0.4,-0.13333213333213328,-0.2425016391992575,-0.09569913000790897,-0.31845605988080655
0.2,0.19999819999820004,-0.20275393786269785,-0.03135653312242611,-0.3046911099949774,0.4,-0.1999981999982,-0.1090771010875836,-0.062179326899034854,-0.16684113937138137,0.5,-0.26666726666726664,0.0,0.0,-0.32070737621705214,0.4,-0.1999981999982,-0.20275393786269785,-0.03135653312242611,-0.32070737621705214
0.2,0.0,-0.20275393786269785,-0.058069926637030554,-0.4353390256152687,0.2,-0.13333213333213328,0.0,-0.019632944941741323,-0.16120631720430106,0.5,-0.26666726666726664,0.0,0.0,-0.32070737621705214,0.2,-0.13333213333213328,-0.14975991556008977,-0.058069926637030554,-0.3172146798449327
0.4,0.0,-0.5022145233202623,-0.09533776965663945,-0.4353390256152687,0.4,-0.1999981999982,-0.03236864345006059,-0.047777166574986284,-0.16273133788254762,0.5,-0.13333213333213328,0.0,0.0,-0.3053794888249496,0.4,-0.13333213333213328,-0.17728103370027465,-0.09533776965663945,-0.3053794888249496
0.2,0.19999819999820004,-0.4631881468306984,-0.05648130471541159,-0.3236564540431944,0.4,-0.1999981999982,-0.03236864345006059,-0.047777166574986284,-0.16273133788254762,0.5,-0.13333213333213328,0.0,0.0,-0.3053794888249496,0.4,-0.13333213333213328,-0.17728103370027465,-0.05648130471541159,-0.3053794888249496
0.2,0.0,-0.4631881468306984,-0.04701775438405096,-0.4077147162230035,0.4,-0.1999981999982,-0.03236864345006059,-0.047777166574986284,-0.16273133788254762,0.5,-0.13333213333213328,0.0,0.0,-0.3053794888249496,0.4,-0.13333213333213328,-0.17728103370027465,-0.04701775438405096,-0.3053794888249496
0.2,0.0,-0.20272755632716083,-0.0647312297160935,-0.36552486187845307,0.4,-0.1999981999982,-0.1090771010875836,-0.062179326899034854,-0.16273133788254762,0.5,-0.1999981999982,0.0,0.0,-0.3167465322890311,0.4,-0.1999981999982,-0.20272755632716083,-0.0647312297160935,-0.3167465322890311
0.2,0.0,-0.23935998062346273,-0.023208879919273395,-0.36243093922651937,0.4,0.0,-0.1090771010875836,-0.062179326899034854,-0.17514474772539282,0.5,-0.13333213333213328,0.0,0.0,-0.3053794888249496,0.4,0.0,-0.23935998062346273,-0.023208879919273395,-0.3053794888249496
0.4,0.19999819999820004,-0.5022145233202623,-0.09471732075162945,-0.27065796082370663,0.4,-0.13333213333213328,-0.03236864345006059,-0.047777166574986284,-0.17534506823821336,0.5,-0.1999981999982,0.0,0.0,-0.3167465322890311,0.4,-0.13333213333213328,-0.17728103370027465,-0.09471732075162945,-0.3167465322890311
0.2,0.0,-0.20275393786269785,-0.06865846674121141,-0.40309392265193367,0.4,-0.06666606666606656,-1.0,-0.3889383407511127,-0.10353985732009932,0.5,-0.1999981999982,0.0,0.0,-0.3167465322890311,0.4,-0.06666606666606656,-0.20275393786269785,-0.06865846674121141,-0.270273682217231
0.2,-0.19999819999820004,-0.20272755632716083,-0.026522486159216766,-0.46169763937719743,0.4,-0.13333213333213328,-0.1090771010875836,-0.062179326899034854,-0.17534506823821336,0.5,-0.13333213333213328,0.0,0.0,-0.3053794888249496,0.4,-0.13333213333213328,-0.20272755632716083,-0.026522486159216766,-0.3053794888249496
0.4,0.0,-0.5022145233202623,-0.05648130471541159,-0.3604821697639377,0.4,-0.1999981999982,-1.0,-0.3889383407511127,0.1949700165425972,0.5,-0.13333213333213328,0.0,0.0,-0.3083409166223943,0.4,-0.13333213333213328,-0.5022145233202623,-0.05648130471541159,-0.027284060364734273
0.4,0.0,-0.5022145233202623,-0.09569913000790897,-0.4077147162230035,0.4,-0.1999981999982,-0.03236864345006059,-0.047777166574986284,-0.16273133788254762,0.5,-0.13333213333213328,0.0,0.0,-0.3053794888249496,0.4,-0.13333213333213328,-0.17728103370027465,-0.09569913000790897,-0.3053794888249496
0.4,0.0,-0.5022145233202623,-0.09533776965663945,-0.40542440984429934,0.4,-0.06666606666606656,-0.1090771010875836,-0.062179326899034854,-0.16120631720430106,0.5,-0.1999981999982,0.0,0.0,-0.3167465322890311,0.4,-0.06666606666606656,-0.2425016391992575,-0.09533776965663945,-0.3167465322890311
