REL_W,RF_W,INPC_W,PFC_W,WCC_W,REL_D,RF_D,INPC_D,PFC_D,WCC_D,REL_F,RF_F,INPC_F,PFC_F,WCC_F,REL_R,RF_R,INPC_R,PFC_R,WCC_R
-0.06666666666666676,0.18518499999999996,0.07444628460419252,0.049559848561986856,-0.08486475611701949,-0.05555555555555563,0.04166627604142257,0.06248606645721988,0.016992944449965217,0.08183621558495575,0.166666666666667,0.1304335066159797,0.011454096533000427,0.0,-0.02879010929484115,0.11764705882352958,0.11111,0.032090478755704414,0.045672075607927354,0.045620859167708444
-0.06666666666666676,0.14814666666666665,0.13564398142641668,0.051525333777650256,-0.11645403650440181,-0.05555555555555563,-0.041668151042594394,0.09548335055877066,0.023873128700948713,0.08183621558495575,0.0833333333333335,0.1304335066159797,0.5339598570567984,0.0,-0.09232896791256408,0.05882352941176479,0.11111,0.209359996219281,0.047637560823590754,0.045620859167708444
0.0,0.18518499999999996,0.12425014105691651,0.049559848561986856,-0.08218346549009004,-0.05555555555555563,-0.041668151042594394,0.09548335055877066,0.023873128700948713,0.05160171221058451,0.0833333333333335,0.30434680529278363,0.43185573967109986,0.0,0.006541120989070547,0.05882352941176479,0.25925833333333326,0.12956291707697318,0.045672075607927354,0.015386355793337194
0.0,0.0,0.0586861738862511,0.03492207483654385,-0.20868974033451965,-0.05555555555555563,-0.08333442708401685,0.1279935123632827,0.046167965347721086,-0.09043269197806944,0.166666666666667,0.1304335066159797,0.41279848225067395,0.0,-0.02879010929484115,0.11764705882352958,0.11111,0.11466916433173804,0.031034301882484357,-0.025811140338648376
0.0,0.07407333333333335,0.08109668597581775,0.049559848561986856,-0.1880302746501835,-0.05555555555555563,-0.12500070312543943,0.1279935123632827,0.046167965347721086,-0.10819699106185851,0.0833333333333335,0.1304335066159797,0.5159472429462,0.0,-0.02879010929484115,0.05882352941176479,0.11111,0.19528265996149163,0.045672075607927354,-0.025811140338648376
0.0,0.0,0.06498432963193598,0.06155331957185131,-0.22677544451150564,-0.05555555555555563,-0.041668151042594394,0.09548335055877066,0.023873128700948713,0.06609905316491566,0.0833333333333335,0.1304335066159797,0.44948880741647335,0.0,-0.09232896791256408,0.05882352941176479,0.11111,0.14334362777137194,0.057665546617791816,0.029883696747668345
-0.06666666666666676,0.0,0.06498432963193598,0.04140786749482402,-0.22742061922898155,-0.11111111111111126,0.20833325520828455,0.09548335055877066,0.02005015461416602,0.0715714080029619,0.0833333333333335,0.217391134215464,0.49138818347103386,0.0,-0.005163304974030489,0.05882352941176479,0.18518500000000004,0.17608910280847742,0.03752009454076452,0.035356051585714574
-0.13333333333333353,0.037036666666666655,0.12221255777147129,0.05843693014042265,-0.2220615066563994,-0.11111111111111126,0.20833325520828455,0.06248606645721988,0.009762028631386954,0.07167196495133273,0.0833333333333335,0.217391134215464,0.5389418037992798,0.0,-0.005163304974030489,0.05882352941176479,0.18518500000000004,0.21325351989561647,0.05454915718636315,0.035456608534085415
-0.06666666666666676,0.18518499999999996,0.06498432963193598,0.051525333777650256,-0.06773987665369385,-0.05555555555555563,-0.041668151042594394,0.09548335055877066,0.023873128700948713,0.06037530595594234,0.0833333333333335,0.217391134215464,0.44948880741647335,0.0,0.0008960265111684786,0.05882352941176479,0.18518500000000004,0.14334362777137194,0.047637560823590754,0.024159949538695026
-0.06666666666666676,0.14814666666666665,0.13397091781062076,0.0639908915033648,-0.11645403650440181,-0.05555555555555563,0.04166627604142257,0.09548335055877066,0.023873128700948713,0.08183621558495575,0.166666666666667,0.043477835538659935,0.43185573967109986,0.0,-0.13429053946404101,0.11764705882352958,0.037036666666666704,0.12956291707697318,0.0601031185493053,0.045620859167708444
0.0,0.0,0.0586861738862511,0.049559848561986856,-0.2095152864783867,-0.05555555555555563,0.04166627604142257,0.06248606645721988,0.019664349889811826,0.06609905316491566,0.0833333333333335,0.1304335066159797,0.43185573967109986,0.0,-0.02879010929484115,0.05882352941176479,0.11111,0.12956291707697318,0.045672075607927354,0.029883696747668345
-0.06666666666666676,0.037036666666666655,0.12957592735879397,0.07682979885403265,-0.1880302746501835,-0.05555555555555563,0.0,0.06248606645721988,0.016992944449965217,0.08155511320655541,0.166666666666667,0.1304335066159797,0.011454096533000427,0.0,-0.02879010929484115,0.11764705882352958,0.11111,0.06228045085517721,0.07294202589997316,0.04533975678930811
0.0,-0.03703833333333332,0.13397091781062076,0.08474727933031569,-0.20868974033451965,0.0,-0.08333442708401685,0.09548335055877066,0.023873128700948713,-0.011530910977390703,0.0833333333333335,0.30434680529278363,0.43185573967109986,0.0,0.006541120989070547,0.05882352941176479,0.25925833333333326,0.12956291707697318,0.08085950637625619,0.005864298398173549
0.0,0.18518499999999996,0.07444628460419252,0.02957484425766677,-0.10167745426543738,-0.05555555555555563,0.04166627604142257,0.09548335055877066,0.023873128700948713,0.05160171221058451,0.0833333333333335,0.30434680529278363,0.33007346800814485,0.0,0.006541120989070547,0.05882352941176479,0.25925833333333326,0.050017368913698936,0.025687071303607274,0.015386355793337194
-0.06666666666666676,0.18518499999999996,0.08109668597581775,0.021771528542733124,-0.10167745426543738,-0.05555555555555563,0.20833325520828455,0.06248606645721988,0.009762028631386954,0.06399878417507876,0.0833333333333335,0.1304335066159797,0.6101007307984813,0.0,-0.034885128891437966,0.05882352941176479,0.14814833333333333,0.2688661109920879,0.01788375558867363,0.02778342775783145
0.0,0.0,0.06498432963193598,0.06695608976435775,-0.22742061922898155,-0.05555555555555563,-0.041668151042594394,0.1279935123632827,0.0451917624845824,-0.07878979712635666,0.0,0.1304335066159797,0.6618685260549694,0.0,-0.09232896791256408,0.0,0.11111,0.30932401769432416,0.06306831681029826,-0.08277550889814721
-0.06666666666666676,0.07407333333333335,0.11641153658535046,0.058433844606332115,-0.2220615066563994,-0.05555555555555563,0.08333255208284514,0.1279935123632827,0.0451917624845824,-0.04861014299655138,0.0833333333333335,0.30434680529278363,0.4421133656254856,0.0,0.006541120989070547,0.05882352941176479,0.25925833333333326,0.13757952415465166,0.05454607165227262,0.005864298398173549
0.0,-0.03703833333333332,0.10639028946922667,0.07592265183141876,-0.2267407576987381,0.0,-0.041668151042594394,0.06248606645721988,0.016992944449965217,0.02070787520882704,0.25000000000000044,0.08695567107731976,0.6101007307984813,0.0,-0.04607207723926964,0.17647058823529435,0.07407333333333331,0.2688661109920879,0.07203487887735927,-0.015507481208420274
0.0,0.037036666666666655,0.14345849455087506,0.06155331957185131,-0.1880302746501835,-0.05555555555555563,-0.08333442708401685,0.1279935123632827,0.046167965347721086,-0.0846175293614862,0.0,0.1304335066159797,0.5159472429462,0.0,-0.02879010929484115,0.0,0.11111,0.19528265996149163,0.057665546617791816,-0.025811140338648376
0.0,0.14814666666666665,0.13564398142641668,0.046261412619217346,-0.11645403650440181,-0.05555555555555563,-0.041668151042594394,0.1279935123632827,0.0451917624845824,-0.08434556852384688,0.0,0.217391134215464,0.5159472429462,0.0,0.0,0.0,0.18518500000000004,0.19528265996149163,0.04237363966515784,0.0
0.0,-0.03703833333333332,0.12221255777147129,0.058433844606332115,-0.20868974033451965,-0.05555555555555563,-0.041668151042594394,0.09548335055877066,0.023873128700948713,0.05122462365419377,0.166666666666667,0.30434680529278363,0.013548001820863045,0.0,0.006541120989070547,0.11764705882352958,0.25925833333333326,0.05491708126785451,0.05454607165227262,0.015009267236946459
0.0,0.18518499999999996,0.0586861738862511,0.025341491485468673,-0.10167745426543738,-0.05555555555555563,0.04166627604142257,0.06248606645721988,0.019664349889811826,0.05160171221058451,0.0833333333333335,0.30434680529278363,0.6533676949454695,0.0,0.006541120989070547,0.05882352941176479,0.25925833333333326,0.30268039244013667,0.021453718531409174,0.015386355793337194
-0.13333333333333353,0.296295,0.12221255777147129,0.04158374293798386,0.017343406383761036,-0.05555555555555563,0.20833325520828455,0.06248606645721988,0.010399190979184056,0.06399878417507876,0.166666666666667,0.043477835538659935,0.011454096533000427,0.0,-0.04607207723926964,0.11764705882352958,0.14814833333333333,0.05491708126785451,0.03769596998392436,0.02778342775783145
-0.06666666666666676,0.07407333333333335,0.0586861738862511,0.04631386669875624,-0.2220615066563994,-0.05555555555555563,0.20833325520828455,0.06248606645721988,0.009762028631386954,0.06371311102629794,0.0833333333333335,0.30434680529278363,0.43185573967109986,0.0,0.006541120989070547,0.05882352941176479,0.25925833333333326,0.12956291707697318,0.042426093744696754,0.027497754609050618
0.0,0.0,0.1400703676618044,0.061195397617350586,-0.20868974033451965,-0.05555555555555563,-0.08333442708401685,0.08534191498643053,0.03295707630165251,-0.09043269197806944,0.166666666666667,0.1304335066159797,0.2926523334578135,0.0,-0.02879010929484115,0.11764705882352958,0.11111,0.07277489115818761,0.05730762466329108,-0.025811140338648376
-0.13333333333333353,0.18518499999999996,0.06498432963193598,0.030697978666617297,-0.06885332334353127,-0.11111111111111126,0.20833325520828455,0.03482959268054072,0.009762028631386954,0.07196220887049405,0.0833333333333335,0.30434680529278363,0.5389418037992798,0.0,0.006541120989070547,0.05882352941176479,0.25925833333333326,0.21325351989561647,0.026810205712557798,0.03574685245324674
-0.06666666666666676,0.0,0.04914628674644089,0.02957484425766677,-0.2095152864783867,-0.05555555555555563,0.08333255208284514,0.1279935123632827,0.0451917624845824,-0.047602288127652506,0.0833333333333335,0.217391134215464,0.47006031636132684,0.0,-0.005163304974030489,0.05882352941176479,0.18518500000000004,0.15942080829434951,0.025687071303607274,-0.004629047702845043
-0.13333333333333353,0.14814666666666665,0.12221255777147129,0.04158065740389333,-0.11725530187933152,-0.11111111111111126,0.16666510416569016,0.09548335055877066,0.02005015461416602,0.07920916530876695,0.0833333333333335,0.1304335066159797,0.49138818347103386,0.0,-0.034885128891437966,0.05882352941176479,0.11111,0.17608910280847742,0.03769288444983383,0.042993808891519644
-0.06666666666666676,0.07407333333333335,0.11641153658535046,0.08458374602351795,-0.1880302746501835,0.0,-0.08333442708401685,0.09548335055877066,0.023873128700948713,0.003330948914784843,0.166666666666667,0.30434680529278363,0.013548001820863045,0.0,0.006541120989070547,0.11764705882352958,0.25925833333333326,0.049116060081733685,0.08069597306945846,0.005864298398173549
-0.06666666666666676,-0.03703833333333332,0.12660754822329806,0.07592265183141876,-0.22746571208557934,-0.05555555555555563,0.20833325520828455,0.06248606645721988,0.009762028631386954,0.06361483946311729,0.0833333333333335,0.1304335066159797,0.3371358216644542,0.0,-0.034885128891437966,0.05882352941176479,0.14814833333333333,0.05931207171968129,0.07203487887735927,0.02739948304586997
-0.06666666666666676,0.037036666666666655,0.09393632757169634,0.06479313036690086,-0.1880302746501835,-0.05555555555555563,-0.041668151042594394,0.1279935123632827,0.0451917624845824,-0.07878979712635666,0.0,0.30434680529278363,0.6378229935751883,0.0,0.006541120989070547,0.0,0.25925833333333326,0.29053179552506636,0.06090535741284137,0.005864298398173549
0.0,0.14814666666666665,0.12957592735879397,0.049559848561986856,-0.11645403650440181,-0.05555555555555563,0.04166627604142257,0.09548335055877066,0.023873128700948713,0.06648642595466255,0.0833333333333335,0.043477835538659935,0.39021520529685794,0.0,-0.13429053946404101,0.05882352941176479,0.037036666666666704,0.09701973368665494,0.045672075607927354,0.030271069537415235
0.0,-0.03703833333333332,0.14493148886825868,0.07592265183141876,-0.22742061922898155,-0.05555555555555563,0.04166627604142257,0.06248606645721988,0.016992944449965217,0.08150254934717968,0.0833333333333335,0.043477835538659935,0.005276983255147085,0.0,-0.04607207723926964,0.05882352941176479,0.037036666666666704,0.0776360123646419,0.07203487887735927,0.04528719292993238
0.0,0.0,0.06498432963193598,0.06155331957185131,-0.22677544451150564,-0.05555555555555563,-0.08333442708401685,0.1279935123632827,0.046167965347721086,-0.0846175293614862,0.0833333333333335,0.217391134215464,0.46404714181742857,0.0,0.0008960265111684786,0.05882352941176479,0.18518500000000004,0.15472135270664397,0.057665546617791816,0.0008033128943717925
-0.13333333333333353,0.14814666666666665,0.13564398142641668,0.046261412619217346,-0.11725530187933152,-0.11111111111111126,0.08333255208284514,0.1279935123632827,0.0451917624845824,-0.042101365974728196,0.0833333333333335,0.043477835538659935,0.5159472429462,0.0,-0.04607207723926964,0.05882352941176479,0.037036666666666704,0.19528265996149163,0.04237363966515784,-0.041304909235927154
0.0,0.0,0.08109668597581775,0.05349699006149471,-0.22677544451150564,-0.05555555555555563,-0.041668151042594394,0.09548335055877066,0.023873128700948713,0.05122462365419377,0.0833333333333335,0.217391134215464,0.6533676949454695,0.0,0.0008960265111684786,0.05882352941176479,0.18518500000000004,0.30268039244013667,0.04960921710743521,0.015009267236946459
-0.06666666666666676,0.18518499999999996,0.0586861738862511,0.02957484425766677,-0.10167745426543738,-0.05555555555555563,0.20833325520828455,0.06248606645721988,0.009762028631386954,0.06399878417507876,0.166666666666667,0.1304335066159797,0.39021520529685794,0.0,-0.034885128891437966,0.11764705882352958,0.14814833333333333,0.09701973368665494,0.025687071303607274,0.02778342775783145
-0.13333333333333353,0.037036666666666655,0.12957592735879397,0.06870250205959402,-0.2220615066563994,-0.11111111111111126,0.20833325520828455,0.06248606645721988,0.009762028631386954,0.07167196495133273,0.166666666666667,0.217391134215464,0.011454096533000427,0.0,-0.005163304974030489,0.11764705882352958,0.18518500000000004,0.06228045085517721,0.06481472910553453,0.035456608534085415
0.0,-0.03703833333333332,0.09767723181423268,0.07282169007044273,-0.22677544451150564,-0.05555555555555563,-0.08333442708401685,0.1279935123632827,0.046167965347721086,-0.0846175293614862,0.0833333333333335,0.08695567107731976,0.5099409855012417,0.0,-0.18068126055507758,0.05882352941176479,0.07407333333333331,0.1905886102702933,0.06893391711638323,-0.12083288577873352
-0.06666666666666676,0.0,0.08483759021835405,0.06110283159463488,-0.2095152864783867,-0.05555555555555563,0.20833325520828455,0.06248606645721988,0.010399190979184056,0.06361483946311729,0.166666666666667,0.217391134215464,0.2997146871141229,0.0,-0.005163304974030489,0.11764705882352958,0.18518500000000004,0.032090478755704414,0.05721505864057538,0.02739948304586997
-0.13333333333333353,0.14814666666666665,0.14345849455087506,0.051525333777650256,-0.11725530187933152,-0.11111111111111126,0.08333255208284514,0.1279935123632827,0.0451917624845824,-0.04868441801523438,0.0,0.30434680529278363,0.5615180633431373,0.0,0.006541120989070547,0.0,0.25925833333333326,0.2308974662484675,0.047637560823590754,0.005864298398173549
0.0,0.07407333333333335,0.0586861738862511,0.03695235626810823,-0.1880302746501835,0.0,-0.041668151042594394,0.06248606645721988,0.019664349889811826,0.013400356063012627,0.25000000000000044,0.08695567107731976,0.6533676949454695,0.0,-0.18068126055507758,0.17647058823529435,0.07407333333333331,0.30268039244013667,0.033064583314048726,-0.02281500035423469
0.0,0.037036666666666655,0.13564398142641668,0.06479313036690086,-0.1880302746501835,-0.05555555555555563,0.04166627604142257,0.09548335055877066,0.023873128700948713,0.051321752524779274,0.0833333333333335,0.30434680529278363,0.5339598570567984,0.0,0.006541120989070547,0.05882352941176479,0.25925833333333326,0.209359996219281,0.06090535741284137,0.015106396107531953
0.0,0.037036666666666655,0.12221255777147129,0.06479313036690086,-0.1880302746501835,-0.05555555555555563,0.04166627604142257,0.06248606645721988,0.016992944449965217,0.0661984674206914,0.166666666666667,0.1304335066159797,0.011454096533000427,0.0,-0.02879010929484115,0.11764705882352958,0.11111,0.05491708126785451,0.06090535741284137,0.029983111003444095
0.0,0.037036666666666655,0.12957592735879397,0.06961582015038892,-0.1880302746501835,-0.05555555555555563,-0.12500070312543943,0.1279935123632827,0.046167965347721086,-0.11097830483838897,0.166666666666667,0.30434680529278363,0.3970660073761309,0.0,0.006541120989070547,0.11764705882352958,0.25925833333333326,0.10237381743670555,0.06572804719632942,0.005864298398173549
0.0,0.18518499999999996,0.07818718543821905,0.030697978666617297,-0.08218346549009004,-0.05555555555555563,-0.041668151042594394,0.09548335055877066,0.023873128700948713,0.06648642595466255,0.0833333333333335,0.1304335066159797,0.4867299403858158,0.0,-0.02879010929484115,0.05882352941176479,0.11111,0.17244856213634077,0.026810205712557798,0.030271069537415235
-0.13333333333333353,0.18518499999999996,0.07444628460419252,0.03910297352920305,-0.06885332334353127,-0.11111111111111126,0.20833325520828455,0.06248606645721988,0.009762028631386954,0.0769626316667543,0.166666666666667,0.217391134215464,0.011454096533000427,0.0,-0.005163304974030489,0.11764705882352958,0.18518500000000004,0.032090478755704414,0.035215200575143546,0.040747275249506984
-0.06666666666666676,0.0,0.1400703676618044,0.07592265183141876,-0.22742061922898155,-0.11111111111111126,0.20833325520828455,0.06248606645721988,0.009762028631386954,0.0788800698413714,0.0833333333333335,0.1304335066159797,0.005276983255147085,0.0,-0.034885128891437966,0.05882352941176479,0.14814833333333333,0.07277489115818761,0.07203487887735927,0.04266471342412408
0.0,0.07407333333333335,0.07818718543821905,0.049559848561986856,-0.1880302746501835,-0.05555555555555563,0.04166627604142257,0.09548335055877066,0.023873128700948713,0.0661984674206914,0.0833333333333335,0.1304335066159797,0.4867299403858158,0.0,-0.02879010929484115,0.05882352941176479,0.11111,0.17244856213634077,0.045672075607927354,0.029983111003444095
-0.06666666666666676,0.18518499999999996,0.08483759021835405,0.051525333777650256,-0.06773987665369385,-0.05555555555555563,-0.041668151042594394,0.09548335055877066,0.023873128700948713,0.08183621558495575,0.0833333333333335,0.1304335066159797,0.39021520529685794,0.0,-0.09232896791256408,0.05882352941176479,0.11111,0.09701973368665494,0.047637560823590754,0.045620859167708444
0.0,-0.03703833333333332,0.10231998684178886,0.07592265183141876,-0.2267407576987381,-0.05555555555555563,-0.041668151042594394,0.09548335055877066,0.023873128700948713,0.08150254934717968,0.0833333333333335,0.1304335066159797,0.6533676949454695,0.0,-0.09232896791256408,0.05882352941176479,0.11111,0.30268039244013667,0.07203487887735927,0.04528719292993238
-0.06666666666666676,0.18518499999999996,0.07818718543821905,0.05584508150438301,-0.06773987665369385,-0.05555555555555563,0.04166627604142257,-0.0032002132971119105,0.009762028631386954,0.06037530595594234,0.0833333333333335,0.30434680529278363,0.4867299403858158,0.0,-0.024049963355957004,0.05882352941176479,0.25925833333333326,0.17244856213634077,0.05195730855032351,0.024159949538695026
0.0,0.037036666666666655,0.12957592735879397,0.07124806768427581,-0.1880302746501835,-0.05555555555555563,0.04166627604142257,0.03482959268054072,0.016992944449965217,0.051321752524779274,0.166666666666667,0.30434680529278363,0.3371358216644542,0.0,0.006541120989070547,0.11764705882352958,0.25925833333333326,0.06228045085517721,0.0673602947302163,0.015106396107531953
-0.06666666666666676,0.18518499999999996,0.06498432963193598,0.058433844606332115,-0.08486475611701949,-0.05555555555555563,0.04166627604142257,0.06248606645721988,0.016992944449965217,0.058101347691646696,0.0833333333333335,0.217391134215464,0.4236571500222157,0.0,0.0,0.05882352941176479,0.18518500000000004,0.12315550155036924,0.05454607165227262,0.021885991274399382
-0.06666666666666676,0.07407333333333335,0.07818718543821905,0.058433844606332115,-0.1880302746501835,-0.05555555555555563,-0.08333442708401685,0.1279935123632827,0.046167965347721086,-0.08989448376576628,0.166666666666667,0.08695567107731976,0.3827008196609597,0.0,-0.04607207723926964,0.11764705882352958,0.07407333333333331,0.09114704176544176,0.05454607165227262,-0.041304909235927154
0.0,0.0,0.07444628460419252,0.0639908915033648,-0.22742061922898155,-0.05555555555555563,0.04166627604142257,0.09548335055877066,0.023873128700948713,0.058101347691646696,0.0833333333333335,0.217391134215464,0.33007346800814485,0.0,0.0,0.05882352941176479,0.18518500000000004,0.050017368913698936,0.0601031185493053,0.021885991274399382
-0.13333333333333353,0.18518499999999996,0.11641153658535046,0.051525333777650256,-0.06885332334353127,-0.11111111111111126,0.2499995312497071,-0.0032002132971119105,-0.00010521947027844651,0.07920916530876695,0.166666666666667,0.1304335066159797,0.005276983255147085,0.0,-0.034885128891437966,0.11764705882352958,0.18518500000000004,0.049116060081733685,0.047637560823590754,0.042993808891519644
-0.06666666666666676,-0.03703833333333332,0.12221255777147129,0.058433844606332115,-0.22742061922898155,-0.11111111111111126,0.16666510416569016,0.09548335055877066,0.02005015461416602,0.0788800698413714,0.166666666666667,0.1304335066159797,0.013548001820863045,0.0,-0.034885128891437966,0.11764705882352958,0.11111,0.05491708126785451,0.05454607165227262,0.04266471342412408
0.0,0.0,0.04914628674644089,0.0431481087218792,-0.22746571208557934,-0.05555555555555563,-0.041668151042594394,0.1279935123632827,0.0451917624845824,-0.08434556852384688,0.0,0.217391134215464,0.6708232645239725,0.0,0.0,0.0,0.18518500000000004,0.31632238360360915,0.039260335767819704,0.0
-0.06666666666666676,0.07407333333333335,0.08109668597581775,0.051525333777650256,-0.1880302746501835,-0.05555555555555563,0.0,0.06248606645721988,0.016992944449965217,0.08155511320655541,0.0833333333333335,0.1304335066159797,0.6533676949454695,0.0,-0.09232896791256408,0.05882352941176479,0.11111,0.30268039244013667,0.047637560823590754,0.04533975678930811
-0.06666666666666676,0.07407333333333335,0.11641153658535046,0.058433844606332115,-0.1880302746501835,-0.05555555555555563,-0.041668151042594394,0.08534191498643053,0.03295707630165251,-0.07878979712635666,0.166666666666667,0.217391134215464,0.2926523334578135,0.0,0.0,0.11764705882352958,0.18518500000000004,0.049116060081733685,0.05454607165227262,0.0
-0.06666666666666676,0.07407333333333335,0.0586861738862511,0.030697978666617297,-0.2220615066563994,-0.05555555555555563,0.20833325520828455,0.06248606645721988,0.009762028631386954,0.06371311102629794,0.0833333333333335,0.217391134215464,0.6101007307984813,0.0,-0.005163304974030489,0.05882352941176479,0.18518500000000004,0.2688661109920879,0.026810205712557798,0.027497754609050618
0.0,0.037036666666666655,0.07985524195315176,0.04978200701650455,-0.1880302746501835,-0.05555555555555563,-0.08333442708401685,0.1279935123632827,0.046167965347721086,-0.09133656182081207,0.0833333333333335,0.217391134215464,0.47006031636132684,0.0,0.0008960265111684786,0.05882352941176479,0.18518500000000004,0.15942080829434951,0.045894234062445055,0.0008033128943717925
0.0,-0.03703833333333332,0.15303523108989026,0.08474727933031569,-0.22677544451150564,-0.05555555555555563,-0.08333442708401685,0.08534191498643053,0.03295707630165251,-0.0846175293614862,0.166666666666667,0.1304335066159797,0.33007346800814485,0.0,-0.02879010929484115,0.11764705882352958,0.11111,0.08573975458627348,0.08085950637625619,-0.025811140338648376
0.0,0.07407333333333335,0.08109668597581775,0.049559848561986856,-0.1880302746501835,-0.05555555555555563,0.04166627604142257,0.06248606645721988,0.019664349889811826,0.051321752524779274,0.0833333333333335,0.30434680529278363,0.4867299403858158,0.0,0.006541120989070547,0.05882352941176479,0.25925833333333326,0.17244856213634077,0.045672075607927354,0.015106396107531953
0.0,0.037036666666666655,0.14345849455087506,0.06479313036690086,-0.1880302746501835,-0.05555555555555563,0.0,0.06248606645721988,0.016992944449965217,0.051321752524779274,0.0833333333333335,0.217391134215464,0.4867299403858158,0.0,0.0008960265111684786,0.05882352941176479,0.18518500000000004,0.17244856213634077,0.06090535741284137,0.015106396107531953
0.0,0.0,0.0586861738862511,0.05414186668641411,-0.20868974033451965,-0.05555555555555563,-0.08333442708401685,0.08534191498643053,0.03295707630165251,-0.09043269197806944,0.166666666666667,0.08695567107731976,0.4247543824739205,0.0,-0.04607207723926964,0.11764705882352958,0.07407333333333331,0.12401301784871258,0.0502540937323546,-0.041304909235927154
0.0,0.18518499999999996,0.07444628460419252,0.045255528505706695,-0.0828217028450124,0.0,-0.08333442708401685,0.09548335055877066,0.023873128700948713,-0.01119153127663905,0.0833333333333335,0.217391134215464,0.33007346800814485,0.0,0.0060950195965968935,0.05882352941176479,0.18518500000000004,0.050017368913698936,0.04136775555164719,0.005464355989880324
0.0,0.14814666666666665,0.12660754822329806,0.046261412619217346,-0.11645403650440181,-0.05555555555555563,0.0,0.06248606645721988,0.019664349889811826,0.05160171221058451,0.0833333333333335,0.217391134215464,0.3371358216644542,0.0,0.0008960265111684786,0.05882352941176479,0.18518500000000004,0.05931207171968129,0.04237363966515784,0.015386355793337194
-0.06666666666666676,0.037036666666666655,0.14345849455087506,0.06479313036690086,-0.2220615066563994,-0.05555555555555563,0.20833325520828455,0.06248606645721988,0.009762028631386954,0.06371311102629794,0.0833333333333335,0.1304335066159797,0.4867299403858158,0.0,-0.034885128891437966,0.05882352941176479,0.14814833333333333,0.17244856213634077,0.06090535741284137,0.027497754609050618
0.0,0.0,0.08109668597581775,0.06410814179880467,-0.2267407576987381,-0.05555555555555563,0.04166627604142257,0.03482959268054072,0.016180416318370732,0.06005535202930777,0.0833333333333335,0.30434680529278363,0.6533676949454695,0.0,0.006541120989070547,0.05882352941176479,0.25925833333333326,0.30268039244013667,0.06022036884474517,0.023839995612060457
-0.06666666666666676,0.0,0.06498432963193598,0.0414572360402724,-0.22742061922898155,-0.11111111111111126,0.20833325520828455,0.06248606645721988,0.009762028631386954,0.0715714080029619,0.0833333333333335,0.217391134215464,0.49138818347103386,0.0,-0.005163304974030489,0.05882352941176479,0.18518500000000004,0.17608910280847742,0.0375694630862129,0.035356051585714574
-0.06666666666666676,0.18518499999999996,0.08483759021835405,0.030697978666617297,-0.10167745426543738,-0.05555555555555563,0.20833325520828455,0.09548335055877066,0.02005015461416602,0.06399878417507876,0.0833333333333335,0.1304335066159797,0.6091511910570547,0.0,-0.09232896791256408,0.05882352941176479,0.14814833333333333,0.26812402046885114,0.026810205712557798,0.02778342775783145
-0.13333333333333353,0.33333333333333326,0.08483759021835405,0.03381745363213645,0.017343406383761036,-0.05555555555555563,0.04166627604142257,0.09548335055877066,0.023873128700948713,0.06648642595466255,0.0833333333333335,0.1304335066159797,0.39021520529685794,0.0,-0.09232896791256408,0.05882352941176479,0.11111,0.09701973368665494,0.02992968067807695,0.030271069537415235
-0.06666666666666676,0.037036666666666655,0.12957592735879397,0.0813994748420978,-0.1880302746501835,-0.05555555555555563,-0.041668151042594394,0.09548335055877066,0.023873128700948713,0.08155511320655541,0.0833333333333335,0.1304335066159797,0.43185573967109986,0.0,-0.09232896791256408,0.05882352941176479,0.11111,0.12956291707697318,0.0775117018880383,0.04533975678930811
-0.13333333333333353,0.037036666666666655,0.10639028946922667,0.06479313036690086,-0.2220615066563994,-0.11111111111111126,0.16666510416569016,0.09548335055877066,0.02005015461416602,0.07893034831555687,0.0833333333333335,0.1304335066159797,0.6101007307984813,0.0,-0.09232896791256408,0.05882352941176479,0.11111,0.2688661109920879,0.06090535741284137,0.042714991898309566
0.0,0.07407333333333335,0.07818718543821905,0.058433844606332115,-0.1880302746501835,-0.05555555555555563,0.04166627604142257,0.06248606645721988,0.016992944449965217,0.051321752524779274,0.0833333333333335,0.30434680529278363,0.5339598570567984,0.0,0.006541120989070547,0.05882352941176479,0.25925833333333326,0.209359996219281,0.05454607165227262,0.015106396107531953
-0.06666666666666676,0.14814666666666665,0.10871511128213496,0.046261412619217346,-0.11645403650440181,-0.05555555555555563,-0.041668151042594394,0.08534191498643053,0.03295707630165251,-0.07878979712635666,0.0,0.217391134215464,0.6378229935751883,0.0,0.0,0.0,0.18518500000000004,0.29053179552506636,0.04237363966515784,0.0
0.0,0.037036666666666655,0.14493148886825868,0.07238662976367898,-0.1880302746501835,0.0,-0.08333442708401685,0.06248606645721988,0.016992944449965217,-0.0114440663401613,0.166666666666667,0.217391134215464,0.005276983255147085,0.0,0.0060950195965968935,0.11764705882352958,0.18518500000000004,0.0776360123646419,0.06849885680961947,0.005464355989880324
-0.06666666666666676,0.18518499999999996,0.08483759021835405,0.051525333777650256,-0.08486475611701949,-0.05555555555555563,-0.041668151042594394,0.08534191498643053,0.03295707630165251,-0.07318603263987132,0.0,0.043477835538659935,0.4695422579247067,0.0,-0.04607207723926964,0.0,0.037036666666666704,0.15901593186893415,0.047637560823590754,-0.041304909235927154
0.0,0.18518499999999996,0.08483759021835405,0.049559848561986856,-0.0828217028450124,0.0,-0.041668151042594394,0.06248606645721988,0.019664349889811826,0.013664318052486182,0.0833333333333335,0.08695567107731976,0.3371358216644542,0.0,-0.04607207723926964,0.05882352941176479,0.07407333333333331,0.055536785839018936,0.045672075607927354,-0.02255103836476113
0.0,0.0,0.11344315744985453,0.061195397617350586,-0.2095152864783867,-0.05555555555555563,0.04166627604142257,0.06248606645721988,0.019664349889811826,0.05122462365419377,0.0833333333333335,0.30434680529278363,0.005276983255147085,0.0,0.006541120989070547,0.05882352941176479,0.25925833333333326,0.046147680946237765,0.05730762466329108,0.015009267236946459
0.0,0.07407333333333335,0.07444628460419252,0.02880963180321697,-0.1880302746501835,-0.05555555555555563,0.04166627604142257,0.06248606645721988,0.019664349889811826,0.051321752524779274,0.166666666666667,0.30434680529278363,0.011454096533000427,0.0,0.006541120989070547,0.11764705882352958,0.25925833333333326,0.032090478755704414,0.024921858849157475,0.015106396107531953
0.0,0.14814666666666665,0.12221255777147129,0.049559848561986856,-0.11645403650440181,-0.05555555555555563,0.0,0.06248606645721988,0.016992944449965217,0.05160171221058451,0.166666666666667,0.217391134215464,0.011454096533000427,0.0,0.0008960265111684786,0.11764705882352958,0.18518500000000004,0.05491708126785451,0.045672075607927354,0.015386355793337194
-0.06666666666666676,-0.03703833333333332,0.12221255777147129,0.07592265183141876,-0.22746571208557934,-0.05555555555555563,0.2499995312497071,-0.0032002132971119105,-0.00010521947027844651,0.06361483946311729,0.0833333333333335,0.217391134215464,0.5389418037992798,0.0,-0.025984768823885528,0.05882352941176479,0.18518500000000004,0.21325351989561647,0.07203487887735927,0.02739948304586997
0.0,0.0,0.07444628460419252,0.04156831526753123,-0.2095152864783867,-0.05555555555555563,0.04166627604142257,0.06248606645721988,0.019664349889811826,0.05122462365419377,0.166666666666667,0.217391134215464,0.011454096533000427,0.0,0.0,0.11764705882352958,0.18518500000000004,0.032090478755704414,0.037680542313471725,0.015009267236946459
0.0,0.037036666666666655,0.12221255777147129,0.0837475662849861,-0.1880302746501835,-0.05555555555555563,0.08333255208284514,-0.0032002132971119105,0.005529867715743728,0.0661984674206914,0.166666666666667,0.043477835538659935,0.005276983255147085,0.0,-0.04607207723926964,0.11764705882352958,0.037036666666666704,0.05491708126785451,0.07985979333092659,0.029983111003444095
0.0,0.0,0.11344315744985453,0.06695608976435775,-0.22746571208557934,-0.05555555555555563,0.04166627604142257,0.06248606645721988,0.016992944449965217,0.05122462365419377,0.0833333333333335,0.217391134215464,0.005276983255147085,0.0,0.0,0.05882352941176479,0.18518500000000004,0.046147680946237765,0.06306831681029826,0.015009267236946459
-0.13333333333333353,0.037036666666666655,0.15058693941880033,0.08474727933031569,-0.2220615066563994,-0.11111111111111126,0.20833325520828455,0.09548335055877066,0.02005015461416602,0.07167196495133273,0.0833333333333335,0.217391134215464,0.011454096533000427,0.0,-0.005163304974030489,0.05882352941176479,0.18518500000000004,0.08329146291518355,0.08085950637625619,0.035456608534085415
0.0,0.07407333333333335,0.0586861738862511,0.049559848561986856,-0.1880302746501835,-0.05555555555555563,0.0,0.06248606645721988,0.019664349889811826,0.0661984674206914,0.0833333333333335,0.1304335066159797,0.43185573967109986,0.0,-0.02879010929484115,0.05882352941176479,0.11111,0.12956291707697318,0.045672075607927354,0.029983111003444095
0.0,0.0,0.08483759021835405,0.0813994748420978,-0.2267407576987381,-0.05555555555555563,0.0,0.06248606645721988,0.016992944449965217,0.08150254934717968,0.166666666666667,0.1304335066159797,0.2997146871141229,0.0,-0.02879010929484115,0.11764705882352958,0.11111,0.032090478755704414,0.0775117018880383,0.04528719292993238
-0.06666666666666676,0.18518499999999996,0.07444628460419252,0.01749189275917715,-0.10167745426543738,-0.05555555555555563,0.12499882812426759,0.08534191498643053,0.02908149247973064,-0.047590861201701265,0.166666666666667,0.1304335066159797,0.3713038916859066,0.0,-0.034885128891437966,0.11764705882352958,0.11111,0.08224003990410568,0.015350532100353911,-0.031275496328528635
0.0,0.14814666666666665,0.12221255777147129,0.04158065740389333,-0.11645403650440181,-0.05555555555555563,0.0,0.06248606645721988,0.019664349889811826,0.05160171221058451,0.166666666666667,0.30434680529278363,0.39021520529685794,0.0,0.006541120989070547,0.11764705882352958,0.25925833333333326,0.09701973368665494,0.03769288444983383,0.015386355793337194
0.0,-0.03703833333333332,0.21743112922787078,0.08474727933031569,-0.2267407576987381,-0.05555555555555563,0.04166627604142257,-0.0032002132971119105,0.009762028631386954,0.06005535202930777,0.166666666666667,0.30434680529278363,0.0,0.0,-0.018950387152279886,0.11764705882352958,0.25925833333333326,0.15013565272425403,0.08085950637625619,0.023839995612060457
0.0,-0.03703833333333332,0.12957592735879397,0.07592265183141876,-0.2267407576987381,0.0,-0.08333442708401685,0.06248606645721988,0.016992944449965217,0.0019768581895635707,0.0833333333333335,0.217391134215464,0.4867299403858158,0.0,0.0060950195965968935,0.05882352941176479,0.18518500000000004,0.17244856213634077,0.07203487887735927,0.005464355989880324
-0.06666666666666676,0.14814666666666665,0.12221255777147129,0.051525333777650256,-0.11645403650440181,-0.05555555555555563,0.0,0.06248606645721988,0.016992944449965217,0.08183621558495575,0.166666666666667,0.1304335066159797,0.021529719047372418,0.0,-0.02879010929484115,0.11764705882352958,0.11111,0.05491708126785451,0.047637560823590754,0.045620859167708444
-0.06666666666666676,0.07407333333333335,0.07444628460419252,0.05503050050448483,-0.1880302746501835,-0.05555555555555563,0.04166627604142257,0.09548335055877066,0.020167065136697637,0.060105630503493185,0.0833333333333335,0.217391134215464,0.013548001820863045,0.0,0.0,0.05882352941176479,0.18518500000000004,0.04903663498689744,0.051142727550425336,0.023890274086245878
0.0,-0.03703833333333332,0.15364584175696816,0.08474727933031569,-0.2095152864783867,-0.05555555555555563,0.04166627604142257,0.06248606645721988,0.019664349889811826,0.06609905316491566,0.0833333333333335,0.1304335066159797,0.005276983255147085,0.0,-0.02879010929484115,0.05882352941176479,0.11111,0.0863503652533514,0.08085950637625619,0.029883696747668345
-0.13333333333333353,0.037036666666666655,0.12221255777147129,0.06479313036690086,-0.2220615066563994,-0.11111111111111126,0.20833325520828455,0.06248606645721988,0.009762028631386954,0.07167196495133273,0.166666666666667,0.217391134215464,0.011454096533000427,0.0,-0.005163304974030489,0.11764705882352958,0.18518500000000004,0.05491708126785451,0.06090535741284137,0.035456608534085415
-0.06666666666666676,0.037036666666666655,0.12957592735879397,0.06479313036690086,-0.20994540295670394,-0.05555555555555563,0.20833325520828455,0.06248606645721988,0.010399190979184056,0.06371311102629794,0.166666666666667,0.217391134215464,0.37963443393783447,0.0,-0.005163304974030489,0.11764705882352958,0.18518500000000004,0.0887505798940291,0.06090535741284137,0.027497754609050618
-0.06666666666666676,0.14814666666666665,0.12221255777147129,0.051525333777650256,-0.11645403650440181,-0.05555555555555563,0.04166627604142257,0.06248606645721988,0.016992944449965217,0.06037530595594234,0.0833333333333335,0.217391134215464,0.43185573967109986,0.0,0.0,0.05882352941176479,0.18518500000000004,0.12956291707697318,0.047637560823590754,0.024159949538695026
0.0,0.0,0.11344315744985453,0.06155331957185131,-0.22746571208557934,-0.05555555555555563,0.04166627604142257,0.06248606645721988,0.016992944449965217,0.05122462365419377,0.166666666666667,0.217391134215464,0.005276983255147085,0.0,0.0,0.11764705882352958,0.18518500000000004,0.046147680946237765,0.057665546617791816,0.015009267236946459
0.0,0.07407333333333335,0.07444628460419252,0.049559848561986856,-0.1880302746501835,-0.05555555555555563,0.04166627604142257,0.09548335055877066,0.023873128700948713,0.0661984674206914,0.0833333333333335,0.1304335066159797,0.33007346800814485,0.0,-0.09232896791256408,0.05882352941176479,0.11111,0.050017368913698936,0.045672075607927354,0.029983111003444095
0.0,0.18518499999999996,0.0586861738862511,0.02957484425766677,-0.10167745426543738,-0.05555555555555563,0.04166627604142257,0.09548335055877066,0.023873128700948713,0.06648642595466255,0.0833333333333335,0.1304335066159797,0.4044414491671187,0.0,-0.09232896791256408,0.05882352941176479,0.11111,0.10813792105342586,0.025687071303607274,0.030271069537415235
0.0,0.18518499999999996,0.07444628460419252,0.02957484425766677,-0.10167745426543738,-0.05555555555555563,0.04166627604142257,0.06248606645721988,0.016992944449965217,0.05160171221058451,0.166666666666667,0.30434680529278363,0.011454096533000427,0.0,0.006541120989070547,0.11764705882352958,0.25925833333333326,0.032090478755704414,0.025687071303607274,0.015386355793337194
-0.06666666666666676,0.18518499999999996,0.08109668597581775,0.051525333777650256,-0.06773987665369385,-0.05555555555555563,-0.041668151042594394,0.09548335055877066,0.023873128700948713,0.06037530595594234,0.0833333333333335,0.217391134215464,0.4867299403858158,0.0,0.0008960265111684786,0.05882352941176479,0.18518500000000004,0.17244856213634077,0.047637560823590754,0.024159949538695026
0.0,0.0,0.0586861738862511,0.058433844606332115,-0.22677544451150564,-0.05555555555555563,0.04166627604142257,0.03482959268054072,0.016180416318370732,0.06609905316491566,0.166666666666667,0.1304335066159797,0.4236571500222157,0.0,-0.08854602810438765,0.11764705882352958,0.11111,0.12315550155036924,0.05454607165227262,0.029883696747668345
-0.06666666666666676,0.037036666666666655,0.12957592735879397,0.06834766563918382,-0.1880302746501835,-0.05555555555555563,-0.041668151042594394,0.08534191498643053,0.03295707630165251,-0.07878979712635666,0.166666666666667,0.1304335066159797,0.4247543824739205,0.0,-0.02879010929484115,0.11764705882352958,0.11111,0.12401301784871258,0.06445989268512432,-0.025811140338648376
0.0,0.0,0.07818718543821905,0.061195397617350586,-0.20868974033451965,-0.05555555555555563,-0.08333442708401685,0.1279935123632827,0.046167965347721086,-0.09043269197806944,0.0833333333333335,0.1304335066159797,0.42434135839655024,0.0,-0.09232896791256408,0.05882352941176479,0.11111,0.12369022856426977,0.05730762466329108,-0.08277550889814721
0.0,0.18518499999999996,0.08109668597581775,0.025341491485468673,-0.08218346549009004,-0.05555555555555563,0.0,0.06248606645721988,0.016992944449965217,0.05160171221058451,0.0833333333333335,0.217391134215464,0.6101007307984813,0.0,0.0008960265111684786,0.05882352941176479,0.18518500000000004,0.2688661109920879,0.021453718531409174,0.015386355793337194
0.0,0.14814666666666665,0.12957592735879397,0.049559848561986856,-0.11645403650440181,-0.05555555555555563,-0.08333442708401685,0.08534191498643053,0.033196742872842244,-0.11097830483838897,0.0,0.217391134215464,0.4710460640191464,0.0,0.0060950195965968935,0.0,0.18518500000000004,0.16019119626575942,0.045672075607927354,0.005464355989880324
0.0,0.037036666666666655,0.12957592735879397,0.06479313036690086,-0.1880302746501835,-0.05555555555555563,0.04166627604142257,0.06248606645721988,0.016992944449965217,0.0661984674206914,0.0833333333333335,0.1304335066159797,0.4236571500222157,0.0,-0.02879010929484115,0.05882352941176479,0.11111,0.12315550155036924,0.06090535741284137,0.029983111003444095
0.0,-0.03703833333333332,0.13397091781062076,0.08474727933031569,-0.22746571208557934,-0.05555555555555563,0.04166627604142257,0.09548335055877066,0.023873128700948713,0.06609905316491566,0.0833333333333335,0.1304335066159797,0.43185573967109986,0.0,-0.09232896791256408,0.05882352941176479,0.11111,0.12956291707697318,0.08085950637625619,0.029883696747668345
-0.13333333333333353,0.037036666666666655,0.12957592735879397,0.06479313036690086,-0.2220615066563994,-0.11111111111111126,0.20833325520828455,0.06248606645721988,0.009762028631386954,0.07167196495133273,0.0833333333333335,0.217391134215464,0.5339598570567984,0.0,-0.005163304974030489,0.05882352941176479,0.18518500000000004,0.209359996219281,0.06090535741284137,0.035456608534085415
0.0,-0.03703833333333332,0.11278541050106303,0.06687586587800415,-0.22677544451150564,-0.05555555555555563,-0.08333442708401685,0.08534191498643053,0.03295707630165251,-0.0846175293614862,0.0,0.1304335066159797,0.6618685260549694,0.0,-0.09232896791256408,0.0,0.11111,0.30932401769432416,0.06298809292394464,-0.08277550889814721
0.0,0.0,0.06498432963193598,0.049559848561986856,-0.2267407576987381,-0.05555555555555563,0.0,0.06248606645721988,0.016992944449965217,0.08150254934717968,0.0833333333333335,0.1304335066159797,0.49138818347103386,0.0,-0.02879010929484115,0.05882352941176479,0.11111,0.17608910280847742,0.045672075607927354,0.04528719292993238
-0.06666666666666676,0.14814666666666665,0.15058693941880033,0.051525333777650256,-0.11645403650440181,-0.05555555555555563,0.04166627604142257,0.09548335055877066,0.023873128700948713,0.08183621558495575,0.166666666666667,0.1304335066159797,0.011454096533000427,0.0,-0.02879010929484115,0.11764705882352958,0.11111,0.08329146291518355,0.047637560823590754,0.045620859167708444
-0.13333333333333353,0.296295,0.12221255777147129,0.030697978666617297,0.017343406383761036,-0.05555555555555563,-0.041668151042594394,0.09548335055877066,0.023873128700948713,0.06648642595466255,0.0833333333333335,0.1304335066159797,0.5389418037992798,0.0,-0.09232896791256408,0.05882352941176479,0.11111,0.21325351989561647,0.026810205712557798,0.030271069537415235
0.0,0.18518499999999996,0.08109668597581775,0.034764712597927135,-0.10167745426543738,-0.05555555555555563,0.04166627604142257,0.03482959268054072,0.016180416318370732,0.06648642595466255,0.166666666666667,0.1304335066159797,0.37963443393783447,0.0,-0.08854602810438765,0.11764705882352958,0.11111,0.0887505798940291,0.030876939643867635,0.030271069537415235
0.0,0.14814666666666665,0.14345849455087506,0.04914947252794722,-0.11645403650440181,-0.05555555555555563,-0.041668151042594394,0.09548335055877066,0.023873128700948713,0.05160171221058451,0.0833333333333335,0.217391134215464,0.4867299403858158,0.0,0.0008960265111684786,0.05882352941176479,0.18518500000000004,0.17244856213634077,0.045261699573887725,0.015386355793337194
-0.06666666666666676,-0.03703833333333332,0.11278541050106303,0.06110283159463488,-0.2095152864783867,-0.05555555555555563,0.12499882812426759,0.08534191498643053,0.02908149247973064,-0.047590861201701265,0.166666666666667,0.043477835538659935,0.6146605338835902,0.0,-0.04607207723926964,0.11764705882352958,0.07407333333333331,0.27242971819003564,0.05721505864057538,-0.041304909235927154
0.0,0.18518499999999996,0.11344315744985453,0.03839638622247317,-0.10167745426543738,-0.05555555555555563,0.04166627604142257,0.06248606645721988,0.016992944449965217,0.05160171221058451,0.166666666666667,0.30434680529278363,0.005276983255147085,0.0,0.006541120989070547,0.11764705882352958,0.25925833333333326,0.046147680946237765,0.03450861326841367,0.015386355793337194
-0.06666666666666676,0.07407333333333335,0.13564398142641668,0.07167078585467751,-0.1880302746501835,0.0,-0.08333442708401685,0.06248606645721988,0.016992944449965217,0.002021423200773398,0.0833333333333335,0.217391134215464,0.5339598570567984,0.0,0.0060950195965968935,0.05882352941176479,0.18518500000000004,0.209359996219281,0.067783012900618,0.005464355989880324
0.0,0.037036666666666655,0.1559545379101189,0.06479313036690086,-0.1880302746501835,-0.05555555555555563,-0.08333442708401685,0.08534191498643053,0.03295707630165251,-0.09133656182081207,0.166666666666667,0.30434680529278363,0.2926523334578135,0.0,0.006541120989070547,0.11764705882352958,0.25925833333333326,0.08865906140650215,0.06090535741284137,0.005864298398173549
-0.06666666666666676,0.0,0.08483759021835405,0.07592265183141876,-0.22746571208557934,-0.05555555555555563,0.20833325520828455,0.09548335055877066,0.02005015461416602,0.06361483946311729,0.0833333333333335,0.1304335066159797,0.43185573967109986,0.0,-0.09232896791256408,0.05882352941176479,0.14814833333333333,0.12956291707697318,0.07203487887735927,0.02739948304586997
-0.13333333333333353,0.296295,0.11278541050106303,0.02957484425766677,0.017343406383761036,-0.05555555555555563,-0.041668151042594394,0.08534191498643053,0.03295707630165251,-0.08434556852384688,0.0,0.217391134215464,0.6146605338835902,0.0,0.0,0.0,0.18518500000000004,0.27242971819003564,0.025687071303607274,0.0
-0.13333333333333353,0.14814666666666665,0.15058693941880033,0.046261412619217346,-0.11725530187933152,-0.11111111111111126,0.12499882812426759,0.08534191498643053,0.030683166638413268,-0.05420933671265621,0.166666666666667,0.30434680529278363,0.2926523334578135,0.0,0.006541120989070547,0.11764705882352958,0.25925833333333326,0.08329146291518355,0.04237363966515784,0.005864298398173549
0.0,-0.03703833333333332,0.12957592735879397,0.07124806768427581,-0.20868974033451965,-0.05555555555555563,-0.08333442708401685,0.1279935123632827,0.046167965347721086,-0.09133656182081207,0.0833333333333335,0.30434680529278363,0.4421133656254856,0.0,0.006541120989070547,0.05882352941176479,0.25925833333333326,0.13757952415465166,0.0673602947302163,0.005864298398173549
0.0,0.0,0.08109668597581775,0.0639908915033648,-0.22742061922898155,-0.05555555555555563,-0.041668151042594394,0.08534191498643053,0.03295707630165251,-0.07399848707500403,0.0,0.1304335066159797,0.5099409855012417,0.0,-0.02879010929484115,0.0,0.11111,0.1905886102702933,0.0601031185493053,-0.025811140338648376
0.0,-0.03703833333333332,0.12660754822329806,0.0846053447621516,-0.20868974033451965,-0.05555555555555563,0.04166627604142257,-0.0032002132971119105,0.010399190979184056,0.05122462365419377,0.0833333333333335,0.217391134215464,0.021529719047372418,0.0,-0.013450594270783517,0.05882352941176479,0.18518500000000004,0.05931207171968129,0.0807175718080921,0.015009267236946459
-0.06666666666666676,0.0,0.06498432963193598,0.06110283159463488,-0.2095152864783867,-0.05555555555555563,0.2499995312497071,-0.0032002132971119105,-0.00010521947027844651,0.06361483946311729,0.25000000000000044,0.043477835538659935,0.6533676949454695,0.0,-0.18068126055507758,0.17647058823529435,0.18518500000000004,0.30268039244013667,0.05721505864057538,0.02739948304586997
-0.06666666666666676,0.07407333333333335,0.12957592735879397,0.0776412943198403,-0.1880302746501835,0.0,-0.08333442708401685,0.09548335055877066,0.023873128700948713,0.020754725605227117,0.166666666666667,0.1304335066159797,0.013548001820863045,0.0,-0.02879010929484115,0.11764705882352958,0.11111,0.06228045085517721,0.0737535213657808,-0.015460630812020199
0.0,0.14814666666666665,0.12221255777147129,0.0326233519391039,-0.11645403650440181,-0.05555555555555563,-0.08333442708401685,0.08534191498643053,0.033196742872842244,-0.10819699106185851,0.0,0.1304335066159797,0.623563367942452,0.0,-0.02879010929484115,0.0,0.11111,0.27938751942445816,0.028735578985044398,-0.025811140338648376
-0.13333333333333353,0.296295,0.10231998684178886,0.048254667641695434,-0.02089186732987853,-0.05555555555555563,0.0,0.06248606645721988,0.016992944449965217,0.06037530595594234,0.0833333333333335,0.217391134215464,0.6533676949454695,0.0,0.0008960265111684786,0.05882352941176479,0.18518500000000004,0.30268039244013667,0.04436689468763594,0.024159949538695026
-0.06666666666666676,0.037036666666666655,0.12660754822329806,0.07034400619575244,-0.1880302746501835,-0.05555555555555563,0.04166627604142257,0.06248606645721988,0.016992944449965217,0.08155511320655541,0.166666666666667,0.1304335066159797,0.2997146871141229,0.0,-0.02879010929484115,0.11764705882352958,0.11111,0.05931207171968129,0.06645623324169295,0.04533975678930811
-0.06666666666666676,0.14814666666666665,0.11278541050106303,0.051139642016334835,-0.11645403650440181,-0.05555555555555563,-0.041668151042594394,0.08534191498643053,0.03295707630165251,-0.07394592321562837,0.0,0.1304335066159797,0.6146605338835902,0.0,-0.02879010929484115,0.0,0.11111,0.27242971819003564,0.04725186906227533,-0.025811140338648376
0.0,0.18518499999999996,0.07444628460419252,0.02957484425766677,-0.10167745426543738,-0.05555555555555563,0.04166627604142257,0.09548335055877066,0.023873128700948713,0.05160171221058451,0.166666666666667,0.217391134215464,0.2926523334578135,0.0,0.0,0.11764705882352958,0.18518500000000004,0.04903663498689744,0.025687071303607274,0.015386355793337194
0.0,0.037036666666666655,0.14493148886825868,0.06479313036690086,-0.1880302746501835,-0.05555555555555563,0.08333255208284514,0.06248606645721988,0.016992944449965217,0.051321752524779274,0.0833333333333335,0.217391134215464,0.005276983255147085,0.0,0.0,0.05882352941176479,0.18518500000000004,0.0776360123646419,0.06090535741284137,0.015106396107531953
-0.06666666666666676,0.037036666666666655,0.12660754822329806,0.07682979885403265,-0.1880302746501835,-0.05555555555555563,-0.041668151042594394,0.09548335055877066,0.023873128700948713,0.08155511320655541,0.0833333333333335,0.1304335066159797,0.43185573967109986,0.0,-0.09232896791256408,0.05882352941176479,0.11111,0.12956291707697318,0.07294202589997316,0.04533975678930811
-0.06666666666666676,0.14814666666666665,0.12957592735879397,0.0639908915033648,-0.11645403650440181,-0.05555555555555563,0.0,0.06248606645721988,0.016992944449965217,0.08183621558495575,0.166666666666667,0.1304335066159797,0.011454096533000427,0.0,-0.02879010929484115,0.11764705882352958,0.11111,0.06228045085517721,0.0601031185493053,0.045620859167708444
-0.06666666666666676,0.14814666666666665,0.10231998684178886,0.028713980246410777,-0.11725530187933152,-0.05555555555555563,0.20833325520828455,0.06248606645721988,0.010399190979184056,0.06399878417507876,0.0833333333333335,0.1304335066159797,0.6101007307984813,0.0,-0.034885128891437966,0.05882352941176479,0.14814833333333333,0.2688661109920879,0.02482620729235128,0.02778342775783145
0.0,0.037036666666666655,0.12957592735879397,0.06479313036690086,-0.1880302746501835,-0.05555555555555563,0.0,0.06248606645721988,0.016992944449965217,0.051321752524779274,0.166666666666667,0.30434680529278363,0.37963443393783447,0.0,0.006541120989070547,0.11764705882352958,0.25925833333333326,0.0887505798940291,0.06090535741284137,0.015106396107531953
-0.13333333333333353,0.18518499999999996,0.08109668597581775,0.030697978666617297,-0.06885332334353127,-0.11111111111111126,0.16666510416569016,0.09548335055877066,0.02005015461416602,0.0769626316667543,0.0833333333333335,0.217391134215464,0.6101007307984813,0.0,-0.005163304974030489,0.05882352941176479,0.18518500000000004,0.2688661109920879,0.026810205712557798,0.040747275249506984
-0.06666666666666676,-0.03703833333333332,0.12957592735879397,0.07592265183141876,-0.2095152864783867,-0.05555555555555563,0.20833325520828455,0.06248606645721988,0.010399190979184056,0.06361483946311729,0.166666666666667,0.217391134215464,0.011454096533000427,0.0,-0.005163304974030489,0.11764705882352958,0.18518500000000004,0.06228045085517721,0.07203487887735927,0.02739948304586997
0.0,0.14814666666666665,0.13564398142641668,0.046261412619217346,-0.11645403650440181,-0.05555555555555563,0.04166627604142257,0.06248606645721988,0.019664349889811826,0.05160171221058451,0.0833333333333335,0.217391134215464,0.4867299403858158,0.0,0.0,0.05882352941176479,0.18518500000000004,0.17244856213634077,0.04237363966515784,0.015386355793337194
-0.06666666666666676,0.037036666666666655,0.13397091781062076,0.07034400619575244,-0.1880302746501835,-0.05555555555555563,0.04166627604142257,0.06248606645721988,0.016992944449965217,0.060105630503493185,0.166666666666667,0.217391134215464,0.2997146871141229,0.0,0.0,0.11764705882352958,0.18518500000000004,0.066675441307004,0.06645623324169295,0.023890274086245878
0.0,0.0,0.20354558981526366,0.0846053447621516,-0.20868974033451965,-0.05555555555555563,0.04166627604142257,-0.0032002132971119105,0.010399190979184056,0.05122462365419377,0.166666666666667,0.217391134215464,0.0,0.0,-0.013450594270783517,0.11764705882352958,0.18518500000000004,0.1362501133116469,0.0807175718080921,0.015009267236946459
0.0,0.14814666666666665,0.12957592735879397,0.049559848561986856,-0.11645403650440181,-0.05555555555555563,0.0,0.06248606645721988,0.016992944449965217,0.05160171221058451,0.0833333333333335,0.30434680529278363,0.4236571500222157,0.0,0.006541120989070547,0.05882352941176479,0.25925833333333326,0.12315550155036924,0.045672075607927354,0.015386355793337194
0.0,-0.03703833333333332,0.08728592620007111,0.07592265183141876,-0.2267407576987381,-0.05555555555555563,-0.08333442708401685,0.1279935123632827,0.046167965347721086,-0.09025900270361067,0.0833333333333335,0.217391134215464,0.4421133656254856,0.0,0.0008960265111684786,0.05882352941176479,0.18518500000000004,0.13757952415465166,0.07203487887735927,0.0008033128943717925
0.0,0.14814666666666665,0.11278541050106303,0.04914947252794722,-0.11645403650440181,-0.05555555555555563,0.0,0.06248606645721988,0.016992944449965217,0.05160171221058451,0.0833333333333335,0.30434680529278363,0.6091511910570547,0.0,0.00570245037122013,0.05882352941176479,0.25925833333333326,0.26812402046885114,0.045261699573887725,0.015386355793337194
0.0,0.0,0.08483759021835405,0.07274455171817966,-0.2267407576987381,-0.05555555555555563,-0.08333442708401685,0.08534191498643053,0.03295707630165251,-0.09025900270361067,0.166666666666667,0.30434680529278363,0.42090908605213445,0.0,0.006541120989070547,0.11764705882352958,0.25925833333333326,0.1210078165820899,0.06885677876412016,0.005864298398173549
0.0,0.037036666666666655,0.12957592735879397,0.06479313036690086,-0.1880302746501835,-0.05555555555555563,-0.08333442708401685,0.1279935123632827,0.046167965347721086,-0.0846175293614862,0.0833333333333335,0.08695567107731976,0.4421133656254856,0.0,-0.13429053946404101,0.05882352941176479,0.07407333333333331,0.13757952415465166,0.06090535741284137,-0.12039523451480129
0.0,0.18518499999999996,0.08483759021835405,0.046261412619217346,-0.10167745426543738,-0.05555555555555563,0.04166627604142257,0.06248606645721988,0.019664349889811826,0.05160171221058451,0.0833333333333335,0.217391134215464,0.3371358216644542,0.0,0.0,0.05882352941176479,0.18518500000000004,0.055536785839018936,0.04237363966515784,0.015386355793337194
0.0,0.07407333333333335,0.08109668597581775,0.049559848561986856,-0.1880302746501835,-0.05555555555555563,0.04166627604142257,0.06248606645721988,0.019664349889811826,0.0661984674206914,0.166666666666667,0.1304335066159797,0.39021520529685794,0.0,-0.02879010929484115,0.11764705882352958,0.11111,0.09701973368665494,0.045672075607927354,0.029983111003444095
-0.06666666666666676,0.18518499999999996,0.08483759021835405,0.037544778813488715,-0.10167745426543738,-0.05555555555555563,0.20833325520828455,0.09548335055877066,0.02005015461416602,0.06399878417507876,0.0833333333333335,0.30434680529278363,0.39021520529685794,0.0,0.006541120989070547,0.05882352941176479,0.25925833333333326,0.09701973368665494,0.03365700585942922,0.02778342775783145
-0.06666666666666676,0.14814666666666665,0.14493148886825868,0.051525333777650256,-0.11645403650440181,-0.05555555555555563,-0.041668151042594394,0.1279935123632827,0.0451917624845824,-0.07878979712635666,0.0833333333333335,0.30434680529278363,0.42434135839655024,0.0,0.006541120989070547,0.05882352941176479,0.25925833333333326,0.12369022856426977,0.047637560823590754,0.005864298398173549
-0.06666666666666676,0.14814666666666665,0.12957592735879397,0.046261412619217346,-0.11725530187933152,-0.05555555555555563,0.20833325520828455,0.06248606645721988,0.009762028631386954,0.06399878417507876,0.166666666666667,0.1304335066159797,0.011454096533000427,0.0,-0.034885128891437966,0.11764705882352958,0.14814833333333333,0.06228045085517721,0.04237363966515784,0.02778342775783145
0.0,0.07407333333333335,0.0586861738862511,0.02957484425766677,-0.1880302746501835,-0.05555555555555563,0.04166627604142257,0.06248606645721988,0.019664349889811826,0.051321752524779274,0.0833333333333335,0.217391134215464,0.6533676949454695,0.0,0.0,0.05882352941176479,0.18518500000000004,0.30268039244013667,0.025687071303607274,0.015106396107531953
-0.13333333333333353,0.07407333333333335,0.0586861738862511,0.049559848561986856,-0.2220615066563994,-0.11111111111111126,0.20833325520828455,0.09548335055877066,0.02005015461416602,0.0769626316667543,0.0833333333333335,0.30434680529278363,0.44948880741647335,0.0,0.006541120989070547,0.05882352941176479,0.25925833333333326,0.14334362777137194,0.045672075607927354,0.040747275249506984
-0.06666666666666676,0.18518499999999996,0.07818718543821905,0.051525333777650256,-0.06773987665369385,-0.05555555555555563,-0.041668151042594394,0.09548335055877066,0.023873128700948713,0.08183621558495575,0.0833333333333335,0.1304335066159797,0.5339598570567984,0.0,-0.09232896791256408,0.05882352941176479,0.11111,0.209359996219281,0.047637560823590754,0.045620859167708444
-0.06666666666666676,0.0,0.08109668597581775,0.051525333777650256,-0.22742061922898155,-0.11111111111111126,0.12499882812426759,0.08534191498643053,0.030683166638413268,-0.04868441801523438,0.0,0.30434680529278363,0.5099409855012417,0.0,0.006541120989070547,0.0,0.25925833333333326,0.1905886102702933,0.047637560823590754,0.005864298398173549
-0.13333333333333353,0.18518499999999996,0.07818718543821905,0.0326480362118281,-0.06885332334353127,-0.11111111111111126,0.12499882812426759,0.08534191498643053,0.030683166638413268,-0.04868441801523438,0.0833333333333335,0.30434680529278363,0.5159472429462,0.0,0.006541120989070547,0.05882352941176479,0.25925833333333326,0.19528265996149163,0.02876026325776861,0.005864298398173549
-0.06666666666666676,0.14814666666666665,0.13397091781062076,0.0639908915033648,-0.11645403650440181,-0.05555555555555563,0.04166627604142257,0.06248606645721988,0.016992944449965217,0.058101347691646696,0.0833333333333335,0.30434680529278363,0.3371358216644542,0.0,0.006541120989070547,0.05882352941176479,0.25925833333333326,0.066675441307004,0.0601031185493053,0.021885991274399382
-0.06666666666666676,0.07407333333333335,0.12957592735879397,0.0776412943198403,-0.1880302746501835,0.0,-0.041668151042594394,0.06248606645721988,0.016992944449965217,0.020754725605227117,0.166666666666667,0.08695567107731976,0.011454096533000427,0.0,-0.04607207723926964,0.11764705882352958,0.07407333333333331,0.06228045085517721,0.0737535213657808,-0.015460630812020199
0.0,-0.03703833333333332,0.12957592735879397,0.07592265183141876,-0.22742061922898155,-0.05555555555555563,0.04166627604142257,0.09548335055877066,0.023873128700948713,0.08150254934717968,0.0833333333333335,0.1304335066159797,0.5339598570567984,0.0,-0.09232896791256408,0.05882352941176479,0.11111,0.209359996219281,0.07203487887735927,0.04528719292993238
-0.06666666666666676,0.18518499999999996,0.06498432963193598,0.051525333777650256,-0.08486475611701949,-0.05555555555555563,0.04166627604142257,0.09548335055877066,0.023873128700948713,0.08183621558495575,0.0833333333333335,0.1304335066159797,0.4044414491671187,0.0,-0.09232896791256408,0.05882352941176479,0.11111,0.10813792105342586,0.047637560823590754,0.045620859167708444
-0.13333333333333353,0.18518499999999996,0.06498432963193598,0.02678860697392418,-0.06885332334353127,-0.11111111111111126,0.20833325520828455,0.09548335055877066,0.02005015461416602,0.07196220887049405,0.0833333333333335,0.217391134215464,0.49138818347103386,0.0,-0.005163304974030489,0.05882352941176479,0.18518500000000004,0.17608910280847742,0.02290083401986468,0.03574685245324674
0.0,0.18518499999999996,0.08109668597581775,0.030697978666617297,-0.10167745426543738,-0.05555555555555563,0.04166627604142257,0.09548335055877066,0.023873128700948713,0.05160171221058451,0.0833333333333335,0.217391134215464,0.44948880741647335,0.0,0.0,0.05882352941176479,0.18518500000000004,0.14334362777137194,0.026810205712557798,0.015386355793337194
0.0,0.07407333333333335,0.04914628674644089,0.049559848561986856,-0.1880302746501835,-0.05555555555555563,-0.12500070312543943,0.1279935123632827,0.046167965347721086,-0.11097830483838897,0.0,0.217391134215464,0.5168727124044932,0.0,0.0060950195965968935,0.0,0.18518500000000004,0.19600593891926618,0.045672075607927354,0.005464355989880324
0.0,0.07407333333333335,0.0586861738862511,0.042410666074244145,-0.1880302746501835,-0.05555555555555563,0.04166627604142257,0.03482959268054072,0.016180416318370732,0.051321752524779274,0.0833333333333335,0.217391134215464,0.6533676949454695,0.0,0.0008960265111684786,0.05882352941176479,0.18518500000000004,0.30268039244013667,0.03852289312018464,0.015106396107531953
0.0,0.0,0.06498432963193598,0.06155331957185131,-0.22746571208557934,-0.05555555555555563,0.04166627604142257,0.09548335055877066,0.023873128700948713,0.05122462365419377,0.0833333333333335,0.217391134215464,0.44948880741647335,0.0,0.0,0.05882352941176479,0.18518500000000004,0.14334362777137194,0.057665546617791816,0.015009267236946459
0.0,0.18518499999999996,0.04914628674644089,0.025341491485468673,-0.10167745426543738,-0.05555555555555563,0.04166627604142257,0.09548335055877066,0.023873128700948713,0.05160171221058451,0.0833333333333335,0.30434680529278363,0.6101007307984813,0.0,0.006541120989070547,0.05882352941176479,0.25925833333333326,0.2688661109920879,0.021453718531409174,0.015386355793337194
0.0,0.0,0.06498432963193598,0.05414186668641411,-0.22677544451150564,0.0,-0.08333442708401685,0.09548335055877066,0.023873128700948713,0.013308940655402786,0.0833333333333335,0.1304335066159797,0.4044414491671187,0.0,-0.09232896791256408,0.05882352941176479,0.11111,0.10813792105342586,0.0502540937323546,-0.022906415761844524
-0.06666666666666676,0.18518499999999996,0.1400703676618044,0.051525333777650256,-0.08486475611701949,-0.05555555555555563,-0.041668151042594394,0.1279935123632827,0.0451917624845824,-0.07878979712635666,0.0833333333333335,0.1304335066159797,0.42434135839655024,0.0,-0.09232896791256408,0.05882352941176479,0.11111,0.12369022856426977,0.047637560823590754,-0.08277550889814721
0.0,0.14814666666666665,0.12957592735879397,0.049445683800637456,-0.11645403650440181,-0.05555555555555563,0.04166627604142257,0.09548335055877066,0.023873128700948713,0.05160171221058451,0.166666666666667,0.217391134215464,0.013548001820863045,0.0,0.0,0.11764705882352958,0.18518500000000004,0.06228045085517721,0.04555791084657797,0.015386355793337194
0.0,0.14814666666666665,0.10871511128213496,0.04158065740389333,-0.11645403650440181,-0.05555555555555563,0.04166627604142257,0.03482959268054072,0.016992944449965217,0.06648642595466255,0.0833333333333335,0.1304335066159797,0.6533676949454695,0.0,-0.09232896791256408,0.05882352941176479,0.11111,0.30268039244013667,0.03769288444983383,0.030271069537415235
0.0,0.0,0.08109668597581775,0.0639908915033648,-0.2267407576987381,-0.05555555555555563,0.0,0.06248606645721988,0.016992944449965217,0.06790565015780582,0.166666666666667,0.217391134215464,0.39021520529685794,0.0,0.0008960265111684786,0.11764705882352958,0.18518500000000004,0.09701973368665494,0.0601031185493053,0.03169029374055852
0.0,0.037036666666666655,0.13397091781062076,0.06479313036690086,-0.1880302746501835,-0.05555555555555563,0.04166627604142257,0.09548335055877066,0.023873128700948713,0.051321752524779274,0.0833333333333335,0.217391134215464,0.39021520529685794,0.0,0.0,0.05882352941176479,0.18518500000000004,0.09701973368665494,0.06090535741284137,0.015106396107531953
0.0,0.14814666666666665,0.11278541050106303,0.058433844606332115,-0.11645403650440181,-0.05555555555555563,0.08333255208284514,-0.0032002132971119105,0.005529867715743728,0.05160171221058451,0.0833333333333335,0.217391134215464,0.6524145483687194,0.0,-0.03506866775005574,0.05882352941176479,0.18518500000000004,0.30193548307931384,0.05454607165227262,0.015386355793337194
0.0,0.0,0.08109668597581775,0.06570644845769581,-0.2095152864783867,-0.05555555555555563,0.04166627604142257,0.03482959268054072,0.01671235919588943,0.05122462365419377,0.0833333333333335,0.217391134215464,0.5339598570567984,0.0,0.0,0.05882352941176479,0.18518500000000004,0.209359996219281,0.06181867550363631,0.015009267236946459
-0.06666666666666676,0.07407333333333335,0.08109668597581775,0.051525333777650256,-0.1880302746501835,-0.05555555555555563,-0.041668151042594394,0.09548335055877066,0.023873128700948713,0.08155511320655541,0.0833333333333335,0.1304335066159797,0.6533676949454695,0.0,-0.09232896791256408,0.05882352941176479,0.11111,0.30268039244013667,0.047637560823590754,0.04533975678930811
0.0,-0.03703833333333332,0.10871511128213496,0.06687586587800415,-0.20868974033451965,-0.05555555555555563,-0.041668151042594394,0.09548335055877066,0.023873128700948713,0.06609905316491566,0.0833333333333335,0.1304335066159797,0.6533676949454695,0.0,-0.09232896791256408,0.05882352941176479,0.11111,0.30268039244013667,0.06298809292394464,0.029883696747668345
-0.06666666666666676,0.0,0.12080652703717724,0.07354987611580625,-0.22746571208557934,-0.05555555555555563,0.20833325520828455,0.06248606645721988,0.009762028631386954,0.06361483946311729,0.0833333333333335,0.217391134215464,0.5339598570567984,0.0,-0.005163304974030489,0.05882352941176479,0.18518500000000004,0.209359996219281,0.06966210316174676,0.02739948304586997
-0.06666666666666676,0.037036666666666655,0.12957592735879397,0.07165535818422493,-0.1880302746501835,-0.05555555555555563,-0.08333442708401685,0.1279935123632827,0.046167965347721086,-0.09169536729568087,0.166666666666667,0.30434680529278363,0.3970660073761309,0.0,0.006541120989070547,0.11764705882352958,0.25925833333333326,0.10237381743670555,0.06776758523016542,0.005864298398173549
0.0,0.037036666666666655,0.12957592735879397,0.07124806768427581,-0.1880302746501835,-0.05555555555555563,0.04166627604142257,-0.0032002132971119105,0.010399190979184056,0.0661984674206914,0.166666666666667,0.08695567107731976,0.5339598570567984,0.0,-0.04607207723926964,0.11764705882352958,0.07407333333333331,0.209359996219281,0.0673602947302163,0.029983111003444095
-0.06666666666666676,0.14814666666666665,0.14493148886825868,0.06788792105969585,-0.11645403650440181,0.0,-0.08333442708401685,0.06248606645721988,0.016992944449965217,0.0035926255190680888,0.166666666666667,0.217391134215464,0.005276983255147085,0.0,0.0060950195965968935,0.11764705882352958,0.18518500000000004,0.0776360123646419,0.06400014810563635,0.005464355989880324
0.0,0.14814666666666665,0.12660754822329806,0.049445683800637456,-0.11645403650440181,-0.05555555555555563,0.04166627604142257,0.09548335055877066,0.023873128700948713,0.05160171221058451,0.0833333333333335,0.30434680529278363,0.43185573967109986,0.0,0.006541120989070547,0.05882352941176479,0.25925833333333326,0.12956291707697318,0.04555791084657797,0.015386355793337194
-0.06666666666666676,0.14814666666666665,0.12660754822329806,0.05175983436853002,-0.11645403650440181,-0.05555555555555563,0.0,0.06248606645721988,0.016992944449965217,0.08183621558495575,0.0833333333333335,0.1304335066159797,0.3371358216644542,0.0,-0.02879010929484115,0.05882352941176479,0.11111,0.05931207171968129,0.047872061414470514,0.045620859167708444
0.0,0.0,0.04914628674644089,0.02957484425766677,-0.2095152864783867,-0.05555555555555563,-0.041668151042594394,0.1279935123632827,0.0451917624845824,-0.07088579244588777,0.0,0.217391134215464,0.623563367942452,0.0,0.0,0.0,0.18518500000000004,0.27938751942445816,0.025687071303607274,0.0
-0.06666666666666676,0.037036666666666655,0.12660754822329806,0.07682979885403265,-0.1880302746501835,-0.05555555555555563,0.0,0.06248606645721988,0.016992944449965217,0.060105630503493185,0.166666666666667,0.30434680529278363,0.2997146871141229,0.0,0.006541120989070547,0.11764705882352958,0.25925833333333326,0.05931207171968129,0.07294202589997316,0.023890274086245878
0.0,-0.03703833333333332,0.15364584175696816,0.07592265183141876,-0.22677544451150564,-0.05555555555555563,0.0,0.06248606645721988,0.016992944449965217,0.06609905316491566,0.166666666666667,0.08695567107731976,0.005276983255147085,0.0,-0.04607207723926964,0.11764705882352958,0.07407333333333331,0.0863503652533514,0.07203487887735927,0.029883696747668345
-0.06666666666666676,0.037036666666666655,0.12221255777147129,0.0591805438562388,-0.1880302746501835,-0.05555555555555563,0.0,0.06248606645721988,0.016992944449965217,0.060105630503493185,0.166666666666667,0.217391134215464,0.011454096533000427,0.0,0.0008960265111684786,0.11764705882352958,0.18518500000000004,0.05491708126785451,0.05529277090217931,0.023890274086245878
0.0,0.14814666666666665,0.13397091781062076,0.058433844606332115,-0.11645403650440181,-0.05555555555555563,0.04166627604142257,0.09548335055877066,0.023873128700948713,0.05160171221058451,0.0833333333333335,0.30434680529278363,0.43185573967109986,0.0,0.006541120989070547,0.05882352941176479,0.25925833333333326,0.12956291707697318,0.05454607165227262,0.015386355793337194
-0.06666666666666676,0.14814666666666665,0.12221255777147129,0.04158065740389333,-0.11725530187933152,-0.05555555555555563,0.20833325520828455,0.09548335055877066,0.02005015461416602,0.06399878417507876,0.0833333333333335,0.217391134215464,0.5389418037992798,0.0,-0.005163304974030489,0.05882352941176479,0.18518500000000004,0.21325351989561647,0.03769288444983383,0.02778342775783145
0.0,0.07407333333333335,0.12080652703717724,0.06479313036690086,-0.1880302746501835,-0.05555555555555563,0.04166627604142257,0.09548335055877066,0.023873128700948713,0.0661984674206914,0.0833333333333335,0.1304335066159797,0.5339598570567984,0.0,-0.09232896791256408,0.05882352941176479,0.11111,0.209359996219281,0.06090535741284137,0.029983111003444095
0.0,0.0,0.08109668597581775,0.0639908915033648,-0.2267407576987381,-0.05555555555555563,0.0,0.06248606645721988,0.016992944449965217,0.08150254934717968,0.166666666666667,0.08695567107731976,0.39021520529685794,0.0,-0.04607207723926964,0.11764705882352958,0.07407333333333331,0.09701973368665494,0.0601031185493053,0.04528719292993238
0.0,-0.03703833333333332,0.12957592735879397,0.07592265183141876,-0.2267407576987381,-0.05555555555555563,-0.08333442708401685,0.08534191498643053,0.03295707630165251,-0.08989448376576628,0.166666666666667,0.08695567107731976,0.33007346800814485,0.0,-0.04607207723926964,0.11764705882352958,0.07407333333333331,0.06228045085517721,0.07203487887735927,-0.041304909235927154
-0.06666666666666676,0.037036666666666655,0.12957592735879397,0.06479313036690086,-0.1880302746501835,-0.05555555555555563,-0.08333442708401685,0.1279935123632827,0.046167965347721086,-0.09025900270361067,0.0,0.30434680529278363,0.5159472429462,0.0,0.006541120989070547,0.0,0.25925833333333326,0.19528265996149163,0.06090535741284137,0.005864298398173549
-0.06666666666666676,0.18518499999999996,0.08109668597581775,0.051525333777650256,-0.06773987665369385,-0.05555555555555563,-0.041668151042594394,0.09548335055877066,0.023873128700948713,0.06037530595594234,0.0833333333333335,0.30434680529278363,0.4867299403858158,0.0,0.006541120989070547,0.05882352941176479,0.25925833333333326,0.17244856213634077,0.047637560823590754,0.024159949538695026
-0.06666666666666676,0.0,0.1400703676618044,0.07592265183141876,-0.22746571208557934,-0.05555555555555563,0.20833325520828455,0.09548335055877066,0.02005015461416602,0.06361483946311729,0.0833333333333335,0.043477835538659935,0.011454096533000427,0.0,-0.1423394831596724,0.05882352941176479,0.14814833333333333,0.07277489115818761,0.07203487887735927,0.02739948304586997
-0.06666666666666676,0.0,0.06498432963193598,0.058433844606332115,-0.22742061922898155,-0.11111111111111126,0.20833325520828455,0.06248606645721988,0.009762028631386954,0.0715714080029619,0.0833333333333335,0.30434680529278363,0.4236571500222157,0.0,0.006541120989070547,0.05882352941176479,0.25925833333333326,0.12315550155036924,0.05454607165227262,0.035356051585714574
-0.13333333333333353,0.037036666666666655,0.12660754822329806,0.07042114454801553,-0.2220615066563994,-0.11111111111111126,0.20833325520828455,0.06248606645721988,0.009762028631386954,0.07893034831555687,0.0833333333333335,0.1304335066159797,0.3371358216644542,0.0,-0.034885128891437966,0.05882352941176479,0.14814833333333333,0.05931207171968129,0.06653337159395603,0.042714991898309566
0.0,0.18518499999999996,0.11641153658535046,0.028834316075941186,-0.10167745426543738,-0.05555555555555563,-0.041668151042594394,0.08534191498643053,0.03295707630165251,-0.07088579244588777,0.166666666666667,0.217391134215464,0.2926523334578135,0.0,0.0,0.11764705882352958,0.18518500000000004,0.049116060081733685,0.024946543121881687,0.0
-0.06666666666666676,0.037036666666666655,0.09393632757169634,0.06479313036690086,-0.20994540295670394,-0.05555555555555563,0.08333255208284514,0.1279935123632827,0.0451917624845824,-0.047602288127652506,0.0,0.217391134215464,0.5099409855012417,0.0,-0.005163304974030489,0.0,0.18518500000000004,0.1905886102702933,0.06090535741284137,-0.004629047702845043
0.0,0.07407333333333335,0.11344315744985453,0.06155331957185131,-0.1880302746501835,-0.05555555555555563,0.0,0.06248606645721988,0.016992944449965217,0.051321752524779274,0.0833333333333335,0.217391134215464,0.005276983255147085,0.0,0.0008960265111684786,0.05882352941176479,0.18518500000000004,0.046147680946237765,0.057665546617791816,0.015106396107531953
0.0,-0.03703833333333332,0.12660754822329806,0.07592265183141876,-0.22742061922898155,-0.05555555555555563,0.04166627604142257,0.06248606645721988,0.016992944449965217,0.08150254934717968,0.0833333333333335,0.1304335066159797,0.3371358216644542,0.0,-0.02879010929484115,0.05882352941176479,0.11111,0.05931207171968129,0.07203487887735927,0.04528719292993238
0.0,0.07407333333333335,0.06498432963193598,0.051645669607180665,-0.1880302746501835,-0.05555555555555563,0.04166627604142257,0.06248606645721988,0.016992944449965217,0.0661984674206914,0.166666666666667,0.1304335066159797,0.37963443393783447,0.0,-0.02879010929484115,0.11764705882352958,0.11111,0.0887505798940291,0.04775789665312116,0.029983111003444095
-0.06666666666666676,0.037036666666666655,0.11278541050106303,0.06870250205959402,-0.2220615066563994,-0.05555555555555563,0.2499995312497071,-0.0032002132971119105,-0.00010521947027844651,0.06371311102629794,0.0833333333333335,0.1304335066159797,0.6091511910570547,0.0,-0.034885128891437966,0.05882352941176479,0.18518500000000004,0.26812402046885114,0.06481472910553453,0.027497754609050618
-0.06666666666666676,0.037036666666666655,0.12957592735879397,0.06479313036690086,-0.20994540295670394,-0.05555555555555563,0.16666510416569016,0.09548335055877066,0.02005015461416602,0.06371311102629794,0.0833333333333335,0.1304335066159797,0.39021520529685794,0.0,-0.09232896791256408,0.05882352941176479,0.11111,0.09701973368665494,0.06090535741284137,0.027497754609050618
-0.06666666666666676,0.14814666666666665,0.1471074167485547,0.06410814179880467,-0.11645403650440181,-0.05555555555555563,0.04166627604142257,-0.0032002132971119105,0.009762028631386954,0.08183621558495575,0.166666666666667,0.08695567107731976,0.004789074821661737,0.0,-0.04607207723926964,0.11764705882352958,0.07407333333333331,0.07981194024493794,0.06022036884474517,0.045620859167708444
-0.06666666666666676,0.07407333333333335,0.08483759021835405,0.07034400619575244,-0.1880302746501835,-0.05555555555555563,0.04166627604142257,0.09548335055877066,0.020167065136697637,0.08155511320655541,0.0833333333333335,0.1304335066159797,0.4236571500222157,0.0,-0.02879010929484115,0.05882352941176479,0.11111,0.12315550155036924,0.06645623324169295,0.04533975678930811
-0.13333333333333353,0.07407333333333335,0.07444628460419252,0.03910297352920305,-0.2220615066563994,-0.11111111111111126,0.16666510416569016,0.09548335055877066,0.02005015461416602,0.0769626316667543,0.166666666666667,0.1304335066159797,0.2926523334578135,0.0,-0.034885128891437966,0.11764705882352958,0.11111,0.04903663498689744,0.035215200575143546,0.040747275249506984
-0.06666666666666676,0.07407333333333335,0.12080652703717724,0.06834766563918382,-0.1880302746501835,-0.05555555555555563,0.04166627604142257,0.09548335055877066,0.023873128700948713,0.060105630503493185,0.0833333333333335,0.30434680529278363,0.4867299403858158,0.0,0.006541120989070547,0.05882352941176479,0.25925833333333326,0.17244856213634077,0.06445989268512432,0.023890274086245878
0.0,0.0,0.07444628460419252,0.05414186668641411,-0.2267407576987381,-0.05555555555555563,-0.041668151042594394,0.09548335055877066,0.023873128700948713,0.06005535202930777,0.0833333333333335,0.30434680529278363,0.33007346800814485,0.0,0.006541120989070547,0.05882352941176479,0.25925833333333326,0.050017368913698936,0.0502540937323546,0.023839995612060457
-0.06666666666666676,0.14814666666666665,0.10231998684178886,0.028713980246410777,-0.11725530187933152,-0.05555555555555563,0.16666510416569016,0.09548335055877066,0.02005015461416602,0.06399878417507876,0.25000000000000044,0.043477835538659935,0.6101007307984813,0.0,-0.1423394831596724,0.17647058823529435,0.11111,0.2688661109920879,0.02482620729235128,0.02778342775783145
0.0,0.07407333333333335,0.04914628674644089,0.028035162746495593,-0.1880302746501835,-0.05555555555555563,-0.041668151042594394,0.08534191498643053,0.03295707630165251,-0.08434556852384688,0.0,0.217391134215464,0.6378229935751883,0.0,0.0,0.0,0.18518500000000004,0.29053179552506636,0.024147389792436094,0.0
-0.06666666666666676,0.33333333333333326,0.06498432963193598,0.0326233519391039,-0.017631306929731468,-0.05555555555555563,-0.12500070312543943,0.1279935123632827,0.046167965347721086,-0.10758793590865773,0.0,0.217391134215464,0.5615180633431373,0.0,0.0060950195965968935,0.0,0.18518500000000004,0.2308974662484675,0.028735578985044398,0.005464355989880324
-0.06666666666666676,0.037036666666666655,0.12221255777147129,0.058433844606332115,-0.1880302746501835,-0.05555555555555563,-0.041668151042594394,0.09548335055877066,0.023873128700948713,0.08155511320655541,0.0833333333333335,0.1304335066159797,0.4044414491671187,0.0,-0.09232896791256408,0.05882352941176479,0.11111,0.10813792105342586,0.05454607165227262,0.04533975678930811
0.0,0.18518499999999996,0.1400703676618044,0.04914947252794722,-0.08218346549009004,-0.05555555555555563,0.0,0.06248606645721988,0.016992944449965217,0.05160171221058451,0.0833333333333335,0.217391134215464,0.005276983255147085,0.0,0.0008960265111684786,0.05882352941176479,0.18518500000000004,0.07277489115818761,0.045261699573887725,0.015386355793337194
-0.06666666666666676,0.18518499999999996,0.12080652703717724,0.028689295973686565,-0.10167745426543738,-0.05555555555555563,0.20833325520828455,0.06248606645721988,0.010399190979184056,0.06399878417507876,0.0833333333333335,0.217391134215464,0.4867299403858158,0.0,-0.005163304974030489,0.05882352941176479,0.18518500000000004,0.17244856213634077,0.02480152301962707,0.02778342775783145
-0.06666666666666676,-0.03703833333333332,0.12957592735879397,0.07592265183141876,-0.2095152864783867,-0.05555555555555563,0.20833325520828455,0.06248606645721988,0.010399190979184056,0.06361483946311729,0.166666666666667,0.217391134215464,0.37963443393783447,0.0,-0.005163304974030489,0.11764705882352958,0.18518500000000004,0.0887505798940291,0.07203487887735927,0.02739948304586997
-0.06666666666666676,0.0,0.11641153658535046,0.05414186668641411,-0.22742061922898155,-0.11111111111111126,0.12499882812426759,0.08534191498643053,0.030683166638413268,-0.05586167020520472,0.166666666666667,0.30434680529278363,0.2926523334578135,0.0,0.006541120989070547,0.11764705882352958,0.25925833333333326,0.049116060081733685,0.0502540937323546,0.005864298398173549
0.0,0.07407333333333335,0.11344315744985453,0.0837475662849861,-0.1880302746501835,-0.05555555555555563,0.04166627604142257,-0.0032002132971119105,0.009762028631386954,0.0661984674206914,0.0833333333333335,0.1304335066159797,0.004789074821661737,0.0,-0.02879010929484115,0.05882352941176479,0.11111,0.046147680946237765,0.07985979333092659,0.029983111003444095
0.0,0.07407333333333335,0.08483759021835405,0.049559848561986856,-0.1880302746501835,-0.05555555555555563,-0.041668151042594394,0.08534191498643053,0.03295707630165251,-0.07088579244588777,0.0,0.1304335066159797,0.6146605338835902,0.0,-0.02879010929484115,0.0,0.11111,0.27242971819003564,0.045672075607927354,-0.025811140338648376
-0.06666666666666676,0.07407333333333335,0.12221255777147129,0.07167078585467751,-0.1880302746501835,0.0,-0.08333442708401685,0.06248606645721988,0.016992944449965217,0.002021423200773398,0.166666666666667,0.30434680529278363,0.011454096533000427,0.0,0.006541120989070547,0.11764705882352958,0.25925833333333326,0.05491708126785451,0.067783012900618,0.005864298398173549
-0.06666666666666676,0.0,0.14011763687539933,0.07592265183141876,-0.22746571208557934,-0.05555555555555563,0.20833325520828455,0.03482959268054072,0.009703573370121187,0.06361483946311729,0.0833333333333335,0.30434680529278363,0.004622850741020389,0.0,0.006541120989070547,0.05882352941176479,0.25925833333333326,0.07282216037178255,0.07203487887735927,0.02739948304586997
-0.13333333333333353,0.037036666666666655,0.12660754822329806,0.06870250205959402,-0.2220615066563994,-0.11111111111111126,0.20833325520828455,0.09548335055877066,0.02005015461416602,0.07167196495133273,0.0833333333333335,0.217391134215464,0.43185573967109986,0.0,-0.005163304974030489,0.05882352941176479,0.18518500000000004,0.12956291707697318,0.06481472910553453,0.035456608534085415
0.0,0.037036666666666655,0.12221255777147129,0.06155331957185131,-0.1880302746501835,-0.05555555555555563,-0.041668151042594394,0.09548335055877066,0.023873128700948713,0.0661984674206914,0.0833333333333335,0.1304335066159797,0.5389418037992798,0.0,-0.09232896791256408,0.05882352941176479,0.11111,0.21325351989561647,0.057665546617791816,0.029983111003444095
-0.06666666666666676,0.14814666666666665,0.12221255777147129,0.030697978666617297,-0.11645403650440181,-0.05555555555555563,-0.041668151042594394,0.08534191498643053,0.03295707630165251,-0.07878979712635666,0.0833333333333335,0.217391134215464,0.5793431656303921,0.0,0.0,0.05882352941176479,0.18518500000000004,0.24482825703688121,0.026810205712557798,0.0
-0.06666666666666676,0.14814666666666665,0.10231998684178886,0.046261412619217346,-0.11645403650440181,-0.05555555555555563,-0.08333442708401685,0.1279935123632827,0.046167965347721086,-0.09025900270361067,0.0,0.217391134215464,0.623563367942452,0.0,0.0008960265111684786,0.0,0.18518500000000004,0.27938751942445816,0.04237363966515784,0.0008033128943717925
-0.06666666666666676,0.14814666666666665,0.14493148886825868,0.05175983436853002,-0.11645403650440181,-0.05555555555555563,-0.041668151042594394,0.09548335055877066,0.023873128700948713,0.08183621558495575,0.166666666666667,0.08695567107731976,0.011454096533000427,0.0,-0.04607207723926964,0.11764705882352958,0.07407333333333331,0.0776360123646419,0.047872061414470514,0.045620859167708444
0.0,0.14814666666666665,0.12221255777147129,0.030697978666617297,-0.10167745426543738,-0.05555555555555563,0.04166627604142257,0.09548335055877066,0.023873128700948713,0.06648642595466255,0.166666666666667,0.043477835538659935,0.49138818347103386,0.0,-0.04607207723926964,0.11764705882352958,0.037036666666666704,0.17608910280847742,0.026810205712557798,0.030271069537415235
0.0,0.07407333333333335,0.11641153658535046,0.058433844606332115,-0.1880302746501835,-0.05555555555555563,0.04166627604142257,0.09548335055877066,0.023873128700948713,0.051321752524779274,0.166666666666667,0.217391134215464,0.013548001820863045,0.0,0.0,0.11764705882352958,0.18518500000000004,0.049116060081733685,0.05454607165227262,0.015106396107531953
0.0,0.07407333333333335,0.11641153658535046,0.058433844606332115,-0.1880302746501835,-0.05555555555555563,-0.08333442708401685,0.1279935123632827,0.046167965347721086,-0.0894454055758828,0.0833333333333335,0.30434680529278363,0.4421133656254856,0.0,0.006541120989070547,0.05882352941176479,0.25925833333333326,0.13757952415465166,0.05454607165227262,0.005864298398173549
0.0,0.18518499999999996,0.06498432963193598,0.030697978666617297,-0.08218346549009004,-0.05555555555555563,0.0,0.06248606645721988,0.016992944449965217,0.05160171221058451,0.166666666666667,0.217391134215464,0.37963443393783447,0.0,0.0008960265111684786,0.11764705882352958,0.18518500000000004,0.0887505798940291,0.026810205712557798,0.015386355793337194
-0.06666666666666676,0.18518499999999996,0.08109668597581775,0.028713980246410777,-0.10167745426543738,-0.05555555555555563,0.20833325520828455,0.06248606645721988,0.010399190979184056,0.06399878417507876,0.166666666666667,0.043477835538659935,0.4867299403858158,0.0,-0.04607207723926964,0.11764705882352958,0.14814833333333333,0.17244856213634077,0.02482620729235128,0.02778342775783145
0.0,0.037036666666666655,0.12957592735879397,0.06479313036690086,-0.1880302746501835,-0.05555555555555563,0.04166627604142257,0.09548335055877066,0.023873128700948713,0.0661984674206914,0.0833333333333335,0.1304335066159797,0.5339598570567984,0.0,-0.09232896791256408,0.05882352941176479,0.11111,0.209359996219281,0.06090535741284137,0.029983111003444095
0.0,-0.03703833333333332,0.14493148886825868,0.07592265183141876,-0.22742061922898155,-0.05555555555555563,-0.041668151042594394,0.1279935123632827,0.0451917624845824,-0.07878979712635666,0.0833333333333335,0.217391134215464,0.42434135839655024,0.0,0.0,0.05882352941176479,0.18518500000000004,0.12369022856426977,0.07203487887735927,0.0
0.0,-0.03703833333333332,0.14493148886825868,0.07592265183141876,-0.2095152864783867,-0.05555555555555563,0.04166627604142257,0.06248606645721988,0.019664349889811826,0.05122462365419377,0.166666666666667,0.30434680529278363,0.005276983255147085,0.0,0.006541120989070547,0.11764705882352958,0.25925833333333326,0.0776360123646419,0.07203487887735927,0.015009267236946459
-0.06666666666666676,0.07407333333333335,0.0586861738862511,0.05503050050448483,-0.1880302746501835,-0.05555555555555563,0.0,0.06248606645721988,0.016992944449965217,0.08155511320655541,0.0833333333333335,0.08695567107731976,0.43185573967109986,0.0,-0.04607207723926964,0.05882352941176479,0.07407333333333331,0.12956291707697318,0.051142727550425336,0.04533975678930811
-0.06666666666666676,-0.03703833333333332,0.11278541050106303,0.07183431916147524,-0.22746571208557934,-0.05555555555555563,0.20833325520828455,0.09548335055877066,0.02005015461416602,0.06361483946311729,0.0833333333333335,0.1304335066159797,0.6091511910570547,0.0,-0.09232896791256408,0.05882352941176479,0.14814833333333333,0.26812402046885114,0.06794654620741575,0.02739948304586997
0.0,-0.03703833333333332,0.14493148886825868,0.07592265183141876,-0.22742061922898155,-0.05555555555555563,-0.041668151042594394,0.08534191498643053,0.03295707630165251,-0.07878979712635666,0.166666666666667,0.30434680529278363,0.2926523334578135,0.0,0.006541120989070547,0.11764705882352958,0.25925833333333326,0.0776360123646419,0.07203487887735927,0.005864298398173549
0.0,0.037036666666666655,0.13397091781062076,0.07728337236533958,-0.1880302746501835,-0.05555555555555563,-0.08333442708401685,0.08534191498643053,0.033196742872842244,-0.11097830483838897,0.0,0.30434680529278363,0.4695422579247067,0.0,0.006541120989070547,0.0,0.25925833333333326,0.15901593186893415,0.07339559941128007,0.005864298398173549
0.0,-0.03703833333333332,0.12221255777147129,0.07238662976367898,-0.22677544451150564,0.0,-0.08333442708401685,0.06248606645721988,0.016992944449965217,-0.011530910977390703,0.0833333333333335,0.217391134215464,0.5389418037992798,0.0,0.0060950195965968935,0.05882352941176479,0.18518500000000004,0.21325351989561647,0.06849885680961947,0.005464355989880324
0.0,0.0,0.0586861738862511,0.051525333777650256,-0.22742061922898155,-0.05555555555555563,0.04166627604142257,0.06248606645721988,0.016992944449965217,0.06005535202930777,0.166666666666667,0.217391134215464,0.39021520529685794,0.0,0.0,0.11764705882352958,0.18518500000000004,0.09701973368665494,0.047637560823590754,0.023839995612060457
-0.06666666666666676,0.07407333333333335,0.08109668597581775,0.051525333777650256,-0.1880302746501835,-0.05555555555555563,0.04166627604142257,0.06248606645721988,0.016992944449965217,0.060105630503493185,0.0833333333333335,0.217391134215464,0.6101007307984813,0.0,0.0,0.05882352941176479,0.18518500000000004,0.2688661109920879,0.047637560823590754,0.023890274086245878
-0.06666666666666676,-0.03703833333333332,0.13564398142641668,0.07592265183141876,-0.22742061922898155,-0.11111111111111126,0.20833325520828455,0.06248606645721988,0.009762028631386954,0.0788800698413714,0.0833333333333335,0.1304335066159797,0.4867299403858158,0.0,-0.034885128891437966,0.05882352941176479,0.14814833333333333,0.17244856213634077,0.07203487887735927,0.04266471342412408
0.0,-0.03703833333333332,0.12221255777147129,0.06687586587800415,-0.22677544451150564,-0.05555555555555563,-0.08333442708401685,0.08534191498643053,0.03295707630165251,-0.0846175293614862,0.166666666666667,0.1304335066159797,0.33007346800814485,0.0,-0.02879010929484115,0.11764705882352958,0.11111,0.05491708126785451,0.06298809292394464,-0.025811140338648376
0.0,0.07407333333333335,0.06498432963193598,0.04978200701650455,-0.1880302746501835,-0.05555555555555563,-0.041668151042594394,0.09548335055877066,0.023873128700948713,0.0661984674206914,0.0833333333333335,0.1304335066159797,0.4044414491671187,0.0,-0.09232896791256408,0.05882352941176479,0.11111,0.10813792105342586,0.045894234062445055,0.029983111003444095
0.0,-0.03703833333333332,0.15058693941880033,0.07124806768427581,-0.20868974033451965,-0.05555555555555563,-0.08333442708401685,0.08534191498643053,0.03295707630165251,-0.09133656182081207,0.0833333333333335,0.30434680529278363,0.33007346800814485,0.0,0.006541120989070547,0.05882352941176479,0.25925833333333326,0.08329146291518355,0.0673602947302163,0.005864298398173549
0.06666666666666676,0.0,-0.1368567973754611,-0.037674371245290696,-0.21700416935489467,0.05555555555555563,-0.08333442708401685,-0.028519250028515818,-0.005512331137364015,-0.022135098260136283,0.0833333333333335,-0.1304354631381441,-0.04556064973191336,0.0,-0.1636325399101424,0.05882352941176479,-0.11111166666666664,-0.014646407416208288,-0.0029096586473635632,-0.058350454677383604
-0.06666666666666676,-0.03703833333333332,-0.04822770699543291,-0.008324770976232129,-0.2805608163888253,0.05555555555555563,-0.041668151042594394,-0.07607756502858663,-0.019769569360090274,0.11942394580894639,0.166666666666667,-0.17391329867680405,-0.05505233127713917,0.0,-0.21872606188063598,0.11764705882352958,-0.07407500000000002,-0.039070558010032896,-0.010435276294150145,0.08320858939169908
-0.06666666666666676,-0.03703833333333332,-0.04822770699543291,-0.0046684130789619045,-0.2805608163888253,0.11111111111111126,-0.12500070312543943,-0.07607756502858663,-0.019769569360090274,0.11436753107552512,0.166666666666667,-0.08695762759948428,-0.016161976127067886,0.0,-0.19918427173947673,0.11764705882352958,-0.07407500000000002,-0.039070558010032896,-0.0085561860330214,0.07815217465827783
-0.06666666666666676,-0.03703833333333332,-0.04822770699543291,-0.0046684130789619045,-0.26340125011273213,0.11111111111111126,-0.12500070312543943,-0.028519250028515818,-0.005512331137364015,-0.022121385948994793,0.0833333333333335,-0.08695762759948428,-0.05400843811927744,0.0,-0.08116496192205964,0.11764705882352958,-0.07407500000000002,-0.014646407416208288,-0.0029096586473635632,-0.0583367423662421
0.0,0.0,-0.12330817892883457,-0.025150188371856223,-0.21700416935489467,0.05555555555555563,-0.08333442708401685,0.010225347108568313,0.002770779383998429,-0.053559144626030994,0.166666666666667,-0.17391329867680405,0.005218907536683029,0.0,-0.1737297262849313,0.11764705882352958,-0.11111166666666664,0.005251351265355588,0.0014625431589080765,-0.0897745010432783
0.06666666666666676,-0.074075,-0.1368567973754611,-0.021333382701878772,-0.22445836541863515,0.05555555555555563,-0.08333442708401685,-0.028519250028515818,-0.005512331137364015,-0.022135098260136283,0.0833333333333335,-0.1304354631381441,-0.027543870533365662,0.0,-0.1636325399101424,0.05882352941176479,-0.11111166666666664,-0.014646407416208288,-0.0029096586473635632,-0.058350454677383604
0.0,-0.074075,-0.04822770699543291,0.01605711940708377,-0.3020423595357517,0.05555555555555563,-0.12500070312543943,0.010225347108568313,0.002770779383998429,-0.07812932080637533,0.166666666666667,-0.17391329867680405,0.05692643331634224,0.0,-0.1737297262849313,0.11764705882352958,-0.14814833333333333,0.005251351265355588,0.012169346453024272,-0.11434467722362265
0.06666666666666676,-0.03703833333333332,-0.13420553235562843,-0.017843643645496805,-0.21480155674415702,0.05555555555555563,-0.041668151042594394,-0.11292998124876161,-0.0229027713639366,0.11386131825588543,0.166666666666667,-0.1304354631381441,-0.016904316917398774,0.0,-0.24696937832584512,0.11764705882352958,-0.07407500000000002,-0.05799656418805914,-0.012089122566670671,0.0776459618386381
0.0,-0.03703833333333332,-0.04822770699543291,-0.0076181836695022685,-0.26340125011273213,0.05555555555555563,-0.041668151042594394,-0.11292998124876161,-0.0229027713639366,0.13203013051834822,0.166666666666667,-0.08695762759948428,-0.016904316917398774,0.0,-0.21301341490615933,0.11764705882352958,-0.07407500000000002,-0.05799656418805914,-0.011505956623561762,0.09581477410110091
0.0,-0.03703833333333332,-0.12330817892883457,-0.025150188371856223,-0.21480155674415702,0.05555555555555563,-0.08333442708401685,0.010225347108568313,0.002770779383998429,-0.053559144626030994,0.0833333333333335,-0.1304354631381441,0.005218907536683029,0.0,-0.1636325399101424,0.05882352941176479,-0.11111166666666664,0.005251351265355588,0.0014625431589080765,-0.0897745010432783
0.0,-0.074075,-0.12330817892883457,-0.014502010225459962,-0.22445836541863515,0.05555555555555563,-0.041668151042594394,-0.11292998124876161,-0.0229027713639366,0.13174331467697226,0.166666666666667,-0.1304354631381441,0.013141846867597628,0.0,-0.24696937832584512,0.11764705882352958,-0.07407500000000002,-0.05799656418805914,-0.012089122566670671,0.09552795825972493
0.0,-0.03703833333333332,-0.04822770699543291,0.014603832850447251,-0.26340125011273213,0.05555555555555563,-0.041668151042594394,-0.11292998124876161,-0.0229027713639366,0.12024097101445962,0.166666666666667,-0.08695762759948428,-0.016904316917398774,0.0,-0.21301341490615933,0.11764705882352958,-0.07407500000000002,-0.05799656418805914,0.010716059896387756,0.0840256145972123
-0.06666666666666676,-0.03703833333333332,-0.04822770699543291,3.702640908629641e-05,-0.2805608163888253,0.11111111111111126,-0.12500070312543943,-0.028519250028515818,-0.005512331137364015,-0.022121385948994793,0.0833333333333335,-0.08695762759948428,-0.027543870533365662,0.0,-0.08116496192205964,0.11764705882352958,-0.07407500000000002,-0.014646407416208288,-0.0029096586473635632,-0.0583367423662421
-0.06666666666666676,0.0,-0.05874427875242885,-0.014711826543615551,-0.26340125011273213,0.05555555555555563,-0.041668151042594394,-0.11292998124876161,-0.0229027713639366,0.1271851139150248,0.166666666666667,-0.08695762759948428,-0.016904316917398774,0.0,-0.21301341490615933,0.11764705882352958,-0.07407500000000002,-0.05799656418805914,-0.012089122566670671,0.09096975749777748
0.06666666666666676,0.0,-0.13420553235562843,-0.021796212815457273,-0.21700416935489467,0.05555555555555563,-0.041668151042594394,-0.11292998124876161,-0.0229027713639366,0.12148650594314422,0.166666666666667,-0.1304354631381441,-0.016904316917398774,0.0,-0.24696937832584512,0.11764705882352958,-0.07407500000000002,-0.05799656418805914,-0.012089122566670671,0.0852711495258969
0.06666666666666676,-0.03703833333333332,-0.13420553235562843,-0.0305807283711774,-0.20922391725113948,0.05555555555555563,-0.166666979166862,0.010225347108568313,0.002770779383998429,-0.08564709538969248,0.166666666666667,-0.1304354631381441,0.0,0.0,-0.1636325399101424,0.11764705882352958,-0.11111166666666664,0.005251351265355588,0.0014625431589080765,-0.1218624518069398
0.06666666666666676,0.0,-0.13420553235562843,-0.025150188371856223,-0.2029941656780925,0.05555555555555563,-0.166666979166862,0.010225347108568313,0.002770779383998429,-0.08668580295865969,0.166666666666667,-0.08695762759948428,0.0,0.0,-0.08096612815855712,0.11764705882352958,-0.07407500000000002,0.005251351265355588,0.0014625431589080765,-0.0725884044126217
0.0,0.07407333333333335,-0.12330817892883457,-0.033104695257225536,-0.21201273699764825,0.05555555555555563,-0.166666979166862,0.010225347108568313,0.002770779383998429,-0.08545169495592633,0.0833333333333335,-0.1304354631381441,0.005218907536683029,0.0,-0.1636325399101424,0.05882352941176479,-0.11111166666666664,0.005251351265355588,0.0014625431589080765,-0.12166705137317366
0.0,-0.03703833333333332,-0.12300169595516745,-0.020750216758769844,-0.20922391725113948,0.11111111111111126,-0.166666979166862,-0.028519250028515818,-0.005512331137364015,-0.04435132769452626,0.166666666666667,-0.1304354631381441,-0.016904316917398774,0.0,-0.1636325399101424,0.11764705882352958,-0.11111166666666664,-0.014646407416208288,-0.0029096586473635632,-0.08056668411177358
0.0,-0.03703833333333332,-0.12300169595516745,-0.016689653895641057,-0.21480155674415702,0.05555555555555563,-0.041668151042594394,-0.028519250028515818,-0.005512331137364015,-0.017124391230519946,0.166666666666667,-0.08695762759948428,-0.016904316917398774,0.0,-0.08116496192205964,0.11764705882352958,-0.07407500000000002,-0.014646407416208288,-0.0029096586473635632,-0.05333974764776726
0.0,-0.03703833333333332,-0.04822770699543291,0.003375574295032613,-0.2805608163888253,0.05555555555555563,-0.041668151042594394,-0.11292998124876161,-0.0229027713639366,0.11942394580894639,0.166666666666667,-0.08695762759948428,0.022065750601729824,0.0,-0.09020042698276133,0.11764705882352958,-0.07407500000000002,-0.05799656418805914,-0.0005121986590268826,0.08320858939169908
0.06666666666666676,0.0,-0.1368567973754611,-0.027186640871601667,-0.21201273699764825,0.11111111111111126,-0.166666979166862,-0.028519250028515818,-0.005512331137364015,-0.04435132769452626,0.166666666666667,-0.08695762759948428,0.015224800809030182,0.0,-0.08116496192205964,0.11764705882352958,-0.07407500000000002,-0.014646407416208288,-0.0029096586473635632,-0.07276666445746094
0.06666666666666676,-0.03703833333333332,-0.1368567973754611,-0.037674371245290696,-0.21480155674415702,0.05555555555555563,-0.041668151042594394,-0.11292998124876161,-0.0229027713639366,0.12855748772176806,0.0833333333333335,-0.1304354631381441,-0.04556064973191336,0.0,-0.2172284357773316,0.05882352941176479,-0.07407500000000002,-0.05799656418805914,-0.012089122566670671,0.09234213130452075
0.0,0.0,-0.12300169595516745,-0.02066999287241624,-0.21700416935489467,0.05555555555555563,-0.041668151042594394,-0.028519250028515818,-0.005512331137364015,-0.017124391230519946,0.0833333333333335,-0.1304354631381441,-0.05400843811927744,0.0,-0.1636325399101424,0.05882352941176479,-0.07407500000000002,-0.014646407416208288,-0.0029096586473635632,-0.05333974764776726
0.06666666666666676,-0.074075,-0.13420553235562843,-0.034184632188908735,-0.22445836541863515,0.05555555555555563,-0.08333442708401685,-0.028519250028515818,-0.005512331137364015,-0.022135098260136283,0.166666666666667,-0.1304354631381441,-0.016904316917398774,0.0,-0.1636325399101424,0.11764705882352958,-0.11111166666666664,-0.014646407416208288,-0.0029096586473635632,-0.058350454677383604
0.06666666666666676,-0.074075,-0.13420553235562843,-0.014866103248141724,-0.22445836541863515,0.05555555555555563,-0.041668151042594394,-0.11292998124876161,-0.0229027713639366,0.12126139550190489,0.0833333333333335,-0.08695762759948428,-0.05505233127713917,0.0,-0.21301341490615933,0.05882352941176479,-0.07407500000000002,-0.05799656418805914,-0.012089122566670671,0.08504603908465758
0.06666666666666676,-0.074075,-0.13420553235562843,-0.025150188371856223,-0.22445836541863515,0.05555555555555563,-0.166666979166862,0.010225347108568313,0.002770779383998429,-0.08586077890498055,0.0833333333333335,-0.08695762759948428,-0.03594954137693228,0.0,-0.08116496192205964,0.05882352941176479,-0.07407500000000002,0.005251351265355588,0.0014625431589080765,-0.07276666445746094
0.0,-0.03703833333333332,-0.12330817892883457,-0.016689653895641057,-0.21480155674415702,0.05555555555555563,-0.041668151042594394,-0.11292998124876161,-0.0229027713639366,0.11942394580894639,0.166666666666667,-0.08695762759948428,0.013141846867597628,0.0,-0.09020042698276133,0.11764705882352958,-0.07407500000000002,-0.05799656418805914,-0.012089122566670671,0.08320858939169908
0.0,-0.074075,-0.12330817892883457,0.0035607063404640093,-0.22445836541863515,0.05555555555555563,-0.08333442708401685,-0.11292998124876161,-0.0229027713639366,0.11594216147160524,0.166666666666667,-0.08695762759948428,0.013141846867597628,0.0,-0.21550138610075514,0.11764705882352958,-0.07407500000000002,-0.05799656418805914,-0.0003270666135954862,0.07972680505435792
0.06666666666666676,0.0,-0.13420553235562843,-0.02482003622417021,-0.21700416935489467,0.05555555555555563,-0.041668151042594394,-0.07607756502858663,-0.019769569360090274,0.12148650594314422,0.166666666666667,-0.1304354631381441,-0.016161976127067886,0.0,-0.24225472389510241,0.11764705882352958,-0.07407500000000002,-0.039070558010032896,-0.010435276294150145,0.0852711495258969
0.0,0.0,-0.12330817892883457,-0.025378517894554944,-0.21700416935489467,0.05555555555555563,-0.041668151042594394,-0.11292998124876161,-0.0229027713639366,0.1271851139150248,0.166666666666667,-0.1304354631381441,0.3596195421129099,0.0,-0.24696937832584512,0.11764705882352958,-0.07407500000000002,0.07310841043141014,-0.012089122566670671,0.09096975749777748
0.0,0.0,-0.12330817892883457,-0.020543485974704782,-0.21201273699764825,0.05555555555555563,-0.12500070312543943,-0.028519250028515818,-0.005512331137364015,-0.022121385948994793,0.166666666666667,-0.1304354631381441,0.008739287846284279,0.0,-0.1636325399101424,0.11764705882352958,-0.11111166666666664,-0.014646407416208288,-0.0029096586473635632,-0.0583367423662421
0.0,-0.074075,-0.04822770699543291,0.006445680715103382,-0.3020423595357517,0.05555555555555563,-0.041668151042594394,-0.028519250028515818,-0.005512331137364015,-0.019431487580074177,0.0833333333333335,-0.08695762759948428,-0.05400843811927744,0.0,-0.10130962623076184,0.05882352941176479,-0.07407500000000002,-0.014646407416208288,0.0025579077610438867,-0.055646843997321484
0.06666666666666676,-0.074075,-0.13420553235562843,-0.0305807283711774,-0.22445836541863515,0.05555555555555563,-0.12500070312543943,0.010225347108568313,0.002770779383998429,-0.07009504917006237,0.166666666666667,-0.1304354631381441,0.0,0.0,-0.1636325399101424,0.11764705882352958,-0.11111166666666664,0.005251351265355588,0.0014625431589080765,-0.10631040558730968
0.0,-0.074075,-0.04822770699543291,0.0035823050790976733,-0.3020423595357517,0.05555555555555563,-0.166666979166862,0.010225347108568313,0.002770779383998429,-0.08148883703603825,0.166666666666667,-0.08695762759948428,0.0,0.0,-0.08096612815855712,0.11764705882352958,-0.07407500000000002,0.005251351265355588,0.0014625431589080765,-0.0725884044126217
0.0,-0.074075,-0.04822770699543291,0.023070538394843444,-0.3020423595357517,0.05555555555555563,-0.041668151042594394,-0.11292998124876161,-0.0229027713639366,0.11962505970568806,0.166666666666667,-0.1304354631381441,-0.016904316917398774,0.0,-0.24696937832584512,0.11764705882352958,-0.07407500000000002,-0.05799656418805914,0.01918276544078395,0.08340970328844076
0.0,0.0,-0.12300169595516745,-0.020543485974704782,-0.21201273699764825,0.05555555555555563,-0.12500070312543943,-0.028519250028515818,-0.005512331137364015,-0.022121385948994793,0.166666666666667,-0.08695762759948428,-0.016904316917398774,0.0,-0.08173469712901887,0.11764705882352958,-0.07407500000000002,-0.014646407416208288,-0.0029096586473635632,-0.0583367423662421
0.0,-0.074075,-0.04822770699543291,0.015763993668484053,-0.3020423595357517,0.05555555555555563,-0.08333442708401685,-0.028519250028515818,-0.005512331137364015,-0.02154775426624282,0.0833333333333335,-0.08695762759948428,-0.027543870533365662,0.0,-0.08726635439569191,0.05882352941176479,-0.07407500000000002,-0.014646407416208288,0.011876220714424558,-0.05776311068349014
0.06666666666666676,-0.074075,-0.1368567973754611,-0.027186640871601667,-0.21528023476034883,0.05555555555555563,-0.166666979166862,0.010225347108568313,0.002770779383998429,-0.0779144945984921,0.0833333333333335,-0.1304354631381441,0.005218907536683029,0.0,-0.1636325399101424,0.05882352941176479,-0.11111166666666664,0.005251351265355588,0.0014625431589080765,-0.1141298510157394
0.0,-0.03703833333333332,-0.12330817892883457,-0.016689653895641057,-0.21480155674415702,0.05555555555555563,-0.041668151042594394,-0.07607756502858663,-0.019769569360090274,0.11553764829293152,0.166666666666667,-0.17391329867680405,0.015224800809030182,0.0,-0.2470726189338176,0.11764705882352958,-0.07407500000000002,-0.039070558010032896,-0.010435276294150145,0.0793222918756842
0.06666666666666676,-0.03703833333333332,-0.13420553235562843,-0.037674371245290696,-0.21480155674415702,0.05555555555555563,-0.08333442708401685,-0.028519250028515818,-0.005512331137364015,-0.020475908612017035,0.166666666666667,-0.17391329867680405,-0.016904316917398774,0.0,-0.1955326131982283,0.11764705882352958,-0.11111166666666664,-0.014646407416208288,-0.0029096586473635632,-0.05669126502926435
0.06666666666666676,-0.074075,-0.13420553235562843,-0.020543485974704782,-0.22445836541863515,0.05555555555555563,-0.12500070312543943,-0.07607756502858663,-0.019769569360090274,0.11268777296069363,0.0833333333333335,-0.1304354631381441,-0.05505233127713917,0.0,-0.2172284357773316,0.05882352941176479,-0.11111166666666664,-0.039070558010032896,-0.010435276294150145,0.07647241654344633
0.0,-0.03703833333333332,-0.12300169595516745,-0.034184632188908735,-0.20922391725113948,0.11111111111111126,-0.166666979166862,0.010225347108568313,0.002221299928100019,-0.08591791353473673,0.166666666666667,-0.1304354631381441,-0.016904316917398774,0.0,-0.1636325399101424,0.11764705882352958,-0.11111166666666664,0.005251351265355588,0.0011725029543988867,-0.12213326995198405
0.0,-0.074075,-0.04822770699543291,-0.001536595977080648,-0.3020423595357517,0.11111111111111126,-0.12500070312543943,-0.028519250028515818,-0.005512331137364015,-0.022121385948994793,0.166666666666667,-0.08695762759948428,-0.016904316917398774,0.0,-0.08116496192205964,0.11764705882352958,-0.07407500000000002,-0.014646407416208288,-0.0029096586473635632,-0.0583367423662421
0.06666666666666676,0.0,-0.1368567973754611,-0.021796212815457273,-0.21201273699764825,0.05555555555555563,-0.12500070312543943,-0.028519250028515818,-0.005512331137364015,-0.022121385948994793,0.166666666666667,-0.08695762759948428,0.015224800809030182,0.0,-0.08173469712901887,0.11764705882352958,-0.07407500000000002,-0.014646407416208288,-0.0029096586473635632,-0.0583367423662421
0.06666666666666676,0.0,-0.1368567973754611,-0.02482003622417021,-0.21700416935489467,0.05555555555555563,-0.041668151042594394,-0.028519250028515818,-0.005512331137364015,-0.017124391230519946,0.166666666666667,-0.1304354631381441,0.015224800809030182,0.0,-0.1636325399101424,0.11764705882352958,-0.07407500000000002,-0.014646407416208288,-0.0029096586473635632,-0.05333974764776726
0.0,-0.03703833333333332,-0.12300169595516745,-0.020543485974704782,-0.20922391725113948,0.05555555555555563,-0.166666979166862,0.010225347108568313,0.002770779383998429,-0.08564709538969248,0.166666666666667,-0.08695762759948428,0.0,0.0,-0.08096612815855712,0.11764705882352958,-0.07407500000000002,0.005251351265355588,0.0014625431589080765,-0.0725884044126217
0.0,-0.074075,-0.04822770699543291,0.006711036646888403,-0.3020423595357517,0.05555555555555563,-0.08333442708401685,0.010225347108568313,0.002770779383998429,-0.05708777935977217,0.166666666666667,-0.1304354631381441,0.05692643331634224,0.0,-0.1636325399101424,0.11764705882352958,-0.11111166666666664,0.005251351265355588,0.0028232636928289074,-0.09330313577701949
0.06666666666666676,0.0,-0.1368567973754611,-0.03834084660884376,-0.21700416935489467,0.05555555555555563,-0.041668151042594394,-0.07607756502858663,-0.019769569360090274,0.12878602624079274,0.166666666666667,-0.17391329867680405,-0.01417522481389309,0.0,-0.21872606188063598,0.11764705882352958,-0.07407500000000002,-0.039070558010032896,-0.010435276294150145,0.0925706698235454
0.06666666666666676,-0.03703833333333332,-0.1368567973754611,-0.025150188371856223,-0.21480155674415702,0.05555555555555563,-0.041668151042594394,-0.028519250028515818,-0.005512331137364015,-0.017124391230519946,0.0833333333333335,-0.08695762759948428,-0.027543870533365662,0.0,-0.08983462384093296,0.05882352941176479,-0.07407500000000002,-0.014646407416208288,-0.0029096586473635632,-0.05333974764776726
0.0,0.07407333333333335,-0.12330817892883457,-0.028920711030475818,-0.21787827703663623,0.05555555555555563,-0.08333442708401685,-0.028519250028515818,-0.005512331137364015,-0.022135098260136283,0.0833333333333335,-0.08695762759948428,-0.027543870533365662,0.0,-0.08116496192205964,0.05882352941176479,-0.07407500000000002,-0.014646407416208288,-0.0029096586473635632,-0.058350454677383604
0.0,-0.074075,-0.04822770699543291,-2.1598738633663983e-05,-0.3020423595357517,0.05555555555555563,-0.041668151042594394,-0.07607756502858663,-0.019769569360090274,0.11228440247461507,0.166666666666667,-0.08695762759948428,0.015224800809030182,0.0,-0.19918427173947673,0.11764705882352958,-0.07407500000000002,-0.039070558010032896,-0.003909371692693159,0.07606904605736776
0.06666666666666676,-0.074075,-0.13420553235562843,-0.028920711030475818,-0.22445836541863515,0.05555555555555563,-0.12500070312543943,0.010225347108568313,0.002770779383998429,-0.07812932080637533,0.0833333333333335,-0.08695762759948428,-0.03594954137693228,0.0,-0.08116496192205964,0.05882352941176479,-0.07407500000000002,0.005251351265355588,0.0014625431589080765,-0.07276666445746094
0.0,-0.03703833333333332,-0.05874427875242885,-0.008324770976232129,-0.2805608163888253,0.05555555555555563,-0.041668151042594394,-0.028519250028515818,-0.005512331137364015,-0.017124391230519946,0.166666666666667,-0.08695762759948428,0.015224800809030182,0.0,-0.08116496192205964,0.11764705882352958,-0.07407500000000002,-0.014646407416208288,-0.0029096586473635632,-0.05333974764776726
0.0,0.037036666666666655,-0.05874427875242885,0.002761553011018442,-0.2578617661137589,0.05555555555555563,-0.041668151042594394,-0.07607756502858663,-0.019769569360090274,0.1334116458658525,0.166666666666667,-0.08695762759948428,0.015224800809030182,0.0,-0.09020042698276133,0.11764705882352958,-0.07407500000000002,-0.039070558010032896,-0.0011262199430410536,0.09719628944860519
0.0,0.0,-0.12300169595516745,-0.02066999287241624,-0.21201273699764825,0.05555555555555563,-0.166666979166862,0.010225347108568313,0.002770779383998429,-0.08564709538969248,0.166666666666667,-0.17391329867680405,0.0,0.0,-0.1737297262849313,0.11764705882352958,-0.14814833333333333,0.005251351265355588,0.0014625431589080765,-0.1218624518069398
0.06666666666666676,-0.03703833333333332,-0.13420553235562843,-0.034184632188908735,-0.20922391725113948,0.11111111111111126,-0.12500070312543943,-0.028519250028515818,-0.005512331137364015,-0.022121385948994793,0.166666666666667,-0.08695762759948428,-0.016904316917398774,0.0,-0.08173469712901887,0.11764705882352958,-0.07407500000000002,-0.014646407416208288,-0.0029096586473635632,-0.0583367423662421
0.0,-0.074075,-0.12300169595516745,-0.03219446270052114,-0.22445836541863515,0.05555555555555563,-0.12500070312543943,0.010225347108568313,0.002770779383998429,-0.07509661465891772,0.166666666666667,-0.08695762759948428,0.0,0.0,-0.08096612815855712,0.11764705882352958,-0.07407500000000002,0.005251351265355588,0.0014625431589080765,-0.0725884044126217
0.06666666666666676,-0.03703833333333332,-0.04822770699543291,0.012329794225731501,-0.26340125011273213,0.05555555555555563,-0.12500070312543943,-0.028519250028515818,-0.005512331137364015,-0.025032966681369322,0.166666666666667,-0.08695762759948428,-0.016904316917398774,0.0,-0.08116496192205964,0.11764705882352958,-0.07407500000000002,-0.014646407416208288,0.008442021271672005,-0.06124832309861664
0.06666666666666676,0.0,-0.1368567973754611,-0.0305807283711774,-0.21700416935489467,0.05555555555555563,-0.12500070312543943,0.010225347108568313,0.002770779383998429,-0.06987450949920355,0.166666666666667,-0.1304354631381441,0.05692643331634224,0.0,-0.1636325399101424,0.11764705882352958,-0.11111166666666664,0.005251351265355588,0.0014625431589080765,-0.10608986591645087
0.0,-0.03703833333333332,-0.12330817892883457,-0.017843643645496805,-0.21480155674415702,0.05555555555555563,-0.041668151042594394,-0.07607756502858663,-0.019769569360090274,0.13509368936587415,0.0833333333333335,-0.08695762759948428,-0.01417522481389309,0.0,-0.19918427173947673,0.05882352941176479,-0.07407500000000002,-0.039070558010032896,-0.010435276294150145,0.09887833294862686
0.06666666666666676,0.0,-0.1368567973754611,-0.0305807283711774,-0.21201273699764825,0.05555555555555563,-0.166666979166862,0.010225347108568313,0.002770779383998429,-0.08564709538969248,0.166666666666667,-0.1304354631381441,0.4096037333144342,0.0,-0.1636325399101424,0.11764705882352958,-0.11111166666666664,0.1121723832005529,0.0014625431589080765,-0.1218624518069398
0.0,-0.03703833333333332,-0.12330817892883457,-0.013838620395997432,-0.20922391725113948,0.05555555555555563,-0.166666979166862,0.010225347108568313,0.002770779383998429,-0.08564709538969248,0.166666666666667,-0.17391329867680405,0.05692643331634224,0.0,-0.1737297262849313,0.11764705882352958,-0.14814833333333333,0.005251351265355588,0.0014625431589080765,-0.1218624518069398
0.0,-0.074075,-0.05874427875242885,0.0035823050790976733,-0.3020423595357517,0.05555555555555563,-0.12500070312543943,-0.028519250028515818,-0.005512331137364015,-0.022121385948994793,0.166666666666667,-0.08695762759948428,-0.016904316917398774,0.0,-0.08173469712901887,0.11764705882352958,-0.07407500000000002,-0.014646407416208288,-0.00030546787496182225,-0.0583367423662421
0.0,0.0,-0.12330817892883457,-0.021796212815457273,-0.21700416935489467,0.05555555555555563,-0.041668151042594394,-0.028519250028515818,-0.005512331137364015,-0.017124391230519946,0.0833333333333335,-0.1304354631381441,-0.027543870533365662,0.0,-0.1636325399101424,0.05882352941176479,-0.07407500000000002,-0.014646407416208288,-0.0029096586473635632,-0.05333974764776726
0.0,0.0,-0.12300169595516745,-0.021333382701878772,-0.21700416935489467,0.05555555555555563,-0.08333442708401685,-0.028519250028515818,-0.005512331137364015,-0.022135098260136283,0.0833333333333335,-0.1304354631381441,-0.05400843811927744,0.0,-0.1636325399101424,0.05882352941176479,-0.11111166666666664,-0.014646407416208288,-0.0029096586473635632,-0.058350454677383604
-0.06666666666666676,-0.03703833333333332,-0.04822770699543291,-0.010299512794167087,-0.2805608163888253,0.05555555555555563,-0.12500070312543943,0.010225347108568313,0.002770779383998429,-0.07509661465891772,0.0833333333333335,-0.08695762759948428,0.005218907536683029,0.0,-0.08096612815855712,0.05882352941176479,-0.07407500000000002,0.005251351265355588,0.0014625431589080765,-0.0725884044126217
0.0,0.0,-0.05874427875242885,-0.014634688191352474,-0.26340125011273213,0.05555555555555563,-0.041668151042594394,-0.07607756502858663,-0.019769569360090274,0.13115025722010318,0.166666666666667,-0.08695762759948428,0.013141846867597628,0.0,-0.09020042698276133,0.11764705882352958,-0.07407500000000002,-0.039070558010032896,-0.010435276294150145,0.09493490080285587
0.0,-0.074075,-0.04822770699543291,0.017195681486486907,-0.3020423595357517,0.05555555555555563,-0.12500070312543943,-0.028519250028515818,-0.005512331137364015,-0.022121385948994793,0.0833333333333335,-0.08695762759948428,-0.027543870533365662,0.0,-0.08173469712901887,0.05882352941176479,-0.07407500000000002,-0.014646407416208288,0.01330790853242741,-0.0583367423662421
-0.06666666666666676,0.0,-0.05874427875242885,-0.0046684130789619045,-0.26340125011273213,0.11111111111111126,-0.08333442708401685,-0.11292998124876161,-0.0229027713639366,0.1159707287864833,0.0833333333333335,-0.1304354631381441,-0.05505233127713917,0.0,-0.2172284357773316,0.11764705882352958,-0.11111166666666664,-0.05799656418805914,-0.0085561860330214,0.07975537236923601
0.06666666666666676,-0.074075,-0.12330817892883457,-0.006368542362840285,-0.2277570813128265,0.05555555555555563,-0.166666979166862,0.010225347108568313,0.002770779383998429,-0.08690405724432826,0.0833333333333335,-0.1304354631381441,0.005218907536683029,0.0,-0.1636325399101424,0.05882352941176479,-0.11111166666666664,0.005251351265355588,0.0014625431589080765,-0.12311941366157557
0.06666666666666676,-0.074075,-0.13420553235562843,-0.014866103248141724,-0.22445836541863515,0.05555555555555563,-0.041668151042594394,-0.11292998124876161,-0.0229027713639366,0.12126139550190489,0.166666666666667,-0.08695762759948428,-0.016904316917398774,0.0,-0.21301341490615933,0.11764705882352958,-0.07407500000000002,-0.05799656418805914,-0.012089122566670671,0.08504603908465758
0.0,-0.03703833333333332,-0.04822770699543291,0.008408080396676279,-0.2805608163888253,0.05555555555555563,-0.12500070312543943,0.010225347108568313,0.002770779383998429,-0.07722887904141804,0.166666666666667,-0.1304354631381441,0.0,0.0,-0.1636325399101424,0.11764705882352958,-0.11111166666666664,0.005251351265355588,0.004520307442616782,-0.11344423545866536
0.0,0.0,-0.05874427875242885,-0.012280425680283119,-0.26340125011273213,0.05555555555555563,-0.041668151042594394,-0.028519250028515818,-0.005512331137364015,-0.017124391230519946,0.0833333333333335,-0.08695762759948428,-0.05400843811927744,0.0,-0.08983462384093296,0.05882352941176479,-0.07407500000000002,-0.014646407416208288,-0.0029096586473635632,-0.05333974764776726
0.0,-0.03703833333333332,-0.12300169595516745,-0.02131486949733563,-0.20922391725113948,0.11111111111111126,-0.12500070312543943,-0.028519250028515818,-0.005512331137364015,-0.022121385948994793,0.166666666666667,-0.08695762759948428,-0.016904316917398774,0.0,-0.08173469712901887,0.11764705882352958,-0.07407500000000002,-0.014646407416208288,-0.0029096586473635632,-0.0583367423662421
0.0,-0.03703833333333332,-0.04822770699543291,0.00706278753320808,-0.26340125011273213,0.05555555555555563,-0.166666979166862,0.010225347108568313,0.002770779383998429,-0.08147512472489676,0.166666666666667,-0.08695762759948428,0.05692643331634224,0.0,-0.08116496192205964,0.11764705882352958,-0.07407500000000002,0.005251351265355588,0.0031750145791485836,-0.07276666445746094
0.0,0.0,-0.12330817892883457,-0.018815586884011685,-0.21201273699764825,0.05555555555555563,-0.12500070312543943,-0.028519250028515818,-0.005512331137364015,-0.022121385948994793,0.166666666666667,-0.08695762759948428,0.015224800809030182,0.0,-0.08173469712901887,0.11764705882352958,-0.07407500000000002,-0.014646407416208288,-0.0029096586473635632,-0.0583367423662421
0.06666666666666676,0.0,-0.1368567973754611,-0.02482003622417021,-0.21201273699764825,0.05555555555555563,-0.12500070312543943,-0.07607756502858663,-0.019769569360090274,0.11291059801674272,0.166666666666667,-0.08695762759948428,-0.007388643593315146,0.0,-0.19918427173947673,0.11764705882352958,-0.07407500000000002,-0.039070558010032896,-0.010435276294150145,0.07669524159949541
-0.06666666666666676,0.0,-0.04822770699543291,-0.009787314135140205,-0.2578617661137589,0.05555555555555563,-0.041668151042594394,-0.07607756502858663,-0.019769569360090274,0.11882631758169684,0.166666666666667,-0.17391329867680405,-0.016161976127067886,0.0,-0.2470726189338176,0.11764705882352958,-0.07407500000000002,-0.039070558010032896,-0.010435276294150145,0.08261096116444952
-0.06666666666666676,-0.03703833333333332,-0.04822770699543291,-0.008324770976232129,-0.26340125011273213,0.05555555555555563,-0.041668151042594394,-0.028519250028515818,-0.005512331137364015,-0.017124391230519946,0.166666666666667,-0.17391329867680405,-0.05400843811927744,0.0,-0.20761813720804254,0.11764705882352958,-0.07407500000000002,-0.014646407416208288,-0.0029096586473635632,-0.05333974764776726
0.0,-0.074075,-0.05874427875242885,0.006711036646888403,-0.3020423595357517,0.05555555555555563,-0.041668151042594394,-0.028519250028515818,-0.005512331137364015,-0.017124391230519946,0.166666666666667,-0.1304354631381441,-0.016904316917398774,0.0,-0.1636325399101424,0.11764705882352958,-0.07407500000000002,-0.014646407416208288,0.0028232636928289074,-0.05333974764776726
0.0,-0.074075,-0.05874427875242885,0.01605711940708377,-0.3020423595357517,0.05555555555555563,-0.041668151042594394,-0.11292998124876161,-0.0229027713639366,0.12004214250290814,0.0833333333333335,-0.1304354631381441,0.3993215747739596,0.0,-0.24696937832584512,0.05882352941176479,-0.07407500000000002,0.10413660325537571,0.012169346453024272,0.08382678608566083
0.0,-0.03703833333333332,-0.04822770699543291,-0.001774182102050952,-0.26340125011273213,0.05555555555555563,-0.08333442708401685,0.010225347108568313,0.002770779383998429,-0.057499148694016636,0.0833333333333335,-0.1304354631381441,-0.03594954137693228,0.0,-0.1636325399101424,0.05882352941176479,-0.11111166666666664,0.005251351265355588,0.0014625431589080765,-0.09371450511126396
0.0,-0.074075,-0.04822770699543291,0.02849799286007414,-0.3020423595357517,0.05555555555555563,-0.12500070312543943,-0.11292998124876161,-0.0229027713639366,0.11485660350623794,0.166666666666667,-0.08695762759948428,-0.016904316917398774,0.0,-0.09020042698276133,0.11764705882352958,-0.07407500000000002,-0.05799656418805914,0.024610219906014644,0.07864124708899065
0.0,0.0,-0.05874427875242885,0.014603832850447251,-0.26340125011273213,0.05555555555555563,-0.08333442708401685,-0.11292998124876161,-0.0229027713639366,0.11653978969885478,0.166666666666667,-0.08695762759948428,-0.016904316917398774,0.0,-0.21301341490615933,0.11764705882352958,-0.07407500000000002,-0.05799656418805914,0.010716059896387756,0.08032443328160747
0.06666666666666676,-0.074075,-0.13420553235562843,-0.021333382701878772,-0.22445836541863515,0.05555555555555563,-0.041668151042594394,-0.07607756502858663,-0.019769569360090274,0.12126139550190489,0.166666666666667,-0.08695762759948428,-0.016161976127067886,0.0,-0.19918427173947673,0.11764705882352958,-0.07407500000000002,-0.039070558010032896,-0.010435276294150145,0.08504603908465758
0.06666666666666676,-0.074075,-0.12330817892883457,0.0035607063404640093,-0.2277570813128265,0.05555555555555563,-0.12500070312543943,-0.028519250028515818,-0.005512331137364015,-0.025032966681369322,0.166666666666667,-0.08695762759948428,0.015224800809030182,0.0,-0.08116496192205964,0.11764705882352958,-0.07407500000000002,-0.014646407416208288,-0.0003270666135954862,-0.06124832309861664
0.0,-0.074075,-0.05874427875242885,0.005982850601524881,-0.3020423595357517,0.05555555555555563,-0.041668151042594394,-0.028519250028515818,-0.005512331137364015,-0.017124391230519946,0.0833333333333335,-0.08695762759948428,-0.027543870533365662,0.0,-0.08116496192205964,0.05882352941176479,-0.07407500000000002,-0.014646407416208288,0.002095077647465385,-0.05333974764776726
0.0,-0.03703833333333332,-0.12330817892883457,-0.016689653895641057,-0.21480155674415702,0.05555555555555563,-0.041668151042594394,-0.028519250028515818,-0.005512331137364015,-0.017124391230519946,0.166666666666667,-0.08695762759948428,0.015224800809030182,0.0,-0.08116496192205964,0.11764705882352958,-0.07407500000000002,-0.014646407416208288,-0.0029096586473635632,-0.05333974764776726
0.0,0.0,-0.12330817892883457,-0.02066999287241624,-0.21201273699764825,0.05555555555555563,-0.166666979166862,0.010225347108568313,0.002770779383998429,-0.08564709538969248,0.166666666666667,-0.08695762759948428,0.05692643331634224,0.0,-0.08116496192205964,0.11764705882352958,-0.07407500000000002,0.005251351265355588,0.0014625431589080765,-0.07276666445746094
0.06666666666666676,-0.03703833333333332,-0.1368567973754611,-0.034184632188908735,-0.21480155674415702,0.05555555555555563,-0.041668151042594394,-0.11292998124876161,-0.0229027713639366,0.11655693008778162,0.166666666666667,-0.1304354631381441,0.013141846867597628,0.0,-0.24696937832584512,0.11764705882352958,-0.07407500000000002,-0.05799656418805914,-0.012089122566670671,0.08034157367053432
0.0,0.0,-0.12300169595516745,-0.021796212815457273,-0.21201273699764825,0.11111111111111126,-0.08333442708401685,-0.11292998124876161,-0.0229027713639366,0.1159707287864833,0.166666666666667,-0.1304354631381441,-0.016904316917398774,0.0,-0.24696937832584512,0.11764705882352958,-0.11111166666666664,-0.05799656418805914,-0.012089122566670671,0.07975537236923601
0.0,-0.074075,-0.12330817892883457,-0.010185348032817735,-0.22445836541863515,0.05555555555555563,-0.041668151042594394,-0.11292998124876161,-0.0229027713639366,0.11962505970568806,0.166666666666667,-0.08695762759948428,0.013141846867597628,0.0,-0.09020042698276133,0.11764705882352958,-0.07407500000000002,-0.05799656418805914,-0.012089122566670671,0.08340970328844076
0.06666666666666676,-0.074075,-0.13420553235562843,-0.025150188371856223,-0.2277570813128265,0.05555555555555563,-0.166666979166862,0.010225347108568313,0.002770779383998429,-0.08690405724432826,0.166666666666667,-0.1304354631381441,0.0,0.0,-0.1636325399101424,0.11764705882352958,-0.11111166666666664,0.005251351265355588,0.0014625431589080765,-0.12311941366157557
0.0,-0.03703833333333332,-0.04822770699543291,0.0035823050790976733,-0.26340125011273213,0.05555555555555563,-0.12500070312543943,-0.07607756502858663,-0.019769569360090274,0.1159707287864833,0.166666666666667,-0.17391329867680405,-0.016161976127067886,0.0,-0.2470726189338176,0.11764705882352958,-0.14814833333333333,-0.039070558010032896,-0.00030546787496182225,0.07975537236923601
0.0,-0.03703833333333332,-0.05874427875242885,-0.00913626644203978,-0.2805608163888253,0.05555555555555563,-0.08333442708401685,-0.028519250028515818,-0.005512331137364015,-0.020475908612017035,0.166666666666667,-0.17391329867680405,0.015224800809030182,0.0,-0.1955326131982283,0.11764705882352958,-0.11111166666666664,-0.014646407416208288,-0.0029096586473635632,-0.05669126502926435
0.0,-0.03703833333333332,-0.04822770699543291,0.006711036646888403,-0.2805608163888253,0.05555555555555563,-0.12500070312543943,-0.028519250028515818,-0.005512331137364015,-0.022121385948994793,0.166666666666667,-0.1304354631381441,-0.016904316917398774,0.0,-0.1636325399101424,0.11764705882352958,-0.11111166666666664,-0.014646407416208288,0.0028232636928289074,-0.0583367423662421
0.0,-0.03703833333333332,-0.12330817892883457,-0.02131486949733563,-0.21480155674415702,0.05555555555555563,-0.08333442708401685,-0.028519250028515818,-0.005512331137364015,-0.022135098260136283,0.0833333333333335,-0.1304354631381441,-0.027543870533365662,0.0,-0.1636325399101424,0.05882352941176479,-0.11111166666666664,-0.014646407416208288,-0.0029096586473635632,-0.058350454677383604
0.0,0.0,-0.12330817892883457,-0.02066999287241624,-0.21201273699764825,0.05555555555555563,-0.166666979166862,0.010225347108568313,0.002770779383998429,-0.08564709538969248,0.166666666666667,-0.08695762759948428,0.05692643331634224,0.0,-0.08116496192205964,0.11764705882352958,-0.07407500000000002,0.005251351265355588,0.0014625431589080765,-0.07276666445746094
0.0,-0.074075,-0.12300169595516745,-0.010185348032817735,-0.22445836541863515,0.05555555555555563,-0.041668151042594394,-0.11292998124876161,-0.0229027713639366,0.11962505970568806,0.166666666666667,-0.08695762759948428,-0.016904316917398774,0.0,-0.09020042698276133,0.11764705882352958,-0.07407500000000002,-0.05799656418805914,-0.012089122566670671,0.08340970328844076
0.06666666666666676,-0.074075,-0.1368567973754611,-0.025150188371856223,-0.22445836541863515,0.05555555555555563,-0.041668151042594394,-0.028519250028515818,-0.005512331137364015,-0.017124391230519946,0.166666666666667,-0.17391329867680405,0.015224800809030182,0.0,-0.20761813720804254,0.11764705882352958,-0.07407500000000002,-0.014646407416208288,-0.0029096586473635632,-0.05333974764776726
0.0,0.0,-0.12300169595516745,-0.021796212815457273,-0.21201273699764825,0.11111111111111126,-0.166666979166862,-0.07607756502858663,-0.019769569360090274,0.11468519961696945,0.0833333333333335,-0.1304354631381441,-0.05505233127713917,0.0,-0.2172284357773316,0.11764705882352958,-0.11111166666666664,-0.039070558010032896,-0.010435276294150145,0.07846984319972215
0.06666666666666676,0.0,-0.1368567973754611,-0.03407663849574041,-0.21700416935489467,0.05555555555555563,-0.08333442708401685,0.010225347108568313,0.002770779383998429,-0.053559144626030994,0.0833333333333335,-0.08695762759948428,0.005218907536683029,0.0,-0.08096612815855712,0.05882352941176479,-0.07407500000000002,0.005251351265355588,0.0014625431589080765,-0.0725884044126217
0.0,-0.074075,-0.04822770699543291,0.003375574295032613,-0.3020423595357517,0.05555555555555563,-0.041668151042594394,-0.11292998124876161,-0.0229027713639366,0.11962505970568806,0.0833333333333335,-0.08695762759948428,-0.04556064973191336,0.0,-0.09020042698276133,0.05882352941176479,-0.07407500000000002,-0.05799656418805914,-0.0005121986590268826,0.08340970328844076
0.06666666666666676,-0.03703833333333332,-0.1368567973754611,-0.027186640871601667,-0.20922391725113948,0.11111111111111126,-0.166666979166862,-0.028519250028515818,-0.005512331137364015,-0.04435132769452626,0.166666666666667,-0.08695762759948428,0.015224800809030182,0.0,-0.08096612815855712,0.11764705882352958,-0.07407500000000002,-0.014646407416208288,-0.0029096586473635632,-0.0725884044126217
0.0,-0.03703833333333332,-0.04822770699543291,-0.003921713829055222,-0.26340125011273213,0.05555555555555563,-0.166666979166862,-0.028519250028515818,-0.005512331137364015,-0.04435132769452626,0.166666666666667,-0.1304354631381441,-0.016904316917398774,0.0,-0.1636325399101424,0.11764705882352958,-0.11111166666666664,-0.014646407416208288,-0.0029096586473635632,-0.08056668411177358
0.06666666666666676,0.0,-0.13420553235562843,-0.021796212815457273,-0.21700416935489467,0.05555555555555563,-0.041668151042594394,-0.11292998124876161,-0.0229027713639366,0.12148650594314422,0.166666666666667,-0.1304354631381441,-0.016904316917398774,0.0,-0.24696937832584512,0.11764705882352958,-0.07407500000000002,-0.05799656418805914,-0.012089122566670671,0.0852711495258969
0.06666666666666676,-0.074075,-0.13420553235562843,-0.02066999287241624,-0.22445836541863515,0.05555555555555563,-0.041668151042594394,-0.028519250028515818,-0.005512331137364015,-0.017124391230519946,0.166666666666667,-0.17391329867680405,0.013548001820863045,0.0,-0.20948029187776815,0.11764705882352958,-0.07407500000000002,-0.014646407416208288,-0.0029096586473635632,-0.05333974764776726
0.0,-0.03703833333333332,-0.04822770699543291,0.023070538394843444,-0.26340125011273213,0.05555555555555563,-0.08333442708401685,-0.11292998124876161,-0.0229027713639366,0.11653978969885478,0.166666666666667,-0.08695762759948428,0.013141846867597628,0.0,-0.21550138610075514,0.11764705882352958,-0.07407500000000002,-0.05799656418805914,0.01918276544078395,0.08032443328160747
0.0,-0.03703833333333332,-0.12330817892883457,0.004825775317578605,-0.20922391725113948,0.05555555555555563,-0.166666979166862,-0.028519250028515818,-0.005512331137364015,-0.04435132769452626,0.166666666666667,-0.08695762759948428,0.025722732712022887,0.0,-0.08116496192205964,0.11764705882352958,-0.07407500000000002,-0.014646407416208288,0.0009380023635191093,-0.07276666445746094
0.0,-0.074075,-0.04822770699543291,0.00726951831727314,-0.3020423595357517,0.05555555555555563,-0.041668151042594394,-0.028519250028515818,-0.005512331137364015,-0.019431487580074177,0.166666666666667,-0.1304354631381441,-0.016904316917398774,0.0,-0.17439760379823463,0.11764705882352958,-0.07407500000000002,-0.014646407416208288,0.0033817453632136443,-0.055646843997321484
0.06666666666666676,-0.03703833333333332,-0.13420553235562843,-0.03090779498477288,-0.20922391725113948,0.11111111111111126,-0.08333442708401685,-0.11292998124876161,-0.0229027713639366,0.11268777296069363,0.166666666666667,-0.08695762759948428,-0.016904316917398774,0.0,-0.21301341490615933,0.11764705882352958,-0.07407500000000002,-0.05799656418805914,-0.012089122566670671,0.07647241654344633
0.0,-0.03703833333333332,-0.05874427875242885,0.01565291444122521,-0.2805608163888253,0.05555555555555563,-0.166666979166862,-0.07607756502858663,-0.019769569360090274,0.11411956678238333,0.166666666666667,-0.08695762759948428,-0.016161976127067886,0.0,-0.09020042698276133,0.11764705882352958,-0.07407500000000002,-0.039070558010032896,0.011765141487165712,0.077904210365136
0.06666666666666676,0.0,-0.13420553235562843,-0.02482003622417021,-0.21700416935489467,0.05555555555555563,-0.041668151042594394,-0.028519250028515818,-0.005512331137364015,-0.017124391230519946,0.166666666666667,-0.1304354631381441,-0.016904316917398774,0.0,-0.1636325399101424,0.11764705882352958,-0.07407500000000002,-0.014646407416208288,-0.0029096586473635632,-0.05333974764776726
0.06666666666666676,-0.03703833333333332,-0.13420553235562843,-0.03407663849574041,-0.21480155674415702,0.05555555555555563,-0.041668151042594394,-0.07607756502858663,-0.019769569360090274,0.13308712116883742,0.166666666666667,-0.08695762759948428,-0.016161976127067886,0.0,-0.09020042698276133,0.11764705882352958,-0.07407500000000002,-0.039070558010032896,-0.010435276294150145,0.09687176475159011
0.0,0.07407333333333335,-0.12330817892883457,-0.034184632188908735,-0.21787827703663623,0.05555555555555563,-0.08333442708401685,-0.028519250028515818,-0.005512331137364015,-0.022135098260136283,0.166666666666667,-0.08695762759948428,0.015224800809030182,0.0,-0.08221138833126211,0.11764705882352958,-0.07407500000000002,-0.014646407416208288,-0.0029096586473635632,-0.058350454677383604
0.0,-0.074075,-0.12300169595516745,-0.014502010225459962,-0.21528023476034883,0.05555555555555563,-0.166666979166862,-0.07607756502858663,-0.019769569360090274,0.11087317711963765,0.166666666666667,-0.08695762759948428,-0.016161976127067886,0.0,-0.19918427173947673,0.11764705882352958,-0.07407500000000002,-0.039070558010032896,-0.010435276294150145,0.07465782070239033
0.0,0.0,-0.12300169595516745,-0.025378517894554944,-0.21700416935489467,0.05555555555555563,-0.041668151042594394,-0.028519250028515818,-0.005512331137364015,-0.017124391230519946,0.166666666666667,-0.08695762759948428,-0.016904316917398774,0.0,-0.08983462384093296,0.11764705882352958,-0.07407500000000002,-0.014646407416208288,-0.0029096586473635632,-0.05333974764776726
0.0,-0.03703833333333332,-0.04822770699543291,-0.008324770976232129,-0.2805608163888253,0.05555555555555563,-0.041668151042594394,-0.07607756502858663,-0.019769569360090274,0.11942394580894639,0.166666666666667,-0.08695762759948428,-0.016161976127067886,0.0,-0.09020042698276133,0.11764705882352958,-0.07407500000000002,-0.039070558010032896,-0.010435276294150145,0.08320858939169908
0.0,-0.074075,-0.05874427875242885,-0.001536595977080648,-0.3020423595357517,0.05555555555555563,-0.041668151042594394,-0.11292998124876161,-0.0229027713639366,0.11962505970568806,0.166666666666667,-0.08695762759948428,-0.016904316917398774,0.0,-0.09020042698276133,0.11764705882352958,-0.07407500000000002,-0.05799656418805914,-0.005424368931140143,0.08340970328844076
0.06666666666666676,0.0,-0.13420553235562843,-0.02482003622417021,-0.21201273699764825,0.05555555555555563,-0.12500070312543943,-0.028519250028515818,-0.005512331137364015,-0.022121385948994793,0.0833333333333335,-0.08695762759948428,-0.05400843811927744,0.0,-0.08173469712901887,0.05882352941176479,-0.07407500000000002,-0.014646407416208288,-0.0029096586473635632,-0.0583367423662421
0.06666666666666676,-0.074075,-0.13420553235562843,-0.020543485974704782,-0.22445836541863515,0.05555555555555563,-0.12500070312543943,-0.028519250028515818,-0.005512331137364015,-0.022121385948994793,0.166666666666667,-0.1304354631381441,-0.016904316917398774,0.0,-0.1636325399101424,0.11764705882352958,-0.11111166666666664,-0.014646407416208288,-0.0029096586473635632,-0.0583367423662421
0.0,-0.074075,-0.05874427875242885,0.017195681486486907,-0.3020423595357517,0.05555555555555563,-0.12500070312543943,-0.07607756502858663,-0.019769569360090274,0.11594216147160524,0.166666666666667,-0.08695762759948428,0.015224800809030182,0.0,-0.19918427173947673,0.11764705882352958,-0.07407500000000002,-0.039070558010032896,0.01330790853242741,0.07972680505435792
0.0,-0.074075,-0.04822770699543291,-0.0037334962495333,-0.3020423595357517,0.05555555555555563,-0.08333442708401685,-0.028519250028515818,-0.005512331137364015,-0.022135098260136283,0.166666666666667,-0.08695762759948428,-0.016904316917398774,0.0,-0.08116496192205964,0.11764705882352958,-0.07407500000000002,-0.014646407416208288,-0.0029096586473635632,-0.058350454677383604
0.06666666666666676,0.0,-0.1368567973754611,-0.021796212815457273,-0.21201273699764825,0.05555555555555563,-0.12500070312543943,-0.07607756502858663,-0.019769569360090274,0.117772755008993,0.166666666666667,-0.08695762759948428,0.015224800809030182,0.0,-0.09020042698276133,0.11764705882352958,-0.07407500000000002,-0.039070558010032896,-0.010435276294150145,0.08155739859174567
0.0,-0.03703833333333332,-0.04822770699543291,0.014603832850447251,-0.26340125011273213,0.05555555555555563,-0.041668151042594394,-0.07607756502858663,-0.019769569360090274,0.12024097101445962,0.166666666666667,-0.08695762759948428,-0.016161976127067886,0.0,-0.19918427173947673,0.11764705882352958,-0.07407500000000002,-0.039070558010032896,0.010716059896387756,0.0840256145972123
0.06666666666666676,-0.03703833333333332,-0.13420553235562843,-0.028136985371482865,-0.19402068721513457,0.05555555555555563,-0.08333442708401685,0.010225347108568313,0.002770779383998429,-0.06081638529765998,0.166666666666667,-0.1304354631381441,0.0,0.0,-0.1636325399101424,0.11764705882352958,-0.11111166666666664,0.005251351265355588,0.0014625431589080765,-0.0970317417149073
0.0,-0.03703833333333332,-0.12330817892883457,-0.016689653895641057,-0.20922391725113948,0.05555555555555563,-0.166666979166862,0.010225347108568313,0.002770779383998429,-0.07769852569801378,0.0833333333333335,-0.1304354631381441,0.005218907536683029,0.0,-0.1636325399101424,0.05882352941176479,-0.11111166666666664,0.005251351265355588,0.0014625431589080765,-0.11391388211526107
0.06666666666666676,-0.03703833333333332,-0.13420553235562843,-0.021333382701878772,-0.21480155674415702,0.05555555555555563,-0.041668151042594394,-0.07607756502858663,-0.019769569360090274,0.12126139550190489,0.166666666666667,-0.1304354631381441,-0.016161976127067886,0.0,-0.24225472389510241,0.11764705882352958,-0.07407500000000002,-0.039070558010032896,-0.010435276294150145,0.08504603908465758
0.0,-0.074075,-0.12330817892883457,-0.021333382701878772,-0.22445836541863515,0.05555555555555563,-0.12500070312543943,0.010225347108568313,0.002770779383998429,-0.07812932080637533,0.0833333333333335,-0.08695762759948428,0.005218907536683029,0.0,-0.08096612815855712,0.05882352941176479,-0.07407500000000002,0.005251351265355588,0.0014625431589080765,-0.0725884044126217
0.0,-0.03703833333333332,-0.05874427875242885,0.0070720441354796375,-0.2805608163888253,0.05555555555555563,-0.166666979166862,0.010225347108568313,0.002770779383998429,-0.08564709538969248,0.166666666666667,-0.08695762759948428,0.0,0.0,-0.08096612815855712,0.11764705882352958,-0.07407500000000002,0.005251351265355588,0.003184271181420142,-0.0725884044126217
0.0,-0.03703833333333332,-0.04822770699543291,0.0035823050790976733,-0.26340125011273213,0.05555555555555563,-0.12500070312543943,-0.07607756502858663,-0.019769569360090274,0.11169363040293626,0.0833333333333335,-0.1304354631381441,-0.05505233127713917,0.0,-0.2172284357773316,0.05882352941176479,-0.11111166666666664,-0.039070558010032896,-0.00030546787496182225,0.07547827398568896
0.0,0.0,-0.12300169595516745,-0.025150188371856223,-0.21700416935489467,0.05555555555555563,-0.08333442708401685,0.010225347108568313,0.002770779383998429,-0.053559144626030994,0.166666666666667,-0.1304354631381441,0.0,0.0,-0.1636325399101424,0.11764705882352958,-0.11111166666666664,0.005251351265355588,0.0014625431589080765,-0.0897745010432783
0.06666666666666676,-0.03703833333333332,-0.1368567973754611,-0.02066999287241624,-0.21480155674415702,0.05555555555555563,-0.041668151042594394,-0.028519250028515818,-0.005512331137364015,-0.017124391230519946,0.166666666666667,-0.08695762759948428,0.015224800809030182,0.0,-0.09488831532995569,0.11764705882352958,-0.07407500000000002,-0.014646407416208288,-0.0029096586473635632,-0.05333974764776726
0.06666666666666676,-0.074075,-0.13420553235562843,-0.03407663849574041,-0.22445836541863515,0.05555555555555563,-0.041668151042594394,-0.028519250028515818,-0.005512331137364015,-0.017124391230519946,0.166666666666667,-0.08695762759948428,-0.016904316917398774,0.0,-0.08983462384093296,0.11764705882352958,-0.07407500000000002,-0.014646407416208288,-0.0029096586473635632,-0.05333974764776726
0.06666666666666676,-0.074075,-0.1368567973754611,-0.037674371245290696,-0.22445836541863515,0.05555555555555563,-0.041668151042594394,-0.07607756502858663,-0.019769569360090274,0.12855748772176806,0.166666666666667,-0.1304354631381441,0.015224800809030182,0.0,-0.24225472389510241,0.11764705882352958,-0.07407500000000002,-0.039070558010032896,-0.010435276294150145,0.09234213130452075
0.06666666666666676,-0.03703833333333332,-0.1368567973754611,-0.0305807283711774,-0.21480155674415702,0.05555555555555563,-0.12500070312543943,0.010225347108568313,0.002770779383998429,-0.06987450949920355,0.166666666666667,-0.08695762759948428,0.05692643331634224,0.0,-0.08096612815855712,0.11764705882352958,-0.07407500000000002,0.005251351265355588,0.0014625431589080765,-0.0725884044126217
0.0,-0.03703833333333332,-0.05874427875242885,-0.00913626644203978,-0.2805608163888253,0.05555555555555563,-0.041668151042594394,-0.07607756502858663,-0.019769569360090274,0.11553764829293152,0.0833333333333335,-0.1304354631381441,-0.01417522481389309,0.0,-0.2172284357773316,0.05882352941176479,-0.07407500000000002,-0.039070558010032896,-0.010435276294150145,0.0793222918756842
0.0,-0.03703833333333332,-0.12330817892883457,-0.025150188371856223,-0.21480155674415702,0.05555555555555563,-0.08333442708401685,0.010225347108568313,0.002770779383998429,-0.053559144626030994,0.166666666666667,-0.1304354631381441,0.05692643331634224,0.0,-0.1636325399101424,0.11764705882352958,-0.11111166666666664,0.005251351265355588,0.0014625431589080765,-0.0897745010432783
0.06666666666666676,-0.074075,-0.13420553235562843,-0.020543485974704782,-0.22445836541863515,0.05555555555555563,-0.12500070312543943,-0.07607756502858663,-0.019769569360090274,0.11268777296069363,0.166666666666667,-0.17391329867680405,-0.016161976127067886,0.0,-0.2470726189338176,0.11764705882352958,-0.14814833333333333,-0.039070558010032896,-0.010435276294150145,0.07647241654344633
0.06666666666666676,-0.074075,-0.1368567973754611,-0.020543485974704782,-0.22445836541863515,0.05555555555555563,-0.12500070312543943,-0.07607756502858663,-0.019769569360090274,0.11268777296069363,0.166666666666667,-0.08695762759948428,0.015224800809030182,0.0,-0.09020042698276133,0.11764705882352958,-0.07407500000000002,-0.039070558010032896,-0.010435276294150145,0.07647241654344633
-0.06666666666666676,-0.03703833333333332,-0.04822770699543291,-0.008799943226172736,-0.2805608163888253,0.11111111111111126,-0.166666979166862,0.010225347108568313,0.002770779383998429,-0.08148883703603825,0.0833333333333335,-0.08695762759948428,0.005218907536683029,0.0,-0.08096612815855712,0.11764705882352958,-0.07407500000000002,0.005251351265355588,0.0014625431589080765,-0.0725884044126217
0.0,-0.074075,-0.12330817892883457,-0.014502010225459962,-0.22445836541863515,0.05555555555555563,-0.041668151042594394,-0.07607756502858663,-0.019769569360090274,0.11962505970568806,0.166666666666667,-0.1304354631381441,0.015224800809030182,0.0,-0.24225472389510241,0.11764705882352958,-0.07407500000000002,-0.039070558010032896,-0.010435276294150145,0.08340970328844076
-0.06666666666666676,0.0,-0.05874427875242885,-0.008799943226172736,-0.26340125011273213,0.11111111111111126,-0.12500070312543943,-0.07607756502858663,-0.019769569360090274,0.1159707287864833,0.166666666666667,-0.08695762759948428,0.015224800809030182,0.0,-0.09020042698276133,0.11764705882352958,-0.07407500000000002,-0.039070558010032896,-0.010435276294150145,0.07975537236923601
0.06666666666666676,-0.03703833333333332,-0.1368567973754611,-0.03407663849574041,-0.21480155674415702,0.05555555555555563,-0.08333442708401685,0.010225347108568313,0.002770779383998429,-0.053559144626030994,0.166666666666667,-0.08695762759948428,0.05692643331634224,0.0,-0.08096612815855712,0.11764705882352958,-0.07407500000000002,0.005251351265355588,0.0014625431589080765,-0.0725884044126217
0.06666666666666676,-0.03703833333333332,-0.13420553235562843,-0.027186640871601667,-0.20922391725113948,0.11111111111111126,-0.166666979166862,-0.028519250028515818,-0.005512331137364015,-0.04435132769452626,0.166666666666667,-0.1304354631381441,-0.016904316917398774,0.0,-0.1636325399101424,0.11764705882352958,-0.11111166666666664,-0.014646407416208288,-0.0029096586473635632,-0.08056668411177358
0.06666666666666676,0.0,-0.13420553235562843,-0.037674371245290696,-0.21700416935489467,0.05555555555555563,-0.041668151042594394,-0.11292998124876161,-0.0229027713639366,0.1290122793746272,0.166666666666667,-0.08695762759948428,-0.016904316917398774,0.0,-0.09020042698276133,0.11764705882352958,-0.07407500000000002,-0.05799656418805914,-0.012089122566670671,0.09279692295737989
0.0,-0.074075,-0.12330817892883457,-0.014502010225459962,-0.22445836541863515,0.05555555555555563,-0.041668151042594394,-0.07607756502858663,-0.019769569360090274,0.11962505970568806,0.166666666666667,-0.08695762759948428,0.015224800809030182,0.0,-0.19918427173947673,0.11764705882352958,-0.07407500000000002,-0.039070558010032896,-0.010435276294150145,0.08340970328844076
0.0,-0.074075,-0.04822770699543291,0.015705368520764117,-0.3020423595357517,0.05555555555555563,-0.166666979166862,-0.028519250028515818,-0.005512331137364015,-0.04435132769452626,0.166666666666667,-0.08695762759948428,-0.016904316917398774,0.0,-0.08096612815855712,0.11764705882352958,-0.07407500000000002,-0.014646407416208288,0.01181759556670462,-0.0725884044126217
0.06666666666666676,0.0,-0.13420553235562843,-0.02482003622417021,-0.21700416935489467,0.05555555555555563,-0.041668151042594394,-0.028519250028515818,-0.005512331137364015,-0.017124391230519946,0.166666666666667,-0.08695762759948428,-0.016904316917398774,0.0,-0.09488831532995569,0.11764705882352958,-0.07407500000000002,-0.014646407416208288,-0.0029096586473635632,-0.05333974764776726
-0.06666666666666676,-0.03703833333333332,-0.04822770699543291,-0.008324770976232129,-0.26340125011273213,0.05555555555555563,-0.08333442708401685,-0.028519250028515818,-0.005512331137364015,-0.022135098260136283,0.166666666666667,-0.08695762759948428,0.015224800809030182,0.0,-0.08726635439569191,0.11764705882352958,-0.07407500000000002,-0.014646407416208288,-0.0029096586473635632,-0.058350454677383604
-0.06666666666666676,0.0,-0.05874427875242885,-0.008799943226172736,-0.26340125011273213,0.11111111111111126,-0.12500070312543943,-0.07607756502858663,-0.019769569360090274,0.1159707287864833,0.166666666666667,-0.08695762759948428,0.015224800809030182,0.0,-0.19918427173947673,0.11764705882352958,-0.07407500000000002,-0.039070558010032896,-0.010435276294150145,0.07975537236923601
0.0,-0.03703833333333332,-0.04822770699543291,0.023070538394843444,-0.2805608163888253,0.05555555555555563,-0.08333442708401685,-0.11292998124876161,-0.0229027713639366,0.11921369037144366,0.166666666666667,-0.17391329867680405,-0.04556064973191336,0.0,-0.21872606188063598,0.11764705882352958,-0.11111166666666664,-0.05799656418805914,0.01918276544078395,0.08299833395419635
0.0,-0.074075,-0.12300169595516745,-0.021333382701878772,-0.22445836541863515,0.05555555555555563,-0.12500070312543943,0.010225347108568313,0.002770779383998429,-0.07009504917006237,0.166666666666667,-0.08695762759948428,0.0,0.0,-0.08096612815855712,0.11764705882352958,-0.07407500000000002,0.005251351265355588,0.0014625431589080765,-0.0725884044126217
0.0,-0.03703833333333332,-0.05874427875242885,0.013779995248277516,-0.2805608163888253,0.05555555555555563,-0.08333442708401685,-0.11292998124876161,-0.0229027713639366,0.11436753107552512,0.166666666666667,-0.1304354631381441,0.013141846867597628,0.0,-0.24696937832584512,0.11764705882352958,-0.11111166666666664,-0.05799656418805914,0.009892222294218019,0.07815217465827783
0.06666666666666676,-0.074075,-0.13420553235562843,-0.03219446270052114,-0.22445836541863515,0.11111111111111126,-0.12500070312543943,-0.07607756502858663,-0.019769569360090274,0.11268777296069363,0.166666666666667,-0.08695762759948428,-0.016161976127067886,0.0,-0.19918427173947673,0.11764705882352958,-0.07407500000000002,-0.039070558010032896,-0.010435276294150145,0.07647241654344633
0.0,-0.03703833333333332,-0.12300169595516745,-0.034184632188908735,-0.20922391725113948,0.11111111111111126,-0.12500070312543943,-0.028519250028515818,-0.005512331137364015,-0.022121385948994793,0.166666666666667,-0.08695762759948428,-0.016904316917398774,0.0,-0.08116496192205964,0.11764705882352958,-0.07407500000000002,-0.014646407416208288,-0.0029096586473635632,-0.0583367423662421
0.0,-0.074075,-0.04822770699543291,-0.003542193135920851,-0.3020423595357517,0.11111111111111126,-0.12500070312543943,-0.07607756502858663,-0.019769569360090274,0.1111199987201843,0.0833333333333335,-0.08695762759948428,-0.01417522481389309,0.0,-0.19918427173947673,0.11764705882352958,-0.07407500000000002,-0.039070558010032896,-0.007429966089980347,0.07490464230293697
0.0,0.0,-0.05874427875242885,0.013764567577824882,-0.26340125011273213,0.05555555555555563,-0.12500070312543943,-0.07607756502858663,-0.019769569360090274,0.11653978969885478,0.0833333333333335,-0.08695762759948428,-0.01417522481389309,0.0,-0.19918427173947673,0.05882352941176479,-0.07407500000000002,-0.039070558010032896,0.009876794623765386,0.08032443328160747
-0.06666666666666676,0.0,-0.05874427875242885,-0.017609143054617027,-0.26340125011273213,0.05555555555555563,-0.08333442708401685,0.010225347108568313,0.002770779383998429,-0.05384596046740697,0.0833333333333335,-0.08695762759948428,0.005218907536683029,0.0,-0.08096612815855712,0.05882352941176479,-0.07407500000000002,0.005251351265355588,0.0014625431589080765,-0.0725884044126217
0.0,-0.03703833333333332,-0.04822770699543291,0.013286309793793768,-0.26340125011273213,0.05555555555555563,-0.12500070312543943,-0.11292998124876161,-0.0229027713639366,0.115949017627176,0.0833333333333335,-0.1304354631381441,-0.05505233127713917,0.0,-0.2172284357773316,0.05882352941176479,-0.11111166666666664,-0.05799656418805914,0.009398536839734272,0.07973366120992867
0.06666666666666676,-0.03703833333333332,-0.13420553235562843,-0.03834084660884376,-0.21480155674415702,0.05555555555555563,-0.12500070312543943,0.010225347108568313,0.002770779383998429,-0.07509661465891772,0.166666666666667,-0.17391329867680405,0.0,0.0,-0.1737297262849313,0.11764705882352958,-0.14814833333333333,0.005251351265355588,0.0014625431589080765,-0.11131197107616503
0.0,-0.074075,-0.05874427875242885,0.006445680715103382,-0.3020423595357517,0.05555555555555563,-0.166666979166862,0.010225347108568313,0.002770779383998429,-0.08586077890498055,0.0833333333333335,-0.08695762759948428,-0.03594954137693228,0.0,-0.08116496192205964,0.05882352941176479,-0.07407500000000002,0.005251351265355588,0.0025579077610438867,-0.07276666445746094
0.0,-0.03703833333333332,-0.04822770699543291,-0.008324770976232129,-0.2805608163888253,0.05555555555555563,-0.08333442708401685,0.010225347108568313,0.002770779383998429,-0.057499148694016636,0.166666666666667,-0.08695762759948428,0.05692643331634224,0.0,-0.08116496192205964,0.11764705882352958,-0.07407500000000002,0.005251351265355588,0.0014625431589080765,-0.07276666445746094
0.0,-0.03703833333333332,-0.05874427875242885,0.0070720441354796375,-0.2805608163888253,0.05555555555555563,-0.08333442708401685,-0.028519250028515818,-0.005512331137364015,-0.022135098260136283,0.166666666666667,-0.08695762759948428,0.015224800809030182,0.0,-0.08726635439569191,0.11764705882352958,-0.07407500000000002,-0.014646407416208288,0.003184271181420142,-0.058350454677383604
0.0,-0.03703833333333332,-0.12330817892883457,-0.004279635783555952,-0.20922391725113948,0.05555555555555563,-0.12500070312543943,-0.07607756502858663,-0.019769569360090274,0.11921369037144366,0.166666666666667,-0.08695762759948428,0.015224800809030182,0.0,-0.19918427173947673,0.11764705882352958,-0.07407500000000002,-0.039070558010032896,-0.008167408737615447,0.08299833395419635
0.0,-0.074075,-0.05874427875242885,-0.01073765863502142,-0.3020423595357517,0.05555555555555563,-0.12500070312543943,0.010225347108568313,0.002770779383998429,-0.07509661465891772,0.0833333333333335,-0.1304354631381441,-0.03594954137693228,0.0,-0.1636325399101424,0.05882352941176479,-0.11111166666666664,0.005251351265355588,0.0014625431589080765,-0.11131197107616503
0.06666666666666676,-0.03703833333333332,-0.1368567973754611,-0.017843643645496805,-0.20922391725113948,0.05555555555555563,-0.166666979166862,-0.028519250028515818,-0.005512331137364015,-0.04435132769452626,0.166666666666667,-0.08695762759948428,0.015224800809030182,0.0,-0.08116496192205964,0.11764705882352958,-0.07407500000000002,-0.014646407416208288,-0.0029096586473635632,-0.07276666445746094
0.0,-0.03703833333333332,-0.05874427875242885,0.008408080396676279,-0.2805608163888253,0.05555555555555563,-0.08333442708401685,-0.028519250028515818,-0.005512331137364015,-0.02154775426624282,0.166666666666667,-0.08695762759948428,-0.016904316917398774,0.0,-0.08116496192205964,0.11764705882352958,-0.07407500000000002,-0.014646407416208288,0.004520307442616782,-0.05776311068349014
0.0,-0.074075,-0.05874427875242885,-0.008324770976232129,-0.3020423595357517,0.05555555555555563,-0.12500070312543943,0.010225347108568313,0.002770779383998429,-0.07009504917006237,0.0833333333333335,-0.08695762759948428,-0.03594954137693228,0.0,-0.08096612815855712,0.05882352941176479,-0.07407500000000002,0.005251351265355588,0.0014625431589080765,-0.0725884044126217
0.0,0.0,-0.12300169595516745,-0.025378517894554944,-0.21201273699764825,0.11111111111111126,-0.12500070312543943,-0.028519250028515818,-0.005512331137364015,-0.022121385948994793,0.166666666666667,-0.1304354631381441,-0.016904316917398774,0.0,-0.1636325399101424,0.11764705882352958,-0.11111166666666664,-0.014646407416208288,-0.0029096586473635632,-0.0583367423662421
0.0,0.0,-0.05874427875242885,0.00706278753320808,-0.26340125011273213,0.05555555555555563,-0.12500070312543943,-0.028519250028515818,-0.005512331137364015,-0.022121385948994793,0.166666666666667,-0.08695762759948428,-0.016904316917398774,0.0,-0.08173469712901887,0.11764705882352958,-0.07407500000000002,-0.014646407416208288,0.0031750145791485836,-0.0583367423662421
0.0,-0.03703833333333332,-0.05874427875242885,0.005769948749278767,-0.2805608163888253,0.05555555555555563,-0.08333442708401685,0.010225347108568313,0.002770779383998429,-0.053559144626030994,0.166666666666667,-0.08695762759948428,0.0,0.0,-0.08116496192205964,0.11764705882352958,-0.07407500000000002,0.005251351265355588,0.0018821757952192715,-0.07276666445746094
-0.06666666666666676,-0.03703833333333332,-0.05874427875242885,-0.014390930998201115,-0.2805608163888253,0.05555555555555563,-0.12500070312543943,0.010225347108568313,0.002770779383998429,-0.07509661465891772,0.166666666666667,-0.1304354631381441,0.05692643331634224,0.0,-0.1636325399101424,0.11764705882352958,-0.11111166666666664,0.005251351265355588,0.0014625431589080765,-0.11131197107616503
0.0,-0.03703833333333332,-0.04822770699543291,-0.012280425680283119,-0.26340125011273213,0.05555555555555563,-0.166666979166862,0.010225347108568313,0.002770779383998429,-0.08147512472489676,0.166666666666667,-0.08695762759948428,0.05692643331634224,0.0,-0.08116496192205964,0.11764705882352958,-0.07407500000000002,0.005251351265355588,0.0014625431589080765,-0.07276666445746094
0.0,-0.074075,-0.12300169595516745,-0.020750216758769844,-0.21528023476034883,0.11111111111111126,-0.166666979166862,-0.028519250028515818,-0.005512331137364015,-0.04435132769452626,0.0833333333333335,-0.08695762759948428,-0.05400843811927744,0.0,-0.08116496192205964,0.11764705882352958,-0.07407500000000002,-0.014646407416208288,-0.0029096586473635632,-0.07276666445746094
0.0,-0.074075,-0.12330817892883457,-0.02131486949733563,-0.22445836541863515,0.11111111111111126,-0.12500070312543943,-0.028519250028515818,-0.005512331137364015,-0.022121385948994793,0.166666666666667,-0.1304354631381441,0.015224800809030182,0.0,-0.1636325399101424,0.11764705882352958,-0.11111166666666664,-0.014646407416208288,-0.0029096586473635632,-0.0583367423662421
0.0,0.0,-0.12300169595516745,-0.02482003622417021,-0.21700416935489467,0.05555555555555563,-0.12500070312543943,0.010225347108568313,0.002770779383998429,-0.07791106652070676,0.166666666666667,-0.08695762759948428,0.0,0.0,-0.08096612815855712,0.11764705882352958,-0.07407500000000002,0.005251351265355588,0.0014625431589080765,-0.0725884044126217
0.06666666666666676,-0.074075,-0.1368567973754611,-0.02131486949733563,-0.21528023476034883,0.11111111111111126,-0.12500070312543943,-0.11292998124876161,-0.0229027713639366,0.11268777296069363,0.0833333333333335,-0.1304354631381441,-0.04605588959245923,0.0,-0.2172284357773316,0.11764705882352958,-0.11111166666666664,-0.05799656418805914,-0.012089122566670671,0.07647241654344633
0.06666666666666676,-0.03703833333333332,-0.1368567973754611,-0.03407663849574041,-0.21480155674415702,0.05555555555555563,-0.041668151042594394,-0.07607756502858663,-0.019769569360090274,0.13308712116883742,0.166666666666667,-0.08695762759948428,0.015224800809030182,0.0,-0.09020042698276133,0.11764705882352958,-0.07407500000000002,-0.039070558010032896,-0.010435276294150145,0.09687176475159011
0.0,-0.03703833333333332,-0.04822770699543291,0.013786166316458546,-0.2805608163888253,0.05555555555555563,-0.041668151042594394,-0.07607756502858663,-0.019769569360090274,0.1229148716870485,0.0833333333333335,-0.08695762759948428,-0.05505233127713917,0.0,-0.19918427173947673,0.05882352941176479,-0.07407500000000002,-0.039070558010032896,0.00989839336239905,0.08669951526980119
0.0,-0.074075,-0.04822770699543291,-0.008324770976232129,-0.3020423595357517,0.05555555555555563,-0.08333442708401685,0.010225347108568313,0.002770779383998429,-0.057514003697753224,0.0833333333333335,-0.08695762759948428,0.005218907536683029,0.0,-0.08116496192205964,0.05882352941176479,-0.07407500000000002,0.005251351265355588,0.0014625431589080765,-0.07276666445746094
0.0,0.0,-0.05874427875242885,-0.009089983430681925,-0.26340125011273213,0.05555555555555563,-0.041668151042594394,-0.07607756502858663,-0.019769569360090274,0.11286374762034271,0.166666666666667,-0.1304354631381441,0.015224800809030182,0.0,-0.24225472389510241,0.11764705882352958,-0.07407500000000002,-0.039070558010032896,-0.010435276294150145,0.07664839120309538
-0.06666666666666676,-0.03703833333333332,-0.04822770699543291,-0.008324770976232129,-0.26340125011273213,0.05555555555555563,-0.08333442708401685,-0.028519250028515818,-0.005512331137364015,-0.022135098260136283,0.166666666666667,-0.08695762759948428,-0.016904316917398774,0.0,-0.08726635439569191,0.11764705882352958,-0.07407500000000002,-0.014646407416208288,-0.0029096586473635632,-0.058350454677383604
0.06666666666666676,-0.074075,-0.13420553235562843,-0.016689653895641057,-0.22445836541863515,0.05555555555555563,-0.08333442708401685,-0.11292998124876161,-0.0229027713639366,0.11268777296069363,0.166666666666667,-0.1304354631381441,-0.016904316917398774,0.0,-0.24696937832584512,0.11764705882352958,-0.11111166666666664,-0.05799656418805914,-0.012089122566670671,0.07647241654344633
0.0,0.0,-0.05874427875242885,-0.014634688191352474,-0.26340125011273213,0.05555555555555563,-0.041668151042594394,-0.07607756502858663,-0.019769569360090274,0.13115025722010318,0.166666666666667,-0.08695762759948428,-0.016161976127067886,0.0,-0.09020042698276133,0.11764705882352958,-0.07407500000000002,-0.039070558010032896,-0.010435276294150145,0.09493490080285587
0.0,-0.03703833333333332,-0.04822770699543291,-0.008324770976232129,-0.26340125011273213,0.05555555555555563,-0.08333442708401685,0.010225347108568313,0.002770779383998429,-0.057499148694016636,0.166666666666667,-0.17391329867680405,0.05692643331634224,0.0,-0.1737297262849313,0.11764705882352958,-0.11111166666666664,0.005251351265355588,0.0014625431589080765,-0.09371450511126396
0.06666666666666676,-0.03703833333333332,-0.13420553235562843,-0.03834084660884376,-0.21480155674415702,0.05555555555555563,-0.12500070312543943,0.010225347108568313,0.002770779383998429,-0.07997248396230942,0.166666666666667,-0.08695762759948428,0.0,0.0,-0.08116496192205964,0.11764705882352958,-0.07407500000000002,0.005251351265355588,0.0014625431589080765,-0.07276666445746094
0.06666666666666676,0.0,-0.1368567973754611,-0.0305807283711774,-0.21700416935489467,0.05555555555555563,-0.12500070312543943,0.010225347108568313,0.002770779383998429,-0.06987450949920355,0.166666666666667,-0.08695762759948428,0.05692643331634224,0.0,-0.08096612815855712,0.11764705882352958,-0.07407500000000002,0.005251351265355588,0.0014625431589080765,-0.0725884044126217
0.0,-0.03703833333333332,-0.12330817892883457,-0.034184632188908735,-0.21480155674415702,0.05555555555555563,-0.041668151042594394,-0.11292998124876161,-0.0229027713639366,0.11655693008778162,0.0833333333333335,-0.1304354631381441,-0.04556064973191336,0.0,-0.2172284357773316,0.05882352941176479,-0.07407500000000002,-0.05799656418805914,-0.012089122566670671,0.08034157367053432
-0.06666666666666676,-0.03703833333333332,-0.05874427875242885,-0.012508755202981843,-0.2805608163888253,0.11111111111111126,-0.166666979166862,0.010225347108568313,0.002770779383998429,-0.07797277192084343,0.0833333333333335,-0.08695762759948428,0.005218907536683029,0.0,-0.08096612815855712,0.11764705882352958,-0.07407500000000002,0.005251351265355588,0.0014625431589080765,-0.0725884044126217
0.06666666666666676,-0.03703833333333332,-0.13420553235562843,-0.028920711030475818,-0.21480155674415702,0.05555555555555563,-0.08333442708401685,0.010225347108568313,0.002770779383998429,-0.053559144626030994,0.0833333333333335,-0.1304354631381441,-0.03594954137693228,0.0,-0.1636325399101424,0.05882352941176479,-0.11111166666666664,0.005251351265355588,0.0014625431589080765,-0.0897745010432783
0.0,-0.03703833333333332,-0.12300169595516745,-0.014866103248141724,-0.21480155674415702,0.05555555555555563,-0.041668151042594394,-0.07607756502858663,-0.019769569360090274,0.1229148716870485,0.166666666666667,-0.17391329867680405,-0.016161976127067886,0.0,-0.2470726189338176,0.11764705882352958,-0.07407500000000002,-0.039070558010032896,-0.010435276294150145,0.08669951526980119
-0.06666666666666676,-0.03703833333333332,-0.04822770699543291,-0.009901478896489577,-0.26340125011273213,0.05555555555555563,-0.12500070312543943,0.010225347108568313,0.002770779383998429,-0.07509661465891772,0.0833333333333335,-0.1304354631381441,0.005218907536683029,0.0,-0.1636325399101424,0.05882352941176479,-0.11111166666666664,0.005251351265355588,0.0014625431589080765,-0.11131197107616503
0.06666666666666676,-0.074075,-0.13420553235562843,-0.025150188371856223,-0.21528023476034883,0.05555555555555563,-0.166666979166862,0.010225347108568313,0.002770779383998429,-0.0779144945984921,0.0833333333333335,-0.08695762759948428,-0.03594954137693228,0.0,-0.08096612815855712,0.05882352941176479,-0.07407500000000002,0.005251351265355588,0.0014625431589080765,-0.0725884044126217
0.0,0.037036666666666655,-0.12330817892883457,-0.022308411474484178,-0.21787827703663623,0.05555555555555563,-0.041668151042594394,-0.07607756502858663,-0.019769569360090274,0.13060862093001463,0.0833333333333335,-0.1304354631381441,-0.01417522481389309,0.0,-0.2172284357773316,0.05882352941176479,-0.07407500000000002,-0.039070558010032896,-0.010435276294150145,0.09439326451276732
0.0,0.0,-0.12330817892883457,-0.02131486949733563,-0.21201273699764825,0.11111111111111126,-0.12500070312543943,-0.11292998124876161,-0.0229027713639366,0.11468519961696945,0.166666666666667,-0.08695762759948428,0.013141846867597628,0.0,-0.20943313258770666,0.11764705882352958,-0.07407500000000002,-0.05799656418805914,-0.012089122566670671,0.07846984319972215
0.0,-0.074075,-0.05874427875242885,-0.010185348032817735,-0.3020423595357517,0.05555555555555563,-0.08333442708401685,0.010225347108568313,0.002770779383998429,-0.05378425506727031,0.166666666666667,-0.08695762759948428,0.05692643331634224,0.0,-0.08116496192205964,0.11764705882352958,-0.07407500000000002,0.005251351265355588,0.0014625431589080765,-0.07276666445746094
0.0,0.0,-0.12300169595516745,-0.021333382701878772,-0.21700416935489467,0.05555555555555563,-0.041668151042594394,-0.07607756502858663,-0.019769569360090274,0.12024097101445962,0.166666666666667,-0.1304354631381441,-0.016161976127067886,0.0,-0.24225472389510241,0.11764705882352958,-0.07407500000000002,-0.039070558010032896,-0.010435276294150145,0.0840256145972123
0.06666666666666676,-0.03703833333333332,-0.1368567973754611,-0.03407663849574041,-0.21480155674415702,0.05555555555555563,-0.08333442708401685,0.010225347108568313,0.002770779383998429,-0.053559144626030994,0.166666666666667,-0.1304354631381441,0.05692643331634224,0.0,-0.1636325399101424,0.11764705882352958,-0.11111166666666664,0.005251351265355588,0.0014625431589080765,-0.0897745010432783
0.0,-0.074075,-0.04822770699543291,-2.1598738633663983e-05,-0.3020423595357517,0.05555555555555563,-0.041668151042594394,-0.07607756502858663,-0.019769569360090274,0.11228440247461507,0.0833333333333335,-0.08695762759948428,-0.05505233127713917,0.0,-0.19918427173947673,0.05882352941176479,-0.07407500000000002,-0.039070558010032896,-0.003909371692693159,0.07606904605736776
0.0,-0.03703833333333332,-0.04822770699543291,0.0035823050790976733,-0.26340125011273213,0.05555555555555563,-0.12500070312543943,-0.07607756502858663,-0.019769569360090274,0.11169363040293626,0.0833333333333335,-0.1304354631381441,-0.01417522481389309,0.0,-0.2172284357773316,0.05882352941176479,-0.11111166666666664,-0.039070558010032896,-0.00030546787496182225,0.07547827398568896
0.06666666666666676,-0.03703833333333332,-0.1368567973754611,-0.03090779498477288,-0.20922391725113948,0.11111111111111126,-0.08333442708401685,-0.11292998124876161,-0.0229027713639366,0.11354936317741676,0.166666666666667,-0.1304354631381441,0.013141846867597628,0.0,-0.24696937832584512,0.11764705882352958,-0.11111166666666664,-0.05799656418805914,-0.012089122566670671,0.07733400676016945
0.0,0.0,-0.05874427875242885,-0.008799943226172736,-0.26340125011273213,0.05555555555555563,-0.166666979166862,0.010225347108568313,0.002770779383998429,-0.08564709538969248,0.0833333333333335,-0.1304354631381441,-0.03594954137693228,0.0,-0.1636325399101424,0.05882352941176479,-0.11111166666666664,0.005251351265355588,0.0014625431589080765,-0.1218624518069398
-0.06666666666666676,0.0,-0.05874427875242885,-0.008799943226172736,-0.26340125011273213,0.11111111111111126,-0.12500070312543943,-0.028519250028515818,-0.005512331137364015,-0.022121385948994793,0.0833333333333335,-0.08695762759948428,-0.05400843811927744,0.0,-0.08173469712901887,0.11764705882352958,-0.07407500000000002,-0.014646407416208288,-0.0029096586473635632,-0.0583367423662421
0.0,-0.03703833333333332,-0.05874427875242885,0.008408080396676279,-0.2805608163888253,0.05555555555555563,-0.08333442708401685,-0.028519250028515818,-0.005512331137364015,-0.02154775426624282,0.166666666666667,-0.08695762759948428,0.015224800809030182,0.0,-0.08726635439569191,0.11764705882352958,-0.07407500000000002,-0.014646407416208288,0.004520307442616782,-0.05776311068349014
0.0,-0.03703833333333332,-0.04822770699543291,0.023070538394843444,-0.2805608163888253,0.05555555555555563,-0.08333442708401685,-0.11292998124876161,-0.0229027713639366,0.11921369037144366,0.166666666666667,-0.17391329867680405,-0.04556064973191336,0.0,-0.21872606188063598,0.11764705882352958,-0.11111166666666664,-0.05799656418805914,0.01918276544078395,0.08299833395419635
0.06666666666666676,-0.074075,-0.1368567973754611,-0.021333382701878772,-0.22445836541863515,0.05555555555555563,-0.041668151042594394,-0.07607756502858663,-0.019769569360090274,0.11386131825588543,0.166666666666667,-0.17391329867680405,0.015224800809030182,0.0,-0.2470726189338176,0.11764705882352958,-0.07407500000000002,-0.039070558010032896,-0.010435276294150145,0.0776459618386381
0.13333333333333353,-0.03703833333333332,-0.1368567973754611,-0.014208884486860248,-0.20578645410587804,0.05555555555555563,-0.12500070312543943,-0.028519250028515818,-0.005512331137364015,-0.025032966681369322,0.166666666666667,-0.08695762759948428,0.015224800809030182,0.0,-0.08116496192205964,0.11764705882352958,-0.07407500000000002,-0.014646407416208288,-0.0029096586473635632,-0.06124832309861664
0.0,-0.074075,-0.05874427875242885,0.006711036646888403,-0.3020423595357517,0.05555555555555563,-0.166666979166862,0.010225347108568313,0.002770779383998429,-0.08586077890498055,0.0833333333333335,-0.1304354631381441,0.005218907536683029,0.0,-0.1636325399101424,0.05882352941176479,-0.11111166666666664,0.005251351265355588,0.0028232636928289074,-0.12207613532222787
0.0,0.0,-0.12330817892883457,-0.025378517894554944,-0.21700416935489467,0.05555555555555563,-0.041668151042594394,-0.028519250028515818,-0.005512331137364015,-0.017124391230519946,0.166666666666667,-0.08695762759948428,0.015224800809030182,0.0,-0.08983462384093296,0.11764705882352958,-0.07407500000000002,-0.014646407416208288,-0.0029096586473635632,-0.05333974764776726
0.0,-0.03703833333333332,-0.05874427875242885,-0.008324770976232129,-0.2805608163888253,0.05555555555555563,-0.041668151042594394,-0.11292998124876161,-0.0229027713639366,0.11553764829293152,0.166666666666667,-0.1304354631381441,0.013141846867597628,0.0,-0.24696937832584512,0.11764705882352958,-0.07407500000000002,-0.05799656418805914,-0.012089122566670671,0.0793222918756842
0.0,-0.03703833333333332,-0.12300169595516745,-0.021333382701878772,-0.21480155674415702,0.05555555555555563,-0.12500070312543943,0.010225347108568313,0.002770779383998429,-0.07791106652070676,0.166666666666667,-0.1304354631381441,0.0,0.0,-0.1636325399101424,0.11764705882352958,-0.11111166666666664,0.005251351265355588,0.0014625431589080765,-0.11412642293795408
0.0,-0.074075,-0.05874427875242885,-0.008799943226172736,-0.3020423595357517,0.05555555555555563,-0.166666979166862,0.010225347108568313,0.002770779383998429,-0.08586077890498055,0.166666666666667,-0.08695762759948428,0.05692643331634224,0.0,-0.08116496192205964,0.11764705882352958,-0.07407500000000002,0.005251351265355588,0.0014625431589080765,-0.07276666445746094
0.0,-0.074075,-0.12330817892883457,0.0035607063404640093,-0.22445836541863515,0.05555555555555563,-0.08333442708401685,-0.11292998124876161,-0.0229027713639366,0.11594216147160524,0.166666666666667,-0.1304354631381441,0.013141846867597628,0.0,-0.24696937832584512,0.11764705882352958,-0.11111166666666664,-0.05799656418805914,-0.0003270666135954862,0.07972680505435792
0.0,-0.074075,-0.12300169595516745,-0.014502010225459962,-0.22445836541863515,0.05555555555555563,-0.041668151042594394,-0.07607756502858663,-0.019769569360090274,0.11962505970568806,0.0833333333333335,-0.08695762759948428,-0.05505233127713917,0.0,-0.09020042698276133,0.05882352941176479,-0.07407500000000002,-0.039070558010032896,-0.010435276294150145,0.08340970328844076
0.0,-0.074075,-0.12330817892883457,-0.016689653895641057,-0.22445836541863515,0.05555555555555563,-0.12500070312543943,-0.07607756502858663,-0.019769569360090274,0.1111199987201843,0.166666666666667,-0.08695762759948428,0.015224800809030182,0.0,-0.19918427173947673,0.11764705882352958,-0.07407500000000002,-0.039070558010032896,-0.010435276294150145,0.07490464230293697
0.0,-0.074075,-0.12330817892883457,-0.004279635783555952,-0.22445836541863515,0.05555555555555563,-0.12500070312543943,-0.07607756502858663,-0.019769569360090274,0.11594216147160524,0.166666666666667,-0.1304354631381441,0.015224800809030182,0.0,-0.24225472389510241,0.11764705882352958,-0.11111166666666664,-0.039070558010032896,-0.008167408737615447,0.07972680505435792
0.0,-0.03703833333333332,-0.04822770699543291,-0.008324770976232129,-0.26340125011273213,0.05555555555555563,-0.041668151042594394,-0.07607756502858663,-0.019769569360090274,0.13203013051834822,0.166666666666667,-0.17391329867680405,-0.016161976127067886,0.0,-0.2470726189338176,0.11764705882352958,-0.07407500000000002,-0.039070558010032896,-0.010435276294150145,0.09581477410110091
0.0,0.0,-0.05874427875242885,0.014603832850447251,-0.26340125011273213,0.05555555555555563,-0.12500070312543943,-0.07607756502858663,-0.019769569360090274,0.11653978969885478,0.0833333333333335,-0.1304354631381441,-0.05505233127713917,0.0,-0.2172284357773316,0.05882352941176479,-0.11111166666666664,-0.039070558010032896,0.010716059896387756,0.08032443328160747
0.06666666666666676,-0.03703833333333332,-0.1368567973754611,-0.03834084660884376,-0.21480155674415702,0.05555555555555563,-0.041668151042594394,-0.07607756502858663,-0.019769569360090274,0.12855748772176806,0.166666666666667,-0.08695762759948428,0.015224800809030182,0.0,-0.19918427173947673,0.11764705882352958,-0.07407500000000002,-0.039070558010032896,-0.010435276294150145,0.09234213130452075
0.0,-0.03703833333333332,-0.05874427875242885,-0.008324770976232129,-0.2805608163888253,0.05555555555555563,-0.041668151042594394,-0.11292998124876161,-0.0229027713639366,0.13509368936587415,0.0833333333333335,-0.08695762759948428,-0.04556064973191336,0.0,-0.21301341490615933,0.05882352941176479,-0.07407500000000002,-0.05799656418805914,-0.012089122566670671,0.09887833294862686
0.0,-0.074075,-0.04822770699543291,0.014603832850447251,-0.3020423595357517,0.05555555555555563,-0.166666979166862,0.010225347108568313,0.002770779383998429,-0.08148883703603825,0.0833333333333335,-0.1304354631381441,-0.03594954137693228,0.0,-0.1636325399101424,0.05882352941176479,-0.11111166666666664,0.005251351265355588,0.010716059896387756,-0.11770419345328557
0.0,-0.03703833333333332,-0.12330817892883457,-0.02131486949733563,-0.21480155674415702,0.05555555555555563,-0.08333442708401685,-0.028519250028515818,-0.005512331137364015,-0.022135098260136283,0.166666666666667,-0.08695762759948428,0.015224800809030182,0.0,-0.08221138833126211,0.11764705882352958,-0.07407500000000002,-0.014646407416208288,-0.0029096586473635632,-0.058350454677383604
0.0,-0.03703833333333332,-0.05874427875242885,0.00726951831727314,-0.2805608163888253,0.05555555555555563,-0.041668151042594394,-0.07607756502858663,-0.019769569360090274,0.13438979072727814,0.166666666666667,-0.17391329867680405,-0.016161976127067886,0.0,-0.2470726189338176,0.11764705882352958,-0.07407500000000002,-0.039070558010032896,0.0033817453632136443,0.09817443431003081
0.0,0.0,-0.12330817892883457,-0.021333382701878772,-0.21700416935489467,0.05555555555555563,-0.041668151042594394,-0.07607756502858663,-0.019769569360090274,0.11714770215946044,0.166666666666667,-0.17391329867680405,0.015224800809030182,0.0,-0.2470726189338176,0.11764705882352958,-0.07407500000000002,-0.039070558010032896,-0.010435276294150145,0.08093234574221313
0.0,-0.03703833333333332,-0.04822770699543291,0.014603832850447251,-0.2805608163888253,0.05555555555555563,-0.041668151042594394,-0.11292998124876161,-0.0229027713639366,0.1229148716870485,0.0833333333333335,-0.1304354631381441,-0.05505233127713917,0.0,-0.2172284357773316,0.05882352941176479,-0.07407500000000002,-0.05799656418805914,0.010716059896387756,0.08669951526980119
0.0,0.0,-0.12330817892883457,-0.02482003622417021,-0.21700416935489467,0.05555555555555563,-0.12500070312543943,0.010225347108568313,0.002770779383998429,-0.07791106652070676,0.166666666666667,-0.1304354631381441,0.05692643331634224,0.0,-0.1636325399101424,0.11764705882352958,-0.11111166666666664,0.005251351265355588,0.0014625431589080765,-0.11412642293795408
0.06666666666666676,0.0,-0.12300169595516745,-0.014866103248141724,-0.2029941656780925,0.05555555555555563,-0.08333442708401685,-0.028519250028515818,-0.005512331137364015,-0.026810996359381407,0.166666666666667,-0.17391329867680405,-0.05400843811927744,0.0,-0.20389255329318415,0.11764705882352958,-0.11111166666666664,-0.014646407416208288,-0.0029096586473635632,-0.06302635277662873
0.06666666666666676,0.0,-0.1368567973754611,-0.0305807283711774,-0.21700416935489467,0.05555555555555563,-0.12500070312543943,0.010225347108568313,0.002770779383998429,-0.06987450949920355,0.166666666666667,-0.08695762759948428,0.05692643331634224,0.0,-0.08096612815855712,0.11764705882352958,-0.07407500000000002,0.005251351265355588,0.0014625431589080765,-0.0725884044126217
0.0,0.0,-0.12300169595516745,-0.03407663849574041,-0.21700416935489467,0.05555555555555563,-0.08333442708401685,0.010225347108568313,0.002770779383998429,-0.05384596046740697,0.0833333333333335,-0.1304354631381441,-0.03594954137693228,0.0,-0.1636325399101424,0.05882352941176479,-0.11111166666666664,0.005251351265355588,0.0014625431589080765,-0.0900613168846543
0.0,-0.03703833333333332,-0.04822770699543291,0.005745264476554576,-0.26340125011273213,0.05555555555555563,-0.041668151042594394,-0.11292998124876161,-0.0229027713639366,0.11714770215946044,0.166666666666667,-0.17391329867680405,-0.016904316917398774,0.0,-0.2470726189338176,0.11764705882352958,-0.07407500000000002,-0.05799656418805914,0.001857491522495081,0.08093234574221313
0.0,-0.03703833333333332,-0.04822770699543291,0.024924944383248025,-0.26340125011273213,0.05555555555555563,-0.08333442708401685,-0.11292998124876161,-0.0229027713639366,0.11653978969885478,0.166666666666667,-0.08695762759948428,0.013141846867597628,0.0,-0.21550138610075514,0.11764705882352958,-0.07407500000000002,-0.05799656418805914,0.021037171429188525,0.08032443328160747
0.06666666666666676,-0.03703833333333332,-0.12330817892883457,-0.014483497020916827,-0.19402068721513457,0.05555555555555563,-0.041668151042594394,-0.07607756502858663,-0.019769569360090274,0.12333423986945881,0.166666666666667,-0.17391329867680405,-0.01417522481389309,0.0,-0.21872606188063598,0.11764705882352958,-0.07407500000000002,-0.039070558010032896,-0.010435276294150145,0.08711888345221148
0.06666666666666676,-0.03703833333333332,-0.1368567973754611,-0.016689653895641057,-0.20922391725113948,0.05555555555555563,-0.12500070312543943,-0.11292998124876161,-0.0229027713639366,0.11697858365538219,0.166666666666667,-0.08695762759948428,0.013141846867597628,0.0,-0.20943313258770666,0.11764705882352958,-0.07407500000000002,-0.05799656418805914,-0.012089122566670671,0.08076322723813488
0.0,-0.074075,-0.12300169595516745,-0.021333382701878772,-0.22445836541863515,0.05555555555555563,-0.12500070312543943,0.010225347108568313,0.002770779383998429,-0.07812932080637533,0.166666666666667,-0.08695762759948428,0.0,0.0,-0.08096612815855712,0.11764705882352958,-0.07407500000000002,0.005251351265355588,0.0014625431589080765,-0.0725884044126217
0.06666666666666676,-0.03703833333333332,-0.13420553235562843,-0.017843643645496805,-0.20922391725113948,0.05555555555555563,-0.08333442708401685,-0.11292998124876161,-0.0229027713639366,0.11268777296069363,0.166666666666667,-0.17391329867680405,-0.05505233127713917,0.0,-0.21872606188063598,0.11764705882352958,-0.11111166666666664,-0.05799656418805914,-0.012089122566670671,0.07647241654344633
0.06666666666666676,0.0,-0.05874427875242885,0.01565291444122521,-0.26340125011273213,0.05555555555555563,-0.166666979166862,-0.028519250028515818,-0.005512331137364015,-0.04326234165137364,0.166666666666667,-0.1304354631381441,-0.016904316917398774,0.0,-0.1636325399101424,0.11764705882352958,-0.11111166666666664,-0.014646407416208288,0.011765141487165712,-0.07947769806862096
0.0,-0.074075,-0.04822770699543291,0.006711036646888403,-0.3020423595357517,0.05555555555555563,-0.041668151042594394,-0.028519250028515818,-0.005512331137364015,-0.017124391230519946,0.166666666666667,-0.1304354631381441,-0.016904316917398774,0.0,-0.1636325399101424,0.11764705882352958,-0.07407500000000002,-0.014646407416208288,0.0028232636928289074,-0.05333974764776726
0.06666666666666676,-0.03703833333333332,-0.13420553235562843,-0.021333382701878772,-0.21480155674415702,0.05555555555555563,-0.08333442708401685,-0.028519250028515818,-0.005512331137364015,-0.022135098260136283,0.166666666666667,-0.08695762759948428,-0.016904316917398774,0.0,-0.08116496192205964,0.11764705882352958,-0.07407500000000002,-0.014646407416208288,-0.0029096586473635632,-0.058350454677383604
0.06666666666666676,-0.03703833333333332,-0.13420553235562843,-0.013838620395997432,-0.20922391725113948,0.05555555555555563,-0.08333442708401685,-0.11292998124876161,-0.0229027713639366,0.11754878726034883,0.166666666666667,-0.08695762759948428,-0.016904316917398774,0.0,-0.21301341490615933,0.11764705882352958,-0.07407500000000002,-0.05799656418805914,-0.012089122566670671,0.0813334308431015
0.06666666666666676,-0.074075,-0.1368567973754611,-0.0305807283711774,-0.22445836541863515,0.05555555555555563,-0.166666979166862,0.010225347108568313,0.002770779383998429,-0.08586077890498055,0.0833333333333335,-0.08695762759948428,0.005218907536683029,0.0,-0.08116496192205964,0.05882352941176479,-0.07407500000000002,0.005251351265355588,0.0014625431589080765,-0.07276666445746094
-0.06666666666666676,-0.03703833333333332,-0.04822770699543291,-0.008799943226172736,-0.2805608163888253,0.11111111111111126,-0.166666979166862,0.010225347108568313,0.002770779383998429,-0.08148883703603825,0.166666666666667,-0.08695762759948428,0.05692643331634224,0.0,-0.08096612815855712,0.11764705882352958,-0.07407500000000002,0.005251351265355588,0.0014625431589080765,-0.0725884044126217
0.0,-0.03703833333333332,-0.05874427875242885,0.005769948749278767,-0.2805608163888253,0.05555555555555563,-0.041668151042594394,-0.11292998124876161,-0.0229027713639366,0.13509368936587415,0.166666666666667,-0.08695762759948428,-0.016904316917398774,0.0,-0.09020042698276133,0.11764705882352958,-0.07407500000000002,-0.05799656418805914,0.0018821757952192715,0.09887833294862686
0.06666666666666676,0.0,-0.13420553235562843,-0.02482003622417021,-0.21700416935489467,0.05555555555555563,-0.08333442708401685,-0.028519250028515818,-0.005512331137364015,-0.022135098260136283,0.166666666666667,-0.08695762759948428,-0.016904316917398774,0.0,-0.08726635439569191,0.11764705882352958,-0.07407500000000002,-0.014646407416208288,-0.0029096586473635632,-0.058350454677383604
0.0,-0.074075,-0.04822770699543291,-0.014711826543615551,-0.3020423595357517,0.05555555555555563,-0.041668151042594394,-0.07607756502858663,-0.019769569360090274,0.13174331467697226,0.166666666666667,-0.08695762759948428,0.015224800809030182,0.0,-0.19918427173947673,0.11764705882352958,-0.07407500000000002,-0.039070558010032896,-0.010435276294150145,0.09552795825972493
0.06666666666666676,-0.074075,-0.05874427875242885,0.014603832850447251,-0.3020423595357517,0.05555555555555563,-0.12500070312543943,-0.028519250028515818,-0.005512331137364015,-0.025032966681369322,0.166666666666667,-0.08695762759948428,0.015224800809030182,0.0,-0.08116496192205964,0.11764705882352958,-0.07407500000000002,-0.014646407416208288,0.010716059896387756,-0.06124832309861664
0.0,-0.074075,-0.12330817892883457,0.0035607063404640093,-0.22445836541863515,0.05555555555555563,-0.08333442708401685,-0.11292998124876161,-0.0229027713639366,0.11594216147160524,0.0833333333333335,-0.08695762759948428,-0.04556064973191336,0.0,-0.21301341490615933,0.05882352941176479,-0.07407500000000002,-0.05799656418805914,-0.0003270666135954862,0.07972680505435792
0.0,-0.074075,-0.12300169595516745,-0.01473651081633974,-0.22445836541863515,0.05555555555555563,-0.041668151042594394,-0.11292998124876161,-0.0229027713639366,0.11228440247461507,0.166666666666667,-0.08695762759948428,0.013548001820863045,0.0,-0.09020042698276133,0.11764705882352958,-0.07407500000000002,-0.05799656418805914,-0.012089122566670671,0.07606904605736776
0.06666666666666676,-0.03703833333333332,-0.1368567973754611,-0.028920711030475818,-0.21480155674415702,0.05555555555555563,-0.12500070312543943,0.010225347108568313,0.002770779383998429,-0.07791106652070676,0.0833333333333335,-0.08695762759948428,0.005218907536683029,0.0,-0.08096612815855712,0.05882352941176479,-0.07407500000000002,0.005251351265355588,0.0014625431589080765,-0.0725884044126217
