0.000000000000000000e+00,4.070366300000000104e-02,7.702375699999999825e-02,2.311419509999999844e-01,6.494003470000000444e-01,8.465789379999999476e-01,1.147194859999999955e-01,5.580440700000000032e-02,3.359999999999999814e-04,6.787646599999999641e-02,2.782717100000000124e-02,2.386990699999999577e-02,7.347453630000000402e-01,7.953176229999999736e-01,1.590489200000000033e-02,5.589999999999999673e-05,4.971645000000000231e-03,0.000000000000000000e+00,5.557850260000000153e-01,1.330719840000000043e-01,5.016681229999999658e-01,7.752979530000000397e-01,1.719629219999999903e-01,4.657223659999999987e-01,8.622251899999999747e-01,4.910073629999999745e-01,5.762212450000000485e-01,2.404097380000000117e-01,7.241906750000000059e-01,8.162776670000000401e-01
0.000000000000000000e+00,5.050258700000000156e-02,7.833782699999999877e-02,2.340835679999999919e-01,6.427191250000000577e-01,8.465789379999999476e-01,1.147194859999999955e-01,5.580440700000000032e-02,3.359999999999999814e-04,6.787646599999999641e-02,2.782717100000000124e-02,3.031769900000000004e-02,7.243877269999999813e-01,8.037762000000000517e-01,1.590489200000000033e-02,5.589999999999999673e-05,4.971645000000000231e-03,0.000000000000000000e+00,5.654534089999999624e-01,1.112868080000000148e-01,5.016681229999999658e-01,7.752979530000000397e-01,1.719629219999999903e-01,4.657223659999999987e-01,8.622251899999999747e-01,4.910073629999999745e-01,5.762212450000000485e-01,2.404097380000000117e-01,7.241906750000000059e-01,8.162776670000000401e-01
0.000000000000000000e+00,5.214164200000000193e-02,6.077941900000000119e-02,2.505158069999999793e-01,6.628909889999999860e-01,8.465789379999999476e-01,1.147194859999999955e-01,5.580440700000000032e-02,3.359999999999999814e-04,6.787646599999999641e-02,2.782717100000000124e-02,2.184356399999999587e-02,7.215581429999999852e-01,8.078174930000000531e-01,1.590489200000000033e-02,5.589999999999999673e-05,4.971645000000000231e-03,2.650510000000000019e-03,5.496476249999999730e-01,1.240504400000000118e-01,5.016681229999999658e-01,7.752979530000000397e-01,1.719629219999999903e-01,4.657223659999999987e-01,8.622251899999999747e-01,4.910073629999999745e-01,5.762212450000000485e-01,2.404097380000000117e-01,7.241906750000000059e-01,8.162776670000000401e-01
0.000000000000000000e+00,4.686437100000000189e-02,7.964978300000000178e-02,2.449446769999999718e-01,6.532244640000000047e-01,8.465789379999999476e-01,1.147194859999999955e-01,5.580440700000000032e-02,3.359999999999999814e-04,6.787646599999999641e-02,2.782717100000000124e-02,3.317364600000000108e-02,7.306721830000000306e-01,7.956865010000000460e-01,1.590489200000000033e-02,5.589999999999999673e-05,4.971645000000000231e-03,0.000000000000000000e+00,5.443286459999999716e-01,1.375451740000000200e-01,5.016681229999999658e-01,7.752979530000000397e-01,1.719629219999999903e-01,4.657223659999999987e-01,8.622251899999999747e-01,4.910073629999999745e-01,5.762212450000000485e-01,2.404097380000000117e-01,7.241906750000000059e-01,8.162776670000000401e-01
0.000000000000000000e+00,5.432261000000000728e-02,7.501853499999999730e-02,2.461113509999999782e-01,6.621966700000000428e-01,8.465789379999999476e-01,1.147194859999999955e-01,5.580440700000000032e-02,3.359999999999999814e-04,6.787646599999999641e-02,2.782717100000000124e-02,2.802044899999999936e-02,7.176177790000000112e-01,7.908786250000000573e-01,1.590489200000000033e-02,5.589999999999999673e-05,4.971645000000000231e-03,0.000000000000000000e+00,5.461332129999999507e-01,1.094405980000000000e-01,5.016681229999999658e-01,7.752979530000000397e-01,1.719629219999999903e-01,4.657223659999999987e-01,8.622251899999999747e-01,4.910073629999999745e-01,5.762212450000000485e-01,2.404097380000000117e-01,7.241906750000000059e-01,8.162776670000000401e-01
0.000000000000000000e+00,4.430873899999999976e-02,7.639280199999999577e-02,2.417479909999999954e-01,6.578168950000000681e-01,8.465789379999999476e-01,1.147194859999999955e-01,5.580440700000000032e-02,3.359999999999999814e-04,6.787646599999999641e-02,2.782717100000000124e-02,3.900421700000000075e-02,7.204180629999999974e-01,7.931965050000000517e-01,1.590489200000000033e-02,5.589999999999999673e-05,4.971645000000000231e-03,0.000000000000000000e+00,5.607453230000000177e-01,1.261476090000000216e-01,5.016681229999999658e-01,7.752979530000000397e-01,1.719629219999999903e-01,4.657223659999999987e-01,8.622251899999999747e-01,4.910073629999999745e-01,5.762212450000000485e-01,2.404097380000000117e-01,7.241906750000000059e-01,8.162776670000000401e-01
0.000000000000000000e+00,2.823957900000000076e-02,7.026510399999999490e-02,2.343559109999999723e-01,6.465220340000000787e-01,8.465789379999999476e-01,1.147194859999999955e-01,5.580440700000000032e-02,3.359999999999999814e-04,6.787646599999999641e-02,2.782717100000000124e-02,2.876085199999999995e-02,7.115127900000000061e-01,7.937329020000000179e-01,1.590489200000000033e-02,5.589999999999999673e-05,4.971645000000000231e-03,0.000000000000000000e+00,5.590258219999999501e-01,1.171212950000000141e-01,5.016681229999999658e-01,7.752979530000000397e-01,1.719629219999999903e-01,4.657223659999999987e-01,8.622251899999999747e-01,4.910073629999999745e-01,5.762212450000000485e-01,2.404097380000000117e-01,7.241906750000000059e-01,8.162776670000000401e-01
0.000000000000000000e+00,3.142385000000000317e-02,6.949586800000000231e-02,2.304672639999999773e-01,6.679005300000000478e-01,8.465789379999999476e-01,1.147194859999999955e-01,5.580440700000000032e-02,3.359999999999999814e-04,6.787646599999999641e-02,2.782717100000000124e-02,2.985459899999999903e-02,7.333952160000000164e-01,7.994928909999999833e-01,1.590489200000000033e-02,5.589999999999999673e-05,4.971645000000000231e-03,0.000000000000000000e+00,5.650187669999999773e-01,1.161213750000000128e-01,5.016681229999999658e-01,7.752979530000000397e-01,1.719629219999999903e-01,4.657223659999999987e-01,8.622251899999999747e-01,4.910073629999999745e-01,5.762212450000000485e-01,2.404097380000000117e-01,7.241906750000000059e-01,8.162776670000000401e-01
0.000000000000000000e+00,5.329195500000000196e-02,6.417648600000000481e-02,2.258275809999999717e-01,6.430157619999999907e-01,8.465789379999999476e-01,1.147194859999999955e-01,5.580440700000000032e-02,3.359999999999999814e-04,6.787646599999999641e-02,2.782717100000000124e-02,4.502651299999999718e-02,7.205953190000000674e-01,7.987348930000000014e-01,1.590489200000000033e-02,5.589999999999999673e-05,4.971645000000000231e-03,0.000000000000000000e+00,5.558380779999999577e-01,1.222551590000000021e-01,5.016681229999999658e-01,7.752979530000000397e-01,1.719629219999999903e-01,4.657223659999999987e-01,8.622251899999999747e-01,4.910073629999999745e-01,5.762212450000000485e-01,2.404097380000000117e-01,7.241906750000000059e-01,8.162776670000000401e-01
0.000000000000000000e+00,3.574111400000000438e-02,8.583755299999999699e-02,2.230909039999999788e-01,6.532958770000000248e-01,8.465789379999999476e-01,1.147194859999999955e-01,5.580440700000000032e-02,3.359999999999999814e-04,6.787646599999999641e-02,2.782717100000000124e-02,3.852397100000000407e-02,7.369927470000000591e-01,8.029106340000000674e-01,1.590489200000000033e-02,5.589999999999999673e-05,4.971645000000000231e-03,0.000000000000000000e+00,5.686176069999999694e-01,1.387577380000000193e-01,5.016681229999999658e-01,7.752979530000000397e-01,1.719629219999999903e-01,4.657223659999999987e-01,8.622251899999999747e-01,4.910073629999999745e-01,5.762212450000000485e-01,2.404097380000000117e-01,7.241906750000000059e-01,8.162776670000000401e-01
0.000000000000000000e+00,4.303884700000000507e-02,7.735290799999999800e-02,2.457671889999999970e-01,6.520881940000000654e-01,8.465789379999999476e-01,1.147194859999999955e-01,5.580440700000000032e-02,3.359999999999999814e-04,6.787646599999999641e-02,2.782717100000000124e-02,3.375912699999999989e-02,7.294361030000000579e-01,7.985531460000000470e-01,1.590489200000000033e-02,5.589999999999999673e-05,4.971645000000000231e-03,0.000000000000000000e+00,5.637390439999999669e-01,1.245754570000000144e-01,5.016681229999999658e-01,7.752979530000000397e-01,1.719629219999999903e-01,4.657223659999999987e-01,8.622251899999999747e-01,4.910073629999999745e-01,5.762212450000000485e-01,2.404097380000000117e-01,7.241906750000000059e-01,8.162776670000000401e-01
0.000000000000000000e+00,5.190736700000000287e-02,7.818314499999999556e-02,2.288625699999999874e-01,6.640246060000000172e-01,8.465789379999999476e-01,1.147194859999999955e-01,5.580440700000000032e-02,3.359999999999999814e-04,6.787646599999999641e-02,2.782717100000000124e-02,1.834111299999999917e-02,7.314377400000000584e-01,7.975730930000000107e-01,1.590489200000000033e-02,5.589999999999999673e-05,4.971645000000000231e-03,0.000000000000000000e+00,5.659697989999999956e-01,1.362049040000000155e-01,5.016681229999999658e-01,7.752979530000000397e-01,1.719629219999999903e-01,4.657223659999999987e-01,8.622251899999999747e-01,4.910073629999999745e-01,5.762212450000000485e-01,2.404097380000000117e-01,7.241906750000000059e-01,8.162776670000000401e-01
0.000000000000000000e+00,5.559547000000000100e-02,6.208891899999999936e-02,2.485075279999999776e-01,6.527530450000000872e-01,8.465789379999999476e-01,1.147194859999999955e-01,5.580440700000000032e-02,3.359999999999999814e-04,6.787646599999999641e-02,2.782717100000000124e-02,4.542703900000000239e-02,7.172473850000000706e-01,8.026915399999999812e-01,1.590489200000000033e-02,5.589999999999999673e-05,4.971645000000000231e-03,0.000000000000000000e+00,5.684166579999999636e-01,1.299531700000000067e-01,5.016681229999999658e-01,7.752979530000000397e-01,1.719629219999999903e-01,4.657223659999999987e-01,8.622251899999999747e-01,4.910073629999999745e-01,5.762212450000000485e-01,2.404097380000000117e-01,7.241906750000000059e-01,8.162776670000000401e-01
0.000000000000000000e+00,4.194267499999999871e-02,5.970295199999999664e-02,2.439649929999999911e-01,6.571641129999999942e-01,8.465789379999999476e-01,1.147194859999999955e-01,5.580440700000000032e-02,3.359999999999999814e-04,6.787646599999999641e-02,2.782717100000000124e-02,4.393164699999999728e-02,7.256051239999999902e-01,8.005759249999999660e-01,1.590489200000000033e-02,5.589999999999999673e-05,4.971645000000000231e-03,0.000000000000000000e+00,5.596231830000000240e-01,1.366583340000000202e-01,5.016681229999999658e-01,7.752979530000000397e-01,1.719629219999999903e-01,4.657223659999999987e-01,8.622251899999999747e-01,4.910073629999999745e-01,5.762212450000000485e-01,2.404097380000000117e-01,7.241906750000000059e-01,8.162776670000000401e-01
0.000000000000000000e+00,2.804625400000000657e-02,8.047892500000000671e-02,2.405692159999999746e-01,6.459723750000000431e-01,8.465789379999999476e-01,1.147194859999999955e-01,5.580440700000000032e-02,3.359999999999999814e-04,6.787646599999999641e-02,2.782717100000000124e-02,2.510907799999999995e-02,7.323794270000000273e-01,7.976241000000000581e-01,1.590489200000000033e-02,5.589999999999999673e-05,4.971645000000000231e-03,2.809900000000017939e-05,5.514119840000000217e-01,1.115995450000000083e-01,5.016681229999999658e-01,7.752979530000000397e-01,1.719629219999999903e-01,4.657223659999999987e-01,8.622251899999999747e-01,4.910073629999999745e-01,5.762212450000000485e-01,2.404097380000000117e-01,7.241906750000000059e-01,8.162776670000000401e-01
0.000000000000000000e+00,4.171959600000000462e-02,7.426949399999999146e-02,2.315762999999999849e-01,6.496208110000000202e-01,8.465789379999999476e-01,1.147194859999999955e-01,5.580440700000000032e-02,3.359999999999999814e-04,6.787646599999999641e-02,2.782717100000000124e-02,3.060881799999999944e-02,7.248167870000000734e-01,8.031285320000000061e-01,1.590489200000000033e-02,5.589999999999999673e-05,4.971645000000000231e-03,3.994639999999986812e-04,5.479234880000000141e-01,1.103894170000000174e-01,5.016681229999999658e-01,7.752979530000000397e-01,1.719629219999999903e-01,4.657223659999999987e-01,8.622251899999999747e-01,4.910073629999999745e-01,5.762212450000000485e-01,2.404097380000000117e-01,7.241906750000000059e-01,8.162776670000000401e-01
0.000000000000000000e+00,3.219074900000000461e-02,5.792426099999999772e-02,2.400931139999999964e-01,6.670640330000000562e-01,8.465789379999999476e-01,1.147194859999999955e-01,5.580440700000000032e-02,3.359999999999999814e-04,6.787646599999999641e-02,2.782717100000000124e-02,4.556158700000000061e-02,7.353136239999999990e-01,8.128026070000000658e-01,1.590489200000000033e-02,5.589999999999999673e-05,4.971645000000000231e-03,0.000000000000000000e+00,5.463089420000000196e-01,1.277801910000000152e-01,5.016681229999999658e-01,7.752979530000000397e-01,1.719629219999999903e-01,4.657223659999999987e-01,8.622251899999999747e-01,4.910073629999999745e-01,5.762212450000000485e-01,2.404097380000000117e-01,7.241906750000000059e-01,8.162776670000000401e-01
0.000000000000000000e+00,5.408270100000000385e-02,8.682214900000000124e-02,2.280727909999999969e-01,6.404574130000000309e-01,8.465789379999999476e-01,1.147194859999999955e-01,5.580440700000000032e-02,3.359999999999999814e-04,6.787646599999999641e-02,2.782717100000000124e-02,2.463113299999999950e-02,7.119317110000000781e-01,7.832944259999999881e-01,1.590489200000000033e-02,5.589999999999999673e-05,4.971645000000000231e-03,0.000000000000000000e+00,5.622873699999999531e-01,1.117015990000000125e-01,5.016681229999999658e-01,7.752979530000000397e-01,1.719629219999999903e-01,4.657223659999999987e-01,8.622251899999999747e-01,4.910073629999999745e-01,5.762212450000000485e-01,2.404097380000000117e-01,7.241906750000000059e-01,8.162776670000000401e-01
0.000000000000000000e+00,4.839501300000000061e-02,8.029303299999999977e-02,2.394130859999999972e-01,6.514133370000000367e-01,8.465789379999999476e-01,1.147194859999999955e-01,5.580440700000000032e-02,3.359999999999999814e-04,6.787646599999999641e-02,2.782717100000000124e-02,1.791881000000000029e-02,7.122815800000000808e-01,7.969480549999999885e-01,1.590489200000000033e-02,5.589999999999999673e-05,4.971645000000000231e-03,0.000000000000000000e+00,5.460397369999999695e-01,1.154405450000000055e-01,5.016681229999999658e-01,7.752979530000000397e-01,1.719629219999999903e-01,4.657223659999999987e-01,8.622251899999999747e-01,4.910073629999999745e-01,5.762212450000000485e-01,2.404097380000000117e-01,7.241906750000000059e-01,8.162776670000000401e-01
0.000000000000000000e+00,4.082884100000000460e-02,6.567686500000000094e-02,2.387065749999999764e-01,6.642452890000000165e-01,8.465789379999999476e-01,1.147194859999999955e-01,5.580440700000000032e-02,3.359999999999999814e-04,6.787646599999999641e-02,2.782717100000000124e-02,1.902575699999999731e-02,7.144677630000000335e-01,7.910891720000000626e-01,1.590489200000000033e-02,5.589999999999999673e-05,4.971645000000000231e-03,0.000000000000000000e+00,5.466986360000000156e-01,1.193057840000000119e-01,5.016681229999999658e-01,7.752979530000000397e-01,1.719629219999999903e-01,4.657223659999999987e-01,8.622251899999999747e-01,4.910073629999999745e-01,5.762212450000000485e-01,2.404097380000000117e-01,7.241906750000000059e-01,8.162776670000000401e-01
0.000000000000000000e+00,4.403437600000000007e-02,5.847858100000000170e-02,2.458946449999999673e-01,6.464054900000000270e-01,8.465789379999999476e-01,1.147194859999999955e-01,5.580440700000000032e-02,3.359999999999999814e-04,6.787646599999999641e-02,2.782717100000000124e-02,3.694476299999999852e-02,7.106319460000000143e-01,8.028190950000000381e-01,1.590489200000000033e-02,5.589999999999999673e-05,4.971645000000000231e-03,0.000000000000000000e+00,5.644713969999999303e-01,1.306163830000000026e-01,5.016681229999999658e-01,7.752979530000000397e-01,1.719629219999999903e-01,4.657223659999999987e-01,8.622251899999999747e-01,4.910073629999999745e-01,5.762212450000000485e-01,2.404097380000000117e-01,7.241906750000000059e-01,8.162776670000000401e-01
0.000000000000000000e+00,3.885722500000000218e-02,6.335245500000000196e-02,2.454331119999999811e-01,6.438647299999999962e-01,8.465789379999999476e-01,1.147194859999999955e-01,5.580440700000000032e-02,3.359999999999999814e-04,6.787646599999999641e-02,2.782717100000000124e-02,1.719621400000000133e-02,7.122127759999999919e-01,7.886364759999999752e-01,1.590489200000000033e-02,5.589999999999999673e-05,4.971645000000000231e-03,0.000000000000000000e+00,5.504860919999999824e-01,1.190056710000000073e-01,5.016681229999999658e-01,7.752979530000000397e-01,1.719629219999999903e-01,4.657223659999999987e-01,8.622251899999999747e-01,4.910073629999999745e-01,5.762212450000000485e-01,2.404097380000000117e-01,7.241906750000000059e-01,8.162776670000000401e-01
0.000000000000000000e+00,3.240952000000000416e-02,8.524160599999999754e-02,2.495492389999999783e-01,6.591939050000000799e-01,8.465789379999999476e-01,1.147194859999999955e-01,5.580440700000000032e-02,3.359999999999999814e-04,6.787646599999999641e-02,2.782717100000000124e-02,2.847662200000000005e-02,7.230159040000000426e-01,8.043593159999999909e-01,1.590489200000000033e-02,5.589999999999999673e-05,4.971645000000000231e-03,0.000000000000000000e+00,5.667606210000000200e-01,1.217978270000000113e-01,5.016681229999999658e-01,7.752979530000000397e-01,1.719629219999999903e-01,4.657223659999999987e-01,8.622251899999999747e-01,4.910073629999999745e-01,5.762212450000000485e-01,2.404097380000000117e-01,7.241906750000000059e-01,8.162776670000000401e-01
0.000000000000000000e+00,2.752644700000000250e-02,5.728439400000000237e-02,2.430441339999999673e-01,6.494969959999999931e-01,8.465789379999999476e-01,1.147194859999999955e-01,5.580440700000000032e-02,3.359999999999999814e-04,6.787646599999999641e-02,2.782717100000000124e-02,1.678898100000000143e-02,7.129400820000000305e-01,7.831030989999999692e-01,1.590489200000000033e-02,5.589999999999999673e-05,4.971645000000000231e-03,0.000000000000000000e+00,5.656207420000000097e-01,1.352936010000000133e-01,5.016681229999999658e-01,7.752979530000000397e-01,1.719629219999999903e-01,4.657223659999999987e-01,8.622251899999999747e-01,4.910073629999999745e-01,5.762212450000000485e-01,2.404097380000000117e-01,7.241906750000000059e-01,8.162776670000000401e-01
0.000000000000000000e+00,4.346946100000000091e-02,8.021570899999999615e-02,2.470892049999999784e-01,6.416141699999999837e-01,8.465789379999999476e-01,1.147194859999999955e-01,5.580440700000000032e-02,3.359999999999999814e-04,6.787646599999999641e-02,2.782717100000000124e-02,2.780582399999999982e-02,7.383593350000000610e-01,7.870302759999999731e-01,1.590489200000000033e-02,5.589999999999999673e-05,4.971645000000000231e-03,4.659945999999999880e-03,5.475318970000000451e-01,1.242019260000000180e-01,5.016681229999999658e-01,7.752979530000000397e-01,1.719629219999999903e-01,4.657223659999999987e-01,8.622251899999999747e-01,4.910073629999999745e-01,5.762212450000000485e-01,2.404097380000000117e-01,7.241906750000000059e-01,8.162776670000000401e-01
0.000000000000000000e+00,3.006821200000000388e-02,6.180609000000000103e-02,2.256775219999999915e-01,6.518909689999999868e-01,8.465789379999999476e-01,1.147194859999999955e-01,5.580440700000000032e-02,3.359999999999999814e-04,6.787646599999999641e-02,2.782717100000000124e-02,2.531610399999999900e-02,7.299821069999999912e-01,7.999023200000000555e-01,1.590489200000000033e-02,5.589999999999999673e-05,4.971645000000000231e-03,1.240399999999988734e-04,5.715725529999999832e-01,1.099596320000000016e-01,5.016681229999999658e-01,7.752979530000000397e-01,1.719629219999999903e-01,4.657223659999999987e-01,8.622251899999999747e-01,4.910073629999999745e-01,5.762212450000000485e-01,2.404097380000000117e-01,7.241906750000000059e-01,8.162776670000000401e-01
0.000000000000000000e+00,2.651500100000000332e-02,6.983341599999999538e-02,2.506587019999999555e-01,6.488007680000000832e-01,8.465789379999999476e-01,1.147194859999999955e-01,5.580440700000000032e-02,3.359999999999999814e-04,6.787646599999999641e-02,2.782717100000000124e-02,3.387076399999999765e-02,7.199656100000000336e-01,7.930428310000000591e-01,1.590489200000000033e-02,5.589999999999999673e-05,4.971645000000000231e-03,1.226806000000000424e-03,5.429687829999999549e-01,1.377179360000000130e-01,5.016681229999999658e-01,7.752979530000000397e-01,1.719629219999999903e-01,4.657223659999999987e-01,8.622251899999999747e-01,4.910073629999999745e-01,5.762212450000000485e-01,2.404097380000000117e-01,7.241906750000000059e-01,8.162776670000000401e-01
0.000000000000000000e+00,2.866881100000000238e-02,8.285357599999999823e-02,2.274051369999999794e-01,6.477884010000000137e-01,8.465789379999999476e-01,1.147194859999999955e-01,5.580440700000000032e-02,3.359999999999999814e-04,6.787646599999999641e-02,2.782717100000000124e-02,1.760503499999999805e-02,7.135716300000000123e-01,8.097881610000000618e-01,1.590489200000000033e-02,5.589999999999999673e-05,4.971645000000000231e-03,0.000000000000000000e+00,5.638525309999999902e-01,1.150096400000000102e-01,5.016681229999999658e-01,7.752979530000000397e-01,1.719629219999999903e-01,4.657223659999999987e-01,8.622251899999999747e-01,4.910073629999999745e-01,5.762212450000000485e-01,2.404097380000000117e-01,7.241906750000000059e-01,8.162776670000000401e-01
0.000000000000000000e+00,5.496897200000000483e-02,5.951383500000000104e-02,2.244473029999999869e-01,6.395892340000000065e-01,8.465789379999999476e-01,1.147194859999999955e-01,5.580440700000000032e-02,3.359999999999999814e-04,6.787646599999999641e-02,2.782717100000000124e-02,3.641672099999999912e-02,7.114059289999999924e-01,7.972740120000000319e-01,1.590489200000000033e-02,5.589999999999999673e-05,4.971645000000000231e-03,0.000000000000000000e+00,5.686562219999999890e-01,1.200250990000000101e-01,5.016681229999999658e-01,7.752979530000000397e-01,1.719629219999999903e-01,4.657223659999999987e-01,8.622251899999999747e-01,4.910073629999999745e-01,5.762212450000000485e-01,2.404097380000000117e-01,7.241906750000000059e-01,8.162776670000000401e-01
0.000000000000000000e+00,3.115886800000000623e-02,7.449646299999999888e-02,2.366871509999999845e-01,6.537718230000000297e-01,8.465789379999999476e-01,1.147194859999999955e-01,5.580440700000000032e-02,3.359999999999999814e-04,6.787646599999999641e-02,2.782717100000000124e-02,3.581183699999999914e-02,7.383039410000000746e-01,7.899022930000000331e-01,1.590489200000000033e-02,5.589999999999999673e-05,4.971645000000000231e-03,0.000000000000000000e+00,5.590851689999999374e-01,1.324295630000000001e-01,5.016681229999999658e-01,7.752979530000000397e-01,1.719629219999999903e-01,4.657223659999999987e-01,8.622251899999999747e-01,4.910073629999999745e-01,5.762212450000000485e-01,2.404097380000000117e-01,7.241906750000000059e-01,8.162776670000000401e-01
0.000000000000000000e+00,3.599002400000000240e-02,5.861312999999999940e-02,2.303842599999999796e-01,6.459155880000000405e-01,8.465789379999999476e-01,1.147194859999999955e-01,5.580440700000000032e-02,3.359999999999999814e-04,6.787646599999999641e-02,2.782717100000000124e-02,4.299433700000000053e-02,7.195331540000000636e-01,7.947552390000000022e-01,1.590489200000000033e-02,5.589999999999999673e-05,4.971645000000000231e-03,0.000000000000000000e+00,5.455198930000000335e-01,1.137315660000000062e-01,5.016681229999999658e-01,7.752979530000000397e-01,1.719629219999999903e-01,4.657223659999999987e-01,8.622251899999999747e-01,4.910073629999999745e-01,5.762212450000000485e-01,2.404097380000000117e-01,7.241906750000000059e-01,8.162776670000000401e-01
0.000000000000000000e+00,3.864797899999999897e-02,8.479976000000000180e-02,2.384965649999999937e-01,6.431995900000000432e-01,8.465789379999999476e-01,1.147194859999999955e-01,5.580440700000000032e-02,3.359999999999999814e-04,6.787646599999999641e-02,2.782717100000000124e-02,4.419388400000000272e-02,7.268944500000000808e-01,7.941740459999999668e-01,1.590489200000000033e-02,5.589999999999999673e-05,4.971645000000000231e-03,7.004238999999998910e-03,5.524226399999999648e-01,1.372104520000000105e-01,5.016681229999999658e-01,7.752979530000000397e-01,1.719629219999999903e-01,4.657223659999999987e-01,8.622251899999999747e-01,4.910073629999999745e-01,5.762212450000000485e-01,2.404097380000000117e-01,7.241906750000000059e-01,8.162776670000000401e-01
0.000000000000000000e+00,4.142976400000000781e-02,8.623347900000000177e-02,2.288103919999999736e-01,6.515607150000000125e-01,8.465789379999999476e-01,1.147194859999999955e-01,5.580440700000000032e-02,3.359999999999999814e-04,6.787646599999999641e-02,2.782717100000000124e-02,4.143488800000000305e-02,7.184800540000000346e-01,7.974289450000000556e-01,1.590489200000000033e-02,5.589999999999999673e-05,4.971645000000000231e-03,0.000000000000000000e+00,5.574117760000000255e-01,1.370841710000000047e-01,5.016681229999999658e-01,7.752979530000000397e-01,1.719629219999999903e-01,4.657223659999999987e-01,8.622251899999999747e-01,4.910073629999999745e-01,5.762212450000000485e-01,2.404097380000000117e-01,7.241906750000000059e-01,8.162776670000000401e-01
0.000000000000000000e+00,4.994997700000000651e-02,7.337456900000000060e-02,2.350985829999999721e-01,6.665606179999999936e-01,8.465789379999999476e-01,1.147194859999999955e-01,5.580440700000000032e-02,3.359999999999999814e-04,6.787646599999999641e-02,2.782717100000000124e-02,3.550302399999999414e-02,7.366466569999999825e-01,7.914890500000000273e-01,1.590489200000000033e-02,5.589999999999999673e-05,4.971645000000000231e-03,0.000000000000000000e+00,5.487796189999999408e-01,1.220384610000000147e-01,5.016681229999999658e-01,7.752979530000000397e-01,1.719629219999999903e-01,4.657223659999999987e-01,8.622251899999999747e-01,4.910073629999999745e-01,5.762212450000000485e-01,2.404097380000000117e-01,7.241906750000000059e-01,8.162776670000000401e-01
0.000000000000000000e+00,2.929443500000000061e-02,8.691388199999999786e-02,2.326963629999999894e-01,6.634195150000000707e-01,8.465789379999999476e-01,1.147194859999999955e-01,5.580440700000000032e-02,3.359999999999999814e-04,6.787646599999999641e-02,2.782717100000000124e-02,2.666545700000000005e-02,7.259686750000000632e-01,8.098521950000000524e-01,1.590489200000000033e-02,5.589999999999999673e-05,4.971645000000000231e-03,0.000000000000000000e+00,5.418374040000000225e-01,1.178763630000000118e-01,5.016681229999999658e-01,7.752979530000000397e-01,1.719629219999999903e-01,4.657223659999999987e-01,8.622251899999999747e-01,4.910073629999999745e-01,5.762212450000000485e-01,2.404097380000000117e-01,7.241906750000000059e-01,8.162776670000000401e-01
0.000000000000000000e+00,4.700637300000000407e-02,6.535231899999999206e-02,2.393121939999999781e-01,6.575301020000000607e-01,8.465789379999999476e-01,1.147194859999999955e-01,5.580440700000000032e-02,3.359999999999999814e-04,6.787646599999999641e-02,2.782717100000000124e-02,3.213280100000000250e-02,7.313136580000000331e-01,7.930707230000000330e-01,1.590489200000000033e-02,5.589999999999999673e-05,4.971645000000000231e-03,0.000000000000000000e+00,5.507444310000000343e-01,1.148055350000000141e-01,5.016681229999999658e-01,7.752979530000000397e-01,1.719629219999999903e-01,4.657223659999999987e-01,8.622251899999999747e-01,4.910073629999999745e-01,5.762212450000000485e-01,2.404097380000000117e-01,7.241906750000000059e-01,8.162776670000000401e-01
0.000000000000000000e+00,2.745239300000000549e-02,8.357913100000000095e-02,2.404302579999999800e-01,6.565756150000000568e-01,8.465789379999999476e-01,1.147194859999999955e-01,5.580440700000000032e-02,3.359999999999999814e-04,6.787646599999999641e-02,2.782717100000000124e-02,2.590663500000000077e-02,7.105030340000000333e-01,7.878783390000000386e-01,1.590489200000000033e-02,5.589999999999999673e-05,4.971645000000000231e-03,0.000000000000000000e+00,5.526592649999999551e-01,1.349025430000000136e-01,5.016681229999999658e-01,7.752979530000000397e-01,1.719629219999999903e-01,4.657223659999999987e-01,8.622251899999999747e-01,4.910073629999999745e-01,5.762212450000000485e-01,2.404097380000000117e-01,7.241906750000000059e-01,8.162776670000000401e-01
0.000000000000000000e+00,3.274629900000000648e-02,6.662724200000000319e-02,2.308513119999999752e-01,6.529880350000000222e-01,8.465789379999999476e-01,1.147194859999999955e-01,5.580440700000000032e-02,3.359999999999999814e-04,6.787646599999999641e-02,2.782717100000000124e-02,2.265866400000000197e-02,7.271736090000000541e-01,7.896723020000000481e-01,1.590489200000000033e-02,5.589999999999999673e-05,4.971645000000000231e-03,0.000000000000000000e+00,5.539822249999999393e-01,1.345984250000000215e-01,5.016681229999999658e-01,7.752979530000000397e-01,1.719629219999999903e-01,4.657223659999999987e-01,8.622251899999999747e-01,4.910073629999999745e-01,5.762212450000000485e-01,2.404097380000000117e-01,7.241906750000000059e-01,8.162776670000000401e-01
0.000000000000000000e+00,4.443266300000000418e-02,8.536937799999999577e-02,2.415141929999999881e-01,6.663530440000000610e-01,8.465789379999999476e-01,1.147194859999999955e-01,5.580440700000000032e-02,3.359999999999999814e-04,6.787646599999999641e-02,2.782717100000000124e-02,3.294737899999999886e-02,7.307869620000000399e-01,7.882032079999999885e-01,1.590489200000000033e-02,5.589999999999999673e-05,4.971645000000000231e-03,0.000000000000000000e+00,5.453973210000000460e-01,1.214390690000000106e-01,5.016681229999999658e-01,7.752979530000000397e-01,1.719629219999999903e-01,4.657223659999999987e-01,8.622251899999999747e-01,4.910073629999999745e-01,5.762212450000000485e-01,2.404097380000000117e-01,7.241906750000000059e-01,8.162776670000000401e-01
0.000000000000000000e+00,2.794288900000000547e-02,6.977331100000000452e-02,2.491020259999999764e-01,6.598831270000000693e-01,8.465789379999999476e-01,1.147194859999999955e-01,5.580440700000000032e-02,3.359999999999999814e-04,6.787646599999999641e-02,2.782717100000000124e-02,2.298152800000000107e-02,7.282793220000000067e-01,7.903305729999999807e-01,1.590489200000000033e-02,5.589999999999999673e-05,4.971645000000000231e-03,0.000000000000000000e+00,5.651861059999999659e-01,1.216621900000000034e-01,5.016681229999999658e-01,7.752979530000000397e-01,1.719629219999999903e-01,4.657223659999999987e-01,8.622251899999999747e-01,4.910073629999999745e-01,5.762212450000000485e-01,2.404097380000000117e-01,7.241906750000000059e-01,8.162776670000000401e-01
0.000000000000000000e+00,3.126540300000000411e-02,5.884859800000000196e-02,2.291996329999999860e-01,6.561762110000000092e-01,8.465789379999999476e-01,1.147194859999999955e-01,5.580440700000000032e-02,3.359999999999999814e-04,6.787646599999999641e-02,2.782717100000000124e-02,2.166715599999999992e-02,7.278763409999999823e-01,7.927028369999999935e-01,1.590489200000000033e-02,5.589999999999999673e-05,4.971645000000000231e-03,0.000000000000000000e+00,5.452247159999999981e-01,1.123276820000000120e-01,5.016681229999999658e-01,7.752979530000000397e-01,1.719629219999999903e-01,4.657223659999999987e-01,8.622251899999999747e-01,4.910073629999999745e-01,5.762212450000000485e-01,2.404097380000000117e-01,7.241906750000000059e-01,8.162776670000000401e-01
0.000000000000000000e+00,5.463563800000000026e-02,8.557299899999999682e-02,2.453110859999999838e-01,6.412700270000000202e-01,8.465789379999999476e-01,1.147194859999999955e-01,5.580440700000000032e-02,3.359999999999999814e-04,6.787646599999999641e-02,2.782717100000000124e-02,2.374523700000000237e-02,7.178638609999999920e-01,7.963145900000000443e-01,1.590489200000000033e-02,5.589999999999999673e-05,4.971645000000000231e-03,1.289132999999997864e-03,5.662702779999999603e-01,1.092504280000000105e-01,5.016681229999999658e-01,7.752979530000000397e-01,1.719629219999999903e-01,4.657223659999999987e-01,8.622251899999999747e-01,4.910073629999999745e-01,5.762212450000000485e-01,2.404097380000000117e-01,7.241906750000000059e-01,8.162776670000000401e-01
0.000000000000000000e+00,3.676819200000000509e-02,5.938456699999999922e-02,2.447947579999999734e-01,6.442464650000000459e-01,8.465789379999999476e-01,1.147194859999999955e-01,5.580440700000000032e-02,3.359999999999999814e-04,6.787646599999999641e-02,2.782717100000000124e-02,2.230785199999999607e-02,7.372912500000000646e-01,7.866319960000000000e-01,1.590489200000000033e-02,5.589999999999999673e-05,4.971645000000000231e-03,0.000000000000000000e+00,5.591716759999999509e-01,1.173125510000000149e-01,5.016681229999999658e-01,7.752979530000000397e-01,1.719629219999999903e-01,4.657223659999999987e-01,8.622251899999999747e-01,4.910073629999999745e-01,5.762212450000000485e-01,2.404097380000000117e-01,7.241906750000000059e-01,8.162776670000000401e-01
0.000000000000000000e+00,3.935985200000000073e-02,7.609992200000000040e-02,2.380502649999999831e-01,6.537089249999999963e-01,8.465789379999999476e-01,1.147194859999999955e-01,5.580440700000000032e-02,3.359999999999999814e-04,6.787646599999999641e-02,2.782717100000000124e-02,4.336239100000000013e-02,7.225437530000000663e-01,7.988577869999999859e-01,1.590489200000000033e-02,5.589999999999999673e-05,4.971645000000000231e-03,0.000000000000000000e+00,5.548227550000000008e-01,1.348041850000000208e-01,5.016681229999999658e-01,7.752979530000000397e-01,1.719629219999999903e-01,4.657223659999999987e-01,8.622251899999999747e-01,4.910073629999999745e-01,5.762212450000000485e-01,2.404097380000000117e-01,7.241906750000000059e-01,8.162776670000000401e-01
0.000000000000000000e+00,5.449411200000000427e-02,6.263338200000000133e-02,2.366256909999999714e-01,6.544865269999999846e-01,8.465789379999999476e-01,1.147194859999999955e-01,5.580440700000000032e-02,3.359999999999999814e-04,6.787646599999999641e-02,2.782717100000000124e-02,3.927743899999999733e-02,7.199226650000000172e-01,7.923671020000000453e-01,1.590489200000000033e-02,5.589999999999999673e-05,4.971645000000000231e-03,9.308549999999977953e-04,5.416866299999999468e-01,1.259232040000000108e-01,5.016681229999999658e-01,7.752979530000000397e-01,1.719629219999999903e-01,4.657223659999999987e-01,8.622251899999999747e-01,4.910073629999999745e-01,5.762212450000000485e-01,2.404097380000000117e-01,7.241906750000000059e-01,8.162776670000000401e-01
0.000000000000000000e+00,5.233889100000000544e-02,8.174165099999999851e-02,2.388982739999999938e-01,6.562997440000000182e-01,8.465789379999999476e-01,1.147194859999999955e-01,5.580440700000000032e-02,3.359999999999999814e-04,6.787646599999999641e-02,2.782717100000000124e-02,1.898732100000000145e-02,7.208907940000000014e-01,7.922403909999999883e-01,1.590489200000000033e-02,5.589999999999999673e-05,4.971645000000000231e-03,0.000000000000000000e+00,5.621253779999999534e-01,1.147656750000000114e-01,5.016681229999999658e-01,7.752979530000000397e-01,1.719629219999999903e-01,4.657223659999999987e-01,8.622251899999999747e-01,4.910073629999999745e-01,5.762212450000000485e-01,2.404097380000000117e-01,7.241906750000000059e-01,8.162776670000000401e-01
0.000000000000000000e+00,3.298973300000000025e-02,7.227471700000000221e-02,2.232381409999999733e-01,6.541232170000000901e-01,8.465789379999999476e-01,1.147194859999999955e-01,5.580440700000000032e-02,3.359999999999999814e-04,6.787646599999999641e-02,2.782717100000000124e-02,3.752263299999999968e-02,7.239613080000000256e-01,8.010685010000000439e-01,1.590489200000000033e-02,5.589999999999999673e-05,4.971645000000000231e-03,0.000000000000000000e+00,5.527113959999999659e-01,1.310844160000000092e-01,5.016681229999999658e-01,7.752979530000000397e-01,1.719629219999999903e-01,4.657223659999999987e-01,8.622251899999999747e-01,4.910073629999999745e-01,5.762212450000000485e-01,2.404097380000000117e-01,7.241906750000000059e-01,8.162776670000000401e-01
0.000000000000000000e+00,2.974396200000000573e-02,8.338790299999999933e-02,2.298297839999999814e-01,6.689443560000000177e-01,8.465789379999999476e-01,1.147194859999999955e-01,5.580440700000000032e-02,3.359999999999999814e-04,6.787646599999999641e-02,2.782717100000000124e-02,2.336162099999999908e-02,7.387535849999999904e-01,7.919472710000000637e-01,1.590489200000000033e-02,5.589999999999999673e-05,4.971645000000000231e-03,0.000000000000000000e+00,5.563872730000000155e-01,1.222054790000000057e-01,5.016681229999999658e-01,7.752979530000000397e-01,1.719629219999999903e-01,4.657223659999999987e-01,8.622251899999999747e-01,4.910073629999999745e-01,5.762212450000000485e-01,2.404097380000000117e-01,7.241906750000000059e-01,8.162776670000000401e-01
0.000000000000000000e+00,4.135836800000000646e-02,8.256681600000000121e-02,2.498575499999999838e-01,6.631482260000000073e-01,8.465789379999999476e-01,1.147194859999999955e-01,5.580440700000000032e-02,3.359999999999999814e-04,6.787646599999999641e-02,2.782717100000000124e-02,4.449991400000000152e-02,7.182393380000000604e-01,8.059269730000000465e-01,1.590489200000000033e-02,5.589999999999999673e-05,4.971645000000000231e-03,0.000000000000000000e+00,5.544968769999999436e-01,1.156792080000000056e-01,5.016681229999999658e-01,7.752979530000000397e-01,1.719629219999999903e-01,4.657223659999999987e-01,8.622251899999999747e-01,4.910073629999999745e-01,5.762212450000000485e-01,2.404097380000000117e-01,7.241906750000000059e-01,8.162776670000000401e-01
0.000000000000000000e+00,4.901949200000000478e-02,7.604449800000000204e-02,2.321412719999999819e-01,6.437034230000000523e-01,8.465789379999999476e-01,1.147194859999999955e-01,5.580440700000000032e-02,3.359999999999999814e-04,6.787646599999999641e-02,2.782717100000000124e-02,3.806719499999999812e-02,7.394690350000000523e-01,8.125994549999999705e-01,1.590489200000000033e-02,5.589999999999999673e-05,4.971645000000000231e-03,0.000000000000000000e+00,5.599687730000000307e-01,1.198907010000000162e-01,5.016681229999999658e-01,7.752979530000000397e-01,1.719629219999999903e-01,4.657223659999999987e-01,8.622251899999999747e-01,4.910073629999999745e-01,5.762212450000000485e-01,2.404097380000000117e-01,7.241906750000000059e-01,8.162776670000000401e-01
0.000000000000000000e+00,4.766472900000000290e-02,8.098545599999999733e-02,2.336410839999999711e-01,6.680463790000000790e-01,8.465789379999999476e-01,1.147194859999999955e-01,5.580440700000000032e-02,3.359999999999999814e-04,6.787646599999999641e-02,2.782717100000000124e-02,4.244521099999999658e-02,7.197149280000000315e-01,7.959339460000000033e-01,1.590489200000000033e-02,5.589999999999999673e-05,4.971645000000000231e-03,0.000000000000000000e+00,5.508874149999999359e-01,1.160923130000000025e-01,5.016681229999999658e-01,7.752979530000000397e-01,1.719629219999999903e-01,4.657223659999999987e-01,8.622251899999999747e-01,4.910073629999999745e-01,5.762212450000000485e-01,2.404097380000000117e-01,7.241906750000000059e-01,8.162776670000000401e-01
0.000000000000000000e+00,4.733426899999999826e-02,5.760841900000000099e-02,2.297842729999999833e-01,6.671206390000000708e-01,8.465789379999999476e-01,1.147194859999999955e-01,5.580440700000000032e-02,3.359999999999999814e-04,6.787646599999999641e-02,2.782717100000000124e-02,4.199365900000000262e-02,7.113142009999999793e-01,8.001865649999999608e-01,1.590489200000000033e-02,5.589999999999999673e-05,4.971645000000000231e-03,0.000000000000000000e+00,5.697218139999999931e-01,1.127377160000000156e-01,5.016681229999999658e-01,7.752979530000000397e-01,1.719629219999999903e-01,4.657223659999999987e-01,8.622251899999999747e-01,4.910073629999999745e-01,5.762212450000000485e-01,2.404097380000000117e-01,7.241906750000000059e-01,8.162776670000000401e-01
0.000000000000000000e+00,4.476539100000000160e-02,6.055282399999999815e-02,2.486825729999999901e-01,6.462303650000000843e-01,8.465789379999999476e-01,1.147194859999999955e-01,5.580440700000000032e-02,3.359999999999999814e-04,6.787646599999999641e-02,2.782717100000000124e-02,2.623856999999999925e-02,7.364213960000000059e-01,7.954914490000000171e-01,1.590489200000000033e-02,5.589999999999999673e-05,4.971645000000000231e-03,0.000000000000000000e+00,5.702695549999999836e-01,1.318987020000000066e-01,5.016681229999999658e-01,7.752979530000000397e-01,1.719629219999999903e-01,4.657223659999999987e-01,8.622251899999999747e-01,4.910073629999999745e-01,5.762212450000000485e-01,2.404097380000000117e-01,7.241906750000000059e-01,8.162776670000000401e-01
0.000000000000000000e+00,3.557389900000000604e-02,6.729668999999999235e-02,2.247076319999999905e-01,6.501226440000000828e-01,8.465789379999999476e-01,1.147194859999999955e-01,5.580440700000000032e-02,3.359999999999999814e-04,6.787646599999999641e-02,2.782717100000000124e-02,4.065355899999999884e-02,7.376961220000000097e-01,8.121279120000000074e-01,1.590489200000000033e-02,5.589999999999999673e-05,4.971645000000000231e-03,0.000000000000000000e+00,5.530658529999999962e-01,1.209533630000000082e-01,5.016681229999999658e-01,7.752979530000000397e-01,1.719629219999999903e-01,4.657223659999999987e-01,8.622251899999999747e-01,4.910073629999999745e-01,5.762212450000000485e-01,2.404097380000000117e-01,7.241906750000000059e-01,8.162776670000000401e-01
0.000000000000000000e+00,4.554806700000000458e-02,8.405740000000000434e-02,2.254444989999999649e-01,6.477157590000000020e-01,8.465789379999999476e-01,1.147194859999999955e-01,5.580440700000000032e-02,3.359999999999999814e-04,6.787646599999999641e-02,2.782717100000000124e-02,4.460550600000000310e-02,7.326175750000000209e-01,8.019282110000000019e-01,1.590489200000000033e-02,5.589999999999999673e-05,4.971645000000000231e-03,5.135402999999998455e-03,5.489018879999999490e-01,1.345424250000000210e-01,5.016681229999999658e-01,7.752979530000000397e-01,1.719629219999999903e-01,4.657223659999999987e-01,8.622251899999999747e-01,4.910073629999999745e-01,5.762212450000000485e-01,2.404097380000000117e-01,7.241906750000000059e-01,8.162776670000000401e-01
0.000000000000000000e+00,4.204371400000000286e-02,7.084790800000000111e-02,2.238643889999999970e-01,6.419379809999999908e-01,8.465789379999999476e-01,1.147194859999999955e-01,5.580440700000000032e-02,3.359999999999999814e-04,6.787646599999999641e-02,2.782717100000000124e-02,2.333860899999999627e-02,7.218378429999999790e-01,7.855026990000000264e-01,1.590489200000000033e-02,5.589999999999999673e-05,4.971645000000000231e-03,2.997720000000002327e-04,5.559804889999999666e-01,1.334364910000000182e-01,5.016681229999999658e-01,7.752979530000000397e-01,1.719629219999999903e-01,4.657223659999999987e-01,8.622251899999999747e-01,4.910073629999999745e-01,5.762212450000000485e-01,2.404097380000000117e-01,7.241906750000000059e-01,8.162776670000000401e-01
0.000000000000000000e+00,2.621283300000000482e-02,8.243477000000000443e-02,2.339552849999999851e-01,6.633150349999999973e-01,8.465789379999999476e-01,1.147194859999999955e-01,5.580440700000000032e-02,3.359999999999999814e-04,6.787646599999999641e-02,2.782717100000000124e-02,2.394295899999999977e-02,7.133615850000000203e-01,7.980373940000000665e-01,1.590489200000000033e-02,5.589999999999999673e-05,4.971645000000000231e-03,0.000000000000000000e+00,5.705833649999999535e-01,1.226672160000000095e-01,5.016681229999999658e-01,7.752979530000000397e-01,1.719629219999999903e-01,4.657223659999999987e-01,8.622251899999999747e-01,4.910073629999999745e-01,5.762212450000000485e-01,2.404097380000000117e-01,7.241906750000000059e-01,8.162776670000000401e-01
0.000000000000000000e+00,2.705055900000000180e-02,8.148770399999999414e-02,2.269681479999999807e-01,6.677248220000000511e-01,8.465789379999999476e-01,1.147194859999999955e-01,5.580440700000000032e-02,3.359999999999999814e-04,6.787646599999999641e-02,2.782717100000000124e-02,1.957252999999999771e-02,7.275987350000000520e-01,7.854661809999999855e-01,1.590489200000000033e-02,5.589999999999999673e-05,4.971645000000000231e-03,7.049675999999999512e-03,5.608356879999999434e-01,1.320601050000000110e-01,5.016681229999999658e-01,7.752979530000000397e-01,1.719629219999999903e-01,4.657223659999999987e-01,8.622251899999999747e-01,4.910073629999999745e-01,5.762212450000000485e-01,2.404097380000000117e-01,7.241906750000000059e-01,8.162776670000000401e-01
0.000000000000000000e+00,3.791038900000000267e-02,6.594500200000000256e-02,2.389450789999999769e-01,6.412924730000000295e-01,8.465789379999999476e-01,1.147194859999999955e-01,5.580440700000000032e-02,3.359999999999999814e-04,6.787646599999999641e-02,2.782717100000000124e-02,3.681949600000000017e-02,7.226964770000000593e-01,8.050551540000000506e-01,1.590489200000000033e-02,5.589999999999999673e-05,4.971645000000000231e-03,3.550214999999998927e-03,5.483144709999999700e-01,1.180867980000000067e-01,5.016681229999999658e-01,7.752979530000000397e-01,1.719629219999999903e-01,4.657223659999999987e-01,8.622251899999999747e-01,4.910073629999999745e-01,5.762212450000000485e-01,2.404097380000000117e-01,7.241906750000000059e-01,8.162776670000000401e-01
0.000000000000000000e+00,4.984752000000000627e-02,7.787699700000000336e-02,2.335469499999999754e-01,6.586969799999999875e-01,8.465789379999999476e-01,1.147194859999999955e-01,5.580440700000000032e-02,3.359999999999999814e-04,6.787646599999999641e-02,2.782717100000000124e-02,1.693229000000000262e-02,7.162510120000000757e-01,8.036019469999999831e-01,1.590489200000000033e-02,5.589999999999999673e-05,4.971645000000000231e-03,3.067233999999998545e-03,5.665905449999999455e-01,1.105077890000000090e-01,5.016681229999999658e-01,7.752979530000000397e-01,1.719629219999999903e-01,4.657223659999999987e-01,8.622251899999999747e-01,4.910073629999999745e-01,5.762212450000000485e-01,2.404097380000000117e-01,7.241906750000000059e-01,8.162776670000000401e-01
0.000000000000000000e+00,3.794731000000000493e-02,7.305748300000000639e-02,2.331383389999999722e-01,6.606749950000000426e-01,8.465789379999999476e-01,1.147194859999999955e-01,5.580440700000000032e-02,3.359999999999999814e-04,6.787646599999999641e-02,2.782717100000000124e-02,2.874035900000000004e-02,7.282034230000000719e-01,7.834674200000000255e-01,1.590489200000000033e-02,5.589999999999999673e-05,4.971645000000000231e-03,0.000000000000000000e+00,5.445799759999999656e-01,1.235070220000000080e-01,5.016681229999999658e-01,7.752979530000000397e-01,1.719629219999999903e-01,4.657223659999999987e-01,8.622251899999999747e-01,4.910073629999999745e-01,5.762212450000000485e-01,2.404097380000000117e-01,7.241906750000000059e-01,8.162776670000000401e-01
0.000000000000000000e+00,2.902425800000000417e-02,6.445252700000000945e-02,2.427571509999999766e-01,6.589623360000000929e-01,8.465789379999999476e-01,1.147194859999999955e-01,5.580440700000000032e-02,3.359999999999999814e-04,6.787646599999999641e-02,2.782717100000000124e-02,4.191889399999999821e-02,7.190531500000000298e-01,7.944744559999999955e-01,1.590489200000000033e-02,5.589999999999999673e-05,4.971645000000000231e-03,1.615032999999998359e-03,5.506093199999999577e-01,1.158353110000000102e-01,5.016681229999999658e-01,7.752979530000000397e-01,1.719629219999999903e-01,4.657223659999999987e-01,8.622251899999999747e-01,4.910073629999999745e-01,5.762212450000000485e-01,2.404097380000000117e-01,7.241906750000000059e-01,8.162776670000000401e-01
0.000000000000000000e+00,5.144739900000000477e-02,6.575833100000000320e-02,2.521367719999999535e-01,6.647119000000000222e-01,8.465789379999999476e-01,1.147194859999999955e-01,5.580440700000000032e-02,3.359999999999999814e-04,6.787646599999999641e-02,2.782717100000000124e-02,2.566448199999999888e-02,7.340492990000000439e-01,8.060548200000000607e-01,1.590489200000000033e-02,5.589999999999999673e-05,4.971645000000000231e-03,0.000000000000000000e+00,5.465516069999999393e-01,1.269707490000000216e-01,5.016681229999999658e-01,7.752979530000000397e-01,1.719629219999999903e-01,4.657223659999999987e-01,8.622251899999999747e-01,4.910073629999999745e-01,5.762212450000000485e-01,2.404097380000000117e-01,7.241906750000000059e-01,8.162776670000000401e-01
0.000000000000000000e+00,4.832657199999999820e-02,7.476648599999999312e-02,2.420496119999999696e-01,6.474218769999999790e-01,8.465789379999999476e-01,1.147194859999999955e-01,5.580440700000000032e-02,3.359999999999999814e-04,6.787646599999999641e-02,2.782717100000000124e-02,3.028655699999999867e-02,7.392867800000000322e-01,8.074725120000000311e-01,1.590489200000000033e-02,5.589999999999999673e-05,4.971645000000000231e-03,0.000000000000000000e+00,5.462664659999999506e-01,1.331789610000000124e-01,5.016681229999999658e-01,7.752979530000000397e-01,1.719629219999999903e-01,4.657223659999999987e-01,8.622251899999999747e-01,4.910073629999999745e-01,5.762212450000000485e-01,2.404097380000000117e-01,7.241906750000000059e-01,8.162776670000000401e-01
0.000000000000000000e+00,3.445563199999999993e-02,6.150082099999999719e-02,2.524636559999999808e-01,6.540239070000000154e-01,8.465789379999999476e-01,1.147194859999999955e-01,5.580440700000000032e-02,3.359999999999999814e-04,6.787646599999999641e-02,2.782717100000000124e-02,2.428713700000000031e-02,7.220329010000000602e-01,7.871167570000000557e-01,1.590489200000000033e-02,5.589999999999999673e-05,4.971645000000000231e-03,0.000000000000000000e+00,5.507735820000000393e-01,1.130438790000000138e-01,5.016681229999999658e-01,7.752979530000000397e-01,1.719629219999999903e-01,4.657223659999999987e-01,8.622251899999999747e-01,4.910073629999999745e-01,5.762212450000000485e-01,2.404097380000000117e-01,7.241906750000000059e-01,8.162776670000000401e-01
0.000000000000000000e+00,5.073166100000000428e-02,7.138051700000000444e-02,2.376092489999999668e-01,6.433468800000000654e-01,8.465789379999999476e-01,1.147194859999999955e-01,5.580440700000000032e-02,3.359999999999999814e-04,6.787646599999999641e-02,2.782717100000000124e-02,2.132591600000000032e-02,7.140011450000000037e-01,7.843835310000000227e-01,1.590489200000000033e-02,5.589999999999999673e-05,4.971645000000000231e-03,2.905246999999999691e-03,5.616893950000000357e-01,1.111212550000000021e-01,5.016681229999999658e-01,7.752979530000000397e-01,1.719629219999999903e-01,4.657223659999999987e-01,8.622251899999999747e-01,4.910073629999999745e-01,5.762212450000000485e-01,2.404097380000000117e-01,7.241906750000000059e-01,8.162776670000000401e-01
0.000000000000000000e+00,4.859778700000000340e-02,8.600645299999999660e-02,2.474428599999999867e-01,6.520537950000000471e-01,8.465789379999999476e-01,1.147194859999999955e-01,5.580440700000000032e-02,3.359999999999999814e-04,6.787646599999999641e-02,2.782717100000000124e-02,4.536462599999999817e-02,7.316036690000000675e-01,7.907460720000000221e-01,1.590489200000000033e-02,5.589999999999999673e-05,4.971645000000000231e-03,0.000000000000000000e+00,5.470864859999999830e-01,1.279116940000000202e-01,5.016681229999999658e-01,7.752979530000000397e-01,1.719629219999999903e-01,4.657223659999999987e-01,8.622251899999999747e-01,4.910073629999999745e-01,5.762212450000000485e-01,2.404097380000000117e-01,7.241906750000000059e-01,8.162776670000000401e-01
0.000000000000000000e+00,5.457250700000000621e-02,7.200307100000000182e-02,2.448294299999999868e-01,6.557849510000000048e-01,8.465789379999999476e-01,1.147194859999999955e-01,5.580440700000000032e-02,3.359999999999999814e-04,6.787646599999999641e-02,2.782717100000000124e-02,2.069165700000000219e-02,7.381950900000000537e-01,7.867919620000000114e-01,1.590489200000000033e-02,5.589999999999999673e-05,4.971645000000000231e-03,1.137492000000000364e-03,5.568412430000000413e-01,1.338361910000000210e-01,5.016681229999999658e-01,7.752979530000000397e-01,1.719629219999999903e-01,4.657223659999999987e-01,8.622251899999999747e-01,4.910073629999999745e-01,5.762212450000000485e-01,2.404097380000000117e-01,7.241906750000000059e-01,8.162776670000000401e-01
0.000000000000000000e+00,4.754068900000000403e-02,7.379975299999999572e-02,2.477972609999999909e-01,6.612358070000000643e-01,8.465789379999999476e-01,1.147194859999999955e-01,5.580440700000000032e-02,3.359999999999999814e-04,6.787646599999999641e-02,2.782717100000000124e-02,3.418665099999999846e-02,7.305830840000000492e-01,8.090210660000000109e-01,1.590489200000000033e-02,5.589999999999999673e-05,4.971645000000000231e-03,0.000000000000000000e+00,5.540404110000000104e-01,1.313144850000000086e-01,5.016681229999999658e-01,7.752979530000000397e-01,1.719629219999999903e-01,4.657223659999999987e-01,8.622251899999999747e-01,4.910073629999999745e-01,5.762212450000000485e-01,2.404097380000000117e-01,7.241906750000000059e-01,8.162776670000000401e-01
0.000000000000000000e+00,2.843939700000000514e-02,7.872132399999999530e-02,2.411603349999999757e-01,6.530927490000000279e-01,8.465789379999999476e-01,1.147194859999999955e-01,5.580440700000000032e-02,3.359999999999999814e-04,6.787646599999999641e-02,2.782717100000000124e-02,3.450251899999999539e-02,7.155258870000000826e-01,8.076406560000000123e-01,1.590489200000000033e-02,5.589999999999999673e-05,4.971645000000000231e-03,0.000000000000000000e+00,5.661940949999999528e-01,1.155530810000000019e-01,5.016681229999999658e-01,7.752979530000000397e-01,1.719629219999999903e-01,4.657223659999999987e-01,8.622251899999999747e-01,4.910073629999999745e-01,5.762212450000000485e-01,2.404097380000000117e-01,7.241906750000000059e-01,8.162776670000000401e-01
0.000000000000000000e+00,4.516779300000000469e-02,5.891335699999999953e-02,2.255256499999999664e-01,6.492800090000000468e-01,8.465789379999999476e-01,1.147194859999999955e-01,5.580440700000000032e-02,3.359999999999999814e-04,6.787646599999999641e-02,2.782717100000000124e-02,3.086257400000000026e-02,7.214497899999999797e-01,7.892388820000000305e-01,1.590489200000000033e-02,5.589999999999999673e-05,4.971645000000000231e-03,0.000000000000000000e+00,5.695096279999999345e-01,1.166735460000000169e-01,5.016681229999999658e-01,7.752979530000000397e-01,1.719629219999999903e-01,4.657223659999999987e-01,8.622251899999999747e-01,4.910073629999999745e-01,5.762212450000000485e-01,2.404097380000000117e-01,7.241906750000000059e-01,8.162776670000000401e-01
0.000000000000000000e+00,2.873926499999999995e-02,6.805385699999999538e-02,2.338678309999999705e-01,6.615454610000000013e-01,8.465789379999999476e-01,1.147194859999999955e-01,5.580440700000000032e-02,3.359999999999999814e-04,6.787646599999999641e-02,2.782717100000000124e-02,3.937981200000000015e-02,7.145824110000000839e-01,7.964282050000000002e-01,1.590489200000000033e-02,5.589999999999999673e-05,4.971645000000000231e-03,3.869135999999998715e-03,5.624868490000000110e-01,1.089194960000000045e-01,5.016681229999999658e-01,7.752979530000000397e-01,1.719629219999999903e-01,4.657223659999999987e-01,8.622251899999999747e-01,4.910073629999999745e-01,5.762212450000000485e-01,2.404097380000000117e-01,7.241906750000000059e-01,8.162776670000000401e-01
0.000000000000000000e+00,2.909198000000000339e-02,7.544853399999999766e-02,2.358936169999999721e-01,6.424379080000000020e-01,8.465789379999999476e-01,1.147194859999999955e-01,5.580440700000000032e-02,3.359999999999999814e-04,6.787646599999999641e-02,2.782717100000000124e-02,2.621535499999999921e-02,7.108121689999999937e-01,7.946347810000000678e-01,1.590489200000000033e-02,5.589999999999999673e-05,4.971645000000000231e-03,3.341634999999999051e-03,5.493436400000000219e-01,1.179064860000000048e-01,5.016681229999999658e-01,7.752979530000000397e-01,1.719629219999999903e-01,4.657223659999999987e-01,8.622251899999999747e-01,4.910073629999999745e-01,5.762212450000000485e-01,2.404097380000000117e-01,7.241906750000000059e-01,8.162776670000000401e-01
0.000000000000000000e+00,4.002304800000000551e-02,7.889624600000000321e-02,2.429526889999999717e-01,6.431661250000000329e-01,8.465789379999999476e-01,1.147194859999999955e-01,5.580440700000000032e-02,3.359999999999999814e-04,6.787646599999999641e-02,2.782717100000000124e-02,4.510887400000000019e-02,7.221860869999999766e-01,8.008084530000000312e-01,1.590489200000000033e-02,5.589999999999999673e-05,4.971645000000000231e-03,0.000000000000000000e+00,5.490515219999999585e-01,1.271819640000000085e-01,5.016681229999999658e-01,7.752979530000000397e-01,1.719629219999999903e-01,4.657223659999999987e-01,8.622251899999999747e-01,4.910073629999999745e-01,5.762212450000000485e-01,2.404097380000000117e-01,7.241906750000000059e-01,8.162776670000000401e-01
0.000000000000000000e+00,5.340102300000000579e-02,7.587407499999999916e-02,2.228087739999999872e-01,6.553999360000000163e-01,8.465789379999999476e-01,1.147194859999999955e-01,5.580440700000000032e-02,3.359999999999999814e-04,6.787646599999999641e-02,2.782717100000000124e-02,3.164230299999999663e-02,7.391275200000000378e-01,7.889508450000000117e-01,1.590489200000000033e-02,5.589999999999999673e-05,4.971645000000000231e-03,0.000000000000000000e+00,5.660379060000000351e-01,1.292726940000000213e-01,5.016681229999999658e-01,7.752979530000000397e-01,1.719629219999999903e-01,4.657223659999999987e-01,8.622251899999999747e-01,4.910073629999999745e-01,5.762212450000000485e-01,2.404097380000000117e-01,7.241906750000000059e-01,8.162776670000000401e-01
0.000000000000000000e+00,2.964848800000000062e-02,7.496413100000000329e-02,2.347793679999999883e-01,6.644879850000000587e-01,8.465789379999999476e-01,1.147194859999999955e-01,5.580440700000000032e-02,3.359999999999999814e-04,6.787646599999999641e-02,2.782717100000000124e-02,1.820458199999999693e-02,7.318567140000000748e-01,7.935657070000000646e-01,1.590489200000000033e-02,5.589999999999999673e-05,4.971645000000000231e-03,6.435841999999998911e-03,5.501937139999999449e-01,1.181437950000000098e-01,5.016681229999999658e-01,7.752979530000000397e-01,1.719629219999999903e-01,4.657223659999999987e-01,8.622251899999999747e-01,4.910073629999999745e-01,5.762212450000000485e-01,2.404097380000000117e-01,7.241906750000000059e-01,8.162776670000000401e-01
0.000000000000000000e+00,4.128198500000000715e-02,6.314700400000000657e-02,2.432344179999999800e-01,6.654015060000000314e-01,8.465789379999999476e-01,1.147194859999999955e-01,5.580440700000000032e-02,3.359999999999999814e-04,6.787646599999999641e-02,2.782717100000000124e-02,3.186064599999999941e-02,7.357519290000000822e-01,7.890402429999999745e-01,1.590489200000000033e-02,5.589999999999999673e-05,4.971645000000000231e-03,4.367914999999999992e-03,5.563085180000000296e-01,1.171941690000000147e-01,5.016681229999999658e-01,7.752979530000000397e-01,1.719629219999999903e-01,4.657223659999999987e-01,8.622251899999999747e-01,4.910073629999999745e-01,5.762212450000000485e-01,2.404097380000000117e-01,7.241906750000000059e-01,8.162776670000000401e-01
0.000000000000000000e+00,3.738910600000000528e-02,6.753732299999999633e-02,2.332006659999999731e-01,6.628144180000000718e-01,8.465789379999999476e-01,1.147194859999999955e-01,5.580440700000000032e-02,3.359999999999999814e-04,6.787646599999999641e-02,2.782717100000000124e-02,3.149093199999999926e-02,7.216689040000000555e-01,7.989454820000000401e-01,1.590489200000000033e-02,5.589999999999999673e-05,4.971645000000000231e-03,6.131475999999998552e-03,5.438537740000000120e-01,1.132012490000000038e-01,5.016681229999999658e-01,7.752979530000000397e-01,1.719629219999999903e-01,4.657223659999999987e-01,8.622251899999999747e-01,4.910073629999999745e-01,5.762212450000000485e-01,2.404097380000000117e-01,7.241906750000000059e-01,8.162776670000000401e-01
0.000000000000000000e+00,5.542653600000000541e-02,6.775513999999999148e-02,2.372050539999999708e-01,6.676196389999999870e-01,8.465789379999999476e-01,1.147194859999999955e-01,5.580440700000000032e-02,3.359999999999999814e-04,6.787646599999999641e-02,2.782717100000000124e-02,3.390304499999999971e-02,7.193826720000000563e-01,8.104557829999999852e-01,1.590489200000000033e-02,5.589999999999999673e-05,4.971645000000000231e-03,0.000000000000000000e+00,5.566810220000000253e-01,1.259976390000000224e-01,5.016681229999999658e-01,7.752979530000000397e-01,1.719629219999999903e-01,4.657223659999999987e-01,8.622251899999999747e-01,4.910073629999999745e-01,5.762212450000000485e-01,2.404097380000000117e-01,7.241906750000000059e-01,8.162776670000000401e-01
0.000000000000000000e+00,3.909901699999999980e-02,8.611806599999999312e-02,2.262656559999999817e-01,6.425891750000000124e-01,8.465789379999999476e-01,1.147194859999999955e-01,5.580440700000000032e-02,3.359999999999999814e-04,6.787646599999999641e-02,2.782717100000000124e-02,4.583280900000000213e-02,7.118469520000000328e-01,8.056336590000000575e-01,1.590489200000000033e-02,5.589999999999999673e-05,4.971645000000000231e-03,0.000000000000000000e+00,5.420198459999999718e-01,1.352530060000000089e-01,5.016681229999999658e-01,7.752979530000000397e-01,1.719629219999999903e-01,4.657223659999999987e-01,8.622251899999999747e-01,4.910073629999999745e-01,5.762212450000000485e-01,2.404097380000000117e-01,7.241906750000000059e-01,8.162776670000000401e-01
0.000000000000000000e+00,5.525870100000000729e-02,8.489989600000000247e-02,2.467174249999999902e-01,6.605017670000000729e-01,8.465789379999999476e-01,1.147194859999999955e-01,5.580440700000000032e-02,3.359999999999999814e-04,6.787646599999999641e-02,2.782717100000000124e-02,2.206803200000000131e-02,7.294563459999999777e-01,7.876098999999999739e-01,1.590489200000000033e-02,5.589999999999999673e-05,4.971645000000000231e-03,0.000000000000000000e+00,5.611344959999999826e-01,1.380953790000000181e-01,5.016681229999999658e-01,7.752979530000000397e-01,1.719629219999999903e-01,4.657223659999999987e-01,8.622251899999999747e-01,4.910073629999999745e-01,5.762212450000000485e-01,2.404097380000000117e-01,7.241906750000000059e-01,8.162776670000000401e-01
0.000000000000000000e+00,3.547053700000000337e-02,6.253350900000000101e-02,2.486074579999999756e-01,6.610026530000000511e-01,8.465789379999999476e-01,1.147194859999999955e-01,5.580440700000000032e-02,3.359999999999999814e-04,6.787646599999999641e-02,2.782717100000000124e-02,4.361980000000000024e-02,7.151920320000000331e-01,7.857386499999999829e-01,1.590489200000000033e-02,5.589999999999999673e-05,4.971645000000000231e-03,0.000000000000000000e+00,5.501008809999999860e-01,1.206412980000000079e-01,5.016681229999999658e-01,7.752979530000000397e-01,1.719629219999999903e-01,4.657223659999999987e-01,8.622251899999999747e-01,4.910073629999999745e-01,5.762212450000000485e-01,2.404097380000000117e-01,7.241906750000000059e-01,8.162776670000000401e-01
0.000000000000000000e+00,3.360691100000000320e-02,6.157684299999999916e-02,2.511178699999999653e-01,6.581393480000000684e-01,8.465789379999999476e-01,1.147194859999999955e-01,5.580440700000000032e-02,3.359999999999999814e-04,6.787646599999999641e-02,2.782717100000000124e-02,3.074164000000000063e-02,7.370335850000000466e-01,8.006061060000000396e-01,1.590489200000000033e-02,5.589999999999999673e-05,4.971645000000000231e-03,0.000000000000000000e+00,5.628645869999999718e-01,1.233041410000000060e-01,5.016681229999999658e-01,7.752979530000000397e-01,1.719629219999999903e-01,4.657223659999999987e-01,8.622251899999999747e-01,4.910073629999999745e-01,5.762212450000000485e-01,2.404097380000000117e-01,7.241906750000000059e-01,8.162776670000000401e-01
0.000000000000000000e+00,4.821359500000000492e-02,7.183221800000000323e-02,2.423565039999999726e-01,6.617068799999999973e-01,8.465789379999999476e-01,1.147194859999999955e-01,5.580440700000000032e-02,3.359999999999999814e-04,6.787646599999999641e-02,2.782717100000000124e-02,4.121036999999999617e-02,7.292213819999999735e-01,8.107192930000000075e-01,1.590489200000000033e-02,5.589999999999999673e-05,4.971645000000000231e-03,0.000000000000000000e+00,5.579871699999999768e-01,1.293165970000000053e-01,5.016681229999999658e-01,7.752979530000000397e-01,1.719629219999999903e-01,4.657223659999999987e-01,8.622251899999999747e-01,4.910073629999999745e-01,5.762212450000000485e-01,2.404097380000000117e-01,7.241906750000000059e-01,8.162776670000000401e-01
0.000000000000000000e+00,3.217816500000000163e-02,7.289039399999999724e-02,2.437980929999999935e-01,6.568770150000000640e-01,8.465789379999999476e-01,1.147194859999999955e-01,5.580440700000000032e-02,3.359999999999999814e-04,6.787646599999999641e-02,2.782717100000000124e-02,4.126033999999999952e-02,7.111870960000000741e-01,8.120202499999999990e-01,1.590489200000000033e-02,5.589999999999999673e-05,4.971645000000000231e-03,0.000000000000000000e+00,5.708352629999999817e-01,1.108308350000000164e-01,5.016681229999999658e-01,7.752979530000000397e-01,1.719629219999999903e-01,4.657223659999999987e-01,8.622251899999999747e-01,4.910073629999999745e-01,5.762212450000000485e-01,2.404097380000000117e-01,7.241906750000000059e-01,8.162776670000000401e-01
0.000000000000000000e+00,4.322397099999999992e-02,7.157004399999999933e-02,2.515387219999999924e-01,6.408978780000000874e-01,8.465789379999999476e-01,1.147194859999999955e-01,5.580440700000000032e-02,3.359999999999999814e-04,6.787646599999999641e-02,2.782717100000000124e-02,3.791962899999999637e-02,7.263576630000000423e-01,8.016091269999999769e-01,1.590489200000000033e-02,5.589999999999999673e-05,4.971645000000000231e-03,0.000000000000000000e+00,5.593180549999999807e-01,1.205296760000000023e-01,5.016681229999999658e-01,7.752979530000000397e-01,1.719629219999999903e-01,4.657223659999999987e-01,8.622251899999999747e-01,4.910073629999999745e-01,5.762212450000000485e-01,2.404097380000000117e-01,7.241906750000000059e-01,8.162776670000000401e-01
0.000000000000000000e+00,3.705129500000000492e-02,8.671123399999999815e-02,2.355096259999999719e-01,6.404363140000000065e-01,8.465789379999999476e-01,1.147194859999999955e-01,5.580440700000000032e-02,3.359999999999999814e-04,6.787646599999999641e-02,2.782717100000000124e-02,4.016359599999999586e-02,7.207430000000000225e-01,7.996554140000000643e-01,1.590489200000000033e-02,5.589999999999999673e-05,4.971645000000000231e-03,0.000000000000000000e+00,5.689953899999999898e-01,1.383417550000000107e-01,5.016681229999999658e-01,7.752979530000000397e-01,1.719629219999999903e-01,4.657223659999999987e-01,8.622251899999999747e-01,4.910073629999999745e-01,5.762212450000000485e-01,2.404097380000000117e-01,7.241906750000000059e-01,8.162776670000000401e-01
0.000000000000000000e+00,3.968579900000000771e-02,6.798527199999999937e-02,2.434941169999999822e-01,6.625909500000000119e-01,8.465789379999999476e-01,1.147194859999999955e-01,5.580440700000000032e-02,3.359999999999999814e-04,6.787646599999999641e-02,2.782717100000000124e-02,3.190973099999999674e-02,7.115589110000000161e-01,7.841857920000000481e-01,1.590489200000000033e-02,5.589999999999999673e-05,4.971645000000000231e-03,6.403288999999999509e-03,5.598178689999999680e-01,1.378442460000000036e-01,5.016681229999999658e-01,7.752979530000000397e-01,1.719629219999999903e-01,4.657223659999999987e-01,8.622251899999999747e-01,4.910073629999999745e-01,5.762212450000000485e-01,2.404097380000000117e-01,7.241906750000000059e-01,8.162776670000000401e-01
0.000000000000000000e+00,2.941805900000000334e-02,6.424380300000000210e-02,2.320036009999999760e-01,6.610917960000000093e-01,8.465789379999999476e-01,1.147194859999999955e-01,5.580440700000000032e-02,3.359999999999999814e-04,6.787646599999999641e-02,2.782717100000000124e-02,2.092316500000000051e-02,7.315495440000000515e-01,8.082240160000000451e-01,1.590489200000000033e-02,5.589999999999999673e-05,4.971645000000000231e-03,0.000000000000000000e+00,5.584082360000000023e-01,1.212913820000000031e-01,5.016681229999999658e-01,7.752979530000000397e-01,1.719629219999999903e-01,4.657223659999999987e-01,8.622251899999999747e-01,4.910073629999999745e-01,5.762212450000000485e-01,2.404097380000000117e-01,7.241906750000000059e-01,8.162776670000000401e-01
0.000000000000000000e+00,4.528427200000000041e-02,7.645207499999999434e-02,2.502278569999999980e-01,6.466750380000000353e-01,8.465789379999999476e-01,1.147194859999999955e-01,5.580440700000000032e-02,3.359999999999999814e-04,6.787646599999999641e-02,2.782717100000000124e-02,3.814313999999999899e-02,7.392546580000000089e-01,8.113035120000000600e-01,1.590489200000000033e-02,5.589999999999999673e-05,4.971645000000000231e-03,0.000000000000000000e+00,5.648700639999999495e-01,1.285648320000000178e-01,5.016681229999999658e-01,7.752979530000000397e-01,1.719629219999999903e-01,4.657223659999999987e-01,8.622251899999999747e-01,4.910073629999999745e-01,5.762212450000000485e-01,2.404097380000000117e-01,7.241906750000000059e-01,8.162776670000000401e-01
0.000000000000000000e+00,4.564109800000000494e-02,7.940679100000000434e-02,2.228543619999999725e-01,6.414762300000000916e-01,8.465789379999999476e-01,1.147194859999999955e-01,5.580440700000000032e-02,3.359999999999999814e-04,6.787646599999999641e-02,2.782717100000000124e-02,1.886579799999999613e-02,7.174136570000000379e-01,7.838402859999999972e-01,1.590489200000000033e-02,5.589999999999999673e-05,4.971645000000000231e-03,0.000000000000000000e+00,5.615697769999999922e-01,1.287982010000000010e-01,5.016681229999999658e-01,7.752979530000000397e-01,1.719629219999999903e-01,4.657223659999999987e-01,8.622251899999999747e-01,4.910073629999999745e-01,5.762212450000000485e-01,2.404097380000000117e-01,7.241906750000000059e-01,8.162776670000000401e-01
0.000000000000000000e+00,2.893951700000000488e-02,8.127406400000000697e-02,2.498155479999999706e-01,6.498007590000000055e-01,8.465789379999999476e-01,1.147194859999999955e-01,5.580440700000000032e-02,3.359999999999999814e-04,6.787646599999999641e-02,2.782717100000000124e-02,2.430479299999999815e-02,7.227279349999999880e-01,8.111210749999999692e-01,1.590489200000000033e-02,5.589999999999999673e-05,4.971645000000000231e-03,4.766697999999999769e-03,5.422729450000000062e-01,1.206665630000000045e-01,5.016681229999999658e-01,7.752979530000000397e-01,1.719629219999999903e-01,4.657223659999999987e-01,8.622251899999999747e-01,4.910073629999999745e-01,5.762212450000000485e-01,2.404097380000000117e-01,7.241906750000000059e-01,8.162776670000000401e-01
0.000000000000000000e+00,5.165772500000000156e-02,5.753179499999999669e-02,2.508244809999999880e-01,6.638745000000000340e-01,8.465789379999999476e-01,1.147194859999999955e-01,5.580440700000000032e-02,3.359999999999999814e-04,6.787646599999999641e-02,2.782717100000000124e-02,3.118638099999999913e-02,7.255737260000000299e-01,8.070748939999999871e-01,1.590489200000000033e-02,5.589999999999999673e-05,4.971645000000000231e-03,0.000000000000000000e+00,5.621500320000000217e-01,1.328714220000000168e-01,5.016681229999999658e-01,7.752979530000000397e-01,1.719629219999999903e-01,4.657223659999999987e-01,8.622251899999999747e-01,4.910073629999999745e-01,5.762212450000000485e-01,2.404097380000000117e-01,7.241906750000000059e-01,8.162776670000000401e-01
0.000000000000000000e+00,4.672497500000000192e-02,5.741527199999999637e-02,2.281763279999999838e-01,6.547981670000000420e-01,8.465789379999999476e-01,1.147194859999999955e-01,5.580440700000000032e-02,3.359999999999999814e-04,6.787646599999999641e-02,2.782717100000000124e-02,4.054205699999999940e-02,7.137568930000000034e-01,8.001226169999999804e-01,1.590489200000000033e-02,5.589999999999999673e-05,4.971645000000000231e-03,6.808994999999999978e-03,5.713868319999999557e-01,1.265548570000000206e-01,5.016681229999999658e-01,7.752979530000000397e-01,1.719629219999999903e-01,4.657223659999999987e-01,8.622251899999999747e-01,4.910073629999999745e-01,5.762212450000000485e-01,2.404097380000000117e-01,7.241906750000000059e-01,8.162776670000000401e-01
0.000000000000000000e+00,5.371993500000000338e-02,6.515498799999999702e-02,2.266424539999999932e-01,6.618883650000000340e-01,8.465789379999999476e-01,1.147194859999999955e-01,5.580440700000000032e-02,3.359999999999999814e-04,6.787646599999999641e-02,2.782717100000000124e-02,3.983204699999999543e-02,7.209257770000000454e-01,8.015194829999999770e-01,1.590489200000000033e-02,5.589999999999999673e-05,4.971645000000000231e-03,0.000000000000000000e+00,5.633056579999999869e-01,1.144755430000000129e-01,5.016681229999999658e-01,7.752979530000000397e-01,1.719629219999999903e-01,4.657223659999999987e-01,8.622251899999999747e-01,4.910073629999999745e-01,5.762212450000000485e-01,2.404097380000000117e-01,7.241906750000000059e-01,8.162776670000000401e-01
0.000000000000000000e+00,4.457701600000000403e-02,8.196174400000000304e-02,2.309852719999999915e-01,6.467613200000000839e-01,8.465789379999999476e-01,1.147194859999999955e-01,5.580440700000000032e-02,3.359999999999999814e-04,6.787646599999999641e-02,2.782717100000000124e-02,3.467877899999999985e-02,7.102501340000000329e-01,8.084349180000000024e-01,1.590489200000000033e-02,5.589999999999999673e-05,4.971645000000000231e-03,0.000000000000000000e+00,5.533944549999999518e-01,1.301518259999999982e-01,5.016681229999999658e-01,7.752979530000000397e-01,1.719629219999999903e-01,4.657223659999999987e-01,8.622251899999999747e-01,4.910073629999999745e-01,5.762212450000000485e-01,2.404097380000000117e-01,7.241906750000000059e-01,8.162776670000000401e-01
0.000000000000000000e+00,3.523262700000000247e-02,7.371969800000000017e-02,2.295567929999999812e-01,6.481814000000000187e-01,8.465789379999999476e-01,1.147194859999999955e-01,5.580440700000000032e-02,3.359999999999999814e-04,6.787646599999999641e-02,2.782717100000000124e-02,2.367179800000000084e-02,7.339457180000000802e-01,8.081349859999999996e-01,1.590489200000000033e-02,5.589999999999999673e-05,4.971645000000000231e-03,0.000000000000000000e+00,5.515926449999999370e-01,1.282020970000000148e-01,5.016681229999999658e-01,7.752979530000000397e-01,1.719629219999999903e-01,4.657223659999999987e-01,8.622251899999999747e-01,4.910073629999999745e-01,5.762212450000000485e-01,2.404097380000000117e-01,7.241906750000000059e-01,8.162776670000000401e-01
0.000000000000000000e+00,4.294979000000000158e-02,8.237605000000000621e-02,2.494340509999999900e-01,6.400029660000000620e-01,8.465789379999999476e-01,1.147194859999999955e-01,5.580440700000000032e-02,3.359999999999999814e-04,6.787646599999999641e-02,2.782717100000000124e-02,3.591065300000000071e-02,7.133034129999999973e-01,8.092887050000000526e-01,1.590489200000000033e-02,5.589999999999999673e-05,4.971645000000000231e-03,0.000000000000000000e+00,5.604746879999999987e-01,1.367877940000000181e-01,5.016681229999999658e-01,7.752979530000000397e-01,1.719629219999999903e-01,4.657223659999999987e-01,8.622251899999999747e-01,4.910073629999999745e-01,5.762212450000000485e-01,2.404097380000000117e-01,7.241906750000000059e-01,8.162776670000000401e-01
0.000000000000000000e+00,3.025073800000000618e-02,6.395194499999999616e-02,2.265373659999999900e-01,6.608758519999999859e-01,8.465789379999999476e-01,1.147194859999999955e-01,5.580440700000000032e-02,3.359999999999999814e-04,6.787646599999999641e-02,2.782717100000000124e-02,4.088417099999999693e-02,7.130927380000000593e-01,7.860128910000000468e-01,1.590489200000000033e-02,5.589999999999999673e-05,4.971645000000000231e-03,0.000000000000000000e+00,5.631464259999999777e-01,1.262518620000000202e-01,5.016681229999999658e-01,7.752979530000000397e-01,1.719629219999999903e-01,4.657223659999999987e-01,8.622251899999999747e-01,4.910073629999999745e-01,5.762212450000000485e-01,2.404097380000000117e-01,7.241906750000000059e-01,8.162776670000000401e-01
0.000000000000000000e+00,2.730809000000000014e-02,6.913511799999999541e-02,2.456753149999999775e-01,6.650792050000000621e-01,8.465789379999999476e-01,1.147194859999999955e-01,5.580440700000000032e-02,3.359999999999999814e-04,6.787646599999999641e-02,2.782717100000000124e-02,3.727974300000000407e-02,7.277140500000000012e-01,8.102033640000000370e-01,1.590489200000000033e-02,5.589999999999999673e-05,4.971645000000000231e-03,6.761664999999998302e-03,5.634015850000000381e-01,1.300896900000000078e-01,5.016681229999999658e-01,7.752979530000000397e-01,1.719629219999999903e-01,4.657223659999999987e-01,8.622251899999999747e-01,4.910073629999999745e-01,5.762212450000000485e-01,2.404097380000000117e-01,7.241906750000000059e-01,8.162776670000000401e-01
0.000000000000000000e+00,3.461314500000000488e-02,6.701091300000000528e-02,2.267729859999999820e-01,6.405921770000000404e-01,8.465789379999999476e-01,1.147194859999999955e-01,5.580440700000000032e-02,3.359999999999999814e-04,6.787646599999999641e-02,2.782717100000000124e-02,4.656682799999999761e-02,7.235499389999999753e-01,8.126809249999999984e-01,1.590489200000000033e-02,5.589999999999999673e-05,4.971645000000000231e-03,0.000000000000000000e+00,5.491146940000000143e-01,1.296336350000000248e-01,5.016681229999999658e-01,7.752979530000000397e-01,1.719629219999999903e-01,4.657223659999999987e-01,8.622251899999999747e-01,4.910073629999999745e-01,5.762212450000000485e-01,2.404097380000000117e-01,7.241906750000000059e-01,8.162776670000000401e-01
0.000000000000000000e+00,3.849283600000000249e-02,7.106135199999999430e-02,2.372499239999999732e-01,6.638182780000000394e-01,8.465789379999999476e-01,1.147194859999999955e-01,5.580440700000000032e-02,3.359999999999999814e-04,6.787646599999999641e-02,2.782717100000000124e-02,4.339095399999999547e-02,7.301005400000000201e-01,8.032969899999999885e-01,1.590489200000000033e-02,5.589999999999999673e-05,4.971645000000000231e-03,4.558980999999998410e-03,5.635457240000000256e-01,1.227400440000000065e-01,5.016681229999999658e-01,7.752979530000000397e-01,1.719629219999999903e-01,4.657223659999999987e-01,8.622251899999999747e-01,4.910073629999999745e-01,5.762212450000000485e-01,2.404097380000000117e-01,7.241906750000000059e-01,8.162776670000000401e-01
0.000000000000000000e+00,4.219117199999999901e-02,7.532115000000000338e-02,2.443305609999999739e-01,6.641733910000000574e-01,8.465789379999999476e-01,1.147194859999999955e-01,5.580440700000000032e-02,3.359999999999999814e-04,6.787646599999999641e-02,2.782717100000000124e-02,2.154451500000000019e-02,7.180622760000000548e-01,8.079805479999999651e-01,1.590489200000000033e-02,5.589999999999999673e-05,4.971645000000000231e-03,3.237130999999998995e-03,5.517894079999999812e-01,1.239182850000000169e-01,5.016681229999999658e-01,7.752979530000000397e-01,1.719629219999999903e-01,4.657223659999999987e-01,8.622251899999999747e-01,4.910073629999999745e-01,5.762212450000000485e-01,2.404097380000000117e-01,7.241906750000000059e-01,8.162776670000000401e-01
0.000000000000000000e+00,3.413417900000000060e-02,7.391493999999999842e-02,2.416087059999999787e-01,6.491632830000000354e-01,8.465789379999999476e-01,1.147194859999999955e-01,5.580440700000000032e-02,3.359999999999999814e-04,6.787646599999999641e-02,2.782717100000000124e-02,4.606681299999999812e-02,7.332241840000000010e-01,7.890942309999999793e-01,1.590489200000000033e-02,5.589999999999999673e-05,4.971645000000000231e-03,8.657600000000001406e-04,5.670756080000000088e-01,1.243972320000000104e-01,5.016681229999999658e-01,7.752979530000000397e-01,1.719629219999999903e-01,4.657223659999999987e-01,8.622251899999999747e-01,4.910073629999999745e-01,5.762212450000000485e-01,2.404097380000000117e-01,7.241906750000000059e-01,8.162776670000000401e-01
0.000000000000000000e+00,3.634329000000000032e-02,6.012018999999999697e-02,2.399954769999999848e-01,6.528184679999999851e-01,8.465789379999999476e-01,1.147194859999999955e-01,5.580440700000000032e-02,3.359999999999999814e-04,6.787646599999999641e-02,2.782717100000000124e-02,4.319150299999999915e-02,7.385883400000000654e-01,8.092190479999999964e-01,1.590489200000000033e-02,5.589999999999999673e-05,4.971645000000000231e-03,3.687629999999999034e-03,5.641005019999999481e-01,1.350583870000000020e-01,5.016681229999999658e-01,7.752979530000000397e-01,1.719629219999999903e-01,4.657223659999999987e-01,8.622251899999999747e-01,4.910073629999999745e-01,5.762212450000000485e-01,2.404097380000000117e-01,7.241906750000000059e-01,8.162776670000000401e-01
0.000000000000000000e+00,5.041615200000000574e-02,6.899200599999999461e-02,2.341678319999999924e-01,6.483707520000000502e-01,8.465789379999999476e-01,1.147194859999999955e-01,5.580440700000000032e-02,3.359999999999999814e-04,6.787646599999999641e-02,2.782717100000000124e-02,2.955183499999999852e-02,7.231952260000000798e-01,8.117861219999999989e-01,1.590489200000000033e-02,5.589999999999999673e-05,4.971645000000000231e-03,0.000000000000000000e+00,5.689063989999999515e-01,1.115285530000000025e-01,5.016681229999999658e-01,7.752979530000000397e-01,1.719629219999999903e-01,4.657223659999999987e-01,8.622251899999999747e-01,4.910073629999999745e-01,5.762212450000000485e-01,2.404097380000000117e-01,7.241906750000000059e-01,8.162776670000000401e-01
0.000000000000000000e+00,4.783155199999999940e-02,7.967570699999999839e-02,2.436915349999999869e-01,6.583457160000000252e-01,8.465789379999999476e-01,1.147194859999999955e-01,5.580440700000000032e-02,3.359999999999999814e-04,6.787646599999999641e-02,2.782717100000000124e-02,4.033807799999999943e-02,7.329499609999999832e-01,7.959044499999999855e-01,1.590489200000000033e-02,5.589999999999999673e-05,4.971645000000000231e-03,0.000000000000000000e+00,5.694381979999999510e-01,1.266969930000000077e-01,5.016681229999999658e-01,7.752979530000000397e-01,1.719629219999999903e-01,4.657223659999999987e-01,8.622251899999999747e-01,4.910073629999999745e-01,5.762212450000000485e-01,2.404097380000000117e-01,7.241906750000000059e-01,8.162776670000000401e-01
0.000000000000000000e+00,3.992495800000000344e-02,8.091816100000000234e-02,2.300137889999999685e-01,6.576157750000000135e-01,8.465789379999999476e-01,1.147194859999999955e-01,5.580440700000000032e-02,3.359999999999999814e-04,6.787646599999999641e-02,2.782717100000000124e-02,2.608852199999999941e-02,7.284411350000000729e-01,7.904714189999999530e-01,1.590489200000000033e-02,5.589999999999999673e-05,4.971645000000000231e-03,0.000000000000000000e+00,5.428812910000000436e-01,1.332846830000000149e-01,5.016681229999999658e-01,7.752979530000000397e-01,1.719629219999999903e-01,4.657223659999999987e-01,8.622251899999999747e-01,4.910073629999999745e-01,5.762212450000000485e-01,2.404097380000000117e-01,7.241906750000000059e-01,8.162776670000000401e-01
0.000000000000000000e+00,4.584475400000000145e-02,7.406030399999999347e-02,2.518964009999999920e-01,6.692547670000000837e-01,8.465789379999999476e-01,1.147194859999999955e-01,5.580440700000000032e-02,3.359999999999999814e-04,6.787646599999999641e-02,2.782717100000000124e-02,4.596028399999999708e-02,7.245166769999999978e-01,8.067549809999999821e-01,1.590489200000000033e-02,5.589999999999999673e-05,4.971645000000000231e-03,0.000000000000000000e+00,5.437815769999999604e-01,1.336853720000000245e-01,5.016681229999999658e-01,7.752979530000000397e-01,1.719629219999999903e-01,4.657223659999999987e-01,8.622251899999999747e-01,4.910073629999999745e-01,5.762212450000000485e-01,2.404097380000000117e-01,7.241906750000000059e-01,8.162776670000000401e-01
0.000000000000000000e+00,4.425775100000000489e-02,7.017416099999999879e-02,2.397528409999999943e-01,6.452173330000000595e-01,8.465789379999999476e-01,1.147194859999999955e-01,5.580440700000000032e-02,3.359999999999999814e-04,6.787646599999999641e-02,2.782717100000000124e-02,3.651247800000000099e-02,7.279347110000000676e-01,8.086279309999999665e-01,1.590489200000000033e-02,5.589999999999999673e-05,4.971645000000000231e-03,0.000000000000000000e+00,5.629193679999999755e-01,1.165243480000000137e-01,5.016681229999999658e-01,7.752979530000000397e-01,1.719629219999999903e-01,4.657223659999999987e-01,8.622251899999999747e-01,4.910073629999999745e-01,5.762212450000000485e-01,2.404097380000000117e-01,7.241906750000000059e-01,8.162776670000000401e-01
0.000000000000000000e+00,5.354142200000000518e-02,7.235228800000000071e-02,2.442540999999999740e-01,6.471762320000000734e-01,8.465789379999999476e-01,1.147194859999999955e-01,5.580440700000000032e-02,3.359999999999999814e-04,6.787646599999999641e-02,2.782717100000000124e-02,3.515534099999999967e-02,7.233303870000000746e-01,7.864739490000000055e-01,1.590489200000000033e-02,5.589999999999999673e-05,4.971645000000000231e-03,0.000000000000000000e+00,5.447463160000000082e-01,1.327721600000000002e-01,5.016681229999999658e-01,7.752979530000000397e-01,1.719629219999999903e-01,4.657223659999999987e-01,8.622251899999999747e-01,4.910073629999999745e-01,5.762212450000000485e-01,2.404097380000000117e-01,7.241906750000000059e-01,8.162776670000000401e-01
0.000000000000000000e+00,3.722651999999999906e-02,8.118517199999999989e-02,2.357338279999999786e-01,6.558885580000000104e-01,8.465789379999999476e-01,1.147194859999999955e-01,5.580440700000000032e-02,3.359999999999999814e-04,6.787646599999999641e-02,2.782717100000000124e-02,3.842592599999999914e-02,7.290031650000000640e-01,8.008757210000000404e-01,1.590489200000000033e-02,5.589999999999999673e-05,4.971645000000000231e-03,0.000000000000000000e+00,5.585647289999999821e-01,1.247287910000000055e-01,5.016681229999999658e-01,7.752979530000000397e-01,1.719629219999999903e-01,4.657223659999999987e-01,8.622251899999999747e-01,4.910073629999999745e-01,5.762212450000000485e-01,2.404097380000000117e-01,7.241906750000000059e-01,8.162776670000000401e-01
0.000000000000000000e+00,4.103196900000000147e-02,8.004969900000000194e-02,2.426261209999999724e-01,6.439925080000000746e-01,8.465789379999999476e-01,1.147194859999999955e-01,5.580440700000000032e-02,3.359999999999999814e-04,6.787646599999999641e-02,2.782717100000000124e-02,3.261744999999999922e-02,7.204742020000000080e-01,7.856638879999999769e-01,1.590489200000000033e-02,5.589999999999999673e-05,4.971645000000000231e-03,4.042720999999999121e-03,5.510094159999999741e-01,1.379453780000000074e-01,5.016681229999999658e-01,7.752979530000000397e-01,1.719629219999999903e-01,4.657223659999999987e-01,8.622251899999999747e-01,4.910073629999999745e-01,5.762212450000000485e-01,2.404097380000000117e-01,7.241906750000000059e-01,8.162776670000000401e-01
0.000000000000000000e+00,2.993225800000000325e-02,6.466284499999999658e-02,2.278258769999999822e-01,6.480982960000000181e-01,8.465789379999999476e-01,1.147194859999999955e-01,5.580440700000000032e-02,3.359999999999999814e-04,6.787646599999999641e-02,2.782717100000000124e-02,2.772688899999999762e-02,7.321116240000000719e-01,8.087030370000000135e-01,1.590489200000000033e-02,5.589999999999999673e-05,4.971645000000000231e-03,3.114160999999998972e-03,5.582405980000000323e-01,1.117793050000000094e-01,5.016681229999999658e-01,7.752979530000000397e-01,1.719629219999999903e-01,4.657223659999999987e-01,8.622251899999999747e-01,4.910073629999999745e-01,5.762212450000000485e-01,2.404097380000000117e-01,7.241906750000000059e-01,8.162776670000000401e-01
0.000000000000000000e+00,4.804785100000000253e-02,7.675118400000000007e-02,2.419943899999999759e-01,6.420748190000000744e-01,8.465789379999999476e-01,1.147194859999999955e-01,5.580440700000000032e-02,3.359999999999999814e-04,6.787646599999999641e-02,2.782717100000000124e-02,3.624763899999999817e-02,7.380465000000000497e-01,7.924876720000000319e-01,1.590489200000000033e-02,5.589999999999999673e-05,4.971645000000000231e-03,0.000000000000000000e+00,5.436135859999999820e-01,1.121207600000000137e-01,5.016681229999999658e-01,7.752979530000000397e-01,1.719629219999999903e-01,4.657223659999999987e-01,8.622251899999999747e-01,4.910073629999999745e-01,5.762212450000000485e-01,2.404097380000000117e-01,7.241906750000000059e-01,8.162776670000000401e-01
0.000000000000000000e+00,4.360034499999999869e-02,7.749099299999999413e-02,2.239858499999999863e-01,6.644135530000000456e-01,8.465789379999999476e-01,1.147194859999999955e-01,5.580440700000000032e-02,3.359999999999999814e-04,6.787646599999999641e-02,2.782717100000000124e-02,4.287770700000000101e-02,7.161103260000000192e-01,7.928686240000000218e-01,1.590489200000000033e-02,5.589999999999999673e-05,4.971645000000000231e-03,5.797646999999999523e-03,5.683203770000000432e-01,1.124691640000000104e-01,5.016681229999999658e-01,7.752979530000000397e-01,1.719629219999999903e-01,4.657223659999999987e-01,8.622251899999999747e-01,4.910073629999999745e-01,5.762212450000000485e-01,2.404097380000000117e-01,7.241906750000000059e-01,8.162776670000000401e-01
0.000000000000000000e+00,3.952472199999999825e-02,7.626636000000000526e-02,2.306702019999999909e-01,6.549919480000000460e-01,8.465789379999999476e-01,1.147194859999999955e-01,5.580440700000000032e-02,3.359999999999999814e-04,6.787646599999999641e-02,2.782717100000000124e-02,3.670463699999999829e-02,7.153551719999999836e-01,7.833952180000000043e-01,1.590489200000000033e-02,5.589999999999999673e-05,4.971645000000000231e-03,7.348579999999979573e-04,5.581165000000000154e-01,1.256935410000000197e-01,5.016681229999999658e-01,7.752979530000000397e-01,1.719629219999999903e-01,4.657223659999999987e-01,8.622251899999999747e-01,4.910073629999999745e-01,5.762212450000000485e-01,2.404097380000000117e-01,7.241906750000000059e-01,8.162776670000000401e-01
0.000000000000000000e+00,4.343440700000000820e-02,7.923052499999999609e-02,2.439076729999999915e-01,6.442949440000000916e-01,8.465789379999999476e-01,1.147194859999999955e-01,5.580440700000000032e-02,3.359999999999999814e-04,6.787646599999999641e-02,2.782717100000000124e-02,2.712225799999999978e-02,7.110551960000000005e-01,8.108298689999999809e-01,1.590489200000000033e-02,5.589999999999999673e-05,4.971645000000000231e-03,0.000000000000000000e+00,5.604505869999999446e-01,1.125749170000000104e-01,5.016681229999999658e-01,7.752979530000000397e-01,1.719629219999999903e-01,4.657223659999999987e-01,8.622251899999999747e-01,4.910073629999999745e-01,5.762212450000000485e-01,2.404097380000000117e-01,7.241906750000000059e-01,8.162776670000000401e-01
0.000000000000000000e+00,3.819997600000000354e-02,7.856693000000000704e-02,2.409251429999999805e-01,6.470931040000000856e-01,8.465789379999999476e-01,1.147194859999999955e-01,5.580440700000000032e-02,3.359999999999999814e-04,6.787646599999999641e-02,2.782717100000000124e-02,1.708189899999999761e-02,7.298217799999999755e-01,7.995353699999999675e-01,1.590489200000000033e-02,5.589999999999999673e-05,4.971645000000000231e-03,4.915572999999999471e-03,5.704802580000000178e-01,1.268344880000000230e-01,5.016681229999999658e-01,7.752979530000000397e-01,1.719629219999999903e-01,4.657223659999999987e-01,8.622251899999999747e-01,4.910073629999999745e-01,5.762212450000000485e-01,2.404097380000000117e-01,7.241906750000000059e-01,8.162776670000000401e-01
0.000000000000000000e+00,4.950686700000000301e-02,7.123438199999999887e-02,2.401764869999999941e-01,6.522535820000000539e-01,8.465789379999999476e-01,1.147194859999999955e-01,5.580440700000000032e-02,3.359999999999999814e-04,6.787646599999999641e-02,2.782717100000000124e-02,3.779377200000000325e-02,7.170604810000000828e-01,7.893443940000000048e-01,1.590489200000000033e-02,5.589999999999999673e-05,4.971645000000000231e-03,0.000000000000000000e+00,5.550695959999999429e-01,1.174385350000000106e-01,5.016681229999999658e-01,7.752979530000000397e-01,1.719629219999999903e-01,4.657223659999999987e-01,8.622251899999999747e-01,4.910073629999999745e-01,5.762212450000000485e-01,2.404097380000000117e-01,7.241906750000000059e-01,8.162776670000000401e-01
0.000000000000000000e+00,2.725094300000000663e-02,8.648161000000000043e-02,2.511910679999999618e-01,6.473443340000000212e-01,8.465789379999999476e-01,1.147194859999999955e-01,5.580440700000000032e-02,3.359999999999999814e-04,6.787646599999999641e-02,2.782717100000000124e-02,2.216689499999999896e-02,7.338284070000000714e-01,7.948559099999999988e-01,1.590489200000000033e-02,5.589999999999999673e-05,4.971645000000000231e-03,0.000000000000000000e+00,5.465412849999999878e-01,1.099893720000000019e-01,5.016681229999999658e-01,7.752979530000000397e-01,1.719629219999999903e-01,4.657223659999999987e-01,8.622251899999999747e-01,4.910073629999999745e-01,5.762212450000000485e-01,2.404097380000000117e-01,7.241906750000000059e-01,8.162776670000000401e-01
0.000000000000000000e+00,3.695261900000000599e-02,6.002447899999999864e-02,2.433287359999999899e-01,6.598028559999999931e-01,8.465789379999999476e-01,1.147194859999999955e-01,5.580440700000000032e-02,3.359999999999999814e-04,6.787646599999999641e-02,2.782717100000000124e-02,2.245773300000000056e-02,7.350151719999999944e-01,7.895023690000000371e-01,1.590489200000000033e-02,5.589999999999999673e-05,4.971645000000000231e-03,0.000000000000000000e+00,5.565377080000000198e-01,1.374214620000000220e-01,5.016681229999999658e-01,7.752979530000000397e-01,1.719629219999999903e-01,4.657223659999999987e-01,8.622251899999999747e-01,4.910073629999999745e-01,5.762212450000000485e-01,2.404097380000000117e-01,7.241906750000000059e-01,8.162776670000000401e-01
0.000000000000000000e+00,5.389313500000000173e-02,6.555381199999998909e-02,2.343778359999999783e-01,6.508594510000000888e-01,8.465789379999999476e-01,1.147194859999999955e-01,5.580440700000000032e-02,3.359999999999999814e-04,6.787646599999999641e-02,2.782717100000000124e-02,3.913367699999999866e-02,7.219527450000000623e-01,8.041776200000000374e-01,1.590489200000000033e-02,5.589999999999999673e-05,4.971645000000000231e-03,0.000000000000000000e+00,5.657474190000000291e-01,1.146247200000000133e-01,5.016681229999999658e-01,7.752979530000000397e-01,1.719629219999999903e-01,4.657223659999999987e-01,8.622251899999999747e-01,4.910073629999999745e-01,5.762212450000000485e-01,2.404097380000000117e-01,7.241906750000000059e-01,8.162776670000000401e-01
0.000000000000000000e+00,5.185077500000000172e-02,6.121238099999999627e-02,2.482975499999999780e-01,6.622975349999999928e-01,8.465789379999999476e-01,1.147194859999999955e-01,5.580440700000000032e-02,3.359999999999999814e-04,6.787646599999999641e-02,2.782717100000000124e-02,2.416566900000000073e-02,7.193297459999999921e-01,7.839364629999999723e-01,1.590489200000000033e-02,5.589999999999999673e-05,4.971645000000000231e-03,0.000000000000000000e+00,5.483955130000000011e-01,1.355481159999999963e-01,5.016681229999999658e-01,7.752979530000000397e-01,1.719629219999999903e-01,4.657223659999999987e-01,8.622251899999999747e-01,4.910073629999999745e-01,5.762212450000000485e-01,2.404097380000000117e-01,7.241906750000000059e-01,8.162776670000000401e-01
0.000000000000000000e+00,2.775753000000000248e-02,8.268039500000000375e-02,2.383803449999999935e-01,6.687645779999999984e-01,8.465789379999999476e-01,1.147194859999999955e-01,5.580440700000000032e-02,3.359999999999999814e-04,6.787646599999999641e-02,2.782717100000000124e-02,3.108869400000000005e-02,7.142802850000000703e-01,7.956548180000000414e-01,1.590489200000000033e-02,5.589999999999999673e-05,4.971645000000000231e-03,0.000000000000000000e+00,5.529764019999999780e-01,1.291610060000000226e-01,5.016681229999999658e-01,7.752979530000000397e-01,1.719629219999999903e-01,4.657223659999999987e-01,8.622251899999999747e-01,4.910073629999999745e-01,5.762212450000000485e-01,2.404097380000000117e-01,7.241906750000000059e-01,8.162776670000000401e-01
0.000000000000000000e+00,3.614044600000000662e-02,7.047858899999999427e-02,2.364869439999999767e-01,6.657593500000000830e-01,8.465789379999999476e-01,1.147194859999999955e-01,5.580440700000000032e-02,3.359999999999999814e-04,6.787646599999999641e-02,2.782717100000000124e-02,1.931439399999999862e-02,7.291438319999999917e-01,7.905676329999999918e-01,1.590489200000000033e-02,5.589999999999999673e-05,4.971645000000000231e-03,0.000000000000000000e+00,5.423871479999999856e-01,1.185983080000000134e-01,5.016681229999999658e-01,7.752979530000000397e-01,1.719629219999999903e-01,4.657223659999999987e-01,8.622251899999999747e-01,4.910073629999999745e-01,5.762212450000000485e-01,2.404097380000000117e-01,7.241906750000000059e-01,8.162776670000000401e-01
0.000000000000000000e+00,2.682805800000000185e-02,5.912061899999999925e-02,2.240554309999999716e-01,6.396536630000000390e-01,8.465789379999999476e-01,1.147194859999999955e-01,5.580440700000000032e-02,3.359999999999999814e-04,6.787646599999999641e-02,2.782717100000000124e-02,2.971908300000000031e-02,7.171406439999999938e-01,7.938773199999999974e-01,1.590489200000000033e-02,5.589999999999999673e-05,4.971645000000000231e-03,0.000000000000000000e+00,5.485054089999999993e-01,1.342446899999999999e-01,5.016681229999999658e-01,7.752979530000000397e-01,1.719629219999999903e-01,4.657223659999999987e-01,8.622251899999999747e-01,4.910073629999999745e-01,5.762212450000000485e-01,2.404097380000000117e-01,7.241906750000000059e-01,8.162776670000000401e-01
0.000000000000000000e+00,4.587374100000000260e-02,6.172140500000000002e-02,2.472143659999999910e-01,6.685792820000000525e-01,8.465789379999999476e-01,1.147194859999999955e-01,5.580440700000000032e-02,3.359999999999999814e-04,6.787646599999999641e-02,2.782717100000000124e-02,4.303046499999999691e-02,7.235814879999999949e-01,7.829956380000000493e-01,1.590489200000000033e-02,5.589999999999999673e-05,4.971645000000000231e-03,0.000000000000000000e+00,5.421965699999999888e-01,1.274596270000000198e-01,5.016681229999999658e-01,7.752979530000000397e-01,1.719629219999999903e-01,4.657223659999999987e-01,8.622251899999999747e-01,4.910073629999999745e-01,5.762212450000000485e-01,2.404097380000000117e-01,7.241906750000000059e-01,8.162776670000000401e-01
0.000000000000000000e+00,3.711352000000000401e-02,8.189097600000000421e-02,2.226185829999999810e-01,6.691791230000000423e-01,8.465789379999999476e-01,1.147194859999999955e-01,5.580440700000000032e-02,3.359999999999999814e-04,6.787646599999999641e-02,2.782717100000000124e-02,3.093002699999999883e-02,7.257524570000000175e-01,7.982451740000000573e-01,1.590489200000000033e-02,5.589999999999999673e-05,4.971645000000000231e-03,0.000000000000000000e+00,5.444715529999999415e-01,1.255974870000000077e-01,5.016681229999999658e-01,7.752979530000000397e-01,1.719629219999999903e-01,4.657223659999999987e-01,8.622251899999999747e-01,4.910073629999999745e-01,5.762212450000000485e-01,2.404097380000000117e-01,7.241906750000000059e-01,8.162776670000000401e-01
0.000000000000000000e+00,4.384214599999999851e-02,6.933566499999999078e-02,2.518099729999999647e-01,6.694689810000000740e-01,8.465789379999999476e-01,1.147194859999999955e-01,5.580440700000000032e-02,3.359999999999999814e-04,6.787646599999999641e-02,2.782717100000000124e-02,4.004966899999999608e-02,7.371227909999999994e-01,7.977316779999999996e-01,1.590489200000000033e-02,5.589999999999999673e-05,4.971645000000000231e-03,0.000000000000000000e+00,5.712434210000000290e-01,1.282166530000000138e-01,5.016681229999999658e-01,7.752979530000000397e-01,1.719629219999999903e-01,4.657223659999999987e-01,8.622251899999999747e-01,4.910073629999999745e-01,5.762212450000000485e-01,2.404097380000000117e-01,7.241906750000000059e-01,8.162776670000000401e-01
0.000000000000000000e+00,2.672186400000000489e-02,8.542818300000000475e-02,2.463071409999999795e-01,6.556423190000000290e-01,8.465789379999999476e-01,1.147194859999999955e-01,5.580440700000000032e-02,3.359999999999999814e-04,6.787646599999999641e-02,2.782717100000000124e-02,4.228320099999999943e-02,7.362443200000000632e-01,7.921452270000000073e-01,1.590489200000000033e-02,5.589999999999999673e-05,4.971645000000000231e-03,0.000000000000000000e+00,5.709456899999999502e-01,1.144112720000000083e-01,5.016681229999999658e-01,7.752979530000000397e-01,1.719629219999999903e-01,4.657223659999999987e-01,8.622251899999999747e-01,4.910073629999999745e-01,5.762212450000000485e-01,2.404097380000000117e-01,7.241906750000000059e-01,8.162776670000000401e-01
0.000000000000000000e+00,5.479591400000000112e-02,7.825198899999999402e-02,2.283689429999999909e-01,6.634895510000000662e-01,8.465789379999999476e-01,1.147194859999999955e-01,5.580440700000000032e-02,3.359999999999999814e-04,6.787646599999999641e-02,2.782717100000000124e-02,2.905013399999999829e-02,7.148448360000000390e-01,8.073307499999999859e-01,1.590489200000000033e-02,5.589999999999999673e-05,4.971645000000000231e-03,0.000000000000000000e+00,5.687636389999999320e-01,1.231355860000000052e-01,5.016681229999999658e-01,7.752979530000000397e-01,1.719629219999999903e-01,4.657223659999999987e-01,8.622251899999999747e-01,4.910073629999999745e-01,5.762212450000000485e-01,2.404097380000000117e-01,7.241906750000000059e-01,8.162776670000000401e-01
0.000000000000000000e+00,5.576094300000000725e-02,7.866038499999999933e-02,2.514429229999999849e-01,6.601327949999999944e-01,8.465789379999999476e-01,1.147194859999999955e-01,5.580440700000000032e-02,3.359999999999999814e-04,6.787646599999999641e-02,2.782717100000000124e-02,2.910700800000000019e-02,7.101360549999999883e-01,8.040248359999999650e-01,1.590489200000000033e-02,5.589999999999999673e-05,4.971645000000000231e-03,1.984856999999999594e-03,5.446843809999999397e-01,1.158900870000000027e-01,5.016681229999999658e-01,7.752979530000000397e-01,1.719629219999999903e-01,4.657223659999999987e-01,8.622251899999999747e-01,4.910073629999999745e-01,5.762212450000000485e-01,2.404097380000000117e-01,7.241906750000000059e-01,8.162776670000000401e-01
0.000000000000000000e+00,4.716423200000000038e-02,7.071091599999999866e-02,2.316535559999999827e-01,6.661475370000000673e-01,8.465789379999999476e-01,1.147194859999999955e-01,5.580440700000000032e-02,3.359999999999999814e-04,6.787646599999999641e-02,2.782717100000000124e-02,1.976562500000000194e-02,7.296022170000000528e-01,8.048453720000000589e-01,1.590489200000000033e-02,5.589999999999999673e-05,4.971645000000000231e-03,0.000000000000000000e+00,5.577627680000000199e-01,1.177550800000000120e-01,5.016681229999999658e-01,7.752979530000000397e-01,1.719629219999999903e-01,4.657223659999999987e-01,8.622251899999999747e-01,4.910073629999999745e-01,5.762212450000000485e-01,2.404097380000000117e-01,7.241906750000000059e-01,8.162776670000000401e-01
0.000000000000000000e+00,3.425419300000000222e-02,7.462461200000000683e-02,2.286069009999999735e-01,6.504411039999999922e-01,8.465789379999999476e-01,1.147194859999999955e-01,5.580440700000000032e-02,3.359999999999999814e-04,6.787646599999999641e-02,2.782717100000000124e-02,3.243407300000000076e-02,7.389589880000000388e-01,7.971553559999999816e-01,1.590489200000000033e-02,5.589999999999999673e-05,4.971645000000000231e-03,0.000000000000000000e+00,5.570799969999999934e-01,1.368925440000000049e-01,5.016681229999999658e-01,7.752979530000000397e-01,1.719629219999999903e-01,4.657223659999999987e-01,8.622251899999999747e-01,4.910073629999999745e-01,5.762212450000000485e-01,2.404097380000000117e-01,7.241906750000000059e-01,8.162776670000000401e-01
0.000000000000000000e+00,4.016269100000000036e-02,8.329021799999999920e-02,2.248486559999999801e-01,6.497953149999999845e-01,8.465789379999999476e-01,1.147194859999999955e-01,5.580440700000000032e-02,3.359999999999999814e-04,6.787646599999999641e-02,2.782717100000000124e-02,2.021544399999999908e-02,7.158915610000000651e-01,7.950182550000000070e-01,1.590489200000000033e-02,5.589999999999999673e-05,4.971645000000000231e-03,0.000000000000000000e+00,5.452922000000000047e-01,1.093363130000000183e-01,5.016681229999999658e-01,7.752979530000000397e-01,1.719629219999999903e-01,4.657223659999999987e-01,8.622251899999999747e-01,4.910073629999999745e-01,5.762212450000000485e-01,2.404097380000000117e-01,7.241906750000000059e-01,8.162776670000000401e-01
0.000000000000000000e+00,3.660703200000000462e-02,6.779973899999999776e-02,2.424405119999999969e-01,6.457576900000000508e-01,8.465789379999999476e-01,1.147194859999999955e-01,5.580440700000000032e-02,3.359999999999999814e-04,6.787646599999999641e-02,2.782717100000000124e-02,4.098518699999999931e-02,7.147269379999999783e-01,7.968709929999999719e-01,1.590489200000000033e-02,5.589999999999999673e-05,4.971645000000000231e-03,0.000000000000000000e+00,5.536679719999999527e-01,1.280615880000000040e-01,5.016681229999999658e-01,7.752979530000000397e-01,1.719629219999999903e-01,4.657223659999999987e-01,8.622251899999999747e-01,4.910073629999999745e-01,5.762212450000000485e-01,2.404097380000000117e-01,7.241906750000000059e-01,8.162776670000000401e-01
0.000000000000000000e+00,3.624436500000000061e-02,7.301311199999999113e-02,2.513677159999999633e-01,6.596026390000000461e-01,8.465789379999999476e-01,1.147194859999999955e-01,5.580440700000000032e-02,3.359999999999999814e-04,6.787646599999999641e-02,2.782717100000000124e-02,2.946100599999999792e-02,7.285909630000000359e-01,7.911585850000000253e-01,1.590489200000000033e-02,5.589999999999999673e-05,4.971645000000000231e-03,7.255057999999999993e-03,5.532188980000000145e-01,1.305380630000000097e-01,5.016681229999999658e-01,7.752979530000000397e-01,1.719629219999999903e-01,4.657223659999999987e-01,8.622251899999999747e-01,4.910073629999999745e-01,5.762212450000000485e-01,2.404097380000000117e-01,7.241906750000000059e-01,8.162776670000000401e-01
0.000000000000000000e+00,5.199784200000000245e-02,7.804728299999999508e-02,2.335049229999999754e-01,6.588972870000000537e-01,8.465789379999999476e-01,1.147194859999999955e-01,5.580440700000000032e-02,3.359999999999999814e-04,6.787646599999999641e-02,2.782717100000000124e-02,3.825179499999999816e-02,7.309822060000000787e-01,8.094009859999999890e-01,1.590489200000000033e-02,5.589999999999999673e-05,4.971645000000000231e-03,0.000000000000000000e+00,5.575667539999999978e-01,1.242745000000000100e-01,5.016681229999999658e-01,7.752979530000000397e-01,1.719629219999999903e-01,4.657223659999999987e-01,8.622251899999999747e-01,4.910073629999999745e-01,5.762212450000000485e-01,2.404097380000000117e-01,7.241906750000000059e-01,8.162776670000000401e-01
0.000000000000000000e+00,4.637782099999999963e-02,7.767331099999999489e-02,2.233222649999999920e-01,6.435118630000000728e-01,8.465789379999999476e-01,1.147194859999999955e-01,5.580440700000000032e-02,3.359999999999999814e-04,6.787646599999999641e-02,2.782717100000000124e-02,2.471852899999999603e-02,7.286433660000000145e-01,7.884552209999999839e-01,1.590489200000000033e-02,5.589999999999999673e-05,4.971645000000000231e-03,0.000000000000000000e+00,5.664007879999999329e-01,1.235376730000000145e-01,5.016681229999999658e-01,7.752979530000000397e-01,1.719629219999999903e-01,4.657223659999999987e-01,8.622251899999999747e-01,4.910073629999999745e-01,5.762212450000000485e-01,2.404097380000000117e-01,7.241906750000000059e-01,8.162776670000000401e-01
0.000000000000000000e+00,2.986154200000000480e-02,8.324788799999999211e-02,2.507166559999999822e-01,6.502560820000000685e-01,8.465789379999999476e-01,1.147194859999999955e-01,5.580440700000000032e-02,3.359999999999999814e-04,6.787646599999999641e-02,2.782717100000000124e-02,3.251707300000000050e-02,7.189492710000000564e-01,8.042066890000000301e-01,1.590489200000000033e-02,5.589999999999999673e-05,4.971645000000000231e-03,0.000000000000000000e+00,5.542105560000000208e-01,1.134261950000000074e-01,5.016681229999999658e-01,7.752979530000000397e-01,1.719629219999999903e-01,4.657223659999999987e-01,8.622251899999999747e-01,4.910073629999999745e-01,5.762212450000000485e-01,2.404097380000000117e-01,7.241906750000000059e-01,8.162776670000000401e-01
0.000000000000000000e+00,4.653533500000000406e-02,5.989868599999999960e-02,2.391253699999999760e-01,6.682364010000000354e-01,8.465789379999999476e-01,1.147194859999999955e-01,5.580440700000000032e-02,3.359999999999999814e-04,6.787646599999999641e-02,2.782717100000000124e-02,4.488391299999999751e-02,7.353272760000000297e-01,7.899336430000000187e-01,1.590489200000000033e-02,5.589999999999999673e-05,4.971645000000000231e-03,7.376260999999998541e-03,5.669437569999999926e-01,1.343530539999999995e-01,5.016681229999999658e-01,7.752979530000000397e-01,1.719629219999999903e-01,4.657223659999999987e-01,8.622251899999999747e-01,4.910073629999999745e-01,5.762212450000000485e-01,2.404097380000000117e-01,7.241906750000000059e-01,8.162776670000000401e-01
0.000000000000000000e+00,3.265890700000000091e-02,7.261857600000000412e-02,2.234912139999999936e-01,6.535655049999999910e-01,8.465789379999999476e-01,1.147194859999999955e-01,5.580440700000000032e-02,3.359999999999999814e-04,6.787646599999999641e-02,2.782717100000000124e-02,2.930513900000000088e-02,7.252935940000000414e-01,8.089000370000000162e-01,1.590489200000000033e-02,5.589999999999999673e-05,4.971645000000000231e-03,4.230333999999998790e-03,5.677318689999999446e-01,1.096064380000000005e-01,5.016681229999999658e-01,7.752979530000000397e-01,1.719629219999999903e-01,4.657223659999999987e-01,8.622251899999999747e-01,4.910073629999999745e-01,5.762212450000000485e-01,2.404097380000000117e-01,7.241906750000000059e-01,8.162776670000000401e-01
0.000000000000000000e+00,3.174929300000000482e-02,6.883428499999999506e-02,2.464147149999999786e-01,6.627450300000000682e-01,8.465789379999999476e-01,1.147194859999999955e-01,5.580440700000000032e-02,3.359999999999999814e-04,6.787646599999999641e-02,2.782717100000000124e-02,4.176175699999999658e-02,7.136197050000000486e-01,7.861565940000000419e-01,1.590489200000000033e-02,5.589999999999999673e-05,4.971645000000000231e-03,0.000000000000000000e+00,5.626685949999999936e-01,1.286006740000000259e-01,5.016681229999999658e-01,7.752979530000000397e-01,1.719629219999999903e-01,4.657223659999999987e-01,8.622251899999999747e-01,4.910073629999999745e-01,5.762212450000000485e-01,2.404097380000000117e-01,7.241906750000000059e-01,8.162776670000000401e-01
0.000000000000000000e+00,3.378304200000000618e-02,6.461983899999999836e-02,2.450444049999999929e-01,6.560800940000000026e-01,8.465789379999999476e-01,1.147194859999999955e-01,5.580440700000000032e-02,3.359999999999999814e-04,6.787646599999999641e-02,2.782717100000000124e-02,2.349192399999999736e-02,7.202943620000000768e-01,8.048035390000000122e-01,1.590489200000000033e-02,5.589999999999999673e-05,4.971645000000000231e-03,0.000000000000000000e+00,5.554594619999999594e-01,1.135933590000000049e-01,5.016681229999999658e-01,7.752979530000000397e-01,1.719629219999999903e-01,4.657223659999999987e-01,8.622251899999999747e-01,4.910073629999999745e-01,5.762212450000000485e-01,2.404097380000000117e-01,7.241906750000000059e-01,8.162776670000000401e-01
0.000000000000000000e+00,3.535582700000000633e-02,7.278020100000000270e-02,2.326448079999999807e-01,6.552628280000000194e-01,8.465789379999999476e-01,1.147194859999999955e-01,5.580440700000000032e-02,3.359999999999999814e-04,6.787646599999999641e-02,2.782717100000000124e-02,3.002716999999999886e-02,7.337122799999999945e-01,8.102748779999999762e-01,1.590489200000000033e-02,5.589999999999999673e-05,4.971645000000000231e-03,0.000000000000000000e+00,5.614374380000000109e-01,1.284182090000000054e-01,5.016681229999999658e-01,7.752979530000000397e-01,1.719629219999999903e-01,4.657223659999999987e-01,8.622251899999999747e-01,4.910073629999999745e-01,5.762212450000000485e-01,2.404097380000000117e-01,7.241906750000000059e-01,8.162776670000000401e-01
0.000000000000000000e+00,5.154205500000000328e-02,7.056358299999999917e-02,2.482139609999999830e-01,6.479454270000000182e-01,8.465789379999999476e-01,1.147194859999999955e-01,5.580440700000000032e-02,3.359999999999999814e-04,6.787646599999999641e-02,2.782717100000000124e-02,3.712176000000000364e-02,7.162127340000000730e-01,8.077952250000000056e-01,1.590489200000000033e-02,5.589999999999999673e-05,4.971645000000000231e-03,0.000000000000000000e+00,5.699490329999999938e-01,1.265204699999999960e-01,5.016681229999999658e-01,7.752979530000000397e-01,1.719629219999999903e-01,4.657223659999999987e-01,8.622251899999999747e-01,4.910073629999999745e-01,5.762212450000000485e-01,2.404097380000000117e-01,7.241906750000000059e-01,8.162776670000000401e-01
0.000000000000000000e+00,5.086677700000000191e-02,6.025469599999999648e-02,2.412175809999999865e-01,6.586327570000000131e-01,8.465789379999999476e-01,1.147194859999999955e-01,5.580440700000000032e-02,3.359999999999999814e-04,6.787646599999999641e-02,2.782717100000000124e-02,2.720996999999999999e-02,7.149552089999999804e-01,8.114316299999999593e-01,1.590489200000000033e-02,5.589999999999999673e-05,4.971645000000000231e-03,5.889184999999999906e-03,5.572232089999999971e-01,1.250795510000000110e-01,5.016681229999999658e-01,7.752979530000000397e-01,1.719629219999999903e-01,4.657223659999999987e-01,8.622251899999999747e-01,4.910073629999999745e-01,5.762212450000000485e-01,2.404097380000000117e-01,7.241906750000000059e-01,8.162776670000000401e-01
0.000000000000000000e+00,5.119288600000000689e-02,6.835435500000000553e-02,2.268921559999999837e-01,6.637026700000000501e-01,8.465789379999999476e-01,1.147194859999999955e-01,5.580440700000000032e-02,3.359999999999999814e-04,6.787646599999999641e-02,2.782717100000000124e-02,3.748248699999999489e-02,7.377735779999999854e-01,7.837074480000000287e-01,1.590489200000000033e-02,5.589999999999999673e-05,4.971645000000000231e-03,3.953387999999998653e-03,5.435002850000000274e-01,1.223864180000000107e-01,5.016681229999999658e-01,7.752979530000000397e-01,1.719629219999999903e-01,4.657223659999999987e-01,8.622251899999999747e-01,4.910073629999999745e-01,5.762212450000000485e-01,2.404097380000000117e-01,7.241906750000000059e-01,8.162776670000000401e-01
0.000000000000000000e+00,4.959232300000000759e-02,5.983200799999999903e-02,2.354072749999999714e-01,6.402274390000000093e-01,8.465789379999999476e-01,1.147194859999999955e-01,5.580440700000000032e-02,3.359999999999999814e-04,6.787646599999999641e-02,2.782717100000000124e-02,1.994618199999999980e-02,7.116956050000000644e-01,7.897751560000000337e-01,1.590489200000000033e-02,5.589999999999999673e-05,4.971645000000000231e-03,0.000000000000000000e+00,5.613490679999999511e-01,1.102880990000000005e-01,5.016681229999999658e-01,7.752979530000000397e-01,1.719629219999999903e-01,4.657223659999999987e-01,8.622251899999999747e-01,4.910073629999999745e-01,5.762212450000000485e-01,2.404097380000000117e-01,7.241906750000000059e-01,8.162776670000000401e-01
0.000000000000000000e+00,4.500082300000000229e-02,5.818998200000000121e-02,2.318263109999999794e-01,6.674351130000000243e-01,8.465789379999999476e-01,1.147194859999999955e-01,5.580440700000000032e-02,3.359999999999999814e-04,6.787646599999999641e-02,2.782717100000000124e-02,3.618116200000000282e-02,7.385173510000000441e-01,8.088394399999999651e-01,1.590489200000000033e-02,5.589999999999999673e-05,4.971645000000000231e-03,0.000000000000000000e+00,5.458550540000000062e-01,1.229617650000000145e-01,5.016681229999999658e-01,7.752979530000000397e-01,1.719629219999999903e-01,4.657223659999999987e-01,8.622251899999999747e-01,4.910073629999999745e-01,5.762212450000000485e-01,2.404097380000000117e-01,7.241906750000000059e-01,8.162776670000000401e-01
0.000000000000000000e+00,4.512526199999999932e-02,8.633485700000000096e-02,2.370618129999999824e-01,6.512453710000000173e-01,8.465789379999999476e-01,1.147194859999999955e-01,5.580440700000000032e-02,3.359999999999999814e-04,6.787646599999999641e-02,2.782717100000000124e-02,1.919401199999999641e-02,7.254110260000000698e-01,7.874538559999999521e-01,1.590489200000000033e-02,5.589999999999999673e-05,4.971645000000000231e-03,1.783401000000000430e-03,5.418951599999999313e-01,1.360200880000000112e-01,5.016681229999999658e-01,7.752979530000000397e-01,1.719629219999999903e-01,4.657223659999999987e-01,8.622251899999999747e-01,4.910073629999999745e-01,5.762212450000000485e-01,2.404097380000000117e-01,7.241906750000000059e-01,8.162776670000000401e-01
0.000000000000000000e+00,4.107208200000000281e-02,7.220805699999999216e-02,2.467219579999999912e-01,6.417906310000000003e-01,8.465789379999999476e-01,1.147194859999999955e-01,5.580440700000000032e-02,3.359999999999999814e-04,6.787646599999999641e-02,2.782717100000000124e-02,3.479850399999999400e-02,7.388773690000000061e-01,8.025600579999999651e-01,1.590489200000000033e-02,5.589999999999999673e-05,4.971645000000000231e-03,2.820120999999998351e-03,5.682198910000000325e-01,1.288578470000000253e-01,5.016681229999999658e-01,7.752979530000000397e-01,1.719629219999999903e-01,4.657223659999999987e-01,8.622251899999999747e-01,4.910073629999999745e-01,5.762212450000000485e-01,2.404097380000000117e-01,7.241906750000000059e-01,8.162776670000000401e-01
0.000000000000000000e+00,4.283641600000000216e-02,8.060762900000000009e-02,2.493524619999999692e-01,6.653632250000000026e-01,8.465789379999999476e-01,1.147194859999999955e-01,5.580440700000000032e-02,3.359999999999999814e-04,6.787646599999999641e-02,2.782717100000000124e-02,4.000240900000000266e-02,7.157346310000000100e-01,8.024943979999999977e-01,1.590489200000000033e-02,5.589999999999999673e-05,4.971645000000000231e-03,0.000000000000000000e+00,5.497280329999999493e-01,1.358186930000000181e-01,5.016681229999999658e-01,7.752979530000000397e-01,1.719629219999999903e-01,4.657223659999999987e-01,8.622251899999999747e-01,4.910073629999999745e-01,5.762212450000000485e-01,2.404097380000000117e-01,7.241906750000000059e-01,8.162776670000000401e-01
0.000000000000000000e+00,3.149382700000000201e-02,6.380896199999999685e-02,2.409804809999999686e-01,6.652747760000000676e-01,8.465789379999999476e-01,1.147194859999999955e-01,5.580440700000000032e-02,3.359999999999999814e-04,6.787646599999999641e-02,2.782717100000000124e-02,2.442517699999999931e-02,7.183960460000000658e-01,8.123500169999999798e-01,1.590489200000000033e-02,5.589999999999999673e-05,4.971645000000000231e-03,0.000000000000000000e+00,5.679481629999999504e-01,1.307624340000000107e-01,5.016681229999999658e-01,7.752979530000000397e-01,1.719629219999999903e-01,4.657223659999999987e-01,8.622251899999999747e-01,4.910073629999999745e-01,5.762212450000000485e-01,2.404097380000000117e-01,7.241906750000000059e-01,8.162776670000000401e-01
0.000000000000000000e+00,3.980378400000000177e-02,6.328716500000000633e-02,2.291856719999999792e-01,6.488510379999999911e-01,8.465789379999999476e-01,1.147194859999999955e-01,5.580440700000000032e-02,3.359999999999999814e-04,6.787646599999999641e-02,2.782717100000000124e-02,2.892381499999999855e-02,7.346988790000000824e-01,8.099823190000000617e-01,1.590489200000000033e-02,5.589999999999999673e-05,4.971645000000000231e-03,0.000000000000000000e+00,5.469858370000000303e-01,1.304211229999999999e-01,5.016681229999999658e-01,7.752979530000000397e-01,1.719629219999999903e-01,4.657223659999999987e-01,8.622251899999999747e-01,4.910073629999999745e-01,5.762212450000000485e-01,2.404097380000000117e-01,7.241906750000000059e-01,8.162776670000000401e-01
0.000000000000000000e+00,2.812686700000000678e-02,7.698613499999999721e-02,2.445644959999999923e-01,6.630766100000000662e-01,8.465789379999999476e-01,1.147194859999999955e-01,5.580440700000000032e-02,3.359999999999999814e-04,6.787646599999999641e-02,2.782717100000000124e-02,2.040234800000000071e-02,7.264483540000000739e-01,7.962496119999999955e-01,1.590489200000000033e-02,5.589999999999999673e-05,4.971645000000000231e-03,5.391736999999998878e-03,5.651065389999999633e-01,1.248840170000000138e-01,5.016681229999999658e-01,7.752979530000000397e-01,1.719629219999999903e-01,4.657223659999999987e-01,8.622251899999999747e-01,4.910073629999999745e-01,5.762212450000000485e-01,2.404097380000000117e-01,7.241906750000000059e-01,8.162776670000000401e-01
0.000000000000000000e+00,4.035435000000000411e-02,6.712145099999999864e-02,2.455744529999999703e-01,6.510195680000000484e-01,8.465789379999999476e-01,1.147194859999999955e-01,5.580440700000000032e-02,3.359999999999999814e-04,6.787646599999999641e-02,2.782717100000000124e-02,4.162579400000000068e-02,7.327266980000000096e-01,8.053996869999999753e-01,1.590489200000000033e-02,5.589999999999999673e-05,4.971645000000000231e-03,0.000000000000000000e+00,5.553270590000000118e-01,1.194107460000000120e-01,5.016681229999999658e-01,7.752979530000000397e-01,1.719629219999999903e-01,4.657223659999999987e-01,8.622251899999999747e-01,4.910073629999999745e-01,5.762212450000000485e-01,2.404097380000000117e-01,7.241906750000000059e-01,8.162776670000000401e-01
0.000000000000000000e+00,2.856937699999999997e-02,5.778272999999999743e-02,2.248945419999999751e-01,6.567399070000000671e-01,8.465789379999999476e-01,1.147194859999999955e-01,5.580440700000000032e-02,3.359999999999999814e-04,6.787646599999999641e-02,2.782717100000000124e-02,4.426741599999999693e-02,7.345488070000000258e-01,8.124831350000000230e-01,1.590489200000000033e-02,5.589999999999999673e-05,4.971645000000000231e-03,0.000000000000000000e+00,5.605923779999999468e-01,1.363227200000000083e-01,5.016681229999999658e-01,7.752979530000000397e-01,1.719629219999999903e-01,4.657223659999999987e-01,8.622251899999999747e-01,4.910073629999999745e-01,5.762212450000000485e-01,2.404097380000000117e-01,7.241906750000000059e-01,8.162776670000000401e-01
0.000000000000000000e+00,4.659744600000000070e-02,8.224803299999999817e-02,2.259504689999999871e-01,6.449206870000000480e-01,8.465789379999999476e-01,1.147194859999999955e-01,5.580440700000000032e-02,3.359999999999999814e-04,6.787646599999999641e-02,2.782717100000000124e-02,3.498844699999999891e-02,7.297825749999999889e-01,7.998176670000000099e-01,1.590489200000000033e-02,5.589999999999999673e-05,4.971645000000000231e-03,5.547952999999999565e-03,5.528770560000000334e-01,1.168910130000000158e-01,5.016681229999999658e-01,7.752979530000000397e-01,1.719629219999999903e-01,4.657223659999999987e-01,8.622251899999999747e-01,4.910073629999999745e-01,5.762212450000000485e-01,2.404097380000000117e-01,7.241906750000000059e-01,8.162776670000000401e-01
0.000000000000000000e+00,2.692184300000000086e-02,6.233952799999999822e-02,2.261135429999999724e-01,6.456116980000000671e-01,8.465789379999999476e-01,1.147194859999999955e-01,5.580440700000000032e-02,3.359999999999999814e-04,6.787646599999999641e-02,2.782717100000000124e-02,2.282499799999999912e-02,7.269481269999999995e-01,8.046418929999999969e-01,1.590489200000000033e-02,5.589999999999999673e-05,4.971645000000000231e-03,0.000000000000000000e+00,5.449388809999999861e-01,1.317618239999999996e-01,5.016681229999999658e-01,7.752979530000000397e-01,1.719629219999999903e-01,4.657223659999999987e-01,8.622251899999999747e-01,4.910073629999999745e-01,5.762212450000000485e-01,2.404097380000000117e-01,7.241906750000000059e-01,8.162776670000000401e-01
0.000000000000000000e+00,3.303731300000000565e-02,5.837322899999999870e-02,2.295745169999999780e-01,6.441045109999999907e-01,8.465789379999999476e-01,1.147194859999999955e-01,5.580440700000000032e-02,3.359999999999999814e-04,6.787646599999999641e-02,2.782717100000000124e-02,4.572861899999999813e-02,7.197815260000000048e-01,7.864421270000000463e-01,1.590489200000000033e-02,5.589999999999999673e-05,4.971645000000000231e-03,0.000000000000000000e+00,5.440723819999999655e-01,1.097380390000000094e-01,5.016681229999999658e-01,7.752979530000000397e-01,1.719629219999999903e-01,4.657223659999999987e-01,8.622251899999999747e-01,4.910073629999999745e-01,5.762212450000000485e-01,2.404097380000000117e-01,7.241906750000000059e-01,8.162776670000000401e-01
0.000000000000000000e+00,4.262081700000000528e-02,6.108688200000000207e-02,2.237917549999999811e-01,6.486192230000000780e-01,8.465789379999999476e-01,1.147194859999999955e-01,5.580440700000000032e-02,3.359999999999999814e-04,6.787646599999999641e-02,2.782717100000000124e-02,4.236273000000000122e-02,7.274691460000000109e-01,7.880722380000000360e-01,1.590489200000000033e-02,5.589999999999999673e-05,4.971645000000000231e-03,3.582672999999999761e-03,5.619097429999999616e-01,1.252320330000000204e-01,5.016681229999999658e-01,7.752979530000000397e-01,1.719629219999999903e-01,4.657223659999999987e-01,8.622251899999999747e-01,4.910073629999999745e-01,5.762212450000000485e-01,2.404097380000000117e-01,7.241906750000000059e-01,8.162776670000000401e-01
0.000000000000000000e+00,5.583029300000000306e-02,8.424283899999999992e-02,2.324971029999999828e-01,6.555054590000000125e-01,8.465789379999999476e-01,1.147194859999999955e-01,5.580440700000000032e-02,3.359999999999999814e-04,6.787646599999999641e-02,2.782717100000000124e-02,3.337721300000000280e-02,7.131543180000000648e-01,8.112778689999999848e-01,1.590489200000000033e-02,5.589999999999999673e-05,4.971645000000000231e-03,0.000000000000000000e+00,5.511901280000000014e-01,1.328979150000000053e-01,5.016681229999999658e-01,7.752979530000000397e-01,1.719629219999999903e-01,4.657223659999999987e-01,8.622251899999999747e-01,4.910073629999999745e-01,5.762212450000000485e-01,2.404097380000000117e-01,7.241906750000000059e-01,8.162776670000000401e-01
0.000000000000000000e+00,3.400660000000000488e-02,7.994109800000000210e-02,2.275647129999999740e-01,6.422319780000000922e-01,8.465789379999999476e-01,1.147194859999999955e-01,5.580440700000000032e-02,3.359999999999999814e-04,6.787646599999999641e-02,2.782717100000000124e-02,1.732971500000000248e-02,7.166917830000000267e-01,7.879045359999999887e-01,1.590489200000000033e-02,5.589999999999999673e-05,4.971645000000000231e-03,2.080636999999999764e-03,5.584842319999999694e-01,1.184765640000000064e-01,5.016681229999999658e-01,7.752979530000000397e-01,1.719629219999999903e-01,4.657223659999999987e-01,8.622251899999999747e-01,4.910073629999999745e-01,5.762212450000000485e-01,2.404097380000000117e-01,7.241906750000000059e-01,8.162776670000000401e-01
0.000000000000000000e+00,3.834436300000000630e-02,7.449970799999999782e-02,2.272346979999999850e-01,6.398453670000000537e-01,8.465789379999999476e-01,1.147194859999999955e-01,5.580440700000000032e-02,3.359999999999999814e-04,6.787646599999999641e-02,2.782717100000000124e-02,3.493888700000000180e-02,7.330555010000000538e-01,7.939027490000000187e-01,1.590489200000000033e-02,5.589999999999999673e-05,4.971645000000000231e-03,0.000000000000000000e+00,5.680411810000000061e-01,1.208209080000000046e-01,5.016681229999999658e-01,7.752979530000000397e-01,1.719629219999999903e-01,4.657223659999999987e-01,8.622251899999999747e-01,4.910073629999999745e-01,5.762212450000000485e-01,2.404097380000000117e-01,7.241906750000000059e-01,8.162776670000000401e-01
0.000000000000000000e+00,3.324053400000000213e-02,6.816059600000000385e-02,2.285163849999999885e-01,6.517404079999999933e-01,8.465789379999999476e-01,1.147194859999999955e-01,5.580440700000000032e-02,3.359999999999999814e-04,6.787646599999999641e-02,2.782717100000000124e-02,2.810516499999999793e-02,7.212311380000000494e-01,7.845139439999999631e-01,1.590489200000000033e-02,5.589999999999999673e-05,4.971645000000000231e-03,1.667760000000000770e-03,5.665610340000000189e-01,1.150503900000000024e-01,5.016681229999999658e-01,7.752979530000000397e-01,1.719629219999999903e-01,4.657223659999999987e-01,8.622251899999999747e-01,4.910073629999999745e-01,5.762212450000000485e-01,2.404097380000000117e-01,7.241906750000000059e-01,8.162776670000000401e-01
0.000000000000000000e+00,3.514951200000000775e-02,7.137177899999999631e-02,2.369729619999999815e-01,6.667454860000000538e-01,8.465789379999999476e-01,1.147194859999999955e-01,5.580440700000000032e-02,3.359999999999999814e-04,6.787646599999999641e-02,2.782717100000000124e-02,4.481288799999999517e-02,7.258808930000000270e-01,8.039188590000000412e-01,1.590489200000000033e-02,5.589999999999999673e-05,4.971645000000000231e-03,0.000000000000000000e+00,5.512642679999999462e-01,1.289368430000000232e-01,5.016681229999999658e-01,7.752979530000000397e-01,1.719629219999999903e-01,4.657223659999999987e-01,8.622251899999999747e-01,4.910073629999999745e-01,5.762212450000000485e-01,2.404097380000000117e-01,7.241906750000000059e-01,8.162776670000000401e-01
0.000000000000000000e+00,5.401269300000000051e-02,6.652363899999999552e-02,2.406303849999999744e-01,6.526469300000000695e-01,8.465789379999999476e-01,1.147194859999999955e-01,5.580440700000000032e-02,3.359999999999999814e-04,6.787646599999999641e-02,2.782717100000000124e-02,4.076282099999999770e-02,7.320742630000000029e-01,7.841008019999999856e-01,1.590489200000000033e-02,5.589999999999999673e-05,4.971645000000000231e-03,2.333943999999999255e-03,5.428156859999999639e-01,1.251036189999999992e-01,5.016681229999999658e-01,7.752979530000000397e-01,1.719629219999999903e-01,4.657223659999999987e-01,8.622251899999999747e-01,4.910073629999999745e-01,5.762212450000000485e-01,2.404097380000000117e-01,7.241906750000000059e-01,8.162776670000000401e-01
0.000000000000000000e+00,4.870666400000000368e-02,6.685044499999999446e-02,2.433639239999999815e-01,6.542452210000000434e-01,8.465789379999999476e-01,1.147194859999999955e-01,5.580440700000000032e-02,3.359999999999999814e-04,6.787646599999999641e-02,2.782717100000000124e-02,1.851822499999999927e-02,7.375061430000000584e-01,8.044933370000000306e-01,1.590489200000000033e-02,5.589999999999999673e-05,4.971645000000000231e-03,6.273278999999999661e-03,5.696935610000000150e-01,1.195071900000000131e-01,5.016681229999999658e-01,7.752979530000000397e-01,1.719629219999999903e-01,4.657223659999999987e-01,8.622251899999999747e-01,4.910073629999999745e-01,5.762212450000000485e-01,2.404097380000000117e-01,7.241906750000000059e-01,8.162776670000000401e-01
0.000000000000000000e+00,4.320948900000000370e-02,7.193511499999999392e-02,2.381053079999999877e-01,6.455563990000000585e-01,8.465789379999999476e-01,1.147194859999999955e-01,5.580440700000000032e-02,3.359999999999999814e-04,6.787646599999999641e-02,2.782717100000000124e-02,3.601919400000000437e-02,7.273639290000000202e-01,7.933257750000000108e-01,1.590489200000000033e-02,5.589999999999999673e-05,4.971645000000000231e-03,5.096038999999998390e-03,5.543073269999999608e-01,1.384680719999999976e-01,5.016681229999999658e-01,7.752979530000000397e-01,1.719629219999999903e-01,4.657223659999999987e-01,8.622251899999999747e-01,4.910073629999999745e-01,5.762212450000000485e-01,2.404097380000000117e-01,7.241906750000000059e-01,8.162776670000000401e-01
0.000000000000000000e+00,4.165556200000000708e-02,5.932475200000000143e-02,2.473427659999999917e-01,6.608039540000000267e-01,8.465789379999999476e-01,1.147194859999999955e-01,5.580440700000000032e-02,3.359999999999999814e-04,6.787646599999999641e-02,2.782717100000000124e-02,2.100563999999999903e-02,7.359006430000000210e-01,7.970869929999999659e-01,1.590489200000000033e-02,5.589999999999999673e-05,4.971645000000000231e-03,0.000000000000000000e+00,5.643423969999999956e-01,1.138924130000000118e-01,5.016681229999999658e-01,7.752979530000000397e-01,1.719629219999999903e-01,4.657223659999999987e-01,8.622251899999999747e-01,4.910073629999999745e-01,5.762212450000000485e-01,2.404097380000000117e-01,7.241906750000000059e-01,8.162776670000000401e-01
0.000000000000000000e+00,5.605602900000000721e-02,8.374546900000000293e-02,2.392036159999999800e-01,6.664632169999999967e-01,8.465789379999999476e-01,1.147194859999999955e-01,5.580440700000000032e-02,3.359999999999999814e-04,6.787646599999999641e-02,2.782717100000000124e-02,3.409821999999999853e-02,7.186449430000000360e-01,8.022473060000000489e-01,1.590489200000000033e-02,5.589999999999999673e-05,4.971645000000000231e-03,0.000000000000000000e+00,5.535130759999999928e-01,1.201264670000000145e-01,5.016681229999999658e-01,7.752979530000000397e-01,1.719629219999999903e-01,4.657223659999999987e-01,8.622251899999999747e-01,4.910073629999999745e-01,5.762212450000000485e-01,2.404097380000000117e-01,7.241906750000000059e-01,8.162776670000000401e-01
0.000000000000000000e+00,3.747003399999999929e-02,7.572339299999999995e-02,2.306317529999999949e-01,6.436247770000000923e-01,8.465789379999999476e-01,1.147194859999999955e-01,5.580440700000000032e-02,3.359999999999999814e-04,6.787646599999999641e-02,2.782717100000000124e-02,2.640603299999999889e-02,7.270678950000000196e-01,8.021338000000000079e-01,1.590489200000000033e-02,5.589999999999999673e-05,4.971645000000000231e-03,0.000000000000000000e+00,5.478600919999999652e-01,1.320330470000000145e-01,5.016681229999999658e-01,7.752979530000000397e-01,1.719629219999999903e-01,4.657223659999999987e-01,8.622251899999999747e-01,4.910073629999999745e-01,5.762212450000000485e-01,2.404097380000000117e-01,7.241906750000000059e-01,8.162776670000000401e-01
0.000000000000000000e+00,4.179927099999999895e-02,7.098979799999999285e-02,2.465307019999999905e-01,6.516820480000000693e-01,8.465789379999999476e-01,1.147194859999999955e-01,5.580440700000000032e-02,3.359999999999999814e-04,6.787646599999999641e-02,2.782717100000000124e-02,4.522973699999999903e-02,7.229194930000000241e-01,8.103928129999999896e-01,1.590489200000000033e-02,5.589999999999999673e-05,4.971645000000000231e-03,0.000000000000000000e+00,5.556014519999999957e-01,1.311198800000000220e-01,5.016681229999999658e-01,7.752979530000000397e-01,1.719629219999999903e-01,4.657223659999999987e-01,8.622251899999999747e-01,4.910073629999999745e-01,5.762212450000000485e-01,2.404097380000000117e-01,7.241906750000000059e-01,8.162776670000000401e-01
0.000000000000000000e+00,4.800264200000000508e-02,7.654062699999999997e-02,2.499599579999999821e-01,6.668860320000000730e-01,8.465789379999999476e-01,1.147194859999999955e-01,5.580440700000000032e-02,3.359999999999999814e-04,6.787646599999999641e-02,2.782717100000000124e-02,2.032389500000000154e-02,7.328769870000000353e-01,7.934757399999999850e-01,1.590489200000000033e-02,5.589999999999999673e-05,4.971645000000000231e-03,0.000000000000000000e+00,5.692717360000000282e-01,1.140593270000000159e-01,5.016681229999999658e-01,7.752979530000000397e-01,1.719629219999999903e-01,4.657223659999999987e-01,8.622251899999999747e-01,4.910073629999999745e-01,5.762212450000000485e-01,2.404097380000000117e-01,7.241906750000000059e-01,8.162776670000000401e-01
0.000000000000000000e+00,4.414914600000000022e-02,6.963098800000000477e-02,2.242460659999999661e-01,6.660335170000000193e-01,8.465789379999999476e-01,1.147194859999999955e-01,5.580440700000000032e-02,3.359999999999999814e-04,6.787646599999999641e-02,2.782717100000000124e-02,1.670628300000000233e-02,7.362957909999999773e-01,8.036666970000000410e-01,1.590489200000000033e-02,5.589999999999999673e-05,4.971645000000000231e-03,0.000000000000000000e+00,5.670481480000000296e-01,1.325716160000000032e-01,5.016681229999999658e-01,7.752979530000000397e-01,1.719629219999999903e-01,4.657223659999999987e-01,8.622251899999999747e-01,4.910073629999999745e-01,5.762212450000000485e-01,2.404097380000000117e-01,7.241906750000000059e-01,8.162776670000000401e-01
0.000000000000000000e+00,3.776373500000000660e-02,6.510035499999999864e-02,2.386209739999999857e-01,6.614117360000000279e-01,8.465789379999999476e-01,1.147194859999999955e-01,5.580440700000000032e-02,3.359999999999999814e-04,6.787646599999999641e-02,2.782717100000000124e-02,3.224852200000000169e-02,7.351551010000000330e-01,8.066026320000000416e-01,1.590489200000000033e-02,5.589999999999999673e-05,4.971645000000000231e-03,0.000000000000000000e+00,5.568753359999999430e-01,1.263273270000000170e-01,5.016681229999999658e-01,7.752979530000000397e-01,1.719629219999999903e-01,4.657223659999999987e-01,8.622251899999999747e-01,4.910073629999999745e-01,5.762212450000000485e-01,2.404097380000000117e-01,7.241906750000000059e-01,8.162776670000000401e-01
0.000000000000000000e+00,3.394620900000000496e-02,6.890177599999999791e-02,2.355817739999999938e-01,6.666213920000000348e-01,8.465789379999999476e-01,1.147194859999999955e-01,5.580440700000000032e-02,3.359999999999999814e-04,6.787646599999999641e-02,2.782717100000000124e-02,3.662330099999999700e-02,7.096962460000000306e-01,7.965473870000000511e-01,1.590489200000000033e-02,5.589999999999999673e-05,4.971645000000000231e-03,6.664317999999998937e-03,5.699406299999999481e-01,1.129100860000000206e-01,5.016681229999999658e-01,7.752979530000000397e-01,1.719629219999999903e-01,4.657223659999999987e-01,8.622251899999999747e-01,4.910073629999999745e-01,5.762212450000000485e-01,2.404097380000000117e-01,7.241906750000000059e-01,8.162776670000000401e-01
0.000000000000000000e+00,4.033169699999999969e-02,7.350227300000000685e-02,2.504111920000000047e-01,6.447209900000000493e-01,8.465789379999999476e-01,1.147194859999999955e-01,5.580440700000000032e-02,3.359999999999999814e-04,6.787646599999999641e-02,2.782717100000000124e-02,3.363270999999999622e-02,7.192253840000000231e-01,7.868874270000000282e-01,1.590489200000000033e-02,5.589999999999999673e-05,4.971645000000000231e-03,0.000000000000000000e+00,5.713089359999999894e-01,1.183116430000000080e-01,5.016681229999999658e-01,7.752979530000000397e-01,1.719629219999999903e-01,4.657223659999999987e-01,8.622251899999999747e-01,4.910073629999999745e-01,5.762212450000000485e-01,2.404097380000000117e-01,7.241906750000000059e-01,8.162776670000000401e-01
0.000000000000000000e+00,4.629031499999999855e-02,7.719279599999999408e-02,2.333657819999999938e-01,6.417363799999999951e-01,8.465789379999999476e-01,1.147194859999999955e-01,5.580440700000000032e-02,3.359999999999999814e-04,6.787646599999999641e-02,2.782717100000000124e-02,2.192091300000000020e-02,7.360906540000000664e-01,7.953666480000000094e-01,1.590489200000000033e-02,5.589999999999999673e-05,4.971645000000000231e-03,0.000000000000000000e+00,5.600867139999999855e-01,1.110168850000000096e-01,5.016681229999999658e-01,7.752979530000000397e-01,1.719629219999999903e-01,4.657223659999999987e-01,8.622251899999999747e-01,4.910073629999999745e-01,5.762212450000000485e-01,2.404097380000000117e-01,7.241906750000000059e-01,8.162776670000000401e-01
0.000000000000000000e+00,5.253445600000000715e-02,7.904565499999999245e-02,2.520600239999999936e-01,6.659629440000000011e-01,8.465789379999999476e-01,1.147194859999999955e-01,5.580440700000000032e-02,3.359999999999999814e-04,6.787646599999999641e-02,2.782717100000000124e-02,3.326667399999999608e-02,7.343946860000000187e-01,8.063070789999999821e-01,1.590489200000000033e-02,5.589999999999999673e-05,4.971645000000000231e-03,0.000000000000000000e+00,5.503690110000000191e-01,1.107070960000000048e-01,5.016681229999999658e-01,7.752979530000000397e-01,1.719629219999999903e-01,4.657223659999999987e-01,8.622251899999999747e-01,4.910073629999999745e-01,5.762212450000000485e-01,2.404097380000000117e-01,7.241906750000000059e-01,8.162776670000000401e-01
0.000000000000000000e+00,3.083513500000000657e-02,6.629211799999999710e-02,2.382524009999999748e-01,6.452725440000000035e-01,8.465789379999999476e-01,1.147194859999999955e-01,5.580440700000000032e-02,3.359999999999999814e-04,6.787646599999999641e-02,2.782717100000000124e-02,3.436873199999999906e-02,7.241859550000000478e-01,8.071079429999999943e-01,1.590489200000000033e-02,5.589999999999999673e-05,4.971645000000000231e-03,0.000000000000000000e+00,5.597019479999999492e-01,1.119176350000000153e-01,5.016681229999999658e-01,7.752979530000000397e-01,1.719629219999999903e-01,4.657223659999999987e-01,8.622251899999999747e-01,4.910073629999999745e-01,5.762212450000000485e-01,2.404097380000000117e-01,7.241906750000000059e-01,8.162776670000000401e-01
0.000000000000000000e+00,4.921799300000000155e-02,6.067257999999999679e-02,2.236675919999999707e-01,6.428431290000000686e-01,8.465789379999999476e-01,1.147194859999999955e-01,5.580440700000000032e-02,3.359999999999999814e-04,6.787646599999999641e-02,2.782717100000000124e-02,1.864949400000000257e-02,7.143728000000000300e-01,7.912996869999999738e-01,1.590489200000000033e-02,5.589999999999999673e-05,4.971645000000000231e-03,0.000000000000000000e+00,5.450636819999999938e-01,1.202726770000000084e-01,5.016681229999999658e-01,7.752979530000000397e-01,1.719629219999999903e-01,4.657223659999999987e-01,8.622251899999999747e-01,4.910073629999999745e-01,5.762212450000000485e-01,2.404097380000000117e-01,7.241906750000000059e-01,8.162776670000000401e-01
0.000000000000000000e+00,4.722123599999999977e-02,8.721315600000000001e-02,2.468957149999999878e-01,6.569448540000000225e-01,8.465789379999999476e-01,1.147194859999999955e-01,5.580440700000000032e-02,3.359999999999999814e-04,6.787646599999999641e-02,2.782717100000000124e-02,4.276409700000000091e-02,7.108933590000000580e-01,8.052499819999999753e-01,1.590489200000000033e-02,5.589999999999999673e-05,4.971645000000000231e-03,5.305104999999999196e-03,5.710581769999999446e-01,1.140069560000000204e-01,5.016681229999999658e-01,7.752979530000000397e-01,1.719629219999999903e-01,4.657223659999999987e-01,8.622251899999999747e-01,4.910073629999999745e-01,5.762212450000000485e-01,2.404097380000000117e-01,7.241906750000000059e-01,8.162776670000000401e-01
0.000000000000000000e+00,5.505365600000000637e-02,6.859110699999999838e-02,2.243058959999999769e-01,6.593508380000000502e-01,8.465789379999999476e-01,1.147194859999999955e-01,5.580440700000000032e-02,3.359999999999999814e-04,6.787646599999999641e-02,2.782717100000000124e-02,2.694751499999999828e-02,7.288971840000000313e-01,7.858458059999999801e-01,1.590489200000000033e-02,5.589999999999999673e-05,4.971645000000000231e-03,0.000000000000000000e+00,5.552285820000000260e-01,1.313657340000000118e-01,5.016681229999999658e-01,7.752979530000000397e-01,1.719629219999999903e-01,4.657223659999999987e-01,8.622251899999999747e-01,4.910073629999999745e-01,5.762212450000000485e-01,2.404097380000000117e-01,7.241906750000000059e-01,8.162776670000000401e-01
0.000000000000000000e+00,4.236952100000000720e-02,6.042594800000000016e-02,2.462231749999999886e-01,6.570260070000000230e-01,8.465789379999999476e-01,1.147194859999999955e-01,5.580440700000000032e-02,3.359999999999999814e-04,6.787646599999999641e-02,2.782717100000000124e-02,3.955564200000000197e-02,7.280058560000000067e-01,8.030780410000000202e-01,1.590489200000000033e-02,5.589999999999999673e-05,4.971645000000000231e-03,0.000000000000000000e+00,5.500008789999999426e-01,1.365499230000000175e-01,5.016681229999999658e-01,7.752979530000000397e-01,1.719629219999999903e-01,4.657223659999999987e-01,8.622251899999999747e-01,4.910073629999999745e-01,5.762212450000000485e-01,2.404097380000000117e-01,7.241906750000000059e-01,8.162776670000000401e-01
0.000000000000000000e+00,5.057377400000000189e-02,7.756304199999999871e-02,2.260632119999999856e-01,6.620567800000000114e-01,8.465789379999999476e-01,1.147194859999999955e-01,5.580440700000000032e-02,3.359999999999999814e-04,6.787646599999999641e-02,2.782717100000000124e-02,2.129346599999999701e-02,7.334287580000000695e-01,7.876898909999999754e-01,1.590489200000000033e-02,5.589999999999999673e-05,4.971645000000000231e-03,0.000000000000000000e+00,5.520597170000000053e-01,1.323090080000000057e-01,5.016681229999999658e-01,7.752979530000000397e-01,1.719629219999999903e-01,4.657223659999999987e-01,8.622251899999999747e-01,4.910073629999999745e-01,5.762212450000000485e-01,2.404097380000000117e-01,7.241906750000000059e-01,8.162776670000000401e-01
0.000000000000000000e+00,3.499079100000000719e-02,6.936302799999999324e-02,2.522759569999999951e-01,6.450374190000000008e-01,8.465789379999999476e-01,1.147194859999999955e-01,5.580440700000000032e-02,3.359999999999999814e-04,6.787646599999999641e-02,2.782717100000000124e-02,2.075864899999999708e-02,7.245261470000000648e-01,7.981629550000000073e-01,1.590489200000000033e-02,5.589999999999999673e-05,4.971645000000000231e-03,0.000000000000000000e+00,5.456627370000000088e-01,1.163002960000000113e-01,5.016681229999999658e-01,7.752979530000000397e-01,1.719629219999999903e-01,4.657223659999999987e-01,8.622251899999999747e-01,4.910073629999999745e-01,5.762212450000000485e-01,2.404097380000000117e-01,7.241906750000000059e-01,8.162776670000000401e-01
0.000000000000000000e+00,5.099838500000000718e-02,6.295531299999999886e-02,2.328525499999999915e-01,6.509340250000000827e-01,8.465789379999999476e-01,1.147194859999999955e-01,5.580440700000000032e-02,3.359999999999999814e-04,6.787646599999999641e-02,2.782717100000000124e-02,4.214657000000000125e-02,7.238931350000000764e-01,8.013027080000000302e-01,1.590489200000000033e-02,5.589999999999999673e-05,4.971645000000000231e-03,0.000000000000000000e+00,5.653662590000000376e-01,1.316866690000000062e-01,5.016681229999999658e-01,7.752979530000000397e-01,1.719629219999999903e-01,4.657223659999999987e-01,8.622251899999999747e-01,4.910073629999999745e-01,5.762212450000000485e-01,2.404097380000000117e-01,7.241906750000000059e-01,8.162776670000000401e-01
0.000000000000000000e+00,4.379615200000000486e-02,8.701407299999999734e-02,2.352183319999999744e-01,6.649050860000000895e-01,8.465789379999999476e-01,1.147194859999999955e-01,5.580440700000000032e-02,3.359999999999999814e-04,6.787646599999999641e-02,2.782717100000000124e-02,2.682428899999999769e-02,7.368380359999999740e-01,7.926612440000000426e-01,1.590489200000000033e-02,5.589999999999999673e-05,4.971645000000000231e-03,0.000000000000000000e+00,5.601884809999999604e-01,1.354604680000000005e-01,5.016681229999999658e-01,7.752979530000000397e-01,1.719629219999999903e-01,4.657223659999999987e-01,8.622251899999999747e-01,4.910073629999999745e-01,5.762212450000000485e-01,2.404097380000000117e-01,7.241906750000000059e-01,8.162776670000000401e-01
0.000000000000000000e+00,4.763173900000000627e-02,6.482543300000000175e-02,2.348843169999999814e-01,6.446346390000000648e-01,8.465789379999999476e-01,1.147194859999999955e-01,5.580440700000000032e-02,3.359999999999999814e-04,6.787646599999999641e-02,2.782717100000000124e-02,2.653103700000000037e-02,7.373909290000000283e-01,7.991134349999999831e-01,1.590489200000000033e-02,5.589999999999999673e-05,4.971645000000000231e-03,0.000000000000000000e+00,5.679010239999999765e-01,1.228973850000000118e-01,5.016681229999999658e-01,7.752979530000000397e-01,1.719629219999999903e-01,4.657223659999999987e-01,8.622251899999999747e-01,4.910073629999999745e-01,5.762212450000000485e-01,2.404097380000000117e-01,7.241906750000000059e-01,8.162776670000000401e-01
0.000000000000000000e+00,3.668345000000000633e-02,6.140661699999999668e-02,2.408255059999999670e-01,6.468366979999999877e-01,8.465789379999999476e-01,1.147194859999999955e-01,5.580440700000000032e-02,3.359999999999999814e-04,6.787646599999999641e-02,2.782717100000000124e-02,3.560290900000000203e-02,7.186096410000000212e-01,8.054185990000000128e-01,1.590489200000000033e-02,5.589999999999999673e-05,4.971645000000000231e-03,0.000000000000000000e+00,5.587412859999999482e-01,1.197187710000000155e-01,5.016681229999999658e-01,7.752979530000000397e-01,1.719629219999999903e-01,4.657223659999999987e-01,8.622251899999999747e-01,4.910073629999999745e-01,5.762212450000000485e-01,2.404097380000000117e-01,7.241906750000000059e-01,8.162776670000000401e-01
0.000000000000000000e+00,3.029552100000000581e-02,6.607697899999999402e-02,2.413261389999999951e-01,6.543624500000000399e-01,8.465789379999999476e-01,1.147194859999999955e-01,5.580440700000000032e-02,3.359999999999999814e-04,6.787646599999999641e-02,2.782717100000000124e-02,2.835764899999999866e-02,7.127088260000000730e-01,7.845495430000000159e-01,1.590489200000000033e-02,5.589999999999999673e-05,4.971645000000000231e-03,0.000000000000000000e+00,5.642958329999999689e-01,1.114046160000000119e-01,5.016681229999999658e-01,7.752979530000000397e-01,1.719629219999999903e-01,4.657223659999999987e-01,8.622251899999999747e-01,4.910073629999999745e-01,5.762212450000000485e-01,2.404097380000000117e-01,7.241906750000000059e-01,8.162776670000000401e-01
0.000000000000000000e+00,4.053143400000000507e-02,7.422792500000000016e-02,2.496538309999999927e-01,6.511202260000000797e-01,8.465789379999999476e-01,1.147194859999999955e-01,5.580440700000000032e-02,3.359999999999999814e-04,6.787646599999999641e-02,2.782717100000000124e-02,3.523723699999999764e-02,7.223845570000000382e-01,8.119431160000000203e-01,1.590489200000000033e-02,5.589999999999999673e-05,4.971645000000000231e-03,4.987979999999982150e-04,5.626113619999999482e-01,1.176273920000000112e-01,5.016681229999999658e-01,7.752979530000000397e-01,1.719629219999999903e-01,4.657223659999999987e-01,8.622251899999999747e-01,4.910073629999999745e-01,5.762212450000000485e-01,2.404097380000000117e-01,7.241906750000000059e-01,8.162776670000000401e-01
0.000000000000000000e+00,4.933042099999999930e-02,8.418701400000000445e-02,2.246062689999999695e-01,6.649979060000000830e-01,8.465789379999999476e-01,1.147194859999999955e-01,5.580440700000000032e-02,3.359999999999999814e-04,6.787646599999999641e-02,2.782717100000000124e-02,1.743853499999999807e-02,7.342373979999999856e-01,7.885644040000000521e-01,1.590489200000000033e-02,5.589999999999999673e-05,4.971645000000000231e-03,0.000000000000000000e+00,5.533217339999999540e-01,1.359484519999999974e-01,5.016681229999999658e-01,7.752979530000000397e-01,1.719629219999999903e-01,4.657223659999999987e-01,8.622251899999999747e-01,4.910073629999999745e-01,5.762212450000000485e-01,2.404097380000000117e-01,7.241906750000000059e-01,8.162776670000000401e-01
0.000000000000000000e+00,4.619927800000000334e-02,8.451163999999999898e-02,2.283213029999999755e-01,6.401059950000000942e-01,8.465789379999999476e-01,1.147194859999999955e-01,5.580440700000000032e-02,3.359999999999999814e-04,6.787646599999999641e-02,2.782717100000000124e-02,4.380215499999999540e-02,7.121323030000000776e-01,8.058487680000000486e-01,1.590489200000000033e-02,5.589999999999999673e-05,4.971645000000000231e-03,0.000000000000000000e+00,5.481289489999999764e-01,1.364925379999999966e-01,5.016681229999999658e-01,7.752979530000000397e-01,1.719629219999999903e-01,4.657223659999999987e-01,8.622251899999999747e-01,4.910073629999999745e-01,5.762212450000000485e-01,2.404097380000000117e-01,7.241906750000000059e-01,8.162776670000000401e-01
0.000000000000000000e+00,4.881899800000000234e-02,5.868546300000000021e-02,2.293500239999999857e-01,6.507232720000000192e-01,8.465789379999999476e-01,1.147194859999999955e-01,5.580440700000000032e-02,3.359999999999999814e-04,6.787646599999999641e-02,2.782717100000000124e-02,1.796071299999999621e-02,7.265690190000000381e-01,8.014086009999999982e-01,1.590489200000000033e-02,5.589999999999999673e-05,4.971645000000000231e-03,0.000000000000000000e+00,5.430816560000000237e-01,1.188539830000000103e-01,5.016681229999999658e-01,7.752979530000000397e-01,1.719629219999999903e-01,4.657223659999999987e-01,8.622251899999999747e-01,4.910073629999999745e-01,5.762212450000000485e-01,2.404097380000000117e-01,7.241906750000000059e-01,8.162776670000000401e-01
0.000000000000000000e+00,5.284059700000000304e-02,6.298232800000000409e-02,2.310330019999999873e-01,6.524478870000000041e-01,8.465789379999999476e-01,1.147194859999999955e-01,5.580440700000000032e-02,3.359999999999999814e-04,6.787646599999999641e-02,2.782717100000000124e-02,2.582276899999999889e-02,7.249422770000000238e-01,7.945361720000000405e-01,1.590489200000000033e-02,5.589999999999999673e-05,4.971645000000000231e-03,0.000000000000000000e+00,5.573454030000000170e-01,1.101434660000000093e-01,5.016681229999999658e-01,7.752979530000000397e-01,1.719629219999999903e-01,4.657223659999999987e-01,8.622251899999999747e-01,4.910073629999999745e-01,5.762212450000000485e-01,2.404097380000000117e-01,7.241906750000000059e-01,8.162776670000000401e-01
0.000000000000000000e+00,2.636799600000000465e-02,8.443939699999999937e-02,2.421942269999999842e-01,6.573400630000000300e-01,8.465789379999999476e-01,1.147194859999999955e-01,5.580440700000000032e-02,3.359999999999999814e-04,6.787646599999999641e-02,2.782717100000000124e-02,1.968095100000000208e-02,7.359620150000000249e-01,7.960888630000000354e-01,1.590489200000000033e-02,5.589999999999999673e-05,4.971645000000000231e-03,0.000000000000000000e+00,5.587997470000000133e-01,1.215666680000000166e-01,5.016681229999999658e-01,7.752979530000000397e-01,1.719629219999999903e-01,4.657223659999999987e-01,8.622251899999999747e-01,4.910073629999999745e-01,5.762212450000000485e-01,2.404097380000000117e-01,7.241906750000000059e-01,8.162776670000000401e-01
0.000000000000000000e+00,3.101768700000000212e-02,6.199914599999999804e-02,2.302085949999999881e-01,6.594549700000000847e-01,8.465789379999999476e-01,1.147194859999999955e-01,5.580440700000000032e-02,3.359999999999999814e-04,6.787646599999999641e-02,2.782717100000000124e-02,4.408556899999999806e-02,7.095804130000000765e-01,8.082979049999999832e-01,1.590489200000000033e-02,5.589999999999999673e-05,4.971645000000000231e-03,0.000000000000000000e+00,5.515040869999999762e-01,1.376032600000000050e-01,5.016681229999999658e-01,7.752979530000000397e-01,1.719629219999999903e-01,4.657223659999999987e-01,8.622251899999999747e-01,4.910073629999999745e-01,5.762212450000000485e-01,2.404097380000000117e-01,7.241906750000000059e-01,8.162776670000000401e-01
0.000000000000000000e+00,3.187317500000000359e-02,8.303556300000000667e-02,2.276993839999999769e-01,6.505362740000000255e-01,8.465789379999999476e-01,1.147194859999999955e-01,5.580440700000000032e-02,3.359999999999999814e-04,6.787646599999999641e-02,2.782717100000000124e-02,2.288883800000000163e-02,7.366248550000000783e-01,8.096910370000000023e-01,1.590489200000000033e-02,5.589999999999999673e-05,4.971645000000000231e-03,0.000000000000000000e+00,5.576291549999999875e-01,1.276001580000000191e-01,5.016681229999999658e-01,7.752979530000000397e-01,1.719629219999999903e-01,4.657223659999999987e-01,8.622251899999999747e-01,4.910073629999999745e-01,5.762212450000000485e-01,2.404097380000000117e-01,7.241906750000000059e-01,8.162776670000000401e-01
0.000000000000000000e+00,3.373390400000000205e-02,6.497733499999999718e-02,2.492005059999999883e-01,6.448336170000000811e-01,8.465789379999999476e-01,1.147194859999999955e-01,5.580440700000000032e-02,3.359999999999999814e-04,6.787646599999999641e-02,2.782717100000000124e-02,4.436166099999999668e-02,7.354500000000000481e-01,8.034762420000000072e-01,1.590489200000000033e-02,5.589999999999999673e-05,4.971645000000000231e-03,0.000000000000000000e+00,5.442598939999999663e-01,1.335267580000000232e-01,5.016681229999999658e-01,7.752979530000000397e-01,1.719629219999999903e-01,4.657223659999999987e-01,8.622251899999999747e-01,4.910073629999999745e-01,5.762212450000000485e-01,2.404097380000000117e-01,7.241906750000000059e-01,8.162776670000000401e-01
0.000000000000000000e+00,2.772702300000000342e-02,7.254383100000000306e-02,2.488925889999999697e-01,6.454221220000000425e-01,8.465789379999999476e-01,1.147194859999999955e-01,5.580440700000000032e-02,3.359999999999999814e-04,6.787646599999999641e-02,2.782717100000000124e-02,3.208893399999999951e-02,7.098573070000000484e-01,7.852565759999999839e-01,1.590489200000000033e-02,5.589999999999999673e-05,4.971645000000000231e-03,2.535219999999999488e-03,5.468389609999999568e-01,1.322894380000000092e-01,5.016681229999999658e-01,7.752979530000000397e-01,1.719629219999999903e-01,4.657223659999999987e-01,8.622251899999999747e-01,4.910073629999999745e-01,5.762212450000000485e-01,2.404097380000000117e-01,7.241906750000000059e-01,8.162776670000000401e-01
0.000000000000000000e+00,5.316942800000000469e-02,6.611126800000000081e-02,2.363506279999999793e-01,6.559623300000000379e-01,8.465789379999999476e-01,1.147194859999999955e-01,5.580440700000000032e-02,3.359999999999999814e-04,6.787646599999999641e-02,2.782717100000000124e-02,2.313340499999999578e-02,7.304112030000000644e-01,7.993807969999999763e-01,1.590489200000000033e-02,5.589999999999999673e-05,4.971645000000000231e-03,0.000000000000000000e+00,5.656709060000000289e-01,1.238732220000000050e-01,5.016681229999999658e-01,7.752979530000000397e-01,1.719629219999999903e-01,4.657223659999999987e-01,8.622251899999999747e-01,4.910073629999999745e-01,5.762212450000000485e-01,2.404097380000000117e-01,7.241906750000000059e-01,8.162776670000000401e-01
0.000000000000000000e+00,3.916099700000000294e-02,7.568777899999999670e-02,2.345872529999999956e-01,6.671991640000000112e-01,8.465789379999999476e-01,1.147194859999999955e-01,5.580440700000000032e-02,3.359999999999999814e-04,6.787646599999999641e-02,2.782717100000000124e-02,3.542676100000000106e-02,7.164843630000000685e-01,7.873139239999999983e-01,1.590489200000000033e-02,5.589999999999999673e-05,4.971645000000000231e-03,2.146517999999998302e-03,5.522734969999999466e-01,1.232160290000000047e-01,5.016681229999999658e-01,7.752979530000000397e-01,1.719629219999999903e-01,4.657223659999999987e-01,8.622251899999999747e-01,4.910073629999999745e-01,5.762212450000000485e-01,2.404097380000000117e-01,7.241906750000000059e-01,8.162776670000000401e-01
0.000000000000000000e+00,3.813310599999999995e-02,7.510780100000000181e-02,2.379524089999999759e-01,6.682878170000000617e-01,8.465789379999999476e-01,1.147194859999999955e-01,5.580440700000000032e-02,3.359999999999999814e-04,6.787646599999999641e-02,2.782717100000000124e-02,2.737387699999999785e-02,7.287257580000000567e-01,7.920642159999999876e-01,1.590489200000000033e-02,5.589999999999999673e-05,4.971645000000000231e-03,0.000000000000000000e+00,5.546499559999999995e-01,1.303356550000000225e-01,5.016681229999999658e-01,7.752979530000000397e-01,1.719629219999999903e-01,4.657223659999999987e-01,8.622251899999999747e-01,4.910073629999999745e-01,5.762212450000000485e-01,2.404097380000000117e-01,7.241906750000000059e-01,8.162776670000000401e-01
0.000000000000000000e+00,3.169750000000000345e-02,8.362400400000000178e-02,2.441583059999999916e-01,6.564545900000000600e-01,8.465789379999999476e-01,1.147194859999999955e-01,5.580440700000000032e-02,3.359999999999999814e-04,6.787646599999999641e-02,2.782717100000000124e-02,2.678636599999999895e-02,7.342690040000000584e-01,8.023265990000000292e-01,1.590489200000000033e-02,5.589999999999999673e-05,4.971645000000000231e-03,0.000000000000000000e+00,5.707230519999999530e-01,1.135276410000000125e-01,5.016681229999999658e-01,7.752979530000000397e-01,1.719629219999999903e-01,4.657223659999999987e-01,8.622251899999999747e-01,4.910073629999999745e-01,5.762212450000000485e-01,2.404097380000000117e-01,7.241906750000000059e-01,8.162776670000000401e-01
0.000000000000000000e+00,3.283819100000000268e-02,8.165268100000000473e-02,2.470207079999999777e-01,6.674415679999999851e-01,8.465789379999999476e-01,1.147194859999999955e-01,5.580440700000000032e-02,3.359999999999999814e-04,6.787646599999999641e-02,2.782717100000000124e-02,4.156501099999999893e-02,7.124236630000000403e-01,7.991666800000000181e-01,1.590489200000000033e-02,5.589999999999999673e-05,4.971645000000000231e-03,0.000000000000000000e+00,5.562567339999999749e-01,1.247588380000000108e-01,5.016681229999999658e-01,7.752979530000000397e-01,1.719629219999999903e-01,4.657223659999999987e-01,8.622251899999999747e-01,4.910073629999999745e-01,5.762212450000000485e-01,2.404097380000000117e-01,7.241906750000000059e-01,8.162776670000000401e-01
0.000000000000000000e+00,4.937098800000000454e-02,8.569709899999999880e-02,2.319462059999999881e-01,6.523500280000000817e-01,8.465789379999999476e-01,1.147194859999999955e-01,5.580440700000000032e-02,3.359999999999999814e-04,6.787646599999999641e-02,2.782717100000000124e-02,3.353985199999999500e-02,7.126029759999999991e-01,8.106819029999999815e-01,1.590489200000000033e-02,5.589999999999999673e-05,4.971645000000000231e-03,0.000000000000000000e+00,5.691649880000000383e-01,1.387887910000000224e-01,5.016681229999999658e-01,7.752979530000000397e-01,1.719629219999999903e-01,4.657223659999999987e-01,8.622251899999999747e-01,4.910073629999999745e-01,5.762212450000000485e-01,2.404097380000000117e-01,7.241906750000000059e-01,8.162776670000000401e-01
0.000000000000000000e+00,4.069062700000000699e-02,8.078515000000000001e-02,2.346158489999999874e-01,6.578917210000000404e-01,8.465789379999999476e-01,1.147194859999999955e-01,5.580440700000000032e-02,3.359999999999999814e-04,6.787646599999999641e-02,2.782717100000000124e-02,2.251824200000000081e-02,7.317775340000000073e-01,7.846932079999999754e-01,1.590489200000000033e-02,5.589999999999999673e-05,4.971645000000000231e-03,0.000000000000000000e+00,5.630119080000000054e-01,1.254412370000000110e-01,5.016681229999999658e-01,7.752979530000000397e-01,1.719629219999999903e-01,4.657223659999999987e-01,8.622251899999999747e-01,4.910073629999999745e-01,5.762212450000000485e-01,2.404097380000000117e-01,7.241906750000000059e-01,8.162776670000000401e-01
0.000000000000000000e+00,3.095108100000000528e-02,7.555648900000000445e-02,2.230424429999999791e-01,6.646682350000000516e-01,8.465789379999999476e-01,1.147194859999999955e-01,5.580440700000000032e-02,3.359999999999999814e-04,6.787646599999999641e-02,2.782717100000000124e-02,3.291035700000000119e-02,7.322486320000000104e-01,7.850744200000000506e-01,1.590489200000000033e-02,5.589999999999999673e-05,4.971645000000000231e-03,0.000000000000000000e+00,5.602778790000000342e-01,1.349826600000000043e-01,5.016681229999999658e-01,7.752979530000000397e-01,1.719629219999999903e-01,4.657223659999999987e-01,8.622251899999999747e-01,4.910073629999999745e-01,5.762212450000000485e-01,2.404097380000000117e-01,7.241906750000000059e-01,8.162776670000000401e-01
0.000000000000000000e+00,3.768602000000000063e-02,5.807441199999999887e-02,2.279453989999999930e-01,6.410430049999999991e-01,8.465789379999999476e-01,1.147194859999999955e-01,5.580440700000000032e-02,3.359999999999999814e-04,6.787646599999999641e-02,2.782717100000000124e-02,2.110810999999999937e-02,7.098841070000000419e-01,8.050306660000000614e-01,1.590489200000000033e-02,5.589999999999999673e-05,4.971645000000000231e-03,0.000000000000000000e+00,5.521515070000000414e-01,1.195881560000000149e-01,5.016681229999999658e-01,7.752979530000000397e-01,1.719629219999999903e-01,4.657223659999999987e-01,8.622251899999999747e-01,4.910073629999999745e-01,5.762212450000000485e-01,2.404097380000000117e-01,7.241906750000000059e-01,8.162776670000000401e-01
0.000000000000000000e+00,5.297239600000000492e-02,6.348236499999999893e-02,2.323971609999999910e-01,6.461699990000000504e-01,8.465789379999999476e-01,1.147194859999999955e-01,5.580440700000000032e-02,3.359999999999999814e-04,6.787646599999999641e-02,2.782717100000000124e-02,3.768430100000000338e-02,7.335550910000000480e-01,8.116797780000000184e-01,1.590489200000000033e-02,5.589999999999999673e-05,4.971645000000000231e-03,0.000000000000000000e+00,5.618843729999999370e-01,1.339576010000000095e-01,5.016681229999999658e-01,7.752979530000000397e-01,1.719629219999999903e-01,4.657223659999999987e-01,8.622251899999999747e-01,4.910073629999999745e-01,5.762212450000000485e-01,2.404097380000000117e-01,7.241906750000000059e-01,8.162776670000000401e-01
0.000000000000000000e+00,2.943765200000000165e-02,8.505630399999999924e-02,2.451870449999999924e-01,6.584385090000000051e-01,8.465789379999999476e-01,1.147194859999999955e-01,5.580440700000000032e-02,3.359999999999999814e-04,6.787646599999999641e-02,2.782717100000000124e-02,2.820900800000000069e-02,7.312349719999999831e-01,7.902030820000000011e-01,1.590489200000000033e-02,5.589999999999999673e-05,4.971645000000000231e-03,0.000000000000000000e+00,5.674989129999999937e-01,1.153470270000000186e-01,5.016681229999999658e-01,7.752979530000000397e-01,1.719629219999999903e-01,4.657223659999999987e-01,8.622251899999999747e-01,4.910073629999999745e-01,5.762212450000000485e-01,2.404097380000000117e-01,7.241906750000000059e-01,8.162776670000000401e-01
0.000000000000000000e+00,3.950056100000000348e-02,6.872728200000000065e-02,2.374261529999999731e-01,6.656706310000000126e-01,8.465789379999999476e-01,1.147194859999999955e-01,5.580440700000000032e-02,3.359999999999999814e-04,6.787646599999999641e-02,2.782717100000000124e-02,3.154307800000000217e-02,7.267439700000000169e-01,7.849071930000000030e-01,1.590489200000000033e-02,5.589999999999999673e-05,4.971645000000000231e-03,0.000000000000000000e+00,5.434169839999999363e-01,1.188136800000000048e-01,5.016681229999999658e-01,7.752979530000000397e-01,1.719629219999999903e-01,4.657223659999999987e-01,8.622251899999999747e-01,4.910073629999999745e-01,5.762212450000000485e-01,2.404097380000000117e-01,7.241906750000000059e-01,8.162776670000000401e-01
0.000000000000000000e+00,5.550532800000000655e-02,6.674716899999999509e-02,2.479363819999999830e-01,6.409912870000000762e-01,8.465789379999999476e-01,1.147194859999999955e-01,5.580440700000000032e-02,3.359999999999999814e-04,6.787646599999999641e-02,2.782717100000000124e-02,4.626223200000000035e-02,7.251161500000000704e-01,7.985909840000000592e-01,1.590489200000000033e-02,5.589999999999999673e-05,4.971645000000000231e-03,6.064938999999998359e-03,5.480014420000000053e-01,1.096570470000000075e-01,5.016681229999999658e-01,7.752979530000000397e-01,1.719629219999999903e-01,4.657223659999999987e-01,8.622251899999999747e-01,4.910073629999999745e-01,5.762212450000000485e-01,2.404097380000000117e-01,7.241906750000000059e-01,8.162776670000000401e-01
0.000000000000000000e+00,4.979975600000000058e-02,8.211847599999999581e-02,2.322697239999999830e-01,6.470306590000000080e-01,8.465789379999999476e-01,1.147194859999999955e-01,5.580440700000000032e-02,3.359999999999999814e-04,6.787646599999999641e-02,2.782717100000000124e-02,4.048569800000000052e-02,7.157702270000000366e-01,8.018644160000000243e-01,1.590489200000000033e-02,5.589999999999999673e-05,4.971645000000000231e-03,0.000000000000000000e+00,5.494305489999999903e-01,1.309485590000000199e-01,5.016681229999999658e-01,7.752979530000000397e-01,1.719629219999999903e-01,4.657223659999999987e-01,8.622251899999999747e-01,4.910073629999999745e-01,5.762212450000000485e-01,2.404097380000000117e-01,7.241906750000000059e-01,8.162776670000000401e-01
0.000000000000000000e+00,5.127299899999999966e-02,7.168795000000000028e-02,2.350441799999999914e-01,6.597030990000000150e-01,8.465789379999999476e-01,1.147194859999999955e-01,5.580440700000000032e-02,3.359999999999999814e-04,6.787646599999999641e-02,2.782717100000000124e-02,1.948634399999999572e-02,7.179292940000000511e-01,8.072573480000000412e-01,1.590489200000000033e-02,5.589999999999999673e-05,4.971645000000000231e-03,4.481440999999999203e-03,5.612662659999999581e-01,1.297057540000000064e-01,5.016681229999999658e-01,7.752979530000000397e-01,1.719629219999999903e-01,4.657223659999999987e-01,8.622251899999999747e-01,4.910073629999999745e-01,5.762212450000000485e-01,2.404097380000000117e-01,7.241906750000000059e-01,8.162776670000000401e-01
0.000000000000000000e+00,3.058336800000000660e-02,7.325376899999999636e-02,2.478066119999999817e-01,6.604612770000000133e-01,8.465789379999999476e-01,1.147194859999999955e-01,5.580440700000000032e-02,3.359999999999999814e-04,6.787646599999999641e-02,2.782717100000000124e-02,1.814200900000000061e-02,7.325351920000000572e-01,7.852075960000000077e-01,1.590489200000000033e-02,5.589999999999999673e-05,4.971645000000000231e-03,0.000000000000000000e+00,5.640022860000000193e-01,1.132777730000000121e-01,5.016681229999999658e-01,7.752979530000000397e-01,1.719629219999999903e-01,4.657223659999999987e-01,8.622251899999999747e-01,4.910073629999999745e-01,5.762212450000000485e-01,2.404097380000000117e-01,7.241906750000000059e-01,8.162776670000000401e-01
0.000000000000000000e+00,3.043351800000000662e-02,6.438681000000000265e-02,2.500928470000000070e-01,6.582497580000000736e-01,8.465789379999999476e-01,1.147194859999999955e-01,5.580440700000000032e-02,3.359999999999999814e-04,6.787646599999999641e-02,2.782717100000000124e-02,1.876389299999999677e-02,7.151376350000000492e-01,7.887595640000000241e-01,1.590489200000000033e-02,5.589999999999999673e-05,4.971645000000000231e-03,0.000000000000000000e+00,5.672185459999999901e-01,1.202986650000000129e-01,5.016681229999999658e-01,7.752979530000000397e-01,1.719629219999999903e-01,4.657223659999999987e-01,8.622251899999999747e-01,4.910073629999999745e-01,5.762212450000000485e-01,2.404097380000000117e-01,7.241906750000000059e-01,8.162776670000000401e-01
0.000000000000000000e+00,3.252644700000000000e-02,6.217730800000000058e-02,2.225070999999999855e-01,6.534127080000000642e-01,8.465789379999999476e-01,1.147194859999999955e-01,5.580440700000000032e-02,3.359999999999999814e-04,6.787646599999999641e-02,2.782717100000000124e-02,2.494669199999999948e-02,7.167288360000000358e-01,7.835989030000000133e-01,1.590489200000000033e-02,5.589999999999999673e-05,4.971645000000000231e-03,0.000000000000000000e+00,5.472887789999999475e-01,1.294305850000000147e-01,5.016681229999999658e-01,7.752979530000000397e-01,1.719629219999999903e-01,4.657223659999999987e-01,8.622251899999999747e-01,4.910073629999999745e-01,5.762212450000000485e-01,2.404097380000000117e-01,7.241906750000000059e-01,8.162776670000000401e-01
0.000000000000000000e+00,5.022081600000000146e-02,8.066969799999999802e-02,2.361612009999999873e-01,6.485751029999999862e-01,8.465789379999999476e-01,1.147194859999999955e-01,5.580440700000000032e-02,3.359999999999999814e-04,6.787646599999999641e-02,2.782717100000000124e-02,3.007723600000000025e-02,7.140958620000000812e-01,8.064619550000000636e-01,1.590489200000000033e-02,5.589999999999999673e-05,4.971645000000000231e-03,0.000000000000000000e+00,5.703377910000000384e-01,1.276263150000000179e-01,5.016681229999999658e-01,7.752979530000000397e-01,1.719629219999999903e-01,4.657223659999999987e-01,8.622251899999999747e-01,4.910073629999999745e-01,5.762212450000000485e-01,2.404097380000000117e-01,7.241906750000000059e-01,8.162776670000000401e-01
0.000000000000000000e+00,3.579755600000000815e-02,7.907967100000000416e-02,2.517208499999999960e-01,6.620105250000000163e-01,8.465789379999999476e-01,1.147194859999999955e-01,5.580440700000000032e-02,3.359999999999999814e-04,6.787646599999999641e-02,2.782717100000000124e-02,3.719350700000000065e-02,7.175425930000000063e-01,7.900704189999999683e-01,1.590489200000000033e-02,5.589999999999999673e-05,4.971645000000000231e-03,0.000000000000000000e+00,5.474768230000000013e-01,1.091265590000000119e-01,5.016681229999999658e-01,7.752979530000000397e-01,1.719629219999999903e-01,4.657223659999999987e-01,8.622251899999999747e-01,4.910073629999999745e-01,5.762212450000000485e-01,2.404097380000000117e-01,7.241906750000000059e-01,8.162776670000000401e-01
0.000000000000000000e+00,5.418987100000000057e-02,5.914004099999999736e-02,2.273926769999999875e-01,6.687404640000000899e-01,8.465789379999999476e-01,1.147194859999999955e-01,5.580440700000000032e-02,3.359999999999999814e-04,6.787646599999999641e-02,2.782717100000000124e-02,3.890387700000000337e-02,7.201611199999999879e-01,7.863223249999999886e-01,1.590489200000000033e-02,5.589999999999999673e-05,4.971645000000000231e-03,0.000000000000000000e+00,5.579373530000000247e-01,1.211925220000000109e-01,5.016681229999999658e-01,7.752979530000000397e-01,1.719629219999999903e-01,4.657223659999999987e-01,8.622251899999999747e-01,4.910073629999999745e-01,5.762212450000000485e-01,2.404097380000000117e-01,7.241906750000000059e-01,8.162776670000000401e-01
0.000000000000000000e+00,3.332541800000000248e-02,6.369171499999999597e-02,2.444573409999999947e-01,6.574524070000000719e-01,8.465789379999999476e-01,1.147194859999999955e-01,5.580440700000000032e-02,3.359999999999999814e-04,6.787646599999999641e-02,2.782717100000000124e-02,3.274432499999999774e-02,7.232337030000000055e-01,7.914597479999999630e-01,1.590489200000000033e-02,5.589999999999999673e-05,4.971645000000000231e-03,0.000000000000000000e+00,5.701233430000000046e-01,1.236581620000000159e-01,5.016681229999999658e-01,7.752979530000000397e-01,1.719629219999999903e-01,4.657223659999999987e-01,8.622251899999999747e-01,4.910073629999999745e-01,5.762212450000000485e-01,2.404097380000000117e-01,7.241906750000000059e-01,8.162776670000000401e-01
0.000000000000000000e+00,2.611362500000000142e-02,6.994765499999999747e-02,2.263604159999999810e-01,6.679196640000000240e-01,8.465789379999999476e-01,1.147194859999999955e-01,5.580440700000000032e-02,3.359999999999999814e-04,6.787646599999999641e-02,2.782717100000000124e-02,4.641122899999999829e-02,7.379081680000000310e-01,8.004057030000000239e-01,1.590489200000000033e-02,5.589999999999999673e-05,4.971645000000000231e-03,0.000000000000000000e+00,5.636706329999999765e-01,1.382847249999999972e-01,5.016681229999999658e-01,7.752979530000000397e-01,1.719629219999999903e-01,4.657223659999999987e-01,8.622251899999999747e-01,4.910073629999999745e-01,5.762212450000000485e-01,2.404097380000000117e-01,7.241906750000000059e-01,8.162776670000000401e-01
0.000000000000000000e+00,4.547579699999999836e-02,7.950359599999999582e-02,2.377829029999999899e-01,6.600576150000000419e-01,8.465789379999999476e-01,1.147194859999999955e-01,5.580440700000000032e-02,3.359999999999999814e-04,6.787646599999999641e-02,2.782717100000000124e-02,2.553227899999999800e-02,7.301819860000000606e-01,7.909600599999999648e-01,1.590489200000000033e-02,5.589999999999999673e-05,4.971645000000000231e-03,0.000000000000000000e+00,5.647172980000000342e-01,1.167057830000000074e-01,5.016681229999999658e-01,7.752979530000000397e-01,1.719629219999999903e-01,4.657223659999999987e-01,8.622251899999999747e-01,4.910073629999999745e-01,5.762212450000000485e-01,2.404097380000000117e-01,7.241906750000000059e-01,8.162776670000000401e-01
0.000000000000000000e+00,3.451136300000000323e-02,6.754384099999999336e-02,2.313014109999999846e-01,6.656054940000000197e-01,8.465789379999999476e-01,1.147194859999999955e-01,5.580440700000000032e-02,3.359999999999999814e-04,6.787646599999999641e-02,2.782717100000000124e-02,2.049316600000000016e-02,7.168897029999999893e-01,8.115442130000000143e-01,1.590489200000000033e-02,5.589999999999999673e-05,4.971645000000000231e-03,7.513786999999999203e-03,5.424844119999999714e-01,1.142375220000000080e-01,5.016681229999999658e-01,7.752979530000000397e-01,1.719629219999999903e-01,4.657223659999999987e-01,8.622251899999999747e-01,4.910073629999999745e-01,5.762212450000000485e-01,2.404097380000000117e-01,7.241906750000000059e-01,8.162776670000000401e-01
0.000000000000000000e+00,4.484037500000000176e-02,7.364543099999999731e-02,2.249996439999999986e-01,6.444368120000000255e-01,8.465789379999999476e-01,1.147194859999999955e-01,5.580440700000000032e-02,3.359999999999999814e-04,6.787646599999999641e-02,2.782717100000000124e-02,4.370871499999999521e-02,7.188108189999999897e-01,7.951211710000000155e-01,1.590489200000000033e-02,5.589999999999999673e-05,4.971645000000000231e-03,0.000000000000000000e+00,5.432238219999999673e-01,1.169449480000000069e-01,5.016681229999999658e-01,7.752979530000000397e-01,1.719629219999999903e-01,4.657223659999999987e-01,8.622251899999999747e-01,4.910073629999999745e-01,5.762212450000000485e-01,2.404097380000000117e-01,7.241906750000000059e-01,8.162776670000000401e-01
0.000000000000000000e+00,5.103950900000000374e-02,8.389075999999999478e-02,2.251777519999999810e-01,6.551705930000000233e-01,8.465789379999999476e-01,1.147194859999999955e-01,5.580440700000000032e-02,3.359999999999999814e-04,6.787646599999999641e-02,2.782717100000000124e-02,2.142479099999999859e-02,7.223145090000000490e-01,7.871849509999999661e-01,1.590489200000000033e-02,5.589999999999999673e-05,4.971645000000000231e-03,2.426708999999999117e-03,5.548938649999999306e-01,1.341480590000000139e-01,5.016681229999999658e-01,7.752979530000000397e-01,1.719629219999999903e-01,4.657223659999999987e-01,8.622251899999999747e-01,4.910073629999999745e-01,5.762212450000000485e-01,2.404097380000000117e-01,7.241906750000000059e-01,8.162776670000000401e-01
0.000000000000000000e+00,4.244556100000000665e-02,8.661530100000000565e-02,2.403303209999999857e-01,6.590598980000000884e-01,8.465789379999999476e-01,1.147194859999999955e-01,5.580440700000000032e-02,3.359999999999999814e-04,6.787646599999999641e-02,2.782717100000000124e-02,3.447133900000000362e-02,7.213084320000000549e-01,7.829576249999999904e-01,1.590489200000000033e-02,5.589999999999999673e-05,4.971645000000000231e-03,0.000000000000000000e+00,5.610302609999999746e-01,1.191610880000000122e-01,5.016681229999999658e-01,7.752979530000000397e-01,1.719629219999999903e-01,4.657223659999999987e-01,8.622251899999999747e-01,4.910073629999999745e-01,5.762212450000000485e-01,2.404097380000000117e-01,7.241906750000000059e-01,8.162776670000000401e-01
0.000000000000000000e+00,3.343247500000000316e-02,6.539950499999999667e-02,2.375951959999999807e-01,6.422374510000000702e-01,8.465789379999999476e-01,1.147194859999999955e-01,5.580440700000000032e-02,3.359999999999999814e-04,6.787646599999999641e-02,2.782717100000000124e-02,2.855410400000000029e-02,7.211168789999999884e-01,8.095730530000000424e-01,1.590489200000000033e-02,5.589999999999999673e-05,4.971645000000000231e-03,0.000000000000000000e+00,5.560442669999999810e-01,1.340079319999999963e-01,5.016681229999999658e-01,7.752979530000000397e-01,1.719629219999999903e-01,4.657223659999999987e-01,8.622251899999999747e-01,4.910073629999999745e-01,5.762212450000000485e-01,2.404097380000000117e-01,7.241906750000000059e-01,8.162776670000000401e-01
0.000000000000000000e+00,5.280327300000000473e-02,6.090486299999999659e-02,2.397949499999999790e-01,6.549512480000000414e-01,8.465789379999999476e-01,1.147194859999999955e-01,5.580440700000000032e-02,3.359999999999999814e-04,6.787646599999999641e-02,2.782717100000000124e-02,3.042520999999999767e-02,7.163989050000000303e-01,7.916243029999999736e-01,1.590489200000000033e-02,5.589999999999999673e-05,4.971645000000000231e-03,0.000000000000000000e+00,5.426600000000000312e-01,1.386207070000000097e-01,5.016681229999999658e-01,7.752979530000000397e-01,1.719629219999999903e-01,4.657223659999999987e-01,8.622251899999999747e-01,4.910073629999999745e-01,5.762212450000000485e-01,2.404097380000000117e-01,7.241906750000000059e-01,8.162776670000000401e-01
0.000000000000000000e+00,4.607720300000000407e-02,6.388959399999999400e-02,2.359604119999999805e-01,6.690971660000000210e-01,8.465789379999999476e-01,1.147194859999999955e-01,5.580440700000000032e-02,3.359999999999999814e-04,6.787646599999999641e-02,2.782717100000000124e-02,2.762721500000000011e-02,7.355645240000000529e-01,8.062300730000000470e-01,1.590489200000000033e-02,5.589999999999999673e-05,4.971645000000000231e-03,6.532669999999990429e-04,5.524455249999999928e-01,1.297926930000000145e-01,5.016681229999999658e-01,7.752979530000000397e-01,1.719629219999999903e-01,4.657223659999999987e-01,8.622251899999999747e-01,4.910073629999999745e-01,5.762212450000000485e-01,2.404097380000000117e-01,7.241906750000000059e-01,8.162776670000000401e-01
0.000000000000000000e+00,3.067396500000000442e-02,8.465542700000000531e-02,2.488706109999999916e-01,6.475753570000000181e-01,8.465789379999999476e-01,1.147194859999999955e-01,5.580440700000000032e-02,3.359999999999999814e-04,6.787646599999999641e-02,2.782717100000000124e-02,1.771994500000000083e-02,7.104453390000000645e-01,8.017042749999999662e-01,1.590489200000000033e-02,5.589999999999999673e-05,4.971645000000000231e-03,1.485595999999998751e-03,5.594357140000000284e-01,1.126778270000000082e-01,5.016681229999999658e-01,7.752979530000000397e-01,1.719629219999999903e-01,4.657223659999999987e-01,8.622251899999999747e-01,4.910073629999999745e-01,5.762212450000000485e-01,2.404097380000000117e-01,7.241906750000000059e-01,8.162776670000000401e-01
0.000000000000000000e+00,4.260132700000000827e-02,8.295750500000000083e-02,2.418419109999999927e-01,6.624149500000000579e-01,8.465789379999999476e-01,1.147194859999999955e-01,5.580440700000000032e-02,3.359999999999999814e-04,6.787646599999999641e-02,2.782717100000000124e-02,1.757692599999999966e-02,7.240940129999999808e-01,7.848431590000000124e-01,1.590489200000000033e-02,5.589999999999999673e-05,4.971645000000000231e-03,0.000000000000000000e+00,5.543827780000000205e-01,1.186851050000000130e-01,5.016681229999999658e-01,7.752979530000000397e-01,1.719629219999999903e-01,4.657223659999999987e-01,8.622251899999999747e-01,4.910073629999999745e-01,5.762212450000000485e-01,2.404097380000000117e-01,7.241906750000000059e-01,8.162776670000000401e-01
0.000000000000000000e+00,3.892993100000000095e-02,6.848186800000000130e-02,2.290386539999999804e-01,6.397353020000000612e-01,8.465789379999999476e-01,1.147194859999999955e-01,5.580440700000000032e-02,3.359999999999999814e-04,6.787646599999999641e-02,2.782717100000000124e-02,4.619141799999999798e-02,7.128222090000000399e-01,7.978496550000000465e-01,1.590489200000000033e-02,5.589999999999999673e-05,4.971645000000000231e-03,0.000000000000000000e+00,5.486403380000000052e-01,1.219025520000000112e-01,5.016681229999999658e-01,7.752979530000000397e-01,1.719629219999999903e-01,4.657223659999999987e-01,8.622251899999999747e-01,4.910073629999999745e-01,5.762212450000000485e-01,2.404097380000000117e-01,7.241906750000000059e-01,8.162776670000000401e-01
0.000000000000000000e+00,3.646116400000000424e-02,6.102705299999999777e-02,2.480603419999999892e-01,6.603265080000000342e-01,8.465789379999999476e-01,1.147194859999999955e-01,5.580440700000000032e-02,3.359999999999999814e-04,6.787646599999999641e-02,2.782717100000000124e-02,2.548582099999999878e-02,7.237221660000000556e-01,8.068803169999999580e-01,1.590489200000000033e-02,5.589999999999999673e-05,4.971645000000000231e-03,0.000000000000000000e+00,5.645552929999999581e-01,1.271302610000000222e-01,5.016681229999999658e-01,7.752979530000000397e-01,1.719629219999999903e-01,4.657223659999999987e-01,8.622251899999999747e-01,4.910073629999999745e-01,5.762212450000000485e-01,2.404097380000000117e-01,7.241906750000000059e-01,8.162776670000000401e-01
0.000000000000000000e+00,5.008325700000000602e-02,8.516254299999999333e-02,2.314458269999999929e-01,6.500337609999999877e-01,8.465789379999999476e-01,1.147194859999999955e-01,5.580440700000000032e-02,3.359999999999999814e-04,6.787646599999999641e-02,2.782717100000000124e-02,3.973520499999999567e-02,7.261106700000000691e-01,8.109894060000000238e-01,1.590489200000000033e-02,5.589999999999999673e-05,4.971645000000000231e-03,0.000000000000000000e+00,5.492092179999999990e-01,1.373111540000000186e-01,5.016681229999999658e-01,7.752979530000000397e-01,1.719629219999999903e-01,4.657223659999999987e-01,8.622251899999999747e-01,4.910073629999999745e-01,5.762212450000000485e-01,2.404097380000000117e-01,7.241906750000000059e-01,8.162776670000000401e-01
0.000000000000000000e+00,3.201387400000000466e-02,7.783556999999999282e-02,2.361403159999999890e-01,6.483488490000000048e-01,8.465789379999999476e-01,1.147194859999999955e-01,5.580440700000000032e-02,3.359999999999999814e-04,6.787646599999999641e-02,2.782717100000000124e-02,3.135365600000000058e-02,7.262237650000000766e-01,7.940275399999999761e-01,1.590489200000000033e-02,5.589999999999999673e-05,4.971645000000000231e-03,0.000000000000000000e+00,5.549977929999999615e-01,1.105833560000000076e-01,5.016681229999999658e-01,7.752979530000000397e-01,1.719629219999999903e-01,4.657223659999999987e-01,8.622251899999999747e-01,4.910073629999999745e-01,5.762212450000000485e-01,2.404097380000000117e-01,7.241906750000000059e-01,8.162776670000000401e-01
0.000000000000000000e+00,3.491819499999999910e-02,6.248428999999999789e-02,2.300966679999999764e-01,6.684208080000000329e-01,8.465789379999999476e-01,1.147194859999999955e-01,5.580440700000000032e-02,3.359999999999999814e-04,6.787646599999999641e-02,2.782717100000000124e-02,3.860831600000000363e-02,7.349479939999999933e-01,7.942815669999999661e-01,1.590489200000000033e-02,5.589999999999999673e-05,4.971645000000000231e-03,0.000000000000000000e+00,5.439170289999999408e-01,1.225063670000000049e-01,5.016681229999999658e-01,7.752979530000000397e-01,1.719629219999999903e-01,4.657223659999999987e-01,8.622251899999999747e-01,4.910073629999999745e-01,5.762212450000000485e-01,2.404097380000000117e-01,7.241906750000000059e-01,8.162776670000000401e-01
0.000000000000000000e+00,5.343889500000000015e-02,6.277932099999999904e-02,2.368764099999999817e-01,6.503516690000000766e-01,8.465789379999999476e-01,1.147194859999999955e-01,5.580440700000000032e-02,3.359999999999999814e-04,6.787646599999999641e-02,2.782717100000000124e-02,3.870299099999999909e-02,7.303748119999999844e-01,7.983344070000000237e-01,1.590489200000000033e-02,5.589999999999999673e-05,4.971645000000000231e-03,0.000000000000000000e+00,5.457658499999999968e-01,1.273064819999999986e-01,5.016681229999999658e-01,7.752979530000000397e-01,1.719629219999999903e-01,4.657223659999999987e-01,8.622251899999999747e-01,4.910073629999999745e-01,5.762212450000000485e-01,2.404097380000000117e-01,7.241906750000000059e-01,8.162776670000000401e-01
0.000000000000000000e+00,5.517666599999999921e-02,6.641406499999999435e-02,2.428597709999999743e-01,6.547106839999999872e-01,8.465789379999999476e-01,1.147194859999999955e-01,5.580440700000000032e-02,3.359999999999999814e-04,6.787646599999999641e-02,2.782717100000000124e-02,2.968587399999999751e-02,7.155065600000000137e-01,7.917696090000000408e-01,1.590489200000000033e-02,5.589999999999999673e-05,4.971645000000000231e-03,0.000000000000000000e+00,5.518872999999999696e-01,1.151434000000000069e-01,5.016681229999999658e-01,7.752979530000000397e-01,1.719629219999999903e-01,4.657223659999999987e-01,8.622251899999999747e-01,4.910073629999999745e-01,5.762212450000000485e-01,2.404097380000000117e-01,7.241906750000000059e-01,8.162776670000000401e-01
0.000000000000000000e+00,3.876534200000000818e-02,7.035668100000000424e-02,2.252519079999999729e-01,6.407375860000000811e-01,8.465789379999999476e-01,1.147194859999999955e-01,5.580440700000000032e-02,3.359999999999999814e-04,6.787646599999999641e-02,2.782717100000000124e-02,4.259693900000000033e-02,7.310649220000000614e-01,8.010995029999999906e-01,1.590489200000000033e-02,5.589999999999999673e-05,4.971645000000000231e-03,0.000000000000000000e+00,5.673479539999999322e-01,1.210706310000000119e-01,5.016681229999999658e-01,7.752979530000000397e-01,1.719629219999999903e-01,4.657223659999999987e-01,8.622251899999999747e-01,4.910073629999999745e-01,5.762212450000000485e-01,2.404097380000000117e-01,7.241906750000000059e-01,8.162776670000000401e-01
0.000000000000000000e+00,3.470946100000000395e-02,6.741501799999999323e-02,2.270900209999999753e-01,6.426529770000000141e-01,8.465789379999999476e-01,1.147194859999999955e-01,5.580440700000000032e-02,3.359999999999999814e-04,6.787646599999999641e-02,2.782717100000000124e-02,2.519962700000000222e-02,7.139333680000000681e-01,8.066658949999999662e-01,1.590489200000000033e-02,5.589999999999999673e-05,4.971645000000000231e-03,0.000000000000000000e+00,5.537718309999999367e-01,1.163607620000000065e-01,5.016681229999999658e-01,7.752979530000000397e-01,1.719629219999999903e-01,4.657223659999999987e-01,8.622251899999999747e-01,4.910073629999999745e-01,5.762212450000000485e-01,2.404097380000000117e-01,7.241906750000000059e-01,8.162776670000000401e-01
0.000000000000000000e+00,2.660679300000000358e-02,7.979308999999999708e-02,2.330091269999999826e-01,6.539075030000000011e-01,8.465789379999999476e-01,1.147194859999999955e-01,5.580440700000000032e-02,3.359999999999999814e-04,6.787646599999999641e-02,2.782717100000000124e-02,2.004780400000000240e-02,7.246383299999999972e-01,7.966526590000000407e-01,1.590489200000000033e-02,5.589999999999999673e-05,4.971645000000000231e-03,5.696129999999998902e-03,5.498333519999999419e-01,1.121638360000000167e-01,5.016681229999999658e-01,7.752979530000000397e-01,1.719629219999999903e-01,4.657223659999999987e-01,8.622251899999999747e-01,4.910073629999999745e-01,5.762212450000000485e-01,2.404097380000000117e-01,7.241906750000000059e-01,8.162776670000000401e-01
0.000000000000000000e+00,4.896258600000000238e-02,8.140290599999999710e-02,2.395676619999999868e-01,6.616421530000000661e-01,8.465789379999999476e-01,1.147194859999999955e-01,5.580440700000000032e-02,3.359999999999999814e-04,6.787646599999999641e-02,2.782717100000000124e-02,2.742357100000000075e-02,7.100381559999999759e-01,8.057523199999999663e-01,1.590489200000000033e-02,5.589999999999999673e-05,4.971645000000000231e-03,0.000000000000000000e+00,5.472525160000000222e-01,1.357280390000000225e-01,5.016681229999999658e-01,7.752979530000000397e-01,1.719629219999999903e-01,4.657223659999999987e-01,8.622251899999999747e-01,4.910073629999999745e-01,5.762212450000000485e-01,2.404097380000000117e-01,7.241906750000000059e-01,8.162776670000000401e-01
0.000000000000000000e+00,5.260117400000000054e-02,7.683915799999999074e-02,2.475683829999999752e-01,6.580116839999999856e-01,8.465789379999999476e-01,1.147194859999999955e-01,5.580440700000000032e-02,3.359999999999999814e-04,6.787646599999999641e-02,2.782717100000000124e-02,3.952048799999999945e-02,7.177229360000000336e-01,8.002952300000000241e-01,1.590489200000000033e-02,5.589999999999999673e-05,4.971645000000000231e-03,0.000000000000000000e+00,5.675939979999999885e-01,1.255004040000000098e-01,5.016681229999999658e-01,7.752979530000000397e-01,1.719629219999999903e-01,4.657223659999999987e-01,8.622251899999999747e-01,4.910073629999999745e-01,5.762212450000000485e-01,2.404097380000000117e-01,7.241906750000000059e-01,8.162776670000000401e-01
0.000000000000000000e+00,5.238671699999999931e-02,5.799240699999999582e-02,2.509621129999999867e-01,6.490029850000000877e-01,8.465789379999999476e-01,1.147194859999999955e-01,5.580440700000000032e-02,3.359999999999999814e-04,6.787646599999999641e-02,2.782717100000000124e-02,2.478429199999999943e-02,7.252283750000000362e-01,7.883588120000000199e-01,1.590489200000000033e-02,5.589999999999999673e-05,4.971645000000000231e-03,0.000000000000000000e+00,5.476700660000000109e-01,1.315103820000000090e-01,5.016681229999999658e-01,7.752979530000000397e-01,1.719629219999999903e-01,4.657223659999999987e-01,8.622251899999999747e-01,4.910073629999999745e-01,5.762212450000000485e-01,2.404097380000000117e-01,7.241906750000000059e-01,8.162776670000000401e-01
1.652513599999999930e-02,8.713834000000000857e-02,1.307496039999999915e-01,2.949883949999999588e-01,6.940525670000000646e-01,8.465789379999999476e-01,1.147194859999999955e-01,5.580440700000000032e-02,3.359999999999999814e-04,6.787646599999999641e-02,2.782717100000000124e-02,8.558060700000000298e-02,7.709077120000000782e-01,8.522206399999999737e-01,1.590489200000000033e-02,5.589999999999999673e-05,4.971645000000000231e-03,4.605798900000000057e-02,5.937417649999999769e-01,1.874006310000000119e-01,5.016681229999999658e-01,7.752979530000000397e-01,1.719629219999999903e-01,4.657223659999999987e-01,8.622251899999999747e-01,4.910073629999999745e-01,5.762212450000000485e-01,2.404097380000000117e-01,7.241906750000000059e-01,8.162776670000000401e-01
2.940157000000000187e-02,9.074233400000000782e-02,1.357962799999999914e-01,3.016616629999999688e-01,7.187047290000000421e-01,8.465789379999999476e-01,1.147194859999999955e-01,5.580440700000000032e-02,3.359999999999999814e-04,6.787646599999999641e-02,2.782717100000000124e-02,8.870442400000000394e-02,7.853328200000000425e-01,8.480334240000000356e-01,1.590489200000000033e-02,5.589999999999999673e-05,4.971645000000000231e-03,3.725674699999999978e-02,6.209047699999999947e-01,1.833789820000000237e-01,5.016681229999999658e-01,7.752979530000000397e-01,1.719629219999999903e-01,4.657223659999999987e-01,8.622251899999999747e-01,4.910073629999999745e-01,5.762212450000000485e-01,2.404097380000000117e-01,7.241906750000000059e-01,8.162776670000000401e-01
2.934897700000000179e-02,1.026901739999999952e-01,1.190627669999999999e-01,2.989495449999999832e-01,7.060726660000000710e-01,8.465789379999999476e-01,1.147194859999999955e-01,5.580440700000000032e-02,3.359999999999999814e-04,6.787646599999999641e-02,2.782717100000000124e-02,7.974807600000000107e-02,7.787237140000000668e-01,8.451646769999999753e-01,1.590489200000000033e-02,5.589999999999999673e-05,4.971645000000000231e-03,2.832343799999999939e-02,6.183876649999999753e-01,1.765278500000000139e-01,5.016681229999999658e-01,7.752979530000000397e-01,1.719629219999999903e-01,4.657223659999999987e-01,8.622251899999999747e-01,4.910073629999999745e-01,5.762212450000000485e-01,2.404097380000000117e-01,7.241906750000000059e-01,8.162776670000000401e-01
2.123426500000000217e-02,9.495130900000001151e-02,1.083292270000000002e-01,2.991832309999999939e-01,6.946934190000000342e-01,8.465789379999999476e-01,1.147194859999999955e-01,5.580440700000000032e-02,3.359999999999999814e-04,6.787646599999999641e-02,2.782717100000000124e-02,7.242305799999999849e-02,7.757612740000000562e-01,8.403522660000000144e-01,1.590489200000000033e-02,5.589999999999999673e-05,4.971645000000000231e-03,2.977798599999999934e-02,6.053142630000000191e-01,1.876621529999999982e-01,5.016681229999999658e-01,7.752979530000000397e-01,1.719629219999999903e-01,4.657223659999999987e-01,8.622251899999999747e-01,4.910073629999999745e-01,5.762212450000000485e-01,2.404097380000000117e-01,7.241906750000000059e-01,8.162776670000000401e-01
1.770154100000000119e-02,8.115962900000001090e-02,1.357633159999999950e-01,2.928513660000000018e-01,7.120581770000000699e-01,8.465789379999999476e-01,1.147194859999999955e-01,5.580440700000000032e-02,3.359999999999999814e-04,6.787646599999999641e-02,2.782717100000000124e-02,7.471344700000000227e-02,7.825240520000000810e-01,8.337260300000000068e-01,1.590489200000000033e-02,5.589999999999999673e-05,4.971645000000000231e-03,5.669297899999999751e-02,5.944086589999999504e-01,1.840551120000000207e-01,5.016681229999999658e-01,7.752979530000000397e-01,1.719629219999999903e-01,4.657223659999999987e-01,8.622251899999999747e-01,4.910073629999999745e-01,5.762212450000000485e-01,2.404097380000000117e-01,7.241906750000000059e-01,8.162776670000000401e-01
3.778342400000000295e-02,8.653490299999999635e-02,1.331010240000000122e-01,2.803803099999999660e-01,7.054751490000000791e-01,8.465789379999999476e-01,1.147194859999999955e-01,5.580440700000000032e-02,3.359999999999999814e-04,6.787646599999999641e-02,2.782717100000000124e-02,6.955073300000000347e-02,7.772903400000000795e-01,8.567442560000000373e-01,1.590489200000000033e-02,5.589999999999999673e-05,4.971645000000000231e-03,4.381041299999999944e-02,5.981145970000000256e-01,1.809708819999999996e-01,5.016681229999999658e-01,7.752979530000000397e-01,1.719629219999999903e-01,4.657223659999999987e-01,8.622251899999999747e-01,4.910073629999999745e-01,5.762212450000000485e-01,2.404097380000000117e-01,7.241906750000000059e-01,8.162776670000000401e-01
3.538554099999999952e-02,8.787051700000000909e-02,1.368105450000000056e-01,2.751539650000000004e-01,6.972903919999999811e-01,8.465789379999999476e-01,1.147194859999999955e-01,5.580440700000000032e-02,3.359999999999999814e-04,6.787646599999999641e-02,2.782717100000000124e-02,6.833189200000000518e-02,7.868214770000000469e-01,8.341047719999999943e-01,1.590489200000000033e-02,5.589999999999999673e-05,4.971645000000000231e-03,3.540152400000000366e-02,6.060822949999999931e-01,1.607858250000000211e-01,5.016681229999999658e-01,7.752979530000000397e-01,1.719629219999999903e-01,4.657223659999999987e-01,8.622251899999999747e-01,4.910073629999999745e-01,5.762212450000000485e-01,2.404097380000000117e-01,7.241906750000000059e-01,8.162776670000000401e-01
2.634588700000000186e-02,8.739194699999999760e-02,1.338175329999999885e-01,2.934617159999999836e-01,7.034937910000000905e-01,8.465789379999999476e-01,1.147194859999999955e-01,5.580440700000000032e-02,3.359999999999999814e-04,6.787646599999999641e-02,2.782717100000000124e-02,9.020105400000000273e-02,7.688573550000000756e-01,8.613942800000000677e-01,1.590489200000000033e-02,5.589999999999999673e-05,4.971645000000000231e-03,4.090520599999999951e-02,6.118288669999999430e-01,1.658029820000000154e-01,5.016681229999999658e-01,7.752979530000000397e-01,1.719629219999999903e-01,4.657223659999999987e-01,8.622251899999999747e-01,4.910073629999999745e-01,5.762212450000000485e-01,2.404097380000000117e-01,7.241906750000000059e-01,8.162776670000000401e-01
1.936007900000000226e-02,7.920510399999999840e-02,1.232801000000000036e-01,2.852706469999999883e-01,7.008629710000000568e-01,8.465789379999999476e-01,1.147194859999999955e-01,5.580440700000000032e-02,3.359999999999999814e-04,6.787646599999999641e-02,2.782717100000000124e-02,9.562898599999999916e-02,7.675355630000000318e-01,8.366707979999999933e-01,1.590489200000000033e-02,5.589999999999999673e-05,4.971645000000000231e-03,3.610584099999999963e-02,6.100642259999999872e-01,1.751423660000000215e-01,5.016681229999999658e-01,7.752979530000000397e-01,1.719629219999999903e-01,4.657223659999999987e-01,8.622251899999999747e-01,4.910073629999999745e-01,5.762212450000000485e-01,2.404097380000000117e-01,7.241906750000000059e-01,8.162776670000000401e-01
2.881291199999999955e-02,8.208831600000000839e-02,1.275597179999999886e-01,2.867973070000000013e-01,7.049909020000000304e-01,8.465789379999999476e-01,1.147194859999999955e-01,5.580440700000000032e-02,3.359999999999999814e-04,6.787646599999999641e-02,2.782717100000000124e-02,9.298583800000000121e-02,7.767453500000000011e-01,8.494659610000000471e-01,1.590489200000000033e-02,5.589999999999999673e-05,4.971645000000000231e-03,4.224605499999999764e-02,5.983216479999999837e-01,1.823994510000000180e-01,5.016681229999999658e-01,7.752979530000000397e-01,1.719629219999999903e-01,4.657223659999999987e-01,8.622251899999999747e-01,4.910073629999999745e-01,5.762212450000000485e-01,2.404097380000000117e-01,7.241906750000000059e-01,8.162776670000000401e-01
3.871182700000000421e-02,8.122743699999999956e-02,1.297134769999999937e-01,2.813648979999999744e-01,7.126702799999999893e-01,8.465789379999999476e-01,1.147194859999999955e-01,5.580440700000000032e-02,3.359999999999999814e-04,6.787646599999999641e-02,2.782717100000000124e-02,7.632099900000000048e-02,7.711027390000000370e-01,8.625841090000000433e-01,1.590489200000000033e-02,5.589999999999999673e-05,4.971645000000000231e-03,5.615667299999999723e-02,6.139096629999999388e-01,1.712176700000000162e-01,5.016681229999999658e-01,7.752979530000000397e-01,1.719629219999999903e-01,4.657223659999999987e-01,8.622251899999999747e-01,4.910073629999999745e-01,5.762212450000000485e-01,2.404097380000000117e-01,7.241906750000000059e-01,8.162776670000000401e-01
1.374879899999999905e-02,8.820774900000000196e-02,1.194517499999999954e-01,2.842377209999999987e-01,7.108675859999999957e-01,8.465789379999999476e-01,1.147194859999999955e-01,5.580440700000000032e-02,3.359999999999999814e-04,6.787646599999999641e-02,2.782717100000000124e-02,8.662804200000000232e-02,7.744656950000000650e-01,8.368649129999999881e-01,1.590489200000000033e-02,5.589999999999999673e-05,4.971645000000000231e-03,3.382562299999999911e-02,6.212335439999999709e-01,1.683372040000000180e-01,5.016681229999999658e-01,7.752979530000000397e-01,1.719629219999999903e-01,4.657223659999999987e-01,8.622251899999999747e-01,4.910073629999999745e-01,5.762212450000000485e-01,2.404097380000000117e-01,7.241906750000000059e-01,8.162776670000000401e-01
2.282435500000000103e-02,9.908715600000000956e-02,1.086882249999999994e-01,2.999647109999999950e-01,7.153332760000000734e-01,8.465789379999999476e-01,1.147194859999999955e-01,5.580440700000000032e-02,3.359999999999999814e-04,6.787646599999999641e-02,2.782717100000000124e-02,9.255276400000000958e-02,7.680365909999999907e-01,8.362032050000000050e-01,1.590489200000000033e-02,5.589999999999999673e-05,4.971645000000000231e-03,3.473623299999999831e-02,5.999397170000000390e-01,1.805914900000000212e-01,5.016681229999999658e-01,7.752979530000000397e-01,1.719629219999999903e-01,4.657223659999999987e-01,8.622251899999999747e-01,4.910073629999999745e-01,5.762212450000000485e-01,2.404097380000000117e-01,7.241906750000000059e-01,8.162776670000000401e-01
1.624607999999999955e-02,7.612365599999999788e-02,1.215891669999999980e-01,2.970449009999999723e-01,7.080936660000000105e-01,8.465789379999999476e-01,1.147194859999999955e-01,5.580440700000000032e-02,3.359999999999999814e-04,6.787646599999999641e-02,2.782717100000000124e-02,9.271032199999999779e-02,7.778857620000000361e-01,8.563564719999999797e-01,1.590489200000000033e-02,5.589999999999999673e-05,4.971645000000000231e-03,2.940304900000000055e-02,6.206651140000000177e-01,1.668363999999999958e-01,5.016681229999999658e-01,7.752979530000000397e-01,1.719629219999999903e-01,4.657223659999999987e-01,8.622251899999999747e-01,4.910073629999999745e-01,5.762212450000000485e-01,2.404097380000000117e-01,7.241906750000000059e-01,8.162776670000000401e-01
1.664632900000000137e-02,8.779500700000000823e-02,1.288728879999999910e-01,2.809397509999999598e-01,7.094240700000000732e-01,8.465789379999999476e-01,1.147194859999999955e-01,5.580440700000000032e-02,3.359999999999999814e-04,6.787646599999999641e-02,2.782717100000000124e-02,7.347008600000000389e-02,7.646486430000000167e-01,8.623635969999999817e-01,1.590489200000000033e-02,5.589999999999999673e-05,4.971645000000000231e-03,4.950406000000000251e-02,6.126515409999999662e-01,1.640288230000000180e-01,5.016681229999999658e-01,7.752979530000000397e-01,1.719629219999999903e-01,4.657223659999999987e-01,8.622251899999999747e-01,4.910073629999999745e-01,5.762212450000000485e-01,2.404097380000000117e-01,7.241906750000000059e-01,8.162776670000000401e-01
2.360419799999999985e-02,9.440457000000000709e-02,1.255626300000000084e-01,2.888237399999999955e-01,6.906741330000000234e-01,8.465789379999999476e-01,1.147194859999999955e-01,5.580440700000000032e-02,3.359999999999999814e-04,6.787646599999999641e-02,2.782717100000000124e-02,8.976075199999999921e-02,7.733891920000000031e-01,8.579997169999999951e-01,1.590489200000000033e-02,5.589999999999999673e-05,4.971645000000000231e-03,4.477446200000000098e-02,5.927986079999999491e-01,1.717297630000000075e-01,5.016681229999999658e-01,7.752979530000000397e-01,1.719629219999999903e-01,4.657223659999999987e-01,8.622251899999999747e-01,4.910073629999999745e-01,5.762212450000000485e-01,2.404097380000000117e-01,7.241906750000000059e-01,8.162776670000000401e-01
1.548105500000000051e-02,9.726660400000000650e-02,1.221316310000000044e-01,2.727630169999999965e-01,7.152235530000000674e-01,8.465789379999999476e-01,1.147194859999999955e-01,5.580440700000000032e-02,3.359999999999999814e-04,6.787646599999999641e-02,2.782717100000000124e-02,9.105034900000000264e-02,7.822036690000000458e-01,8.426573080000000493e-01,1.590489200000000033e-02,5.589999999999999673e-05,4.971645000000000231e-03,5.645459099999999841e-02,5.978116139999999357e-01,1.661173570000000210e-01,5.016681229999999658e-01,7.752979530000000397e-01,1.719629219999999903e-01,4.657223659999999987e-01,8.622251899999999747e-01,4.910073629999999745e-01,5.762212450000000485e-01,2.404097380000000117e-01,7.241906750000000059e-01,8.162776670000000401e-01
1.153988200000000131e-02,9.872320000000001095e-02,1.323942459999999932e-01,2.886901009999999768e-01,7.177943870000000892e-01,8.465789379999999476e-01,1.147194859999999955e-01,5.580440700000000032e-02,3.359999999999999814e-04,6.787646599999999641e-02,2.782717100000000124e-02,7.194314300000000106e-02,7.778408920000000615e-01,8.382295840000000275e-01,1.590489200000000033e-02,5.589999999999999673e-05,4.971645000000000231e-03,4.976992000000000221e-02,6.020127450000000158e-01,1.872055760000000124e-01,5.016681229999999658e-01,7.752979530000000397e-01,1.719629219999999903e-01,4.657223659999999987e-01,8.622251899999999747e-01,4.910073629999999745e-01,5.762212450000000485e-01,2.404097380000000117e-01,7.241906750000000059e-01,8.162776670000000401e-01
2.540546899999999997e-02,1.036083379999999943e-01,1.309385519999999858e-01,3.018108619999999576e-01,7.062439320000000187e-01,8.465789379999999476e-01,1.147194859999999955e-01,5.580440700000000032e-02,3.359999999999999814e-04,6.787646599999999641e-02,2.782717100000000124e-02,9.030979799999999669e-02,7.857404279999999908e-01,8.573984209999999662e-01,1.590489200000000033e-02,5.589999999999999673e-05,4.971645000000000231e-03,4.365745799999999621e-02,6.084502640000000184e-01,1.650969800000000043e-01,5.016681229999999658e-01,7.752979530000000397e-01,1.719629219999999903e-01,4.657223659999999987e-01,8.622251899999999747e-01,4.910073629999999745e-01,5.762212450000000485e-01,2.404097380000000117e-01,7.241906750000000059e-01,8.162776670000000401e-01
2.902354799999999971e-02,8.157066200000000211e-02,1.130299310000000002e-01,2.863038860000000074e-01,7.093061529999999948e-01,8.465789379999999476e-01,1.147194859999999955e-01,5.580440700000000032e-02,3.359999999999999814e-04,6.787646599999999641e-02,2.782717100000000124e-02,7.164469399999999488e-02,7.641056840000000072e-01,8.566328869999999540e-01,1.590489200000000033e-02,5.589999999999999673e-05,4.971645000000000231e-03,5.260174999999999573e-02,5.962342670000000400e-01,1.742963150000000072e-01,5.016681229999999658e-01,7.752979530000000397e-01,1.719629219999999903e-01,4.657223659999999987e-01,8.622251899999999747e-01,4.910073629999999745e-01,5.762212450000000485e-01,2.404097380000000117e-01,7.241906750000000059e-01,8.162776670000000401e-01
2.487311799999999962e-02,9.323602799999999857e-02,1.091010270000000032e-01,2.917987819999999788e-01,7.022595260000000783e-01,8.465789379999999476e-01,1.147194859999999955e-01,5.580440700000000032e-02,3.359999999999999814e-04,6.787646599999999641e-02,2.782717100000000124e-02,6.935580900000000437e-02,7.803488539999999807e-01,8.500612080000000681e-01,1.590489200000000033e-02,5.589999999999999673e-05,4.971645000000000231e-03,3.850961599999999652e-02,6.174298969999999498e-01,1.727018849999999994e-01,5.016681229999999658e-01,7.752979530000000397e-01,1.719629219999999903e-01,4.657223659999999987e-01,8.622251899999999747e-01,4.910073629999999745e-01,5.762212450000000485e-01,2.404097380000000117e-01,7.241906750000000059e-01,8.162776670000000401e-01
1.278412699999999930e-02,1.060578729999999970e-01,1.099298090000000033e-01,3.005021900000000024e-01,7.147620690000000554e-01,8.465789379999999476e-01,1.147194859999999955e-01,5.580440700000000032e-02,3.359999999999999814e-04,6.787646599999999641e-02,2.782717100000000124e-02,8.216469799999999435e-02,7.741120280000000076e-01,8.546384160000000119e-01,1.590489200000000033e-02,5.589999999999999673e-05,4.971645000000000231e-03,4.401098300000000352e-02,6.005543859999999956e-01,1.701952090000000140e-01,5.016681229999999658e-01,7.752979530000000397e-01,1.719629219999999903e-01,4.657223659999999987e-01,8.622251899999999747e-01,4.910073629999999745e-01,5.762212450000000485e-01,2.404097380000000117e-01,7.241906750000000059e-01,8.162776670000000401e-01
2.235756200000000096e-02,7.828018300000000318e-02,1.279503899999999972e-01,3.004074039999999890e-01,7.140255720000000528e-01,8.465789379999999476e-01,1.147194859999999955e-01,5.580440700000000032e-02,3.359999999999999814e-04,6.787646599999999641e-02,2.782717100000000124e-02,8.798749100000000101e-02,7.845893620000000679e-01,8.598436550000000400e-01,1.590489200000000033e-02,5.589999999999999673e-05,4.971645000000000231e-03,4.535135799999999440e-02,6.164168810000000276e-01,1.844607620000000003e-01,5.016681229999999658e-01,7.752979530000000397e-01,1.719629219999999903e-01,4.657223659999999987e-01,8.622251899999999747e-01,4.910073629999999745e-01,5.762212450000000485e-01,2.404097380000000117e-01,7.241906750000000059e-01,8.162776670000000401e-01
1.956808999999999979e-02,7.644213900000000617e-02,1.317566270000000150e-01,2.771179119999999663e-01,6.934009780000000012e-01,8.465789379999999476e-01,1.147194859999999955e-01,5.580440700000000032e-02,3.359999999999999814e-04,6.787646599999999641e-02,2.782717100000000124e-02,6.884026499999999771e-02,7.834665370000000184e-01,8.503546229999999762e-01,1.590489200000000033e-02,5.589999999999999673e-05,4.971645000000000231e-03,4.569705599999999979e-02,6.040166299999999433e-01,1.826386210000000010e-01,5.016681229999999658e-01,7.752979530000000397e-01,1.719629219999999903e-01,4.657223659999999987e-01,8.622251899999999747e-01,4.910073629999999745e-01,5.762212450000000485e-01,2.404097380000000117e-01,7.241906750000000059e-01,8.162776670000000401e-01
3.340620600000000079e-02,9.299576000000001064e-02,1.300547160000000146e-01,2.986641959999999929e-01,6.935434690000000790e-01,8.465789379999999476e-01,1.147194859999999955e-01,5.580440700000000032e-02,3.359999999999999814e-04,6.787646599999999641e-02,2.782717100000000124e-02,6.855107600000000245e-02,7.815364639999999863e-01,8.414928430000000459e-01,1.590489200000000033e-02,5.589999999999999673e-05,4.971645000000000231e-03,5.198010100000000078e-02,6.006901660000000254e-01,1.619271899999999986e-01,5.016681229999999658e-01,7.752979530000000397e-01,1.719629219999999903e-01,4.657223659999999987e-01,8.622251899999999747e-01,4.910073629999999745e-01,5.762212450000000485e-01,2.404097380000000117e-01,7.241906750000000059e-01,8.162776670000000401e-01
3.376739699999999761e-02,8.547221000000000679e-02,1.189108509999999980e-01,2.783174389999999998e-01,7.102128410000000391e-01,8.465789379999999476e-01,1.147194859999999955e-01,5.580440700000000032e-02,3.359999999999999814e-04,6.787646599999999641e-02,2.782717100000000124e-02,7.110837700000000039e-02,7.715513800000000089e-01,8.527577440000000397e-01,1.590489200000000033e-02,5.589999999999999673e-05,4.971645000000000231e-03,5.059533100000000033e-02,6.104426229999999620e-01,1.846267390000000119e-01,5.016681229999999658e-01,7.752979530000000397e-01,1.719629219999999903e-01,4.657223659999999987e-01,8.622251899999999747e-01,4.910073629999999745e-01,5.762212450000000485e-01,2.404097380000000117e-01,7.241906750000000059e-01,8.162776670000000401e-01
3.810427799999999837e-02,9.628130099999999969e-02,1.109902110000000053e-01,2.833958679999999952e-01,7.037026720000000291e-01,8.465789379999999476e-01,1.147194859999999955e-01,5.580440700000000032e-02,3.359999999999999814e-04,6.787646599999999641e-02,2.782717100000000124e-02,9.096548899999999660e-02,7.785235430000000401e-01,8.544565729999999970e-01,1.590489200000000033e-02,5.589999999999999673e-05,4.971645000000000231e-03,4.620357099999999884e-02,5.930831189999999919e-01,1.842030830000000174e-01,5.016681229999999658e-01,7.752979530000000397e-01,1.719629219999999903e-01,4.657223659999999987e-01,8.622251899999999747e-01,4.910073629999999745e-01,5.762212450000000485e-01,2.404097380000000117e-01,7.241906750000000059e-01,8.162776670000000401e-01
2.571471200000000068e-02,8.393393700000000013e-02,1.087974449999999926e-01,2.873963709999999838e-01,7.068815090000000190e-01,8.465789379999999476e-01,1.147194859999999955e-01,5.580440700000000032e-02,3.359999999999999814e-04,6.787646599999999641e-02,2.782717100000000124e-02,8.361632800000000365e-02,7.730256810000000200e-01,8.472054930000000317e-01,1.590489200000000033e-02,5.589999999999999673e-05,4.971645000000000231e-03,5.330619799999999908e-02,6.201257350000000113e-01,1.598663690000000082e-01,5.016681229999999658e-01,7.752979530000000397e-01,1.719629219999999903e-01,4.657223659999999987e-01,8.622251899999999747e-01,4.910073629999999745e-01,5.762212450000000485e-01,2.404097380000000117e-01,7.241906750000000059e-01,8.162776670000000401e-01
3.946430199999999971e-02,9.651310200000000339e-02,1.178393590000000046e-01,2.843941409999999892e-01,7.083998590000000206e-01,8.465789379999999476e-01,1.147194859999999955e-01,5.580440700000000032e-02,3.359999999999999814e-04,6.787646599999999641e-02,2.782717100000000124e-02,9.084722800000000209e-02,7.703394640000000848e-01,8.397172960000000019e-01,1.590489200000000033e-02,5.589999999999999673e-05,4.971645000000000231e-03,5.117709000000000147e-02,6.209765819999999437e-01,1.737519130000000078e-01,5.016681229999999658e-01,7.752979530000000397e-01,1.719629219999999903e-01,4.657223659999999987e-01,8.622251899999999747e-01,4.910073629999999745e-01,5.762212450000000485e-01,2.404097380000000117e-01,7.241906750000000059e-01,8.162776670000000401e-01
1.283883699999999878e-02,8.636358700000000554e-02,1.243057709999999955e-01,2.828796219999999972e-01,7.184675369999999894e-01,8.465789379999999476e-01,1.147194859999999955e-01,5.580440700000000032e-02,3.359999999999999814e-04,6.787646599999999641e-02,2.782717100000000124e-02,8.428597999999999646e-02,7.803987560000000823e-01,8.357734190000000174e-01,1.590489200000000033e-02,5.589999999999999673e-05,4.971645000000000231e-03,5.309649500000000050e-02,6.131121360000000298e-01,1.606615390000000199e-01,5.016681229999999658e-01,7.752979530000000397e-01,1.719629219999999903e-01,4.657223659999999987e-01,8.622251899999999747e-01,4.910073629999999745e-01,5.762212450000000485e-01,2.404097380000000117e-01,7.241906750000000059e-01,8.162776670000000401e-01
1.218075600000000092e-02,8.170439499999999911e-02,1.336053190000000002e-01,2.979109199999999680e-01,6.921953820000000812e-01,8.465789379999999476e-01,1.147194859999999955e-01,5.580440700000000032e-02,3.359999999999999814e-04,6.787646599999999641e-02,2.782717100000000124e-02,8.631589800000000201e-02,7.671765620000000618e-01,8.430154579999999953e-01,1.590489200000000033e-02,5.589999999999999673e-05,4.971645000000000231e-03,4.202968399999999771e-02,6.166782989999999298e-01,1.589940310000000079e-01,5.016681229999999658e-01,7.752979530000000397e-01,1.719629219999999903e-01,4.657223659999999987e-01,8.622251899999999747e-01,4.910073629999999745e-01,5.762212450000000485e-01,2.404097380000000117e-01,7.241906750000000059e-01,8.162776670000000401e-01
1.816998600000000255e-02,9.700648500000000340e-02,1.327353970000000050e-01,2.931142959999999964e-01,7.179074189999999911e-01,8.465789379999999476e-01,1.147194859999999955e-01,5.580440700000000032e-02,3.359999999999999814e-04,6.787646599999999641e-02,2.782717100000000124e-02,9.381297999999999027e-02,7.627156540000000762e-01,8.550938089999999825e-01,1.590489200000000033e-02,5.589999999999999673e-05,4.971645000000000231e-03,4.539670699999999448e-02,5.985245519999999875e-01,1.687339810000000051e-01,5.016681229999999658e-01,7.752979530000000397e-01,1.719629219999999903e-01,4.657223659999999987e-01,8.622251899999999747e-01,4.910073629999999745e-01,5.762212450000000485e-01,2.404097380000000117e-01,7.241906750000000059e-01,8.162776670000000401e-01
3.831067200000000394e-02,8.185385200000000472e-02,1.180717520000000020e-01,2.736338019999999815e-01,6.990095500000000905e-01,8.465789379999999476e-01,1.147194859999999955e-01,5.580440700000000032e-02,3.359999999999999814e-04,6.787646599999999641e-02,2.782717100000000124e-02,8.608967600000000386e-02,7.817257309999999793e-01,8.610038559999999563e-01,1.590489200000000033e-02,5.589999999999999673e-05,4.971645000000000231e-03,3.802904799999999585e-02,6.030169640000000442e-01,1.843124430000000202e-01,5.016681229999999658e-01,7.752979530000000397e-01,1.719629219999999903e-01,4.657223659999999987e-01,8.622251899999999747e-01,4.910073629999999745e-01,5.762212450000000485e-01,2.404097380000000117e-01,7.241906750000000059e-01,8.162776670000000401e-01
3.968740600000000146e-02,9.220112199999999647e-02,1.286681229999999954e-01,2.937479239999999936e-01,7.142636400000000885e-01,8.465789379999999476e-01,1.147194859999999955e-01,5.580440700000000032e-02,3.359999999999999814e-04,6.787646599999999641e-02,2.782717100000000124e-02,7.212956399999999324e-02,7.701340760000000563e-01,8.541366129999999890e-01,1.590489200000000033e-02,5.589999999999999673e-05,4.971645000000000231e-03,5.543793099999999585e-02,6.060103589999999985e-01,1.790018650000000100e-01,5.016681229999999658e-01,7.752979530000000397e-01,1.719629219999999903e-01,4.657223659999999987e-01,8.622251899999999747e-01,4.910073629999999745e-01,5.762212450000000485e-01,2.404097380000000117e-01,7.241906750000000059e-01,8.162776670000000401e-01
4.038212399999999841e-02,1.033165739999999944e-01,1.205254899999999990e-01,2.861026519999999573e-01,6.936772420000000272e-01,8.465789379999999476e-01,1.147194859999999955e-01,5.580440700000000032e-02,3.359999999999999814e-04,6.787646599999999641e-02,2.782717100000000124e-02,7.493433900000000258e-02,7.881606589999999857e-01,8.346189269999999549e-01,1.590489200000000033e-02,5.589999999999999673e-05,4.971645000000000231e-03,3.448186100000000254e-02,6.087849039999999601e-01,1.779349470000000100e-01,5.016681229999999658e-01,7.752979530000000397e-01,1.719629219999999903e-01,4.657223659999999987e-01,8.622251899999999747e-01,4.910073629999999745e-01,5.762212450000000485e-01,2.404097380000000117e-01,7.241906750000000059e-01,8.162776670000000401e-01
3.764006100000000243e-02,8.977923499999999890e-02,1.326171869999999975e-01,2.820107849999999861e-01,6.950162340000000105e-01,8.465789379999999476e-01,1.147194859999999955e-01,5.580440700000000032e-02,3.359999999999999814e-04,6.787646599999999641e-02,2.782717100000000124e-02,8.824818200000000834e-02,7.888326810000000355e-01,8.564981849999999675e-01,1.590489200000000033e-02,5.589999999999999673e-05,4.971645000000000231e-03,3.787421200000000432e-02,6.143877239999999684e-01,1.760015310000000166e-01,5.016681229999999658e-01,7.752979530000000397e-01,1.719629219999999903e-01,4.657223659999999987e-01,8.622251899999999747e-01,4.910073629999999745e-01,5.762212450000000485e-01,2.404097380000000117e-01,7.241906750000000059e-01,8.162776670000000401e-01
1.968151700000000254e-02,9.954614200000000412e-02,1.163810450000000024e-01,2.946393649999999864e-01,6.919762940000000473e-01,8.465789379999999476e-01,1.147194859999999955e-01,5.580440700000000032e-02,3.359999999999999814e-04,6.787646599999999641e-02,2.782717100000000124e-02,8.587121400000000127e-02,7.668879130000000321e-01,8.440569940000000049e-01,1.590489200000000033e-02,5.589999999999999673e-05,4.971645000000000231e-03,4.343074699999999871e-02,5.957923250000000115e-01,1.628444549999999991e-01,5.016681229999999658e-01,7.752979530000000397e-01,1.719629219999999903e-01,4.657223659999999987e-01,8.622251899999999747e-01,4.910073629999999745e-01,5.762212450000000485e-01,2.404097380000000117e-01,7.241906750000000059e-01,8.162776670000000401e-01
3.901237100000000402e-02,8.451126000000000471e-02,1.191456899999999985e-01,2.740991459999999602e-01,7.155010630000000482e-01,8.465789379999999476e-01,1.147194859999999955e-01,5.580440700000000032e-02,3.359999999999999814e-04,6.787646599999999641e-02,2.782717100000000124e-02,7.094373299999999494e-02,7.795996660000000800e-01,8.573247269999999531e-01,1.590489200000000033e-02,5.589999999999999673e-05,4.971645000000000231e-03,3.235366399999999726e-02,6.085898589999999553e-01,1.856861670000000131e-01,5.016681229999999658e-01,7.752979530000000397e-01,1.719629219999999903e-01,4.657223659999999987e-01,8.622251899999999747e-01,4.910073629999999745e-01,5.762212450000000485e-01,2.404097380000000117e-01,7.241906750000000059e-01,8.162776670000000401e-01
3.244006299999999815e-02,1.053227969999999958e-01,1.336233780000000149e-01,2.903540139999999936e-01,7.168361090000000546e-01,8.465789379999999476e-01,1.147194859999999955e-01,5.580440700000000032e-02,3.359999999999999814e-04,6.787646599999999641e-02,2.782717100000000124e-02,9.604229999999999712e-02,7.667496620000000540e-01,8.604765730000000223e-01,1.590489200000000033e-02,5.589999999999999673e-05,4.971645000000000231e-03,4.809600799999999565e-02,5.929925480000000082e-01,1.815505240000000187e-01,5.016681229999999658e-01,7.752979530000000397e-01,1.719629219999999903e-01,4.657223659999999987e-01,8.622251899999999747e-01,4.910073629999999745e-01,5.762212450000000485e-01,2.404097380000000117e-01,7.241906750000000059e-01,8.162776670000000401e-01
3.070908400000000107e-02,9.144150200000000783e-02,1.343836780000000064e-01,2.851825829999999895e-01,6.915163460000000040e-01,8.465789379999999476e-01,1.147194859999999955e-01,5.580440700000000032e-02,3.359999999999999814e-04,6.787646599999999641e-02,2.782717100000000124e-02,9.441010399999999470e-02,7.608168450000000194e-01,8.374682559999999665e-01,1.590489200000000033e-02,5.589999999999999673e-05,4.971645000000000231e-03,4.418522399999999517e-02,6.169005250000000329e-01,1.648987330000000195e-01,5.016681229999999658e-01,7.752979530000000397e-01,1.719629219999999903e-01,4.657223659999999987e-01,8.622251899999999747e-01,4.910073629999999745e-01,5.762212450000000485e-01,2.404097380000000117e-01,7.241906750000000059e-01,8.162776670000000401e-01
2.374166100000000071e-02,8.891671800000000569e-02,1.342042109999999899e-01,2.964754319999999832e-01,6.979719340000000161e-01,8.465789379999999476e-01,1.147194859999999955e-01,5.580440700000000032e-02,3.359999999999999814e-04,6.787646599999999641e-02,2.782717100000000124e-02,7.880392999999999426e-02,7.635663360000000122e-01,8.335944090000000362e-01,1.590489200000000033e-02,5.589999999999999673e-05,4.971645000000000231e-03,4.241401799999999778e-02,5.970428709999999750e-01,1.777442710000000092e-01,5.016681229999999658e-01,7.752979530000000397e-01,1.719629219999999903e-01,4.657223659999999987e-01,8.622251899999999747e-01,4.910073629999999745e-01,5.762212450000000485e-01,2.404097380000000117e-01,7.241906750000000059e-01,8.162776670000000401e-01
3.605859699999999779e-02,1.001815590000000034e-01,1.310767669999999829e-01,2.896647729999999865e-01,7.143730980000000397e-01,8.465789379999999476e-01,1.147194859999999955e-01,5.580440700000000032e-02,3.359999999999999814e-04,6.787646599999999641e-02,2.782717100000000124e-02,9.640757499999999536e-02,7.894652960000000386e-01,8.371072410000000019e-01,1.590489200000000033e-02,5.589999999999999673e-05,4.971645000000000231e-03,4.629670899999999839e-02,6.213523760000000395e-01,1.858846480000000134e-01,5.016681229999999658e-01,7.752979530000000397e-01,1.719629219999999903e-01,4.657223659999999987e-01,8.622251899999999747e-01,4.910073629999999745e-01,5.762212450000000485e-01,2.404097380000000117e-01,7.241906750000000059e-01,8.162776670000000401e-01
2.425693800000000219e-02,9.918141900000000677e-02,1.316295040000000083e-01,2.972404140000000083e-01,6.899005910000000075e-01,8.465789379999999476e-01,1.147194859999999955e-01,5.580440700000000032e-02,3.359999999999999814e-04,6.787646599999999641e-02,2.782717100000000124e-02,7.770890899999999268e-02,7.648545060000000451e-01,8.557235469999999733e-01,1.590489200000000033e-02,5.589999999999999673e-05,4.971645000000000231e-03,5.687000300000000230e-02,5.986950169999999405e-01,1.640562839999999967e-01,5.016681229999999658e-01,7.752979530000000397e-01,1.719629219999999903e-01,4.657223659999999987e-01,8.622251899999999747e-01,4.910073629999999745e-01,5.762212450000000485e-01,2.404097380000000117e-01,7.241906750000000059e-01,8.162776670000000401e-01
3.573593600000000287e-02,1.032197690000000029e-01,1.112997950000000069e-01,2.952330349999999770e-01,7.016262699999999963e-01,8.465789379999999476e-01,1.147194859999999955e-01,5.580440700000000032e-02,3.359999999999999814e-04,6.787646599999999641e-02,2.782717100000000124e-02,9.459400199999999648e-02,7.659199079999999826e-01,8.407617619999999681e-01,1.590489200000000033e-02,5.589999999999999673e-05,4.971645000000000231e-03,2.804631499999999875e-02,6.045649770000000034e-01,1.709672870000000233e-01,5.016681229999999658e-01,7.752979530000000397e-01,1.719629219999999903e-01,4.657223659999999987e-01,8.622251899999999747e-01,4.910073629999999745e-01,5.762212450000000485e-01,2.404097380000000117e-01,7.241906750000000059e-01,8.162776670000000401e-01
1.833150300000000246e-02,9.535063800000000145e-02,1.218671870000000018e-01,2.829802289999999720e-01,6.907599110000000042e-01,8.465789379999999476e-01,1.147194859999999955e-01,5.580440700000000032e-02,3.359999999999999814e-04,6.787646599999999641e-02,2.782717100000000124e-02,7.593140600000000684e-02,7.711920890000000250e-01,8.583167950000000213e-01,1.590489200000000033e-02,5.589999999999999673e-05,4.971645000000000231e-03,4.785886500000000043e-02,5.925063160000000329e-01,1.717620620000000209e-01,5.016681229999999658e-01,7.752979530000000397e-01,1.719629219999999903e-01,4.657223659999999987e-01,8.622251899999999747e-01,4.910073629999999745e-01,5.762212450000000485e-01,2.404097380000000117e-01,7.241906750000000059e-01,8.162776670000000401e-01
2.009777700000000070e-02,8.102061900000000205e-02,1.259520349999999900e-01,2.799872709999999820e-01,7.161720089999999983e-01,8.465789379999999476e-01,1.147194859999999955e-01,5.580440700000000032e-02,3.359999999999999814e-04,6.787646599999999641e-02,2.782717100000000124e-02,9.524621999999999256e-02,7.867241190000000550e-01,8.513413779999999820e-01,1.590489200000000033e-02,5.589999999999999673e-05,4.971645000000000231e-03,5.163379800000000158e-02,5.972858100000000281e-01,1.644303579999999987e-01,5.016681229999999658e-01,7.752979530000000397e-01,1.719629219999999903e-01,4.657223659999999987e-01,8.622251899999999747e-01,4.910073629999999745e-01,5.762212450000000485e-01,2.404097380000000117e-01,7.241906750000000059e-01,8.162776670000000401e-01
2.397904699999999986e-02,9.973468200000000505e-02,1.141167700000000063e-01,2.853484119999999957e-01,7.048507059999999935e-01,8.465789379999999476e-01,1.147194859999999955e-01,5.580440700000000032e-02,3.359999999999999814e-04,6.787646599999999641e-02,2.782717100000000124e-02,9.159116100000000427e-02,7.595366479999999809e-01,8.360685749999999805e-01,1.590489200000000033e-02,5.589999999999999673e-05,4.971645000000000231e-03,5.403440699999999958e-02,5.979850500000000180e-01,1.670160390000000050e-01,5.016681229999999658e-01,7.752979530000000397e-01,1.719629219999999903e-01,4.657223659999999987e-01,8.622251899999999747e-01,4.910073629999999745e-01,5.762212450000000485e-01,2.404097380000000117e-01,7.241906750000000059e-01,8.162776670000000401e-01
3.748788200000000015e-02,7.749230700000001026e-02,1.276601699999999895e-01,2.732277089999999853e-01,6.942200929999999826e-01,8.465789379999999476e-01,1.147194859999999955e-01,5.580440700000000032e-02,3.359999999999999814e-04,6.787646599999999641e-02,2.782717100000000124e-02,7.963064300000000095e-02,7.811349360000000575e-01,8.470963420000000577e-01,1.590489200000000033e-02,5.589999999999999673e-05,4.971645000000000231e-03,3.293194399999999772e-02,6.078704649999999710e-01,1.704749190000000025e-01,5.016681229999999658e-01,7.752979530000000397e-01,1.719629219999999903e-01,4.657223659999999987e-01,8.622251899999999747e-01,4.910073629999999745e-01,5.762212450000000485e-01,2.404097380000000117e-01,7.241906750000000059e-01,8.162776670000000401e-01
1.596683800000000056e-02,8.021296900000000896e-02,1.365403679999999953e-01,3.023057069999999791e-01,7.123509460000000404e-01,8.465789379999999476e-01,1.147194859999999955e-01,5.580440700000000032e-02,3.359999999999999814e-04,6.787646599999999641e-02,2.782717100000000124e-02,8.194427199999999856e-02,7.841967440000000567e-01,8.408809240000000296e-01,1.590489200000000033e-02,5.589999999999999673e-05,4.971645000000000231e-03,4.943985599999999730e-02,6.103055760000000163e-01,1.875653500000000196e-01,5.016681229999999658e-01,7.752979530000000397e-01,1.719629219999999903e-01,4.657223659999999987e-01,8.622251899999999747e-01,4.910073629999999745e-01,5.762212450000000485e-01,2.404097380000000117e-01,7.241906750000000059e-01,8.162776670000000401e-01
3.131256400000000106e-02,8.235365799999999625e-02,1.214941350000000031e-01,2.882839249999999964e-01,6.925523150000000294e-01,8.465789379999999476e-01,1.147194859999999955e-01,5.580440700000000032e-02,3.359999999999999814e-04,6.787646599999999641e-02,2.782717100000000124e-02,6.728036199999999634e-02,7.680695180000000066e-01,8.529262880000000324e-01,1.590489200000000033e-02,5.589999999999999673e-05,4.971645000000000231e-03,5.531185300000000110e-02,6.036923560000000410e-01,1.820745180000000185e-01,5.016681229999999658e-01,7.752979530000000397e-01,1.719629219999999903e-01,4.657223659999999987e-01,8.622251899999999747e-01,4.910073629999999745e-01,5.762212450000000485e-01,2.404097380000000117e-01,7.241906750000000059e-01,8.162776670000000401e-01
1.123228100000000021e-02,8.647839800000001187e-02,1.075762319999999939e-01,2.845269109999999935e-01,7.138626770000000565e-01,8.465789379999999476e-01,1.147194859999999955e-01,5.580440700000000032e-02,3.359999999999999814e-04,6.787646599999999641e-02,2.782717100000000124e-02,8.851693299999999209e-02,7.601273960000000107e-01,8.353558220000000256e-01,1.590489200000000033e-02,5.589999999999999673e-05,4.971645000000000231e-03,4.215406199999999909e-02,6.026058100000000195e-01,1.837006650000000130e-01,5.016681229999999658e-01,7.752979530000000397e-01,1.719629219999999903e-01,4.657223659999999987e-01,8.622251899999999747e-01,4.910073629999999745e-01,5.762212450000000485e-01,2.404097380000000117e-01,7.241906750000000059e-01,8.162776670000000401e-01
3.385777899999999757e-02,9.050245300000001047e-02,1.196061549999999918e-01,2.929127950000000036e-01,7.051009919999999820e-01,8.465789379999999476e-01,1.147194859999999955e-01,5.580440700000000032e-02,3.359999999999999814e-04,6.787646599999999641e-02,2.782717100000000124e-02,6.763964000000000087e-02,7.783556620000000592e-01,8.585040879999999985e-01,1.590489200000000033e-02,5.589999999999999673e-05,4.971645000000000231e-03,3.564370899999999565e-02,6.102175220000000122e-01,1.637049410000000205e-01,5.016681229999999658e-01,7.752979530000000397e-01,1.719629219999999903e-01,4.657223659999999987e-01,8.622251899999999747e-01,4.910073629999999745e-01,5.762212450000000485e-01,2.404097380000000117e-01,7.241906750000000059e-01,8.162776670000000401e-01
3.287841600000000059e-02,8.556205899999999587e-02,1.111944470000000018e-01,2.827398939999999916e-01,7.010417140000000380e-01,8.465789379999999476e-01,1.147194859999999955e-01,5.580440700000000032e-02,3.359999999999999814e-04,6.787646599999999641e-02,2.782717100000000124e-02,7.914749399999999879e-02,7.759129110000000384e-01,8.379212099999999719e-01,1.590489200000000033e-02,5.589999999999999673e-05,4.971645000000000231e-03,4.969391799999999665e-02,6.056708029999999798e-01,1.844166690000000053e-01,5.016681229999999658e-01,7.752979530000000397e-01,1.719629219999999903e-01,4.657223659999999987e-01,8.622251899999999747e-01,4.910073629999999745e-01,5.762212450000000485e-01,2.404097380000000117e-01,7.241906750000000059e-01,8.162776670000000401e-01
3.017078600000000152e-02,8.042848700000000683e-02,1.100599040000000001e-01,2.920851720000000040e-01,7.175436020000000026e-01,8.465789379999999476e-01,1.147194859999999955e-01,5.580440700000000032e-02,3.359999999999999814e-04,6.787646599999999641e-02,2.782717100000000124e-02,8.571417500000000356e-02,7.612800830000000518e-01,8.395830680000000434e-01,1.590489200000000033e-02,5.589999999999999673e-05,4.971645000000000231e-03,3.310846199999999823e-02,6.063589019999999774e-01,1.736358550000000056e-01,5.016681229999999658e-01,7.752979530000000397e-01,1.719629219999999903e-01,4.657223659999999987e-01,8.622251899999999747e-01,4.910073629999999745e-01,5.762212450000000485e-01,2.404097380000000117e-01,7.241906750000000059e-01,8.162776670000000401e-01
1.165573599999999987e-02,8.000503400000000265e-02,1.096736150000000021e-01,2.733562039999999915e-01,6.946133320000000833e-01,8.465789379999999476e-01,1.147194859999999955e-01,5.580440700000000032e-02,3.359999999999999814e-04,6.787646599999999641e-02,2.782717100000000124e-02,7.852809199999999379e-02,7.750744320000000354e-01,8.628383330000000129e-01,1.590489200000000033e-02,5.589999999999999673e-05,4.971645000000000231e-03,3.657846299999999856e-02,6.171523199999999765e-01,1.667497200000000179e-01,5.016681229999999658e-01,7.752979530000000397e-01,1.719629219999999903e-01,4.657223659999999987e-01,8.622251899999999747e-01,4.910073629999999745e-01,5.762212450000000485e-01,2.404097380000000117e-01,7.241906750000000059e-01,8.162776670000000401e-01
2.077194100000000210e-02,9.546896100000000496e-02,1.370799349999999861e-01,2.756889889999999954e-01,7.141588290000000505e-01,8.465789379999999476e-01,1.147194859999999955e-01,5.580440700000000032e-02,3.359999999999999814e-04,6.787646599999999641e-02,2.782717100000000124e-02,8.788230299999999495e-02,7.678429239999999822e-01,8.472743440000000126e-01,1.590489200000000033e-02,5.589999999999999673e-05,4.971645000000000231e-03,5.167419699999999810e-02,6.077146770000000364e-01,1.730230110000000043e-01,5.016681229999999658e-01,7.752979530000000397e-01,1.719629219999999903e-01,4.657223659999999987e-01,8.622251899999999747e-01,4.910073629999999745e-01,5.762212450000000485e-01,2.404097380000000117e-01,7.241906750000000059e-01,8.162776670000000401e-01
2.730636100000000122e-02,1.005572369999999938e-01,1.187591949999999980e-01,3.005635359999999645e-01,7.015054339999999833e-01,8.465789379999999476e-01,1.147194859999999955e-01,5.580440700000000032e-02,3.359999999999999814e-04,6.787646599999999641e-02,2.782717100000000124e-02,8.762813899999999379e-02,7.616837309999999750e-01,8.339378020000000058e-01,1.590489200000000033e-02,5.589999999999999673e-05,4.971645000000000231e-03,4.560642900000000388e-02,5.995037069999999968e-01,1.622624690000000203e-01,5.016681229999999658e-01,7.752979530000000397e-01,1.719629219999999903e-01,4.657223659999999987e-01,8.622251899999999747e-01,4.910073629999999745e-01,5.762212450000000485e-01,2.404097380000000117e-01,7.241906750000000059e-01,8.162776670000000401e-01
3.514403800000000244e-02,8.500843700000000613e-02,1.213338129999999987e-01,3.002376139999999860e-01,7.092112839999999974e-01,8.465789379999999476e-01,1.147194859999999955e-01,5.580440700000000032e-02,3.359999999999999814e-04,6.787646599999999641e-02,2.782717100000000124e-02,8.621871999999999869e-02,7.843346829999999770e-01,8.603952820000000390e-01,1.590489200000000033e-02,5.589999999999999673e-05,4.971645000000000231e-03,5.414008000000000015e-02,5.939471269999999636e-01,1.641961270000000250e-01,5.016681229999999658e-01,7.752979530000000397e-01,1.719629219999999903e-01,4.657223659999999987e-01,8.622251899999999747e-01,4.910073629999999745e-01,5.762212450000000485e-01,2.404097380000000117e-01,7.241906750000000059e-01,8.162776670000000401e-01
2.017077100000000053e-02,1.022666369999999936e-01,1.080074729999999927e-01,2.745169579999999776e-01,6.962662339999999839e-01,8.465789379999999476e-01,1.147194859999999955e-01,5.580440700000000032e-02,3.359999999999999814e-04,6.787646599999999641e-02,2.782717100000000124e-02,7.685332899999999801e-02,7.797765870000000765e-01,8.459181940000000122e-01,1.590489200000000033e-02,5.589999999999999673e-05,4.971645000000000231e-03,3.327856699999999501e-02,6.031336529999999918e-01,1.638864530000000153e-01,5.016681229999999658e-01,7.752979530000000397e-01,1.719629219999999903e-01,4.657223659999999987e-01,8.622251899999999747e-01,4.910073629999999745e-01,5.762212450000000485e-01,2.404097380000000117e-01,7.241906750000000059e-01,8.162776670000000401e-01
1.443330599999999991e-02,8.594781300000001178e-02,1.246634509999999946e-01,2.877906619999999749e-01,7.169436090000000927e-01,8.465789379999999476e-01,1.147194859999999955e-01,5.580440700000000032e-02,3.359999999999999814e-04,6.787646599999999641e-02,2.782717100000000124e-02,8.135576699999999550e-02,7.770339500000000843e-01,8.579230079999999870e-01,1.590489200000000033e-02,5.589999999999999673e-05,4.971645000000000231e-03,4.516767700000000330e-02,6.027197439999999462e-01,1.699139410000000128e-01,5.016681229999999658e-01,7.752979530000000397e-01,1.719629219999999903e-01,4.657223659999999987e-01,8.622251899999999747e-01,4.910073629999999745e-01,5.762212450000000485e-01,2.404097380000000117e-01,7.241906750000000059e-01,8.162776670000000401e-01
3.118440899999999974e-02,7.914272199999999868e-02,1.148641029999999952e-01,2.818092500000000111e-01,7.039547010000000160e-01,8.465789379999999476e-01,1.147194859999999955e-01,5.580440700000000032e-02,3.359999999999999814e-04,6.787646599999999641e-02,2.782717100000000124e-02,7.839919300000000590e-02,7.673371220000000381e-01,8.355382980000000126e-01,1.590489200000000033e-02,5.589999999999999673e-05,4.971645000000000231e-03,4.464865699999999438e-02,6.170626219999999496e-01,1.816477490000000250e-01,5.016681229999999658e-01,7.752979530000000397e-01,1.719629219999999903e-01,4.657223659999999987e-01,8.622251899999999747e-01,4.910073629999999745e-01,5.762212450000000485e-01,2.404097380000000117e-01,7.241906750000000059e-01,8.162776670000000401e-01
1.873593500000000217e-02,9.550994599999999835e-02,1.298334660000000085e-01,2.886021199999999620e-01,6.982464200000000343e-01,8.465789379999999476e-01,1.147194859999999955e-01,5.580440700000000032e-02,3.359999999999999814e-04,6.787646599999999641e-02,2.782717100000000124e-02,7.422490399999999433e-02,7.764397450000000145e-01,8.538208689999999823e-01,1.590489200000000033e-02,5.589999999999999673e-05,4.971645000000000231e-03,5.718931499999999751e-02,5.974211069999999513e-01,1.592275710000000122e-01,5.016681229999999658e-01,7.752979530000000397e-01,1.719629219999999903e-01,4.657223659999999987e-01,8.622251899999999747e-01,4.910073629999999745e-01,5.762212450000000485e-01,2.404097380000000117e-01,7.241906750000000059e-01,8.162776670000000401e-01
3.109683000000000239e-02,9.510226800000000369e-02,1.364052609999999999e-01,2.821307739999999731e-01,7.047944500000000723e-01,8.465789379999999476e-01,1.147194859999999955e-01,5.580440700000000032e-02,3.359999999999999814e-04,6.787646599999999641e-02,2.782717100000000124e-02,7.559457499999999719e-02,7.876871840000000402e-01,8.622353230000000535e-01,1.590489200000000033e-02,5.589999999999999673e-05,4.971645000000000231e-03,4.765476400000000223e-02,5.960889280000000179e-01,1.627064029999999994e-01,5.016681229999999658e-01,7.752979530000000397e-01,1.719629219999999903e-01,4.657223659999999987e-01,8.622251899999999747e-01,4.910073629999999745e-01,5.762212450000000485e-01,2.404097380000000117e-01,7.241906750000000059e-01,8.162776670000000401e-01
3.874370600000000275e-02,9.960592800000001024e-02,1.147689819999999916e-01,2.849857009999999802e-01,7.029798099999999828e-01,8.465789379999999476e-01,1.147194859999999955e-01,5.580440700000000032e-02,3.359999999999999814e-04,6.787646599999999641e-02,2.782717100000000124e-02,8.158960699999999455e-02,7.716947820000000791e-01,8.465238330000000033e-01,1.590489200000000033e-02,5.589999999999999673e-05,4.971645000000000231e-03,2.896975200000000139e-02,6.082639850000000070e-01,1.795424060000000155e-01,5.016681229999999658e-01,7.752979530000000397e-01,1.719629219999999903e-01,4.657223659999999987e-01,8.622251899999999747e-01,4.910073629999999745e-01,5.762212450000000485e-01,2.404097380000000117e-01,7.241906750000000059e-01,8.162776670000000401e-01
1.857881999999999936e-02,8.089121300000000347e-02,1.289848269999999963e-01,2.945203060000000095e-01,7.065707430000000011e-01,8.465789379999999476e-01,1.147194859999999955e-01,5.580440700000000032e-02,3.359999999999999814e-04,6.787646599999999641e-02,2.782717100000000124e-02,8.739436800000000005e-02,7.727524279999999912e-01,8.599476839999999900e-01,1.590489200000000033e-02,5.589999999999999673e-05,4.971645000000000231e-03,5.598123299999999830e-02,5.956967439999999447e-01,1.801244250000000047e-01,5.016681229999999658e-01,7.752979530000000397e-01,1.719629219999999903e-01,4.657223659999999987e-01,8.622251899999999747e-01,4.910073629999999745e-01,5.762212450000000485e-01,2.404097380000000117e-01,7.241906750000000059e-01,8.162776670000000401e-01
1.850773900000000222e-02,9.212356200000000606e-02,1.261737559999999980e-01,2.767144199999999610e-01,6.959757340000000125e-01,8.465789379999999476e-01,1.147194859999999955e-01,5.580440700000000032e-02,3.359999999999999814e-04,6.787646599999999641e-02,2.782717100000000124e-02,9.219610899999999831e-02,7.690674310000000791e-01,8.349776530000000418e-01,1.590489200000000033e-02,5.589999999999999673e-05,4.971645000000000231e-03,4.680294200000000016e-02,6.061719309999999972e-01,1.868454910000000024e-01,5.016681229999999658e-01,7.752979530000000397e-01,1.719629219999999903e-01,4.657223659999999987e-01,8.622251899999999747e-01,4.910073629999999745e-01,5.762212450000000485e-01,2.404097380000000117e-01,7.241906750000000059e-01,8.162776670000000401e-01
2.507164500000000004e-02,8.931070100000000622e-02,1.202835210000000044e-01,3.014859719999999910e-01,6.954992810000000247e-01,8.465789379999999476e-01,1.147194859999999955e-01,5.580440700000000032e-02,3.359999999999999814e-04,6.787646599999999641e-02,2.782717100000000124e-02,9.310371100000000566e-02,7.661215260000000526e-01,8.568634980000000567e-01,1.590489200000000033e-02,5.589999999999999673e-05,4.971645000000000231e-03,3.684563999999999895e-02,6.019190479999999566e-01,1.879610389999999964e-01,5.016681229999999658e-01,7.752979530000000397e-01,1.719629219999999903e-01,4.657223659999999987e-01,8.622251899999999747e-01,4.910073629999999745e-01,5.762212450000000485e-01,2.404097380000000117e-01,7.241906750000000059e-01,8.162776670000000401e-01
2.113558800000000029e-02,8.298224400000001055e-02,1.115373679999999978e-01,2.923253539999999817e-01,7.065045830000000748e-01,8.465789379999999476e-01,1.147194859999999955e-01,5.580440700000000032e-02,3.359999999999999814e-04,6.787646599999999641e-02,2.782717100000000124e-02,8.492387599999999537e-02,7.884759580000000323e-01,8.463407010000000286e-01,1.590489200000000033e-02,5.589999999999999673e-05,4.971645000000000231e-03,3.863358799999999649e-02,6.105100509999999980e-01,1.752164120000000158e-01,5.016681229999999658e-01,7.752979530000000397e-01,1.719629219999999903e-01,4.657223659999999987e-01,8.622251899999999747e-01,4.910073629999999745e-01,5.762212450000000485e-01,2.404097380000000117e-01,7.241906750000000059e-01,8.162776670000000401e-01
3.173358500000000165e-02,9.387453300000001000e-02,1.217888310000000002e-01,2.826512369999999996e-01,7.019429310000000477e-01,8.465789379999999476e-01,1.147194859999999955e-01,5.580440700000000032e-02,3.359999999999999814e-04,6.787646599999999641e-02,2.782717100000000124e-02,7.263033600000000367e-02,7.890942080000000747e-01,8.504340209999999844e-01,1.590489200000000033e-02,5.589999999999999673e-05,4.971645000000000231e-03,3.487414699999999423e-02,5.942620359999999380e-01,1.855154220000000131e-01,5.016681229999999658e-01,7.752979530000000397e-01,1.719629219999999903e-01,4.657223659999999987e-01,8.622251899999999747e-01,4.910073629999999745e-01,5.762212450000000485e-01,2.404097380000000117e-01,7.241906750000000059e-01,8.162776670000000401e-01
1.574994199999999941e-02,1.012260970000000010e-01,1.321547130000000070e-01,2.967127940000000019e-01,7.036115330000000112e-01,8.465789379999999476e-01,1.147194859999999955e-01,5.580440700000000032e-02,3.359999999999999814e-04,6.787646599999999641e-02,2.782717100000000124e-02,9.616286100000000225e-02,7.640193830000000519e-01,8.497875120000000226e-01,1.590489200000000033e-02,5.589999999999999673e-05,4.971645000000000231e-03,3.290102000000000304e-02,6.139944379999999757e-01,1.838658510000000246e-01,5.016681229999999658e-01,7.752979530000000397e-01,1.719629219999999903e-01,4.657223659999999987e-01,8.622251899999999747e-01,4.910073629999999745e-01,5.762212450000000485e-01,2.404097380000000117e-01,7.241906750000000059e-01,8.162776670000000401e-01
3.393103900000000311e-02,9.818670300000000017e-02,1.331829939999999990e-01,2.742999190000000032e-01,7.002261990000000491e-01,8.465789379999999476e-01,1.147194859999999955e-01,5.580440700000000032e-02,3.359999999999999814e-04,6.787646599999999641e-02,2.782717100000000124e-02,8.647400599999999216e-02,7.790390320000000202e-01,8.381049019999999850e-01,1.590489200000000033e-02,5.589999999999999673e-05,4.971645000000000231e-03,5.092390499999999848e-02,6.050919499999999340e-01,1.798603330000000111e-01,5.016681229999999658e-01,7.752979530000000397e-01,1.719629219999999903e-01,4.657223659999999987e-01,8.622251899999999747e-01,4.910073629999999745e-01,5.762212450000000485e-01,2.404097380000000117e-01,7.241906750000000059e-01,8.162776670000000401e-01
3.480526200000000348e-02,9.007508999999999655e-02,1.195740710000000040e-01,2.758558529999999842e-01,6.967605600000000843e-01,8.465789379999999476e-01,1.147194859999999955e-01,5.580440700000000032e-02,3.359999999999999814e-04,6.787646599999999641e-02,2.782717100000000124e-02,6.994345300000000265e-02,7.798053740000000511e-01,8.478362689999999757e-01,1.590489200000000033e-02,5.589999999999999673e-05,4.971645000000000231e-03,5.566270899999999772e-02,6.149195629999999468e-01,1.603215580000000029e-01,5.016681229999999658e-01,7.752979530000000397e-01,1.719629219999999903e-01,4.657223659999999987e-01,8.622251899999999747e-01,4.910073629999999745e-01,5.762212450000000485e-01,2.404097380000000117e-01,7.241906750000000059e-01,8.162776670000000401e-01
2.717625700000000227e-02,8.968051000000000494e-02,1.281014109999999984e-01,2.734524039999999823e-01,7.085449320000000162e-01,8.465789379999999476e-01,1.147194859999999955e-01,5.580440700000000032e-02,3.359999999999999814e-04,6.787646599999999641e-02,2.782717100000000124e-02,7.612332299999999274e-02,7.821570829999999752e-01,8.450529979999999997e-01,1.590489200000000033e-02,5.589999999999999673e-05,4.971645000000000231e-03,2.951142400000000138e-02,5.933135739999999547e-01,1.774356810000000118e-01,5.016681229999999658e-01,7.752979530000000397e-01,1.719629219999999903e-01,4.657223659999999987e-01,8.622251899999999747e-01,4.910073629999999745e-01,5.762212450000000485e-01,2.404097380000000117e-01,7.241906750000000059e-01,8.162776670000000401e-01
1.233144400000000043e-02,7.877679099999999879e-02,1.149704410000000065e-01,2.865433510000000017e-01,7.193857160000000084e-01,8.465789379999999476e-01,1.147194859999999955e-01,5.580440700000000032e-02,3.359999999999999814e-04,6.787646599999999641e-02,2.782717100000000124e-02,9.067747100000000948e-02,7.737394550000000759e-01,8.364485310000000506e-01,1.590489200000000033e-02,5.589999999999999673e-05,4.971645000000000231e-03,3.869072499999999526e-02,5.921644670000000277e-01,1.849857950000000084e-01,5.016681229999999658e-01,7.752979530000000397e-01,1.719629219999999903e-01,4.657223659999999987e-01,8.622251899999999747e-01,4.910073629999999745e-01,5.762212450000000485e-01,2.404097380000000117e-01,7.241906750000000059e-01,8.162776670000000401e-01
2.200127600000000017e-02,9.789691799999999944e-02,1.142666819999999944e-01,3.021925349999999844e-01,6.981457910000000711e-01,8.465789379999999476e-01,1.147194859999999955e-01,5.580440700000000032e-02,3.359999999999999814e-04,6.787646599999999641e-02,2.782717100000000124e-02,7.547414499999999249e-02,7.696308560000000298e-01,8.547639449999999695e-01,1.590489200000000033e-02,5.589999999999999673e-05,4.971645000000000231e-03,4.066523099999999613e-02,6.049738099999999452e-01,1.643256839999999996e-01,5.016681229999999658e-01,7.752979530000000397e-01,1.719629219999999903e-01,4.657223659999999987e-01,8.622251899999999747e-01,4.910073629999999745e-01,5.762212450000000485e-01,2.404097380000000117e-01,7.241906750000000059e-01,8.162776670000000401e-01
1.583855600000000016e-02,1.010934529999999998e-01,1.103630500000000042e-01,2.831099819999999823e-01,6.951959670000000813e-01,8.465789379999999476e-01,1.147194859999999955e-01,5.580440700000000032e-02,3.359999999999999814e-04,6.787646599999999641e-02,2.782717100000000124e-02,6.692308799999999169e-02,7.626298410000000860e-01,8.400365459999999951e-01,1.590489200000000033e-02,5.589999999999999673e-05,4.971645000000000231e-03,3.415149099999999910e-02,5.918476999999999766e-01,1.700677040000000140e-01,5.016681229999999658e-01,7.752979530000000397e-01,1.719629219999999903e-01,4.657223659999999987e-01,8.622251899999999747e-01,4.910073629999999745e-01,5.762212450000000485e-01,2.404097380000000117e-01,7.241906750000000059e-01,8.162776670000000401e-01
1.403153299999999881e-02,1.028906280000000117e-01,1.217050679999999996e-01,2.802485029999999822e-01,7.186078949999999965e-01,8.465789379999999476e-01,1.147194859999999955e-01,5.580440700000000032e-02,3.359999999999999814e-04,6.787646599999999641e-02,2.782717100000000124e-02,7.722793499999999756e-02,7.780515500000000362e-01,8.479508209999999657e-01,1.590489200000000033e-02,5.589999999999999673e-05,4.971645000000000231e-03,4.124794299999999525e-02,6.001005309999999371e-01,1.712580470000000243e-01,5.016681229999999658e-01,7.752979530000000397e-01,1.719629219999999903e-01,4.657223659999999987e-01,8.622251899999999747e-01,4.910073629999999745e-01,5.762212450000000485e-01,2.404097380000000117e-01,7.241906750000000059e-01,8.162776670000000401e-01
2.156738400000000194e-02,9.673988999999999505e-02,1.203954079999999954e-01,2.861779119999999788e-01,7.078314980000000034e-01,8.465789379999999476e-01,1.147194859999999955e-01,5.580440700000000032e-02,3.359999999999999814e-04,6.787646599999999641e-02,2.782717100000000124e-02,7.994695599999999958e-02,7.823994510000000790e-01,8.560843890000000567e-01,1.590489200000000033e-02,5.589999999999999673e-05,4.971645000000000231e-03,5.360188700000000084e-02,6.179231709999999378e-01,1.683779760000000125e-01,5.016681229999999658e-01,7.752979530000000397e-01,1.719629219999999903e-01,4.657223659999999987e-01,8.622251899999999747e-01,4.910073629999999745e-01,5.762212450000000485e-01,2.404097380000000117e-01,7.241906750000000059e-01,8.162776670000000401e-01
1.135970600000000066e-02,9.245992399999999889e-02,1.360829920000000137e-01,3.013602730000000118e-01,7.097490499999999924e-01,8.465789379999999476e-01,1.147194859999999955e-01,5.580440700000000032e-02,3.359999999999999814e-04,6.787646599999999641e-02,2.782717100000000124e-02,7.220977900000000171e-02,7.611280380000000623e-01,8.483292080000000013e-01,1.590489200000000033e-02,5.589999999999999673e-05,4.971645000000000231e-03,3.623901899999999732e-02,6.145041639999999639e-01,1.707693290000000252e-01,5.016681229999999658e-01,7.752979530000000397e-01,1.719629219999999903e-01,4.657223659999999987e-01,8.622251899999999747e-01,4.910073629999999745e-01,5.762212450000000485e-01,2.404097380000000117e-01,7.241906750000000059e-01,8.162776670000000401e-01
1.806742600000000101e-02,7.860655600000000798e-02,1.339057049999999860e-01,2.977504569999999684e-01,6.909729340000000386e-01,8.465789379999999476e-01,1.147194859999999955e-01,5.580440700000000032e-02,3.359999999999999814e-04,6.787646599999999641e-02,2.782717100000000124e-02,6.976793700000000209e-02,7.684728760000000269e-01,8.383770379999999633e-01,1.590489200000000033e-02,5.589999999999999673e-05,4.971645000000000231e-03,3.021902299999999764e-02,6.072162629999999783e-01,1.869300960000000178e-01,5.016681229999999658e-01,7.752979530000000397e-01,1.719629219999999903e-01,4.657223659999999987e-01,8.622251899999999747e-01,4.910073629999999745e-01,5.762212450000000485e-01,2.404097380000000117e-01,7.241906750000000059e-01,8.162776670000000401e-01
3.629317600000000338e-02,7.702749600000000085e-02,1.313978020000000080e-01,2.775473229999999569e-01,6.978190269999999806e-01,8.465789379999999476e-01,1.147194859999999955e-01,5.580440700000000032e-02,3.359999999999999814e-04,6.787646599999999641e-02,2.782717100000000124e-02,7.713580300000000278e-02,7.864765719999999849e-01,8.553019309999999598e-01,1.590489200000000033e-02,5.589999999999999673e-05,4.971645000000000231e-03,3.506120499999999807e-02,6.024739519999999793e-01,1.688716800000000240e-01,5.016681229999999658e-01,7.752979530000000397e-01,1.719629219999999903e-01,4.657223659999999987e-01,8.622251899999999747e-01,4.910073629999999745e-01,5.762212450000000485e-01,2.404097380000000117e-01,7.241906750000000059e-01,8.162776670000000401e-01
3.662373800000000290e-02,9.024694099999999719e-02,1.273418490000000070e-01,2.835826859999999727e-01,7.088497140000000751e-01,8.465789379999999476e-01,1.147194859999999955e-01,5.580440700000000032e-02,3.359999999999999814e-04,6.787646599999999641e-02,2.782717100000000124e-02,6.744725999999999499e-02,7.656635280000000376e-01,8.375815220000000227e-01,1.590489200000000033e-02,5.589999999999999673e-05,4.971645000000000231e-03,3.960708599999999968e-02,6.197826130000000378e-01,1.592716560000000114e-01,5.016681229999999658e-01,7.752979530000000397e-01,1.719629219999999903e-01,4.657223659999999987e-01,8.622251899999999747e-01,4.910073629999999745e-01,5.762212450000000485e-01,2.404097380000000117e-01,7.241906750000000059e-01,8.162776670000000401e-01
2.139695200000000033e-02,8.051856000000000291e-02,1.295089440000000147e-01,2.763813809999999815e-01,7.042165810000000636e-01,8.465789379999999476e-01,1.147194859999999955e-01,5.580440700000000032e-02,3.359999999999999814e-04,6.787646599999999641e-02,2.782717100000000124e-02,7.784761900000000678e-02,7.809707890000000541e-01,8.468943960000000493e-01,1.590489200000000033e-02,5.589999999999999673e-05,4.971645000000000231e-03,3.430744599999999839e-02,5.990413900000000069e-01,1.811110560000000202e-01,5.016681229999999658e-01,7.752979530000000397e-01,1.719629219999999903e-01,4.657223659999999987e-01,8.622251899999999747e-01,4.910073629999999745e-01,5.762212450000000485e-01,2.404097380000000117e-01,7.241906750000000059e-01,8.162776670000000401e-01
3.850275799999999804e-02,1.053900410000000037e-01,1.123810849999999917e-01,2.823784520000000020e-01,6.908251550000000796e-01,8.465789379999999476e-01,1.147194859999999955e-01,5.580440700000000032e-02,3.359999999999999814e-04,6.787646599999999641e-02,2.782717100000000124e-02,9.486442700000000117e-02,7.702887580000000733e-01,8.575852740000000640e-01,1.590489200000000033e-02,5.589999999999999673e-05,4.971645000000000231e-03,2.784922000000000092e-02,6.186727690000000113e-01,1.792284580000000072e-01,5.016681229999999658e-01,7.752979530000000397e-01,1.719629219999999903e-01,4.657223659999999987e-01,8.622251899999999747e-01,4.910073629999999745e-01,5.762212450000000485e-01,2.404097380000000117e-01,7.241906750000000059e-01,8.162776670000000401e-01
1.706520599999999943e-02,1.012732890000000024e-01,1.183060229999999963e-01,2.798545149999999704e-01,7.169782920000000725e-01,8.465789379999999476e-01,1.147194859999999955e-01,5.580440700000000032e-02,3.359999999999999814e-04,6.787646599999999641e-02,2.782717100000000124e-02,8.899834800000000490e-02,7.883074250000000616e-01,8.594218570000000668e-01,1.590489200000000033e-02,5.589999999999999673e-05,4.971645000000000231e-03,3.914152599999999593e-02,6.177709499999999299e-01,1.609763660000000096e-01,5.016681229999999658e-01,7.752979530000000397e-01,1.719629219999999903e-01,4.657223659999999987e-01,8.622251899999999747e-01,4.910073629999999745e-01,5.762212450000000485e-01,2.404097380000000117e-01,7.241906750000000059e-01,8.162776670000000401e-01
3.354159200000000202e-02,8.409086799999999917e-02,1.228362010000000060e-01,2.785136039999999702e-01,7.121916240000000231e-01,8.465789379999999476e-01,1.147194859999999955e-01,5.580440700000000032e-02,3.359999999999999814e-04,6.787646599999999641e-02,2.782717100000000124e-02,8.144825799999999560e-02,7.738826300000000158e-01,8.608174269999999684e-01,1.590489200000000033e-02,5.589999999999999673e-05,4.971645000000000231e-03,4.045913400000000076e-02,6.117411959999999871e-01,1.766023879999999990e-01,5.016681229999999658e-01,7.752979530000000397e-01,1.719629219999999903e-01,4.657223659999999987e-01,8.622251899999999747e-01,4.910073629999999745e-01,5.762212450000000485e-01,2.404097380000000117e-01,7.241906750000000059e-01,8.162776670000000401e-01
3.458785300000000174e-02,9.634255099999999850e-02,1.122506310000000035e-01,2.729328199999999649e-01,7.041120760000000312e-01,8.465789379999999476e-01,1.147194859999999955e-01,5.580440700000000032e-02,3.359999999999999814e-04,6.787646599999999641e-02,2.782717100000000124e-02,7.010553299999999766e-02,7.784776429999999969e-01,8.589389960000000102e-01,1.590489200000000033e-02,5.589999999999999673e-05,4.971645000000000231e-03,5.460397599999999851e-02,6.065351580000000187e-01,1.596877050000000131e-01,5.016681229999999658e-01,7.752979530000000397e-01,1.719629219999999903e-01,4.657223659999999987e-01,8.622251899999999747e-01,4.910073629999999745e-01,5.762212450000000485e-01,2.404097380000000117e-01,7.241906750000000059e-01,8.162776670000000401e-01
3.415690700000000024e-02,7.776073699999999644e-02,1.110662510000000047e-01,2.762696450000000081e-01,6.929364470000000109e-01,8.465789379999999476e-01,1.147194859999999955e-01,5.580440700000000032e-02,3.359999999999999814e-04,6.787646599999999641e-02,2.782717100000000124e-02,9.536067300000000690e-02,7.816946630000000118e-01,8.410088150000000207e-01,1.590489200000000033e-02,5.589999999999999673e-05,4.971645000000000231e-03,3.258076499999999764e-02,6.048200209999999855e-01,1.799501960000000067e-01,5.016681229999999658e-01,7.752979530000000397e-01,1.719629219999999903e-01,4.657223659999999987e-01,8.622251899999999747e-01,4.910073629999999745e-01,5.762212450000000485e-01,2.404097380000000117e-01,7.241906750000000059e-01,8.162776670000000401e-01
2.346803100000000031e-02,7.973486100000000409e-02,1.118064950000000057e-01,2.926444739999999878e-01,6.976211020000000484e-01,8.465789379999999476e-01,1.147194859999999955e-01,5.580440700000000032e-02,3.359999999999999814e-04,6.787646599999999641e-02,2.782717100000000124e-02,7.000847300000000162e-02,7.699331540000000640e-01,8.358989239999999876e-01,1.590489200000000033e-02,5.589999999999999673e-05,4.971645000000000231e-03,4.425251499999999921e-02,6.028129180000000309e-01,1.776721870000000092e-01,5.016681229999999658e-01,7.752979530000000397e-01,1.719629219999999903e-01,4.657223659999999987e-01,8.622251899999999747e-01,4.910073629999999745e-01,5.762212450000000485e-01,2.404097380000000117e-01,7.241906750000000059e-01,8.162776670000000401e-01
1.426049999999999887e-02,1.009195459999999989e-01,1.123498879999999950e-01,2.771801190000000026e-01,6.944973300000000238e-01,8.465789379999999476e-01,1.147194859999999955e-01,5.580440700000000032e-02,3.359999999999999814e-04,6.787646599999999641e-02,2.782717100000000124e-02,8.271268900000000590e-02,7.664743809999999824e-01,8.445240090000000199e-01,1.590489200000000033e-02,5.589999999999999673e-05,4.971645000000000231e-03,4.446131500000000125e-02,6.034780469999999619e-01,1.745282230000000101e-01,5.016681229999999658e-01,7.752979530000000397e-01,1.719629219999999903e-01,4.657223659999999987e-01,8.622251899999999747e-01,4.910073629999999745e-01,5.762212450000000485e-01,2.404097380000000117e-01,7.241906750000000059e-01,8.162776670000000401e-01
2.216121500000000147e-02,9.269770100000000734e-02,1.274728669999999897e-01,2.950811159999999767e-01,7.166067919999999924e-01,8.465789379999999476e-01,1.147194859999999955e-01,5.580440700000000032e-02,3.359999999999999814e-04,6.787646599999999641e-02,2.782717100000000124e-02,8.959219899999999737e-02,7.873036970000000245e-01,8.484708739999999860e-01,1.590489200000000033e-02,5.589999999999999673e-05,4.971645000000000231e-03,4.596303499999999931e-02,6.122939130000000230e-01,1.621383340000000228e-01,5.016681229999999658e-01,7.752979530000000397e-01,1.719629219999999903e-01,4.657223659999999987e-01,8.622251899999999747e-01,4.910073629999999745e-01,5.762212450000000485e-01,2.404097380000000117e-01,7.241906750000000059e-01,8.162776670000000401e-01
1.888435299999999956e-02,1.008879699999999935e-01,1.264685249999999983e-01,3.012149689999999991e-01,7.031679120000000616e-01,8.465789379999999476e-01,1.147194859999999955e-01,5.580440700000000032e-02,3.359999999999999814e-04,6.787646599999999641e-02,2.782717100000000124e-02,9.477998299999999821e-02,7.689074970000000508e-01,8.596394649999999915e-01,1.590489200000000033e-02,5.589999999999999673e-05,4.971645000000000231e-03,5.383250499999999578e-02,6.202378039999999482e-01,1.611545100000000008e-01,5.016681229999999658e-01,7.752979530000000397e-01,1.719629219999999903e-01,4.657223659999999987e-01,8.622251899999999747e-01,4.910073629999999745e-01,5.762212450000000485e-01,2.404097380000000117e-01,7.241906750000000059e-01,8.162776670000000401e-01
3.718291199999999852e-02,8.991438200000000103e-02,1.137049380000000054e-01,2.761854329999999802e-01,6.897952090000000203e-01,8.465789379999999476e-01,1.147194859999999955e-01,5.580440700000000032e-02,3.359999999999999814e-04,6.787646599999999641e-02,2.782717100000000124e-02,8.994154299999999880e-02,7.707241870000000050e-01,8.581748869999999974e-01,1.590489200000000033e-02,5.589999999999999673e-05,4.971645000000000231e-03,5.347265200000000246e-02,6.161804549999999603e-01,1.605037370000000074e-01,5.016681229999999658e-01,7.752979530000000397e-01,1.719629219999999903e-01,4.657223659999999987e-01,8.622251899999999747e-01,4.910073629999999745e-01,5.762212450000000485e-01,2.404097380000000117e-01,7.241906750000000059e-01,8.162776670000000401e-01
3.636572100000000363e-02,9.353880000000000527e-02,1.329822720000000125e-01,2.738455260000000058e-01,7.135417099999999957e-01,8.465789379999999476e-01,1.147194859999999955e-01,5.580440700000000032e-02,3.359999999999999814e-04,6.787646599999999641e-02,2.782717100000000124e-02,7.148935500000000443e-02,7.753317149999999769e-01,8.516648330000000655e-01,1.590489200000000033e-02,5.589999999999999673e-05,4.971645000000000231e-03,5.210026000000000240e-02,5.990797249999999519e-01,1.631005800000000228e-01,5.016681229999999658e-01,7.752979530000000397e-01,1.719629219999999903e-01,4.657223659999999987e-01,8.622251899999999747e-01,4.910073629999999745e-01,5.762212450000000485e-01,2.404097380000000117e-01,7.241906750000000059e-01,8.162776670000000401e-01
1.541513599999999942e-02,9.406777600000000572e-02,1.354594610000000032e-01,2.854766249999999839e-01,7.043351870000000847e-01,8.465789379999999476e-01,1.147194859999999955e-01,5.580440700000000032e-02,3.359999999999999814e-04,6.787646599999999641e-02,2.782717100000000124e-02,9.428119399999999872e-02,7.852969870000000574e-01,8.412144719999999909e-01,1.590489200000000033e-02,5.589999999999999673e-05,4.971645000000000231e-03,3.753075100000000108e-02,6.215422489999999911e-01,1.689937580000000217e-01,5.016681229999999658e-01,7.752979530000000397e-01,1.719629219999999903e-01,4.657223659999999987e-01,8.622251899999999747e-01,4.910073629999999745e-01,5.762212450000000485e-01,2.404097380000000117e-01,7.241906750000000059e-01,8.162776670000000401e-01
2.656861699999999923e-02,8.746375100000000624e-02,1.346730240000000023e-01,2.943223319999999643e-01,7.192627249999999917e-01,8.465789379999999476e-01,1.147194859999999955e-01,5.580440700000000032e-02,3.359999999999999814e-04,6.787646599999999641e-02,2.782717100000000124e-02,6.925819799999999304e-02,7.831663570000000352e-01,8.369779280000000377e-01,1.590489200000000033e-02,5.589999999999999673e-05,4.971645000000000231e-03,3.771171400000000035e-02,6.064101360000000440e-01,1.680520490000000089e-01,5.016681229999999658e-01,7.752979530000000397e-01,1.719629219999999903e-01,4.657223659999999987e-01,8.622251899999999747e-01,4.910073629999999745e-01,5.762212450000000485e-01,2.404097380000000117e-01,7.241906750000000059e-01,8.162776670000000401e-01
2.323965400000000195e-02,9.518090700000000903e-02,1.306742529999999902e-01,2.904062899999999559e-01,6.970689250000000614e-01,8.465789379999999476e-01,1.147194859999999955e-01,5.580440700000000032e-02,3.359999999999999814e-04,6.787646599999999641e-02,2.782717100000000124e-02,8.952093899999999382e-02,7.631289020000000534e-01,8.626569849999999873e-01,1.590489200000000033e-02,5.589999999999999673e-05,4.971645000000000231e-03,2.985400900000000080e-02,6.043539959999999489e-01,1.724510180000000115e-01,5.016681229999999658e-01,7.752979530000000397e-01,1.719629219999999903e-01,4.657223659999999987e-01,8.622251899999999747e-01,4.910073629999999745e-01,5.762212450000000485e-01,2.404097380000000117e-01,7.241906750000000059e-01,8.162776670000000401e-01
2.246474900000000260e-02,8.486554699999999951e-02,1.315390889999999979e-01,2.967648019999999942e-01,7.107652760000000569e-01,8.465789379999999476e-01,1.147194859999999955e-01,5.580440700000000032e-02,3.359999999999999814e-04,6.787646599999999641e-02,2.782717100000000124e-02,7.179411299999999274e-02,7.753752810000000828e-01,8.607990540000000079e-01,1.590489200000000033e-02,5.589999999999999673e-05,4.971645000000000231e-03,4.711576299999999801e-02,5.949136499999999605e-01,1.813362640000000248e-01,5.016681229999999658e-01,7.752979530000000397e-01,1.719629219999999903e-01,4.657223659999999987e-01,8.622251899999999747e-01,4.910073629999999745e-01,5.762212450000000485e-01,2.404097380000000117e-01,7.241906750000000059e-01,8.162776670000000401e-01
1.977631200000000075e-02,1.024220630000000076e-01,1.117632259999999933e-01,2.818545379999999878e-01,7.052946260000000356e-01,8.465789379999999476e-01,1.147194859999999955e-01,5.580440700000000032e-02,3.359999999999999814e-04,6.787646599999999641e-02,2.782717100000000124e-02,7.400484400000000018e-02,7.642191780000000545e-01,8.443603560000000341e-01,1.590489200000000033e-02,5.589999999999999673e-05,4.971645000000000231e-03,4.698427399999999948e-02,6.036129479999999825e-01,1.693213630000000025e-01,5.016681229999999658e-01,7.752979530000000397e-01,1.719629219999999903e-01,4.657223659999999987e-01,8.622251899999999747e-01,4.910073629999999745e-01,5.762212450000000485e-01,2.404097380000000117e-01,7.241906750000000059e-01,8.162776670000000401e-01
3.360544299999999873e-02,8.349523500000000098e-02,1.078074079999999935e-01,2.793465489999999996e-01,7.033687590000000656e-01,8.465789379999999476e-01,1.147194859999999955e-01,5.580440700000000032e-02,3.359999999999999814e-04,6.787646599999999641e-02,2.782717100000000124e-02,9.047632099999999844e-02,7.861055000000000126e-01,8.446471960000000445e-01,1.590489200000000033e-02,5.589999999999999673e-05,4.971645000000000231e-03,5.582594800000000024e-02,6.094253429999999527e-01,1.781678510000000160e-01,5.016681229999999658e-01,7.752979530000000397e-01,1.719629219999999903e-01,4.657223659999999987e-01,8.622251899999999747e-01,4.910073629999999745e-01,5.762212450000000485e-01,2.404097380000000117e-01,7.241906750000000059e-01,8.162776670000000401e-01
3.217671500000000157e-02,8.068416300000000319e-02,1.351112210000000036e-01,2.873462869999999780e-01,7.150704320000000891e-01,8.465789379999999476e-01,1.147194859999999955e-01,5.580440700000000032e-02,3.359999999999999814e-04,6.787646599999999641e-02,2.782717100000000124e-02,7.415949699999999090e-02,7.858353410000000761e-01,8.585930269999999531e-01,1.590489200000000033e-02,5.589999999999999673e-05,4.971645000000000231e-03,4.009604099999999893e-02,6.080487019999999410e-01,1.699600640000000218e-01,5.016681229999999658e-01,7.752979530000000397e-01,1.719629219999999903e-01,4.657223659999999987e-01,8.622251899999999747e-01,4.910073629999999745e-01,5.762212450000000485e-01,2.404097380000000117e-01,7.241906750000000059e-01,8.162776670000000401e-01
1.190198900000000171e-02,1.055604599999999949e-01,1.304502369999999967e-01,2.961423629999999640e-01,7.114907810000000721e-01,8.465789379999999476e-01,1.147194859999999955e-01,5.580440700000000032e-02,3.359999999999999814e-04,6.787646599999999641e-02,2.782717100000000124e-02,9.635195900000000091e-02,7.884211410000000475e-01,8.576859690000000480e-01,1.590489200000000033e-02,5.589999999999999673e-05,4.971645000000000231e-03,5.223757099999999653e-02,6.204014380000000273e-01,1.827450890000000272e-01,5.016681229999999658e-01,7.752979530000000397e-01,1.719629219999999903e-01,4.657223659999999987e-01,8.622251899999999747e-01,4.910073629999999745e-01,5.762212450000000485e-01,2.404097380000000117e-01,7.241906750000000059e-01,8.162776670000000401e-01
1.322276400000000143e-02,7.940550799999999965e-02,1.162619899999999956e-01,2.912385180000000018e-01,6.943246270000000830e-01,8.465789379999999476e-01,1.147194859999999955e-01,5.580440700000000032e-02,3.359999999999999814e-04,6.787646599999999641e-02,2.782717100000000124e-02,8.683869899999999142e-02,7.628739640000000710e-01,8.429110850000000044e-01,1.590489200000000033e-02,5.589999999999999673e-05,4.971645000000000231e-03,4.577678300000000144e-02,5.928883249999999938e-01,1.877909110000000048e-01,5.016681229999999658e-01,7.752979530000000397e-01,1.719629219999999903e-01,4.657223659999999987e-01,8.622251899999999747e-01,4.910073629999999745e-01,5.762212450000000485e-01,2.404097380000000117e-01,7.241906750000000059e-01,8.162776670000000401e-01
3.594173900000000033e-02,8.854011300000000362e-02,1.093130400000000002e-01,2.884689549999999714e-01,7.082269410000000542e-01,8.465789379999999476e-01,1.147194859999999955e-01,5.580440700000000032e-02,3.359999999999999814e-04,6.787646599999999641e-02,2.782717100000000124e-02,8.910988599999999926e-02,7.751281349999999959e-01,8.362733700000000159e-01,1.590489200000000033e-02,5.589999999999999673e-05,4.971645000000000231e-03,2.889738499999999766e-02,6.091226450000000181e-01,1.881706150000000133e-01,5.016681229999999658e-01,7.752979530000000397e-01,1.719629219999999903e-01,4.657223659999999987e-01,8.622251899999999747e-01,4.910073629999999745e-01,5.762212450000000485e-01,2.404097380000000117e-01,7.241906750000000059e-01,8.162776670000000401e-01
2.832051099999999960e-02,1.038263500000000117e-01,1.222478220000000060e-01,2.992671419999999860e-01,6.900035300000000316e-01,8.465789379999999476e-01,1.147194859999999955e-01,5.580440700000000032e-02,3.359999999999999814e-04,6.787646599999999641e-02,2.782717100000000124e-02,9.580126599999999604e-02,7.846139300000000150e-01,8.606382879999999735e-01,1.590489200000000033e-02,5.589999999999999673e-05,4.971645000000000231e-03,5.081547000000000147e-02,5.947025590000000195e-01,1.757832530000000004e-01,5.016681229999999658e-01,7.752979530000000397e-01,1.719629219999999903e-01,4.657223659999999987e-01,8.622251899999999747e-01,4.910073629999999745e-01,5.762212450000000485e-01,2.404097380000000117e-01,7.241906750000000059e-01,8.162776670000000401e-01
1.632320099999999899e-02,1.057225810000000099e-01,1.333729750000000047e-01,2.900120489999999940e-01,7.183533690000000194e-01,8.465789379999999476e-01,1.147194859999999955e-01,5.580440700000000032e-02,3.359999999999999814e-04,6.787646599999999641e-02,2.782717100000000124e-02,9.326997700000000391e-02,7.731843970000000787e-01,8.474464640000000104e-01,1.590489200000000033e-02,5.589999999999999673e-05,4.971645000000000231e-03,2.794527899999999995e-02,6.015799749999999335e-01,1.630060140000000046e-01,5.016681229999999658e-01,7.752979530000000397e-01,1.719629219999999903e-01,4.657223659999999987e-01,8.622251899999999747e-01,4.910073629999999745e-01,5.762212450000000485e-01,2.404097380000000117e-01,7.241906750000000059e-01,8.162776670000000401e-01
1.226638799999999960e-02,8.624598299999999829e-02,1.251867220000000003e-01,2.750942149999999753e-01,6.916785930000000082e-01,8.465789379999999476e-01,1.147194859999999955e-01,5.580440700000000032e-02,3.359999999999999814e-04,6.787646599999999641e-02,2.782717100000000124e-02,6.670579299999999934e-02,7.819885870000000683e-01,8.533718380000000492e-01,1.590489200000000033e-02,5.589999999999999673e-05,4.971645000000000231e-03,4.053555500000000089e-02,6.106540329999999850e-01,1.773582230000000093e-01,5.016681229999999658e-01,7.752979530000000397e-01,1.719629219999999903e-01,4.657223659999999987e-01,8.622251899999999747e-01,4.910073629999999745e-01,5.762212450000000485e-01,2.404097380000000117e-01,7.241906750000000059e-01,8.162776670000000401e-01
3.739913799999999844e-02,7.905590500000000964e-02,1.342422950000000115e-01,2.800572040000000040e-01,6.953551150000000236e-01,8.465789379999999476e-01,1.147194859999999955e-01,5.580440700000000032e-02,3.359999999999999814e-04,6.787646599999999641e-02,2.782717100000000124e-02,8.674938899999999620e-02,7.849257889999999849e-01,8.571837709999999833e-01,1.590489200000000033e-02,5.589999999999999673e-05,4.971645000000000231e-03,5.339967300000000167e-02,5.953746779999999905e-01,1.594146580000000146e-01,5.016681229999999658e-01,7.752979530000000397e-01,1.719629219999999903e-01,4.657223659999999987e-01,8.622251899999999747e-01,4.910073629999999745e-01,5.762212450000000485e-01,2.404097380000000117e-01,7.241906750000000059e-01,8.162776670000000401e-01
1.244438399999999931e-02,9.758315500000000475e-02,1.146467030000000026e-01,2.786133419999999861e-01,7.031483210000000206e-01,8.465789379999999476e-01,1.147194859999999955e-01,5.580440700000000032e-02,3.359999999999999814e-04,6.787646599999999641e-02,2.782717100000000124e-02,9.598228599999999999e-02,7.596803600000000545e-01,8.530793970000000170e-01,1.590489200000000033e-02,5.589999999999999673e-05,4.971645000000000231e-03,2.848456199999999799e-02,6.120670889999999531e-01,1.617945850000000185e-01,5.016681229999999658e-01,7.752979530000000397e-01,1.719629219999999903e-01,4.657223659999999987e-01,8.622251899999999747e-01,4.910073629999999745e-01,5.762212450000000485e-01,2.404097380000000117e-01,7.241906750000000059e-01,8.162776670000000401e-01
2.638200500000000004e-02,1.040057199999999960e-01,1.082711070000000053e-01,2.795525130000000025e-01,7.129291930000000166e-01,8.465789379999999476e-01,1.147194859999999955e-01,5.580440700000000032e-02,3.359999999999999814e-04,6.787646599999999641e-02,2.782717100000000124e-02,7.086804099999999274e-02,7.764001000000000374e-01,8.504978189999999882e-01,1.590489200000000033e-02,5.589999999999999673e-05,4.971645000000000231e-03,4.186902500000000416e-02,6.020894300000000365e-01,1.608755980000000085e-01,5.016681229999999658e-01,7.752979530000000397e-01,1.719629219999999903e-01,4.657223659999999987e-01,8.622251899999999747e-01,4.910073629999999745e-01,5.762212450000000485e-01,2.404097380000000117e-01,7.241906750000000059e-01,8.162776670000000401e-01
3.678724700000000208e-02,7.677016000000000395e-02,1.296134740000000063e-01,2.737942629999999822e-01,7.160896400000000828e-01,8.465789379999999476e-01,1.147194859999999955e-01,5.580440700000000032e-02,3.359999999999999814e-04,6.787646599999999641e-02,2.782717100000000124e-02,9.239864100000000358e-02,7.801727550000000511e-01,8.518681160000000085e-01,1.590489200000000033e-02,5.589999999999999673e-05,4.971645000000000231e-03,3.326049100000000314e-02,6.003093720000000078e-01,1.739159450000000162e-01,5.016681229999999658e-01,7.752979530000000397e-01,1.719629219999999903e-01,4.657223659999999987e-01,8.622251899999999747e-01,4.910073629999999745e-01,5.762212450000000485e-01,2.404097380000000117e-01,7.241906750000000059e-01,8.162776670000000401e-01
2.613293300000000055e-02,9.565396500000000746e-02,1.161967539999999993e-01,3.007854389999999878e-01,7.059939870000000450e-01,8.465789379999999476e-01,1.147194859999999955e-01,5.580440700000000032e-02,3.359999999999999814e-04,6.787646599999999641e-02,2.782717100000000124e-02,6.716735100000000014e-02,7.670571099999999864e-01,8.533451480000000533e-01,1.590489200000000033e-02,5.589999999999999673e-05,4.971645000000000231e-03,5.486455099999999752e-02,6.128232860000000226e-01,1.603674820000000056e-01,5.016681229999999658e-01,7.752979530000000397e-01,1.719629219999999903e-01,4.657223659999999987e-01,8.622251899999999747e-01,4.910073629999999745e-01,5.762212450000000485e-01,2.404097380000000117e-01,7.241906750000000059e-01,8.162776670000000401e-01
2.327105999999999966e-02,1.037368680000000098e-01,1.081626759999999993e-01,2.791572249999999533e-01,6.997881380000000595e-01,8.465789379999999476e-01,1.147194859999999955e-01,5.580440700000000032e-02,3.359999999999999814e-04,6.787646599999999641e-02,2.782717100000000124e-02,8.859010400000000285e-02,7.800148040000000060e-01,8.413097379999999736e-01,1.590489200000000033e-02,5.589999999999999673e-05,4.971645000000000231e-03,3.027737900000000010e-02,6.207562309999999917e-01,1.758634560000000013e-01,5.016681229999999658e-01,7.752979530000000397e-01,1.719629219999999903e-01,4.657223659999999987e-01,8.622251899999999747e-01,4.910073629999999745e-01,5.762212450000000485e-01,2.404097380000000117e-01,7.241906750000000059e-01,8.162776670000000401e-01
1.470496699999999934e-02,7.981282000000000654e-02,1.284233909999999979e-01,2.838156499999999749e-01,7.091537520000000816e-01,8.465789379999999476e-01,1.147194859999999955e-01,5.580440700000000032e-02,3.359999999999999814e-04,6.787646599999999641e-02,2.782717100000000124e-02,7.122002800000000466e-02,7.865314950000000804e-01,8.562115890000000507e-01,1.590489200000000033e-02,5.589999999999999673e-05,4.971645000000000231e-03,5.043220099999999595e-02,6.089174529999999974e-01,1.748415850000000216e-01,5.016681229999999658e-01,7.752979530000000397e-01,1.719629219999999903e-01,4.657223659999999987e-01,8.622251899999999747e-01,4.910073629999999745e-01,5.762212450000000485e-01,2.404097380000000117e-01,7.241906750000000059e-01,8.162776670000000401e-01
3.090530099999999961e-02,8.305346099999999510e-02,1.133711440000000070e-01,2.933255959999999662e-01,6.912070700000000345e-01,8.465789379999999476e-01,1.147194859999999955e-01,5.580440700000000032e-02,3.359999999999999814e-04,6.787646599999999641e-02,2.782717100000000124e-02,6.749421099999999840e-02,7.622392009999999773e-01,8.554926379999999719e-01,1.590489200000000033e-02,5.589999999999999673e-05,4.971645000000000231e-03,4.349994699999999714e-02,6.199236040000000170e-01,1.784832860000000188e-01,5.016681229999999658e-01,7.752979530000000397e-01,1.719629219999999903e-01,4.657223659999999987e-01,8.622251899999999747e-01,4.910073629999999745e-01,5.762212450000000485e-01,2.404097380000000117e-01,7.241906750000000059e-01,8.162776670000000401e-01
1.145840799999999979e-02,9.319036399999999776e-02,1.230702040000000025e-01,2.911396799999999563e-01,6.993628880000000159e-01,8.465789379999999476e-01,1.147194859999999955e-01,5.580440700000000032e-02,3.359999999999999814e-04,6.787646599999999641e-02,2.782717100000000124e-02,6.709957999999999201e-02,7.615691170000000731e-01,8.436157709999999588e-01,1.590489200000000033e-02,5.589999999999999673e-05,4.971645000000000231e-03,4.880074300000000059e-02,6.080759009999999742e-01,1.626095760000000057e-01,5.016681229999999658e-01,7.752979530000000397e-01,1.719629219999999903e-01,4.657223659999999987e-01,8.622251899999999747e-01,4.910073629999999745e-01,5.762212450000000485e-01,2.404097380000000117e-01,7.241906750000000059e-01,8.162776670000000401e-01
3.821050100000000088e-02,1.056072550000000110e-01,1.233781479999999930e-01,2.947334669999999712e-01,7.098554679999999895e-01,8.465789379999999476e-01,1.147194859999999955e-01,5.580440700000000032e-02,3.359999999999999814e-04,6.787646599999999641e-02,2.782717100000000124e-02,8.986972599999999700e-02,7.854487860000000099e-01,8.610458629999999669e-01,1.590489200000000033e-02,5.589999999999999673e-05,4.971645000000000231e-03,5.700855500000000242e-02,6.172025110000000092e-01,1.719363600000000103e-01,5.016681229999999658e-01,7.752979530000000397e-01,1.719629219999999903e-01,4.657223659999999987e-01,8.622251899999999747e-01,4.910073629999999745e-01,5.762212450000000485e-01,2.404097380000000117e-01,7.241906750000000059e-01,8.162776670000000401e-01
1.299577999999999844e-02,8.027603800000000789e-02,1.209165039999999941e-01,2.969539780000000073e-01,7.125486240000000748e-01,8.465789379999999476e-01,1.147194859999999955e-01,5.580440700000000032e-02,3.359999999999999814e-04,6.787646599999999641e-02,2.782717100000000124e-02,7.531542900000000318e-02,7.741952650000000213e-01,8.481540069999999876e-01,1.590489200000000033e-02,5.589999999999999673e-05,4.971645000000000231e-03,4.023023500000000308e-02,5.996818400000000215e-01,1.691742960000000018e-01,5.016681229999999658e-01,7.752979530000000397e-01,1.719629219999999903e-01,4.657223659999999987e-01,8.622251899999999747e-01,4.910073629999999745e-01,5.762212450000000485e-01,2.404097380000000117e-01,7.241906750000000059e-01,8.162776670000000401e-01
3.140348899999999971e-02,9.015684300000000040e-02,1.098426369999999930e-01,2.905473709999999987e-01,7.103469090000000818e-01,8.465789379999999476e-01,1.147194859999999955e-01,5.580440700000000032e-02,3.359999999999999814e-04,6.787646599999999641e-02,2.782717100000000124e-02,9.661102600000000262e-02,7.629187459999999810e-01,8.588123460000000042e-01,1.590489200000000033e-02,5.589999999999999673e-05,4.971645000000000231e-03,3.395556099999999522e-02,6.187486009999999537e-01,1.658670550000000132e-01,5.016681229999999658e-01,7.752979530000000397e-01,1.719629219999999903e-01,4.657223659999999987e-01,8.622251899999999747e-01,4.910073629999999745e-01,5.762212450000000485e-01,2.404097380000000117e-01,7.241906750000000059e-01,8.162776670000000401e-01
4.057740800000000231e-02,8.873493500000000089e-02,1.094070530000000041e-01,2.988445409999999636e-01,6.988425930000000674e-01,8.465789379999999476e-01,1.147194859999999955e-01,5.580440700000000032e-02,3.359999999999999814e-04,6.787646599999999641e-02,2.782717100000000124e-02,9.403006599999999549e-02,7.665995140000000374e-01,8.426975920000000508e-01,1.590489200000000033e-02,5.589999999999999673e-05,4.971645000000000231e-03,3.072672599999999934e-02,6.162568739999999545e-01,1.770445320000000045e-01,5.016681229999999658e-01,7.752979530000000397e-01,1.719629219999999903e-01,4.657223659999999987e-01,8.622251899999999747e-01,4.910073629999999745e-01,5.762212450000000485e-01,2.404097380000000117e-01,7.241906750000000059e-01,8.162776670000000401e-01
1.739717699999999978e-02,9.375995900000000383e-02,1.206852570000000041e-01,2.939279169999999830e-01,6.965867749999999914e-01,8.465789379999999476e-01,1.147194859999999955e-01,5.580440700000000032e-02,3.359999999999999814e-04,6.787646599999999641e-02,2.782717100000000124e-02,8.086672500000000041e-02,7.889939409999999764e-01,8.434983240000000215e-01,1.590489200000000033e-02,5.589999999999999673e-05,4.971645000000000231e-03,4.270034899999999856e-02,6.039285380000000147e-01,1.812633730000000054e-01,5.016681229999999658e-01,7.752979530000000397e-01,1.719629219999999903e-01,4.657223659999999987e-01,8.622251899999999747e-01,4.910073629999999745e-01,5.762212450000000485e-01,2.404097380000000117e-01,7.241906750000000059e-01,8.162776670000000401e-01
3.497265800000000369e-02,9.608084199999999964e-02,1.257855350000000039e-01,2.919886329999999974e-01,7.136047410000000424e-01,8.465789379999999476e-01,1.147194859999999955e-01,5.580440700000000032e-02,3.359999999999999814e-04,6.787646599999999641e-02,2.782717100000000124e-02,9.050464399999999521e-02,7.769113109999999933e-01,8.499567670000000019e-01,1.590489200000000033e-02,5.589999999999999673e-05,4.971645000000000231e-03,4.132432199999999667e-02,6.076966209999999924e-01,1.787221140000000152e-01,5.016681229999999658e-01,7.752979530000000397e-01,1.719629219999999903e-01,4.657223659999999987e-01,8.622251899999999747e-01,4.910073629999999745e-01,5.762212450000000485e-01,2.404097380000000117e-01,7.241906750000000059e-01,8.162776670000000401e-01
3.191206599999999588e-02,1.016301000000000010e-01,1.150445910000000016e-01,2.760774169999999916e-01,7.132112050000000147e-01,8.465789379999999476e-01,1.147194859999999955e-01,5.580440700000000032e-02,3.359999999999999814e-04,6.787646599999999641e-02,2.782717100000000124e-02,8.425001399999999807e-02,7.676370750000000021e-01,8.437970630000000138e-01,1.590489200000000033e-02,5.589999999999999673e-05,4.971645000000000231e-03,3.344072399999999806e-02,6.194365179999999915e-01,1.662242630000000110e-01,5.016681229999999658e-01,7.752979530000000397e-01,1.719629219999999903e-01,4.657223659999999987e-01,8.622251899999999747e-01,4.910073629999999745e-01,5.762212450000000485e-01,2.404097380000000117e-01,7.241906750000000059e-01,8.162776670000000401e-01
3.533506599999999831e-02,9.163055400000000295e-02,1.132244689999999943e-01,2.870476109999999803e-01,7.188787150000000015e-01,8.465789379999999476e-01,1.147194859999999955e-01,5.580440700000000032e-02,3.359999999999999814e-04,6.787646599999999641e-02,2.782717100000000124e-02,9.570705100000000132e-02,7.880143000000000564e-01,8.331573800000000585e-01,1.590489200000000033e-02,5.589999999999999673e-05,4.971645000000000231e-03,2.863783400000000090e-02,6.068180539999999956e-01,1.687036259999999954e-01,5.016681229999999658e-01,7.752979530000000397e-01,1.719629219999999903e-01,4.657223659999999987e-01,8.622251899999999747e-01,4.910073629999999745e-01,5.762212450000000485e-01,2.404097380000000117e-01,7.241906750000000059e-01,8.162776670000000401e-01
1.795149099999999998e-02,9.734284900000000906e-02,1.072982930000000029e-01,2.843193359999999781e-01,6.972011780000000325e-01,8.465789379999999476e-01,1.147194859999999955e-01,5.580440700000000032e-02,3.359999999999999814e-04,6.787646599999999641e-02,2.782717100000000124e-02,7.808330099999999385e-02,7.893676530000000025e-01,8.437328269999999630e-01,1.590489200000000033e-02,5.589999999999999673e-05,4.971645000000000231e-03,5.018397799999999714e-02,6.150916410000000223e-01,1.744116410000000061e-01,5.016681229999999658e-01,7.752979530000000397e-01,1.719629219999999903e-01,4.657223659999999987e-01,8.622251899999999747e-01,4.910073629999999745e-01,5.762212450000000485e-01,2.404097380000000117e-01,7.241906750000000059e-01,8.162776670000000401e-01
1.727997400000000003e-02,8.377542799999999901e-02,1.156707649999999948e-01,2.790543159999999689e-01,6.936269440000000230e-01,8.465789379999999476e-01,1.147194859999999955e-01,5.580440700000000032e-02,3.359999999999999814e-04,6.787646599999999641e-02,2.782717100000000124e-02,8.257354000000000083e-02,7.677768449999999856e-01,8.564193629999999891e-01,1.590489200000000033e-02,5.589999999999999673e-05,4.971645000000000231e-03,3.200387700000000002e-02,6.145477419999999524e-01,1.783511430000000175e-01,5.016681229999999658e-01,7.752979530000000397e-01,1.719629219999999903e-01,4.657223659999999987e-01,8.622251899999999747e-01,4.910073629999999745e-01,5.762212450000000485e-01,2.404097380000000117e-01,7.241906750000000059e-01,8.162776670000000401e-01
2.582511600000000213e-02,8.221328299999999811e-02,1.244101569999999934e-01,2.748206340000000081e-01,7.191175670000000686e-01,8.465789379999999476e-01,1.147194859999999955e-01,5.580440700000000032e-02,3.359999999999999814e-04,6.787646599999999641e-02,2.782717100000000124e-02,7.068762500000000393e-02,7.662984010000000179e-01,8.343050260000000051e-01,1.590489200000000033e-02,5.589999999999999673e-05,4.971645000000000231e-03,4.722874400000000306e-02,6.002099690000000098e-01,1.769639060000000041e-01,5.016681229999999658e-01,7.752979530000000397e-01,1.719629219999999903e-01,4.657223659999999987e-01,8.622251899999999747e-01,4.910073629999999745e-01,5.762212450000000485e-01,2.404097380000000117e-01,7.241906750000000059e-01,8.162776670000000401e-01
2.414272500000000030e-02,1.058931140000000104e-01,1.280449710000000074e-01,2.880568209999999629e-01,7.150180250000000015e-01,8.465789379999999476e-01,1.147194859999999955e-01,5.580440700000000032e-02,3.359999999999999814e-04,6.787646599999999641e-02,2.782717100000000124e-02,9.547237699999999716e-02,7.672453870000000009e-01,8.490864099999999581e-01,1.590489200000000033e-02,5.589999999999999673e-05,4.971645000000000231e-03,5.007282700000000031e-02,6.046359660000000247e-01,1.884452679999999991e-01,5.016681229999999658e-01,7.752979530000000397e-01,1.719629219999999903e-01,4.657223659999999987e-01,8.622251899999999747e-01,4.910073629999999745e-01,5.762212450000000485e-01,2.404097380000000117e-01,7.241906750000000059e-01,8.162776670000000401e-01
2.792054199999999958e-02,8.924439500000000414e-02,1.324364349999999912e-01,2.749683019999999978e-01,7.063816290000000109e-01,8.465789379999999476e-01,1.147194859999999955e-01,5.580440700000000032e-02,3.359999999999999814e-04,6.787646599999999641e-02,2.782717100000000124e-02,9.156705099999999653e-02,7.818658430000000603e-01,8.543603389999999687e-01,1.590489200000000033e-02,5.589999999999999673e-05,4.971645000000000231e-03,5.107496599999999942e-02,6.097346919999999670e-01,1.681438870000000196e-01,5.016681229999999658e-01,7.752979530000000397e-01,1.719629219999999903e-01,4.657223659999999987e-01,8.622251899999999747e-01,4.910073629999999745e-01,5.762212450000000485e-01,2.404097380000000117e-01,7.241906750000000059e-01,8.162776670000000401e-01
3.202756600000000037e-02,8.509400699999999929e-02,1.140455509999999950e-01,2.758299129999999821e-01,7.021823550000000358e-01,8.465789379999999476e-01,1.147194859999999955e-01,5.580440700000000032e-02,3.359999999999999814e-04,6.787646599999999641e-02,2.782717100000000124e-02,7.443097699999999539e-02,7.826257560000000613e-01,8.514581169999999588e-01,1.590489200000000033e-02,5.589999999999999673e-05,4.971645000000000231e-03,5.551800399999999580e-02,5.975463629999999693e-01,1.829940520000000181e-01,5.016681229999999658e-01,7.752979530000000397e-01,1.719629219999999903e-01,4.657223659999999987e-01,8.622251899999999747e-01,4.910073629999999745e-01,5.762212450000000485e-01,2.404097380000000117e-01,7.241906750000000059e-01,8.162776670000000401e-01
2.685327000000000200e-02,9.685633300000000279e-02,1.205398149999999946e-01,2.770130239999999966e-01,6.902951750000000386e-01,8.465789379999999476e-01,1.147194859999999955e-01,5.580440700000000032e-02,3.359999999999999814e-04,6.787646599999999641e-02,2.782717100000000124e-02,8.834254599999999402e-02,7.599413179999999768e-01,8.591253279999999659e-01,1.590489200000000033e-02,5.589999999999999673e-05,4.971645000000000231e-03,2.930866999999999847e-02,6.075349420000000222e-01,1.724589029999999967e-01,5.016681229999999658e-01,7.752979530000000397e-01,1.719629219999999903e-01,4.657223659999999987e-01,8.622251899999999747e-01,4.910073629999999745e-01,5.762212450000000485e-01,2.404097380000000117e-01,7.241906750000000059e-01,8.162776670000000401e-01
2.055363800000000254e-02,9.457731900000000691e-02,1.303010920000000072e-01,2.918196239999999997e-01,7.079529260000000379e-01,8.465789379999999476e-01,1.147194859999999955e-01,5.580440700000000032e-02,3.359999999999999814e-04,6.787646599999999641e-02,2.782717100000000124e-02,8.326334200000000407e-02,7.875049240000000506e-01,8.393803309999999795e-01,1.590489200000000033e-02,5.589999999999999673e-05,4.971645000000000231e-03,3.716673099999999452e-02,6.113792190000000293e-01,1.865487339999999938e-01,5.016681229999999658e-01,7.752979530000000397e-01,1.719629219999999903e-01,4.657223659999999987e-01,8.622251899999999747e-01,4.910073629999999745e-01,5.762212450000000485e-01,2.404097380000000117e-01,7.241906750000000059e-01,8.162776670000000401e-01
1.915122099999999952e-02,8.166133200000000314e-02,1.240638659999999949e-01,2.901901089999999739e-01,7.017595610000000317e-01,8.465789379999999476e-01,1.147194859999999955e-01,5.580440700000000032e-02,3.359999999999999814e-04,6.787646599999999641e-02,2.782717100000000124e-02,7.298151699999999575e-02,7.727173449999999999e-01,8.432989200000000629e-01,1.590489200000000033e-02,5.589999999999999673e-05,4.971645000000000231e-03,4.307337399999999761e-02,6.049124980000000207e-01,1.697605779999999953e-01,5.016681229999999658e-01,7.752979530000000397e-01,1.719629219999999903e-01,4.657223659999999987e-01,8.622251899999999747e-01,4.910073629999999745e-01,5.762212450000000485e-01,2.404097380000000117e-01,7.241906750000000059e-01,8.162776670000000401e-01
2.492249600000000231e-02,8.285580800000000301e-02,1.177565680000000059e-01,2.804260269999999666e-01,6.904470570000000862e-01,8.465789379999999476e-01,1.147194859999999955e-01,5.580440700000000032e-02,3.359999999999999814e-04,6.787646599999999641e-02,2.782717100000000124e-02,6.674702200000000307e-02,7.835722480000000267e-01,8.595795710000000422e-01,1.590489200000000033e-02,5.589999999999999673e-05,4.971645000000000231e-03,4.932098099999999985e-02,6.042064639999999986e-01,1.768028540000000093e-01,5.016681229999999658e-01,7.752979530000000397e-01,1.719629219999999903e-01,4.657223659999999987e-01,8.622251899999999747e-01,4.910073629999999745e-01,5.762212450000000485e-01,2.404097380000000117e-01,7.241906750000000059e-01,8.162776670000000401e-01
3.890889200000000048e-02,7.727999600000000358e-02,1.159103759999999955e-01,2.953146500000000119e-01,7.104796230000000046e-01,8.465789379999999476e-01,1.147194859999999955e-01,5.580440700000000032e-02,3.359999999999999814e-04,6.787646599999999641e-02,2.782717100000000124e-02,6.902585899999999497e-02,7.652270820000000029e-01,8.356903549999999958e-01,1.590489200000000033e-02,5.589999999999999673e-05,4.971645000000000231e-03,4.116333299999999640e-02,6.067061670000000184e-01,1.656964630000000160e-01,5.016681229999999658e-01,7.752979530000000397e-01,1.719629219999999903e-01,4.657223659999999987e-01,8.622251899999999747e-01,4.910073629999999745e-01,5.762212450000000485e-01,2.404097380000000117e-01,7.241906750000000059e-01,8.162776670000000401e-01
3.618600599999999973e-02,7.751791900000000457e-02,1.254383910000000102e-01,2.957118599999999931e-01,7.046369390000000177e-01,8.465789379999999476e-01,1.147194859999999955e-01,5.580440700000000032e-02,3.359999999999999814e-04,6.787646599999999641e-02,2.782717100000000124e-02,7.459754500000000121e-02,7.743662300000000442e-01,8.539678900000000628e-01,1.590489200000000033e-02,5.589999999999999673e-05,4.971645000000000231e-03,4.388135199999999847e-02,6.140712059999999806e-01,1.790839200000000075e-01,5.016681229999999658e-01,7.752979530000000397e-01,1.719629219999999903e-01,4.657223659999999987e-01,8.622251899999999747e-01,4.910073629999999745e-01,5.762212450000000485e-01,2.404097380000000117e-01,7.241906750000000059e-01,8.162776670000000401e-01
2.299836599999999925e-02,9.045348300000000119e-02,1.166017579999999998e-01,2.858620979999999534e-01,6.911380500000000593e-01,8.465789379999999476e-01,1.147194859999999955e-01,5.580440700000000032e-02,3.359999999999999814e-04,6.787646599999999641e-02,2.782717100000000124e-02,9.127321199999999246e-02,7.791289559999999836e-01,8.341740570000000243e-01,1.590489200000000033e-02,5.589999999999999673e-05,4.971645000000000231e-03,5.625725999999999644e-02,6.089044789999999985e-01,1.708799350000000106e-01,5.016681229999999658e-01,7.752979530000000397e-01,1.719629219999999903e-01,4.657223659999999987e-01,8.622251899999999747e-01,4.910073629999999745e-01,5.762212450000000485e-01,2.404097380000000117e-01,7.241906750000000059e-01,8.162776670000000401e-01
2.697547600000000170e-02,9.188859200000000504e-02,1.252414980000000067e-01,2.922411329999999863e-01,7.013559799999999900e-01,8.465789379999999476e-01,1.147194859999999955e-01,5.580440700000000032e-02,3.359999999999999814e-04,6.787646599999999641e-02,2.782717100000000124e-02,8.237327699999999475e-02,7.828077730000000400e-01,8.378197099999999953e-01,1.590489200000000033e-02,5.589999999999999673e-05,4.971645000000000231e-03,3.226807400000000076e-02,6.110533320000000046e-01,1.803537410000000119e-01,5.016681229999999658e-01,7.752979530000000397e-01,1.719629219999999903e-01,4.657223659999999987e-01,8.622251899999999747e-01,4.910073629999999745e-01,5.762212450000000485e-01,2.404097380000000117e-01,7.241906750000000059e-01,8.162776670000000401e-01
3.035604600000000111e-02,8.265883400000000047e-02,1.250561739999999922e-01,2.925811939999999889e-01,6.961829569999999912e-01,8.465789379999999476e-01,1.147194859999999955e-01,5.580440700000000032e-02,3.359999999999999814e-04,6.787646599999999641e-02,2.782717100000000124e-02,8.059205299999999683e-02,7.860132710000000689e-01,8.444157220000000352e-01,1.590489200000000033e-02,5.589999999999999673e-05,4.971645000000000231e-03,5.588812800000000219e-02,6.011851350000000371e-01,1.654064000000000090e-01,5.016681229999999658e-01,7.752979530000000397e-01,1.719629219999999903e-01,4.657223659999999987e-01,8.622251899999999747e-01,4.910073629999999745e-01,5.762212450000000485e-01,2.404097380000000117e-01,7.241906750000000059e-01,8.162776670000000401e-01
3.715206700000000389e-02,9.770448900000000547e-02,1.366812540000000020e-01,2.872284779999999538e-01,7.134279980000000077e-01,8.465789379999999476e-01,1.147194859999999955e-01,5.580440700000000032e-02,3.359999999999999814e-04,6.787646599999999641e-02,2.782717100000000124e-02,8.759319699999999764e-02,7.771579910000000480e-01,8.420293640000000579e-01,1.590489200000000033e-02,5.589999999999999673e-05,4.971645000000000231e-03,5.523371399999999626e-02,6.189931770000000055e-01,1.648337990000000031e-01,5.016681229999999658e-01,7.752979530000000397e-01,1.719629219999999903e-01,4.657223659999999987e-01,8.622251899999999747e-01,4.910073629999999745e-01,5.762212450000000485e-01,2.404097380000000117e-01,7.241906750000000059e-01,8.162776670000000401e-01
3.268654900000000224e-02,1.027639180000000096e-01,1.108360939999999961e-01,2.907981799999999617e-01,7.099125880000000111e-01,8.465789379999999476e-01,1.147194859999999955e-01,5.580440700000000032e-02,3.359999999999999814e-04,6.787646599999999641e-02,2.782717100000000124e-02,6.963546800000000592e-02,7.705491859999999971e-01,8.618365370000000691e-01,1.590489200000000033e-02,5.589999999999999673e-05,4.971645000000000231e-03,4.152094199999999818e-02,6.136533939999999632e-01,1.794899940000000138e-01,5.016681229999999658e-01,7.752979530000000397e-01,1.719629219999999903e-01,4.657223659999999987e-01,8.622251899999999747e-01,4.910073629999999745e-01,5.762212450000000485e-01,2.404097380000000117e-01,7.241906750000000059e-01,8.162776670000000401e-01
2.774801099999999951e-02,9.662687500000000096e-02,1.220466510000000060e-01,2.995821439999999947e-01,7.172363640000000151e-01,8.465789379999999476e-01,1.147194859999999955e-01,5.580440700000000032e-02,3.359999999999999814e-04,6.787646599999999641e-02,2.782717100000000124e-02,7.233228899999999406e-02,7.781752900000000750e-01,8.552270109999999814e-01,1.590489200000000033e-02,5.589999999999999673e-05,4.971645000000000231e-03,3.840085000000000026e-02,5.954861609999999583e-01,1.862755180000000010e-01,5.016681229999999658e-01,7.752979530000000397e-01,1.719629219999999903e-01,4.657223659999999987e-01,8.622251899999999747e-01,4.910073629999999745e-01,5.762212450000000485e-01,2.404097380000000117e-01,7.241906750000000059e-01,8.162776670000000401e-01
3.424933100000000091e-02,8.800963500000000272e-02,1.320302939999999925e-01,2.847921749999999808e-01,6.926707880000000372e-01,8.465789379999999476e-01,1.147194859999999955e-01,5.580440700000000032e-02,3.359999999999999814e-04,6.787646599999999641e-02,2.782717100000000124e-02,7.510164099999999676e-02,7.624071290000000722e-01,8.448584879999999631e-01,1.590489200000000033e-02,5.589999999999999673e-05,4.971645000000000231e-03,4.898109099999999744e-02,6.173361870000000362e-01,1.776069870000000217e-01,5.016681229999999658e-01,7.752979530000000397e-01,1.719629219999999903e-01,4.657223659999999987e-01,8.622251899999999747e-01,4.910073629999999745e-01,5.762212450000000485e-01,2.404097380000000117e-01,7.241906750000000059e-01,8.162776670000000401e-01
1.346167300000000039e-02,9.708654199999999790e-02,1.105724710000000055e-01,3.019670939999999915e-01,7.179273660000000667e-01,8.465789379999999476e-01,1.147194859999999955e-01,5.580440700000000032e-02,3.359999999999999814e-04,6.787646599999999641e-02,2.782717100000000124e-02,6.771272799999999981e-02,7.851311400000000607e-01,8.402566099999999594e-01,1.590489200000000033e-02,5.589999999999999673e-05,4.971645000000000231e-03,3.254224699999999637e-02,6.164692349999999488e-01,1.732880230000000132e-01,5.016681229999999658e-01,7.752979530000000397e-01,1.719629219999999903e-01,4.657223659999999987e-01,8.622251899999999747e-01,4.910073629999999745e-01,5.762212450000000485e-01,2.404097380000000117e-01,7.241906750000000059e-01,8.162776670000000401e-01
2.949347800000000006e-02,7.790841600000000811e-02,1.179332889999999967e-01,2.893178389999999656e-01,6.956388709999999920e-01,8.465789379999999476e-01,1.147194859999999955e-01,5.580440700000000032e-02,3.359999999999999814e-04,6.787646599999999641e-02,2.782717100000000124e-02,8.073385699999999221e-02,7.610455760000000014e-01,8.329188050000000398e-01,1.590489200000000033e-02,5.589999999999999673e-05,4.971645000000000231e-03,4.106596699999999489e-02,6.056071199999999433e-01,1.612696070000000093e-01,5.016681229999999658e-01,7.752979530000000397e-01,1.719629219999999903e-01,4.657223659999999987e-01,8.622251899999999747e-01,4.910073629999999745e-01,5.762212450000000485e-01,2.404097380000000117e-01,7.241906750000000059e-01,8.162776670000000401e-01
2.914167999999999967e-02,1.051772539999999978e-01,1.311474069999999936e-01,2.954517229999999994e-01,7.070938640000000719e-01,8.465789379999999476e-01,1.147194859999999955e-01,5.580440700000000032e-02,3.359999999999999814e-04,6.787646599999999641e-02,2.782717100000000124e-02,7.923005099999999579e-02,7.633396669999999995e-01,8.461700439999999546e-01,1.590489200000000033e-02,5.589999999999999673e-05,4.971645000000000231e-03,4.481532500000000308e-02,5.966821700000000117e-01,1.694642690000000007e-01,5.016681229999999658e-01,7.752979530000000397e-01,1.719629219999999903e-01,4.657223659999999987e-01,8.622251899999999747e-01,4.910073629999999745e-01,5.762212450000000485e-01,2.404097380000000117e-01,7.241906750000000059e-01,8.162776670000000401e-01
1.947902100000000261e-02,8.315106900000000800e-02,1.131822170000000016e-01,3.011176889999999662e-01,7.137593690000000324e-01,8.465789379999999476e-01,1.147194859999999955e-01,5.580440700000000032e-02,3.359999999999999814e-04,6.787646599999999641e-02,2.782717100000000124e-02,6.824557500000000276e-02,7.722716710000000484e-01,8.416787660000000226e-01,1.590489200000000033e-02,5.589999999999999673e-05,4.971645000000000231e-03,4.768981899999999441e-02,6.160895119999999503e-01,1.677474939999999970e-01,5.016681229999999658e-01,7.752979530000000397e-01,1.719629219999999903e-01,4.657223659999999987e-01,8.622251899999999747e-01,4.910073629999999745e-01,5.762212450000000485e-01,2.404097380000000117e-01,7.241906750000000059e-01,8.162776670000000401e-01
3.434732599999999747e-02,8.951847400000000066e-02,1.229548460000000065e-01,2.768960509999999764e-01,6.920848950000000332e-01,8.465789379999999476e-01,1.147194859999999955e-01,5.580440700000000032e-02,3.359999999999999814e-04,6.787646599999999641e-02,2.782717100000000124e-02,9.503237400000000279e-02,7.699670630000000626e-01,8.418752849999999732e-01,1.590489200000000033e-02,5.589999999999999673e-05,4.971645000000000231e-03,4.431848399999999827e-02,6.122473929999999731e-01,1.645475849999999962e-01,5.016681229999999658e-01,7.752979530000000397e-01,1.719629219999999903e-01,4.657223659999999987e-01,8.622251899999999747e-01,4.910073629999999745e-01,5.762212450000000485e-01,2.404097380000000117e-01,7.241906750000000059e-01,8.162776670000000401e-01
3.561724200000000035e-02,1.045126420000000028e-01,1.181588439999999990e-01,2.772999159999999796e-01,7.163708550000000841e-01,8.465789379999999476e-01,1.147194859999999955e-01,5.580440700000000032e-02,3.359999999999999814e-04,6.787646599999999641e-02,2.782717100000000124e-02,9.250597199999999187e-02,7.633971219999999835e-01,8.353907740000000581e-01,1.590489200000000033e-02,5.589999999999999673e-05,4.971645000000000231e-03,3.936684199999999911e-02,6.038563879999999662e-01,1.733326170000000221e-01,5.016681229999999658e-01,7.752979530000000397e-01,1.719629219999999903e-01,4.657223659999999987e-01,8.622251899999999747e-01,4.910073629999999745e-01,5.762212450000000485e-01,2.404097380000000117e-01,7.241906750000000059e-01,8.162776670000000401e-01
2.046833699999999964e-02,7.955355699999999697e-02,1.160935939999999944e-01,2.783632379999999573e-01,6.985124270000000468e-01,8.465789379999999476e-01,1.147194859999999955e-01,5.580440700000000032e-02,3.359999999999999814e-04,6.787646599999999641e-02,2.782717100000000124e-02,8.402138700000000293e-02,7.655893690000000751e-01,8.347065329999999728e-01,1.590489200000000033e-02,5.589999999999999673e-05,4.971645000000000231e-03,4.236445800000000067e-02,6.023356880000000357e-01,1.624104120000000040e-01,5.016681229999999658e-01,7.752979530000000397e-01,1.719629219999999903e-01,4.657223659999999987e-01,8.622251899999999747e-01,4.910073629999999745e-01,5.762212450000000485e-01,2.404097380000000117e-01,7.241906750000000059e-01,8.162776670000000401e-01
2.097821899999999934e-02,9.284797100000000136e-02,1.144497010000000009e-01,2.994386929999999780e-01,7.116175370000000777e-01,8.465789379999999476e-01,1.147194859999999955e-01,5.580440700000000032e-02,3.359999999999999814e-04,6.787646599999999641e-02,2.782717100000000124e-02,8.369371800000000028e-02,7.749452250000000708e-01,8.347960530000000379e-01,1.590489200000000033e-02,5.589999999999999673e-05,4.971645000000000231e-03,3.590580699999999792e-02,6.073555939999999431e-01,1.734723130000000169e-01,5.016681229999999658e-01,7.752979530000000397e-01,1.719629219999999903e-01,4.657223659999999987e-01,8.622251899999999747e-01,4.910073629999999745e-01,5.762212450000000485e-01,2.404097380000000117e-01,7.241906750000000059e-01,8.162776670000000401e-01
1.750319399999999970e-02,1.018674910000000045e-01,1.227618290000000029e-01,2.975627289999999703e-01,6.913793970000000622e-01,8.465789379999999476e-01,1.147194859999999955e-01,5.580440700000000032e-02,3.359999999999999814e-04,6.787646599999999641e-02,2.782717100000000124e-02,7.326655299999999815e-02,7.847593070000000726e-01,8.556062500000000126e-01,1.590489200000000033e-02,5.589999999999999673e-05,4.971645000000000231e-03,3.268578999999999929e-02,6.210417069999999429e-01,1.696752420000000039e-01,5.016681229999999658e-01,7.752979530000000397e-01,1.719629219999999903e-01,4.657223659999999987e-01,8.622251899999999747e-01,4.910073629999999745e-01,5.762212450000000485e-01,2.404097380000000117e-01,7.241906750000000059e-01,8.162776670000000401e-01
2.589415999999999940e-02,9.994833000000000189e-02,1.363072200000000067e-01,2.753774709999999848e-01,7.182534200000000313e-01,8.465789379999999476e-01,1.147194859999999955e-01,5.580440700000000032e-02,3.359999999999999814e-04,6.787646599999999641e-02,2.782717100000000124e-02,7.704211299999999540e-02,7.840287070000000469e-01,8.508133660000000154e-01,1.590489200000000033e-02,5.589999999999999673e-05,4.971645000000000231e-03,3.001090099999999955e-02,6.191718480000000246e-01,1.825052950000000118e-01,5.016681229999999658e-01,7.752979530000000397e-01,1.719629219999999903e-01,4.657223659999999987e-01,8.622251899999999747e-01,4.910073629999999745e-01,5.762212450000000485e-01,2.404097380000000117e-01,7.241906750000000059e-01,8.162776670000000401e-01
3.315028700000000050e-02,9.126210400000001055e-02,1.170793930000000038e-01,2.936303469999999582e-01,7.045698830000000079e-01,8.465789379999999476e-01,1.147194859999999955e-01,5.580440700000000032e-02,3.359999999999999814e-04,6.787646599999999641e-02,2.782717100000000124e-02,7.478583599999999443e-02,7.618098410000000431e-01,8.581070010000000359e-01,1.590489200000000033e-02,5.589999999999999673e-05,4.971645000000000231e-03,5.441545700000000041e-02,6.007922300000000382e-01,1.632695759999999996e-01,5.016681229999999658e-01,7.752979530000000397e-01,1.719629219999999903e-01,4.657223659999999987e-01,8.622251899999999747e-01,4.910073629999999745e-01,5.762212450000000485e-01,2.404097380000000117e-01,7.241906750000000059e-01,8.162776670000000401e-01
2.186795199999999953e-02,9.593668199999999535e-02,1.284706720000000080e-01,2.914326989999999618e-01,7.056756809999999991e-01,8.465789379999999476e-01,1.147194859999999955e-01,5.580440700000000032e-02,3.359999999999999814e-04,6.787646599999999641e-02,2.782717100000000124e-02,9.419106199999999207e-02,7.639451310000000550e-01,8.388947719999999553e-01,1.590489200000000033e-02,5.589999999999999673e-05,4.971645000000000231e-03,3.545973699999999812e-02,6.182835230000000015e-01,1.614505509999999977e-01,5.016681229999999658e-01,7.752979530000000397e-01,1.719629219999999903e-01,4.657223659999999987e-01,8.622251899999999747e-01,4.910073629999999745e-01,5.762212450000000485e-01,2.404097380000000117e-01,7.241906750000000059e-01,8.162776670000000401e-01
3.988773300000000160e-02,9.943298200000000309e-02,1.173595729999999948e-01,3.020531810000000039e-01,6.949940420000000341e-01,8.465789379999999476e-01,1.147194859999999955e-01,5.580440700000000032e-02,3.359999999999999814e-04,6.787646599999999641e-02,2.782717100000000124e-02,8.602184499999999956e-02,7.621464760000000727e-01,8.491689989999999799e-01,1.590489200000000033e-02,5.589999999999999673e-05,4.971645000000000231e-03,4.687453899999999979e-02,6.214875340000000081e-01,1.761221629999999982e-01,5.016681229999999658e-01,7.752979530000000397e-01,1.719629219999999903e-01,4.657223659999999987e-01,8.622251899999999747e-01,4.910073629999999745e-01,5.762212450000000485e-01,2.404097380000000117e-01,7.241906750000000059e-01,8.162776670000000401e-01
2.866056800000000085e-02,1.006992820000000011e-01,1.074296740000000028e-01,2.985520459999999598e-01,7.086111390000000565e-01,8.465789379999999476e-01,1.147194859999999955e-01,5.580440700000000032e-02,3.359999999999999814e-04,6.787646599999999641e-02,2.782717100000000124e-02,8.706262700000000354e-02,7.720405570000000717e-01,8.455997250000000243e-01,1.590489200000000033e-02,5.589999999999999673e-05,4.971645000000000231e-03,5.466186599999999646e-02,5.979985009999999601e-01,1.651645660000000126e-01,5.016681229999999658e-01,7.752979530000000397e-01,1.719629219999999903e-01,4.657223659999999987e-01,8.622251899999999747e-01,4.910073629999999745e-01,5.762212450000000485e-01,2.404097380000000117e-01,7.241906750000000059e-01,8.162776670000000401e-01
4.019237500000000241e-02,9.585693100000000633e-02,1.185110689999999967e-01,3.010319830000000030e-01,7.075609430000000533e-01,8.465789379999999476e-01,1.147194859999999955e-01,5.580440700000000032e-02,3.359999999999999814e-04,6.787646599999999641e-02,2.782717100000000124e-02,7.441595300000000690e-02,7.837493840000000489e-01,8.442256369999999732e-01,1.590489200000000033e-02,5.589999999999999673e-05,4.971645000000000231e-03,3.885784800000000039e-02,6.111018559999999988e-01,1.808487950000000066e-01,5.016681229999999658e-01,7.752979530000000397e-01,1.719629219999999903e-01,4.657223659999999987e-01,8.622251899999999747e-01,4.910073629999999745e-01,5.762212450000000485e-01,2.404097380000000117e-01,7.241906750000000059e-01,8.162776670000000401e-01
1.517327499999999996e-02,9.485128800000000582e-02,1.234447220000000067e-01,2.815526359999999673e-01,7.026729620000000676e-01,8.465789379999999476e-01,1.147194859999999955e-01,5.580440700000000032e-02,3.359999999999999814e-04,6.787646599999999641e-02,2.782717100000000124e-02,7.896217599999999504e-02,7.810033100000000061e-01,8.542595419999999828e-01,1.590489200000000033e-02,5.589999999999999673e-05,4.971645000000000231e-03,3.353050400000000264e-02,6.114378639999999976e-01,1.878796710000000258e-01,5.016681229999999658e-01,7.752979530000000397e-01,1.719629219999999903e-01,4.657223659999999987e-01,8.622251899999999747e-01,4.910073629999999745e-01,5.762212450000000485e-01,2.404097380000000117e-01,7.241906750000000059e-01,8.162776670000000401e-01
1.524483299999999930e-02,8.269387000000000265e-02,1.238169769999999947e-01,2.983149210000000107e-01,6.968130049999999853e-01,8.465789379999999476e-01,1.147194859999999955e-01,5.580440700000000032e-02,3.359999999999999814e-04,6.787646599999999641e-02,2.782717100000000124e-02,9.288947100000000123e-02,7.878474659999999963e-01,8.390305070000000365e-01,1.590489200000000033e-02,5.589999999999999673e-05,4.971645000000000231e-03,3.940541000000000182e-02,6.010714440000000103e-01,1.869994010000000095e-01,5.016681229999999658e-01,7.752979530000000397e-01,1.719629219999999903e-01,4.657223659999999987e-01,8.622251899999999747e-01,4.910073629999999745e-01,5.762212450000000485e-01,2.404097380000000117e-01,7.241906750000000059e-01,8.162776670000000401e-01
1.828736499999999987e-02,1.050025420000000043e-01,1.261945869999999970e-01,2.866486509999999766e-01,6.954199660000000005e-01,8.465789379999999476e-01,1.147194859999999955e-01,5.580440700000000032e-02,3.359999999999999814e-04,6.787646599999999641e-02,2.782717100000000124e-02,7.369678100000000287e-02,7.844635110000000022e-01,8.510312559999999582e-01,1.590489200000000033e-02,5.589999999999999673e-05,4.971645000000000231e-03,3.401212900000000205e-02,6.124262900000000398e-01,1.831697720000000085e-01,5.016681229999999658e-01,7.752979530000000397e-01,1.719629219999999903e-01,4.657223659999999987e-01,8.622251899999999747e-01,4.910073629999999745e-01,5.762212450000000485e-01,2.404097380000000117e-01,7.241906750000000059e-01,8.162776670000000401e-01
2.805590200000000062e-02,9.100925099999999934e-02,1.361967269999999897e-01,3.008749139999999933e-01,7.171581290000000886e-01,8.465789379999999476e-01,1.147194859999999955e-01,5.580440700000000032e-02,3.359999999999999814e-04,6.787646599999999641e-02,2.782717100000000124e-02,7.142088300000000445e-02,7.694069690000000517e-01,8.621105690000000488e-01,1.590489200000000033e-02,5.589999999999999673e-05,4.971645000000000231e-03,4.818499799999999972e-02,5.966342019999999469e-01,1.665638970000000163e-01,5.016681229999999658e-01,7.752979530000000397e-01,1.719629219999999903e-01,4.657223659999999987e-01,8.622251899999999747e-01,4.910073629999999745e-01,5.762212450000000485e-01,2.404097380000000117e-01,7.241906750000000059e-01,8.162776670000000401e-01
3.304511699999999885e-02,1.020968200000000048e-01,1.136114420000000069e-01,2.778445880000000034e-01,7.157972910000000022e-01,8.465789379999999476e-01,1.147194859999999955e-01,5.580440700000000032e-02,3.359999999999999814e-04,6.787646599999999641e-02,2.782717100000000124e-02,9.196538900000000849e-02,7.748013049999999957e-01,8.459598390000000467e-01,1.590489200000000033e-02,5.589999999999999673e-05,4.971645000000000231e-03,3.639743900000000365e-02,6.012988299999999509e-01,1.838351710000000194e-01,5.016681229999999658e-01,7.752979530000000397e-01,1.719629219999999903e-01,4.657223659999999987e-01,8.622251899999999747e-01,4.910073629999999745e-01,5.762212450000000485e-01,2.404097380000000117e-01,7.241906750000000059e-01,8.162776670000000401e-01
2.963896800000000165e-02,8.012575600000000631e-02,1.107868909999999985e-01,2.924928559999999678e-01,7.110635830000000546e-01,8.465789379999999476e-01,1.147194859999999955e-01,5.580440700000000032e-02,3.359999999999999814e-04,6.787646599999999641e-02,2.782717100000000124e-02,8.450729099999999827e-02,7.728795940000000586e-01,8.401531250000000561e-01,1.590489200000000033e-02,5.589999999999999673e-05,4.971645000000000231e-03,3.971895799999999865e-02,5.992046690000000231e-01,1.788687449999999957e-01,5.016681229999999658e-01,7.752979530000000397e-01,1.719629219999999903e-01,4.657223659999999987e-01,8.622251899999999747e-01,4.910073629999999745e-01,5.762212450000000485e-01,2.404097380000000117e-01,7.241906750000000059e-01,8.162776670000000401e-01
2.306232400000000210e-02,9.139783800000000902e-02,1.237759249999999950e-01,2.766296699999999942e-01,7.058112330000000378e-01,8.465789379999999476e-01,1.147194859999999955e-01,5.580440700000000032e-02,3.359999999999999814e-04,6.787646599999999641e-02,2.782717100000000124e-02,8.296970100000000681e-02,7.878209489999999926e-01,8.476944650000000081e-01,1.590489200000000033e-02,5.589999999999999673e-05,4.971645000000000231e-03,3.631685399999999564e-02,5.935380359999999911e-01,1.652974070000000073e-01,5.016681229999999658e-01,7.752979530000000397e-01,1.719629219999999903e-01,4.657223659999999987e-01,8.622251899999999747e-01,4.910073629999999745e-01,5.762212450000000485e-01,2.404097380000000117e-01,7.241906750000000059e-01,8.162776670000000401e-01
2.989980300000000257e-02,1.015943150000000045e-01,1.200047570000000036e-01,2.816804549999999963e-01,6.918307519999999933e-01,8.465789379999999476e-01,1.147194859999999955e-01,5.580440700000000032e-02,3.359999999999999814e-04,6.787646599999999641e-02,2.782717100000000124e-02,7.280143299999999873e-02,7.637423440000000729e-01,8.520325720000000436e-01,1.590489200000000033e-02,5.589999999999999673e-05,4.971645000000000231e-03,4.081977600000000206e-02,6.092639920000000320e-01,1.780174720000000099e-01,5.016681229999999658e-01,7.752979530000000397e-01,1.719629219999999903e-01,4.657223659999999987e-01,8.622251899999999747e-01,4.910073629999999745e-01,5.762212450000000485e-01,2.404097380000000117e-01,7.241906750000000059e-01,8.162776670000000401e-01
4.046570700000000353e-02,8.464106300000000249e-02,1.263997000000000037e-01,3.015854530000000033e-01,6.974628720000000115e-01,8.465789379999999476e-01,1.147194859999999955e-01,5.580440700000000032e-02,3.359999999999999814e-04,6.787646599999999641e-02,2.782717100000000124e-02,8.115408600000000028e-02,7.712980930000000734e-01,8.460750820000000338e-01,1.590489200000000033e-02,5.589999999999999673e-05,4.971645000000000231e-03,3.516671600000000064e-02,5.996000479999999966e-01,1.850912820000000236e-01,5.016681229999999658e-01,7.752979530000000397e-01,1.719629219999999903e-01,4.657223659999999987e-01,8.622251899999999747e-01,4.910073629999999745e-01,5.762212450000000485e-01,2.404097380000000117e-01,7.241906750000000059e-01,8.162776670000000401e-01
2.519605400000000245e-02,1.044586720000000024e-01,1.120318470000000038e-01,2.896046860000000001e-01,6.948601760000000516e-01,8.465789379999999476e-01,1.147194859999999955e-01,5.580440700000000032e-02,3.359999999999999814e-04,6.787646599999999641e-02,2.782717100000000124e-02,7.372246699999999986e-02,7.723622439999999756e-01,8.489029420000000492e-01,1.590489200000000033e-02,5.589999999999999673e-05,4.971645000000000231e-03,4.503623299999999496e-02,5.964486049999999651e-01,1.616995660000000168e-01,5.016681229999999658e-01,7.752979530000000397e-01,1.719629219999999903e-01,4.657223659999999987e-01,8.622251899999999747e-01,4.910073629999999745e-01,5.762212450000000485e-01,2.404097380000000117e-01,7.241906750000000059e-01,8.162776670000000401e-01
2.462963599999999989e-02,9.063395000000000479e-02,1.078555280000000061e-01,2.742335429999999685e-01,7.019946540000000512e-01,8.465789379999999476e-01,1.147194859999999955e-01,5.580440700000000032e-02,3.359999999999999814e-04,6.787646599999999641e-02,2.782717100000000124e-02,8.735600200000000204e-02,7.682568720000000351e-01,8.424167569999999605e-01,1.590489200000000033e-02,5.589999999999999673e-05,4.971645000000000231e-03,3.921136799999999645e-02,5.943661449999999569e-01,1.726516350000000255e-01,5.016681229999999658e-01,7.752979530000000397e-01,1.719629219999999903e-01,4.657223659999999987e-01,8.622251899999999747e-01,4.910073629999999745e-01,5.762212450000000485e-01,2.404097380000000117e-01,7.241906750000000059e-01,8.162776670000000401e-01
4.092214300000000110e-02,8.367691800000000291e-02,1.174537239999999955e-01,2.879209929999999584e-01,7.013671310000000325e-01,8.465789379999999476e-01,1.147194859999999955e-01,5.580440700000000032e-02,3.359999999999999814e-04,6.787646599999999641e-02,2.782717100000000124e-02,8.263169400000000553e-02,7.692706040000000245e-01,8.344672149999999844e-01,1.590489200000000033e-02,5.589999999999999673e-05,4.971645000000000231e-03,3.076606099999999733e-02,6.057998350000000087e-01,1.856357809999999997e-01,5.016681229999999658e-01,7.752979530000000397e-01,1.719629219999999903e-01,4.657223659999999987e-01,8.622251899999999747e-01,4.910073629999999745e-01,5.762212450000000485e-01,2.404097380000000117e-01,7.241906750000000059e-01,8.162776670000000401e-01
1.481379299999999871e-02,1.030195269999999996e-01,1.268222870000000058e-01,3.023888699999999763e-01,6.986373410000000783e-01,8.465789379999999476e-01,1.147194859999999955e-01,5.580440700000000032e-02,3.359999999999999814e-04,6.787646599999999641e-02,2.782717100000000124e-02,9.209651399999999044e-02,7.839310670000000369e-01,8.525506980000000512e-01,1.590489200000000033e-02,5.589999999999999673e-05,4.971645000000000231e-03,4.920738200000000090e-02,5.998134099999999913e-01,1.595941300000000007e-01,5.016681229999999658e-01,7.752979530000000397e-01,1.719629219999999903e-01,4.657223659999999987e-01,8.622251899999999747e-01,4.910073629999999745e-01,5.762212450000000485e-01,2.404097380000000117e-01,7.241906750000000059e-01,8.162776670000000401e-01
2.029862099999999933e-02,9.885113600000000611e-02,1.151558490000000046e-01,2.755668980000000046e-01,7.074612130000000887e-01,8.465789379999999476e-01,1.147194859999999955e-01,5.580440700000000032e-02,3.359999999999999814e-04,6.787646599999999641e-02,2.782717100000000124e-02,9.350483300000000941e-02,7.771245180000000419e-01,8.383354290000000208e-01,1.590489200000000033e-02,5.589999999999999673e-05,4.971645000000000231e-03,3.213511100000000092e-02,5.950961049999999863e-01,1.678339100000000028e-01,5.016681229999999658e-01,7.752979530000000397e-01,1.719629219999999903e-01,4.657223659999999987e-01,8.622251899999999747e-01,4.910073629999999745e-01,5.762212450000000485e-01,2.404097380000000117e-01,7.241906750000000059e-01,8.162776670000000401e-01
2.742716599999999935e-02,7.807938899999999904e-02,1.089614909999999937e-01,2.838978580000000029e-01,7.038151990000000024e-01,8.465789379999999476e-01,1.147194859999999955e-01,5.580440700000000032e-02,3.359999999999999814e-04,6.787646599999999641e-02,2.782717100000000124e-02,6.850118800000000452e-02,7.777359540000000626e-01,8.332850819999999548e-01,1.590489200000000033e-02,5.589999999999999673e-05,4.971645000000000231e-03,3.687828499999999676e-02,6.073358309999999927e-01,1.663820920000000092e-01,5.016681229999999658e-01,7.752979530000000397e-01,1.719629219999999903e-01,4.657223659999999987e-01,8.622251899999999747e-01,4.910073629999999745e-01,5.762212450000000485e-01,2.404097380000000117e-01,7.241906750000000059e-01,8.162776670000000401e-01
2.787001799999999987e-02,8.839447400000000066e-02,1.270498989999999939e-01,2.980287640000000016e-01,7.057766220000000201e-01,8.465789379999999476e-01,1.147194859999999955e-01,5.580440700000000032e-02,3.359999999999999814e-04,6.787646599999999641e-02,2.782717100000000124e-02,7.049714699999999612e-02,7.830400830000000534e-01,8.334481649999999631e-01,1.590489200000000033e-02,5.589999999999999673e-05,4.971645000000000231e-03,2.817461799999999850e-02,5.988787850000000246e-01,1.742137009999999986e-01,5.016681229999999658e-01,7.752979530000000397e-01,1.719629219999999903e-01,4.657223659999999987e-01,8.622251899999999747e-01,4.910073629999999745e-01,5.762212450000000485e-01,2.404097380000000117e-01,7.241906750000000059e-01,8.162776670000000401e-01
1.566187299999999977e-02,9.751901100000000266e-02,1.126726390000000050e-01,2.940004410000000012e-01,7.173304790000000208e-01,8.465789379999999476e-01,1.147194859999999955e-01,5.580440700000000032e-02,3.359999999999999814e-04,6.787646599999999641e-02,2.782717100000000124e-02,8.513441099999999317e-02,7.602779790000000482e-01,8.603127230000000569e-01,1.590489200000000033e-02,5.589999999999999673e-05,4.971645000000000231e-03,3.007866099999999959e-02,6.033469630000000139e-01,1.715359450000000230e-01,5.016681229999999658e-01,7.752979530000000397e-01,1.719629219999999903e-01,4.657223659999999987e-01,8.622251899999999747e-01,4.910073629999999745e-01,5.762212450000000485e-01,2.404097380000000117e-01,7.241906750000000059e-01,8.162776670000000401e-01
3.694730200000000131e-02,1.043267260000000085e-01,1.075930590000000048e-01,2.960959719999999851e-01,7.124265780000000881e-01,8.465789379999999476e-01,1.147194859999999955e-01,5.580440700000000032e-02,3.359999999999999814e-04,6.787646599999999641e-02,2.782717100000000124e-02,8.340832500000000538e-02,7.686331969999999902e-01,8.376617539999999806e-01,1.590489200000000033e-02,5.589999999999999673e-05,4.971645000000000231e-03,5.253701300000000046e-02,5.918784059999999680e-01,1.888445510000000271e-01,5.016681229999999658e-01,7.752979530000000397e-01,1.719629219999999903e-01,4.657223659999999987e-01,8.622251899999999747e-01,4.910073629999999745e-01,5.762212450000000485e-01,2.404097380000000117e-01,7.241906750000000059e-01,8.162776670000000401e-01
3.796385700000000363e-02,1.025637490000000096e-01,1.291263460000000030e-01,2.981520729999999619e-01,7.053934580000000842e-01,8.465789379999999476e-01,1.147194859999999955e-01,5.580440700000000032e-02,3.359999999999999814e-04,6.787646599999999641e-02,2.782717100000000124e-02,8.231635099999999594e-02,7.850650270000000264e-01,8.549674130000000094e-01,1.590489200000000033e-02,5.589999999999999673e-05,4.971645000000000231e-03,4.023668999999999857e-02,5.958745049999999432e-01,1.636524030000000018e-01,5.016681229999999658e-01,7.752979530000000397e-01,1.719629219999999903e-01,4.657223659999999987e-01,8.622251899999999747e-01,4.910073629999999745e-01,5.762212450000000485e-01,2.404097380000000117e-01,7.241906750000000059e-01,8.162776670000000401e-01
1.202813700000000124e-02,8.730430499999999872e-02,1.223509269999999982e-01,2.796143909999999622e-01,7.028516559999999913e-01,8.465789379999999476e-01,1.147194859999999955e-01,5.580440700000000032e-02,3.359999999999999814e-04,6.787646599999999641e-02,2.782717100000000124e-02,9.002890399999999294e-02,7.725617540000000449e-01,8.559339510000000262e-01,1.590489200000000033e-02,5.589999999999999673e-05,4.971645000000000231e-03,4.636795700000000131e-02,5.984089670000000138e-01,1.628865889999999983e-01,5.016681229999999658e-01,7.752979530000000397e-01,1.719629219999999903e-01,4.657223659999999987e-01,8.622251899999999747e-01,4.910073629999999745e-01,5.762212450000000485e-01,2.404097380000000117e-01,7.241906750000000059e-01,8.162776670000000401e-01
3.646669300000000141e-02,1.049143710000000063e-01,1.256011780000000078e-01,2.958833889999999966e-01,7.005440120000000492e-01,8.465789379999999476e-01,1.147194859999999955e-01,5.580440700000000032e-02,3.359999999999999814e-04,6.787646599999999641e-02,2.782717100000000124e-02,7.663229900000000094e-02,7.826870510000000225e-01,8.454702550000000594e-01,1.590489200000000033e-02,5.589999999999999673e-05,4.971645000000000231e-03,5.424711299999999958e-02,6.159002120000000025e-01,1.810578369999999993e-01,5.016681229999999658e-01,7.752979530000000397e-01,1.719629219999999903e-01,4.657223659999999987e-01,8.622251899999999747e-01,4.910073629999999745e-01,5.762212450000000485e-01,2.404097380000000117e-01,7.241906750000000059e-01,8.162776670000000401e-01
2.666865800000000133e-02,7.773683300000000518e-02,1.084593239999999958e-01,2.942172489999999585e-01,7.068194400000000766e-01,8.465789379999999476e-01,1.147194859999999955e-01,5.580440700000000032e-02,3.359999999999999814e-04,6.787646599999999641e-02,2.782717100000000124e-02,7.076452299999999584e-02,7.838712060000000426e-01,8.615742670000000603e-01,1.590489200000000033e-02,5.589999999999999673e-05,4.971645000000000231e-03,5.749488099999999768e-02,6.096145210000000203e-01,1.772214190000000189e-01,5.016681229999999658e-01,7.752979530000000397e-01,1.719629219999999903e-01,4.657223659999999987e-01,8.622251899999999747e-01,4.910073629999999745e-01,5.762212450000000485e-01,2.404097380000000117e-01,7.241906750000000059e-01,8.162776670000000401e-01
2.681431700000000071e-02,8.697275399999999934e-02,1.169742780000000010e-01,2.832357030000000053e-01,7.144734200000000257e-01,8.465789379999999476e-01,1.147194859999999955e-01,5.580440700000000032e-02,3.359999999999999814e-04,6.787646599999999641e-02,2.782717100000000124e-02,8.533907200000000193e-02,7.869111979999999784e-01,8.558647820000000461e-01,1.590489200000000033e-02,5.589999999999999673e-05,4.971645000000000231e-03,3.040954399999999669e-02,6.195994259999999532e-01,1.819979939999999963e-01,5.016681229999999658e-01,7.752979530000000397e-01,1.719629219999999903e-01,4.657223659999999987e-01,8.622251899999999747e-01,4.910073629999999745e-01,5.762212450000000485e-01,2.404097380000000117e-01,7.241906750000000059e-01,8.162776670000000401e-01
3.276930100000000068e-02,7.886474000000000262e-02,1.106604919999999992e-01,2.881736979999999781e-01,7.023925250000000453e-01,8.465789379999999476e-01,1.147194859999999955e-01,5.580440700000000032e-02,3.359999999999999814e-04,6.787646599999999641e-02,2.782717100000000124e-02,7.760916099999999596e-02,7.598622320000000263e-01,8.624579829999999836e-01,1.590489200000000033e-02,5.589999999999999673e-05,4.971645000000000231e-03,3.987801600000000224e-02,5.940451230000000082e-01,1.835597550000000189e-01,5.016681229999999658e-01,7.752979530000000397e-01,1.719629219999999903e-01,4.657223659999999987e-01,8.622251899999999747e-01,4.910073629999999745e-01,5.762212450000000485e-01,2.404097380000000117e-01,7.241906750000000059e-01,8.162776670000000401e-01
1.782137699999999936e-02,8.519148400000001176e-02,1.322134140000000013e-01,2.891575009999999835e-01,6.987797030000000298e-01,8.465789379999999476e-01,1.147194859999999955e-01,5.580440700000000032e-02,3.359999999999999814e-04,6.787646599999999641e-02,2.782717100000000124e-02,7.898167500000000119e-02,7.763140350000000689e-01,8.372412559999999893e-01,1.590489200000000033e-02,5.589999999999999673e-05,4.971645000000000231e-03,2.876072400000000140e-02,6.178482889999999950e-01,1.782887070000000185e-01,5.016681229999999658e-01,7.752979530000000397e-01,1.719629219999999903e-01,4.657223659999999987e-01,8.622251899999999747e-01,4.910073629999999745e-01,5.762212450000000485e-01,2.404097380000000117e-01,7.241906750000000059e-01,8.162776670000000401e-01
2.095482000000000247e-02,9.192042699999999900e-02,1.201700139999999917e-01,2.991083479999999684e-01,6.932045550000000000e-01,8.465789379999999476e-01,1.147194859999999955e-01,5.580440700000000032e-02,3.359999999999999814e-04,6.787646599999999641e-02,2.782717100000000124e-02,8.785365700000000166e-02,7.855666540000000309e-01,8.616648399999999874e-01,1.590489200000000033e-02,5.589999999999999673e-05,4.971645000000000231e-03,3.464088599999999574e-02,5.945312470000000404e-01,1.703562829999999972e-01,5.016681229999999658e-01,7.752979530000000397e-01,1.719629219999999903e-01,4.657223659999999987e-01,8.622251899999999747e-01,4.910073629999999745e-01,5.762212450000000485e-01,2.404097380000000117e-01,7.241906750000000059e-01,8.162776670000000401e-01
3.910842100000000432e-02,9.831810800000000128e-02,1.302232500000000126e-01,2.875486159999999791e-01,6.927543910000000249e-01,8.465789379999999476e-01,1.147194859999999955e-01,5.580440700000000032e-02,3.359999999999999814e-04,6.787646599999999641e-02,2.782717100000000124e-02,8.313680299999999523e-02,7.709931870000000798e-01,8.486608399999999719e-01,1.590489200000000033e-02,5.589999999999999673e-05,4.971645000000000231e-03,4.743451799999999496e-02,6.148096130000000326e-01,1.685227130000000184e-01,5.016681229999999658e-01,7.752979530000000397e-01,1.719629219999999903e-01,4.657223659999999987e-01,8.622251899999999747e-01,4.910073629999999745e-01,5.762212450000000485e-01,2.404097380000000117e-01,7.241906750000000059e-01,8.162776670000000401e-01
1.262996300000000099e-02,7.685573900000000624e-02,1.128322800000000070e-01,2.869214109999999596e-01,7.024860529999999992e-01,8.465789379999999476e-01,1.147194859999999955e-01,5.580440700000000032e-02,3.359999999999999814e-04,6.787646599999999641e-02,2.782717100000000124e-02,8.179449199999999642e-02,7.692280100000000731e-01,8.405148799999999643e-01,1.590489200000000033e-02,5.589999999999999673e-05,4.971645000000000231e-03,3.437350699999999759e-02,6.188694949999999917e-01,1.666641020000000084e-01,5.016681229999999658e-01,7.752979530000000397e-01,1.719629219999999903e-01,4.657223659999999987e-01,8.622251899999999747e-01,4.910073629999999745e-01,5.762212450000000485e-01,2.404097380000000117e-01,7.241906750000000059e-01,8.162776670000000401e-01
1.604114599999999918e-02,8.330738900000000946e-02,1.345568279999999894e-01,2.849281959999999669e-01,6.996573320000000207e-01,8.465789379999999476e-01,1.147194859999999955e-01,5.580440700000000032e-02,3.359999999999999814e-04,6.787646599999999641e-02,2.782717100000000124e-02,7.289606699999999495e-02,7.636165310000000428e-01,8.424694379999999594e-01,1.590489200000000033e-02,5.589999999999999673e-05,4.971645000000000231e-03,3.106652299999999867e-02,6.005020949999999580e-01,1.740519390000000166e-01,5.016681229999999658e-01,7.752979530000000397e-01,1.719629219999999903e-01,4.657223659999999987e-01,8.622251899999999747e-01,4.910073629999999745e-01,5.762212450000000485e-01,2.404097380000000117e-01,7.241906750000000059e-01,8.162776670000000401e-01
2.528166299999999936e-02,8.436643500000000351e-02,1.095752859999999940e-01,2.982423240000000031e-01,6.904079480000000490e-01,8.465789379999999476e-01,1.147194859999999955e-01,5.580440700000000032e-02,3.359999999999999814e-04,6.787646599999999641e-02,2.782717100000000124e-02,8.013676000000000132e-02,7.814220430000000661e-01,8.430839399999999761e-01,1.590489200000000033e-02,5.589999999999999673e-05,4.971645000000000231e-03,5.713821000000000178e-02,5.938495329999999850e-01,1.793028060000000090e-01,5.016681229999999658e-01,7.752979530000000397e-01,1.719629219999999903e-01,4.657223659999999987e-01,8.622251899999999747e-01,4.910073629999999745e-01,5.762212450000000485e-01,2.404097380000000117e-01,7.241906750000000059e-01,8.162776670000000401e-01
1.683870800000000084e-02,8.574239399999999955e-02,1.155599189999999971e-01,2.894577190000000022e-01,7.073247810000000690e-01,8.465789379999999476e-01,1.147194859999999955e-01,5.580440700000000032e-02,3.359999999999999814e-04,6.787646599999999641e-02,2.782717100000000124e-02,7.832282899999999659e-02,7.735489760000000548e-01,8.612135210000000374e-01,1.590489200000000033e-02,5.589999999999999673e-05,4.971645000000000231e-03,5.489119900000000163e-02,5.926944949999999324e-01,1.721733290000000138e-01,5.016681229999999658e-01,7.752979530000000397e-01,1.719629219999999903e-01,4.657223659999999987e-01,8.622251899999999747e-01,4.910073629999999745e-01,5.762212450000000485e-01,2.404097380000000117e-01,7.241906750000000059e-01,8.162776670000000401e-01
2.468495500000000148e-02,9.093815800000000504e-02,1.288103680000000084e-01,2.996338989999999813e-01,7.072051980000000349e-01,8.465789379999999476e-01,1.147194859999999955e-01,5.580440700000000032e-02,3.359999999999999814e-04,6.787646599999999641e-02,2.782717100000000124e-02,7.745862000000000580e-02,7.800801620000000769e-01,8.536131270000000271e-01,1.590489200000000033e-02,5.589999999999999673e-05,4.971645000000000231e-03,5.273682700000000001e-02,6.109345529999999913e-01,1.806441599999999981e-01,5.016681229999999658e-01,7.752979530000000397e-01,1.719629219999999903e-01,4.657223659999999987e-01,8.622251899999999747e-01,4.910073629999999745e-01,5.762212450000000485e-01,2.404097380000000117e-01,7.241906750000000059e-01,8.162776670000000401e-01
2.433642700000000075e-02,1.034240220000000043e-01,1.208512499999999934e-01,2.965664650000000013e-01,7.130785740000000761e-01,8.465789379999999476e-01,1.147194859999999955e-01,5.580440700000000032e-02,3.359999999999999814e-04,6.787646599999999641e-02,2.782717100000000124e-02,9.189927200000000407e-02,7.721555030000000208e-01,8.334050570000000047e-01,1.590489200000000033e-02,5.589999999999999673e-05,4.971645000000000231e-03,3.704617400000000116e-02,6.018159979999999631e-01,1.885822840000000167e-01,5.016681229999999658e-01,7.752979530000000397e-01,1.719629219999999903e-01,4.657223659999999987e-01,8.622251899999999747e-01,4.910073629999999745e-01,5.762212450000000485e-01,2.404097380000000117e-01,7.241906750000000059e-01,8.162776670000000401e-01
2.395536100000000140e-02,7.847044100000000189e-02,1.239441460000000050e-01,2.822352770000000066e-01,7.112912010000000951e-01,8.465789379999999476e-01,1.147194859999999955e-01,5.580440700000000032e-02,3.359999999999999814e-04,6.787646599999999641e-02,2.782717100000000124e-02,9.136660299999999069e-02,7.793743830000000594e-01,8.453453380000000017e-01,1.590489200000000033e-02,5.589999999999999673e-05,4.971645000000000231e-03,5.029563899999999615e-02,5.970047469999999468e-01,1.833494480000000260e-01,5.016681229999999658e-01,7.752979530000000397e-01,1.719629219999999903e-01,4.657223659999999987e-01,8.622251899999999747e-01,4.910073629999999745e-01,5.762212450000000485e-01,2.404097380000000117e-01,7.241906750000000059e-01,8.162776670000000401e-01
3.098384100000000155e-02,8.473928899999999542e-02,1.369526769999999949e-01,2.788076170000000076e-01,7.087557950000000773e-01,8.465789379999999476e-01,1.147194859999999955e-01,5.580440700000000032e-02,3.359999999999999814e-04,6.787646599999999641e-02,2.782717100000000124e-02,9.506268099999999610e-02,7.697935510000000203e-01,8.482349750000000022e-01,1.590489200000000033e-02,5.589999999999999673e-05,4.971645000000000231e-03,5.182554699999999959e-02,6.112051800000000146e-01,1.762489020000000128e-01,5.016681229999999658e-01,7.752979530000000397e-01,1.719629219999999903e-01,4.657223659999999987e-01,8.622251899999999747e-01,4.910073629999999745e-01,5.762212450000000485e-01,2.404097380000000117e-01,7.241906750000000059e-01,8.162776670000000401e-01
1.398441900000000140e-02,9.339258500000000018e-02,1.266019429999999946e-01,2.963089929999999650e-01,6.958424450000000316e-01,8.465789379999999476e-01,1.147194859999999955e-01,5.580440700000000032e-02,3.359999999999999814e-04,6.787646599999999641e-02,2.782717100000000124e-02,6.809013899999999397e-02,7.892644250000000472e-01,8.385932830000000227e-01,1.590489200000000033e-02,5.589999999999999673e-05,4.971645000000000231e-03,2.911588299999999865e-02,6.054777270000000211e-01,1.848290170000000121e-01,5.016681229999999658e-01,7.752979530000000397e-01,1.719629219999999903e-01,4.657223659999999987e-01,8.622251899999999747e-01,4.910073629999999745e-01,5.762212450000000485e-01,2.404097380000000117e-01,7.241906750000000059e-01,8.162776670000000401e-01
4.014550000000000063e-02,1.047957899999999998e-01,1.198394710000000030e-01,2.752629789999999632e-01,7.106489810000000684e-01,8.465789379999999476e-01,1.147194859999999955e-01,5.580440700000000032e-02,3.359999999999999814e-04,6.787646599999999641e-02,2.782717100000000124e-02,8.447933400000000315e-02,7.705663910000000172e-01,8.493349989999999794e-01,1.590489200000000033e-02,5.589999999999999673e-05,4.971645000000000231e-03,5.072410999999999587e-02,6.042581280000000055e-01,1.866614340000000150e-01,5.016681229999999658e-01,7.752979530000000397e-01,1.719629219999999903e-01,4.657223659999999987e-01,8.622251899999999747e-01,4.910073629999999745e-01,5.762212450000000485e-01,2.404097380000000117e-01,7.241906750000000059e-01,8.162776670000000401e-01
1.110260100000000014e-02,8.248604800000000625e-02,1.248024839999999913e-01,2.788822759999999845e-01,7.162579620000000258e-01,8.465789379999999476e-01,1.147194859999999955e-01,5.580440700000000032e-02,3.359999999999999814e-04,6.787646599999999641e-02,2.782717100000000124e-02,8.563102899999999740e-02,7.862311630000000662e-01,8.592815190000000491e-01,1.590489200000000033e-02,5.589999999999999673e-05,4.971645000000000231e-03,4.176484700000000078e-02,6.158404090000000330e-01,1.860846130000000098e-01,5.016681229999999658e-01,7.752979530000000397e-01,1.719629219999999903e-01,4.657223659999999987e-01,8.622251899999999747e-01,4.910073629999999745e-01,5.762212450000000485e-01,2.404097380000000117e-01,7.241906750000000059e-01,8.162776670000000401e-01
1.999545900000000015e-02,1.042559050000000098e-01,1.154646639999999946e-01,2.997867369999999698e-01,6.957989090000000765e-01,8.465789379999999476e-01,1.147194859999999955e-01,5.580440700000000032e-02,3.359999999999999814e-04,6.787646599999999641e-02,2.782717100000000124e-02,8.930094499999999269e-02,7.650719590000000236e-01,8.496127089999999660e-01,1.590489200000000033e-02,5.589999999999999673e-05,4.971645000000000231e-03,5.132632799999999745e-02,6.185417289999999291e-01,1.755135690000000082e-01,5.016681229999999658e-01,7.752979530000000397e-01,1.719629219999999903e-01,4.657223659999999987e-01,8.622251899999999747e-01,4.910073629999999745e-01,5.762212450000000485e-01,2.404097380000000117e-01,7.241906750000000059e-01,8.162776670000000401e-01
3.921843099999999804e-02,7.638316000000000550e-02,1.101341940000000047e-01,2.948105779999999898e-01,7.026837089999999897e-01,8.465789379999999476e-01,1.147194859999999955e-01,5.580440700000000032e-02,3.359999999999999814e-04,6.787646599999999641e-02,2.782717100000000124e-02,6.790368600000000476e-02,7.647563419999999779e-01,8.475318139999999945e-01,1.590489200000000033e-02,5.589999999999999673e-05,4.971645000000000231e-03,3.116878899999999883e-02,5.932776579999999855e-01,1.600847479999999989e-01,5.016681229999999658e-01,7.752979530000000397e-01,1.719629219999999903e-01,4.657223659999999987e-01,8.622251899999999747e-01,4.910073629999999745e-01,5.762212450000000485e-01,2.404097380000000117e-01,7.241906750000000059e-01,8.162776670000000401e-01
1.498586000000000015e-02,8.581092300000001116e-02,1.305668759999999984e-01,2.812078719999999699e-01,7.009744770000000402e-01,8.465789379999999476e-01,1.147194859999999955e-01,5.580440700000000032e-02,3.359999999999999814e-04,6.787646599999999641e-02,2.782717100000000124e-02,7.675040399999999430e-02,7.695391740000000480e-01,8.521112130000000340e-01,1.590489200000000033e-02,5.589999999999999673e-05,4.971645000000000231e-03,5.151017699999999727e-02,6.130923409999999851e-01,1.753856440000000072e-01,5.016681229999999658e-01,7.752979530000000397e-01,1.719629219999999903e-01,4.657223659999999987e-01,8.622251899999999747e-01,4.910073629999999745e-01,5.762212450000000485e-01,2.404097380000000117e-01,7.241906750000000059e-01,8.162776670000000401e-01
2.862973200000000149e-02,8.204346700000000880e-02,1.318530109999999922e-01,2.915858309999999620e-01,7.180735129999999966e-01,8.465789379999999476e-01,1.147194859999999955e-01,5.580440700000000032e-02,3.359999999999999814e-04,6.787646599999999641e-02,2.782717100000000124e-02,7.648646500000000348e-02,7.619583300000000170e-01,8.421509620000000584e-01,1.590489200000000033e-02,5.589999999999999673e-05,4.971645000000000231e-03,5.045125400000000093e-02,5.920135309999999818e-01,1.786694380000000137e-01,5.016681229999999658e-01,7.752979530000000397e-01,1.719629219999999903e-01,4.657223659999999987e-01,8.622251899999999747e-01,4.910073629999999745e-01,5.762212450000000485e-01,2.404097380000000117e-01,7.241906750000000059e-01,8.162776670000000401e-01
3.845755700000000332e-02,8.612850900000000587e-02,1.168730459999999943e-01,2.856512989999999697e-01,6.995106739999999990e-01,8.465789379999999476e-01,1.147194859999999955e-01,5.580440700000000032e-02,3.359999999999999814e-04,6.787646599999999641e-02,2.782717100000000124e-02,8.891144200000000719e-02,7.870531299999999897e-01,8.538841139999999719e-01,1.590489200000000033e-02,5.589999999999999673e-05,4.971645000000000231e-03,3.670585999999999988e-02,6.098341309999999460e-01,1.821881710000000099e-01,5.016681229999999658e-01,7.752979530000000397e-01,1.719629219999999903e-01,4.657223659999999987e-01,8.622251899999999747e-01,4.910073629999999745e-01,5.762212450000000485e-01,2.404097380000000117e-01,7.241906750000000059e-01,8.162776670000000401e-01
2.065415599999999990e-02,9.801066399999999734e-02,1.249241080000000059e-01,2.915349689999999772e-01,7.165900070000000843e-01,8.465789379999999476e-01,1.147194859999999955e-01,5.580440700000000032e-02,3.359999999999999814e-04,6.787646599999999641e-02,2.782717100000000124e-02,8.043000799999999728e-02,7.887785210000000102e-01,8.614278979999999697e-01,1.590489200000000033e-02,5.589999999999999673e-05,4.971645000000000231e-03,3.370989099999999877e-02,6.152960199999999436e-01,1.847662409999999977e-01,5.016681229999999658e-01,7.752979530000000397e-01,1.719629219999999903e-01,4.657223659999999987e-01,8.622251899999999747e-01,4.910073629999999745e-01,5.762212450000000485e-01,2.404097380000000117e-01,7.241906750000000059e-01,8.162776670000000401e-01
2.822845800000000141e-02,9.983749799999999675e-02,1.278062329999999913e-01,2.971576380000000017e-01,6.930133940000000603e-01,8.465789379999999476e-01,1.147194859999999955e-01,5.580440700000000032e-02,3.359999999999999814e-04,6.787646599999999641e-02,2.782717100000000124e-02,8.534569599999999867e-02,7.886736570000000279e-01,8.548470190000000413e-01,1.590489200000000033e-02,5.589999999999999673e-05,4.971645000000000231e-03,4.870216900000000348e-02,6.147179940000000453e-01,1.635364200000000157e-01,5.016681229999999658e-01,7.752979530000000397e-01,1.719629219999999903e-01,4.657223659999999987e-01,8.622251899999999747e-01,4.910073629999999745e-01,5.762212450000000485e-01,2.404097380000000117e-01,7.241906750000000059e-01,8.162776670000000401e-01
1.640220699999999851e-02,9.473595800000000899e-02,1.258708090000000002e-01,2.931549219999999845e-01,7.079608760000000167e-01,8.465789379999999476e-01,1.147194859999999955e-01,5.580440700000000032e-02,3.359999999999999814e-04,6.787646599999999641e-02,2.782717100000000124e-02,8.282752699999999801e-02,7.833950459999999838e-01,8.528012369999999898e-01,1.590489200000000033e-02,5.589999999999999673e-05,4.971645000000000231e-03,3.527090199999999981e-02,5.972209569999999967e-01,1.882127259999999969e-01,5.016681229999999658e-01,7.752979530000000397e-01,1.719629219999999903e-01,4.657223659999999987e-01,8.622251899999999747e-01,4.910073629999999745e-01,5.762212450000000485e-01,2.404097380000000117e-01,7.241906750000000059e-01,8.162776670000000401e-01
1.417792699999999989e-02,9.619421699999999853e-02,1.186469129999999927e-01,2.955888059999999817e-01,7.145845950000000446e-01,8.465789379999999476e-01,1.147194859999999955e-01,5.580440700000000032e-02,3.359999999999999814e-04,6.787646599999999641e-02,2.782717100000000124e-02,6.949671999999999794e-02,7.630599960000000737e-01,8.453177419999999831e-01,1.590489200000000033e-02,5.589999999999999673e-05,4.971645000000000231e-03,3.056305299999999975e-02,5.923047799999999752e-01,1.804747890000000243e-01,5.016681229999999658e-01,7.752979530000000397e-01,1.719629219999999903e-01,4.657223659999999987e-01,8.622251899999999747e-01,4.910073629999999745e-01,5.762212450000000485e-01,2.404097380000000117e-01,7.241906750000000059e-01,8.162776670000000401e-01
2.896020700000000170e-02,9.290519800000000827e-02,1.139231259999999996e-01,2.745235779999999903e-01,7.118446730000000944e-01,8.465789379999999476e-01,1.147194859999999955e-01,5.580440700000000032e-02,3.359999999999999814e-04,6.787646599999999641e-02,2.782717100000000124e-02,7.040050999999999948e-02,7.732440210000000036e-01,8.373275230000000180e-01,1.590489200000000033e-02,5.589999999999999673e-05,4.971645000000000231e-03,3.815067699999999395e-02,5.952412230000000415e-01,1.728330880000000236e-01,5.016681229999999658e-01,7.752979530000000397e-01,1.719629219999999903e-01,4.657223659999999987e-01,8.622251899999999747e-01,4.910073629999999745e-01,5.762212450000000485e-01,2.404097380000000117e-01,7.241906750000000059e-01,8.162776670000000401e-01
2.453677500000000025e-02,1.003998100000000060e-01,1.350552849999999971e-01,2.808527899999999633e-01,7.003395159999999953e-01,8.465789379999999476e-01,1.147194859999999955e-01,5.580440700000000032e-02,3.359999999999999814e-04,6.787646599999999641e-02,2.782717100000000124e-02,6.874778300000000675e-02,7.754957989999999857e-01,8.523899470000000367e-01,1.590489200000000033e-02,5.589999999999999673e-05,4.971645000000000231e-03,3.578214500000000131e-02,6.154662410000000250e-01,1.883523220000000165e-01,5.016681229999999658e-01,7.752979530000000397e-01,1.719629219999999903e-01,4.657223659999999987e-01,8.622251899999999747e-01,4.910073629999999745e-01,5.762212450000000485e-01,2.404097380000000117e-01,7.241906750000000059e-01,8.162776670000000401e-01
3.469664000000000081e-02,8.761232500000000478e-02,1.352634159999999974e-01,2.883762769999999587e-01,6.981054690000000340e-01,8.465789379999999476e-01,1.147194859999999955e-01,5.580440700000000032e-02,3.359999999999999814e-04,6.787646599999999641e-02,2.782717100000000124e-02,7.983800299999999073e-02,7.805324030000000413e-01,8.512686609999999821e-01,1.590489200000000033e-02,5.589999999999999673e-05,4.971645000000000231e-03,4.277562899999999557e-02,6.099349010000000293e-01,1.713813359999999952e-01,5.016681229999999658e-01,7.752979530000000397e-01,1.719629219999999903e-01,4.657223659999999987e-01,8.622251899999999747e-01,4.910073629999999745e-01,5.762212450000000485e-01,2.404097380000000117e-01,7.241906750000000059e-01,8.162776670000000401e-01
2.756855400000000206e-02,9.425126300000000179e-02,1.120088199999999951e-01,2.739941619999999856e-01,6.896974399999999950e-01,8.465789379999999476e-01,1.147194859999999955e-01,5.580440700000000032e-02,3.359999999999999814e-04,6.787646599999999641e-02,2.782717100000000124e-02,7.582036899999999857e-02,7.794882600000000439e-01,8.502340720000000074e-01,1.590489200000000033e-02,5.589999999999999673e-05,4.971645000000000231e-03,4.750337599999999993e-02,5.968429039999999519e-01,1.738319610000000071e-01,5.016681229999999658e-01,7.752979530000000397e-01,1.719629219999999903e-01,4.657223659999999987e-01,8.622251899999999747e-01,4.910073629999999745e-01,5.762212450000000485e-01,2.404097380000000117e-01,7.241906750000000059e-01,8.162776670000000401e-01
4.064170899999999809e-02,9.846084800000000359e-02,1.269103440000000083e-01,2.836879909999999727e-01,6.976974630000000177e-01,8.465789379999999476e-01,1.147194859999999955e-01,5.580440700000000032e-02,3.359999999999999814e-04,6.787646599999999641e-02,2.782717100000000124e-02,7.742050200000000215e-02,7.715067020000000442e-01,8.392654440000000271e-01,1.590489200000000033e-02,5.589999999999999673e-05,4.971645000000000231e-03,3.166936699999999688e-02,5.959970439999999758e-01,1.859149550000000206e-01,5.016681229999999658e-01,7.752979530000000397e-01,1.719629219999999903e-01,4.657223659999999987e-01,8.622251899999999747e-01,4.910073629999999745e-01,5.762212450000000485e-01,2.404097380000000117e-01,7.241906750000000059e-01,8.162776670000000401e-01
1.450596300000000019e-02,7.660381500000000565e-02,1.157738970000000006e-01,3.001008859999999556e-01,7.101146970000000724e-01,8.465789379999999476e-01,1.147194859999999955e-01,5.580440700000000032e-02,3.359999999999999814e-04,6.787646599999999641e-02,2.782717100000000124e-02,8.347587000000000756e-02,7.745470780000000000e-01,8.487085410000000385e-01,1.590489200000000033e-02,5.589999999999999673e-05,4.971645000000000231e-03,4.828011299999999950e-02,6.083322999999999370e-01,1.601878670000000116e-01,5.016681229999999658e-01,7.752979530000000397e-01,1.719629219999999903e-01,4.657223659999999987e-01,8.622251899999999747e-01,4.910073629999999745e-01,5.762212450000000485e-01,2.404097380000000117e-01,7.241906750000000059e-01,8.162776670000000401e-01
3.066930600000000035e-02,8.857152399999999870e-02,1.299313269999999854e-01,2.897800839999999933e-01,7.148773449999999974e-01,8.465789379999999476e-01,1.147194859999999955e-01,5.580440700000000032e-02,3.359999999999999814e-04,6.787646599999999641e-02,2.782717100000000124e-02,9.451340899999999268e-02,7.761376380000000186e-01,8.466043779999999908e-01,1.590489200000000033e-02,5.589999999999999673e-05,4.971645000000000231e-03,3.831224800000000014e-02,6.176556039999999692e-01,1.719898499999999997e-01,5.016681229999999658e-01,7.752979530000000397e-01,1.719629219999999903e-01,4.657223659999999987e-01,8.622251899999999747e-01,4.910073629999999745e-01,5.762212450000000485e-01,2.404097380000000117e-01,7.241906750000000059e-01,8.162776670000000401e-01
2.269785900000000078e-02,8.674508400000000008e-02,1.267312650000000096e-01,2.805367970000000044e-01,6.931391210000000802e-01,8.465789379999999476e-01,1.147194859999999955e-01,5.580440700000000032e-02,3.359999999999999814e-04,6.787646599999999641e-02,2.782717100000000124e-02,8.403853999999999491e-02,7.622978830000000094e-01,8.509372280000000455e-01,1.590489200000000033e-02,5.589999999999999673e-05,4.971645000000000231e-03,5.218037799999999948e-02,6.016809189999999807e-01,1.710247750000000178e-01,5.016681229999999658e-01,7.752979530000000397e-01,1.719629219999999903e-01,4.657223659999999987e-01,8.622251899999999747e-01,4.910073629999999745e-01,5.762212450000000485e-01,2.404097380000000117e-01,7.241906750000000059e-01,8.162776670000000401e-01
4.086114700000000044e-02,1.001087390000000021e-01,1.128952349999999966e-01,2.876935389999999981e-01,7.067426110000000206e-01,8.465789379999999476e-01,1.147194859999999955e-01,5.580440700000000032e-02,3.359999999999999814e-04,6.787646599999999641e-02,2.782717100000000124e-02,7.871849100000000155e-02,7.660664850000000747e-01,8.600386789999999726e-01,1.590489200000000033e-02,5.589999999999999673e-05,4.971645000000000231e-03,3.593996600000000374e-02,5.948473459999999990e-01,1.705701430000000074e-01,5.016681229999999658e-01,7.752979530000000397e-01,1.719629219999999903e-01,4.657223659999999987e-01,8.622251899999999747e-01,4.910073629999999745e-01,5.762212450000000485e-01,2.404097380000000117e-01,7.241906750000000059e-01,8.162776670000000401e-01
3.762281800000000231e-02,1.017564950000000024e-01,1.245595830000000015e-01,2.776719049999999966e-01,7.156331599999999904e-01,8.465789379999999476e-01,1.147194859999999955e-01,5.580440700000000032e-02,3.359999999999999814e-04,6.787646599999999641e-02,2.782717100000000124e-02,7.640843899999999467e-02,7.812766640000000651e-01,8.574946370000000595e-01,1.590489200000000033e-02,5.589999999999999673e-05,4.971645000000000231e-03,4.796197700000000286e-02,6.093419270000000054e-01,1.746677030000000075e-01,5.016681229999999658e-01,7.752979530000000397e-01,1.719629219999999903e-01,4.657223659999999987e-01,8.622251899999999747e-01,4.910073629999999745e-01,5.762212450000000485e-01,2.404097380000000117e-01,7.241906750000000059e-01,8.162776670000000401e-01
3.553243200000000268e-02,8.425704500000000263e-02,1.102266249999999947e-01,2.811189060000000017e-01,7.007410150000000781e-01,8.465789379999999476e-01,1.147194859999999955e-01,5.580440700000000032e-02,3.359999999999999814e-04,6.787646599999999641e-02,2.782717100000000124e-02,8.033893799999999863e-02,7.740352610000000855e-01,8.517617020000000094e-01,1.590489200000000033e-02,5.589999999999999673e-05,4.971645000000000231e-03,5.633905200000000058e-02,6.181612690000000132e-01,1.873241010000000206e-01,5.016681229999999658e-01,7.752979530000000397e-01,1.719629219999999903e-01,4.657223659999999987e-01,8.622251899999999747e-01,4.910073629999999745e-01,5.762212450000000485e-01,2.404097380000000117e-01,7.241906750000000059e-01,8.162776670000000401e-01
3.445380500000000401e-02,9.931824499999999944e-02,1.143141349999999973e-01,2.889240699999999773e-01,7.111086760000000506e-01,8.465789379999999476e-01,1.147194859999999955e-01,5.580440700000000032e-02,3.359999999999999814e-04,6.787646599999999641e-02,2.782717100000000124e-02,8.484423399999999060e-02,7.756160360000000642e-01,8.409664900000000110e-01,1.590489200000000033e-02,5.589999999999999673e-05,4.971645000000000231e-03,5.736939800000000200e-02,6.167137040000000292e-01,1.613479290000000010e-01,5.016681229999999658e-01,7.752979530000000397e-01,1.719629219999999903e-01,4.657223659999999987e-01,8.622251899999999747e-01,4.910073629999999745e-01,5.762212450000000485e-01,2.404097380000000117e-01,7.241906750000000059e-01,8.162776670000000401e-01
3.939250799999999969e-02,9.888554900000000314e-02,1.272507940000000004e-01,2.797287999999999997e-01,6.923332110000000039e-01,8.465789379999999476e-01,1.147194859999999955e-01,5.580440700000000032e-02,3.359999999999999814e-04,6.787646599999999641e-02,2.782717100000000124e-02,7.567051599999999323e-02,7.615019240000000522e-01,8.338193750000000293e-01,1.590489200000000033e-02,5.589999999999999673e-05,4.971645000000000231e-03,4.665482399999999752e-02,6.142976070000000233e-01,1.763896510000000084e-01,5.016681229999999658e-01,7.752979530000000397e-01,1.719629219999999903e-01,4.657223659999999987e-01,8.622251899999999747e-01,4.910073629999999745e-01,5.762212450000000485e-01,2.404097380000000117e-01,7.241906750000000059e-01,8.162776670000000401e-01
1.354092600000000174e-02,7.835036700000000409e-02,1.359453469999999942e-01,2.857034029999999669e-01,7.190360749999999967e-01,8.465789379999999476e-01,1.147194859999999955e-01,5.580440700000000032e-02,3.359999999999999814e-04,6.787646599999999641e-02,2.782717100000000124e-02,8.719698600000000410e-02,7.649475199999999919e-01,8.406277100000000280e-01,1.590489200000000033e-02,5.589999999999999673e-05,4.971645000000000231e-03,3.188538700000000115e-02,6.180329179999999312e-01,1.679103160000000039e-01,5.016681229999999658e-01,7.752979530000000397e-01,1.719629219999999903e-01,4.657223659999999987e-01,8.622251899999999747e-01,4.910073629999999745e-01,5.762212450000000485e-01,2.404097380000000117e-01,7.241906750000000059e-01,8.162776670000000401e-01
1.488195100000000090e-02,1.021712130000000107e-01,1.327850869999999961e-01,2.765173089999999889e-01,6.991842560000000040e-01,8.465789379999999476e-01,1.147194859999999955e-01,5.580440700000000032e-02,3.359999999999999814e-04,6.787646599999999641e-02,2.782717100000000124e-02,9.178293600000000940e-02,7.736443680000000267e-01,8.432758209999999810e-01,1.590489200000000033e-02,5.589999999999999673e-05,4.971645000000000231e-03,3.783240599999999898e-02,6.195700239999999415e-01,1.828099110000000194e-01,5.016681229999999658e-01,7.752979530000000397e-01,1.719629219999999903e-01,4.657223659999999987e-01,8.622251899999999747e-01,4.910073629999999745e-01,5.762212450000000485e-01,2.404097380000000117e-01,7.241906750000000059e-01,8.162776670000000401e-01
2.355699699999999966e-02,8.140661100000000372e-02,1.175680219999999943e-01,2.984465590000000002e-01,7.117213770000000439e-01,8.465789379999999476e-01,1.147194859999999955e-01,5.580440700000000032e-02,3.359999999999999814e-04,6.787646599999999641e-02,2.782717100000000124e-02,9.119453099999999535e-02,7.608392670000000413e-01,8.587129940000000072e-01,1.590489200000000033e-02,5.589999999999999673e-05,4.971645000000000231e-03,5.239187799999999590e-02,6.129269109999999632e-01,1.670820620000000034e-01,5.016681229999999658e-01,7.752979530000000397e-01,1.719629219999999903e-01,4.657223659999999987e-01,8.622251899999999747e-01,4.910073629999999745e-01,5.762212450000000485e-01,2.404097380000000117e-01,7.241906750000000059e-01,8.162776670000000401e-01
2.849990000000000162e-02,7.627527900000000138e-02,1.184223969999999987e-01,2.899741889999999933e-01,6.939103450000000395e-01,8.465789379999999476e-01,1.147194859999999955e-01,5.580440700000000032e-02,3.359999999999999814e-04,6.787646599999999641e-02,2.782717100000000124e-02,7.526087400000000538e-02,7.658627840000000742e-01,8.439446019999999882e-01,1.590489200000000033e-02,5.589999999999999673e-05,4.971645000000000231e-03,3.154140899999999942e-02,6.135300860000000300e-01,1.818106780000000033e-01,5.016681229999999658e-01,7.752979530000000397e-01,1.719629219999999903e-01,4.657223659999999987e-01,8.622251899999999747e-01,4.910073629999999745e-01,5.762212450000000485e-01,2.404097380000000117e-01,7.241906750000000059e-01,8.162776670000000401e-01
3.966979899999999865e-02,9.861482400000000370e-02,1.334279770000000032e-01,2.825094739999999827e-01,7.133241880000000812e-01,8.465789379999999476e-01,1.147194859999999955e-01,5.580440700000000032e-02,3.359999999999999814e-04,6.787646599999999641e-02,2.782717100000000124e-02,7.602850099999999833e-02,7.862844940000000005e-01,8.506635070000000409e-01,1.590489200000000033e-02,5.589999999999999673e-05,4.971645000000000231e-03,2.770893399999999757e-02,5.993557859999999460e-01,1.797716580000000008e-01,5.016681229999999658e-01,7.752979530000000397e-01,1.719629219999999903e-01,4.657223659999999987e-01,8.622251899999999747e-01,4.910073629999999745e-01,5.762212450000000485e-01,2.404097380000000117e-01,7.241906750000000059e-01,8.162776670000000401e-01
2.554586600000000041e-02,8.702453599999999956e-02,1.165482310000000021e-01,2.973416079999999795e-01,6.900912610000000669e-01,8.465789379999999476e-01,1.147194859999999955e-01,5.580440700000000032e-02,3.359999999999999814e-04,6.787646599999999641e-02,2.782717100000000124e-02,8.390037399999999979e-02,7.830159570000000402e-01,8.399203320000000472e-01,1.590489200000000033e-02,5.589999999999999673e-05,4.971645000000000231e-03,5.373615500000000073e-02,5.963280079999999650e-01,1.654997390000000068e-01,5.016681229999999658e-01,7.752979530000000397e-01,1.719629219999999903e-01,4.657223659999999987e-01,8.622251899999999747e-01,4.910073629999999745e-01,5.762212450000000485e-01,2.404097380000000117e-01,7.241906750000000059e-01,8.162776670000000401e-01
2.749354000000000034e-02,8.076011900000000521e-02,1.340738089999999882e-01,2.725417699999999610e-01,6.895736989999999844e-01,8.465789379999999476e-01,1.147194859999999955e-01,5.580440700000000032e-02,3.359999999999999814e-04,6.787646599999999641e-02,2.782717100000000124e-02,7.032775800000000410e-02,7.603716710000000267e-01,8.417638160000000536e-01,1.590489200000000033e-02,5.589999999999999673e-05,4.971645000000000231e-03,3.146163600000000116e-02,6.155984610000000412e-01,1.756274110000000110e-01,5.016681229999999658e-01,7.752979530000000397e-01,1.719629219999999903e-01,4.657223659999999987e-01,8.622251899999999747e-01,4.910073629999999745e-01,5.762212450000000485e-01,2.404097380000000117e-01,7.241906750000000059e-01,8.162776670000000401e-01
1.715298800000000096e-02,8.810671200000000369e-02,1.347092900000000093e-01,2.941354820000000037e-01,7.077093770000000283e-01,8.465789379999999476e-01,1.147194859999999955e-01,5.580440700000000032e-02,3.359999999999999814e-04,6.787646599999999641e-02,2.782717100000000124e-02,6.898744499999999447e-02,7.718061689999999864e-01,8.447827770000000402e-01,1.590489200000000033e-02,5.589999999999999673e-05,4.971645000000000231e-03,4.491591999999999807e-02,6.204913749999999562e-01,1.731394720000000165e-01,5.016681229999999658e-01,7.752979530000000397e-01,1.719629219999999903e-01,4.657223659999999987e-01,8.622251899999999747e-01,4.910073629999999745e-01,5.762212450000000485e-01,2.404097380000000117e-01,7.241906750000000059e-01,8.162776670000000401e-01
2.213099300000000158e-02,8.944794500000000093e-02,1.242133210000000015e-01,2.779779980000000039e-01,7.128400839999999850e-01,8.465789379999999476e-01,1.147194859999999955e-01,5.580440700000000032e-02,3.359999999999999814e-04,6.787646599999999641e-02,2.782717100000000124e-02,7.943581599999999243e-02,7.873847900000000566e-01,8.386871430000000238e-01,1.590489200000000033e-02,5.589999999999999673e-05,4.971645000000000231e-03,3.741224399999999728e-02,6.200222699999999865e-01,1.818265810000000149e-01,5.016681229999999658e-01,7.752979530000000397e-01,1.719629219999999903e-01,4.657223659999999987e-01,8.622251899999999747e-01,4.910073629999999745e-01,5.762212450000000485e-01,2.404097380000000117e-01,7.241906750000000059e-01,8.162776670000000401e-01
1.176475500000000174e-02,8.356476599999999866e-02,1.313159589999999821e-01,2.792983299999999836e-01,7.113285799999999881e-01,8.465789379999999476e-01,1.147194859999999955e-01,5.580440700000000032e-02,3.359999999999999814e-04,6.787646599999999641e-02,2.782717100000000124e-02,9.349100500000000202e-02,7.665356079999999794e-01,8.422424579999999716e-01,1.590489200000000033e-02,5.589999999999999673e-05,4.971645000000000231e-03,4.164594500000000366e-02,5.923908409999999458e-01,1.675364850000000128e-01,5.016681229999999658e-01,7.752979530000000397e-01,1.719629219999999903e-01,4.657223659999999987e-01,8.622251899999999747e-01,4.910073629999999745e-01,5.762212450000000485e-01,2.404097380000000117e-01,7.241906750000000059e-01,8.162776670000000401e-01
2.151182800000000020e-02,8.911312899999999926e-02,1.354049499999999961e-01,2.726186029999999594e-01,6.969515620000000800e-01,8.465789379999999476e-01,1.147194859999999955e-01,5.580440700000000032e-02,3.359999999999999814e-04,6.787646599999999641e-02,2.782717100000000124e-02,7.796600400000000541e-02,7.789191990000000620e-01,8.351475590000000393e-01,1.590489200000000033e-02,5.589999999999999673e-05,4.971645000000000231e-03,5.439021899999999660e-02,5.936497579999999719e-01,1.861537420000000109e-01,5.016681229999999658e-01,7.752979530000000397e-01,1.719629219999999903e-01,4.657223659999999987e-01,8.622251899999999747e-01,4.910073629999999745e-01,5.762212450000000485e-01,2.404097380000000117e-01,7.241906750000000059e-01,8.162776670000000401e-01
1.334764999999999910e-02,9.236382300000001155e-02,1.210782789999999970e-01,2.859284400000000059e-01,6.964418170000000741e-01,8.465789379999999476e-01,1.147194859999999955e-01,5.580440700000000032e-02,3.359999999999999814e-04,6.787646599999999641e-02,2.782717100000000124e-02,9.323851999999999141e-02,7.746689640000000709e-01,8.535621760000000613e-01,1.590489200000000033e-02,5.589999999999999673e-05,4.971645000000000231e-03,5.506281899999999896e-02,6.068716379999999910e-01,1.750332620000000228e-01,5.016681229999999658e-01,7.752979530000000397e-01,1.719629219999999903e-01,4.657223659999999987e-01,8.622251899999999747e-01,4.910073629999999745e-01,5.762212450000000485e-01,2.404097380000000117e-01,7.241906750000000059e-01,8.162776670000000401e-01
1.916012500000000007e-02,7.721348699999999732e-02,1.283321729999999938e-01,2.999587009999999943e-01,7.044122770000000866e-01,8.465789379999999476e-01,1.147194859999999955e-01,5.580440700000000032e-02,3.359999999999999814e-04,6.787646599999999641e-02,2.782717100000000124e-02,8.467398900000000506e-02,7.808538620000000652e-01,8.511805630000000011e-01,1.590489200000000033e-02,5.589999999999999673e-05,4.971645000000000231e-03,4.908568599999999643e-02,6.014492099999999564e-01,1.853882840000000143e-01,5.016681229999999658e-01,7.752979530000000397e-01,1.719629219999999903e-01,4.657223659999999987e-01,8.622251899999999747e-01,4.910073629999999745e-01,5.762212450000000485e-01,2.404097380000000117e-01,7.241906750000000059e-01,8.162776670000000401e-01
1.315446199999999871e-02,8.539483300000000332e-02,1.371133419999999992e-01,2.891689159999999981e-01,6.915917209999999926e-01,8.465789379999999476e-01,1.147194859999999955e-01,5.580440700000000032e-02,3.359999999999999814e-04,6.787646599999999641e-02,2.782717100000000124e-02,6.796585299999999275e-02,7.760604880000000483e-01,8.351205489999999898e-01,1.590489200000000033e-02,5.589999999999999673e-05,4.971645000000000231e-03,3.892474299999999776e-02,6.125435280000000038e-01,1.647022030000000192e-01,5.016681229999999658e-01,7.752979530000000397e-01,1.719629219999999903e-01,4.657223659999999987e-01,8.622251899999999747e-01,4.910073629999999745e-01,5.762212450000000485e-01,2.404097380000000117e-01,7.241906750000000059e-01,8.162776670000000401e-01
1.899616200000000046e-02,9.444724100000000122e-02,1.225353889999999946e-01,2.774308560000000035e-01,7.187828019999999984e-01,8.465789379999999476e-01,1.147194859999999955e-01,5.580440700000000032e-02,3.359999999999999814e-04,6.787646599999999641e-02,2.782717100000000124e-02,7.342001400000000566e-02,7.643697449999999893e-01,8.531450609999999823e-01,1.590489200000000033e-02,5.589999999999999673e-05,4.971645000000000231e-03,2.835804499999999839e-02,6.151584350000000034e-01,1.674440310000000209e-01,5.016681229999999658e-01,7.752979530000000397e-01,1.719629219999999903e-01,4.657223659999999987e-01,8.622251899999999747e-01,4.910073629999999745e-01,5.762212450000000485e-01,2.404097380000000117e-01,7.241906750000000059e-01,8.162776670000000401e-01
3.026306000000000135e-02,8.668654700000000268e-02,1.348473540000000026e-01,2.730010880000000029e-01,7.156988600000000478e-01,8.465789379999999476e-01,1.147194859999999955e-01,5.580440700000000032e-02,3.359999999999999814e-04,6.787646599999999641e-02,2.782717100000000124e-02,8.507835399999999493e-02,7.718792680000000628e-01,8.330155810000000605e-01,1.590489200000000033e-02,5.589999999999999673e-05,4.971645000000000231e-03,4.312911699999999460e-02,6.132398070000000256e-01,1.852000010000000030e-01,5.016681229999999658e-01,7.752979530000000397e-01,1.719629219999999903e-01,4.657223659999999987e-01,8.622251899999999747e-01,4.910073629999999745e-01,5.762212450000000485e-01,2.404097380000000117e-01,7.241906750000000059e-01,8.162776670000000401e-01
2.980894800000000178e-02,1.046705330000000100e-01,1.212172749999999993e-01,2.909425639999999591e-01,7.090363299999999924e-01,8.465789379999999476e-01,1.147194859999999955e-01,5.580440700000000032e-02,3.359999999999999814e-04,6.787646599999999641e-02,2.782717100000000124e-02,7.950197999999999987e-02,7.606276490000000168e-01,8.457270740000000231e-01,1.590489200000000033e-02,5.589999999999999673e-05,4.971645000000000231e-03,4.256834399999999408e-02,6.119490929999999995e-01,1.615477909999999961e-01,5.016681229999999658e-01,7.752979530000000397e-01,1.719629219999999903e-01,4.657223659999999987e-01,8.622251899999999747e-01,4.910073629999999745e-01,5.762212450000000485e-01,2.404097380000000117e-01,7.241906750000000059e-01,8.162776670000000401e-01
3.508735500000000063e-02,9.106200500000000142e-02,1.167212749999999993e-01,2.846157619999999944e-01,6.924741229999999970e-01,8.465789379999999476e-01,1.147194859999999955e-01,5.580440700000000032e-02,3.359999999999999814e-04,6.787646599999999641e-02,2.782717100000000124e-02,8.941146399999999606e-02,7.792178229999999761e-01,8.524854619999999716e-01,1.590489200000000033e-02,5.589999999999999673e-05,4.971645000000000231e-03,5.297660399999999659e-02,5.977113929999999797e-01,1.620943499999999982e-01,5.016681229999999658e-01,7.752979530000000397e-01,1.719629219999999903e-01,4.657223659999999987e-01,8.622251899999999747e-01,4.910073629999999745e-01,5.762212450000000485e-01,2.404097380000000117e-01,7.241906750000000059e-01,8.162776670000000401e-01
3.047009900000000049e-02,9.811362300000001091e-02,1.355820070000000044e-01,2.935570859999999671e-01,6.999840010000000223e-01,8.465789379999999476e-01,1.147194859999999955e-01,5.580440700000000032e-02,3.359999999999999814e-04,6.787646599999999641e-02,2.782717100000000124e-02,8.096282100000000426e-02,7.645567250000000481e-01,8.496665270000000048e-01,1.590489200000000033e-02,5.589999999999999673e-05,4.971645000000000231e-03,4.655066299999999907e-02,6.137765640000000245e-01,1.831263730000000090e-01,5.016681229999999658e-01,7.752979530000000397e-01,1.719629219999999903e-01,4.657223659999999987e-01,8.622251899999999747e-01,4.910073629999999745e-01,5.762212450000000485e-01,2.404097380000000117e-01,7.241906750000000059e-01,8.162776670000000401e-01
1.695561699999999922e-02,1.041072620000000060e-01,1.292066869999999867e-01,2.731224989999999631e-01,7.175660050000000068e-01,8.465789379999999476e-01,1.147194859999999955e-01,5.580440700000000032e-02,3.359999999999999814e-04,6.787646599999999641e-02,2.782717100000000124e-02,8.817908299999999144e-02,7.683189040000000247e-01,8.590935050000000350e-01,1.590489200000000033e-02,5.589999999999999673e-05,4.971645000000000231e-03,3.128087599999999913e-02,5.987180730000000173e-01,1.723130120000000154e-01,5.016681229999999658e-01,7.752979530000000397e-01,1.719629219999999903e-01,4.657223659999999987e-01,8.622251899999999747e-01,4.910073629999999745e-01,5.762212450000000485e-01,2.404097380000000117e-01,7.241906750000000059e-01,8.162776670000000401e-01
3.689715799999999934e-02,7.700714399999999960e-02,1.294112749999999923e-01,2.840016830000000048e-01,6.963857910000000873e-01,8.465789379999999476e-01,1.147194859999999955e-01,5.580440700000000032e-02,3.359999999999999814e-04,6.787646599999999641e-02,2.782717100000000124e-02,7.386645199999999911e-02,7.654538480000000478e-01,8.468411519999999859e-01,1.590489200000000033e-02,5.589999999999999673e-05,4.971645000000000231e-03,2.759667500000000107e-02,5.916567910000000152e-01,1.749608470000000027e-01,5.016681229999999658e-01,7.752979530000000397e-01,1.719629219999999903e-01,4.657223659999999987e-01,8.622251899999999747e-01,4.910073629999999745e-01,5.762212450000000485e-01,2.404097380000000117e-01,7.241906750000000059e-01,8.162776670000000401e-01
3.153219999999999634e-02,9.177287900000000165e-02,1.091762950000000065e-01,2.864945190000000030e-01,7.159968540000000159e-01,8.465789379999999476e-01,1.147194859999999955e-01,5.580440700000000032e-02,3.359999999999999814e-04,6.787646599999999641e-02,2.782717100000000124e-02,8.169889599999999308e-02,7.775487880000000462e-01,8.619256120000000632e-01,1.590489200000000033e-02,5.589999999999999673e-05,4.971645000000000231e-03,5.288369099999999656e-02,6.031607580000000191e-01,1.597430410000000023e-01,5.016681229999999658e-01,7.752979530000000397e-01,1.719629219999999903e-01,4.657223659999999987e-01,8.622251899999999747e-01,4.910073629999999745e-01,5.762212450000000485e-01,2.404097380000000117e-01,7.241906750000000059e-01,8.162776670000000401e-01
2.604047800000000232e-02,9.361202799999999991e-02,1.172636559999999939e-01,2.807498069999999624e-01,7.000950400000000018e-01,8.465789379999999476e-01,1.147194859999999955e-01,5.580440700000000032e-02,3.359999999999999814e-04,6.787646599999999641e-02,2.782717100000000124e-02,7.252245200000000114e-02,7.605718260000000619e-01,8.390908870000000075e-01,1.590489200000000033e-02,5.589999999999999673e-05,4.971645000000000231e-03,4.291552399999999656e-02,6.115697399999999728e-01,1.660884840000000084e-01,5.016681229999999658e-01,7.752979530000000397e-01,1.719629219999999903e-01,4.657223659999999987e-01,8.622251899999999747e-01,4.910073629999999745e-01,5.762212450000000485e-01,2.404097380000000117e-01,7.241906750000000059e-01,8.162776670000000401e-01
3.232390100000000210e-02,1.014847869999999930e-01,1.115552969999999977e-01,2.909911139999999952e-01,7.011934499999999959e-01,8.465789379999999476e-01,1.147194859999999955e-01,5.580440700000000032e-02,3.359999999999999814e-04,6.787646599999999641e-02,2.782717100000000124e-02,9.365537999999999641e-02,7.653542819999999969e-01,8.601470669999999874e-01,1.590489200000000033e-02,5.589999999999999673e-05,4.971645000000000231e-03,4.330923500000000148e-02,6.070629619999999838e-01,1.886573619999999951e-01,5.016681229999999658e-01,7.752979530000000397e-01,1.719629219999999903e-01,4.657223659999999987e-01,8.622251899999999747e-01,4.910073629999999745e-01,5.762212450000000485e-01,2.404097380000000117e-01,7.241906750000000059e-01,8.162776670000000401e-01
2.259222300000000155e-02,1.004616329999999946e-01,1.192512430000000068e-01,2.975287899999999874e-01,7.095972529999999834e-01,8.465789379999999476e-01,1.147194859999999955e-01,5.580440700000000032e-02,3.359999999999999814e-04,6.787646599999999641e-02,2.782717100000000124e-02,8.113977399999999784e-02,7.687009620000000432e-01,8.489357979999999637e-01,1.590489200000000033e-02,5.589999999999999673e-05,4.971645000000000231e-03,3.175650900000000221e-02,6.023004960000000185e-01,1.634365779999999990e-01,5.016681229999999658e-01,7.752979530000000397e-01,1.719629219999999903e-01,4.657223659999999987e-01,8.622251899999999747e-01,4.910073629999999745e-01,5.762212450000000485e-01,2.404097380000000117e-01,7.241906750000000059e-01,8.162776670000000401e-01
2.174293500000000143e-02,7.817148799999999731e-02,1.134986769999999923e-01,2.780046210000000073e-01,6.992679990000000290e-01,8.465789379999999476e-01,1.147194859999999955e-01,5.580440700000000032e-02,3.359999999999999814e-04,6.787646599999999641e-02,2.782717100000000124e-02,8.025884799999999375e-02,7.787007009999999951e-01,8.388178539999999739e-01,1.590489200000000033e-02,5.589999999999999673e-05,4.971645000000000231e-03,3.097866099999999762e-02,6.133782909999999644e-01,1.673226530000000156e-01,5.016681229999999658e-01,7.752979530000000397e-01,1.719629219999999903e-01,4.657223659999999987e-01,8.622251899999999747e-01,4.910073629999999745e-01,5.762212450000000485e-01,2.404097380000000117e-01,7.241906750000000059e-01,8.162776670000000401e-01
1.377043299999999859e-02,8.887540000000000717e-02,1.236291159999999972e-01,2.781322920000000032e-01,7.103819920000000732e-01,8.465789379999999476e-01,1.147194859999999955e-01,5.580440700000000032e-02,3.359999999999999814e-04,6.787646599999999641e-02,2.782717100000000124e-02,7.319270799999999522e-02,7.600729800000000091e-01,8.413959570000000276e-01,1.590489200000000033e-02,5.589999999999999673e-05,4.971645000000000231e-03,4.991473299999999585e-02,5.952208810000000350e-01,1.693397890000000183e-01,5.016681229999999658e-01,7.752979530000000397e-01,1.719629219999999903e-01,4.657223659999999987e-01,8.622251899999999747e-01,4.910073629999999745e-01,5.762212450000000485e-01,2.404097380000000117e-01,7.241906750000000059e-01,8.162776670000000401e-01
3.327087199999999995e-02,7.951543399999999595e-02,1.226028509999999988e-01,2.958189549999999945e-01,6.984694240000000054e-01,8.465789379999999476e-01,1.147194859999999955e-01,5.580440700000000032e-02,3.359999999999999814e-04,6.787646599999999641e-02,2.782717100000000124e-02,8.200306300000000104e-02,7.774898490000000661e-01,8.367296520000000459e-01,1.590489200000000033e-02,5.589999999999999673e-05,4.971645000000000231e-03,3.982675100000000051e-02,6.157200449999999936e-01,1.672919090000000164e-01,5.016681229999999658e-01,7.752979530000000397e-01,1.719629219999999903e-01,4.657223659999999987e-01,8.622251899999999747e-01,4.910073629999999745e-01,5.762212450000000485e-01,2.404097380000000117e-01,7.241906750000000059e-01,8.162776670000000401e-01
3.997362200000000032e-02,9.400079699999999705e-02,1.085898129999999934e-01,2.746799789999999630e-01,6.940098890000000464e-01,8.465789379999999476e-01,1.147194859999999955e-01,5.580440700000000032e-02,3.359999999999999814e-04,6.787646599999999641e-02,2.782717100000000124e-02,9.395370399999999900e-02,7.613288540000000548e-01,8.363740149999999707e-01,1.590489200000000033e-02,5.589999999999999673e-05,4.971645000000000231e-03,2.965202100000000063e-02,6.008691179999999799e-01,1.767208560000000095e-01,5.016681229999999658e-01,7.752979530000000397e-01,1.719629219999999903e-01,4.657223659999999987e-01,8.622251899999999747e-01,4.910073629999999745e-01,5.762212450000000485e-01,2.404097380000000117e-01,7.241906750000000059e-01,8.162776670000000401e-01
3.184443499999999733e-02,1.031521960000000016e-01,1.153356070000000066e-01,2.834735270000000029e-01,6.998645690000000474e-01,8.465789379999999476e-01,1.147194859999999955e-01,5.580440700000000032e-02,3.359999999999999814e-04,6.787646599999999641e-02,2.782717100000000124e-02,7.167602100000000642e-02,7.766375570000000339e-01,8.569790880000000000e-01,1.590489200000000033e-02,5.589999999999999673e-05,4.971645000000000231e-03,4.859531699999999899e-02,6.193353299999999617e-01,1.864109680000000102e-01,5.016681229999999658e-01,7.752979530000000397e-01,1.719629219999999903e-01,4.657223659999999987e-01,8.622251899999999747e-01,4.910073629999999745e-01,5.762212450000000485e-01,2.404097380000000117e-01,7.241906750000000059e-01,8.162776670000000401e-01
3.259343299999999805e-02,9.260031000000000512e-02,1.124980260000000010e-01,2.906134449999999703e-01,7.005054520000000284e-01,8.465789379999999476e-01,1.147194859999999955e-01,5.580440700000000032e-02,3.359999999999999814e-04,6.787646599999999641e-02,2.782717100000000124e-02,8.694842199999999743e-02,7.872039430000000726e-01,8.395260970000000267e-01,1.590489200000000033e-02,5.589999999999999673e-05,4.971645000000000231e-03,4.847103900000000049e-02,6.107602869999999573e-01,1.591268789999999989e-01,5.016681229999999658e-01,7.752979530000000397e-01,1.719629219999999903e-01,4.657223659999999987e-01,8.622251899999999747e-01,4.910073629999999745e-01,5.762212450000000485e-01,2.404097380000000117e-01,7.241906750000000059e-01,8.162776670000000401e-01
2.998681400000000052e-02,8.419353699999999885e-02,1.197082530000000006e-01,2.812502959999999552e-01,7.119969449999999922e-01,8.465789379999999476e-01,1.147194859999999955e-01,5.580440700000000032e-02,3.359999999999999814e-04,6.787646599999999641e-02,2.782717100000000124e-02,7.819436300000000284e-02,7.807151530000000506e-01,8.467019719999999694e-01,1.590489200000000033e-02,5.589999999999999673e-05,4.971645000000000231e-03,5.663206099999999743e-02,6.052088279999999765e-01,1.802235380000000164e-01,5.016681229999999658e-01,7.752979530000000397e-01,1.719629219999999903e-01,4.657223659999999987e-01,8.622251899999999747e-01,4.910073629999999745e-01,5.762212450000000485e-01,2.404097380000000117e-01,7.241906750000000059e-01,8.162776670000000401e-01
