8.594206580000000040e-01,3.255911630000000168e-01,3.445831700000000219e-02,4.225312289999999527e-01,4.003793910000000289e-01,8.934552110000000269e-01,5.720264399999999694e-02,6.946478200000000269e-02,1.558165700000000049e-02,6.919999999999999814e-06,8.418061699999999925e-02,6.503584719999999653e-01,5.655367690000000502e-01,5.265827289999999161e-01,1.284708999999999981e-03,6.208662000000000208e-03,2.101383000000000070e-03,0.000000000000000000e+00,0.000000000000000000e+00,1.259864619999999935e-01,4.191371640000000065e-01,2.656968239999999981e-01,8.962751999999999178e-03,6.075272160000000365e-01,3.949038670000000195e-01,2.972805869999999850e-01,4.565723839999999978e-01,4.231410139999999820e-01,6.567695470000000091e-01,1.000000000000000000e+00
8.650474150000000417e-01,3.353900870000000034e-01,3.577238700000000271e-02,4.254728459999999601e-01,3.936981690000000422e-01,8.934552110000000269e-01,5.720264399999999694e-02,6.946478200000000269e-02,1.558165700000000049e-02,6.919999999999999814e-06,8.418061699999999925e-02,6.568062639999999730e-01,5.551791329999999913e-01,5.350413059999999943e-01,1.284708999999999981e-03,6.208662000000000208e-03,2.101383000000000070e-03,0.000000000000000000e+00,0.000000000000000000e+00,1.042012860000000041e-01,4.191371640000000065e-01,2.656968239999999981e-01,8.962751999999999178e-03,6.075272160000000365e-01,3.949038670000000195e-01,2.972805869999999850e-01,4.565723839999999978e-01,4.231410139999999820e-01,6.567695470000000091e-01,1.000000000000000000e+00
8.636380019999999602e-01,3.370291420000000038e-01,1.821397900000000514e-02,4.419050849999999753e-01,4.138700330000000260e-01,8.934552110000000269e-01,5.720264399999999694e-02,6.946478200000000269e-02,1.558165700000000049e-02,6.919999999999999814e-06,8.418061699999999925e-02,6.483321290000000348e-01,5.523495489999999952e-01,5.390825989999999956e-01,1.284708999999999981e-03,6.208662000000000208e-03,2.101383000000000070e-03,0.000000000000000000e+00,0.000000000000000000e+00,1.169649180000000011e-01,4.191371640000000065e-01,2.656968239999999981e-01,8.962751999999999178e-03,6.075272160000000365e-01,3.949038670000000195e-01,2.972805869999999850e-01,4.565723839999999978e-01,4.231410139999999820e-01,6.567695470000000091e-01,1.000000000000000000e+00
8.807413920000000118e-01,3.317518710000000315e-01,3.708434300000000572e-02,4.363339549999999956e-01,4.042035080000000447e-01,8.934552110000000269e-01,5.720264399999999694e-02,6.946478200000000269e-02,1.558165700000000049e-02,6.919999999999999814e-06,8.418061699999999925e-02,6.596622109999999983e-01,5.614635890000000407e-01,5.269516069999999885e-01,1.284708999999999981e-03,6.208662000000000208e-03,2.101383000000000070e-03,0.000000000000000000e+00,0.000000000000000000e+00,1.304596520000000093e-01,4.191371640000000065e-01,2.656968239999999981e-01,8.962751999999999178e-03,6.075272160000000365e-01,3.949038670000000195e-01,2.972805869999999850e-01,4.565723839999999978e-01,4.231410139999999820e-01,6.567695470000000091e-01,1.000000000000000000e+00
8.684827849999999794e-01,3.392101100000000091e-01,3.245309500000000125e-02,4.375006289999999742e-01,4.131757140000000272e-01,8.934552110000000269e-01,5.720264399999999694e-02,6.946478200000000269e-02,1.558165700000000049e-02,6.919999999999999814e-06,8.418061699999999925e-02,6.545090140000000556e-01,5.484091850000000212e-01,5.221437309999999998e-01,1.284708999999999981e-03,6.208662000000000208e-03,2.101383000000000070e-03,0.000000000000000000e+00,0.000000000000000000e+00,1.023550759999999893e-01,4.191371640000000065e-01,2.656968239999999981e-01,8.962751999999999178e-03,6.075272160000000365e-01,3.949038670000000195e-01,2.972805869999999850e-01,4.565723839999999978e-01,4.231410139999999820e-01,6.567695470000000091e-01,1.000000000000000000e+00
8.792824169999999828e-01,3.291962390000000016e-01,3.382736199999999971e-02,4.331372689999999914e-01,4.087959389999999971e-01,8.934552110000000269e-01,5.720264399999999694e-02,6.946478200000000269e-02,1.558165700000000049e-02,6.919999999999999814e-06,8.418061699999999925e-02,6.654927820000000604e-01,5.512094690000000075e-01,5.244616109999999942e-01,1.284708999999999981e-03,6.208662000000000208e-03,2.101383000000000070e-03,0.000000000000000000e+00,0.000000000000000000e+00,1.190620869999999970e-01,4.191371640000000065e-01,2.656968239999999981e-01,8.962751999999999178e-03,6.075272160000000365e-01,3.949038670000000195e-01,2.972805869999999850e-01,4.565723839999999978e-01,4.231410139999999820e-01,6.567695470000000091e-01,1.000000000000000000e+00
8.862407489999999388e-01,3.131270790000000304e-01,2.769966400000000231e-02,4.257451889999999683e-01,3.975010780000000077e-01,8.934552110000000269e-01,5.720264399999999694e-02,6.946478200000000269e-02,1.558165700000000049e-02,6.919999999999999814e-06,8.418061699999999925e-02,6.552494170000000562e-01,5.423041960000000161e-01,5.249980079999999605e-01,1.284708999999999981e-03,6.208662000000000208e-03,2.101383000000000070e-03,0.000000000000000000e+00,0.000000000000000000e+00,1.100357730000000034e-01,4.191371640000000065e-01,2.656968239999999981e-01,8.962751999999999178e-03,6.075272160000000365e-01,3.949038670000000195e-01,2.972805869999999850e-01,4.565723839999999978e-01,4.231410139999999820e-01,6.567695470000000091e-01,1.000000000000000000e+00
8.742971360000000303e-01,3.163113499999999911e-01,2.693042800000000278e-02,4.218565420000000010e-01,4.188795740000000323e-01,8.934552110000000269e-01,5.720264399999999694e-02,6.946478200000000269e-02,1.558165700000000049e-02,6.919999999999999814e-06,8.418061699999999925e-02,6.563431640000000344e-01,5.641866220000000265e-01,5.307579969999999259e-01,1.284708999999999981e-03,6.208662000000000208e-03,2.101383000000000070e-03,0.000000000000000000e+00,0.000000000000000000e+00,1.090358530000000020e-01,4.191371640000000065e-01,2.656968239999999981e-01,8.962751999999999178e-03,6.075272160000000365e-01,3.949038670000000195e-01,2.972805869999999850e-01,4.565723839999999978e-01,4.231410139999999820e-01,6.567695470000000091e-01,1.000000000000000000e+00
8.672015299999999982e-01,3.381794550000000177e-01,2.161104600000000181e-02,4.172168589999999955e-01,3.939948060000000307e-01,8.934552110000000269e-01,5.720264399999999694e-02,6.946478200000000269e-02,1.558165700000000049e-02,6.919999999999999814e-06,8.418061699999999925e-02,6.715150779999999875e-01,5.513867250000000775e-01,5.299999989999999439e-01,1.284708999999999981e-03,6.208662000000000208e-03,2.101383000000000070e-03,0.000000000000000000e+00,0.000000000000000000e+00,1.151696369999999914e-01,4.191371640000000065e-01,2.656968239999999981e-01,8.962751999999999178e-03,6.075272160000000365e-01,3.949038670000000195e-01,2.972805869999999850e-01,4.565723839999999978e-01,4.231410139999999820e-01,6.567695470000000091e-01,1.000000000000000000e+00
8.591678719999999991e-01,3.206286140000000340e-01,4.327211300000000094e-02,4.144801819999999748e-01,4.042749210000000093e-01,8.934552110000000269e-01,5.720264399999999694e-02,6.946478200000000269e-02,1.558165700000000049e-02,6.919999999999999814e-06,8.418061699999999925e-02,6.650125359999999874e-01,5.677841530000000692e-01,5.341757400000000100e-01,1.284708999999999981e-03,6.208662000000000208e-03,2.101383000000000070e-03,0.000000000000000000e+00,0.000000000000000000e+00,1.316722160000000086e-01,4.191371640000000065e-01,2.656968239999999981e-01,8.962751999999999178e-03,6.075272160000000365e-01,3.949038670000000195e-01,2.972805869999999850e-01,4.565723839999999978e-01,4.231410139999999820e-01,6.567695470000000091e-01,1.000000000000000000e+00
8.812332670000000423e-01,3.279263470000000069e-01,3.478746800000000194e-02,4.371564669999999930e-01,4.030672379999999944e-01,8.934552110000000269e-01,5.720264399999999694e-02,6.946478200000000269e-02,1.558165700000000049e-02,6.919999999999999814e-06,8.418061699999999925e-02,6.602476919999999971e-01,5.602275090000000679e-01,5.298182519999999895e-01,1.284708999999999981e-03,6.208662000000000208e-03,2.101383000000000070e-03,0.000000000000000000e+00,0.000000000000000000e+00,1.174899350000000037e-01,4.191371640000000065e-01,2.656968239999999981e-01,8.962751999999999178e-03,6.075272160000000365e-01,3.949038670000000195e-01,2.972805869999999850e-01,4.565723839999999978e-01,4.231410139999999820e-01,6.567695470000000091e-01,1.000000000000000000e+00
8.688942389999999572e-01,3.367948669999999978e-01,3.561770499999999950e-02,4.202518479999999834e-01,4.150036500000000017e-01,8.934552110000000269e-01,5.720264399999999694e-02,6.946478200000000269e-02,1.558165700000000049e-02,6.919999999999999814e-06,8.418061699999999925e-02,6.448296780000000172e-01,5.622291460000000685e-01,5.288381989999999533e-01,1.284708999999999981e-03,6.208662000000000208e-03,2.101383000000000070e-03,0.000000000000000000e+00,0.000000000000000000e+00,1.291193820000000048e-01,4.191371640000000065e-01,2.656968239999999981e-01,8.962751999999999178e-03,6.075272160000000365e-01,3.949038670000000195e-01,2.972805869999999850e-01,4.565723839999999978e-01,4.231410139999999820e-01,6.567695470000000091e-01,1.000000000000000000e+00
8.819932309999999331e-01,3.404829699999999959e-01,1.952347900000000330e-02,4.398968059999999736e-01,4.037320890000000162e-01,8.934552110000000269e-01,5.720264399999999694e-02,6.946478200000000269e-02,1.558165700000000049e-02,6.919999999999999814e-06,8.418061699999999925e-02,6.719156040000000552e-01,5.480387910000000806e-01,5.339566459999999237e-01,1.284708999999999981e-03,6.208662000000000208e-03,2.101383000000000070e-03,0.000000000000000000e+00,0.000000000000000000e+00,1.228676479999999960e-01,4.191371640000000065e-01,2.656968239999999981e-01,8.962751999999999178e-03,6.075272160000000365e-01,3.949038670000000195e-01,2.972805869999999850e-01,4.565723839999999978e-01,4.231410139999999820e-01,6.567695470000000091e-01,1.000000000000000000e+00
8.604481689999999849e-01,3.268301750000000006e-01,1.713751200000000058e-02,4.353542709999999594e-01,4.081431570000000342e-01,8.934552110000000269e-01,5.720264399999999694e-02,6.946478200000000269e-02,1.558165700000000049e-02,6.919999999999999814e-06,8.418061699999999925e-02,6.704202120000000154e-01,5.563965300000000003e-01,5.318410309999999086e-01,1.284708999999999981e-03,6.208662000000000208e-03,2.101383000000000070e-03,0.000000000000000000e+00,0.000000000000000000e+00,1.295728120000000094e-01,4.191371640000000065e-01,2.656968239999999981e-01,8.962751999999999178e-03,6.075272160000000365e-01,3.949038670000000195e-01,2.972805869999999850e-01,4.565723839999999978e-01,4.231410139999999820e-01,6.567695470000000091e-01,1.000000000000000000e+00
8.581870819999999345e-01,3.129337540000000084e-01,3.791348500000000371e-02,4.319584939999999706e-01,3.969514190000000275e-01,8.934552110000000269e-01,5.720264399999999694e-02,6.946478200000000269e-02,1.558165700000000049e-02,6.919999999999999814e-06,8.418061699999999925e-02,6.515976430000000041e-01,5.631708330000000373e-01,5.288892060000000006e-01,1.284708999999999981e-03,6.208662000000000208e-03,2.101383000000000070e-03,0.000000000000000000e+00,0.000000000000000000e+00,1.045140229999999976e-01,4.191371640000000065e-01,2.656968239999999981e-01,8.962751999999999178e-03,6.075272160000000365e-01,3.949038670000000195e-01,2.972805869999999850e-01,4.565723839999999978e-01,4.231410139999999820e-01,6.567695470000000091e-01,1.000000000000000000e+00
8.827556100000000239e-01,3.266070960000000412e-01,3.170405400000000234e-02,4.229655779999999532e-01,4.005998550000000047e-01,8.934552110000000269e-01,5.720264399999999694e-02,6.946478200000000269e-02,1.558165700000000049e-02,6.919999999999999814e-06,8.418061699999999925e-02,6.570973829999999793e-01,5.556081930000000835e-01,5.343936379999999486e-01,1.284708999999999981e-03,6.208662000000000208e-03,2.101383000000000070e-03,0.000000000000000000e+00,0.000000000000000000e+00,1.033038950000000067e-01,4.191371640000000065e-01,2.656968239999999981e-01,8.962751999999999178e-03,6.075272160000000365e-01,3.949038670000000195e-01,2.972805869999999850e-01,4.565723839999999978e-01,4.231410139999999820e-01,6.567695470000000091e-01,1.000000000000000000e+00
8.704459879999999483e-01,3.170782490000000342e-01,1.535882100000000167e-02,4.314823919999999924e-01,4.180430770000000407e-01,8.934552110000000269e-01,5.720264399999999694e-02,6.946478200000000269e-02,1.558165700000000049e-02,6.919999999999999814e-06,8.418061699999999925e-02,6.720501520000000673e-01,5.661050300000000091e-01,5.440677130000000083e-01,1.284708999999999981e-03,6.208662000000000208e-03,2.101383000000000070e-03,0.000000000000000000e+00,0.000000000000000000e+00,1.206946690000000044e-01,4.191371640000000065e-01,2.656968239999999981e-01,8.962751999999999178e-03,6.075272160000000365e-01,3.949038670000000195e-01,2.972805869999999850e-01,4.565723839999999978e-01,4.231410139999999820e-01,6.567695470000000091e-01,1.000000000000000000e+00
8.806379810000000141e-01,3.389702010000000265e-01,4.425670900000000518e-02,4.194620689999999930e-01,3.914364570000000154e-01,8.934552110000000269e-01,5.720264399999999694e-02,6.946478200000000269e-02,1.558165700000000049e-02,6.919999999999999814e-06,8.418061699999999925e-02,6.511196980000000245e-01,5.427231170000000882e-01,5.145595319999999306e-01,1.284708999999999981e-03,6.208662000000000208e-03,2.101383000000000070e-03,0.000000000000000000e+00,0.000000000000000000e+00,1.046160770000000018e-01,4.191371640000000065e-01,2.656968239999999981e-01,8.962751999999999178e-03,6.075272160000000365e-01,3.949038670000000195e-01,2.972805869999999850e-01,4.565723839999999978e-01,4.231410139999999820e-01,6.567695470000000091e-01,1.000000000000000000e+00
8.759712269999999634e-01,3.332825130000000025e-01,3.772759300000000371e-02,4.308023639999999932e-01,4.023923810000000212e-01,8.934552110000000269e-01,5.720264399999999694e-02,6.946478200000000269e-02,1.558165700000000049e-02,6.919999999999999814e-06,8.418061699999999925e-02,6.444073750000000045e-01,5.430729860000000908e-01,5.282131609999999311e-01,1.284708999999999981e-03,6.208662000000000208e-03,2.101383000000000070e-03,0.000000000000000000e+00,0.000000000000000000e+00,1.083550229999999948e-01,4.191371640000000065e-01,2.656968239999999981e-01,8.962751999999999178e-03,6.075272160000000365e-01,3.949038670000000195e-01,2.972805869999999850e-01,4.565723839999999978e-01,4.231410139999999820e-01,6.567695470000000091e-01,1.000000000000000000e+00
8.632104689999999803e-01,3.257163410000000203e-01,2.311142500000000488e-02,4.300958529999999724e-01,4.152243330000000010e-01,8.934552110000000269e-01,5.720264399999999694e-02,6.946478200000000269e-02,1.558165700000000049e-02,6.919999999999999814e-06,8.418061699999999925e-02,6.455143220000000293e-01,5.452591690000000435e-01,5.223542780000000052e-01,1.284708999999999981e-03,6.208662000000000208e-03,2.101383000000000070e-03,0.000000000000000000e+00,0.000000000000000000e+00,1.122202620000000012e-01,4.191371640000000065e-01,2.656968239999999981e-01,8.962751999999999178e-03,6.075272160000000365e-01,3.949038670000000195e-01,2.972805869999999850e-01,4.565723839999999978e-01,4.231410139999999820e-01,6.567695470000000091e-01,1.000000000000000000e+00
8.796694419999999681e-01,3.289218760000000019e-01,1.591314100000000564e-02,4.372839229999999633e-01,3.973845340000000115e-01,8.934552110000000269e-01,5.720264399999999694e-02,6.946478200000000269e-02,1.558165700000000049e-02,6.919999999999999814e-06,8.418061699999999925e-02,6.634333279999999888e-01,5.414233520000000244e-01,5.340842009999999807e-01,1.284708999999999981e-03,6.208662000000000208e-03,2.101383000000000070e-03,0.000000000000000000e+00,0.000000000000000000e+00,1.235308609999999918e-01,4.191371640000000065e-01,2.656968239999999981e-01,8.962751999999999178e-03,6.075272160000000365e-01,3.949038670000000195e-01,2.972805869999999850e-01,4.565723839999999978e-01,4.231410139999999820e-01,6.567695470000000091e-01,1.000000000000000000e+00
8.598101670000000141e-01,3.237447250000000110e-01,2.078701500000000590e-02,4.368223900000000048e-01,3.948437740000000362e-01,8.934552110000000269e-01,5.720264399999999694e-02,6.946478200000000269e-02,1.558165700000000049e-02,6.919999999999999814e-06,8.418061699999999925e-02,6.436847789999999847e-01,5.430041820000000019e-01,5.199015819999999177e-01,1.284708999999999981e-03,6.208662000000000208e-03,2.101383000000000070e-03,0.000000000000000000e+00,0.000000000000000000e+00,1.119201489999999966e-01,4.191371640000000065e-01,2.656968239999999981e-01,8.962751999999999178e-03,6.075272160000000365e-01,3.949038670000000195e-01,2.972805869999999850e-01,4.565723839999999978e-01,4.231410139999999820e-01,6.567695470000000091e-01,1.000000000000000000e+00
8.576105699999999610e-01,3.172970200000000407e-01,4.267616600000000149e-02,4.409385169999999743e-01,4.101729490000000089e-01,8.934552110000000269e-01,5.720264399999999694e-02,6.946478200000000269e-02,1.558165700000000049e-02,6.919999999999999814e-06,8.418061699999999925e-02,6.549651870000000597e-01,5.538073100000000526e-01,5.356244219999999334e-01,1.284708999999999981e-03,6.208662000000000208e-03,2.101383000000000070e-03,0.000000000000000000e+00,0.000000000000000000e+00,1.147123050000000005e-01,4.191371640000000065e-01,2.656968239999999981e-01,8.962751999999999178e-03,6.075272160000000365e-01,3.949038670000000195e-01,2.972805869999999850e-01,4.565723839999999978e-01,4.231410139999999820e-01,6.567695470000000091e-01,1.000000000000000000e+00
8.776979430000000360e-01,3.124139470000000252e-01,1.471895400000000631e-02,4.344334119999999633e-01,4.004760400000000331e-01,8.934552110000000269e-01,5.720264399999999694e-02,6.946478200000000269e-02,1.558165700000000049e-02,6.919999999999999814e-06,8.418061699999999925e-02,6.432775459999999779e-01,5.437314880000000406e-01,5.143682049999999117e-01,1.284708999999999981e-03,6.208662000000000208e-03,2.101383000000000070e-03,0.000000000000000000e+00,0.000000000000000000e+00,1.282080790000000026e-01,4.191371640000000065e-01,2.656968239999999981e-01,8.962751999999999178e-03,6.075272160000000365e-01,3.949038670000000195e-01,2.972805869999999850e-01,4.565723839999999978e-01,4.231410139999999820e-01,6.567695470000000091e-01,1.000000000000000000e+00
8.816651779999999938e-01,3.283569610000000027e-01,3.765026900000000010e-02,4.384784829999999745e-01,3.925932140000000237e-01,8.934552110000000269e-01,5.720264399999999694e-02,6.946478200000000269e-02,1.558165700000000049e-02,6.919999999999999814e-06,8.418061699999999925e-02,6.542943890000000318e-01,5.691507410000000711e-01,5.182953819999999157e-01,1.284708999999999981e-03,6.208662000000000208e-03,2.101383000000000070e-03,0.000000000000000000e+00,0.000000000000000000e+00,1.171164040000000073e-01,4.191371640000000065e-01,2.656968239999999981e-01,8.962751999999999178e-03,6.075272160000000365e-01,3.949038670000000195e-01,2.972805869999999850e-01,4.565723839999999978e-01,4.231410139999999820e-01,6.567695470000000091e-01,1.000000000000000000e+00
8.654347759999999612e-01,3.149557119999999988e-01,1.924065000000000497e-02,4.170667999999999598e-01,4.028700130000000268e-01,8.934552110000000269e-01,5.720264399999999694e-02,6.946478200000000269e-02,1.558165700000000049e-02,6.919999999999999814e-06,8.418061699999999925e-02,6.518046690000000032e-01,5.607735130000000012e-01,5.311674259999999981e-01,1.284708999999999981e-03,6.208662000000000208e-03,2.101383000000000070e-03,0.000000000000000000e+00,0.000000000000000000e+00,1.028741099999999908e-01,4.191371640000000065e-01,2.656968239999999981e-01,8.962751999999999178e-03,6.075272160000000365e-01,3.949038670000000195e-01,2.972805869999999850e-01,4.565723839999999978e-01,4.231410139999999820e-01,6.567695470000000091e-01,1.000000000000000000e+00
8.804023109999999930e-01,3.114025009999999982e-01,2.726797600000000280e-02,4.420479799999999515e-01,3.997798120000000122e-01,8.934552110000000269e-01,5.720264399999999694e-02,6.946478200000000269e-02,1.558165700000000049e-02,6.919999999999999814e-06,8.418061699999999925e-02,6.603593290000000504e-01,5.507570160000000437e-01,5.243079370000000017e-01,1.284708999999999981e-03,6.208662000000000208e-03,2.101383000000000070e-03,0.000000000000000000e+00,0.000000000000000000e+00,1.306324140000000023e-01,4.191371640000000065e-01,2.656968239999999981e-01,8.962751999999999178e-03,6.075272160000000365e-01,3.949038670000000195e-01,2.972805869999999850e-01,4.565723839999999978e-01,4.231410139999999820e-01,6.567695470000000091e-01,1.000000000000000000e+00
8.657931110000000041e-01,3.135563110000000320e-01,4.028813600000000217e-02,4.187944149999999754e-01,3.987674449999999982e-01,8.934552110000000269e-01,5.720264399999999694e-02,6.946478200000000269e-02,1.558165700000000049e-02,6.919999999999999814e-06,8.418061699999999925e-02,6.440936000000000439e-01,5.443630360000000223e-01,5.410532670000000044e-01,1.284708999999999981e-03,6.208662000000000208e-03,2.101383000000000070e-03,0.000000000000000000e+00,0.000000000000000000e+00,1.079241179999999994e-01,4.191371640000000065e-01,2.656968239999999981e-01,8.962751999999999178e-03,6.075272160000000365e-01,3.949038670000000195e-01,2.972805869999999850e-01,4.565723839999999978e-01,4.231410139999999820e-01,6.567695470000000091e-01,1.000000000000000000e+00
8.734947259999999991e-01,3.398564720000000206e-01,1.694839500000000498e-02,4.158365809999999829e-01,3.905682780000000465e-01,8.934552110000000269e-01,5.720264399999999694e-02,6.946478200000000269e-02,1.558165700000000049e-02,6.919999999999999814e-06,8.418061699999999925e-02,6.629052859999999825e-01,5.421973350000000025e-01,5.285391179999999745e-01,1.284708999999999981e-03,6.208662000000000208e-03,2.101383000000000070e-03,0.000000000000000000e+00,0.000000000000000000e+00,1.129395769999999993e-01,4.191371640000000065e-01,2.656968239999999981e-01,8.962751999999999178e-03,6.075272160000000365e-01,3.949038670000000195e-01,2.972805869999999850e-01,4.565723839999999978e-01,4.231410139999999820e-01,6.567695470000000091e-01,1.000000000000000000e+00
8.836563659999999709e-01,3.160463680000000219e-01,3.193102300000000282e-02,4.280764289999999805e-01,4.047508670000000142e-01,8.934552110000000269e-01,5.720264399999999694e-02,6.946478200000000269e-02,1.558165700000000049e-02,6.919999999999999814e-06,8.418061699999999925e-02,6.623004020000000658e-01,5.690953470000000847e-01,5.211673989999999757e-01,1.284708999999999981e-03,6.208662000000000208e-03,2.101383000000000070e-03,0.000000000000000000e+00,0.000000000000000000e+00,1.253440409999999894e-01,4.191371640000000065e-01,2.656968239999999981e-01,8.962751999999999178e-03,6.075272160000000365e-01,3.949038670000000195e-01,2.972805869999999850e-01,4.565723839999999978e-01,4.231410139999999820e-01,6.567695470000000091e-01,1.000000000000000000e+00
8.746420099999999698e-01,3.208775240000000251e-01,1.604769000000000334e-02,4.217735379999999479e-01,3.968946320000000250e-01,8.934552110000000269e-01,5.720264399999999694e-02,6.946478200000000269e-02,1.558165700000000049e-02,6.919999999999999814e-06,8.418061699999999925e-02,6.694829020000000463e-01,5.503245600000000737e-01,5.260203449999999448e-01,1.284708999999999981e-03,6.208662000000000208e-03,2.101383000000000070e-03,0.000000000000000000e+00,0.000000000000000000e+00,1.066460439999999954e-01,4.191371640000000065e-01,2.656968239999999981e-01,8.962751999999999178e-03,6.075272160000000365e-01,3.949038670000000195e-01,2.972805869999999850e-01,4.565723839999999978e-01,4.231410139999999820e-01,6.567695470000000091e-01,1.000000000000000000e+00
8.627355110000000105e-01,3.235354790000000147e-01,4.223432000000000575e-02,4.298858429999999897e-01,3.941786340000000277e-01,8.934552110000000269e-01,5.720264399999999694e-02,6.946478200000000269e-02,1.558165700000000049e-02,6.919999999999999814e-06,8.418061699999999925e-02,6.706824490000000694e-01,5.576858560000000908e-01,5.254391519999999094e-01,1.284708999999999981e-03,6.208662000000000208e-03,2.101383000000000070e-03,0.000000000000000000e+00,0.000000000000000000e+00,1.301249299999999998e-01,4.191371640000000065e-01,2.656968239999999981e-01,8.962751999999999178e-03,6.075272160000000365e-01,3.949038670000000195e-01,2.972805869999999850e-01,4.565723839999999978e-01,4.231410139999999820e-01,6.567695470000000091e-01,1.000000000000000000e+00
8.783169920000000186e-01,3.263172639999999958e-01,4.366803900000000571e-02,4.201996699999999696e-01,4.025397589999999970e-01,8.934552110000000269e-01,5.720264399999999694e-02,6.946478200000000269e-02,1.558165700000000049e-02,6.919999999999999814e-06,8.418061699999999925e-02,6.679234530000000003e-01,5.492714600000000447e-01,5.286940509999999982e-01,1.284708999999999981e-03,6.208662000000000208e-03,2.101383000000000070e-03,0.000000000000000000e+00,0.000000000000000000e+00,1.299986489999999939e-01,4.191371640000000065e-01,2.656968239999999981e-01,8.962751999999999178e-03,6.075272160000000365e-01,3.949038670000000195e-01,2.972805869999999850e-01,4.565723839999999978e-01,4.231410139999999820e-01,6.567695470000000091e-01,1.000000000000000000e+00
8.790371209999999769e-01,3.348374769999999945e-01,3.080912900000000454e-02,4.264878609999999681e-01,4.175396620000000336e-01,8.934552110000000269e-01,5.720264399999999694e-02,6.946478200000000269e-02,1.558165700000000049e-02,6.919999999999999814e-06,8.418061699999999925e-02,6.619915889999999914e-01,5.674380629999999925e-01,5.227541559999999699e-01,1.284708999999999981e-03,6.208662000000000208e-03,2.101383000000000070e-03,0.000000000000000000e+00,0.000000000000000000e+00,1.149529390000000040e-01,4.191371640000000065e-01,2.656968239999999981e-01,8.962751999999999178e-03,6.075272160000000365e-01,3.949038670000000195e-01,2.972805869999999850e-01,4.565723839999999978e-01,4.231410139999999820e-01,6.567695470000000091e-01,1.000000000000000000e+00
8.661787450000000277e-01,3.141819350000000233e-01,4.434844200000000181e-02,4.240856409999999577e-01,4.143985589999999997e-01,8.934552110000000269e-01,5.720264399999999694e-02,6.946478200000000269e-02,1.558165700000000049e-02,6.919999999999999814e-06,8.418061699999999925e-02,6.531540220000000563e-01,5.567600810000000733e-01,5.411173009999999950e-01,1.284708999999999981e-03,6.208662000000000208e-03,2.101383000000000070e-03,0.000000000000000000e+00,0.000000000000000000e+00,1.107908410000000010e-01,4.191371640000000065e-01,2.656968239999999981e-01,8.962751999999999178e-03,6.075272160000000365e-01,3.949038670000000195e-01,2.972805869999999850e-01,4.565723839999999978e-01,4.231410139999999820e-01,6.567695470000000091e-01,1.000000000000000000e+00
8.863690730000000073e-01,3.318938730000000059e-01,2.278687900000000294e-02,4.307014719999999741e-01,4.085091460000000452e-01,8.934552110000000269e-01,5.720264399999999694e-02,6.946478200000000269e-02,1.558165700000000049e-02,6.919999999999999814e-06,8.418061699999999925e-02,6.586213659999999859e-01,5.621050640000000431e-01,5.243358289999999755e-01,1.284708999999999981e-03,6.208662000000000208e-03,2.101383000000000070e-03,0.000000000000000000e+00,0.000000000000000000e+00,1.077200130000000033e-01,4.191371640000000065e-01,2.656968239999999981e-01,8.962751999999999178e-03,6.075272160000000365e-01,3.949038670000000195e-01,2.972805869999999850e-01,4.565723839999999978e-01,4.231410139999999820e-01,6.567695470000000091e-01,1.000000000000000000e+00
8.612791429999999693e-01,3.123398930000000351e-01,4.101369100000000489e-02,4.318195360000000038e-01,4.075546590000000413e-01,8.934552110000000269e-01,5.720264399999999694e-02,6.946478200000000269e-02,1.558165700000000049e-02,6.919999999999999814e-06,8.418061699999999925e-02,6.523952000000000639e-01,5.412944400000000433e-01,5.191434449999999812e-01,1.284708999999999981e-03,6.208662000000000208e-03,2.101383000000000070e-03,0.000000000000000000e+00,0.000000000000000000e+00,1.278170210000000029e-01,4.191371640000000065e-01,2.656968239999999981e-01,8.962751999999999178e-03,6.075272160000000365e-01,3.949038670000000195e-01,2.972805869999999850e-01,4.565723839999999978e-01,4.231410139999999820e-01,6.567695470000000091e-01,1.000000000000000000e+00
8.702936839999999563e-01,3.176337989999999945e-01,2.406180200000000366e-02,4.222405899999999712e-01,4.039670790000000067e-01,8.934552110000000269e-01,5.720264399999999694e-02,6.946478200000000269e-02,1.558165700000000049e-02,6.919999999999999814e-06,8.418061699999999925e-02,6.491472289999999923e-01,5.579650150000000641e-01,5.209374079999999907e-01,1.284708999999999981e-03,6.208662000000000208e-03,2.101383000000000070e-03,0.000000000000000000e+00,0.000000000000000000e+00,1.275129030000000108e-01,4.191371640000000065e-01,2.656968239999999981e-01,8.962751999999999178e-03,6.075272160000000365e-01,3.949038670000000195e-01,2.972805869999999850e-01,4.565723839999999978e-01,4.231410139999999820e-01,6.567695470000000091e-01,1.000000000000000000e+00
8.814628439999999676e-01,3.293201629999999991e-01,4.280393799999999971e-02,4.329034709999999841e-01,4.173320880000000455e-01,8.934552110000000269e-01,5.720264399999999694e-02,6.946478200000000269e-02,1.558165700000000049e-02,6.919999999999999814e-06,8.418061699999999925e-02,6.594359440000000516e-01,5.615783680000000500e-01,5.194683139999999311e-01,1.284708999999999981e-03,6.208662000000000208e-03,2.101383000000000070e-03,0.000000000000000000e+00,0.000000000000000000e+00,1.143535469999999998e-01,4.191371640000000065e-01,2.656968239999999981e-01,8.962751999999999178e-03,6.075272160000000365e-01,3.949038670000000195e-01,2.972805869999999850e-01,4.565723839999999978e-01,4.231410139999999820e-01,6.567695470000000091e-01,1.000000000000000000e+00
8.781003840000000116e-01,3.128303890000000420e-01,2.720787100000000153e-02,4.404913039999999724e-01,4.108621709999999982e-01,8.934552110000000269e-01,5.720264399999999694e-02,6.946478200000000269e-02,1.558165700000000049e-02,6.919999999999999814e-06,8.418061699999999925e-02,6.494700930000000261e-01,5.590707280000000168e-01,5.215956789999999232e-01,1.284708999999999981e-03,6.208662000000000208e-03,2.101383000000000070e-03,0.000000000000000000e+00,0.000000000000000000e+00,1.145766679999999926e-01,4.191371640000000065e-01,2.656968239999999981e-01,8.962751999999999178e-03,6.075272160000000365e-01,3.949038670000000195e-01,2.972805869999999850e-01,4.565723839999999978e-01,4.231410139999999820e-01,6.567695470000000091e-01,1.000000000000000000e+00
8.646785070000000406e-01,3.161529030000000406e-01,1.628315800000000590e-02,4.205889109999999542e-01,4.071552550000000492e-01,8.934552110000000269e-01,5.720264399999999694e-02,6.946478200000000269e-02,1.558165700000000049e-02,6.919999999999999814e-06,8.418061699999999925e-02,6.481557210000000735e-01,5.586677469999999923e-01,5.239679429999999360e-01,1.284708999999999981e-03,6.208662000000000208e-03,2.101383000000000070e-03,0.000000000000000000e+00,0.000000000000000000e+00,1.052421600000000013e-01,4.191371640000000065e-01,2.656968239999999981e-01,8.962751999999999178e-03,6.075272160000000365e-01,3.949038670000000195e-01,2.972805869999999850e-01,4.565723839999999978e-01,4.231410139999999820e-01,6.567695470000000091e-01,1.000000000000000000e+00
8.773665349999999474e-01,3.395231380000000021e-01,4.300755900000000076e-02,4.367003639999999520e-01,3.922490710000000047e-01,8.934552110000000269e-01,5.720264399999999694e-02,6.946478200000000269e-02,1.558165700000000049e-02,6.919999999999999814e-06,8.418061699999999925e-02,6.502338020000000274e-01,5.486552670000000020e-01,5.275796959999999869e-01,1.284708999999999981e-03,6.208662000000000208e-03,2.101383000000000070e-03,0.000000000000000000e+00,0.000000000000000000e+00,1.021649059999999998e-01,4.191371640000000065e-01,2.656968239999999981e-01,8.962751999999999178e-03,6.075272160000000365e-01,3.949038670000000195e-01,2.972805869999999850e-01,4.565723839999999978e-01,4.231410139999999820e-01,6.567695470000000091e-01,1.000000000000000000e+00
8.706198920000000063e-01,3.216556919999999931e-01,1.681912700000000316e-02,4.361840359999999972e-01,3.952255090000000304e-01,8.934552110000000269e-01,5.720264399999999694e-02,6.946478200000000269e-02,1.558165700000000049e-02,6.919999999999999814e-06,8.418061699999999925e-02,6.487964170000000141e-01,5.680826560000000747e-01,5.178971019999999426e-01,1.284708999999999981e-03,6.208662000000000208e-03,2.101383000000000070e-03,0.000000000000000000e+00,0.000000000000000000e+00,1.102270290000000041e-01,4.191371640000000065e-01,2.656968239999999981e-01,8.962751999999999178e-03,6.075272160000000365e-01,3.949038670000000195e-01,2.972805869999999850e-01,4.565723839999999978e-01,4.231410139999999820e-01,6.567695470000000091e-01,1.000000000000000000e+00
8.687930419999999598e-01,3.242473520000000442e-01,3.353448200000000434e-02,4.294395429999999791e-01,4.046879690000000362e-01,8.934552110000000269e-01,5.720264399999999694e-02,6.946478200000000269e-02,1.558165700000000049e-02,6.919999999999999814e-06,8.418061699999999925e-02,6.698509559999999974e-01,5.533351590000000764e-01,5.301228929999999284e-01,1.284708999999999981e-03,6.208662000000000208e-03,2.101383000000000070e-03,0.000000000000000000e+00,0.000000000000000000e+00,1.277186630000000100e-01,4.191371640000000065e-01,2.656968239999999981e-01,8.962751999999999178e-03,6.075272160000000365e-01,3.949038670000000195e-01,2.972805869999999850e-01,4.565723839999999978e-01,4.231410139999999820e-01,6.567695470000000091e-01,1.000000000000000000e+00
8.730615219999999788e-01,3.393816119999999992e-01,2.006794200000000528e-02,4.280149689999999674e-01,4.054655710000000246e-01,8.934552110000000269e-01,5.720264399999999694e-02,6.946478200000000269e-02,1.558165700000000049e-02,6.919999999999999814e-06,8.418061699999999925e-02,6.657660040000000778e-01,5.507140710000000272e-01,5.236322079999999879e-01,1.284708999999999981e-03,6.208662000000000208e-03,2.101383000000000070e-03,0.000000000000000000e+00,0.000000000000000000e+00,1.188376820000000000e-01,4.191371640000000065e-01,2.656968239999999981e-01,8.962751999999999178e-03,6.075272160000000365e-01,3.949038670000000195e-01,2.972805869999999850e-01,4.565723839999999978e-01,4.231410139999999820e-01,6.567695470000000091e-01,1.000000000000000000e+00
8.619011819999999879e-01,3.372263910000000142e-01,3.917621100000000245e-02,4.302875519999999621e-01,4.072787880000000027e-01,8.934552110000000269e-01,5.720264399999999694e-02,6.946478200000000269e-02,1.558165700000000049e-02,6.919999999999999814e-06,8.418061699999999925e-02,6.454758860000000542e-01,5.516822000000000115e-01,5.235054969999999308e-01,1.284708999999999981e-03,6.208662000000000208e-03,2.101383000000000070e-03,0.000000000000000000e+00,0.000000000000000000e+00,1.076801530000000007e-01,4.191371640000000065e-01,2.656968239999999981e-01,8.962751999999999178e-03,6.075272160000000365e-01,3.949038670000000195e-01,2.972805869999999850e-01,4.565723839999999978e-01,4.231410139999999820e-01,6.567695470000000091e-01,1.000000000000000000e+00
8.665084629999999510e-01,3.178772330000000368e-01,2.970927700000000268e-02,4.146274189999999971e-01,4.051022610000000190e-01,8.934552110000000269e-01,5.720264399999999694e-02,6.946478200000000269e-02,1.558165700000000049e-02,6.919999999999999814e-06,8.418061699999999925e-02,6.640111980000000802e-01,5.547527140000000356e-01,5.323336069999999864e-01,1.284708999999999981e-03,6.208662000000000208e-03,2.101383000000000070e-03,0.000000000000000000e+00,0.000000000000000000e+00,1.239988939999999984e-01,4.191371640000000065e-01,2.656968239999999981e-01,8.962751999999999178e-03,6.075272160000000365e-01,3.949038670000000195e-01,2.972805869999999850e-01,4.565723839999999978e-01,4.231410139999999820e-01,6.567695470000000091e-01,1.000000000000000000e+00
8.804623809999999606e-01,3.146314620000000284e-01,4.082246300000000327e-02,4.212190619999999774e-01,4.199234000000000022e-01,8.934552110000000269e-01,5.720264399999999694e-02,6.946478200000000269e-02,1.558165700000000049e-02,6.919999999999999814e-06,8.418061699999999925e-02,6.498501859999999963e-01,5.695449910000000004e-01,5.232123770000000063e-01,1.284708999999999981e-03,6.208662000000000208e-03,2.101383000000000070e-03,0.000000000000000000e+00,0.000000000000000000e+00,1.151199569999999950e-01,4.191371640000000065e-01,2.656968239999999981e-01,8.962751999999999178e-03,6.075272160000000365e-01,3.949038670000000195e-01,2.972805869999999850e-01,4.565723839999999978e-01,4.231410139999999820e-01,6.567695470000000091e-01,1.000000000000000000e+00
8.765116440000000342e-01,3.262458679999999944e-01,4.000137600000000515e-02,4.412468279999999798e-01,4.141272700000000473e-01,8.934552110000000269e-01,5.720264399999999694e-02,6.946478200000000269e-02,1.558165700000000049e-02,6.919999999999999814e-06,8.418061699999999925e-02,6.709884790000000265e-01,5.490307440000000705e-01,5.371920789999999890e-01,1.284708999999999981e-03,6.208662000000000208e-03,2.101383000000000070e-03,0.000000000000000000e+00,0.000000000000000000e+00,1.085936859999999948e-01,4.191371640000000065e-01,2.656968239999999981e-01,8.962751999999999178e-03,6.075272160000000365e-01,3.949038670000000195e-01,2.972805869999999850e-01,4.565723839999999978e-01,4.231410139999999820e-01,6.567695470000000091e-01,1.000000000000000000e+00
8.664178259999999465e-01,3.339069920000000136e-01,3.347905800000000598e-02,4.235305499999999501e-01,3.946824670000000368e-01,8.934552110000000269e-01,5.720264399999999694e-02,6.946478200000000269e-02,1.558165700000000049e-02,6.919999999999999814e-06,8.418061699999999925e-02,6.645557600000000509e-01,5.702604410000000623e-01,5.438645609999999131e-01,1.284708999999999981e-03,6.208662000000000208e-03,2.101383000000000070e-03,0.000000000000000000e+00,0.000000000000000000e+00,1.128051790000000054e-01,4.191371640000000065e-01,2.656968239999999981e-01,8.962751999999999178e-03,6.075272160000000365e-01,3.949038670000000195e-01,2.972805869999999850e-01,4.565723839999999978e-01,4.231410139999999820e-01,6.567695470000000091e-01,1.000000000000000000e+00
8.835652219999999835e-01,3.325522290000000325e-01,3.842001600000000128e-02,4.250303619999999949e-01,4.190254230000000080e-01,8.934552110000000269e-01,5.720264399999999694e-02,6.946478200000000269e-02,1.558165700000000049e-02,6.919999999999999814e-06,8.418061699999999925e-02,6.689337760000000355e-01,5.505063340000000416e-01,5.271990519999999458e-01,1.284708999999999981e-03,6.208662000000000208e-03,2.101383000000000070e-03,0.000000000000000000e+00,0.000000000000000000e+00,1.090067909999999918e-01,4.191371640000000065e-01,2.656968239999999981e-01,8.962751999999999178e-03,6.075272160000000365e-01,3.949038670000000195e-01,2.972805869999999850e-01,4.565723839999999978e-01,4.231410139999999820e-01,6.567695470000000091e-01,1.000000000000000000e+00
8.585144599999999793e-01,3.322217690000000001e-01,1.504297900000000493e-02,4.211735509999999794e-01,4.180996829999999997e-01,8.934552110000000269e-01,5.720264399999999694e-02,6.946478200000000269e-02,1.558165700000000049e-02,6.919999999999999814e-06,8.418061699999999925e-02,6.684822240000000138e-01,5.421056069999999893e-01,5.314516709999999033e-01,1.284708999999999981e-03,6.208662000000000208e-03,2.101383000000000070e-03,0.000000000000000000e+00,0.000000000000000000e+00,1.056521940000000048e-01,4.191371640000000065e-01,2.656968239999999981e-01,8.962751999999999178e-03,6.075272160000000365e-01,3.949038670000000195e-01,2.972805869999999850e-01,4.565723839999999978e-01,4.231410139999999820e-01,6.567695470000000091e-01,1.000000000000000000e+00
8.754262750000000315e-01,3.296528910000000034e-01,1.798738400000000209e-02,4.400718509999999584e-01,3.972094090000000133e-01,8.934552110000000269e-01,5.720264399999999694e-02,6.946478200000000269e-02,1.558165700000000049e-02,6.919999999999999814e-06,8.418061699999999925e-02,6.527271350000000139e-01,5.672128020000000159e-01,5.267565549999999597e-01,1.284708999999999981e-03,6.208662000000000208e-03,2.101383000000000070e-03,0.000000000000000000e+00,0.000000000000000000e+00,1.248131799999999958e-01,4.191371640000000065e-01,2.656968239999999981e-01,8.962751999999999178e-03,6.075272160000000365e-01,3.949038670000000195e-01,2.972805869999999850e-01,4.565723839999999978e-01,4.231410139999999820e-01,6.567695470000000091e-01,1.000000000000000000e+00
8.587161180000000282e-01,3.204613990000000356e-01,2.473125000000000323e-02,4.160969099999999865e-01,4.011016880000000118e-01,8.934552110000000269e-01,5.720264399999999694e-02,6.946478200000000269e-02,1.558165700000000049e-02,6.919999999999999814e-06,8.418061699999999925e-02,6.671421240000000585e-01,5.684875280000000197e-01,5.433930179999999499e-01,1.284708999999999981e-03,6.208662000000000208e-03,2.101383000000000070e-03,0.000000000000000000e+00,0.000000000000000000e+00,1.138678409999999974e-01,4.191371640000000065e-01,2.656968239999999981e-01,8.962751999999999178e-03,6.075272160000000365e-01,3.949038670000000195e-01,2.972805869999999850e-01,4.565723839999999978e-01,4.231410139999999820e-01,6.567695470000000091e-01,1.000000000000000000e+00
8.769403869999999879e-01,3.304355670000000411e-01,4.149196000000000134e-02,4.168337769999999609e-01,3.986948030000000420e-01,8.934552110000000269e-01,5.720264399999999694e-02,6.946478200000000269e-02,1.558165700000000049e-02,6.919999999999999814e-06,8.418061699999999925e-02,6.710940710000000697e-01,5.634089810000000309e-01,5.331933169999999444e-01,1.284708999999999981e-03,6.208662000000000208e-03,2.101383000000000070e-03,0.000000000000000000e+00,0.000000000000000000e+00,1.274569030000000103e-01,4.191371640000000065e-01,2.656968239999999981e-01,8.962751999999999178e-03,6.075272160000000365e-01,3.949038670000000195e-01,2.972805869999999850e-01,4.565723839999999978e-01,4.231410139999999820e-01,6.567695470000000091e-01,1.000000000000000000e+00
8.852521519999999589e-01,3.269312140000000255e-01,2.828246800000000158e-02,4.152536669999999930e-01,3.929170250000000308e-01,8.934552110000000269e-01,5.720264399999999694e-02,6.946478200000000269e-02,1.558165700000000049e-02,6.919999999999999814e-06,8.418061699999999925e-02,6.498271740000000074e-01,5.526292489999999891e-01,5.167678049999999690e-01,1.284708999999999981e-03,6.208662000000000208e-03,2.101383000000000070e-03,0.000000000000000000e+00,0.000000000000000000e+00,1.263509690000000074e-01,4.191371640000000065e-01,2.656968239999999981e-01,8.962751999999999178e-03,6.075272160000000365e-01,3.949038670000000195e-01,2.972805869999999850e-01,4.565723839999999978e-01,4.231410139999999820e-01,6.567695470000000091e-01,1.000000000000000000e+00
8.602122879999999361e-01,3.111003330000000067e-01,3.986933000000000143e-02,4.253445629999999533e-01,4.142940790000000373e-01,8.934552110000000269e-01,5.720264399999999694e-02,6.946478200000000269e-02,1.558165700000000049e-02,6.919999999999999814e-06,8.418061699999999925e-02,6.504315240000000387e-01,5.441529910000000303e-01,5.293025000000000091e-01,1.284708999999999981e-03,6.208662000000000208e-03,2.101383000000000070e-03,0.000000000000000000e+00,0.000000000000000000e+00,1.155816939999999987e-01,4.191371640000000065e-01,2.656968239999999981e-01,8.962751999999999178e-03,6.075272160000000365e-01,3.949038670000000195e-01,2.972805869999999850e-01,4.565723839999999978e-01,4.231410139999999820e-01,6.567695470000000091e-01,1.000000000000000000e+00
8.855825429999999443e-01,3.119380590000000453e-01,3.892226399999999809e-02,4.183574259999999767e-01,4.187038660000000356e-01,8.934552110000000269e-01,5.720264399999999694e-02,6.946478200000000269e-02,1.558165700000000049e-02,6.919999999999999814e-06,8.418061699999999925e-02,6.460610949999999741e-01,5.583901410000000620e-01,5.167312869999999281e-01,1.284708999999999981e-03,6.208662000000000208e-03,2.101383000000000070e-03,0.000000000000000000e+00,0.000000000000000000e+00,1.249745830000000002e-01,4.191371640000000065e-01,2.656968239999999981e-01,8.962751999999999178e-03,6.075272160000000365e-01,3.949038670000000195e-01,2.972805869999999850e-01,4.565723839999999978e-01,4.231410139999999820e-01,6.567695470000000091e-01,1.000000000000000000e+00
8.838848109999999370e-01,3.227978890000000045e-01,2.337956200000000651e-02,4.303343570000000007e-01,3.922715170000000140e-01,8.934552110000000269e-01,5.720264399999999694e-02,6.946478200000000269e-02,1.558165700000000049e-02,6.919999999999999814e-06,8.418061699999999925e-02,6.633080610000000599e-01,5.534878830000000693e-01,5.363202599999999931e-01,1.284708999999999981e-03,6.208662000000000208e-03,2.101383000000000070e-03,0.000000000000000000e+00,0.000000000000000000e+00,1.110012759999999959e-01,4.191371640000000065e-01,2.656968239999999981e-01,8.962751999999999178e-03,6.075272160000000365e-01,3.949038670000000195e-01,2.972805869999999850e-01,4.565723839999999978e-01,4.231410139999999820e-01,6.567695470000000091e-01,1.000000000000000000e+00
8.699649139999999781e-01,3.347350199999999942e-01,3.531155700000000730e-02,4.249362279999999714e-01,4.096760240000000275e-01,8.934552110000000269e-01,5.720264399999999694e-02,6.946478200000000269e-02,1.558165700000000049e-02,6.919999999999999814e-06,8.418061699999999925e-02,6.434208550000000137e-01,5.470424180000000858e-01,5.348670529999999257e-01,1.284708999999999981e-03,6.208662000000000208e-03,2.101383000000000070e-03,0.000000000000000000e+00,0.000000000000000000e+00,1.034222669999999983e-01,4.191371640000000065e-01,2.656968239999999981e-01,8.962751999999999178e-03,6.075272160000000365e-01,3.949038670000000195e-01,2.972805869999999850e-01,4.565723839999999978e-01,4.231410139999999820e-01,6.567695470000000091e-01,1.000000000000000000e+00
8.715039470000000010e-01,3.228348100000000276e-01,3.049204300000000339e-02,4.245276169999999683e-01,4.116540390000000271e-01,8.934552110000000269e-01,5.720264399999999694e-02,6.946478200000000269e-02,1.558165700000000049e-02,6.919999999999999814e-06,8.418061699999999925e-02,6.552289239999999904e-01,5.589948290000000819e-01,5.147325259999999680e-01,1.284708999999999981e-03,6.208662000000000208e-03,2.101383000000000070e-03,0.000000000000000000e+00,0.000000000000000000e+00,1.164214999999999972e-01,4.191371640000000065e-01,2.656968239999999981e-01,8.962751999999999178e-03,6.075272160000000365e-01,3.949038670000000195e-01,2.972805869999999850e-01,4.565723839999999978e-01,4.231410139999999820e-01,6.567695470000000091e-01,1.000000000000000000e+00
8.774859219999999738e-01,3.139117580000000407e-01,2.188708700000000645e-02,4.341464290000000004e-01,4.099413800000000219e-01,8.934552110000000269e-01,5.720264399999999694e-02,6.946478200000000269e-02,1.558165700000000049e-02,6.919999999999999814e-06,8.418061699999999925e-02,6.684074589999999816e-01,5.498445560000000398e-01,5.257395619999999381e-01,1.284708999999999981e-03,6.208662000000000208e-03,2.101383000000000070e-03,0.000000000000000000e+00,0.000000000000000000e+00,1.087497889999999995e-01,4.191371640000000065e-01,2.656968239999999981e-01,8.962751999999999178e-03,6.075272160000000365e-01,3.949038670000000195e-01,2.972805869999999850e-01,4.565723839999999978e-01,4.231410139999999820e-01,6.567695470000000091e-01,1.000000000000000000e+00
8.744657350000000218e-01,3.363348990000000205e-01,2.319289100000000020e-02,4.435260500000000050e-01,4.156909440000000067e-01,8.934552110000000269e-01,5.720264399999999694e-02,6.946478200000000269e-02,1.558165700000000049e-02,6.919999999999999814e-06,8.418061699999999925e-02,6.521530469999999857e-01,5.648407050000000540e-01,5.373199260000000033e-01,1.284708999999999981e-03,6.208662000000000208e-03,2.101383000000000070e-03,0.000000000000000000e+00,0.000000000000000000e+00,1.198852269999999970e-01,4.191371640000000065e-01,2.656968239999999981e-01,8.962751999999999178e-03,6.075272160000000365e-01,3.949038670000000195e-01,2.972805869999999850e-01,4.565723839999999978e-01,4.231410139999999820e-01,6.567695470000000091e-01,1.000000000000000000e+00
8.824804379999999782e-01,3.332140720000000278e-01,3.220104600000000400e-02,4.334388899999999656e-01,3.984009210000000190e-01,8.934552110000000269e-01,5.720264399999999694e-02,6.946478200000000269e-02,1.558165700000000049e-02,6.919999999999999814e-06,8.418061699999999925e-02,6.567751219999999890e-01,5.700781860000000423e-01,5.387376179999999737e-01,1.284708999999999981e-03,6.208662000000000208e-03,2.101383000000000070e-03,0.000000000000000000e+00,0.000000000000000000e+00,1.260934390000000016e-01,4.191371640000000065e-01,2.656968239999999981e-01,8.962751999999999178e-03,6.075272160000000365e-01,3.949038670000000195e-01,2.972805869999999850e-01,4.565723839999999978e-01,4.231410139999999820e-01,6.567695470000000091e-01,1.000000000000000000e+00
8.755842739999999402e-01,3.193431320000000295e-01,1.893538100000000113e-02,4.438529339999999768e-01,4.050029509999999999e-01,8.934552110000000269e-01,5.720264399999999694e-02,6.946478200000000269e-02,1.558165700000000049e-02,6.919999999999999814e-06,8.418061699999999925e-02,6.507757020000000114e-01,5.528243070000000703e-01,5.183818629999999983e-01,1.284708999999999981e-03,6.208662000000000208e-03,2.101383000000000070e-03,0.000000000000000000e+00,0.000000000000000000e+00,1.059583570000000030e-01,4.191371640000000065e-01,2.656968239999999981e-01,8.962751999999999178e-03,6.075272160000000365e-01,3.949038670000000195e-01,2.972805869999999850e-01,4.565723839999999978e-01,4.231410139999999820e-01,6.567695470000000091e-01,1.000000000000000000e+00
8.721224009999999360e-01,3.356191609999999992e-01,2.881507700000000144e-02,4.289985269999999629e-01,3.943259239999999943e-01,8.934552110000000269e-01,5.720264399999999694e-02,6.946478200000000269e-02,1.558165700000000049e-02,6.919999999999999814e-06,8.418061699999999925e-02,6.478144810000000531e-01,5.447925510000000138e-01,5.156486369999999653e-01,1.284708999999999981e-03,6.208662000000000208e-03,2.101383000000000070e-03,0.000000000000000000e+00,0.000000000000000000e+00,1.040357329999999914e-01,4.191371640000000065e-01,2.656968239999999981e-01,8.962751999999999178e-03,6.075272160000000365e-01,3.949038670000000195e-01,2.972805869999999850e-01,4.565723839999999978e-01,4.231410139999999820e-01,6.567695470000000091e-01,1.000000000000000000e+00
8.851142180000000081e-01,3.334852870000000191e-01,4.344101300000000054e-02,4.388321379999999827e-01,4.030328390000000316e-01,8.934552110000000269e-01,5.720264399999999694e-02,6.946478200000000269e-02,1.558165700000000049e-02,6.919999999999999814e-06,8.418061699999999925e-02,6.718531910000000718e-01,5.623950750000000776e-01,5.220111779999999646e-01,1.284708999999999981e-03,6.208662000000000208e-03,2.101383000000000070e-03,0.000000000000000000e+00,0.000000000000000000e+00,1.208261719999999956e-01,4.191371640000000065e-01,2.656968239999999981e-01,8.962751999999999178e-03,6.075272160000000365e-01,3.949038670000000195e-01,2.972805869999999850e-01,4.565723839999999978e-01,4.231410139999999820e-01,6.567695470000000091e-01,1.000000000000000000e+00
8.656632170000000404e-01,3.394600070000000080e-01,2.943763100000000230e-02,4.362187079999999550e-01,4.067639950000000448e-01,8.934552110000000269e-01,5.720264399999999694e-02,6.946478200000000269e-02,1.558165700000000049e-02,6.919999999999999814e-06,8.418061699999999925e-02,6.471802220000000272e-01,5.689864960000000638e-01,5.180570679999999539e-01,1.284708999999999981e-03,6.208662000000000208e-03,2.101383000000000070e-03,0.000000000000000000e+00,0.000000000000000000e+00,1.267506690000000102e-01,4.191371640000000065e-01,2.656968239999999981e-01,8.962751999999999178e-03,6.075272160000000365e-01,3.949038670000000195e-01,2.972805869999999850e-01,4.565723839999999978e-01,4.231410139999999820e-01,6.567695470000000091e-01,1.000000000000000000e+00
8.623621919999999719e-01,3.324281890000000406e-01,3.123431300000000313e-02,4.391865389999999869e-01,4.122148509999999932e-01,8.934552110000000269e-01,5.720264399999999694e-02,6.946478200000000269e-02,1.558165700000000049e-02,6.919999999999999814e-06,8.418061699999999925e-02,6.606752160000000096e-01,5.613744900000000593e-01,5.402861719999999535e-01,1.284708999999999981e-03,6.208662000000000208e-03,2.101383000000000070e-03,0.000000000000000000e+00,0.000000000000000000e+00,1.242289629999999978e-01,4.191371640000000065e-01,2.656968239999999981e-01,8.962751999999999178e-03,6.075272160000000365e-01,3.949038670000000195e-01,2.972805869999999850e-01,4.565723839999999978e-01,4.231410139999999820e-01,6.567695470000000091e-01,1.000000000000000000e+00
8.757393099999999375e-01,3.133268970000000486e-01,3.615588399999999925e-02,4.325496129999999995e-01,4.040717930000000124e-01,8.934552110000000269e-01,5.720264399999999694e-02,6.946478200000000269e-02,1.558165700000000049e-02,6.919999999999999814e-06,8.418061699999999925e-02,6.609910840000000620e-01,5.463172929999999816e-01,5.389057619999999549e-01,1.284708999999999981e-03,6.208662000000000208e-03,2.101383000000000070e-03,0.000000000000000000e+00,0.000000000000000000e+00,1.084675589999999912e-01,4.191371640000000065e-01,2.656968239999999981e-01,8.962751999999999178e-03,6.075272160000000365e-01,3.949038670000000195e-01,2.972805869999999850e-01,4.565723839999999978e-01,4.231410139999999820e-01,6.567695470000000091e-01,1.000000000000000000e+00
8.807984329999999362e-01,3.300552930000000273e-01,1.634791700000000347e-02,4.169149279999999624e-01,4.002590530000000313e-01,8.934552110000000269e-01,5.720264399999999694e-02,6.946478200000000269e-02,1.558165700000000049e-02,6.919999999999999814e-06,8.418061699999999925e-02,6.573511389999999732e-01,5.522411959999999898e-01,5.205039879999999730e-01,1.284708999999999981e-03,6.208662000000000208e-03,2.101383000000000070e-03,0.000000000000000000e+00,0.000000000000000000e+00,1.095880240000000061e-01,4.191371640000000065e-01,2.656968239999999981e-01,8.962751999999999178e-03,6.075272160000000365e-01,3.949038670000000195e-01,2.972805869999999850e-01,4.565723839999999978e-01,4.231410139999999820e-01,6.567695470000000091e-01,1.000000000000000000e+00
8.794271869999999991e-01,3.136267650000000295e-01,2.548841700000000279e-02,4.252571089999999665e-01,4.125245050000000413e-01,8.934552110000000269e-01,5.720264399999999694e-02,6.946478200000000269e-02,1.558165700000000049e-02,6.919999999999999814e-06,8.418061699999999925e-02,6.658683770000000113e-01,5.453738169999999830e-01,5.276933109999999427e-01,1.284708999999999981e-03,6.208662000000000208e-03,2.101383000000000070e-03,0.000000000000000000e+00,0.000000000000000000e+00,1.018339739999999938e-01,4.191371640000000065e-01,2.656968239999999981e-01,8.962751999999999178e-03,6.075272160000000365e-01,3.949038670000000195e-01,2.972805869999999850e-01,4.565723839999999978e-01,4.231410139999999820e-01,6.567695470000000091e-01,1.000000000000000000e+00
8.600180610000000003e-01,3.139794800000000330e-01,3.288309400000000160e-02,4.272828949999999959e-01,3.934169520000000420e-01,8.934552110000000269e-01,5.720264399999999694e-02,6.946478200000000269e-02,1.558165700000000049e-02,6.919999999999999814e-06,8.418061699999999925e-02,6.527039199999999930e-01,5.416035750000000037e-01,5.258998870000000103e-01,1.284708999999999981e-03,6.208662000000000208e-03,2.101383000000000070e-03,0.000000000000000000e+00,0.000000000000000000e+00,1.108209639999999940e-01,4.191371640000000065e-01,2.656968239999999981e-01,8.962751999999999178e-03,6.075272160000000365e-01,3.949038670000000195e-01,2.972805869999999850e-01,4.565723839999999978e-01,4.231410139999999820e-01,6.567695470000000091e-01,1.000000000000000000e+00
8.576686639999999695e-01,3.249105480000000212e-01,3.633080600000000715e-02,4.343419669999999955e-01,3.941451690000000174e-01,8.934552110000000269e-01,5.720264399999999694e-02,6.946478200000000269e-02,1.558165700000000049e-02,6.919999999999999814e-06,8.418061699999999925e-02,6.715974390000000183e-01,5.529774929999999866e-01,5.320735589999999737e-01,1.284708999999999981e-03,6.208662000000000208e-03,2.101383000000000070e-03,0.000000000000000000e+00,0.000000000000000000e+00,1.200964419999999977e-01,4.191371640000000065e-01,2.656968239999999981e-01,8.962751999999999178e-03,6.075272160000000365e-01,3.949038670000000195e-01,2.972805869999999850e-01,4.565723839999999978e-01,4.231410139999999820e-01,6.567695470000000091e-01,1.000000000000000000e+00
8.698189649999999995e-01,3.382885230000000076e-01,3.330863500000000310e-02,4.141980519999999832e-01,4.063789800000000008e-01,8.934552110000000269e-01,5.720264399999999694e-02,6.946478200000000269e-02,1.558165700000000049e-02,6.919999999999999814e-06,8.418061699999999925e-02,6.581308679999999800e-01,5.699189260000000479e-01,5.202159509999999543e-01,1.284708999999999981e-03,6.208662000000000208e-03,2.101383000000000070e-03,0.000000000000000000e+00,0.000000000000000000e+00,1.221871719999999967e-01,4.191371640000000065e-01,2.656968239999999981e-01,8.962751999999999178e-03,6.075272160000000365e-01,3.949038670000000195e-01,2.972805869999999850e-01,4.565723839999999978e-01,4.231410139999999820e-01,6.567695470000000091e-01,1.000000000000000000e+00
8.751927640000000119e-01,3.145359880000000441e-01,3.239869100000000723e-02,4.261686459999999843e-01,4.154670290000000432e-01,8.934552110000000269e-01,5.720264399999999694e-02,6.946478200000000269e-02,1.558165700000000049e-02,6.919999999999999814e-06,8.418061699999999925e-02,6.446931470000000219e-01,5.626481200000000849e-01,5.248308130000000071e-01,1.284708999999999981e-03,6.208662000000000208e-03,2.101383000000000070e-03,0.000000000000000000e+00,0.000000000000000000e+00,1.110582729999999990e-01,4.191371640000000065e-01,2.656968239999999981e-01,8.962751999999999178e-03,6.075272160000000365e-01,3.949038670000000195e-01,2.972805869999999850e-01,4.565723839999999978e-01,4.231410139999999820e-01,6.567695470000000091e-01,1.000000000000000000e+00
8.746870930000000266e-01,3.261694850000000367e-01,2.058156400000000358e-02,4.346236960000000038e-01,4.163805500000000159e-01,8.934552110000000269e-01,5.720264399999999694e-02,6.946478200000000269e-02,1.558165700000000049e-02,6.919999999999999814e-06,8.418061699999999925e-02,6.583492109999999897e-01,5.665433350000000923e-01,5.203053489999999170e-01,1.284708999999999981e-03,6.208662000000000208e-03,2.101383000000000070e-03,0.000000000000000000e+00,0.000000000000000000e+00,1.101086470000000039e-01,4.191371640000000065e-01,2.656968239999999981e-01,8.962751999999999178e-03,6.075272160000000365e-01,3.949038670000000195e-01,2.972805869999999850e-01,4.565723839999999978e-01,4.231410139999999820e-01,6.567695470000000091e-01,1.000000000000000000e+00
8.616366309999999862e-01,3.222766060000000210e-01,2.497188300000000374e-02,4.245899439999999969e-01,4.137934620000000008e-01,8.934552110000000269e-01,5.720264399999999694e-02,6.946478200000000269e-02,1.558165700000000049e-02,6.919999999999999814e-06,8.418061699999999925e-02,6.579794970000000243e-01,5.524603100000000655e-01,5.302105879999999827e-01,1.284708999999999981e-03,6.208662000000000208e-03,2.101383000000000070e-03,0.000000000000000000e+00,0.000000000000000000e+00,1.061157269999999930e-01,4.191371640000000065e-01,2.656968239999999981e-01,8.962751999999999178e-03,6.075272160000000365e-01,3.949038670000000195e-01,2.972805869999999850e-01,4.565723839999999978e-01,4.231410139999999820e-01,6.567695470000000091e-01,1.000000000000000000e+00
8.748486840000000431e-01,3.403140360000000419e-01,2.518970000000000237e-02,4.285943319999999668e-01,4.185986830000000269e-01,8.934552110000000269e-01,5.720264399999999694e-02,6.946478200000000269e-02,1.558165700000000049e-02,6.919999999999999814e-06,8.418061699999999925e-02,6.603916100000000178e-01,5.501740780000000663e-01,5.417208889999999277e-01,1.284708999999999981e-03,6.208662000000000208e-03,2.101383000000000070e-03,0.000000000000000000e+00,0.000000000000000000e+00,1.189121169999999977e-01,4.191371640000000065e-01,2.656968239999999981e-01,8.962751999999999178e-03,6.075272160000000365e-01,3.949038670000000195e-01,2.972805869999999850e-01,4.565723839999999978e-01,4.231410139999999820e-01,6.567695470000000091e-01,1.000000000000000000e+00
8.583394020000000291e-01,3.239865170000000294e-01,4.355262600000000400e-02,4.176549339999999777e-01,3.935682190000000524e-01,8.934552110000000269e-01,5.720264399999999694e-02,6.946478200000000269e-02,1.558165700000000049e-02,6.919999999999999814e-06,8.418061699999999925e-02,6.723213740000000271e-01,5.426383580000000428e-01,5.368987650000000000e-01,1.284708999999999981e-03,6.208662000000000208e-03,2.101383000000000070e-03,0.000000000000000000e+00,0.000000000000000000e+00,1.281674839999999982e-01,4.191371640000000065e-01,2.656968239999999981e-01,8.962751999999999178e-03,6.075272160000000365e-01,3.949038670000000195e-01,2.972805869999999850e-01,4.565723839999999978e-01,4.231410139999999820e-01,6.567695470000000091e-01,1.000000000000000000e+00
8.578695499999999807e-01,3.401462010000000369e-01,4.233445600000000641e-02,4.381067029999999862e-01,4.114808110000000019e-01,8.934552110000000269e-01,5.720264399999999694e-02,6.946478200000000269e-02,1.558165700000000049e-02,6.919999999999999814e-06,8.418061699999999925e-02,6.485565970000000124e-01,5.602477519999999878e-01,5.188750059999999165e-01,1.284708999999999981e-03,6.208662000000000208e-03,2.101383000000000070e-03,0.000000000000000000e+00,0.000000000000000000e+00,1.310098570000000073e-01,4.191371640000000065e-01,2.656968239999999981e-01,8.962751999999999178e-03,6.075272160000000365e-01,3.949038670000000195e-01,2.972805869999999850e-01,4.565723839999999978e-01,4.231410139999999820e-01,6.567695470000000091e-01,1.000000000000000000e+00
8.791060069999999671e-01,3.203580370000000399e-01,1.996806900000000495e-02,4.399967359999999994e-01,4.119816970000000356e-01,8.934552110000000269e-01,5.720264399999999694e-02,6.946478200000000269e-02,1.558165700000000049e-02,6.919999999999999814e-06,8.418061699999999925e-02,6.701083650000000391e-01,5.459834380000000431e-01,5.170037559999999255e-01,1.284708999999999981e-03,6.208662000000000208e-03,2.101383000000000070e-03,0.000000000000000000e+00,0.000000000000000000e+00,1.135557759999999972e-01,4.191371640000000065e-01,2.656968239999999981e-01,8.962751999999999178e-03,6.075272160000000365e-01,3.949038670000000195e-01,2.972805869999999850e-01,4.565723839999999978e-01,4.231410139999999820e-01,6.567695470000000091e-01,1.000000000000000000e+00
8.738710439999999302e-01,3.184944110000000328e-01,1.901140300000000311e-02,4.425071479999999613e-01,4.091183919999999974e-01,8.934552110000000269e-01,5.720264399999999694e-02,6.946478200000000269e-02,1.558165700000000049e-02,6.919999999999999814e-06,8.418061699999999925e-02,6.572302050000000673e-01,5.678249910000000567e-01,5.318712119999999821e-01,1.284708999999999981e-03,6.208662000000000208e-03,2.101383000000000070e-03,0.000000000000000000e+00,0.000000000000000000e+00,1.162186189999999952e-01,4.191371640000000065e-01,2.656968239999999981e-01,8.962751999999999178e-03,6.075272160000000365e-01,3.949038670000000195e-01,2.972805869999999850e-01,4.565723839999999978e-01,4.231410139999999820e-01,6.567695470000000091e-01,1.000000000000000000e+00
8.655435120000000149e-01,3.331010950000000137e-01,2.926677800000000371e-02,4.337457819999999686e-01,4.126859240000000373e-01,8.934552110000000269e-01,5.720264399999999694e-02,6.946478200000000269e-02,1.558165700000000049e-02,6.919999999999999814e-06,8.418061699999999925e-02,6.676989349999999934e-01,5.600127880000000946e-01,5.419843989999999501e-01,1.284708999999999981e-03,6.208662000000000208e-03,2.101383000000000070e-03,0.000000000000000000e+00,0.000000000000000000e+00,1.222310749999999946e-01,4.191371640000000065e-01,2.656968239999999981e-01,8.962751999999999178e-03,6.075272160000000365e-01,3.949038670000000195e-01,2.972805869999999850e-01,4.565723839999999978e-01,4.231410139999999820e-01,6.567695470000000091e-01,1.000000000000000000e+00
8.845604980000000284e-01,3.170656649999999965e-01,3.032495400000000466e-02,4.351873709999999895e-01,4.078560589999999930e-01,8.934552110000000269e-01,5.720264399999999694e-02,6.946478200000000269e-02,1.558165700000000049e-02,6.919999999999999814e-06,8.418061699999999925e-02,6.677489050000000592e-01,5.419785020000000841e-01,5.432853559999999415e-01,1.284708999999999981e-03,6.208662000000000208e-03,2.101383000000000070e-03,0.000000000000000000e+00,0.000000000000000000e+00,1.037453130000000057e-01,4.191371640000000065e-01,2.656968239999999981e-01,8.962751999999999178e-03,6.075272160000000365e-01,3.949038670000000195e-01,2.972805869999999850e-01,4.565723839999999978e-01,4.231410139999999820e-01,6.567695470000000091e-01,1.000000000000000000e+00
8.815639050000000365e-01,3.281114710000000434e-01,2.900460400000000327e-02,4.429279999999999884e-01,3.918769220000000164e-01,8.934552110000000269e-01,5.720264399999999694e-02,6.946478200000000269e-02,1.558165700000000049e-02,6.919999999999999814e-06,8.418061699999999925e-02,6.644081940000000630e-01,5.571490690000000523e-01,5.328742329999999194e-01,1.284708999999999981e-03,6.208662000000000208e-03,2.101383000000000070e-03,0.000000000000000000e+00,0.000000000000000000e+00,1.134441539999999915e-01,4.191371640000000065e-01,2.656968239999999981e-01,8.962751999999999178e-03,6.075272160000000365e-01,3.949038670000000195e-01,2.972805869999999850e-01,4.565723839999999978e-01,4.231410139999999820e-01,6.567695470000000091e-01,1.000000000000000000e+00
8.711148229999999826e-01,3.219387949999999998e-01,4.414579400000000209e-02,4.268989039999999680e-01,3.914153580000000465e-01,8.934552110000000269e-01,5.720264399999999694e-02,6.946478200000000269e-02,1.558165700000000049e-02,6.919999999999999814e-06,8.418061699999999925e-02,6.666521610000000209e-01,5.515344060000000326e-01,5.309205200000000069e-01,1.284708999999999981e-03,6.208662000000000208e-03,2.101383000000000070e-03,0.000000000000000000e+00,0.000000000000000000e+00,1.312562329999999999e-01,4.191371640000000065e-01,2.656968239999999981e-01,8.962751999999999178e-03,6.075272160000000365e-01,3.949038670000000195e-01,2.972805869999999850e-01,4.565723839999999978e-01,4.231410139999999820e-01,6.567695470000000091e-01,1.000000000000000000e+00
8.833214129999999997e-01,3.245732990000000373e-01,2.541983200000000331e-02,4.348833949999999504e-01,4.135699939999999963e-01,8.934552110000000269e-01,5.720264399999999694e-02,6.946478200000000269e-02,1.558165700000000049e-02,6.919999999999999814e-06,8.418061699999999925e-02,6.583982959999999940e-01,5.423503170000000262e-01,5.154508979999999907e-01,1.284708999999999981e-03,6.208662000000000208e-03,2.101383000000000070e-03,0.000000000000000000e+00,0.000000000000000000e+00,1.307587239999999928e-01,4.191371640000000065e-01,2.656968239999999981e-01,8.962751999999999178e-03,6.075272160000000365e-01,3.949038670000000195e-01,2.972805869999999850e-01,4.565723839999999978e-01,4.231410139999999820e-01,6.567695470000000091e-01,1.000000000000000000e+00
8.739592969999999683e-01,3.143055590000000121e-01,2.167836300000000604e-02,4.233928789999999998e-01,4.120708400000000493e-01,8.934552110000000269e-01,5.720264399999999694e-02,6.946478200000000269e-02,1.558165700000000049e-02,6.919999999999999814e-06,8.418061699999999925e-02,6.474117300000000741e-01,5.623409500000000616e-01,5.394891219999999876e-01,1.284708999999999981e-03,6.208662000000000208e-03,2.101383000000000070e-03,0.000000000000000000e+00,0.000000000000000000e+00,1.142058599999999924e-01,4.191371640000000065e-01,2.656968239999999981e-01,8.962751999999999178e-03,6.075272160000000365e-01,3.949038670000000195e-01,2.972805869999999850e-01,4.565723839999999978e-01,4.231410139999999820e-01,6.567695470000000091e-01,1.000000000000000000e+00
8.709344110000000194e-01,3.301717720000000300e-01,3.388663499999999829e-02,4.416171349999999940e-01,3.976540820000000198e-01,8.934552110000000269e-01,5.720264399999999694e-02,6.946478200000000269e-02,1.558165700000000049e-02,6.919999999999999814e-06,8.418061699999999925e-02,6.646317050000000171e-01,5.700460640000000190e-01,5.425686180000000025e-01,1.284708999999999981e-03,6.208662000000000208e-03,2.101383000000000070e-03,0.000000000000000000e+00,0.000000000000000000e+00,1.214793100000000070e-01,4.191371640000000065e-01,2.656968239999999981e-01,8.962751999999999178e-03,6.075272160000000365e-01,3.949038670000000195e-01,2.972805869999999850e-01,4.565723839999999978e-01,4.231410139999999820e-01,6.567695470000000091e-01,1.000000000000000000e+00
8.818203850000000399e-01,3.305285980000000068e-01,3.684135100000000829e-02,4.142436399999999685e-01,3.924552740000000206e-01,8.934552110000000269e-01,5.720264399999999694e-02,6.946478200000000269e-02,1.558165700000000049e-02,6.919999999999999814e-06,8.418061699999999925e-02,6.453543630000000419e-01,5.482050630000000480e-01,5.151053919999999398e-01,1.284708999999999981e-03,6.208662000000000208e-03,2.101383000000000070e-03,0.000000000000000000e+00,0.000000000000000000e+00,1.217126790000000042e-01,4.191371640000000065e-01,2.656968239999999981e-01,8.962751999999999178e-03,6.075272160000000365e-01,3.949038670000000195e-01,2.972805869999999850e-01,4.565723839999999978e-01,4.231410139999999820e-01,6.567695470000000091e-01,1.000000000000000000e+00
8.638873080000000204e-01,3.138270170000000414e-01,3.870862400000000397e-02,4.412048259999999944e-01,4.007798030000000455e-01,8.934552110000000269e-01,5.720264399999999694e-02,6.946478200000000269e-02,1.558165700000000049e-02,6.919999999999999814e-06,8.418061699999999925e-02,6.507933580000000440e-01,5.535193409999999981e-01,5.423861809999999117e-01,1.284708999999999981e-03,6.208662000000000208e-03,2.101383000000000070e-03,0.000000000000000000e+00,0.000000000000000000e+00,1.135810409999999937e-01,4.191371640000000065e-01,2.656968239999999981e-01,8.962751999999999178e-03,6.075272160000000365e-01,3.949038670000000195e-01,2.972805869999999850e-01,4.565723839999999978e-01,4.231410139999999820e-01,6.567695470000000091e-01,1.000000000000000000e+00
8.613541499999999296e-01,3.365452250000000034e-01,1.496635500000000063e-02,4.422137589999999840e-01,4.148535440000000185e-01,8.934552110000000269e-01,5.720264399999999694e-02,6.946478200000000269e-02,1.558165700000000049e-02,6.919999999999999814e-06,8.418061699999999925e-02,6.576749459999999825e-01,5.563651320000000400e-01,5.383399999999999297e-01,1.284708999999999981e-03,6.208662000000000208e-03,2.101383000000000070e-03,0.000000000000000000e+00,0.000000000000000000e+00,1.257859000000000060e-01,4.191371640000000065e-01,2.656968239999999981e-01,8.962751999999999178e-03,6.075272160000000365e-01,3.949038670000000195e-01,2.972805869999999850e-01,4.565723839999999978e-01,4.231410139999999820e-01,6.567695470000000091e-01,1.000000000000000000e+00
8.782257220000000419e-01,3.316124750000000176e-01,1.484983200000000031e-02,4.195656059999999798e-01,4.057772110000000265e-01,8.934552110000000269e-01,5.720264399999999694e-02,6.946478200000000269e-02,1.558165700000000049e-02,6.919999999999999814e-06,8.418061699999999925e-02,6.670306220000000730e-01,5.445482990000000134e-01,5.313877229999999230e-01,1.284708999999999981e-03,6.208662000000000208e-03,2.101383000000000070e-03,0.000000000000000000e+00,0.000000000000000000e+00,1.194693349999999959e-01,4.191371640000000065e-01,2.656968239999999981e-01,8.962751999999999178e-03,6.075272160000000365e-01,3.949038670000000195e-01,2.972805869999999850e-01,4.565723839999999978e-01,4.231410139999999820e-01,6.567695470000000091e-01,1.000000000000000000e+00
8.855484550000000121e-01,3.386074350000000122e-01,2.258954800000000096e-02,4.180317319999999892e-01,4.128674090000000185e-01,8.934552110000000269e-01,5.720264399999999694e-02,6.946478200000000269e-02,1.558165700000000049e-02,6.919999999999999814e-06,8.418061699999999925e-02,6.663206120000000343e-01,5.517171830000000554e-01,5.327845889999999196e-01,1.284708999999999981e-03,6.208662000000000208e-03,2.101383000000000070e-03,0.000000000000000000e+00,0.000000000000000000e+00,1.073900210000000022e-01,4.191371640000000065e-01,2.656968239999999981e-01,8.962751999999999178e-03,6.075272160000000365e-01,3.949038670000000195e-01,2.972805869999999850e-01,4.565723839999999978e-01,4.231410139999999820e-01,6.567695470000000091e-01,1.000000000000000000e+00
8.588551660000000032e-01,3.294645160000000406e-01,3.939630400000000698e-02,4.223745499999999597e-01,3.977403640000000129e-01,8.934552110000000269e-01,5.720264399999999694e-02,6.946478200000000269e-02,1.558165700000000049e-02,6.919999999999999814e-06,8.418061699999999925e-02,6.611673439999999902e-01,5.410415400000000430e-01,5.397000239999999449e-01,1.284708999999999981e-03,6.208662000000000208e-03,2.101383000000000070e-03,0.000000000000000000e+00,0.000000000000000000e+00,1.230663040000000014e-01,4.191371640000000065e-01,2.656968239999999981e-01,8.962751999999999178e-03,6.075272160000000365e-01,3.949038670000000195e-01,2.972805869999999850e-01,4.565723839999999978e-01,4.231410139999999820e-01,6.567695470000000091e-01,1.000000000000000000e+00
8.696103149999999671e-01,3.201201270000000321e-01,3.115425800000000411e-02,4.209460709999999772e-01,3.991604440000000031e-01,8.934552110000000269e-01,5.720264399999999694e-02,6.946478200000000269e-02,1.558165700000000049e-02,6.919999999999999814e-06,8.418061699999999925e-02,6.501603630000000189e-01,5.647371240000000903e-01,5.394000919999999422e-01,1.284708999999999981e-03,6.208662000000000208e-03,2.101383000000000070e-03,0.000000000000000000e+00,0.000000000000000000e+00,1.211165750000000041e-01,4.191371640000000065e-01,2.656968239999999981e-01,8.962751999999999178e-03,6.075272160000000365e-01,3.949038670000000195e-01,2.972805869999999850e-01,4.565723839999999978e-01,4.231410139999999820e-01,6.567695470000000091e-01,1.000000000000000000e+00
8.868180589999999919e-01,3.278372900000000034e-01,3.981061000000000322e-02,4.408233289999999860e-01,3.909820099999999909e-01,8.934552110000000269e-01,5.720264399999999694e-02,6.946478200000000269e-02,1.558165700000000049e-02,6.919999999999999814e-06,8.418061699999999925e-02,6.623992180000000118e-01,5.440948190000000073e-01,5.405538109999999952e-01,1.284708999999999981e-03,6.208662000000000208e-03,2.101383000000000070e-03,0.000000000000000000e+00,0.000000000000000000e+00,1.297022720000000073e-01,4.191371640000000065e-01,2.656968239999999981e-01,8.962751999999999178e-03,6.075272160000000365e-01,3.949038670000000195e-01,2.972805869999999850e-01,4.565723839999999978e-01,4.231410139999999820e-01,6.567695470000000091e-01,1.000000000000000000e+00
8.733733299999999478e-01,3.151382380000000150e-01,2.138650500000000010e-02,4.179266439999999583e-01,4.118548960000000259e-01,8.934552110000000269e-01,5.720264399999999694e-02,6.946478200000000269e-02,1.558165700000000049e-02,6.919999999999999814e-06,8.418061699999999925e-02,6.673727360000000219e-01,5.438841440000000693e-01,5.172779969999999894e-01,1.284708999999999981e-03,6.208662000000000208e-03,2.101383000000000070e-03,0.000000000000000000e+00,0.000000000000000000e+00,1.191663399999999956e-01,4.191371640000000065e-01,2.656968239999999981e-01,8.962751999999999178e-03,6.075272160000000365e-01,3.949038670000000195e-01,2.972805869999999850e-01,4.565723839999999978e-01,4.231410139999999820e-01,6.567695470000000091e-01,1.000000000000000000e+00
8.740794889999999873e-01,3.121955900000000228e-01,2.656967800000000282e-02,4.370645930000000012e-01,4.160582490000000466e-01,8.934552110000000269e-01,5.720264399999999694e-02,6.946478200000000269e-02,1.558165700000000049e-02,6.919999999999999814e-06,8.418061699999999925e-02,6.637683079999999736e-01,5.585054560000000112e-01,5.414684699999999795e-01,1.284708999999999981e-03,6.208662000000000208e-03,2.101383000000000070e-03,0.000000000000000000e+00,0.000000000000000000e+00,1.230041679999999971e-01,4.191371640000000065e-01,2.656968239999999981e-01,8.962751999999999178e-03,6.075272160000000365e-01,3.949038670000000195e-01,2.972805869999999850e-01,4.565723839999999978e-01,4.231410139999999820e-01,6.567695470000000091e-01,1.000000000000000000e+00
8.617484840000000368e-01,3.195006450000000275e-01,2.444547300000000228e-02,4.181622640000000057e-01,3.915712210000000248e-01,8.934552110000000269e-01,5.720264399999999694e-02,6.946478200000000269e-02,1.558165700000000049e-02,6.919999999999999814e-06,8.418061699999999925e-02,6.730553930000000573e-01,5.543413450000000964e-01,5.439460309999999410e-01,1.284708999999999981e-03,6.208662000000000208e-03,2.101383000000000070e-03,0.000000000000000000e+00,0.000000000000000000e+00,1.225481130000000002e-01,4.191371640000000065e-01,2.656968239999999981e-01,8.962751999999999178e-03,6.075272160000000365e-01,3.949038670000000195e-01,2.972805869999999850e-01,4.565723839999999978e-01,4.231410139999999820e-01,6.567695470000000091e-01,1.000000000000000000e+00
8.811072660000000001e-01,3.233803360000000460e-01,2.849591200000000171e-02,4.286392019999999969e-01,4.147973220000000238e-01,8.934552110000000269e-01,5.720264399999999694e-02,6.946478200000000269e-02,1.558165700000000049e-02,6.919999999999999814e-06,8.418061699999999925e-02,6.698795189999999788e-01,5.608919460000000301e-01,5.345620959999999311e-01,1.284708999999999981e-03,6.208662000000000208e-03,2.101383000000000070e-03,0.000000000000000000e+00,0.000000000000000000e+00,1.156545219999999957e-01,4.191371640000000065e-01,2.656968239999999981e-01,8.962751999999999178e-03,6.075272160000000365e-01,3.949038670000000195e-01,2.972805869999999850e-01,4.565723839999999978e-01,4.231410139999999820e-01,6.567695470000000091e-01,1.000000000000000000e+00
8.724116060000000061e-01,3.270786720000000147e-01,3.275571000000000732e-02,4.357198389999999977e-01,4.151524350000000418e-01,8.934552110000000269e-01,5.720264399999999694e-02,6.946478200000000269e-02,1.558165700000000049e-02,6.919999999999999814e-06,8.418061699999999925e-02,6.480330800000000391e-01,5.488536820000000649e-01,5.392456539999999077e-01,1.284708999999999981e-03,6.208662000000000208e-03,2.101383000000000070e-03,0.000000000000000000e+00,0.000000000000000000e+00,1.168327630000000061e-01,4.191371640000000065e-01,2.656968239999999981e-01,8.962751999999999178e-03,6.075272160000000365e-01,3.949038670000000195e-01,2.972805869999999850e-01,4.565723839999999978e-01,4.231410139999999820e-01,6.567695470000000091e-01,1.000000000000000000e+00
8.637729069999999787e-01,3.190216790000000024e-01,3.134950000000000236e-02,4.329979840000000024e-01,4.001423270000000199e-01,8.934552110000000269e-01,5.720264399999999694e-02,6.946478200000000269e-02,1.558165700000000049e-02,6.919999999999999814e-06,8.418061699999999925e-02,6.725553779999999815e-01,5.640155900000000111e-01,5.203593369999999219e-01,1.284708999999999981e-03,6.208662000000000208e-03,2.101383000000000070e-03,0.000000000000000000e+00,0.000000000000000000e+00,1.173117099999999996e-01,4.191371640000000065e-01,2.656968239999999981e-01,8.962751999999999178e-03,6.075272160000000365e-01,3.949038670000000195e-01,2.972805869999999850e-01,4.565723839999999978e-01,4.231410139999999820e-01,6.567695470000000091e-01,1.000000000000000000e+00
8.599226519999999541e-01,3.212307900000000438e-01,1.755475000000000091e-02,4.313847549999999531e-01,4.037975120000000251e-01,8.934552110000000269e-01,5.720264399999999694e-02,6.946478200000000269e-02,1.558165700000000049e-02,6.919999999999999814e-06,8.418061699999999925e-02,6.696800680000000172e-01,5.693797460000000754e-01,5.404841539999999389e-01,1.284708999999999981e-03,6.208662000000000208e-03,2.101383000000000070e-03,0.000000000000000000e+00,0.000000000000000000e+00,1.279728649999999912e-01,4.191371640000000065e-01,2.656968239999999981e-01,8.962751999999999178e-03,6.075272160000000365e-01,3.949038670000000195e-01,2.972805869999999850e-01,4.565723839999999978e-01,4.231410139999999820e-01,6.567695470000000091e-01,1.000000000000000000e+00
8.615139529999999990e-01,3.353036520000000076e-01,2.642656600000000203e-02,4.255571099999999607e-01,3.993497960000000346e-01,8.934552110000000269e-01,5.720264399999999694e-02,6.946478200000000269e-02,1.558165700000000049e-02,6.919999999999999814e-06,8.418061699999999925e-02,6.560403999999999680e-01,5.539866320000000899e-01,5.430512279999999414e-01,1.284708999999999981e-03,6.208662000000000208e-03,2.101383000000000070e-03,0.000000000000000000e+00,0.000000000000000000e+00,1.044430309999999917e-01,4.191371640000000065e-01,2.656968239999999981e-01,8.962751999999999178e-03,6.075272160000000365e-01,3.949038670000000195e-01,2.972805869999999850e-01,4.565723839999999978e-01,4.231410139999999820e-01,6.567695470000000091e-01,1.000000000000000000e+00
8.870582519999999915e-01,3.327190520000000151e-01,3.711026700000000234e-02,4.350808129999999552e-01,4.093247600000000097e-01,8.934552110000000269e-01,5.720264399999999694e-02,6.946478200000000269e-02,1.558165700000000049e-02,6.919999999999999814e-06,8.418061699999999925e-02,6.668266430000000522e-01,5.637413669999999932e-01,5.271695559999999281e-01,1.284708999999999981e-03,6.208662000000000208e-03,2.101383000000000070e-03,0.000000000000000000e+00,0.000000000000000000e+00,1.196114709999999970e-01,4.191371640000000065e-01,2.656968239999999981e-01,8.962751999999999178e-03,6.075272160000000365e-01,3.949038670000000195e-01,2.972805869999999850e-01,4.565723839999999978e-01,4.231410139999999820e-01,6.567695470000000091e-01,1.000000000000000000e+00
8.759981129999999672e-01,3.248124580000000261e-01,3.835272100000000628e-02,4.214030669999999645e-01,4.085948189999999980e-01,8.934552110000000269e-01,5.720264399999999694e-02,6.946478200000000269e-02,1.558165700000000049e-02,6.919999999999999814e-06,8.418061699999999925e-02,6.525770870000000556e-01,5.592325410000000829e-01,5.217365249999998955e-01,1.284708999999999981e-03,6.208662000000000208e-03,2.101383000000000070e-03,0.000000000000000000e+00,0.000000000000000000e+00,1.261991610000000041e-01,4.191371640000000065e-01,2.656968239999999981e-01,8.962751999999999178e-03,6.075272160000000365e-01,3.949038670000000195e-01,2.972805869999999850e-01,4.565723839999999978e-01,4.231410139999999820e-01,6.567695470000000091e-01,1.000000000000000000e+00
8.857952849999999323e-01,3.307322540000000033e-01,3.149486400000000436e-02,4.432856789999999880e-01,4.202338110000000126e-01,8.934552110000000269e-01,5.720264399999999694e-02,6.946478200000000269e-02,1.558165700000000049e-02,6.919999999999999814e-06,8.418061699999999925e-02,6.724488490000000152e-01,5.553080830000000079e-01,5.380200869999999247e-01,1.284708999999999981e-03,6.208662000000000208e-03,2.101383000000000070e-03,0.000000000000000000e+00,0.000000000000000000e+00,1.265998500000000138e-01,4.191371640000000065e-01,2.656968239999999981e-01,8.962751999999999178e-03,6.075272160000000365e-01,3.949038670000000195e-01,2.972805869999999850e-01,4.565723839999999978e-01,4.231410139999999820e-01,6.567695470000000091e-01,1.000000000000000000e+00
8.602726269999999564e-01,3.291452510000000276e-01,2.760872100000000273e-02,4.311421189999999903e-01,3.961963770000000440e-01,8.934552110000000269e-01,5.720264399999999694e-02,6.946478200000000269e-02,1.558165700000000049e-02,6.919999999999999814e-06,8.418061699999999925e-02,6.630010430000000676e-01,5.587261170000000776e-01,5.398930369999999090e-01,1.284708999999999981e-03,6.208662000000000208e-03,2.101383000000000070e-03,0.000000000000000000e+00,0.000000000000000000e+00,1.094388260000000029e-01,4.191371640000000065e-01,2.656968239999999981e-01,8.962751999999999178e-03,6.075272160000000365e-01,3.949038670000000195e-01,2.972805869999999850e-01,4.565723839999999978e-01,4.231410139999999820e-01,6.567695470000000091e-01,1.000000000000000000e+00
8.668295599999999990e-01,3.384289220000000209e-01,2.978684800000000465e-02,4.356433779999999700e-01,3.981552760000000024e-01,8.934552110000000269e-01,5.720264399999999694e-02,6.946478200000000269e-02,1.558165700000000049e-02,6.919999999999999814e-06,8.418061699999999925e-02,6.616439060000000039e-01,5.541217930000000846e-01,5.177390549999999481e-01,1.284708999999999981e-03,6.208662000000000208e-03,2.101383000000000070e-03,0.000000000000000000e+00,0.000000000000000000e+00,1.256866379999999894e-01,4.191371640000000065e-01,2.656968239999999981e-01,8.962751999999999178e-03,6.075272160000000365e-01,3.949038670000000195e-01,2.972805869999999850e-01,4.565723839999999978e-01,4.231410139999999820e-01,6.567695470000000091e-01,1.000000000000000000e+00
8.742069209999999702e-01,3.221140200000000009e-01,3.861973200000000384e-02,4.271231059999999746e-01,4.068676020000000504e-01,8.934552110000000269e-01,5.720264399999999694e-02,6.946478200000000269e-02,1.558165700000000049e-02,6.919999999999999814e-06,8.418061699999999925e-02,6.649144909999999964e-01,5.597945710000000741e-01,5.321408269999999829e-01,1.284708999999999981e-03,6.208662000000000208e-03,2.101383000000000070e-03,0.000000000000000000e+00,0.000000000000000000e+00,1.176432689999999948e-01,4.191371640000000065e-01,2.656968239999999981e-01,8.962751999999999178e-03,6.075272160000000365e-01,3.949038670000000195e-01,2.972805869999999850e-01,4.565723839999999978e-01,4.231410139999999820e-01,6.567695470000000091e-01,1.000000000000000000e+00
8.788620160000000237e-01,3.259194690000000172e-01,3.748425900000000588e-02,4.340153989999999684e-01,3.949715520000000035e-01,8.934552110000000269e-01,5.720264399999999694e-02,6.946478200000000269e-02,1.558165700000000049e-02,6.919999999999999814e-06,8.418061699999999925e-02,6.591060149999999895e-01,5.512656080000000181e-01,5.169289939999999195e-01,1.284708999999999981e-03,6.208662000000000208e-03,2.101383000000000070e-03,0.000000000000000000e+00,0.000000000000000000e+00,1.308598559999999966e-01,4.191371640000000065e-01,2.656968239999999981e-01,8.962751999999999178e-03,6.075272160000000365e-01,3.949038670000000195e-01,2.972805869999999850e-01,4.565723839999999978e-01,4.231410139999999820e-01,6.567695470000000091e-01,1.000000000000000000e+00
8.679241639999999425e-01,3.148197580000000051e-01,2.209740500000000052e-02,4.192151549999999505e-01,3.990773400000000026e-01,8.934552110000000269e-01,5.720264399999999694e-02,6.946478200000000269e-02,1.558165700000000049e-02,6.919999999999999814e-06,8.418061699999999925e-02,6.542154540000000296e-01,5.629030300000000819e-01,5.399681429999999560e-01,1.284708999999999981e-03,6.208662000000000208e-03,2.101383000000000070e-03,0.000000000000000000e+00,0.000000000000000000e+00,1.046937829999999986e-01,4.191371640000000065e-01,2.656968239999999981e-01,8.962751999999999178e-03,6.075272160000000365e-01,3.949038670000000195e-01,2.972805869999999850e-01,4.565723839999999978e-01,4.231410139999999820e-01,6.567695470000000091e-01,1.000000000000000000e+00
8.800056229999999591e-01,3.329353510000000460e-01,3.418574400000000402e-02,4.333836679999999997e-01,3.930538630000000033e-01,8.934552110000000269e-01,5.720264399999999694e-02,6.946478200000000269e-02,1.558165700000000049e-02,6.919999999999999814e-06,8.418061699999999925e-02,6.627362039999999954e-01,5.688379060000000598e-01,5.237527779999999744e-01,1.284708999999999981e-03,6.208662000000000208e-03,2.101383000000000070e-03,0.000000000000000000e+00,0.000000000000000000e+00,1.050352380000000030e-01,4.191371640000000065e-01,2.656968239999999981e-01,8.962751999999999178e-03,6.075272160000000365e-01,3.949038670000000195e-01,2.972805869999999850e-01,4.565723839999999978e-01,4.231410139999999820e-01,6.567695470000000091e-01,1.000000000000000000e+00
8.829318649999999824e-01,3.284878450000000005e-01,3.492555299999999807e-02,4.153751279999999824e-01,4.153925970000000301e-01,8.934552110000000269e-01,5.720264399999999694e-02,6.946478200000000269e-02,1.558165700000000049e-02,6.919999999999999814e-06,8.418061699999999925e-02,6.693662719999999844e-01,5.469017320000000293e-01,5.241337299999999644e-01,1.284708999999999981e-03,6.208662000000000208e-03,2.101383000000000070e-03,0.000000000000000000e+00,0.000000000000000000e+00,1.053836419999999996e-01,4.191371640000000065e-01,2.656968239999999981e-01,8.962751999999999178e-03,6.075272160000000365e-01,3.949038670000000195e-01,2.972805869999999850e-01,4.565723839999999978e-01,4.231410139999999820e-01,6.567695470000000091e-01,1.000000000000000000e+00
8.628480499999999775e-01,3.244122220000000278e-01,3.370092000000000226e-02,4.220594799999999869e-01,4.059709920000000305e-01,8.934552110000000269e-01,5.720264399999999694e-02,6.946478200000000269e-02,1.558165700000000049e-02,6.919999999999999814e-06,8.418061699999999925e-02,6.631932019999999817e-01,5.461465779999999937e-01,5.146603239999999468e-01,1.284708999999999981e-03,6.208662000000000208e-03,2.101383000000000070e-03,0.000000000000000000e+00,0.000000000000000000e+00,1.186080189999999951e-01,4.191371640000000065e-01,2.656968239999999981e-01,8.962751999999999178e-03,6.075272160000000365e-01,3.949038670000000195e-01,2.972805869999999850e-01,4.565723839999999978e-01,4.231410139999999820e-01,6.567695470000000091e-01,1.000000000000000000e+00
8.573541489999999543e-01,3.283219070000000239e-01,3.666508500000000004e-02,4.352969509999999875e-01,3.952739880000000205e-01,8.934552110000000269e-01,5.720264399999999694e-02,6.946478200000000269e-02,1.558165700000000049e-02,6.919999999999999814e-06,8.418061699999999925e-02,6.536108230000000630e-01,5.418466020000000105e-01,5.420949749999999234e-01,1.284708999999999981e-03,6.208662000000000208e-03,2.101383000000000070e-03,0.000000000000000000e+00,0.000000000000000000e+00,1.054893949999999997e-01,4.191371640000000065e-01,2.656968239999999981e-01,8.962751999999999178e-03,6.075272160000000365e-01,3.949038670000000195e-01,2.972805869999999850e-01,4.565723839999999978e-01,4.231410139999999820e-01,6.567695470000000091e-01,1.000000000000000000e+00
8.648767710000000442e-01,3.230874760000000401e-01,3.600149000000000404e-02,4.323144209999999488e-01,3.980721480000000145e-01,8.934552110000000269e-01,5.720264399999999694e-02,6.946478200000000269e-02,1.558165700000000049e-02,6.919999999999999814e-06,8.418061699999999925e-02,6.435704640000000643e-01,5.606131860000000966e-01,5.308004759999999100e-01,1.284708999999999981e-03,6.208662000000000208e-03,2.101383000000000070e-03,0.000000000000000000e+00,0.000000000000000000e+00,1.197489659999999984e-01,4.191371640000000065e-01,2.656968239999999981e-01,8.962751999999999178e-03,6.075272160000000365e-01,3.949038670000000195e-01,2.972805869999999850e-01,4.565723839999999978e-01,4.231410139999999820e-01,6.567695470000000091e-01,1.000000000000000000e+00
8.590096979999999327e-01,3.343943670000000257e-01,2.866894200000000281e-02,4.315657649999999901e-01,4.032326260000000384e-01,8.934552110000000269e-01,5.720264399999999694e-02,6.946478200000000269e-02,1.558165700000000049e-02,6.919999999999999814e-06,8.418061699999999925e-02,6.642823370000000560e-01,5.478518869999999819e-01,5.206094999999999473e-01,1.284708999999999981e-03,6.208662000000000208e-03,2.101383000000000070e-03,0.000000000000000000e+00,0.000000000000000000e+00,1.103530129999999998e-01,4.191371640000000065e-01,2.656968239999999981e-01,8.962751999999999178e-03,6.075272160000000365e-01,3.949038670000000195e-01,2.972805869999999850e-01,4.565723839999999978e-01,4.231410139999999820e-01,6.567695470000000091e-01,1.000000000000000000e+00
8.834212929999999409e-01,3.121384430000000432e-01,4.391617000000000437e-02,4.425803459999999578e-01,3.983233780000000057e-01,8.934552110000000269e-01,5.720264399999999694e-02,6.946478200000000269e-02,1.558165700000000049e-02,6.919999999999999814e-06,8.418061699999999925e-02,6.486554600000000725e-01,5.646198130000000814e-01,5.261210159999999414e-01,1.284708999999999981e-03,6.208662000000000208e-03,2.101383000000000070e-03,0.000000000000000000e+00,0.000000000000000000e+00,1.029038499999999912e-01,4.191371640000000065e-01,2.656968239999999981e-01,8.962751999999999178e-03,6.075272160000000365e-01,3.949038670000000195e-01,2.972805869999999850e-01,4.565723839999999978e-01,4.231410139999999820e-01,6.567695470000000091e-01,1.000000000000000000e+00
8.651331420000000216e-01,3.218401190000000356e-01,1.745903900000000258e-02,4.347180139999999859e-01,4.107819000000000331e-01,8.934552110000000269e-01,5.720264399999999694e-02,6.946478200000000269e-02,1.558165700000000049e-02,6.919999999999999814e-06,8.418061699999999925e-02,6.489462980000000325e-01,5.658065780000000045e-01,5.207674749999999797e-01,1.284708999999999981e-03,6.208662000000000208e-03,2.101383000000000070e-03,0.000000000000000000e+00,0.000000000000000000e+00,1.303359400000000112e-01,4.191371640000000065e-01,2.656968239999999981e-01,8.962751999999999178e-03,6.075272160000000365e-01,3.949038670000000195e-01,2.972805869999999850e-01,4.565723839999999978e-01,4.231410139999999820e-01,6.567695470000000091e-01,1.000000000000000000e+00
8.736236760000000157e-01,3.387806349999999966e-01,2.298837199999999997e-02,4.257671140000000021e-01,4.018384950000000178e-01,8.934552110000000269e-01,5.720264399999999694e-02,6.946478200000000269e-02,1.558165700000000049e-02,6.919999999999999814e-06,8.418061699999999925e-02,6.656222419999999751e-01,5.527441510000000724e-01,5.354427259999999800e-01,1.284708999999999981e-03,6.208662000000000208e-03,2.101383000000000070e-03,0.000000000000000000e+00,0.000000000000000000e+00,1.075391980000000025e-01,4.191371640000000065e-01,2.656968239999999981e-01,8.962751999999999178e-03,6.075272160000000365e-01,3.949038670000000195e-01,2.972805869999999850e-01,4.565723839999999978e-01,4.231410139999999820e-01,6.567695470000000091e-01,1.000000000000000000e+00
8.778251099999999640e-01,3.367382750000000313e-01,1.864694100000000021e-02,4.396868279999999740e-01,4.132765790000000328e-01,8.934552110000000269e-01,5.720264399999999694e-02,6.946478200000000269e-02,1.558165700000000049e-02,6.919999999999999814e-06,8.418061699999999925e-02,6.506542339999999980e-01,5.501211520000000021e-01,5.152015689999999148e-01,1.284708999999999981e-03,6.208662000000000208e-03,2.101383000000000070e-03,0.000000000000000000e+00,0.000000000000000000e+00,1.284625939999999855e-01,4.191371640000000065e-01,2.656968239999999981e-01,8.962751999999999178e-03,6.075272160000000365e-01,3.949038670000000195e-01,2.972805869999999850e-01,4.565723839999999978e-01,4.231410139999999820e-01,6.567695470000000091e-01,1.000000000000000000e+00
8.819216239999999596e-01,3.126450299999999904e-01,4.011495500000000075e-02,4.297696229999999895e-01,4.197436220000000384e-01,8.934552110000000269e-01,5.720264399999999694e-02,6.946478200000000269e-02,1.558165700000000049e-02,6.919999999999999814e-06,8.418061699999999925e-02,6.575772589999999695e-01,5.450716910000000803e-01,5.269199239999999840e-01,1.284708999999999981e-03,6.208662000000000208e-03,2.101383000000000070e-03,0.000000000000000000e+00,0.000000000000000000e+00,1.220754839999999980e-01,4.191371640000000065e-01,2.656968239999999981e-01,8.962751999999999178e-03,6.075272160000000365e-01,3.949038670000000195e-01,2.972805869999999850e-01,4.565723839999999978e-01,4.231410139999999820e-01,6.567695470000000091e-01,1.000000000000000000e+00
8.571360019999999524e-01,3.210279460000000085e-01,2.791314900000000168e-02,4.278762219999999727e-01,4.167383940000000120e-01,8.934552110000000269e-01,5.720264399999999694e-02,6.946478200000000269e-02,1.558165700000000049e-02,6.919999999999999814e-06,8.418061699999999925e-02,6.458029590000000653e-01,5.599352380000000018e-01,5.218327389999999344e-01,1.284708999999999981e-03,6.208662000000000208e-03,2.101383000000000070e-03,0.000000000000000000e+00,0.000000000000000000e+00,1.115127860000000026e-01,4.191371640000000065e-01,2.656968239999999981e-01,8.962751999999999178e-03,6.075272160000000365e-01,3.949038670000000195e-01,2.972805869999999850e-01,4.565723839999999978e-01,4.231410139999999820e-01,6.567695470000000091e-01,1.000000000000000000e+00
8.609409540000000360e-01,3.117155580000000037e-01,1.655517900000000320e-02,4.154447089999999676e-01,3.906327070000000234e-01,8.934552110000000269e-01,5.720264399999999694e-02,6.946478200000000269e-02,1.558165700000000049e-02,6.919999999999999814e-06,8.418061699999999925e-02,6.562076479999999767e-01,5.479320500000000038e-01,5.251424259999999400e-01,1.284708999999999981e-03,6.208662000000000208e-03,2.101383000000000070e-03,0.000000000000000000e+00,0.000000000000000000e+00,1.271591679999999891e-01,4.191371640000000065e-01,2.656968239999999981e-01,8.962751999999999178e-03,6.075272160000000365e-01,3.949038670000000195e-01,2.972805869999999850e-01,4.565723839999999978e-01,4.231410139999999820e-01,6.567695470000000091e-01,1.000000000000000000e+00
8.843366259999999590e-01,3.307612410000000391e-01,1.915596500000000396e-02,4.386036439999999592e-01,4.195583260000000370e-01,8.934552110000000269e-01,5.720264399999999694e-02,6.946478200000000269e-02,1.558165700000000049e-02,6.919999999999999814e-06,8.418061699999999925e-02,6.695190300000000150e-01,5.543728940000000049e-01,5.142607439999999919e-01,1.284708999999999981e-03,6.208662000000000208e-03,2.101383000000000070e-03,0.000000000000000000e+00,0.000000000000000000e+00,1.203741049999999951e-01,4.191371640000000065e-01,2.656968239999999981e-01,8.962751999999999178e-03,6.075272160000000365e-01,3.949038670000000195e-01,2.972805869999999850e-01,4.565723839999999978e-01,4.231410139999999820e-01,6.567695470000000091e-01,1.000000000000000000e+00
8.798635190000000383e-01,3.220010200000000267e-01,3.932553600000000121e-02,4.140078609999999770e-01,4.201581670000000268e-01,8.934552110000000269e-01,5.720264399999999694e-02,6.946478200000000269e-02,1.558165700000000049e-02,6.919999999999999814e-06,8.418061699999999925e-02,6.574185919999999683e-01,5.565438630000000275e-01,5.295102799999999998e-01,1.284708999999999981e-03,6.208662000000000208e-03,2.101383000000000070e-03,0.000000000000000000e+00,0.000000000000000000e+00,1.185119649999999969e-01,4.191371640000000065e-01,2.656968239999999981e-01,8.962751999999999178e-03,6.075272160000000365e-01,3.949038670000000195e-01,2.972805869999999850e-01,4.565723839999999978e-01,4.231410139999999820e-01,6.567695470000000091e-01,1.000000000000000000e+00
8.802685150000000291e-01,3.287296460000000420e-01,2.677022500000000166e-02,4.431992509999999608e-01,4.204480250000000030e-01,8.934552110000000269e-01,5.720264399999999694e-02,6.946478200000000269e-02,1.558165700000000049e-02,6.919999999999999814e-06,8.418061699999999925e-02,6.665382340000000072e-01,5.679141970000000095e-01,5.289967839999999422e-01,1.284708999999999981e-03,6.208662000000000208e-03,2.101383000000000070e-03,0.000000000000000000e+00,0.000000000000000000e+00,1.211311310000000030e-01,4.191371640000000065e-01,2.656968239999999981e-01,8.962751999999999178e-03,6.075272160000000365e-01,3.949038670000000195e-01,2.972805869999999850e-01,4.565723839999999978e-01,4.231410139999999820e-01,6.567695470000000091e-01,1.000000000000000000e+00
8.823536730000000050e-01,3.116093639999999998e-01,4.286274300000000176e-02,4.376964190000000032e-01,4.066213630000000134e-01,8.934552110000000269e-01,5.720264399999999694e-02,6.946478200000000269e-02,1.558165700000000049e-02,6.919999999999999814e-06,8.418061699999999925e-02,6.687717659999999897e-01,5.670357260000000732e-01,5.234103329999999499e-01,1.284708999999999981e-03,6.208662000000000208e-03,2.101383000000000070e-03,0.000000000000000000e+00,0.000000000000000000e+00,1.073257499999999975e-01,4.191371640000000065e-01,2.656968239999999981e-01,8.962751999999999178e-03,6.075272160000000365e-01,3.949038670000000195e-01,2.972805869999999850e-01,4.565723839999999978e-01,4.231410139999999820e-01,6.567695470000000091e-01,1.000000000000000000e+00
8.756466549999999405e-01,3.396834140000000168e-01,3.568654899999999797e-02,4.197582209999999869e-01,4.144685949999999952e-01,8.934552110000000269e-01,5.720264399999999694e-02,6.946478200000000269e-02,1.558165700000000049e-02,6.919999999999999814e-06,8.418061699999999925e-02,6.555386990000000580e-01,5.456362420000000490e-01,5.385958559999999284e-01,1.284708999999999981e-03,6.208662000000000208e-03,2.101383000000000070e-03,0.000000000000000000e+00,0.000000000000000000e+00,1.160500639999999944e-01,4.191371640000000065e-01,2.656968239999999981e-01,8.962751999999999178e-03,6.075272160000000365e-01,3.949038670000000195e-01,2.972805869999999850e-01,4.565723839999999978e-01,4.231410139999999820e-01,6.567695470000000091e-01,1.000000000000000000e+00
8.606211759999999877e-01,3.406484430000000230e-01,3.609494500000000328e-02,4.428322009999999809e-01,4.111118390000000344e-01,8.934552110000000269e-01,5.720264399999999694e-02,6.946478200000000269e-02,1.558165700000000049e-02,6.919999999999999814e-06,8.418061699999999925e-02,6.555955730000000425e-01,5.409274609999999983e-01,5.352899419999999076e-01,1.284708999999999981e-03,6.208662000000000208e-03,2.101383000000000070e-03,0.000000000000000000e+00,0.000000000000000000e+00,1.088045649999999920e-01,4.191371640000000065e-01,2.656968239999999981e-01,8.962751999999999178e-03,6.075272160000000365e-01,3.949038670000000195e-01,2.972805869999999850e-01,4.565723839999999978e-01,4.231410139999999820e-01,6.567695470000000091e-01,1.000000000000000000e+00
8.578152350000000093e-01,3.320517320000000439e-01,2.814547600000000260e-02,4.230428339999999787e-01,4.171265809999999963e-01,8.934552110000000269e-01,5.720264399999999694e-02,6.946478200000000269e-02,1.558165700000000049e-02,6.919999999999999814e-06,8.418061699999999925e-02,6.462541900000000616e-01,5.603936230000000629e-01,5.361104780000000014e-01,1.284708999999999981e-03,6.208662000000000208e-03,2.101383000000000070e-03,0.000000000000000000e+00,0.000000000000000000e+00,1.106695580000000012e-01,4.191371640000000065e-01,2.656968239999999981e-01,8.962751999999999178e-03,6.075272160000000365e-01,3.949038670000000195e-01,2.972805869999999850e-01,4.565723839999999978e-01,4.231410139999999820e-01,6.567695470000000091e-01,1.000000000000000000e+00
8.682935480000000261e-01,3.191416930000000041e-01,3.205917200000000383e-02,4.199961789999999695e-01,4.014201480000000322e-01,8.934552110000000269e-01,5.720264399999999694e-02,6.946478200000000269e-02,1.558165700000000049e-02,6.919999999999999814e-06,8.418061699999999925e-02,6.589226380000000605e-01,5.697503940000000489e-01,5.284204619999999242e-01,1.284708999999999981e-03,6.208662000000000208e-03,2.101383000000000070e-03,0.000000000000000000e+00,0.000000000000000000e+00,1.298070219999999941e-01,4.191371640000000065e-01,2.656968239999999981e-01,8.962751999999999178e-03,6.075272160000000365e-01,3.949038670000000195e-01,2.972805869999999850e-01,4.565723839999999978e-01,4.231410139999999820e-01,6.567695470000000091e-01,1.000000000000000000e+00
8.644942839999999462e-01,3.250501910000000438e-01,4.072477800000000314e-02,4.162379339999999761e-01,4.007743590000000244e-01,8.934552110000000269e-01,5.720264399999999694e-02,6.946478200000000269e-02,1.558165700000000049e-02,6.919999999999999814e-06,8.418061699999999925e-02,6.467040090000000241e-01,5.466829670000000752e-01,5.262833609999999496e-01,1.284708999999999981e-03,6.208662000000000208e-03,2.101383000000000070e-03,0.000000000000000000e+00,0.000000000000000000e+00,1.022507910000000075e-01,4.191371640000000065e-01,2.656968239999999981e-01,8.962751999999999178e-03,6.075272160000000365e-01,3.949038670000000195e-01,2.972805869999999850e-01,4.565723839999999978e-01,4.231410139999999820e-01,6.567695470000000091e-01,1.000000000000000000e+00
8.596241719999999642e-01,3.214945319999999995e-01,2.523429900000000170e-02,4.338297899999999929e-01,3.967367340000000353e-01,8.934552110000000269e-01,5.720264399999999694e-02,6.946478200000000269e-02,1.558165700000000049e-02,6.919999999999999814e-06,8.418061699999999925e-02,6.674737520000000313e-01,5.455183439999999884e-01,5.281360989999999145e-01,1.284708999999999981e-03,6.208662000000000208e-03,2.101383000000000070e-03,0.000000000000000000e+00,0.000000000000000000e+00,1.209760659999999932e-01,4.191371640000000065e-01,2.656968239999999981e-01,8.962751999999999178e-03,6.075272160000000365e-01,3.949038670000000195e-01,2.972805869999999850e-01,4.565723839999999978e-01,4.231410139999999820e-01,6.567695470000000091e-01,1.000000000000000000e+00
8.726136989999999649e-01,3.211318650000000163e-01,3.044767200000000201e-02,4.427569939999999593e-01,4.105816830000000306e-01,8.934552110000000269e-01,5.720264399999999694e-02,6.946478200000000269e-02,1.558165700000000049e-02,6.919999999999999814e-06,8.418061699999999925e-02,6.559495710000000646e-01,5.593823690000000459e-01,5.224236909999999678e-01,1.284708999999999981e-03,6.208662000000000208e-03,2.101383000000000070e-03,0.000000000000000000e+00,0.000000000000000000e+00,1.234525409999999990e-01,4.191371640000000065e-01,2.656968239999999981e-01,8.962751999999999178e-03,6.075272160000000365e-01,3.949038670000000195e-01,2.972805869999999850e-01,4.565723839999999978e-01,4.231410139999999820e-01,6.567695470000000091e-01,1.000000000000000000e+00
8.728960329999999601e-01,3.368853420000000320e-01,3.548184299999999902e-02,4.248942009999999714e-01,4.098763310000000382e-01,8.934552110000000269e-01,5.720264399999999694e-02,6.946478200000000269e-02,1.558165700000000049e-02,6.919999999999999814e-06,8.418061699999999925e-02,6.647403600000000301e-01,5.617736120000000888e-01,5.406660919999999315e-01,1.284708999999999981e-03,6.208662000000000208e-03,2.101383000000000070e-03,0.000000000000000000e+00,0.000000000000000000e+00,1.171889779999999992e-01,4.191371640000000065e-01,2.656968239999999981e-01,8.962751999999999178e-03,6.075272160000000365e-01,3.949038670000000195e-01,2.972805869999999850e-01,4.565723839999999978e-01,4.231410139999999820e-01,6.567695470000000091e-01,1.000000000000000000e+00
8.635599219999999798e-01,3.312653210000000015e-01,3.510787099999999883e-02,4.147115429999999603e-01,3.944909070000000018e-01,8.934552110000000269e-01,5.720264399999999694e-02,6.946478200000000269e-02,1.558165700000000049e-02,6.919999999999999814e-06,8.418061699999999925e-02,6.512070939999999863e-01,5.594347720000000246e-01,5.197203269999999264e-01,1.284708999999999981e-03,6.208662000000000208e-03,2.101383000000000070e-03,0.000000000000000000e+00,0.000000000000000000e+00,1.164521510000000037e-01,4.191371640000000065e-01,2.656968239999999981e-01,8.962751999999999178e-03,6.075272160000000365e-01,3.949038670000000195e-01,2.972805869999999850e-01,4.565723839999999978e-01,4.231410139999999820e-01,6.567695470000000091e-01,1.000000000000000000e+00
8.673753869999999422e-01,3.147490420000000344e-01,4.068244800000000300e-02,4.421059339999999782e-01,4.012351259999999975e-01,8.934552110000000269e-01,5.720264399999999694e-02,6.946478200000000269e-02,1.558165700000000049e-02,6.919999999999999814e-06,8.418061699999999925e-02,6.590056380000000047e-01,5.497406770000000664e-01,5.354717949999999727e-01,1.284708999999999981e-03,6.208662000000000208e-03,2.101383000000000070e-03,0.000000000000000000e+00,0.000000000000000000e+00,1.063406729999999967e-01,4.191371640000000065e-01,2.656968239999999981e-01,8.962751999999999178e-03,6.075272160000000365e-01,3.949038670000000195e-01,2.972805869999999850e-01,4.565723839999999978e-01,4.231410139999999820e-01,6.567695470000000091e-01,1.000000000000000000e+00
8.732564899999999408e-01,3.314228350000000267e-01,1.733324600000000354e-02,4.305146479999999998e-01,4.192154450000000199e-01,8.934552110000000269e-01,5.720264399999999694e-02,6.946478200000000269e-02,1.558165700000000049e-02,6.919999999999999814e-06,8.418061699999999925e-02,6.713724779999999948e-01,5.661186820000000397e-01,5.211987489999999612e-01,1.284708999999999981e-03,6.208662000000000208e-03,2.101383000000000070e-03,0.000000000000000000e+00,0.000000000000000000e+00,1.272675319999999888e-01,4.191371640000000065e-01,2.656968239999999981e-01,8.962751999999999178e-03,6.075272160000000365e-01,3.949038670000000195e-01,2.972805869999999850e-01,4.565723839999999978e-01,4.231410139999999820e-01,6.567695470000000091e-01,1.000000000000000000e+00
8.629433610000000199e-01,3.175464070000000305e-01,3.005313600000000460e-02,4.148804919999999896e-01,4.045445490000000310e-01,8.934552110000000269e-01,5.720264399999999694e-02,6.946478200000000269e-02,1.558165700000000049e-02,6.919999999999999814e-06,8.418061699999999925e-02,6.557937040000000328e-01,5.560850000000000515e-01,5.401651429999999587e-01,1.284708999999999981e-03,6.208662000000000208e-03,2.101383000000000070e-03,0.000000000000000000e+00,0.000000000000000000e+00,1.025209159999999897e-01,4.191371640000000065e-01,2.656968239999999981e-01,8.962751999999999178e-03,6.075272160000000365e-01,3.949038670000000195e-01,2.972805869999999850e-01,4.565723839999999978e-01,4.231410139999999820e-01,6.567695470000000091e-01,1.000000000000000000e+00
8.800876960000000304e-01,3.166367930000000275e-01,2.626884500000000247e-02,4.378039930000000024e-01,4.137240739999999972e-01,8.934552110000000269e-01,5.720264399999999694e-02,6.946478200000000269e-02,1.558165700000000049e-02,6.919999999999999814e-06,8.418061699999999925e-02,6.682503220000000077e-01,5.444111110000000586e-01,5.174216999999999844e-01,1.284708999999999981e-03,6.208662000000000208e-03,2.101383000000000070e-03,0.000000000000000000e+00,0.000000000000000000e+00,1.215151520000000013e-01,4.191371640000000065e-01,2.656968239999999981e-01,8.962751999999999178e-03,6.075272160000000365e-01,3.949038670000000195e-01,2.972805869999999850e-01,4.565723839999999978e-01,4.231410139999999820e-01,6.567695470000000091e-01,1.000000000000000000e+00
8.620287159999999727e-01,3.186705420000000011e-01,2.205439900000000231e-02,4.364336829999999612e-01,4.070591380000000425e-01,8.934552110000000269e-01,5.720264399999999694e-02,6.946478200000000269e-02,1.558165700000000049e-02,6.919999999999999814e-06,8.418061699999999925e-02,6.499804890000000501e-01,5.510857680000000869e-01,5.360686449999999548e-01,1.284708999999999981e-03,6.208662000000000208e-03,2.101383000000000070e-03,0.000000000000000000e+00,0.000000000000000000e+00,1.065078369999999941e-01,4.191371640000000065e-01,2.656968239999999981e-01,8.962751999999999178e-03,6.075272160000000365e-01,3.949038670000000195e-01,2.972805869999999850e-01,4.565723839999999978e-01,4.231410139999999820e-01,6.567695470000000091e-01,1.000000000000000000e+00
8.717379849999999930e-01,3.202433270000000221e-01,3.021476100000000317e-02,4.240340859999999767e-01,4.062418720000000039e-01,8.934552110000000269e-01,5.720264399999999694e-02,6.946478200000000269e-02,1.558165700000000049e-02,6.919999999999999814e-06,8.418061699999999925e-02,6.565157350000000447e-01,5.645036860000000045e-01,5.415399839999999188e-01,1.284708999999999981e-03,6.208662000000000208e-03,2.101383000000000070e-03,0.000000000000000000e+00,0.000000000000000000e+00,1.213326869999999946e-01,4.191371640000000065e-01,2.656968239999999981e-01,8.962751999999999178e-03,6.075272160000000365e-01,3.949038670000000195e-01,2.972805869999999850e-01,4.565723839999999978e-01,4.231410139999999820e-01,6.567695470000000091e-01,1.000000000000000000e+00
8.830606490000000308e-01,3.364295550000000468e-01,2.799814300000000311e-02,4.396032389999999790e-01,3.989244710000000027e-01,8.934552110000000269e-01,5.720264399999999694e-02,6.946478200000000269e-02,1.558165700000000049e-02,6.919999999999999814e-06,8.418061699999999925e-02,6.636103250000000564e-01,5.470041400000000831e-01,5.390603309999999482e-01,1.284708999999999981e-03,6.208662000000000208e-03,2.101383000000000070e-03,0.000000000000000000e+00,0.000000000000000000e+00,1.194349479999999991e-01,4.191371640000000065e-01,2.656968239999999981e-01,8.962751999999999178e-03,6.075272160000000365e-01,3.949038670000000195e-01,2.972805869999999850e-01,4.565723839999999978e-01,4.231410139999999820e-01,6.567695470000000091e-01,1.000000000000000000e+00
8.609938269999999338e-01,3.357542770000000454e-01,1.768925600000000042e-02,4.326068589999999547e-01,4.096118009999999976e-01,8.934552110000000269e-01,5.720264399999999694e-02,6.946478200000000269e-02,1.558165700000000049e-02,6.919999999999999814e-06,8.418061699999999925e-02,6.536985349999999695e-01,5.457466149999999905e-01,5.426967359999999019e-01,1.284708999999999981e-03,6.208662000000000208e-03,2.101383000000000070e-03,0.000000000000000000e+00,0.000000000000000000e+00,1.179940290000000003e-01,4.191371640000000065e-01,2.656968239999999981e-01,8.962751999999999178e-03,6.075272160000000365e-01,3.949038670000000195e-01,2.972805869999999850e-01,4.565723839999999978e-01,4.231410139999999820e-01,6.567695470000000091e-01,1.000000000000000000e+00
8.854217549999999770e-01,3.360803860000000087e-01,2.578891500000000253e-02,4.182814339999999520e-01,4.146817140000000346e-01,8.934552110000000269e-01,5.720264399999999694e-02,6.946478200000000269e-02,1.558165700000000049e-02,6.919999999999999814e-06,8.418061699999999925e-02,6.639710520000000615e-01,5.685649839999999955e-01,5.149725539999999713e-01,1.284708999999999981e-03,6.208662000000000208e-03,2.101383000000000070e-03,0.000000000000000000e+00,0.000000000000000000e+00,1.153008959999999999e-01,4.191371640000000065e-01,2.656968239999999981e-01,8.962751999999999178e-03,6.075272160000000365e-01,3.949038670000000195e-01,2.972805869999999850e-01,4.565723839999999978e-01,4.231410139999999820e-01,6.567695470000000091e-01,1.000000000000000000e+00
8.625416599999999878e-01,3.344798230000000094e-01,1.726656800000000297e-02,4.267965529999999674e-01,3.912064830000000493e-01,8.934552110000000269e-01,5.720264399999999694e-02,6.946478200000000269e-02,1.558165700000000049e-02,6.919999999999999814e-06,8.418061699999999925e-02,6.464347470000000317e-01,5.424870110000000745e-01,5.210402619999999763e-01,1.284708999999999981e-03,6.208662000000000208e-03,2.101383000000000070e-03,0.000000000000000000e+00,0.000000000000000000e+00,1.032025769999999898e-01,4.191371640000000065e-01,2.656968239999999981e-01,8.962751999999999178e-03,6.075272160000000365e-01,3.949038670000000195e-01,2.972805869999999850e-01,4.565723839999999978e-01,4.231410139999999820e-01,6.567695470000000091e-01,1.000000000000000000e+00
8.859897939999999972e-01,3.298883230000000388e-01,1.562454200000000515e-02,4.232155890000000031e-01,4.184141570000000088e-01,8.934552110000000269e-01,5.720264399999999694e-02,6.946478200000000269e-02,1.558165700000000049e-02,6.919999999999999814e-06,8.418061699999999925e-02,6.626697270000000417e-01,5.693087570000000541e-01,5.401045459999999077e-01,1.284708999999999981e-03,6.208662000000000208e-03,2.101383000000000070e-03,0.000000000000000000e+00,0.000000000000000000e+00,1.158762430000000038e-01,4.191371640000000065e-01,2.656968239999999981e-01,8.962751999999999178e-03,6.075272160000000365e-01,3.949038670000000195e-01,2.972805869999999850e-01,4.565723839999999978e-01,4.231410139999999820e-01,6.567695470000000091e-01,1.000000000000000000e+00
8.772196829999999723e-01,3.300127620000000150e-01,4.376941700000000490e-02,4.284510910000000061e-01,4.022244150000000018e-01,8.934552110000000269e-01,5.720264399999999694e-02,6.946478200000000269e-02,1.558165700000000049e-02,6.919999999999999814e-06,8.418061699999999925e-02,6.456825769999999798e-01,5.562024320000000799e-01,5.187189619999998946e-01,1.284708999999999981e-03,6.208662000000000208e-03,2.101383000000000070e-03,0.000000000000000000e+00,0.000000000000000000e+00,1.289345660000000005e-01,4.191371640000000065e-01,2.656968239999999981e-01,8.962751999999999178e-03,6.075272160000000365e-01,3.949038670000000195e-01,2.972805869999999850e-01,4.565723839999999978e-01,4.231410139999999820e-01,6.567695470000000091e-01,1.000000000000000000e+00
8.678016100000000010e-01,3.259595820000000255e-01,2.964261700000000305e-02,4.381112359999999595e-01,3.927696750000000403e-01,8.934552110000000269e-01,5.720264399999999694e-02,6.946478200000000269e-02,1.558165700000000049e-02,6.919999999999999814e-06,8.418061699999999925e-02,6.612870690000000051e-01,5.696687750000000161e-01,5.338251639999999076e-01,1.284708999999999981e-03,6.208662000000000208e-03,2.101383000000000070e-03,0.000000000000000000e+00,0.000000000000000000e+00,1.217723250000000007e-01,4.191371640000000065e-01,2.656968239999999981e-01,8.962751999999999178e-03,6.075272160000000365e-01,3.949038670000000195e-01,2.972805869999999850e-01,4.565723839999999978e-01,4.231410139999999820e-01,6.567695470000000091e-01,1.000000000000000000e+00
8.700058960000000008e-01,3.277239160000000040e-01,3.804218900000000403e-02,4.407417399999999930e-01,4.163422690000000426e-01,8.934552110000000269e-01,5.720264399999999694e-02,6.946478200000000269e-02,1.558165700000000049e-02,6.919999999999999814e-06,8.418061699999999925e-02,6.664909740000000138e-01,5.465260370000000201e-01,5.337595039999999402e-01,1.284708999999999981e-03,6.208662000000000208e-03,2.101383000000000070e-03,0.000000000000000000e+00,0.000000000000000000e+00,1.287331710000000073e-01,4.191371640000000065e-01,2.656968239999999981e-01,8.962751999999999178e-03,6.075272160000000365e-01,3.949038670000000195e-01,2.972805869999999850e-01,4.565723839999999978e-01,4.231410139999999820e-01,6.567695470000000091e-01,1.000000000000000000e+00
8.670346629999999832e-01,3.163813269999999900e-01,2.124352200000000079e-02,4.323697589999999646e-01,4.162538199999999966e-01,8.934552110000000269e-01,5.720264399999999694e-02,6.946478200000000269e-02,1.558165700000000049e-02,6.919999999999999814e-06,8.418061699999999925e-02,6.509137420000000729e-01,5.491874520000000759e-01,5.436151229999999224e-01,1.284708999999999981e-03,6.208662000000000208e-03,2.101383000000000070e-03,0.000000000000000000e+00,0.000000000000000000e+00,1.236769120000000000e-01,4.191371640000000065e-01,2.656968239999999981e-01,8.962751999999999178e-03,6.075272160000000365e-01,3.949038670000000195e-01,2.972805869999999850e-01,4.565723839999999978e-01,4.231410139999999820e-01,6.567695470000000091e-01,1.000000000000000000e+00
8.663290350000000251e-01,3.246912840000000244e-01,2.072172500000000334e-02,4.205749500000000030e-01,3.998300820000000311e-01,8.934552110000000269e-01,5.720264399999999694e-02,6.946478200000000269e-02,1.558165700000000049e-02,6.919999999999999814e-06,8.418061699999999925e-02,6.554123800000000166e-01,5.654902850000000925e-01,5.412474250000000042e-01,1.284708999999999981e-03,6.208662000000000208e-03,2.101383000000000070e-03,0.000000000000000000e+00,0.000000000000000000e+00,1.233356010000000030e-01,4.191371640000000065e-01,2.656968239999999981e-01,8.962751999999999178e-03,6.075272160000000365e-01,3.949038670000000195e-01,2.972805869999999850e-01,4.565723839999999978e-01,4.231410139999999820e-01,6.567695470000000091e-01,1.000000000000000000e+00
8.666686580000000362e-01,3.130143670000000156e-01,3.442069500000000115e-02,4.359537739999999606e-01,4.140556539999999952e-01,8.934552110000000269e-01,5.720264399999999694e-02,6.946478200000000269e-02,1.558165700000000049e-02,6.919999999999999814e-06,8.418061699999999925e-02,6.468909130000000118e-01,5.572397600000000839e-01,5.275147179999999381e-01,1.284708999999999981e-03,6.208662000000000208e-03,2.101383000000000070e-03,0.000000000000000000e+00,0.000000000000000000e+00,1.177984950000000031e-01,4.191371640000000065e-01,2.656968239999999981e-01,8.962751999999999178e-03,6.075272160000000365e-01,3.949038670000000195e-01,2.972805869999999850e-01,4.565723839999999978e-01,4.231410139999999820e-01,6.567695470000000091e-01,1.000000000000000000e+00
8.701063660000000199e-01,3.252418499999999990e-01,2.455601100000000259e-02,4.369637309999999664e-01,4.019986120000000329e-01,8.934552110000000269e-01,5.720264399999999694e-02,6.946478200000000269e-02,1.558165700000000049e-02,6.919999999999999814e-06,8.418061699999999925e-02,6.681143590000000465e-01,5.635181040000000197e-01,5.366647929999999178e-01,1.284708999999999981e-03,6.208662000000000208e-03,2.101383000000000070e-03,0.000000000000000000e+00,0.000000000000000000e+00,1.123252240000000013e-01,4.191371640000000065e-01,2.656968239999999981e-01,8.962751999999999178e-03,6.075272160000000365e-01,3.949038670000000195e-01,2.972805869999999850e-01,4.565723839999999978e-01,4.231410139999999820e-01,6.567695470000000091e-01,1.000000000000000000e+00
8.753318529999999376e-01,3.134568770000000226e-01,1.521729000000000137e-02,4.162838199999999711e-01,4.077189509999999961e-01,8.934552110000000269e-01,5.720264399999999694e-02,6.946478200000000269e-02,1.558165700000000049e-02,6.919999999999999814e-06,8.418061699999999925e-02,6.707559810000000011e-01,5.653402130000000358e-01,5.437482409999999655e-01,1.284708999999999981e-03,6.208662000000000208e-03,2.101383000000000070e-03,0.000000000000000000e+00,0.000000000000000000e+00,1.292371979999999976e-01,4.191371640000000065e-01,2.656968239999999981e-01,8.962751999999999178e-03,6.075272160000000365e-01,3.949038670000000195e-01,2.972805869999999850e-01,4.565723839999999978e-01,4.231410139999999820e-01,6.567695470000000091e-01,1.000000000000000000e+00
8.605055739999999398e-01,3.314849460000000025e-01,3.968259300000000211e-02,4.173397469999999831e-01,3.958997310000000325e-01,8.934552110000000269e-01,5.720264399999999694e-02,6.946478200000000269e-02,1.558165700000000049e-02,6.919999999999999814e-06,8.418061699999999925e-02,6.614770119999999753e-01,5.605739809999999990e-01,5.310827729999999525e-01,1.284708999999999981e-03,6.208662000000000208e-03,2.101383000000000070e-03,0.000000000000000000e+00,0.000000000000000000e+00,1.098054910000000051e-01,4.191371640000000065e-01,2.656968239999999981e-01,8.962751999999999178e-03,6.075272160000000365e-01,3.949038670000000195e-01,2.972805869999999850e-01,4.565723839999999978e-01,4.231410139999999820e-01,6.567695470000000091e-01,1.000000000000000000e+00
8.830447989999999914e-01,3.118093430000000166e-01,1.977408800000000216e-02,4.175028209999999684e-01,3.965907419999999961e-01,8.934552110000000269e-01,5.720264399999999694e-02,6.946478200000000269e-02,1.558165700000000049e-02,6.919999999999999814e-06,8.418061699999999925e-02,6.493135629999999825e-01,5.577395330000000095e-01,5.359069989999999395e-01,1.284708999999999981e-03,6.208662000000000208e-03,2.101383000000000070e-03,0.000000000000000000e+00,0.000000000000000000e+00,1.246763020000000027e-01,4.191371640000000065e-01,2.656968239999999981e-01,8.962751999999999178e-03,6.075272160000000365e-01,3.949038670000000195e-01,2.972805869999999850e-01,4.565723839999999978e-01,4.231410139999999820e-01,6.567695470000000091e-01,1.000000000000000000e+00
8.579864799999999958e-01,3.179248130000000283e-01,1.580778900000000264e-02,4.209637949999999740e-01,3.950835550000000307e-01,8.934552110000000269e-01,5.720264399999999694e-02,6.946478200000000269e-02,1.558165700000000049e-02,6.919999999999999814e-06,8.418061699999999925e-02,6.722171840000000786e-01,5.505729320000000149e-01,5.177072329999999889e-01,1.284708999999999981e-03,6.208662000000000208e-03,2.101383000000000070e-03,0.000000000000000000e+00,0.000000000000000000e+00,1.026525169999999987e-01,4.191371640000000065e-01,2.656968239999999981e-01,8.962751999999999178e-03,6.075272160000000365e-01,3.949038670000000195e-01,2.972805869999999850e-01,4.565723839999999978e-01,4.231410139999999820e-01,6.567695470000000091e-01,1.000000000000000000e+00
8.661031869999999966e-01,3.275083169999999932e-01,1.852144200000000601e-02,4.151810329999999771e-01,3.995982670000000070e-01,8.934552110000000269e-01,5.720264399999999694e-02,6.946478200000000269e-02,1.558165700000000049e-02,6.919999999999999814e-06,8.418061699999999925e-02,6.688512950000000679e-01,5.582605520000000210e-01,5.193373439999999785e-01,1.284708999999999981e-03,6.208662000000000208e-03,2.101383000000000070e-03,0.000000000000000000e+00,0.000000000000000000e+00,1.181465109999999957e-01,4.191371640000000065e-01,2.656968239999999981e-01,8.962751999999999178e-03,6.075272160000000365e-01,3.949038670000000195e-01,2.972805869999999850e-01,4.565723839999999978e-01,4.231410139999999820e-01,6.567695470000000091e-01,1.000000000000000000e+00
8.762876560000000259e-01,3.407177930000000465e-01,4.167739900000000386e-02,4.238863809999999788e-01,4.064845029999999970e-01,8.934552110000000269e-01,5.720264399999999694e-02,6.946478200000000269e-02,1.558165700000000049e-02,6.919999999999999814e-06,8.418061699999999925e-02,6.598657780000000139e-01,5.439457240000000748e-01,5.425429749999999274e-01,1.284708999999999981e-03,6.208662000000000208e-03,2.101383000000000070e-03,0.000000000000000000e+00,0.000000000000000000e+00,1.258123929999999946e-01,4.191371640000000065e-01,2.656968239999999981e-01,8.962751999999999178e-03,6.075272160000000365e-01,3.949038670000000195e-01,2.972805869999999850e-01,4.565723839999999978e-01,4.231410139999999820e-01,6.567695470000000091e-01,1.000000000000000000e+00
8.843840480000000337e-01,3.188941000000000137e-01,3.737565800000000604e-02,4.189539909999999701e-01,3.932110220000000211e-01,8.934552110000000269e-01,5.720264399999999694e-02,6.946478200000000269e-02,1.558165700000000049e-02,6.919999999999999814e-06,8.418061699999999925e-02,6.438182800000000761e-01,5.474831890000000367e-01,5.191696419999999312e-01,1.284708999999999981e-03,6.208662000000000208e-03,2.101383000000000070e-03,0.000000000000000000e+00,0.000000000000000000e+00,1.113910419999999957e-01,4.191371640000000065e-01,2.656968239999999981e-01,8.962751999999999178e-03,6.075272160000000365e-01,3.949038670000000195e-01,2.972805869999999850e-01,4.565723839999999978e-01,4.231410139999999820e-01,6.567695470000000091e-01,1.000000000000000000e+00
8.622458389999999584e-01,3.232318630000000081e-01,3.193426800000000176e-02,4.186239760000000087e-01,3.908244110000000382e-01,8.934552110000000269e-01,5.720264399999999694e-02,6.946478200000000269e-02,1.558165700000000049e-02,6.919999999999999814e-06,8.418061699999999925e-02,6.614274519999999713e-01,5.638469070000000638e-01,5.251678549999999612e-01,1.284708999999999981e-03,6.208662000000000208e-03,2.101383000000000070e-03,0.000000000000000000e+00,0.000000000000000000e+00,1.137353859999999939e-01,4.191371640000000065e-01,2.656968239999999981e-01,8.962751999999999178e-03,6.075272160000000365e-01,3.949038670000000195e-01,2.972805869999999850e-01,4.565723839999999978e-01,4.231410139999999820e-01,6.567695470000000091e-01,1.000000000000000000e+00
8.586751599999999929e-01,3.181280340000000040e-01,2.559515600000000432e-02,4.199056629999999846e-01,4.027194520000000333e-01,8.934552110000000269e-01,5.720264399999999694e-02,6.946478200000000269e-02,1.558165700000000049e-02,6.919999999999999814e-06,8.418061699999999925e-02,6.545937299999999848e-01,5.520225440000000594e-01,5.157790499999999057e-01,1.284708999999999981e-03,6.208662000000000208e-03,2.101383000000000070e-03,0.000000000000000000e+00,0.000000000000000000e+00,1.079648679999999916e-01,4.191371640000000065e-01,2.656968239999999981e-01,8.962751999999999178e-03,6.075272160000000365e-01,3.949038670000000195e-01,2.972805869999999850e-01,4.565723839999999978e-01,4.231410139999999820e-01,6.567695470000000091e-01,1.000000000000000000e+00
8.607979519999999773e-01,3.200370120000000096e-01,2.880633900000000372e-02,4.283622400000000052e-01,4.177245300000000383e-01,8.934552110000000269e-01,5.720264399999999694e-02,6.946478200000000269e-02,1.558165700000000049e-02,6.919999999999999814e-06,8.418061699999999925e-02,6.713014529999999924e-01,5.566722990000000371e-01,5.351839649999999837e-01,1.284708999999999981e-03,6.208662000000000208e-03,2.101383000000000070e-03,0.000000000000000000e+00,0.000000000000000000e+00,1.218513209999999986e-01,4.191371640000000065e-01,2.656968239999999981e-01,8.962751999999999178e-03,6.075272160000000365e-01,3.949038670000000195e-01,2.972805869999999850e-01,4.565723839999999978e-01,4.231410139999999820e-01,6.567695470000000091e-01,1.000000000000000000e+00
8.704918959999999872e-01,3.389001930000000162e-01,2.395819900000000294e-02,4.320196629999999982e-01,4.036259739999999985e-01,8.934552110000000269e-01,5.720264399999999694e-02,6.946478200000000269e-02,1.558165700000000049e-02,6.919999999999999814e-06,8.418061699999999925e-02,6.672513860000000019e-01,5.628656690000000129e-01,5.153659079999999282e-01,1.284708999999999981e-03,6.208662000000000208e-03,2.101383000000000070e-03,0.000000000000000000e+00,0.000000000000000000e+00,1.180180970000000024e-01,4.191371640000000065e-01,2.656968239999999981e-01,8.962751999999999178e-03,6.075272160000000365e-01,3.949038670000000195e-01,2.972805869999999850e-01,4.565723839999999978e-01,4.231410139999999820e-01,6.567695470000000091e-01,1.000000000000000000e+00
8.768015379999999359e-01,3.335941640000000263e-01,2.428500500000000187e-02,4.347532020000000053e-01,4.052242650000000279e-01,8.934552110000000269e-01,5.720264399999999694e-02,6.946478200000000269e-02,1.558165700000000049e-02,6.919999999999999814e-06,8.418061699999999925e-02,6.450067900000000520e-01,5.682975490000000685e-01,5.357584429999999731e-01,1.284708999999999981e-03,6.208662000000000208e-03,2.101383000000000070e-03,0.000000000000000000e+00,0.000000000000000000e+00,1.124216680000000024e-01,4.191371640000000065e-01,2.656968239999999981e-01,8.962751999999999178e-03,6.075272160000000365e-01,3.949038670000000195e-01,2.972805869999999850e-01,4.565723839999999978e-01,4.231410139999999820e-01,6.567695470000000091e-01,1.000000000000000000e+00
8.822801089999999791e-01,3.280969890000000055e-01,2.936967500000000481e-02,4.294945859999999560e-01,3.965354430000000430e-01,8.934552110000000269e-01,5.720264399999999694e-02,6.946478200000000269e-02,1.558165700000000049e-02,6.919999999999999814e-06,8.418061699999999925e-02,6.625077590000000294e-01,5.581553350000000302e-01,5.245908809999999534e-01,1.284708999999999981e-03,6.208662000000000208e-03,2.101383000000000070e-03,0.000000000000000000e+00,0.000000000000000000e+00,1.313825499999999868e-01,4.191371640000000065e-01,2.656968239999999981e-01,8.962751999999999178e-03,6.075272160000000365e-01,3.949038670000000195e-01,2.972805869999999850e-01,4.565723839999999978e-01,4.231410139999999820e-01,6.567695470000000091e-01,1.000000000000000000e+00
8.641830849999999620e-01,3.265430619999999950e-01,1.675931200000000537e-02,4.387320439999999877e-01,4.117829980000000112e-01,8.934552110000000269e-01,5.720264399999999694e-02,6.946478200000000269e-02,1.558165700000000049e-02,6.919999999999999814e-06,8.418061699999999925e-02,6.474942049999999893e-01,5.666920490000000310e-01,5.283520989999999085e-01,1.284708999999999981e-03,6.208662000000000208e-03,2.101383000000000070e-03,0.000000000000000000e+00,0.000000000000000000e+00,1.068068910000000010e-01,4.191371640000000065e-01,2.656968239999999981e-01,8.962751999999999178e-03,6.075272160000000365e-01,3.949038670000000195e-01,2.972805869999999850e-01,4.565723839999999978e-01,4.231410139999999820e-01,6.567695470000000091e-01,1.000000000000000000e+00
8.866620950000000390e-01,3.409435290000000229e-01,4.118002900000000688e-02,4.305928940000000038e-01,4.174422610000000367e-01,8.934552110000000269e-01,5.720264399999999694e-02,6.946478200000000269e-02,1.558165700000000049e-02,6.919999999999999814e-06,8.418061699999999925e-02,6.605867850000000097e-01,5.494363490000000461e-01,5.335124119999999914e-01,1.284708999999999981e-03,6.208662000000000208e-03,2.101383000000000070e-03,0.000000000000000000e+00,0.000000000000000000e+00,1.130409450000000038e-01,4.191371640000000065e-01,2.656968239999999981e-01,8.962751999999999178e-03,6.075272160000000365e-01,3.949038670000000195e-01,2.972805869999999850e-01,4.565723839999999978e-01,4.231410139999999820e-01,6.567695470000000091e-01,1.000000000000000000e+00
8.643320740000000058e-01,3.223575340000000011e-01,3.315795300000000390e-02,4.220210309999999909e-01,3.946038210000000213e-01,8.934552110000000269e-01,5.720264399999999694e-02,6.946478200000000269e-02,1.558165700000000049e-02,6.919999999999999814e-06,8.418061699999999925e-02,6.528945980000000482e-01,5.578593010000000296e-01,5.333989059999999505e-01,1.284708999999999981e-03,6.208662000000000208e-03,2.101383000000000070e-03,0.000000000000000000e+00,0.000000000000000000e+00,1.249475250000000037e-01,4.191371640000000065e-01,2.656968239999999981e-01,8.962751999999999178e-03,6.075272160000000365e-01,3.949038670000000195e-01,2.972805869999999850e-01,4.565723839999999978e-01,4.231410139999999820e-01,6.567695470000000091e-01,1.000000000000000000e+00
8.593925409999999543e-01,3.266867710000000424e-01,2.842435800000000373e-02,4.379199799999999865e-01,4.026610919999999982e-01,8.934552110000000269e-01,5.720264399999999694e-02,6.946478200000000269e-02,1.558165700000000049e-02,6.919999999999999814e-06,8.418061699999999925e-02,6.717183020000000448e-01,5.537108990000000341e-01,5.416579189999999322e-01,1.284708999999999981e-03,6.208662000000000208e-03,2.101383000000000070e-03,0.000000000000000000e+00,0.000000000000000000e+00,1.240343579999999973e-01,4.191371640000000065e-01,2.656968239999999981e-01,8.962751999999999178e-03,6.075272160000000365e-01,3.949038670000000195e-01,2.972805869999999850e-01,4.565723839999999978e-01,4.231410139999999820e-01,6.567695470000000091e-01,1.000000000000000000e+00
8.675501129999999561e-01,3.328901420000000000e-01,3.397518700000000391e-02,4.413492359999999781e-01,4.178650760000000020e-01,8.934552110000000269e-01,5.720264399999999694e-02,6.946478200000000269e-02,1.558165700000000049e-02,6.919999999999999814e-06,8.418061699999999925e-02,6.468124600000000335e-01,5.636683930000000453e-01,5.247408459999999275e-01,1.284708999999999981e-03,6.208662000000000208e-03,2.101383000000000070e-03,0.000000000000000000e+00,0.000000000000000000e+00,1.069738050000000051e-01,4.191371640000000065e-01,2.656968239999999981e-01,8.962751999999999178e-03,6.075272160000000365e-01,3.949038670000000195e-01,2.972805869999999850e-01,4.565723839999999978e-01,4.231410139999999820e-01,6.567695470000000091e-01,1.000000000000000000e+00
8.779517660000000223e-01,3.290366460000000437e-01,2.706554800000000177e-02,4.156353439999999622e-01,4.170125610000000038e-01,8.934552110000000269e-01,5.720264399999999694e-02,6.946478200000000269e-02,1.558165700000000049e-02,6.919999999999999814e-06,8.418061699999999925e-02,6.431948480000000412e-01,5.670871969999999873e-01,5.349318029999999835e-01,1.284708999999999981e-03,6.208662000000000208e-03,2.101383000000000070e-03,0.000000000000000000e+00,0.000000000000000000e+00,1.254860939999999925e-01,4.191371640000000065e-01,2.656968239999999981e-01,8.962751999999999178e-03,6.075272160000000365e-01,3.949038670000000195e-01,2.972805869999999850e-01,4.565723839999999978e-01,4.231410139999999820e-01,6.567695470000000091e-01,1.000000000000000000e+00
8.719774989999999892e-01,3.226512350000000362e-01,2.253491500000000258e-02,4.300102519999999817e-01,4.123907800000000123e-01,8.934552110000000269e-01,5.720264399999999694e-02,6.946478200000000269e-02,1.558165700000000049e-02,6.919999999999999814e-06,8.418061699999999925e-02,6.587370869999999989e-01,5.659465070000000431e-01,5.378677379999999841e-01,1.284708999999999981e-03,6.208662000000000208e-03,2.101383000000000070e-03,0.000000000000000000e+00,0.000000000000000000e+00,1.192418050000000063e-01,4.191371640000000065e-01,2.656968239999999981e-01,8.962751999999999178e-03,6.075272160000000365e-01,3.949038670000000195e-01,2.972805869999999850e-01,4.565723839999999978e-01,4.231410139999999820e-01,6.567695470000000091e-01,1.000000000000000000e+00
8.634401760000000037e-01,3.188337090000000207e-01,2.633633600000000186e-02,4.269710519999999621e-01,4.176004360000000193e-01,8.934552110000000269e-01,5.720264399999999694e-02,6.946478200000000269e-02,1.558165700000000049e-02,6.919999999999999814e-06,8.418061699999999925e-02,6.631118660000000498e-01,5.404876520000000406e-01,5.278124929999999937e-01,1.284708999999999981e-03,6.208662000000000208e-03,2.101383000000000070e-03,0.000000000000000000e+00,0.000000000000000000e+00,1.058245640000000098e-01,4.191371640000000065e-01,2.656968239999999981e-01,8.962751999999999178e-03,6.075272160000000365e-01,3.949038670000000195e-01,2.972805869999999850e-01,4.565723839999999978e-01,4.231410139999999820e-01,6.567695470000000091e-01,1.000000000000000000e+00
8.795003249999999717e-01,3.252191970000000154e-01,3.093683300000000386e-02,4.418004700000000007e-01,3.957000340000000338e-01,8.934552110000000269e-01,5.720264399999999694e-02,6.946478200000000269e-02,1.558165700000000049e-02,6.919999999999999814e-06,8.418061699999999925e-02,6.601212750000000629e-01,5.500167900000000332e-01,5.181525329999999707e-01,1.284708999999999981e-03,6.208662000000000208e-03,2.101383000000000070e-03,0.000000000000000000e+00,0.000000000000000000e+00,1.112261209999999972e-01,4.191371640000000065e-01,2.656968239999999981e-01,8.962751999999999178e-03,6.075272160000000365e-01,3.949038670000000195e-01,2.972805869999999850e-01,4.565723839999999978e-01,4.231410139999999820e-01,6.567695470000000091e-01,1.000000000000000000e+00
8.693052049999999698e-01,3.311778150000000420e-01,3.462735599999999803e-02,4.247550599999999621e-01,3.927154240000000351e-01,8.934552110000000269e-01,5.720264399999999694e-02,6.946478200000000269e-02,1.558165700000000049e-02,6.919999999999999814e-06,8.418061699999999925e-02,6.484094780000000391e-01,5.668820600000000764e-01,5.266317539999999520e-01,1.284708999999999981e-03,6.208662000000000208e-03,2.101383000000000070e-03,0.000000000000000000e+00,0.000000000000000000e+00,1.039313629999999988e-01,4.191371640000000065e-01,2.656968239999999981e-01,8.962751999999999178e-03,6.075272160000000365e-01,3.949038670000000195e-01,2.972805869999999850e-01,4.565723839999999978e-01,4.231410139999999820e-01,6.567695470000000091e-01,1.000000000000000000e+00
8.840706050000000094e-01,3.374219560000000229e-01,3.648021500000000333e-02,4.434493019999999897e-01,4.169419880000000411e-01,8.934552110000000269e-01,5.720264399999999694e-02,6.946478200000000269e-02,1.558165700000000049e-02,6.919999999999999814e-06,8.418061699999999925e-02,6.597552389999999933e-01,5.651860920000000288e-01,5.375721849999999247e-01,1.284708999999999981e-03,6.208662000000000208e-03,2.101383000000000070e-03,0.000000000000000000e+00,0.000000000000000000e+00,1.036215739999999941e-01,4.191371640000000065e-01,2.656968239999999981e-01,8.962751999999999178e-03,6.075272160000000365e-01,3.949038670000000195e-01,2.972805869999999850e-01,4.565723839999999978e-01,4.231410139999999820e-01,6.567695470000000091e-01,1.000000000000000000e+00
8.860579429999999590e-01,3.157226350000000292e-01,2.372667800000000451e-02,4.296416789999999986e-01,3.962515880000000434e-01,8.934552110000000269e-01,5.720264399999999694e-02,6.946478200000000269e-02,1.558165700000000049e-02,6.919999999999999814e-06,8.418061699999999925e-02,6.608572970000000657e-01,5.549773610000000579e-01,5.383730489999999369e-01,1.284708999999999981e-03,6.208662000000000208e-03,2.101383000000000070e-03,0.000000000000000000e+00,0.000000000000000000e+00,1.048321130000000045e-01,4.191371640000000065e-01,2.656968239999999981e-01,8.962751999999999178e-03,6.075272160000000365e-01,3.949038670000000195e-01,2.972805869999999850e-01,4.565723839999999978e-01,4.231410139999999820e-01,6.567695470000000091e-01,1.000000000000000000e+00
8.731370689999999879e-01,3.341054930000000311e-01,1.810714000000000073e-02,4.150568699999999667e-01,3.938221729999999976e-01,8.934552110000000269e-01,5.720264399999999694e-02,6.946478200000000269e-02,1.558165700000000049e-02,6.919999999999999814e-06,8.418061699999999925e-02,6.451380589999999859e-01,5.451642060000000400e-01,5.225647929999999164e-01,1.284708999999999981e-03,6.208662000000000208e-03,2.101383000000000070e-03,0.000000000000000000e+00,0.000000000000000000e+00,1.131871549999999976e-01,4.191371640000000065e-01,2.656968239999999981e-01,8.962751999999999178e-03,6.075272160000000365e-01,3.949038670000000195e-01,2.972805869999999850e-01,4.565723839999999978e-01,4.231410139999999820e-01,6.567695470000000091e-01,1.000000000000000000e+00
8.749888839999999668e-01,3.321087360000000155e-01,4.464771600000000396e-02,4.382849929999999561e-01,4.079238980000000070e-01,8.934552110000000269e-01,5.720264399999999694e-02,6.946478200000000269e-02,1.558165700000000049e-02,6.919999999999999814e-06,8.418061699999999925e-02,6.692526619999999982e-01,5.416847650000000680e-01,5.365150879999999178e-01,1.284708999999999981e-03,6.208662000000000208e-03,2.101383000000000070e-03,0.000000000000000000e+00,0.000000000000000000e+00,1.069214340000000096e-01,4.191371640000000065e-01,2.656968239999999981e-01,8.962751999999999178e-03,6.075272160000000365e-01,3.949038670000000195e-01,2.972805869999999850e-01,4.565723839999999978e-01,4.231410139999999820e-01,6.567695470000000091e-01,1.000000000000000000e+00
8.640051229999999860e-01,3.399411560000000221e-01,2.602566700000000233e-02,4.156951740000000006e-01,4.103298820000000346e-01,8.934552110000000269e-01,5.720264399999999694e-02,6.946478200000000269e-02,1.558165700000000049e-02,6.919999999999999814e-06,8.418061699999999925e-02,6.534360799999999747e-01,5.596885900000000413e-01,5.171109119999999226e-01,1.284708999999999981e-03,6.208662000000000208e-03,2.101383000000000070e-03,0.000000000000000000e+00,0.000000000000000000e+00,1.242802120000000010e-01,4.191371640000000065e-01,2.656968239999999981e-01,8.962751999999999178e-03,6.075272160000000365e-01,3.949038670000000195e-01,2.972805869999999850e-01,4.565723839999999978e-01,4.231410139999999820e-01,6.567695470000000091e-01,1.000000000000000000e+00
8.632805219999999391e-01,3.272570210000000368e-01,1.786050800000000410e-02,4.376124529999999568e-01,4.080050510000000075e-01,8.934552110000000269e-01,5.720264399999999694e-02,6.946478200000000269e-02,1.558165700000000049e-02,6.919999999999999814e-06,8.418061699999999925e-02,6.660442069999999992e-01,5.587972620000000168e-01,5.343431469999999628e-01,1.284708999999999981e-03,6.208662000000000208e-03,2.101383000000000070e-03,0.000000000000000000e+00,0.000000000000000000e+00,1.294644010000000067e-01,4.191371640000000065e-01,2.656968239999999981e-01,8.962751999999999178e-03,6.075272160000000365e-01,3.949038670000000195e-01,2.972805869999999850e-01,4.565723839999999978e-01,4.231410139999999820e-01,6.567695470000000091e-01,1.000000000000000000e+00
8.676327430000000396e-01,3.354612740000000315e-01,3.499760200000000265e-02,4.174524899999999539e-01,4.130358239999999959e-01,8.934552110000000269e-01,5.720264399999999694e-02,6.946478200000000269e-02,1.558165700000000049e-02,6.919999999999999814e-06,8.418061699999999925e-02,6.477820309999999804e-01,5.642201640000000795e-01,5.189549969999999179e-01,1.284708999999999981e-03,6.208662000000000208e-03,2.101383000000000070e-03,0.000000000000000000e+00,0.000000000000000000e+00,1.252234859999999950e-01,4.191371640000000065e-01,2.656968239999999981e-01,8.962751999999999178e-03,6.075272160000000365e-01,3.949038670000000195e-01,2.972805869999999850e-01,4.565723839999999978e-01,4.231410139999999820e-01,6.567695470000000091e-01,1.000000000000000000e+00
8.869256939999999867e-01,3.198782910000000368e-01,2.679758800000000413e-02,4.436652349999999911e-01,3.960164630000000408e-01,8.934552110000000269e-01,5.720264399999999694e-02,6.946478200000000269e-02,1.558165700000000049e-02,6.919999999999999814e-06,8.418061699999999925e-02,6.472472140000000707e-01,5.553175530000000748e-01,5.294280609999999498e-01,1.284708999999999981e-03,6.208662000000000208e-03,2.101383000000000070e-03,0.000000000000000000e+00,0.000000000000000000e+00,1.092147740000000006e-01,4.191371640000000065e-01,2.656968239999999981e-01,8.962751999999999178e-03,6.075272160000000365e-01,3.949038670000000195e-01,2.972805869999999850e-01,4.565723839999999978e-01,4.231410139999999820e-01,6.567695470000000091e-01,1.000000000000000000e+00
8.713361400000000367e-01,3.358858849999999951e-01,2.038987300000000280e-02,4.242418279999999875e-01,4.019130690000000117e-01,8.934552110000000269e-01,5.720264399999999694e-02,6.946478200000000269e-02,1.558165700000000049e-02,6.919999999999999814e-06,8.418061699999999925e-02,6.686351350000000471e-01,5.546845410000000864e-01,5.325678139999999727e-01,1.284708999999999981e-03,6.208662000000000208e-03,2.101383000000000070e-03,0.000000000000000000e+00,0.000000000000000000e+00,1.246011469999999954e-01,4.191371640000000065e-01,2.656968239999999981e-01,8.962751999999999178e-03,6.075272160000000365e-01,3.949038670000000195e-01,2.972805869999999850e-01,4.565723839999999978e-01,4.231410139999999820e-01,6.567695470000000091e-01,1.000000000000000000e+00
8.821334849999999950e-01,3.286836520000000483e-01,4.444863300000000128e-02,4.266076099999999705e-01,4.158841300000000185e-01,8.934552110000000269e-01,5.720264399999999694e-02,6.946478200000000269e-02,1.558165700000000049e-02,6.919999999999999814e-06,8.418061699999999925e-02,6.533128540000000539e-01,5.676294420000000951e-01,5.239263499999999851e-01,1.284708999999999981e-03,6.208662000000000208e-03,2.101383000000000070e-03,0.000000000000000000e+00,0.000000000000000000e+00,1.283749459999999898e-01,4.191371640000000065e-01,2.656968239999999981e-01,8.962751999999999178e-03,6.075272160000000365e-01,3.949038670000000195e-01,2.972805869999999850e-01,4.565723839999999978e-01,4.231410139999999820e-01,6.567695470000000091e-01,1.000000000000000000e+00
8.761423349999999388e-01,3.325192390000000220e-01,2.225999300000000569e-02,4.262735949999999496e-01,3.956136829999999938e-01,8.934552110000000269e-01,5.720264399999999694e-02,6.946478200000000269e-02,1.558165700000000049e-02,6.919999999999999814e-06,8.418061699999999925e-02,6.530196019999999768e-01,5.681823350000000383e-01,5.303785409999999256e-01,1.284708999999999981e-03,6.208662000000000208e-03,2.101383000000000070e-03,0.000000000000000000e+00,0.000000000000000000e+00,1.158118630000000010e-01,4.191371640000000065e-01,2.656968239999999981e-01,8.962751999999999178e-03,6.075272160000000365e-01,3.949038670000000195e-01,2.972805869999999850e-01,4.565723839999999978e-01,4.231410139999999820e-01,6.567695470000000091e-01,1.000000000000000000e+00
8.597299760000000068e-01,3.215709500000000221e-01,1.884117700000000062e-02,4.322147839999999630e-01,3.978157420000000277e-01,8.934552110000000269e-01,5.720264399999999694e-02,6.946478200000000269e-02,1.558165700000000049e-02,6.919999999999999814e-06,8.418061699999999925e-02,6.620914740000000132e-01,5.494010470000000312e-01,5.366837049999999554e-01,1.284708999999999981e-03,6.208662000000000208e-03,2.101383000000000070e-03,0.000000000000000000e+00,0.000000000000000000e+00,1.126332490000000047e-01,4.191371640000000065e-01,2.656968239999999981e-01,8.962751999999999178e-03,6.075272160000000365e-01,3.949038670000000195e-01,2.972805869999999850e-01,4.565723839999999978e-01,4.231410139999999820e-01,6.567695470000000091e-01,1.000000000000000000e+00
8.621654679999999349e-01,3.151830210000000076e-01,2.351153900000000144e-02,4.327154169999999911e-01,4.053414940000000244e-01,8.934552110000000269e-01,5.720264399999999694e-02,6.946478200000000269e-02,1.558165700000000049e-02,6.919999999999999814e-06,8.418061699999999925e-02,6.548462139999999820e-01,5.435002320000000831e-01,5.158146489999999584e-01,1.284708999999999981e-03,6.208662000000000208e-03,2.101383000000000070e-03,0.000000000000000000e+00,0.000000000000000000e+00,1.043190940000000011e-01,4.191371640000000065e-01,2.656968239999999981e-01,8.962751999999999178e-03,6.075272160000000365e-01,3.949038670000000195e-01,2.972805869999999850e-01,4.565723839999999978e-01,4.231410139999999820e-01,6.567695470000000091e-01,1.000000000000000000e+00
8.697037309999999799e-01,3.254189339999999930e-01,3.166248500000000410e-02,4.410431089999999887e-01,4.020992700000000086e-01,8.934552110000000269e-01,5.720264399999999694e-02,6.946478200000000269e-02,1.558165700000000049e-02,6.919999999999999814e-06,8.418061699999999925e-02,6.617258019999999741e-01,5.531759630000000483e-01,5.432082219999999628e-01,1.284708999999999981e-03,6.208662000000000208e-03,2.101383000000000070e-03,0.000000000000000000e+00,0.000000000000000000e+00,1.105418700000000004e-01,4.191371640000000065e-01,2.656968239999999981e-01,8.962751999999999178e-03,6.075272160000000365e-01,3.949038670000000195e-01,2.972805869999999850e-01,4.565723839999999978e-01,4.231410139999999820e-01,6.567695470000000091e-01,1.000000000000000000e+00
8.865948439999999930e-01,3.342179210000000289e-01,4.162157400000000146e-02,4.159955469999999655e-01,4.159769500000000120e-01,8.934552110000000269e-01,5.720264399999999694e-02,6.946478200000000269e-02,1.558165700000000049e-02,6.919999999999999814e-06,8.418061699999999925e-02,6.439270999999999745e-01,5.650288039999999956e-01,5.198295099999999946e-01,1.284708999999999981e-03,6.208662000000000208e-03,2.101383000000000070e-03,0.000000000000000000e+00,0.000000000000000000e+00,1.288629299999999867e-01,4.191371640000000065e-01,2.656968239999999981e-01,8.962751999999999178e-03,6.075272160000000365e-01,3.949038670000000195e-01,2.972805869999999850e-01,4.565723839999999978e-01,4.231410139999999820e-01,6.567695470000000091e-01,1.000000000000000000e+00
8.784493349999999978e-01,3.310867780000000260e-01,4.194620000000000293e-02,4.197105809999999715e-01,3.910850390000000232e-01,8.934552110000000269e-01,5.720264399999999694e-02,6.946478200000000269e-02,1.558165700000000049e-02,6.919999999999999814e-06,8.418061699999999925e-02,6.702907200000000065e-01,5.429237090000000876e-01,5.371138739999999911e-01,1.284708999999999981e-03,6.208662000000000208e-03,2.101383000000000070e-03,0.000000000000000000e+00,0.000000000000000000e+00,1.294070159999999858e-01,4.191371640000000065e-01,2.656968239999999981e-01,8.962751999999999178e-03,6.075272160000000365e-01,3.949038670000000195e-01,2.972805869999999850e-01,4.565723839999999978e-01,4.231410139999999820e-01,6.567695470000000091e-01,1.000000000000000000e+00
8.737471310000000102e-01,3.337064980000000181e-01,1.612002300000000415e-02,4.207393019999999817e-01,4.017023160000000037e-01,8.934552110000000269e-01,5.720264399999999694e-02,6.946478200000000269e-02,1.558165700000000049e-02,6.919999999999999814e-06,8.418061699999999925e-02,6.444492780000000698e-01,5.573604250000000482e-01,5.326737069999999408e-01,1.284708999999999981e-03,6.208662000000000208e-03,2.101383000000000070e-03,0.000000000000000000e+00,0.000000000000000000e+00,1.117684609999999995e-01,4.191371640000000065e-01,2.656968239999999981e-01,8.962751999999999178e-03,6.075272160000000365e-01,3.949038670000000195e-01,2.972805869999999850e-01,4.565723839999999978e-01,4.231410139999999820e-01,6.567695470000000091e-01,1.000000000000000000e+00
8.630592990000000020e-01,3.377280970000000049e-01,2.041688800000000109e-02,4.224222799999999833e-01,4.034269310000000441e-01,8.934552110000000269e-01,5.720264399999999694e-02,6.946478200000000269e-02,1.558165700000000049e-02,6.919999999999999814e-06,8.418061699999999925e-02,6.523113340000000759e-01,5.557336830000000338e-01,5.258012779999999831e-01,1.284708999999999981e-03,6.208662000000000208e-03,2.101383000000000070e-03,0.000000000000000000e+00,0.000000000000000000e+00,1.030579439999999986e-01,4.191371640000000065e-01,2.656968239999999981e-01,8.962751999999999178e-03,6.075272160000000365e-01,3.949038670000000195e-01,2.972805869999999850e-01,4.565723839999999978e-01,4.231410139999999820e-01,6.567695470000000091e-01,1.000000000000000000e+00
8.846884149999999503e-01,3.112554960000000204e-01,4.187395700000000331e-02,4.335835049999999802e-01,4.083191070000000145e-01,8.934552110000000269e-01,5.720264399999999694e-02,6.946478200000000269e-02,1.558165700000000049e-02,6.919999999999999814e-06,8.418061699999999925e-02,6.461695160000000548e-01,5.667534210000000350e-01,5.273539689999999780e-01,1.284708999999999981e-03,6.208662000000000208e-03,2.101383000000000070e-03,0.000000000000000000e+00,0.000000000000000000e+00,1.144811460000000058e-01,4.191371640000000065e-01,2.656968239999999981e-01,8.962751999999999178e-03,6.075272160000000365e-01,3.949038670000000195e-01,2.972805869999999850e-01,4.565723839999999978e-01,4.231410139999999820e-01,6.567695470000000091e-01,1.000000000000000000e+00
8.788177169999999983e-01,3.159051870000000317e-01,1.943370600000000198e-02,4.215978729999999564e-01,4.104340140000000137e-01,8.934552110000000269e-01,5.720264399999999694e-02,6.946478200000000269e-02,1.558165700000000049e-02,6.919999999999999814e-06,8.418061699999999925e-02,6.705741339999999884e-01,5.403718190000000865e-01,5.395630109999999258e-01,1.284708999999999981e-03,6.208662000000000208e-03,2.101383000000000070e-03,0.000000000000000000e+00,0.000000000000000000e+00,1.305177379999999943e-01,4.191371640000000065e-01,2.656968239999999981e-01,8.962751999999999178e-03,6.075272160000000365e-01,3.949038670000000195e-01,2.972805869999999850e-01,4.565723839999999978e-01,4.231410139999999820e-01,6.567695470000000091e-01,1.000000000000000000e+00
8.722929400000000166e-01,3.167606750000000471e-01,4.047012300000000368e-02,4.190886620000000007e-01,4.015153180000000099e-01,8.934552110000000269e-01,5.720264399999999694e-02,6.946478200000000269e-02,1.558165700000000049e-02,6.919999999999999814e-06,8.418061699999999925e-02,6.493774030000000197e-01,5.674162610000000884e-01,5.409561429999999449e-01,1.284708999999999981e-03,6.208662000000000208e-03,2.101383000000000070e-03,0.000000000000000000e+00,0.000000000000000000e+00,1.205146359999999944e-01,4.191371640000000065e-01,2.656968239999999981e-01,8.962751999999999178e-03,6.075272160000000365e-01,3.949038670000000195e-01,2.972805869999999850e-01,4.565723839999999978e-01,4.231410139999999820e-01,6.567695470000000091e-01,1.000000000000000000e+00
8.651764629999999512e-01,3.186214039999999970e-01,2.241189500000000112e-02,4.405897839999999843e-01,3.958126610000000101e-01,8.934552110000000269e-01,5.720264399999999694e-02,6.946478200000000269e-02,1.558165700000000049e-02,6.919999999999999814e-06,8.418061699999999925e-02,6.708502259999999939e-01,5.662414060000000582e-01,5.347413479999999497e-01,1.284708999999999981e-03,6.208662000000000208e-03,2.101383000000000070e-03,0.000000000000000000e+00,0.000000000000000000e+00,1.264412360000000124e-01,4.191371640000000065e-01,2.656968239999999981e-01,8.962751999999999178e-03,6.075272160000000365e-01,3.949038670000000195e-01,2.972805869999999850e-01,4.565723839999999978e-01,4.231410139999999820e-01,6.567695470000000091e-01,1.000000000000000000e+00
8.682533689999999416e-01,3.126145230000000330e-01,2.997839100000000354e-02,4.402818669999999934e-01,3.964011660000000270e-01,8.934552110000000269e-01,5.720264399999999694e-02,6.946478200000000269e-02,1.558165700000000049e-02,6.919999999999999814e-06,8.418061699999999925e-02,6.585774990000000662e-01,5.406487130000000585e-01,5.165216819999999265e-01,1.284708999999999981e-03,6.208662000000000208e-03,2.101383000000000070e-03,0.000000000000000000e+00,0.000000000000000000e+00,1.252039159999999984e-01,4.191371640000000065e-01,2.656968239999999981e-01,8.962751999999999178e-03,6.075272160000000365e-01,3.949038670000000195e-01,2.972805869999999850e-01,4.565723839999999978e-01,4.231410139999999820e-01,6.567695470000000091e-01,1.000000000000000000e+00
8.776386090000000140e-01,3.380569280000000343e-01,2.354582800000000475e-02,4.277399060000000031e-01,4.069413740000000224e-01,8.934552110000000269e-01,5.720264399999999694e-02,6.946478200000000269e-02,1.558165700000000049e-02,6.919999999999999814e-06,8.418061699999999925e-02,6.496219699999999930e-01,5.612026090000000744e-01,5.306459029999999188e-01,1.284708999999999981e-03,6.208662000000000208e-03,2.101383000000000070e-03,0.000000000000000000e+00,0.000000000000000000e+00,1.167876999999999943e-01,4.191371640000000065e-01,2.656968239999999981e-01,8.962751999999999178e-03,6.075272160000000365e-01,3.949038670000000195e-01,2.972805869999999850e-01,4.565723839999999978e-01,4.231410139999999820e-01,6.567695470000000091e-01,1.000000000000000000e+00
8.786862140000000210e-01,3.240484970000000464e-01,3.312233900000000064e-02,4.259765309999999916e-01,4.181782079999999957e-01,8.934552110000000269e-01,5.720264399999999694e-02,6.946478200000000269e-02,1.558165700000000049e-02,6.919999999999999814e-06,8.418061699999999925e-02,6.619153260000000261e-01,5.472757690000000785e-01,5.185790299999999409e-01,1.284708999999999981e-03,6.208662000000000208e-03,2.101383000000000070e-03,0.000000000000000000e+00,0.000000000000000000e+00,1.161305069999999939e-01,4.191371640000000065e-01,2.656968239999999981e-01,8.962751999999999178e-03,6.075272160000000365e-01,3.949038670000000195e-01,2.972805869999999850e-01,4.565723839999999978e-01,4.231410139999999820e-01,6.567695470000000091e-01,1.000000000000000000e+00
8.694231970000000365e-01,3.230206060000000434e-01,3.254236100000000576e-02,4.293416869999999719e-01,4.192668610000000462e-01,8.934552110000000269e-01,5.720264399999999694e-02,6.946478200000000269e-02,1.558165700000000049e-02,6.919999999999999814e-06,8.418061699999999925e-02,6.538624419999999882e-01,5.595171640000000668e-01,5.233293219999999302e-01,1.284708999999999981e-03,6.208662000000000208e-03,2.101383000000000070e-03,0.000000000000000000e+00,0.000000000000000000e+00,1.232501329999999978e-01,4.191371640000000065e-01,2.656968239999999981e-01,8.962751999999999178e-03,6.075272160000000365e-01,3.949038670000000195e-01,2.972805869999999850e-01,4.565723839999999978e-01,4.231410139999999820e-01,6.567695470000000091e-01,1.000000000000000000e+00
8.679398480000000138e-01,3.165850000000000053e-01,4.105856400000000572e-02,4.355475839999999876e-01,4.074336340000000445e-01,8.934552110000000269e-01,5.720264399999999694e-02,6.946478200000000269e-02,1.558165700000000049e-02,6.919999999999999814e-06,8.418061699999999925e-02,6.532749310000000031e-01,5.650604100000000685e-01,5.335917049999999717e-01,1.284708999999999981e-03,6.208662000000000208e-03,2.101383000000000070e-03,0.000000000000000000e+00,0.000000000000000000e+00,1.064421190000000017e-01,4.191371640000000065e-01,2.656968239999999981e-01,8.962751999999999178e-03,6.075272160000000365e-01,3.949038670000000195e-01,2.972805869999999850e-01,4.565723839999999978e-01,4.231410139999999820e-01,6.567695470000000091e-01,1.000000000000000000e+00
8.727578879999999817e-01,3.177256910000000323e-01,3.908724100000000173e-02,4.384099859999999738e-01,4.184206120000000251e-01,8.934552110000000269e-01,5.720264399999999694e-02,6.946478200000000269e-02,1.558165700000000049e-02,6.919999999999999814e-06,8.418061699999999925e-02,6.680535760000000378e-01,5.432150690000000504e-01,5.304317859999999607e-01,1.284708999999999981e-03,6.208662000000000208e-03,2.101383000000000070e-03,0.000000000000000000e+00,0.000000000000000000e+00,1.176733160000000000e-01,4.191371640000000065e-01,2.656968239999999981e-01,8.962751999999999178e-03,6.075272160000000365e-01,3.949038670000000195e-01,2.972805869999999850e-01,4.565723839999999978e-01,4.231410139999999820e-01,6.567695470000000091e-01,1.000000000000000000e+00
8.672425990000000029e-01,3.342584880000000203e-01,4.313165900000000275e-02,4.233354839999999841e-01,4.033290720000000107e-01,8.934552110000000269e-01,5.720264399999999694e-02,6.946478200000000269e-02,1.558165700000000049e-02,6.919999999999999814e-06,8.418061699999999925e-02,6.600284170000000339e-01,5.433943820000000091e-01,5.419470089999999241e-01,1.284708999999999981e-03,6.208662000000000208e-03,2.101383000000000070e-03,0.000000000000000000e+00,0.000000000000000000e+00,1.317032690000000117e-01,4.191371640000000065e-01,2.656968239999999981e-01,8.962751999999999178e-03,6.075272160000000365e-01,3.949038670000000195e-01,2.972805869999999850e-01,4.565723839999999978e-01,4.231410139999999820e-01,6.567695470000000091e-01,1.000000000000000000e+00
8.766029779999999771e-01,3.255781269999999950e-01,3.821971000000000396e-02,4.260051269999999835e-01,4.088707650000000249e-01,8.934552110000000269e-01,5.720264399999999694e-02,6.946478200000000269e-02,1.558165700000000049e-02,6.919999999999999814e-06,8.418061699999999925e-02,6.490068070000000189e-01,5.625689400000000173e-01,5.159583139999999180e-01,1.284708999999999981e-03,6.208662000000000208e-03,2.101383000000000070e-03,0.000000000000000000e+00,0.000000000000000000e+00,1.183557150000000002e-01,4.191371640000000065e-01,2.656968239999999981e-01,8.962751999999999178e-03,6.075272160000000365e-01,3.949038670000000195e-01,2.972805869999999850e-01,4.565723839999999978e-01,4.231410139999999820e-01,6.567695470000000091e-01,1.000000000000000000e+00
8.707268439999999998e-01,3.158385810000000071e-01,3.299104900000000146e-02,4.144317209999999752e-01,4.156472790000000361e-01,8.934552110000000269e-01,5.720264399999999694e-02,6.946478200000000269e-02,1.558165700000000049e-02,6.919999999999999814e-06,8.418061699999999925e-02,6.593989220000000540e-01,5.630400380000000204e-01,5.163395259999999931e-01,1.284708999999999981e-03,6.208662000000000208e-03,2.101383000000000070e-03,0.000000000000000000e+00,0.000000000000000000e+00,1.278971379999999936e-01,4.191371640000000065e-01,2.656968239999999981e-01,8.962751999999999178e-03,6.075272160000000365e-01,3.949038670000000195e-01,2.972805869999999850e-01,4.565723839999999978e-01,4.231410139999999820e-01,6.567695470000000091e-01,1.000000000000000000e+00
8.725701980000000191e-01,3.225735200000000025e-01,1.550897200000000281e-02,4.193346769999999890e-01,3.920220490000000391e-01,8.934552110000000269e-01,5.720264399999999694e-02,6.946478200000000269e-02,1.558165700000000049e-02,6.919999999999999814e-06,8.418061699999999925e-02,6.475966750000000660e-01,5.406755130000000520e-01,5.362957720000000039e-01,1.284708999999999981e-03,6.208662000000000208e-03,2.101383000000000070e-03,0.000000000000000000e+00,0.000000000000000000e+00,1.125026340000000041e-01,4.191371640000000065e-01,2.656968239999999981e-01,8.962751999999999178e-03,6.075272160000000365e-01,3.949038670000000195e-01,2.972805869999999850e-01,4.565723839999999978e-01,4.231410139999999820e-01,6.567695470000000091e-01,1.000000000000000000e+00
8.848819300000000387e-01,3.378598959999999929e-01,2.091692500000000288e-02,4.237864389999999593e-01,3.971490430000000349e-01,8.934552110000000269e-01,5.720264399999999694e-02,6.946478200000000269e-02,1.558165700000000049e-02,6.919999999999999814e-06,8.418061699999999925e-02,6.641728660000000284e-01,5.643464970000000580e-01,5.429448839999999610e-01,1.284708999999999981e-03,6.208662000000000208e-03,2.101383000000000070e-03,0.000000000000000000e+00,0.000000000000000000e+00,1.268720789999999987e-01,4.191371640000000065e-01,2.656968239999999981e-01,8.962751999999999178e-03,6.075272160000000365e-01,3.949038670000000195e-01,2.972805869999999850e-01,4.565723839999999978e-01,4.231410139999999820e-01,6.567695470000000091e-01,1.000000000000000000e+00
8.643314490000000294e-01,3.143251519999999966e-01,4.249086400000000319e-02,4.365763229999999884e-01,4.094175530000000451e-01,8.934552110000000269e-01,5.720264399999999694e-02,6.946478200000000269e-02,1.558165700000000049e-02,6.919999999999999814e-06,8.418061699999999925e-02,6.546975729999999771e-01,5.620263779999999931e-01,5.214681879999999436e-01,1.284708999999999981e-03,6.208662000000000208e-03,2.101383000000000070e-03,0.000000000000000000e+00,0.000000000000000000e+00,1.082615050000000079e-01,4.191371640000000065e-01,2.656968239999999981e-01,8.962751999999999178e-03,6.075272160000000365e-01,3.949038670000000195e-01,2.972805869999999850e-01,4.565723839999999978e-01,4.231410139999999820e-01,6.567695470000000091e-01,1.000000000000000000e+00
8.751171429999999862e-01,3.243880610000000053e-01,2.616184200000000459e-02,4.288154309999999692e-01,4.166496749999999971e-01,8.934552110000000269e-01,5.720264399999999694e-02,6.946478200000000269e-02,1.558165700000000049e-02,6.919999999999999814e-06,8.418061699999999925e-02,6.580316430000000549e-01,5.575353760000000269e-01,5.161722989999999456e-01,1.284708999999999981e-03,6.208662000000000208e-03,2.101383000000000070e-03,0.000000000000000000e+00,0.000000000000000000e+00,1.117281579999999941e-01,4.191371640000000065e-01,2.656968239999999981e-01,8.962751999999999178e-03,6.075272160000000365e-01,3.949038670000000195e-01,2.972805869999999850e-01,4.565723839999999978e-01,4.231410139999999820e-01,6.567695470000000091e-01,1.000000000000000000e+00
8.574424509999999389e-01,3.403928280000000361e-01,2.418172900000000250e-02,4.393256599999999512e-01,3.919703310000000052e-01,8.934552110000000269e-01,5.720264399999999694e-02,6.946478200000000269e-02,1.558165700000000049e-02,6.919999999999999814e-06,8.418061699999999925e-02,6.727507970000000670e-01,5.559075560000000804e-01,5.298560900000000018e-01,1.284708999999999981e-03,6.208662000000000208e-03,2.101383000000000070e-03,0.000000000000000000e+00,0.000000000000000000e+00,1.025715249999999967e-01,4.191371640000000065e-01,2.656968239999999981e-01,8.962751999999999178e-03,6.075272160000000365e-01,3.949038670000000195e-01,2.972805869999999850e-01,4.565723839999999978e-01,4.231410139999999820e-01,6.567695470000000091e-01,1.000000000000000000e+00
8.768814739999999386e-01,3.346872560000000441e-01,3.955303599999999975e-02,4.236590019999999512e-01,3.980097030000000480e-01,8.934552110000000269e-01,5.720264399999999694e-02,6.946478200000000269e-02,1.558165700000000049e-02,6.919999999999999814e-06,8.418061699999999925e-02,6.669742630000000672e-01,5.465616330000000467e-01,5.331295219999999668e-01,1.284708999999999981e-03,6.208662000000000208e-03,2.101383000000000070e-03,0.000000000000000000e+00,0.000000000000000000e+00,1.238630369999999953e-01,4.191371640000000065e-01,2.656968239999999981e-01,8.962751999999999178e-03,6.075272160000000365e-01,3.949038670000000195e-01,2.972805869999999850e-01,4.565723839999999978e-01,4.231410139999999820e-01,6.567695470000000091e-01,1.000000000000000000e+00
8.669360320000000231e-01,3.361604990000000015e-01,2.912251000000000423e-02,4.264334579999999875e-01,4.106821429999999995e-01,8.934552110000000269e-01,5.720264399999999694e-02,6.946478200000000269e-02,1.558165700000000049e-02,6.919999999999999814e-06,8.418061699999999925e-02,6.459749089999999860e-01,5.487207000000000612e-01,5.385224539999999838e-01,1.284708999999999981e-03,6.208662000000000208e-03,2.101383000000000070e-03,0.000000000000000000e+00,0.000000000000000000e+00,1.226202319999999957e-01,4.191371640000000065e-01,2.656968239999999981e-01,8.962751999999999178e-03,6.075272160000000365e-01,3.949038670000000195e-01,2.972805869999999850e-01,4.565723839999999978e-01,4.231410139999999820e-01,6.567695470000000091e-01,1.000000000000000000e+00
8.652950939999999314e-01,3.154708680000000154e-01,3.068832900000000377e-02,4.391958899999999777e-01,4.114403209999999977e-01,8.934552110000000269e-01,5.720264399999999694e-02,6.946478200000000269e-02,1.558165700000000049e-02,6.919999999999999814e-06,8.418061699999999925e-02,6.446305740000000117e-01,5.633265980000000672e-01,5.164727019999999502e-01,1.284708999999999981e-03,6.208662000000000208e-03,2.101383000000000070e-03,0.000000000000000000e+00,0.000000000000000000e+00,1.061922510000000014e-01,4.191371640000000065e-01,2.656968239999999981e-01,8.962751999999999178e-03,6.075272160000000365e-01,3.949038670000000195e-01,2.972805869999999850e-01,4.565723839999999978e-01,4.231410139999999820e-01,6.567695470000000091e-01,1.000000000000000000e+00
8.839966069999999343e-01,3.153210180000000085e-01,2.182137000000000659e-02,4.414821250000000030e-01,4.092288020000000026e-01,8.934552110000000269e-01,5.720264399999999694e-02,6.946478200000000269e-02,1.558165700000000049e-02,6.919999999999999814e-06,8.418061699999999925e-02,6.452524579999999732e-01,5.459290410000000593e-01,5.200246699999999667e-01,1.284708999999999981e-03,6.208662000000000208e-03,2.101383000000000070e-03,0.000000000000000000e+00,0.000000000000000000e+00,1.132131430000000022e-01,4.191371640000000065e-01,2.656968239999999981e-01,8.962751999999999178e-03,6.075272160000000365e-01,3.949038670000000195e-01,2.972805869999999850e-01,4.565723839999999978e-01,4.231410139999999820e-01,6.567695470000000091e-01,1.000000000000000000e+00
8.785197270000000280e-01,3.174139470000000296e-01,1.961186800000000452e-02,4.138963780000000092e-01,4.043917519999999932e-01,8.934552110000000269e-01,5.720264399999999694e-02,6.946478200000000269e-02,1.558165700000000049e-02,6.919999999999999814e-06,8.418061699999999925e-02,6.514352570000000453e-01,5.475202420000000458e-01,5.148640089999999558e-01,1.284708999999999981e-03,6.208662000000000208e-03,2.101383000000000070e-03,0.000000000000000000e+00,0.000000000000000000e+00,1.223450630000000039e-01,4.191371640000000065e-01,2.656968239999999981e-01,8.962751999999999178e-03,6.075272160000000365e-01,3.949038670000000195e-01,2.972805869999999850e-01,4.565723839999999978e-01,4.231410139999999820e-01,6.567695470000000091e-01,1.000000000000000000e+00
8.685731639999999532e-01,3.351083160000000172e-01,3.810425800000000196e-02,4.275504789999999833e-01,3.995541470000000261e-01,8.934552110000000269e-01,5.720264399999999694e-02,6.946478200000000269e-02,1.558165700000000049e-02,6.919999999999999814e-06,8.418061699999999925e-02,6.565658010000000600e-01,5.448872680000000912e-01,5.377270610000000062e-01,1.284708999999999981e-03,6.208662000000000208e-03,2.101383000000000070e-03,0.000000000000000000e+00,0.000000000000000000e+00,1.205407930000000072e-01,4.191371640000000065e-01,2.656968239999999981e-01,8.962751999999999178e-03,6.075272160000000365e-01,3.949038670000000195e-01,2.972805869999999850e-01,4.565723839999999978e-01,4.231410139999999820e-01,6.567695470000000091e-01,1.000000000000000000e+00
8.692285749999999478e-01,3.206850560000000239e-01,3.651423100000000810e-02,4.431101279999999920e-01,4.129895690000000008e-01,8.934552110000000269e-01,5.720264399999999694e-02,6.946478200000000269e-02,1.558165700000000049e-02,6.919999999999999814e-06,8.418061699999999925e-02,6.636820720000000673e-01,5.483339990000000164e-01,5.213355249999999108e-01,1.284708999999999981e-03,6.208662000000000208e-03,2.101383000000000070e-03,0.000000000000000000e+00,0.000000000000000000e+00,1.020410370000000011e-01,4.191371640000000065e-01,2.656968239999999981e-01,8.962751999999999178e-03,6.075272160000000365e-01,3.949038670000000195e-01,2.972805869999999850e-01,4.565723839999999978e-01,4.231410139999999820e-01,6.567695470000000091e-01,1.000000000000000000e+00
8.771364349999999366e-01,3.390773710000000163e-01,1.657460100000000131e-02,4.187819549999999835e-01,4.197195080000000189e-01,8.934552110000000269e-01,5.720264399999999694e-02,6.946478200000000269e-02,1.558165700000000049e-02,6.919999999999999814e-06,8.418061699999999925e-02,6.653924420000000284e-01,5.509525259999999980e-01,5.175874309999999312e-01,1.284708999999999981e-03,6.208662000000000208e-03,2.101383000000000070e-03,0.000000000000000000e+00,0.000000000000000000e+00,1.141070000000000001e-01,4.191371640000000065e-01,2.656968239999999981e-01,8.962751999999999178e-03,6.075272160000000365e-01,3.949038670000000195e-01,2.972805869999999850e-01,4.565723839999999978e-01,4.231410139999999820e-01,6.567695470000000091e-01,1.000000000000000000e+00
8.798013159999999999e-01,3.182129180000000113e-01,2.112627499999999992e-02,4.358466189999999907e-01,4.084314510000000009e-01,8.934552110000000269e-01,5.720264399999999694e-02,6.946478200000000269e-02,1.558165700000000049e-02,6.919999999999999814e-06,8.418061699999999925e-02,6.592328900000000713e-01,5.540251090000000156e-01,5.227248539999999055e-01,1.284708999999999981e-03,6.208662000000000208e-03,2.101383000000000070e-03,0.000000000000000000e+00,0.000000000000000000e+00,1.165726400000000051e-01,4.191371640000000065e-01,2.656968239999999981e-01,8.962751999999999178e-03,6.075272160000000365e-01,3.949038670000000195e-01,2.972805869999999850e-01,4.565723839999999978e-01,4.231410139999999820e-01,6.567695470000000091e-01,1.000000000000000000e+00
8.681432919999999553e-01,3.110011249999999894e-01,2.738221500000000488e-02,4.177496939999999492e-01,4.188987080000000085e-01,8.934552110000000269e-01,5.720264399999999694e-02,6.946478200000000269e-02,1.558165700000000049e-02,6.919999999999999814e-06,8.418061699999999925e-02,6.728997939999999955e-01,5.686995740000000410e-01,5.316708089999999665e-01,1.284708999999999981e-03,6.208662000000000208e-03,2.101383000000000070e-03,0.000000000000000000e+00,0.000000000000000000e+00,1.311992029999999865e-01,4.191371640000000065e-01,2.656968239999999981e-01,8.962751999999999178e-03,6.075272160000000365e-01,3.949038670000000195e-01,2.972805869999999850e-01,4.565723839999999978e-01,4.231410139999999820e-01,6.567695470000000091e-01,1.000000000000000000e+00
8.722069110000000292e-01,3.303632970000000002e-01,3.693815599999999977e-02,4.291721809999999859e-01,4.110366590000000264e-01,8.934552110000000269e-01,5.720264399999999694e-02,6.946478200000000269e-02,1.558165700000000049e-02,6.919999999999999814e-06,8.418061699999999925e-02,6.520208440000000438e-01,5.609733920000000706e-01,5.222251659999999074e-01,1.284708999999999981e-03,6.208662000000000208e-03,2.101383000000000070e-03,0.000000000000000000e+00,0.000000000000000000e+00,1.096202609999999966e-01,4.191371640000000065e-01,2.656968239999999981e-01,8.962751999999999178e-03,6.075272160000000365e-01,3.949038670000000195e-01,2.972805869999999850e-01,4.565723839999999978e-01,4.231410139999999820e-01,6.567695470000000091e-01,1.000000000000000000e+00
8.583029869999999617e-01,3.193988630000000328e-01,2.497840100000000424e-02,4.226906889999999528e-01,4.165845380000000042e-01,8.934552110000000269e-01,5.720264399999999694e-02,6.946478200000000269e-02,1.558165700000000049e-02,6.919999999999999814e-06,8.418061699999999925e-02,6.469817310000000044e-01,5.476811089999999993e-01,5.428093189999999568e-01,1.284708999999999981e-03,6.208662000000000208e-03,2.101383000000000070e-03,0.000000000000000000e+00,0.000000000000000000e+00,1.071519999999999972e-01,4.191371640000000065e-01,2.656968239999999981e-01,8.962751999999999178e-03,6.075272160000000365e-01,3.949038670000000195e-01,2.972805869999999850e-01,4.565723839999999978e-01,4.231410139999999820e-01,6.567695470000000091e-01,1.000000000000000000e+00
8.659438480000000160e-01,3.297278750000000036e-01,3.107999100000000472e-02,4.163889219999999947e-01,3.954158560000000100e-01,8.934552110000000269e-01,5.720264399999999694e-02,6.946478200000000269e-02,1.558165700000000049e-02,6.919999999999999814e-06,8.418061699999999925e-02,6.701972800000000063e-01,5.496022249999999998e-01,5.263862769999999580e-01,1.284708999999999981e-03,6.208662000000000208e-03,2.101383000000000070e-03,0.000000000000000000e+00,0.000000000000000000e+00,1.098594259999999961e-01,4.191371640000000065e-01,2.656968239999999981e-01,8.962751999999999178e-03,6.075272160000000365e-01,3.949038670000000195e-01,2.972805869999999850e-01,4.565723839999999978e-01,4.231410139999999820e-01,6.567695470000000091e-01,1.000000000000000000e+00
8.592563300000000126e-01,3.359270089999999986e-01,4.132532000000000566e-02,4.165670299999999493e-01,4.061496370000000078e-01,8.934552110000000269e-01,5.720264399999999694e-02,6.946478200000000269e-02,1.558165700000000049e-02,6.919999999999999814e-06,8.418061699999999925e-02,6.479133559999999958e-01,5.531059150000000590e-01,5.184500569999999087e-01,1.284708999999999981e-03,6.208662000000000208e-03,2.101383000000000070e-03,0.000000000000000000e+00,0.000000000000000000e+00,1.270625370000000032e-01,4.191371640000000065e-01,2.656968239999999981e-01,8.962751999999999178e-03,6.075272160000000365e-01,3.949038670000000195e-01,2.972805869999999850e-01,4.565723839999999978e-01,4.231410139999999820e-01,6.567695470000000091e-01,1.000000000000000000e+00
8.624938089999999447e-01,3.273330610000000362e-01,4.404986100000000265e-02,4.317195989999999539e-01,4.100389420000000174e-01,8.934552110000000269e-01,5.720264399999999694e-02,6.946478200000000269e-02,1.558165700000000049e-02,6.919999999999999814e-06,8.418061699999999925e-02,6.609599040000000425e-01,5.520998380000000649e-01,5.142227309999999330e-01,1.284708999999999981e-03,6.208662000000000208e-03,2.101383000000000070e-03,0.000000000000000000e+00,0.000000000000000000e+00,1.120755660000000015e-01,4.191371640000000065e-01,2.656968239999999981e-01,8.962751999999999178e-03,6.075272160000000365e-01,3.949038670000000195e-01,2.972805869999999850e-01,4.565723839999999978e-01,4.231410139999999820e-01,6.567695470000000091e-01,1.000000000000000000e+00
8.708527120000000288e-01,3.183199750000000328e-01,2.283406500000000061e-02,4.289844739999999490e-01,3.932164949999999992e-01,8.934552110000000269e-01,5.720264399999999694e-02,6.946478200000000269e-02,1.558165700000000049e-02,6.919999999999999814e-06,8.418061699999999925e-02,6.550426690000000773e-01,5.519082849999999985e-01,5.408381589999999850e-01,1.284708999999999981e-03,6.208662000000000208e-03,2.101383000000000070e-03,0.000000000000000000e+00,0.000000000000000000e+00,1.269224099999999855e-01,4.191371640000000065e-01,2.656968239999999981e-01,8.962751999999999178e-03,6.075272160000000365e-01,3.949038670000000195e-01,2.972805869999999850e-01,4.565723839999999978e-01,4.231410139999999820e-01,6.567695470000000091e-01,1.000000000000000000e+00
8.687358649999999960e-01,3.376907729999999996e-01,1.833942300000000053e-02,4.311842280000000027e-01,4.059302920000000259e-01,8.934552110000000269e-01,5.720264399999999694e-02,6.946478200000000269e-02,1.558165700000000049e-02,6.919999999999999814e-06,8.418061699999999925e-02,6.569137750000000331e-01,5.471903110000000403e-01,5.228894089999999162e-01,1.284708999999999981e-03,6.208662000000000208e-03,2.101383000000000070e-03,0.000000000000000000e+00,0.000000000000000000e+00,1.315351849999999989e-01,4.191371640000000065e-01,2.656968239999999981e-01,8.962751999999999178e-03,6.075272160000000365e-01,3.949038670000000195e-01,2.972805869999999850e-01,4.565723839999999978e-01,4.231410139999999820e-01,6.567695470000000091e-01,1.000000000000000000e+00
8.647872060000000305e-01,3.309647030000000267e-01,2.132415400000000488e-02,4.273496900000000043e-01,4.200762100000000054e-01,8.934552110000000269e-01,5.720264399999999694e-02,6.946478200000000269e-02,1.558165700000000049e-02,6.919999999999999814e-06,8.418061699999999925e-02,6.541157800000000355e-01,5.663559300000000629e-01,5.374951789999999896e-01,1.284708999999999981e-03,6.208662000000000208e-03,2.101383000000000070e-03,0.000000000000000000e+00,0.000000000000000000e+00,1.227071710000000038e-01,4.191371640000000065e-01,2.656968239999999981e-01,8.962751999999999178e-03,6.075272160000000365e-01,3.949038670000000195e-01,2.972805869999999850e-01,4.565723839999999978e-01,4.231410139999999820e-01,6.567695470000000091e-01,1.000000000000000000e+00
8.611950050000000134e-01,3.155614650000000410e-01,4.208998700000000232e-02,4.402598889999999598e-01,3.985544010000000026e-01,8.934552110000000269e-01,5.720264399999999694e-02,6.946478200000000269e-02,1.558165700000000049e-02,6.919999999999999814e-06,8.418061699999999925e-02,6.442085100000000120e-01,5.412367450000000746e-01,5.329693809999999088e-01,1.284708999999999981e-03,6.208662000000000208e-03,2.101383000000000070e-03,0.000000000000000000e+00,0.000000000000000000e+00,1.055923049999999974e-01,4.191371640000000065e-01,2.656968239999999981e-01,8.962751999999999178e-03,6.075272160000000365e-01,3.949038670000000195e-01,2.972805869999999850e-01,4.565723839999999978e-01,4.231410139999999820e-01,6.567695470000000091e-01,1.000000000000000000e+00
8.764059119999999536e-01,3.274888270000000379e-01,4.039206500000000477e-02,4.332311889999999610e-01,4.133939940000000424e-01,8.934552110000000269e-01,5.720264399999999694e-02,6.946478200000000269e-02,1.558165700000000049e-02,6.919999999999999814e-06,8.418061699999999925e-02,6.440654909999999900e-01,5.548854189999999909e-01,5.161082649999999550e-01,1.284708999999999981e-03,6.208662000000000208e-03,2.101383000000000070e-03,0.000000000000000000e+00,0.000000000000000000e+00,1.115995830000000022e-01,4.191371640000000065e-01,2.656968239999999981e-01,8.962751999999999178e-03,6.075272160000000365e-01,3.949038670000000195e-01,2.972805869999999850e-01,4.565723839999999978e-01,4.231410139999999820e-01,6.567695470000000091e-01,1.000000000000000000e+00
8.832825490000000279e-01,3.238174310000000444e-01,2.591642800000000177e-02,4.204279319999999487e-01,3.907143459999999902e-01,8.934552110000000269e-01,5.720264399999999694e-02,6.946478200000000269e-02,1.558165700000000049e-02,6.919999999999999814e-06,8.418061699999999925e-02,6.726799829999999814e-01,5.436136150000000500e-01,5.291147609999999890e-01,1.284708999999999981e-03,6.208662000000000208e-03,2.101383000000000070e-03,0.000000000000000000e+00,0.000000000000000000e+00,1.148170300000000005e-01,4.191371640000000065e-01,2.656968239999999981e-01,8.962751999999999178e-03,6.075272160000000365e-01,3.949038670000000195e-01,2.972805869999999850e-01,4.565723839999999978e-01,4.231410139999999820e-01,6.567695470000000091e-01,1.000000000000000000e+00
8.841899599999999415e-01,3.213486640000000061e-01,1.846161300000000172e-02,4.394496199999999853e-01,4.113055520000000187e-01,8.934552110000000269e-01,5.720264399999999694e-02,6.946478200000000269e-02,1.558165700000000049e-02,6.919999999999999814e-06,8.418061699999999925e-02,6.519743860000000168e-01,5.545135720000000656e-01,5.381454229999999006e-01,1.284708999999999981e-03,6.208662000000000208e-03,2.101383000000000070e-03,0.000000000000000000e+00,0.000000000000000000e+00,1.200447389999999975e-01,4.191371640000000065e-01,2.656968239999999981e-01,8.962751999999999178e-03,6.075272160000000365e-01,3.949038670000000195e-01,2.972805869999999850e-01,4.565723839999999978e-01,4.231410139999999820e-01,6.567695470000000091e-01,1.000000000000000000e+00
8.716056150000000002e-01,3.349707570000000079e-01,4.259710300000000421e-02,4.228351049999999889e-01,4.010128050000000277e-01,8.934552110000000269e-01,5.720264399999999694e-02,6.946478200000000269e-02,1.558165700000000049e-02,6.919999999999999814e-06,8.418061699999999925e-02,6.662237699999999929e-01,5.569020760000000791e-01,5.422545119999999663e-01,1.284708999999999981e-03,6.208662000000000208e-03,2.101383000000000070e-03,0.000000000000000000e+00,0.000000000000000000e+00,1.302256320000000078e-01,4.191371640000000065e-01,2.656968239999999981e-01,8.962751999999999178e-03,6.075272160000000365e-01,3.949038670000000195e-01,2.972805869999999850e-01,4.565723839999999978e-01,4.231410139999999820e-01,6.567695470000000091e-01,1.000000000000000000e+00
8.859173689999999546e-01,3.169013740000000134e-01,3.527013000000000370e-02,4.275295939999999573e-01,3.993278930000000448e-01,8.934552110000000269e-01,5.720264399999999694e-02,6.946478200000000269e-02,1.558165700000000049e-02,6.919999999999999814e-06,8.418061699999999925e-02,6.578422210000000048e-01,5.570151710000000866e-01,5.252926459999999187e-01,1.284708999999999981e-03,6.208662000000000208e-03,2.101383000000000070e-03,0.000000000000000000e+00,0.000000000000000000e+00,1.034978339999999969e-01,4.191371640000000065e-01,2.656968239999999981e-01,8.962751999999999178e-03,6.075272160000000365e-01,3.949038670000000195e-01,2.972805869999999850e-01,4.565723839999999978e-01,4.231410139999999820e-01,6.567695470000000091e-01,1.000000000000000000e+00
8.826783350000000361e-01,3.198056950000000009e-01,1.991885000000000183e-02,4.214859460000000002e-01,4.193998520000000174e-01,8.934552110000000269e-01,5.720264399999999694e-02,6.946478200000000269e-02,1.558165700000000049e-02,6.919999999999999814e-06,8.418061699999999925e-02,6.650968809999999731e-01,5.657394000000000034e-01,5.255466729999999087e-01,1.284708999999999981e-03,6.208662000000000208e-03,2.101383000000000070e-03,0.000000000000000000e+00,0.000000000000000000e+00,1.154208449999999941e-01,4.191371640000000065e-01,2.656968239999999981e-01,8.962751999999999178e-03,6.075272160000000365e-01,3.949038670000000195e-01,2.972805869999999850e-01,4.565723839999999978e-01,4.231410139999999820e-01,6.567695470000000091e-01,1.000000000000000000e+00
8.712810599999999406e-01,3.383263950000000020e-01,2.021388100000000299e-02,4.282656879999999777e-01,4.013307130000000056e-01,8.934552110000000269e-01,5.720264399999999694e-02,6.946478200000000269e-02,1.558165700000000049e-02,6.919999999999999814e-06,8.418061699999999925e-02,6.651915560000000172e-01,5.611662179999999944e-01,5.295995129999999662e-01,1.284708999999999981e-03,6.208662000000000208e-03,2.101383000000000070e-03,0.000000000000000000e+00,0.000000000000000000e+00,1.202209600000000017e-01,4.191371640000000065e-01,2.656968239999999981e-01,8.962751999999999178e-03,6.075272160000000365e-01,3.949038670000000195e-01,2.972805869999999850e-01,4.565723839999999978e-01,4.231410139999999820e-01,6.567695470000000091e-01,1.000000000000000000e+00
8.850442419999999810e-01,3.400641660000000011e-01,2.384862500000000177e-02,4.342490489999999981e-01,4.056897280000000272e-01,8.934552110000000269e-01,5.720264399999999694e-02,6.946478200000000269e-02,1.558165700000000049e-02,6.919999999999999814e-06,8.418061699999999925e-02,6.561744390000000537e-01,5.462979660000000237e-01,5.230347149999999834e-01,1.284708999999999981e-03,6.208662000000000208e-03,2.101383000000000070e-03,0.000000000000000000e+00,0.000000000000000000e+00,1.080578779999999961e-01,4.191371640000000065e-01,2.656968239999999981e-01,8.962751999999999178e-03,6.075272160000000365e-01,3.949038670000000195e-01,2.972805869999999850e-01,4.565723839999999978e-01,4.231410139999999820e-01,6.567695470000000091e-01,1.000000000000000000e+00
8.809697130000000431e-01,3.236528419999999961e-01,2.779124100000000472e-02,4.166411859999999967e-01,3.917166300000000101e-01,8.934552110000000269e-01,5.720264399999999694e-02,6.946478200000000269e-02,1.558165700000000049e-02,6.919999999999999814e-06,8.418061699999999925e-02,6.690855039999999976e-01,5.618563280000000715e-01,5.323646089999999331e-01,1.284708999999999981e-03,6.208662000000000208e-03,2.101383000000000070e-03,0.000000000000000000e+00,0.000000000000000000e+00,1.139851090000000011e-01,4.191371640000000065e-01,2.656968239999999981e-01,8.962751999999999178e-03,6.075272160000000365e-01,3.949038670000000195e-01,2.972805869999999850e-01,4.565723839999999978e-01,4.231410139999999820e-01,6.567695470000000091e-01,1.000000000000000000e+00
8.690135850000000328e-01,3.195969610000000127e-01,2.484957800000000411e-02,4.184792989999999713e-01,3.936320209999999986e-01,8.934552110000000269e-01,5.720264399999999694e-02,6.946478200000000269e-02,1.558165700000000049e-02,6.919999999999999814e-06,8.418061699999999925e-02,6.516881920000000550e-01,5.447247740000000782e-01,5.379310009999999087e-01,1.284708999999999981e-03,6.208662000000000208e-03,2.101383000000000070e-03,0.000000000000000000e+00,0.000000000000000000e+00,1.092752399999999957e-01,4.191371640000000065e-01,2.656968239999999981e-01,8.962751999999999178e-03,6.075272160000000365e-01,3.949038670000000195e-01,2.972805869999999850e-01,4.565723839999999978e-01,4.231410139999999820e-01,6.567695470000000091e-01,1.000000000000000000e+00
8.847728649999999639e-01,3.114942930000000332e-01,3.722765000000000102e-02,4.243984049999999786e-01,4.048865470000000411e-01,8.934552110000000269e-01,5.720264399999999694e-02,6.946478200000000269e-02,1.558165700000000049e-02,6.919999999999999814e-06,8.418061699999999925e-02,6.465363689999999997e-01,5.554297360000000072e-01,5.279177649999999833e-01,1.284708999999999981e-03,6.208662000000000208e-03,2.101383000000000070e-03,0.000000000000000000e+00,0.000000000000000000e+00,1.050783140000000060e-01,4.191371640000000065e-01,2.656968239999999981e-01,8.962751999999999178e-03,6.075272160000000365e-01,3.949038670000000195e-01,2.972805869999999850e-01,4.565723839999999978e-01,4.231410139999999820e-01,6.567695470000000091e-01,1.000000000000000000e+00
8.864583280000000176e-01,3.338500859999999903e-01,3.883746600000000104e-02,4.309569399999999550e-01,4.126211969999999951e-01,8.934552110000000269e-01,5.720264399999999694e-02,6.946478200000000269e-02,1.558165700000000049e-02,6.919999999999999814e-06,8.418061699999999925e-02,6.539121359999999772e-01,5.408295620000000969e-01,5.370174259999999089e-01,1.284708999999999981e-03,6.208662000000000208e-03,2.101383000000000070e-03,0.000000000000000000e+00,0.000000000000000000e+00,1.286425170000000118e-01,4.191371640000000065e-01,2.656968239999999981e-01,8.962751999999999178e-03,6.075272160000000365e-01,3.949038670000000195e-01,2.972805869999999850e-01,4.565723839999999978e-01,4.231410139999999820e-01,6.567695470000000091e-01,1.000000000000000000e+00
8.718209279999999950e-01,3.374886740000000440e-01,3.427371800000000163e-02,4.389576609999999990e-01,4.089907280000000256e-01,8.934552110000000269e-01,5.720264399999999694e-02,6.946478200000000269e-02,1.558165700000000049e-02,6.919999999999999814e-06,8.418061699999999925e-02,6.660090530000000175e-01,5.485143420000000436e-01,5.315603359999999666e-01,1.284708999999999981e-03,6.208662000000000208e-03,2.101383000000000070e-03,0.000000000000000000e+00,0.000000000000000000e+00,1.184148819999999991e-01,4.191371640000000065e-01,2.656968239999999981e-01,8.962751999999999178e-03,6.075272160000000365e-01,3.949038670000000195e-01,2.972805869999999850e-01,4.565723839999999978e-01,4.231410139999999820e-01,6.567695470000000091e-01,1.000000000000000000e+00
8.812605820000000145e-01,3.372742170000000428e-01,1.542696699999999976e-02,4.423513909999999827e-01,3.999820290000000167e-01,8.934552110000000269e-01,5.720264399999999694e-02,6.946478200000000269e-02,1.558165700000000049e-02,6.919999999999999814e-06,8.418061699999999925e-02,6.512728570000000383e-01,5.560197810000000462e-01,5.196239179999999624e-01,1.284708999999999981e-03,6.208662000000000208e-03,2.101383000000000070e-03,0.000000000000000000e+00,0.000000000000000000e+00,1.244248599999999982e-01,4.191371640000000065e-01,2.656968239999999981e-01,8.962751999999999178e-03,6.075272160000000365e-01,3.949038670000000195e-01,2.972805869999999850e-01,4.565723839999999978e-01,4.231410139999999820e-01,6.567695470000000091e-01,1.000000000000000000e+00
9.126570280000000368e-01,3.720258399999999965e-01,8.818416400000000932e-02,4.863776729999999549e-01,4.450316109999999936e-01,8.934552110000000269e-01,5.720264399999999694e-02,6.946478200000000269e-02,1.558165700000000049e-02,6.919999999999999814e-06,8.418061699999999925e-02,7.120691719999999725e-01,6.016991180000000883e-01,5.834857459999999163e-01,1.284708999999999981e-03,6.208662000000000208e-03,2.101383000000000070e-03,2.972290600000000033e-02,1.511305099999999887e-02,1.803151090000000012e-01,4.191371640000000065e-01,2.656968239999999981e-01,8.962751999999999178e-03,6.075272160000000365e-01,3.949038670000000195e-01,2.972805869999999850e-01,4.565723839999999978e-01,4.231410139999999820e-01,6.567695470000000091e-01,1.000000000000000000e+00
9.255334619999999735e-01,3.756298339999999958e-01,9.323084000000000926e-02,4.930509409999999648e-01,4.696837730000000266e-01,8.934552110000000269e-01,5.720264399999999694e-02,6.946478200000000269e-02,1.558165700000000049e-02,6.919999999999999814e-06,8.418061699999999925e-02,7.151929890000000567e-01,6.161242260000000526e-01,5.792985299999999782e-01,1.284708999999999981e-03,6.208662000000000208e-03,2.101383000000000070e-03,2.092166399999999954e-02,4.227605599999999936e-02,1.762934600000000129e-01,4.191371640000000065e-01,2.656968239999999981e-01,8.962751999999999178e-03,6.075272160000000365e-01,3.949038670000000195e-01,2.972805869999999850e-01,4.565723839999999978e-01,4.231410139999999820e-01,6.567695470000000091e-01,1.000000000000000000e+00
9.254808690000000393e-01,3.875776740000000387e-01,7.649732700000000385e-02,4.903388229999999792e-01,4.570517099999999999e-01,8.934552110000000269e-01,5.720264399999999694e-02,6.946478200000000269e-02,1.558165700000000049e-02,6.919999999999999814e-06,8.418061699999999925e-02,7.062366410000000538e-01,6.095151200000000768e-01,5.764297829999999179e-01,1.284708999999999981e-03,6.208662000000000208e-03,2.101383000000000070e-03,1.198835500000000089e-02,3.975895100000000071e-02,1.694423280000000032e-01,4.191371640000000065e-01,2.656968239999999981e-01,8.962751999999999178e-03,6.075272160000000365e-01,3.949038670000000195e-01,2.972805869999999850e-01,4.565723839999999978e-01,4.231410139999999820e-01,6.567695470000000091e-01,1.000000000000000000e+00
9.173661570000000154e-01,3.798388089999999995e-01,6.576378700000000410e-02,4.905725089999999899e-01,4.456724630000000187e-01,8.934552110000000269e-01,5.720264399999999694e-02,6.946478200000000269e-02,1.558165700000000049e-02,6.919999999999999814e-06,8.418061699999999925e-02,6.989116229999999819e-01,6.065526800000000662e-01,5.716173719999999570e-01,1.284708999999999981e-03,6.208662000000000208e-03,2.101383000000000070e-03,1.344290300000000084e-02,2.668554899999999938e-02,1.805766309999999875e-01,4.191371640000000065e-01,2.656968239999999981e-01,8.962751999999999178e-03,6.075272160000000365e-01,3.949038670000000195e-01,2.972805869999999850e-01,4.565723839999999978e-01,4.231410139999999820e-01,6.567695470000000091e-01,1.000000000000000000e+00
9.138334329999999728e-01,3.660471290000000266e-01,9.319787600000001282e-02,4.842406439999999979e-01,4.630372209999999988e-01,8.934552110000000269e-01,5.720264399999999694e-02,6.946478200000000269e-02,1.558165700000000049e-02,6.919999999999999814e-06,8.418061699999999925e-02,7.012020119999999856e-01,6.133154580000000911e-01,5.649911359999999494e-01,1.284708999999999981e-03,6.208662000000000208e-03,2.101383000000000070e-03,4.035789599999999727e-02,1.577994500000000008e-02,1.769695900000000099e-01,4.191371640000000065e-01,2.656968239999999981e-01,8.962751999999999178e-03,6.075272160000000365e-01,3.949038670000000195e-01,2.972805869999999850e-01,4.565723839999999978e-01,4.231410139999999820e-01,6.567695470000000091e-01,1.000000000000000000e+00
9.339153159999999954e-01,3.714224030000000121e-01,9.053558400000000228e-02,4.717695879999999620e-01,4.564541930000000081e-01,8.934552110000000269e-01,5.720264399999999694e-02,6.946478200000000269e-02,1.558165700000000049e-02,6.919999999999999814e-06,8.418061699999999925e-02,6.960392979999999730e-01,6.080817460000000896e-01,5.880093619999999799e-01,1.284708999999999981e-03,6.208662000000000208e-03,2.101383000000000070e-03,2.747532999999999920e-02,1.948588299999999898e-02,1.738853599999999888e-01,4.191371640000000065e-01,2.656968239999999981e-01,8.962751999999999178e-03,6.075272160000000365e-01,3.949038670000000195e-01,2.972805869999999850e-01,4.565723839999999978e-01,4.231410139999999820e-01,6.567695470000000091e-01,1.000000000000000000e+00
9.315174330000000058e-01,3.727580169999999971e-01,9.424510499999999569e-02,4.665432429999999964e-01,4.482694360000000211e-01,8.934552110000000269e-01,5.720264399999999694e-02,6.946478200000000269e-02,1.558165700000000049e-02,6.919999999999999814e-06,8.418061699999999925e-02,6.948204570000000579e-01,6.176128830000000569e-01,5.653698779999999369e-01,1.284708999999999981e-03,6.208662000000000208e-03,2.101383000000000070e-03,1.906644099999999994e-02,2.745358099999999774e-02,1.537003030000000103e-01,4.191371640000000065e-01,2.656968239999999981e-01,8.962751999999999178e-03,6.075272160000000365e-01,3.949038670000000195e-01,2.972805869999999850e-01,4.565723839999999978e-01,4.231410139999999820e-01,6.567695470000000091e-01,1.000000000000000000e+00
9.224777789999999422e-01,3.722794470000000411e-01,9.125209300000000634e-02,4.848509939999999796e-01,4.544728350000000194e-01,8.934552110000000269e-01,5.720264399999999694e-02,6.946478200000000269e-02,1.558165700000000049e-02,6.919999999999999814e-06,8.418061699999999925e-02,7.166896190000000555e-01,5.996487610000000856e-01,5.926593860000000102e-01,1.284708999999999981e-03,6.208662000000000208e-03,2.101383000000000070e-03,2.457012299999999927e-02,3.320015300000000308e-02,1.587174600000000046e-01,4.191371640000000065e-01,2.656968239999999981e-01,8.962751999999999178e-03,6.075272160000000365e-01,3.949038670000000195e-01,2.972805869999999850e-01,4.565723839999999978e-01,4.231410139999999820e-01,6.567695470000000091e-01,1.000000000000000000e+00
9.154919710000000155e-01,3.640926040000000419e-01,8.071466000000000751e-02,4.766599249999999843e-01,4.518420150000000413e-01,8.934552110000000269e-01,5.720264399999999694e-02,6.946478200000000269e-02,1.558165700000000049e-02,6.919999999999999814e-06,8.418061699999999925e-02,7.221175509999999687e-01,5.983269690000000418e-01,5.679359039999999359e-01,1.284708999999999981e-03,6.208662000000000208e-03,2.101383000000000070e-03,1.977075799999999939e-02,3.143551199999999879e-02,1.680568440000000108e-01,4.191371640000000065e-01,2.656968239999999981e-01,8.962751999999999178e-03,6.075272160000000365e-01,3.949038670000000195e-01,2.972805869999999850e-01,4.565723839999999978e-01,4.231410139999999820e-01,6.567695470000000091e-01,1.000000000000000000e+00
9.249448040000000093e-01,3.669758160000000102e-01,8.499427800000000643e-02,4.781865849999999973e-01,4.559699460000000149e-01,8.934552110000000269e-01,5.720264399999999694e-02,6.946478200000000269e-02,1.558165700000000049e-02,6.919999999999999814e-06,8.418061699999999925e-02,7.194744029999999846e-01,6.075367560000000111e-01,5.807310669999999897e-01,1.284708999999999981e-03,6.208662000000000208e-03,2.101383000000000070e-03,2.591097199999999739e-02,1.969293399999999875e-02,1.753139290000000072e-01,4.191371640000000065e-01,2.656968239999999981e-01,8.962751999999999178e-03,6.075272160000000365e-01,3.949038670000000195e-01,2.972805869999999850e-01,4.565723839999999978e-01,4.231410139999999820e-01,6.567695470000000091e-01,1.000000000000000000e+00
9.348437189999999619e-01,3.661149370000000292e-01,8.714803700000001152e-02,4.727541759999999704e-01,4.636493240000000293e-01,8.934552110000000269e-01,5.720264399999999694e-02,6.946478200000000269e-02,1.558165700000000049e-02,6.919999999999999814e-06,8.418061699999999925e-02,7.028095640000000532e-01,6.018941450000000470e-01,5.938492149999999858e-01,1.284708999999999981e-03,6.208662000000000208e-03,2.101383000000000070e-03,3.982158999999999699e-02,3.528094899999999895e-02,1.641321480000000055e-01,4.191371640000000065e-01,2.656968239999999981e-01,8.962751999999999178e-03,6.075272160000000365e-01,3.949038670000000195e-01,2.972805869999999850e-01,4.565723839999999978e-01,4.231410139999999820e-01,6.567695470000000091e-01,1.000000000000000000e+00
9.098806910000000192e-01,3.730952490000000177e-01,7.688630999999999938e-02,4.756269989999999948e-01,4.618466300000000357e-01,8.934552110000000269e-01,5.720264399999999694e-02,6.946478200000000269e-02,1.558165700000000049e-02,6.919999999999999814e-06,8.418061699999999925e-02,7.131166070000000134e-01,6.052571010000000751e-01,5.681300189999999306e-01,1.284708999999999981e-03,6.208662000000000208e-03,2.101383000000000070e-03,1.749053999999999887e-02,4.260482999999999632e-02,1.612516820000000073e-01,4.191371640000000065e-01,2.656968239999999981e-01,8.962751999999999178e-03,6.075272160000000365e-01,3.949038670000000195e-01,2.972805869999999850e-01,4.565723839999999978e-01,4.231410139999999820e-01,6.567695470000000091e-01,1.000000000000000000e+00
9.189562470000000038e-01,3.839746560000000253e-01,6.612278500000000336e-02,4.913539889999999910e-01,4.663123200000000024e-01,8.934552110000000269e-01,5.720264399999999694e-02,6.946478200000000269e-02,1.558165700000000049e-02,6.919999999999999814e-06,8.418061699999999925e-02,7.190413290000000623e-01,5.988279970000000008e-01,5.674683109999999475e-01,1.284708999999999981e-03,6.208662000000000208e-03,2.101383000000000070e-03,1.840114999999999806e-02,2.131100299999999850e-02,1.735059680000000104e-01,4.191371640000000065e-01,2.656968239999999981e-01,8.962751999999999178e-03,6.075272160000000365e-01,3.949038670000000195e-01,2.972805869999999850e-01,4.565723839999999978e-01,4.231410139999999820e-01,6.567695470000000091e-01,1.000000000000000000e+00
9.123779720000000371e-01,3.610111559999999997e-01,7.902372700000000194e-02,4.884341789999999683e-01,4.590727100000000505e-01,8.934552110000000269e-01,5.720264399999999694e-02,6.946478200000000269e-02,1.558165700000000049e-02,6.919999999999999814e-06,8.418061699999999925e-02,7.191988870000000089e-01,6.086771680000000462e-01,5.876215779999999222e-01,1.284708999999999981e-03,6.208662000000000208e-03,2.101383000000000070e-03,1.306796600000000030e-02,4.203640000000000154e-02,1.597508779999999851e-01,4.191371640000000065e-01,2.656968239999999981e-01,8.962751999999999178e-03,6.075272160000000365e-01,3.949038670000000195e-01,2.972805869999999850e-01,4.565723839999999978e-01,4.231410139999999820e-01,6.567695470000000091e-01,1.000000000000000000e+00
9.127782209999999452e-01,3.726825069999999962e-01,8.630744800000000883e-02,4.723290289999999558e-01,4.604031140000000022e-01,8.934552110000000269e-01,5.720264399999999694e-02,6.946478200000000269e-02,1.558165700000000049e-02,6.919999999999999814e-06,8.418061699999999925e-02,6.999586509999999873e-01,5.954400490000000268e-01,5.936287029999999243e-01,1.284708999999999981e-03,6.208662000000000208e-03,2.101383000000000070e-03,3.316897700000000226e-02,3.402282699999999854e-02,1.569433010000000073e-01,4.191371640000000065e-01,2.656968239999999981e-01,8.962751999999999178e-03,6.075272160000000365e-01,3.949038670000000195e-01,2.972805869999999850e-01,4.565723839999999978e-01,4.231410139999999820e-01,6.567695470000000091e-01,1.000000000000000000e+00
9.197360900000000061e-01,3.792920700000000367e-01,8.299718999999999847e-02,4.802130179999999915e-01,4.416531770000000079e-01,8.934552110000000269e-01,5.720264399999999694e-02,6.946478200000000269e-02,1.558165700000000049e-02,6.919999999999999814e-06,8.418061699999999925e-02,7.162493170000000520e-01,6.041805980000000131e-01,5.892648229999999376e-01,1.284708999999999981e-03,6.208662000000000208e-03,2.101383000000000070e-03,2.843937899999999727e-02,1.416989399999999885e-02,1.646442409999999967e-01,4.191371640000000065e-01,2.656968239999999981e-01,8.962751999999999178e-03,6.075272160000000365e-01,3.949038670000000195e-01,2.972805869999999850e-01,4.565723839999999978e-01,4.231410139999999820e-01,6.567695470000000091e-01,1.000000000000000000e+00
9.116129469999999513e-01,3.821541039999999945e-01,7.956619100000000833e-02,4.641522949999999925e-01,4.662025969999999964e-01,8.934552110000000269e-01,5.720264399999999694e-02,6.946478200000000269e-02,1.558165700000000049e-02,6.919999999999999814e-06,8.418061699999999925e-02,7.175389140000000276e-01,6.129950750000000559e-01,5.739224139999999919e-01,1.284708999999999981e-03,6.208662000000000208e-03,2.101383000000000070e-03,4.011950799999999817e-02,1.918289999999999926e-02,1.590318350000000103e-01,4.191371640000000065e-01,2.656968239999999981e-01,8.962751999999999178e-03,6.075272160000000365e-01,3.949038670000000195e-01,2.972805869999999850e-01,4.565723839999999978e-01,4.231410139999999820e-01,6.567695470000000091e-01,1.000000000000000000e+00
9.076717739999999868e-01,3.836107000000000267e-01,8.982880600000001103e-02,4.800793789999999728e-01,4.687734310000000182e-01,8.934552110000000269e-01,5.720264399999999694e-02,6.946478200000000269e-02,1.558165700000000049e-02,6.919999999999999814e-06,8.418061699999999925e-02,6.984317079999999844e-01,6.086322980000000715e-01,5.694946899999999701e-01,1.284708999999999981e-03,6.208662000000000208e-03,2.101383000000000070e-03,3.343483700000000197e-02,2.338403099999999957e-02,1.801200540000000017e-01,4.191371640000000065e-01,2.656968239999999981e-01,8.962751999999999178e-03,6.075272160000000365e-01,3.949038670000000195e-01,2.972805869999999850e-01,4.565723839999999978e-01,4.231410139999999820e-01,6.567695470000000091e-01,1.000000000000000000e+00
9.215373609999999438e-01,3.884958380000000377e-01,8.837311200000000366e-02,4.932001400000000091e-01,4.572229760000000032e-01,8.934552110000000269e-01,5.720264399999999694e-02,6.946478200000000269e-02,1.558165700000000049e-02,6.919999999999999814e-06,8.418061699999999925e-02,7.167983629999999939e-01,6.165318340000000008e-01,5.886635269999999087e-01,1.284708999999999981e-03,6.208662000000000208e-03,2.101383000000000070e-03,2.732237499999999944e-02,2.982154999999999875e-02,1.580114579999999935e-01,4.191371640000000065e-01,2.656968239999999981e-01,8.962751999999999178e-03,6.075272160000000365e-01,3.949038670000000195e-01,2.972805869999999850e-01,4.565723839999999978e-01,4.231410139999999820e-01,6.567695470000000091e-01,1.000000000000000000e+00
9.251554399999999401e-01,3.664581620000000317e-01,7.046449100000000410e-02,4.776931640000000034e-01,4.602851970000000348e-01,8.934552110000000269e-01,5.720264399999999694e-02,6.946478200000000269e-02,1.558165700000000049e-02,6.919999999999999814e-06,8.418061699999999925e-02,6.981332590000000060e-01,5.948970900000000173e-01,5.878979929999998966e-01,1.284708999999999981e-03,6.208662000000000208e-03,2.101383000000000070e-03,3.626666699999999549e-02,1.760555299999999948e-02,1.672107929999999965e-01,4.191371640000000065e-01,2.656968239999999981e-01,8.962751999999999178e-03,6.075272160000000365e-01,3.949038670000000195e-01,2.972805869999999850e-01,4.565723839999999978e-01,4.231410139999999820e-01,6.567695470000000091e-01,1.000000000000000000e+00
9.210050100000000128e-01,3.781235280000000420e-01,6.653558700000000714e-02,4.831880599999999748e-01,4.532385700000000073e-01,8.934552110000000269e-01,5.720264399999999694e-02,6.946478200000000269e-02,1.558165700000000049e-02,6.919999999999999814e-06,8.418061699999999925e-02,6.958443739999999877e-01,6.111402599999999907e-01,5.813263140000000107e-01,1.284708999999999981e-03,6.208662000000000208e-03,2.101383000000000070e-03,2.217453299999999974e-02,3.880118299999999604e-02,1.656163629999999887e-01,4.191371640000000065e-01,2.656968239999999981e-01,8.962751999999999178e-03,6.075272160000000365e-01,3.949038670000000195e-01,2.972805869999999850e-01,4.565723839999999978e-01,4.231410139999999820e-01,6.567695470000000091e-01,1.000000000000000000e+00
9.089160189999999639e-01,3.909453730000000404e-01,6.736436900000000727e-02,4.918914679999999984e-01,4.657411130000000399e-01,8.934552110000000269e-01,5.720264399999999694e-02,6.946478200000000269e-02,1.558165700000000049e-02,6.919999999999999814e-06,8.418061699999999925e-02,7.086532629999999777e-01,6.049034340000000176e-01,5.859035219999999544e-01,1.284708999999999981e-03,6.208662000000000208e-03,2.101383000000000070e-03,2.767589999999999981e-02,2.192567200000000022e-02,1.631096870000000032e-01,4.191371640000000065e-01,2.656968239999999981e-01,8.962751999999999178e-03,6.075272160000000365e-01,3.949038670000000195e-01,2.972805869999999850e-01,4.565723839999999978e-01,4.231410139999999820e-01,6.567695470000000091e-01,1.000000000000000000e+00
9.184894540000000385e-01,3.631676830000000189e-01,8.538495000000000112e-02,4.917966819999999850e-01,4.650046160000000373e-01,8.934552110000000269e-01,5.720264399999999694e-02,6.946478200000000269e-02,1.558165700000000049e-02,6.919999999999999814e-06,8.418061699999999925e-02,7.144760560000000815e-01,6.153807680000000779e-01,5.911087609999999826e-01,1.284708999999999981e-03,6.208662000000000208e-03,2.101383000000000070e-03,2.901627499999999762e-02,3.778816699999999751e-02,1.773752399999999896e-01,4.191371640000000065e-01,2.656968239999999981e-01,8.962751999999999178e-03,6.075272160000000365e-01,3.949038670000000195e-01,2.972805869999999850e-01,4.565723839999999978e-01,4.231410139999999820e-01,6.567695470000000091e-01,1.000000000000000000e+00
9.156999820000000234e-01,3.613296390000000358e-01,8.919118700000000510e-02,4.685071899999999623e-01,4.443800220000000412e-01,8.934552110000000269e-01,5.720264399999999694e-02,6.946478200000000269e-02,1.558165700000000049e-02,6.919999999999999814e-06,8.418061699999999925e-02,6.953288300000000088e-01,6.142579430000000285e-01,5.816197289999999187e-01,1.284708999999999981e-03,6.208662000000000208e-03,2.101383000000000070e-03,2.936197299999999955e-02,2.538791599999999996e-02,1.755530989999999902e-01,4.191371640000000065e-01,2.656968239999999981e-01,8.962751999999999178e-03,6.075272160000000365e-01,3.949038670000000195e-01,2.972805869999999850e-01,4.565723839999999978e-01,4.231410139999999820e-01,6.567695470000000091e-01,1.000000000000000000e+00
9.295380979999999793e-01,3.778832599999999986e-01,8.748927600000000471e-02,4.900534739999999889e-01,4.445225130000000080e-01,8.934552110000000269e-01,5.720264399999999694e-02,6.946478200000000269e-02,1.558165700000000049e-02,6.919999999999999814e-06,8.418061699999999925e-02,6.950396410000000413e-01,6.123278699999999963e-01,5.727579489999999884e-01,1.284708999999999981e-03,6.208662000000000208e-03,2.101383000000000070e-03,3.564501800000000054e-02,2.206145199999999876e-02,1.548416679999999879e-01,4.191371640000000065e-01,2.656968239999999981e-01,8.962751999999999178e-03,6.075272160000000365e-01,3.949038670000000195e-01,2.972805869999999850e-01,4.565723839999999978e-01,4.231410139999999820e-01,6.567695470000000091e-01,1.000000000000000000e+00
9.298992889999999623e-01,3.703597100000000086e-01,7.634541100000000191e-02,4.697067169999999958e-01,4.611918850000000236e-01,8.934552110000000269e-01,5.720264399999999694e-02,6.946478200000000269e-02,1.558165700000000049e-02,6.919999999999999814e-06,8.418061699999999925e-02,6.975969419999999976e-01,6.023427860000000189e-01,5.840228499999999823e-01,1.284708999999999981e-03,6.208662000000000208e-03,2.101383000000000070e-03,3.426024800000000009e-02,3.181390900000000133e-02,1.775412170000000012e-01,4.191371640000000065e-01,2.656968239999999981e-01,8.962751999999999178e-03,6.075272160000000365e-01,3.949038670000000195e-01,2.972805869999999850e-01,4.565723839999999978e-01,4.231410139999999820e-01,6.567695470000000091e-01,1.000000000000000000e+00
9.342361700000000324e-01,3.811688010000000015e-01,6.842477100000000922e-02,4.747851459999999912e-01,4.546817160000000135e-01,8.934552110000000269e-01,5.720264399999999694e-02,6.946478200000000269e-02,1.558165700000000049e-02,6.919999999999999814e-06,8.418061699999999925e-02,7.174540540000000632e-01,6.093149490000000501e-01,5.857216789999999396e-01,1.284708999999999981e-03,6.208662000000000208e-03,2.101383000000000070e-03,2.986848799999999859e-02,1.445440500000000003e-02,1.771175610000000067e-01,4.191371640000000065e-01,2.656968239999999981e-01,8.962751999999999178e-03,6.075272160000000365e-01,3.949038670000000195e-01,2.972805869999999850e-01,4.565723839999999978e-01,4.231410139999999820e-01,6.567695470000000091e-01,1.000000000000000000e+00
9.218466039999999584e-01,3.688214370000000297e-01,6.623200500000001045e-02,4.787856489999999798e-01,4.578605530000000035e-01,8.934552110000000269e-01,5.720264399999999694e-02,6.946478200000000269e-02,1.558165700000000049e-02,6.919999999999999814e-06,8.418061699999999925e-02,7.101048930000000148e-01,6.038170870000000301e-01,5.784705989999999742e-01,1.284708999999999981e-03,6.208662000000000208e-03,2.101383000000000070e-03,3.697111499999999884e-02,4.149702100000000199e-02,1.527808469999999974e-01,4.191371640000000065e-01,2.656968239999999981e-01,8.962751999999999178e-03,6.075272160000000365e-01,3.949038670000000195e-01,2.972805869999999850e-01,4.565723839999999978e-01,4.231410139999999820e-01,6.567695470000000091e-01,1.000000000000000000e+00
9.355961939999999366e-01,3.814006020000000330e-01,7.527391899999999469e-02,4.757834189999999852e-01,4.593789030000000051e-01,8.934552110000000269e-01,5.720264399999999694e-02,6.946478200000000269e-02,1.558165700000000049e-02,6.919999999999999814e-06,8.418061699999999925e-02,7.173357930000000549e-01,6.011308699999999838e-01,5.709824019999999445e-01,1.284708999999999981e-03,6.208662000000000208e-03,2.101383000000000070e-03,3.484200700000000123e-02,4.234786799999999685e-02,1.666663909999999971e-01,4.191371640000000065e-01,2.656968239999999981e-01,8.962751999999999178e-03,6.075272160000000365e-01,3.949038670000000195e-01,2.972805869999999850e-01,4.565723839999999978e-01,4.231410139999999820e-01,6.567695470000000091e-01,1.000000000000000000e+00
9.089707289999999773e-01,3.712510870000000351e-01,8.174033099999999941e-02,4.742688999999999933e-01,4.694465810000000294e-01,8.934552110000000269e-01,5.720264399999999694e-02,6.946478200000000269e-02,1.558165700000000049e-02,6.919999999999999814e-06,8.418061699999999925e-02,7.107745450000000353e-01,6.111901620000000923e-01,5.670385249999999600e-01,1.284708999999999981e-03,6.208662000000000208e-03,2.101383000000000070e-03,3.676141200000000026e-02,3.448342199999999969e-02,1.535760170000000091e-01,4.191371640000000065e-01,2.656968239999999981e-01,8.962751999999999178e-03,6.075272160000000365e-01,3.949038670000000195e-01,2.972805869999999850e-01,4.565723839999999978e-01,4.231410139999999820e-01,6.567695470000000091e-01,1.000000000000000000e+00
9.083126480000000003e-01,3.665918950000000009e-01,9.103987900000000411e-02,4.893001979999999640e-01,4.431744260000000102e-01,8.934552110000000269e-01,5.720264399999999694e-02,6.946478200000000269e-02,1.558165700000000049e-02,6.919999999999999814e-06,8.418061699999999925e-02,7.128044629999999993e-01,5.979679680000000719e-01,5.742805639999999379e-01,1.284708999999999981e-03,6.208662000000000208e-03,2.101383000000000070e-03,2.569460099999999747e-02,3.804958499999999688e-02,1.519085089999999971e-01,4.191371640000000065e-01,2.656968239999999981e-01,8.962751999999999178e-03,6.075272160000000365e-01,3.949038670000000195e-01,2.972805869999999850e-01,4.565723839999999978e-01,4.231410139999999820e-01,6.567695470000000091e-01,1.000000000000000000e+00
9.143018779999999568e-01,3.818939850000000469e-01,9.016995699999999503e-02,4.845035739999999924e-01,4.688864630000000311e-01,8.934552110000000269e-01,5.720264399999999694e-02,6.946478200000000269e-02,1.558165700000000049e-02,6.919999999999999814e-06,8.418061699999999925e-02,7.203015449999999875e-01,5.935070600000000862e-01,5.863589149999999250e-01,1.284708999999999981e-03,6.208662000000000208e-03,2.101383000000000070e-03,2.906162399999999771e-02,1.989583799999999902e-02,1.616484589999999943e-01,4.191371640000000065e-01,2.656968239999999981e-01,8.962751999999999178e-03,6.075272160000000365e-01,3.949038670000000195e-01,2.972805869999999850e-01,4.565723839999999978e-01,4.231410139999999820e-01,6.567695470000000091e-01,1.000000000000000000e+00
9.344425640000000310e-01,3.667413520000000204e-01,7.550631200000000598e-02,4.650230799999999776e-01,4.499885940000000195e-01,8.934552110000000269e-01,5.720264399999999694e-02,6.946478200000000269e-02,1.558165700000000049e-02,6.919999999999999814e-06,8.418061699999999925e-02,7.125782410000000011e-01,6.125171369999999893e-01,5.922689619999998989e-01,1.284708999999999981e-03,6.208662000000000208e-03,2.101383000000000070e-03,2.169396499999999908e-02,2.438825000000000021e-02,1.772269210000000095e-01,4.191371640000000065e-01,2.656968239999999981e-01,8.962751999999999178e-03,6.075272160000000365e-01,3.949038670000000195e-01,2.972805869999999850e-01,4.565723839999999978e-01,4.231410139999999820e-01,6.567695470000000091e-01,1.000000000000000000e+00
9.358192979999999661e-01,3.770886220000000399e-01,8.610268300000001318e-02,4.851372019999999896e-01,4.652426840000000174e-01,8.934552110000000269e-01,5.720264399999999694e-02,6.946478200000000269e-02,1.558165700000000049e-02,6.919999999999999814e-06,8.418061699999999925e-02,6.986181289999999766e-01,6.009254820000000663e-01,5.854017189999999315e-01,1.284708999999999981e-03,6.208662000000000208e-03,2.101383000000000070e-03,3.910284799999999561e-02,2.738164499999999960e-02,1.719163429999999992e-01,4.191371640000000065e-01,2.656968239999999981e-01,8.962751999999999178e-03,6.075272160000000365e-01,3.949038670000000195e-01,2.972805869999999850e-01,4.565723839999999978e-01,4.231410139999999820e-01,6.567695470000000091e-01,1.000000000000000000e+00
9.365140159999999492e-01,3.882040740000000101e-01,7.796005000000000296e-02,4.774919299999999533e-01,4.446562860000000117e-01,8.934552110000000269e-01,5.720264399999999694e-02,6.946478200000000269e-02,1.558165700000000049e-02,6.919999999999999814e-06,8.418061699999999925e-02,7.014229040000000692e-01,6.189520649999999957e-01,5.658840329999998975e-01,1.284708999999999981e-03,6.208662000000000208e-03,2.101383000000000070e-03,1.814677799999999883e-02,3.015618999999999938e-02,1.708494249999999992e-01,4.191371640000000065e-01,2.656968239999999981e-01,8.962751999999999178e-03,6.075272160000000365e-01,3.949038670000000195e-01,2.972805869999999850e-01,4.565723839999999978e-01,4.231410139999999820e-01,6.567695470000000091e-01,1.000000000000000000e+00
9.337719529999999324e-01,3.746667350000000285e-01,9.005174700000000143e-02,4.734000629999999821e-01,4.459952779999999950e-01,8.934552110000000269e-01,5.720264399999999694e-02,6.946478200000000269e-02,1.558165700000000049e-02,6.919999999999999814e-06,8.418061699999999925e-02,7.147367470000000056e-01,6.196240870000000456e-01,5.877632909999999100e-01,1.284708999999999981e-03,6.208662000000000208e-03,2.101383000000000070e-03,2.153912900000000061e-02,3.575901000000000080e-02,1.689160090000000058e-01,4.191371640000000065e-01,2.656968239999999981e-01,8.962751999999999178e-03,6.075272160000000365e-01,3.949038670000000195e-01,2.972805869999999850e-01,4.565723839999999978e-01,4.231410139999999820e-01,6.567695470000000091e-01,1.000000000000000000e+00
9.158134089999999672e-01,3.844336420000000198e-01,7.381560500000000635e-02,4.860286429999999824e-01,4.429553380000000318e-01,8.934552110000000269e-01,5.720264399999999694e-02,6.946478200000000269e-02,1.558165700000000049e-02,6.919999999999999814e-06,8.418061699999999925e-02,7.123597790000000263e-01,5.976793190000000422e-01,5.753220999999999474e-01,1.284708999999999981e-03,6.208662000000000208e-03,2.101383000000000070e-03,2.709566399999999847e-02,1.716361099999999876e-02,1.557589329999999883e-01,4.191371640000000065e-01,2.656968239999999981e-01,8.962751999999999178e-03,6.075272160000000365e-01,3.949038670000000195e-01,2.972805869999999850e-01,4.565723839999999978e-01,4.231410139999999820e-01,6.567695470000000091e-01,1.000000000000000000e+00
9.351442629999999756e-01,3.693987600000000482e-01,7.658025000000000249e-02,4.654884239999999562e-01,4.664801070000000327e-01,8.934552110000000269e-01,5.720264399999999694e-02,6.946478200000000269e-02,1.558165700000000049e-02,6.919999999999999814e-06,8.418061699999999925e-02,6.974322980000000616e-01,6.103910720000000900e-01,5.885898329999998957e-01,1.284708999999999981e-03,6.208662000000000208e-03,2.101383000000000070e-03,1.601858100000000049e-02,2.996114499999999806e-02,1.786006450000000023e-01,4.191371640000000065e-01,2.656968239999999981e-01,8.962751999999999178e-03,6.075272160000000365e-01,3.949038670000000195e-01,2.972805869999999850e-01,4.565723839999999978e-01,4.231410139999999820e-01,6.567695470000000091e-01,1.000000000000000000e+00
9.285719550000000044e-01,3.902102970000000393e-01,9.105793800000000493e-02,4.817432919999999896e-01,4.678151530000000391e-01,8.934552110000000269e-01,5.720264399999999694e-02,6.946478200000000269e-02,1.558165700000000049e-02,6.919999999999999814e-06,8.418061699999999925e-02,7.225308649999999666e-01,5.975410680000000641e-01,5.917416789999999649e-01,1.284708999999999981e-03,6.208662000000000208e-03,2.101383000000000070e-03,3.176092500000000235e-02,1.436383399999999894e-02,1.744650020000000079e-01,4.191371640000000065e-01,2.656968239999999981e-01,8.962751999999999178e-03,6.075272160000000365e-01,3.949038670000000195e-01,2.972805869999999850e-01,4.565723839999999978e-01,4.231410139999999820e-01,6.567695470000000091e-01,1.000000000000000000e+00
9.268409760000000386e-01,3.763290020000000236e-01,9.181823799999999647e-02,4.765718609999999855e-01,4.424953900000000440e-01,8.934552110000000269e-01,5.720264399999999694e-02,6.946478200000000269e-02,1.558165700000000049e-02,6.919999999999999814e-06,8.418061699999999925e-02,7.208986689999999919e-01,5.916082510000000294e-01,5.687333619999999090e-01,1.284708999999999981e-03,6.208662000000000208e-03,2.101383000000000070e-03,2.785014099999999840e-02,3.827181099999999586e-02,1.578132110000000088e-01,4.191371640000000065e-01,2.656968239999999981e-01,8.962751999999999178e-03,6.075272160000000365e-01,3.949038670000000195e-01,2.972805869999999850e-01,4.565723839999999978e-01,4.231410139999999820e-01,6.567695470000000091e-01,1.000000000000000000e+00
9.198735529999999549e-01,3.738042180000000214e-01,9.163877100000000775e-02,4.878647099999999792e-01,4.489509780000000005e-01,8.934552110000000269e-01,5.720264399999999694e-02,6.946478200000000269e-02,1.558165700000000049e-02,6.919999999999999814e-06,8.418061699999999925e-02,7.052924950000000193e-01,5.943577420000000222e-01,5.648595149999999787e-01,1.284708999999999981e-03,6.208662000000000208e-03,2.101383000000000070e-03,2.607893499999999753e-02,1.841415700000000044e-02,1.706587489999999985e-01,4.191371640000000065e-01,2.656968239999999981e-01,8.962751999999999178e-03,6.075272160000000365e-01,3.949038670000000195e-01,2.972805869999999850e-01,4.565723839999999978e-01,4.231410139999999820e-01,6.567695470000000091e-01,1.000000000000000000e+00
9.321904890000000110e-01,3.850690589999999913e-01,8.851132700000000075e-02,4.810540509999999825e-01,4.653521420000000242e-01,8.934552110000000269e-01,5.720264399999999694e-02,6.946478200000000269e-02,1.558165700000000049e-02,6.919999999999999814e-06,8.418061699999999925e-02,7.228961400000000204e-01,6.202567020000000486e-01,5.683723469999999445e-01,1.284708999999999981e-03,6.208662000000000208e-03,2.101383000000000070e-03,2.996162599999999815e-02,4.272366200000000253e-02,1.787991260000000027e-01,4.191371640000000065e-01,2.656968239999999981e-01,8.962751999999999178e-03,6.075272160000000365e-01,3.949038670000000195e-01,2.972805869999999850e-01,4.565723839999999978e-01,4.231410139999999820e-01,6.567695470000000091e-01,1.000000000000000000e+00
9.203888299999999356e-01,3.840689190000000086e-01,8.906406399999999834e-02,4.886296919999999488e-01,4.408796350000000475e-01,8.934552110000000269e-01,5.720264399999999694e-02,6.946478200000000269e-02,1.558165700000000049e-02,6.919999999999999814e-06,8.418061699999999925e-02,7.041974739999999899e-01,5.956459120000000551e-01,5.869886529999999158e-01,1.284708999999999981e-03,6.208662000000000208e-03,2.101383000000000070e-03,4.053492000000000206e-02,2.006630300000000061e-02,1.569707619999999859e-01,4.191371640000000065e-01,2.656968239999999981e-01,8.962751999999999178e-03,6.075272160000000365e-01,3.949038670000000195e-01,2.972805869999999850e-01,4.565723839999999978e-01,4.231410139999999820e-01,6.567695470000000091e-01,1.000000000000000000e+00
9.318678280000000091e-01,3.881072690000000325e-01,6.873435499999999698e-02,4.866223129999999730e-01,4.526053140000000363e-01,8.934552110000000269e-01,5.720264399999999694e-02,6.946478200000000269e-02,1.558165700000000049e-02,6.919999999999999814e-06,8.418061699999999925e-02,7.210825670000000631e-01,5.967113139999999927e-01,5.720268679999999106e-01,1.284708999999999981e-03,6.208662000000000208e-03,2.101383000000000070e-03,1.171123200000000024e-02,2.593626299999999760e-02,1.638817650000000126e-01,4.191371640000000065e-01,2.656968239999999981e-01,8.962751999999999178e-03,6.075272160000000365e-01,3.949038670000000195e-01,2.972805869999999850e-01,4.565723839999999978e-01,4.231410139999999820e-01,6.567695470000000091e-01,1.000000000000000000e+00
9.144633949999999567e-01,3.802381380000000033e-01,7.930174700000000576e-02,4.743695069999999681e-01,4.417389550000000442e-01,8.934552110000000269e-01,5.720264399999999694e-02,6.946478200000000269e-02,1.558165700000000049e-02,6.919999999999999814e-06,8.418061699999999925e-02,7.024199709999999763e-01,6.019834950000000351e-01,5.895819009999999638e-01,1.284708999999999981e-03,6.208662000000000208e-03,2.101383000000000070e-03,3.152378200000000019e-02,1.387760199999999930e-02,1.646765400000000101e-01,4.191371640000000065e-01,2.656968239999999981e-01,8.962751999999999178e-03,6.075272160000000365e-01,3.949038670000000195e-01,2.972805869999999850e-01,4.565723839999999978e-01,4.231410139999999820e-01,6.567695470000000091e-01,1.000000000000000000e+00
9.162296690000000243e-01,3.659081190000000317e-01,8.338659500000000779e-02,4.713765489999999780e-01,4.671510530000000383e-01,8.934552110000000269e-01,5.720264399999999694e-02,6.946478200000000269e-02,1.558165700000000049e-02,6.919999999999999814e-06,8.418061699999999925e-02,7.217347849999999898e-01,6.175155250000000651e-01,5.826064839999999245e-01,1.284708999999999981e-03,6.208662000000000208e-03,2.101383000000000070e-03,3.529871500000000134e-02,1.865709599999999802e-02,1.573448359999999879e-01,4.191371640000000065e-01,2.656968239999999981e-01,8.962751999999999178e-03,6.075272160000000365e-01,3.949038670000000195e-01,2.972805869999999850e-01,4.565723839999999978e-01,4.231410139999999820e-01,6.567695470000000091e-01,1.000000000000000000e+00
9.201109389999999610e-01,3.846221820000000347e-01,7.155132999999999632e-02,4.767376899999999917e-01,4.558297500000000335e-01,8.934552110000000269e-01,5.720264399999999694e-02,6.946478200000000269e-02,1.558165700000000049e-02,6.919999999999999814e-06,8.418061699999999925e-02,7.180797260000000293e-01,5.903280539999999910e-01,5.673336809999999231e-01,1.284708999999999981e-03,6.208662000000000208e-03,2.101383000000000070e-03,3.769932399999999934e-02,1.935633599999999829e-02,1.599305169999999943e-01,4.191371640000000065e-01,2.656968239999999981e-01,8.962751999999999178e-03,6.075272160000000365e-01,3.949038670000000195e-01,2.972805869999999850e-01,4.565723839999999978e-01,4.231410139999999820e-01,6.567695470000000091e-01,1.000000000000000000e+00
9.336197739999999579e-01,3.623798069999999982e-01,8.509473000000000731e-02,4.646169869999999813e-01,4.451991370000000225e-01,8.934552110000000269e-01,5.720264399999999694e-02,6.946478200000000269e-02,1.558165700000000049e-02,6.919999999999999814e-06,8.418061699999999925e-02,7.061192080000000537e-01,6.119263420000000675e-01,5.783614480000000002e-01,1.284708999999999981e-03,6.208662000000000208e-03,2.101383000000000070e-03,1.659686100000000095e-02,2.924175099999999985e-02,1.633893969999999918e-01,4.191371640000000065e-01,2.656968239999999981e-01,8.962751999999999178e-03,6.075272160000000365e-01,3.949038670000000195e-01,2.972805869999999850e-01,4.565723839999999978e-01,4.231410139999999820e-01,6.567695470000000091e-01,1.000000000000000000e+00
9.120987299999999687e-01,3.651004690000000386e-01,9.397492800000001312e-02,4.936949849999999751e-01,4.633299900000000249e-01,8.934552110000000269e-01,5.720264399999999694e-02,6.946478200000000269e-02,1.558165700000000049e-02,6.919999999999999814e-06,8.418061699999999925e-02,7.084328370000000374e-01,6.149881500000000667e-01,5.721460299999999721e-01,1.284708999999999981e-03,6.208662000000000208e-03,2.101383000000000070e-03,3.310477299999999706e-02,3.167686200000000007e-02,1.804798280000000088e-01,4.191371640000000065e-01,2.656968239999999981e-01,8.962751999999999178e-03,6.075272160000000365e-01,3.949038670000000195e-01,2.972805869999999850e-01,4.565723839999999978e-01,4.231410139999999820e-01,6.567695470000000091e-01,1.000000000000000000e+00
9.274444560000000282e-01,3.672411580000000120e-01,7.892869500000000704e-02,4.796732029999999924e-01,4.435313590000000139e-01,8.934552110000000269e-01,5.720264399999999694e-02,6.946478200000000269e-02,1.558165700000000049e-02,6.919999999999999814e-06,8.418061699999999925e-02,6.937689270000000352e-01,5.988609240000000167e-01,5.841913939999999750e-01,1.284708999999999981e-03,6.208662000000000208e-03,2.101383000000000070e-03,3.897677000000000086e-02,2.506364200000000056e-02,1.749889960000000078e-01,4.191371640000000065e-01,2.656968239999999981e-01,8.962751999999999178e-03,6.075272160000000365e-01,3.949038670000000195e-01,2.972805869999999850e-01,4.565723839999999978e-01,4.231410139999999820e-01,6.567695470000000091e-01,1.000000000000000000e+00
9.073641729999999406e-01,3.713658980000000276e-01,6.501079199999999780e-02,4.759161889999999895e-01,4.648417210000000410e-01,8.934552110000000269e-01,5.720264399999999694e-02,6.946478200000000269e-02,1.558165700000000049e-02,6.919999999999999814e-06,8.418061699999999925e-02,7.150054980000000171e-01,5.909188020000000208e-01,5.666209279999999682e-01,1.284708999999999981e-03,6.208662000000000208e-03,2.101383000000000070e-03,2.581897899999999885e-02,2.397709599999999983e-02,1.766151430000000022e-01,4.191371640000000065e-01,2.656968239999999981e-01,8.962751999999999178e-03,6.075272160000000365e-01,3.949038670000000195e-01,2.972805869999999850e-01,4.565723839999999978e-01,4.231410139999999820e-01,6.567695470000000091e-01,1.000000000000000000e+00
9.299896709999999622e-01,3.753899529999999984e-01,7.704071500000000960e-02,4.843020729999999996e-01,4.560800360000000220e-01,8.934552110000000269e-01,5.720264399999999694e-02,6.946478200000000269e-02,1.558165700000000049e-02,6.919999999999999814e-06,8.418061699999999925e-02,6.941282050000000536e-01,6.091470680000000693e-01,5.897691939999999411e-01,1.284708999999999981e-03,6.208662000000000208e-03,2.101383000000000070e-03,1.930862599999999887e-02,3.158880800000000294e-02,1.566194190000000097e-01,4.191371640000000065e-01,2.656968239999999981e-01,8.962751999999999178e-03,6.075272160000000365e-01,3.949038670000000195e-01,2.972805869999999850e-01,4.565723839999999978e-01,4.231410139999999820e-01,6.567695470000000091e-01,1.000000000000000000e+00
9.290103079999999514e-01,3.704495590000000393e-01,6.862900700000000576e-02,4.741291719999999876e-01,4.520207580000000225e-01,8.934552110000000269e-01,5.720264399999999694e-02,6.946478200000000269e-02,1.558165700000000049e-02,6.919999999999999814e-06,8.418061699999999925e-02,7.056360590000000377e-01,6.067043170000000485e-01,5.691863159999999144e-01,1.284708999999999981e-03,6.208662000000000208e-03,2.101383000000000070e-03,3.335883499999999641e-02,2.704208899999999832e-02,1.773311469999999945e-01,4.191371640000000065e-01,2.656968239999999981e-01,8.962751999999999178e-03,6.075272160000000365e-01,3.949038670000000195e-01,2.972805869999999850e-01,4.565723839999999978e-01,4.231410139999999820e-01,6.567695470000000091e-01,1.000000000000000000e+00
9.263026779999999905e-01,3.653159870000000087e-01,6.749446400000000401e-02,4.834744500000000000e-01,4.685226460000000426e-01,8.934552110000000269e-01,5.720264399999999694e-02,6.946478200000000269e-02,1.558165700000000049e-02,6.919999999999999814e-06,8.418061699999999925e-02,7.122027400000000563e-01,5.920714890000000619e-01,5.708481739999999860e-01,1.284708999999999981e-03,6.208662000000000208e-03,2.101383000000000070e-03,1.677337900000000145e-02,2.773018799999999937e-02,1.665503329999999949e-01,4.191371640000000065e-01,2.656968239999999981e-01,8.962751999999999178e-03,6.075272160000000365e-01,3.949038670000000195e-01,2.972805869999999850e-01,4.565723839999999978e-01,4.231410139999999820e-01,6.567695470000000091e-01,1.000000000000000000e+00
9.077876280000000131e-01,3.648925339999999906e-01,6.710817500000000602e-02,4.647454819999999875e-01,4.455923760000000122e-01,8.934552110000000269e-01,5.720264399999999694e-02,6.946478200000000269e-02,1.558165700000000049e-02,6.919999999999999814e-06,8.418061699999999925e-02,7.050166570000000466e-01,6.058658380000000454e-01,5.941034389999999554e-01,1.284708999999999981e-03,6.208662000000000208e-03,2.101383000000000070e-03,2.024337999999999832e-02,3.852360600000000190e-02,1.596641980000000072e-01,4.191371640000000065e-01,2.656968239999999981e-01,8.962751999999999178e-03,6.075272160000000365e-01,3.949038670000000195e-01,2.972805869999999850e-01,4.565723839999999978e-01,4.231410139999999820e-01,6.567695470000000091e-01,1.000000000000000000e+00
9.169038330000000014e-01,3.803564610000000346e-01,9.451449500000000392e-02,4.670782669999999914e-01,4.651378730000000350e-01,8.934552110000000269e-01,5.720264399999999694e-02,6.946478200000000269e-02,1.558165700000000049e-02,6.919999999999999814e-06,8.418061699999999925e-02,7.143708680000000477e-01,5.986343299999999923e-01,5.785394499999999551e-01,1.284708999999999981e-03,6.208662000000000208e-03,2.101383000000000070e-03,3.533911399999999786e-02,2.908596299999999940e-02,1.659374889999999936e-01,4.191371640000000065e-01,2.656968239999999981e-01,8.962751999999999178e-03,6.075272160000000365e-01,3.949038670000000195e-01,2.972805869999999850e-01,4.565723839999999978e-01,4.231410139999999820e-01,6.567695470000000091e-01,1.000000000000000000e+00
9.234382530000000422e-01,3.854447370000000372e-01,7.619375500000000190e-02,4.919528139999999605e-01,4.524844780000000233e-01,8.934552110000000269e-01,5.720264399999999694e-02,6.946478200000000269e-02,1.558165700000000049e-02,6.919999999999999814e-06,8.418061699999999925e-02,7.141167040000000465e-01,5.924751370000000961e-01,5.652029079999999484e-01,1.284708999999999981e-03,6.208662000000000208e-03,2.101383000000000070e-03,2.927134600000000017e-02,2.087499299999999794e-02,1.551769470000000095e-01,4.191371640000000065e-01,2.656968239999999981e-01,8.962751999999999178e-03,6.075272160000000365e-01,3.949038670000000195e-01,2.972805869999999850e-01,4.565723839999999978e-01,4.231410139999999820e-01,6.567695470000000091e-01,1.000000000000000000e+00
9.312759299999999740e-01,3.698959370000000080e-01,7.876837300000000264e-02,4.916268919999999820e-01,4.601903280000000374e-01,8.934552110000000269e-01,5.720264399999999694e-02,6.946478200000000269e-02,1.558165700000000049e-02,6.919999999999999814e-06,8.418061699999999925e-02,7.127072850000000237e-01,6.151260890000000980e-01,5.916603879999999815e-01,1.284708999999999981e-03,6.208662000000000208e-03,2.101383000000000070e-03,3.780499699999999991e-02,1.531841299999999947e-02,1.571106050000000143e-01,4.191371640000000065e-01,2.656968239999999981e-01,8.962751999999999178e-03,6.075272160000000365e-01,3.949038670000000195e-01,2.972805869999999850e-01,4.565723839999999978e-01,4.231410139999999820e-01,6.567695470000000091e-01,1.000000000000000000e+00
9.163026629999999617e-01,3.871541370000000093e-01,6.544203300000001056e-02,4.659062359999999736e-01,4.472452780000000239e-01,8.934552110000000269e-01,5.720264399999999694e-02,6.946478200000000269e-02,1.558165700000000049e-02,6.919999999999999814e-06,8.418061699999999925e-02,7.033418940000000230e-01,6.105679930000000866e-01,5.771832999999999547e-01,1.284708999999999981e-03,6.208662000000000208e-03,2.101383000000000070e-03,1.694348399999999824e-02,2.450493899999999989e-02,1.568009310000000045e-01,4.191371640000000065e-01,2.656968239999999981e-01,8.962751999999999178e-03,6.075272160000000365e-01,3.949038670000000195e-01,2.972805869999999850e-01,4.565723839999999978e-01,4.231410139999999820e-01,6.567695470000000091e-01,1.000000000000000000e+00
9.105651980000000201e-01,3.708353129999999998e-01,8.209801099999999852e-02,4.791799399999999709e-01,4.679226530000000217e-01,8.934552110000000269e-01,5.720264399999999694e-02,6.946478200000000269e-02,1.558165700000000049e-02,6.919999999999999814e-06,8.418061699999999925e-02,7.078443320000000760e-01,6.078253559999999833e-01,5.891881139999999295e-01,1.284708999999999981e-03,6.208662000000000208e-03,2.101383000000000070e-03,2.883259399999999958e-02,2.409102999999999939e-02,1.628284190000000020e-01,4.191371640000000065e-01,2.656968239999999981e-01,8.962751999999999178e-03,6.075272160000000365e-01,3.949038670000000195e-01,2.972805869999999850e-01,4.565723839999999978e-01,4.231410139999999820e-01,6.567695470000000091e-01,1.000000000000000000e+00
9.273163009999999540e-01,3.640302220000000144e-01,7.229866299999999912e-02,4.731985279999999516e-01,4.549337450000000005e-01,8.934552110000000269e-01,5.720264399999999694e-02,6.946478200000000269e-02,1.558165700000000049e-02,6.919999999999999814e-06,8.418061699999999925e-02,7.048877580000000309e-01,5.981285280000000482e-01,5.668034039999999552e-01,1.284708999999999981e-03,6.208662000000000208e-03,2.101383000000000070e-03,2.831357399999999760e-02,3.843390799999999580e-02,1.745622270000000142e-01,4.191371640000000065e-01,2.656968239999999981e-01,8.962751999999999178e-03,6.075272160000000365e-01,3.949038670000000195e-01,2.972805869999999850e-01,4.565723839999999978e-01,4.231410139999999820e-01,6.567695470000000091e-01,1.000000000000000000e+00
9.148678270000000223e-01,3.803974460000000279e-01,8.726802599999999854e-02,4.799913979999999580e-01,4.492254640000000188e-01,8.934552110000000269e-01,5.720264399999999694e-02,6.946478200000000269e-02,1.558165700000000049e-02,6.919999999999999814e-06,8.418061699999999925e-02,7.007134689999999777e-01,6.072311510000000245e-01,5.850859749999999249e-01,1.284708999999999981e-03,6.208662000000000208e-03,2.101383000000000070e-03,4.085423199999999727e-02,1.879239299999999752e-02,1.521420490000000014e-01,4.191371640000000065e-01,2.656968239999999981e-01,8.962751999999999178e-03,6.075272160000000365e-01,3.949038670000000195e-01,2.972805869999999850e-01,4.565723839999999978e-01,4.231410139999999820e-01,6.567695470000000091e-01,1.000000000000000000e+00
9.272287219999999497e-01,3.799897680000000055e-01,9.383982100000000381e-02,4.735200519999999691e-01,4.557734940000000012e-01,8.934552110000000269e-01,5.720264399999999694e-02,6.946478200000000269e-02,1.558165700000000049e-02,6.919999999999999814e-06,8.418061699999999925e-02,7.020831400000000500e-01,6.184785900000000503e-01,5.935004289999999960e-01,1.284708999999999981e-03,6.208662000000000208e-03,2.101383000000000070e-03,3.131968100000000199e-02,1.746021399999999821e-02,1.556208809999999887e-01,4.191371640000000065e-01,2.656968239999999981e-01,8.962751999999999178e-03,6.075272160000000365e-01,3.949038670000000195e-01,2.972805869999999850e-01,4.565723839999999978e-01,4.231410139999999820e-01,6.567695470000000091e-01,1.000000000000000000e+00
9.348755979999999743e-01,3.844934280000000260e-01,7.220354200000000944e-02,4.763749789999999762e-01,4.539588540000000227e-01,8.934552110000000269e-01,5.720264399999999694e-02,6.946478200000000269e-02,1.558165700000000049e-02,6.919999999999999814e-06,8.418061699999999925e-02,7.080781720000000057e-01,6.024861880000000891e-01,5.777889389999999459e-01,1.284708999999999981e-03,6.208662000000000208e-03,2.101383000000000070e-03,1.263466900000000115e-02,2.963527099999999775e-02,1.724568840000000047e-01,4.191371640000000065e-01,2.656968239999999981e-01,8.962751999999999178e-03,6.075272160000000365e-01,3.949038670000000195e-01,2.972805869999999850e-01,4.565723839999999978e-01,4.231410139999999820e-01,6.567695470000000091e-01,1.000000000000000000e+00
9.147107119999999814e-01,3.657787130000000331e-01,8.641938700000000029e-02,4.859095839999999500e-01,4.575497870000000411e-01,8.934552110000000269e-01,5.720264399999999694e-02,6.946478200000000269e-02,1.558165700000000049e-02,6.919999999999999814e-06,8.418061699999999925e-02,7.138829330000000528e-01,6.035438340000000013e-01,5.912127899999999325e-01,1.284708999999999981e-03,6.208662000000000208e-03,2.101383000000000070e-03,3.964614999999999806e-02,1.706803000000000139e-02,1.730389029999999939e-01,4.191371640000000065e-01,2.656968239999999981e-01,8.962751999999999178e-03,6.075272160000000365e-01,3.949038670000000195e-01,2.972805869999999850e-01,4.565723839999999978e-01,4.231410139999999820e-01,6.567695470000000091e-01,1.000000000000000000e+00
9.146396310000000085e-01,3.770110620000000079e-01,8.360831600000000197e-02,4.681036979999999570e-01,4.469547779999999970e-01,8.934552110000000269e-01,5.720264399999999694e-02,6.946478200000000269e-02,1.558165700000000049e-02,6.919999999999999814e-06,8.418061699999999925e-02,7.186846740000000233e-01,5.998588370000000891e-01,5.662427589999999844e-01,1.284708999999999981e-03,6.208662000000000208e-03,2.101383000000000070e-03,3.046785899999999991e-02,2.754321699999999831e-02,1.797599689999999917e-01,4.191371640000000065e-01,2.656968239999999981e-01,8.962751999999999178e-03,6.075272160000000365e-01,3.949038670000000195e-01,2.972805869999999850e-01,4.565723839999999978e-01,4.231410139999999820e-01,6.567695470000000091e-01,1.000000000000000000e+00
9.212035370000000167e-01,3.741982010000000081e-01,7.771808100000000830e-02,4.928752499999999870e-01,4.464783250000000092e-01,8.934552110000000269e-01,5.720264399999999694e-02,6.946478200000000269e-02,1.558165700000000049e-02,6.919999999999999814e-06,8.418061699999999925e-02,7.195922759999999752e-01,5.969129320000000627e-01,5.881286039999999993e-01,1.284708999999999981e-03,6.208662000000000208e-03,2.101383000000000070e-03,2.051055699999999871e-02,2.329033399999999934e-02,1.808755169999999857e-01,4.191371640000000065e-01,2.656968239999999981e-01,8.962751999999999178e-03,6.075272160000000365e-01,3.949038670000000195e-01,2.972805869999999850e-01,4.565723839999999978e-01,4.231410139999999820e-01,6.567695470000000091e-01,1.000000000000000000e+00
9.172674800000000239e-01,3.678697439999999985e-01,6.897192800000000179e-02,4.837146319999999777e-01,4.574836270000000038e-01,8.934552110000000269e-01,5.720264399999999694e-02,6.946478200000000269e-02,1.558165700000000049e-02,6.919999999999999814e-06,8.418061699999999925e-02,7.114124410000000065e-01,6.192673640000000423e-01,5.776058069999999711e-01,1.284708999999999981e-03,6.208662000000000208e-03,2.101383000000000070e-03,2.229850499999999972e-02,3.188133700000000265e-02,1.681308900000000051e-01,4.191371640000000065e-01,2.656968239999999981e-01,8.962751999999999178e-03,6.075272160000000365e-01,3.949038670000000195e-01,2.972805869999999850e-01,4.565723839999999978e-01,4.231410139999999820e-01,6.567695470000000091e-01,1.000000000000000000e+00
9.278654769999999941e-01,3.787620329999999980e-01,7.922339100000000411e-02,4.740405149999999956e-01,4.529219750000000322e-01,8.934552110000000269e-01,5.720264399999999694e-02,6.946478200000000269e-02,1.558165700000000049e-02,6.919999999999999814e-06,8.418061699999999925e-02,6.991189010000000703e-01,6.198856140000000847e-01,5.816991269999999270e-01,1.284708999999999981e-03,6.208662000000000208e-03,2.101383000000000070e-03,1.853906399999999746e-02,1.563332200000000158e-02,1.784299000000000024e-01,4.191371640000000065e-01,2.656968239999999981e-01,8.962751999999999178e-03,6.075272160000000365e-01,3.949038670000000195e-01,2.972805869999999850e-01,4.565723839999999978e-01,4.231410139999999820e-01,6.567695470000000091e-01,1.000000000000000000e+00
9.118818340000000022e-01,3.861135970000000306e-01,8.958927299999999705e-02,4.881020719999999979e-01,4.545905769999999957e-01,8.934552110000000269e-01,5.720264399999999694e-02,6.946478200000000269e-02,1.558165700000000049e-02,6.919999999999999814e-06,8.418061699999999925e-02,7.226514259999999856e-01,5.948107890000000619e-01,5.810526179999999652e-01,1.284708999999999981e-03,6.208662000000000208e-03,2.101383000000000070e-03,1.656593699999999933e-02,3.536572400000000116e-02,1.767803290000000138e-01,4.191371640000000065e-01,2.656968239999999981e-01,8.962751999999999178e-03,6.075272160000000365e-01,3.949038670000000195e-01,2.972805869999999850e-01,4.565723839999999978e-01,4.231410139999999820e-01,6.567695470000000091e-01,1.000000000000000000e+00
9.300629310000000372e-01,3.830742030000000020e-01,9.061755400000000293e-02,4.656891969999999992e-01,4.512052430000000336e-01,8.934552110000000269e-01,5.720264399999999694e-02,6.946478200000000269e-02,1.558165700000000049e-02,6.919999999999999814e-06,8.418061699999999925e-02,7.129625710000000449e-01,6.098304380000000302e-01,5.693700079999999275e-01,1.284708999999999981e-03,6.208662000000000208e-03,2.101383000000000070e-03,3.458882199999999824e-02,2.646323599999999762e-02,1.727748110000000004e-01,4.191371640000000065e-01,2.656968239999999981e-01,8.962751999999999178e-03,6.075272160000000365e-01,3.949038670000000195e-01,2.972805869999999850e-01,4.565723839999999978e-01,4.231410139999999820e-01,6.567695470000000091e-01,1.000000000000000000e+00
9.309371539999999889e-01,3.749625900000000400e-01,7.700863100000000794e-02,4.672451309999999802e-01,4.477396040000000133e-01,8.934552110000000269e-01,5.720264399999999694e-02,6.946478200000000269e-02,1.558165700000000049e-02,6.919999999999999814e-06,8.418061699999999925e-02,6.964320179999999860e-01,6.105967800000000612e-01,5.791013749999999183e-01,1.284708999999999981e-03,6.208662000000000208e-03,2.101383000000000070e-03,3.932762599999999747e-02,3.629084900000000002e-02,1.532360359999999921e-01,4.191371640000000065e-01,2.656968239999999981e-01,8.962751999999999178e-03,6.075272160000000365e-01,3.949038670000000195e-01,2.972805869999999850e-01,4.565723839999999978e-01,4.231410139999999820e-01,6.567695470000000091e-01,1.000000000000000000e+00
9.233081490000000224e-01,3.745680100000000068e-01,8.553597100000000231e-02,4.648416819999999783e-01,4.595239760000000007e-01,8.934552110000000269e-01,5.720264399999999694e-02,6.946478200000000269e-02,1.558165700000000049e-02,6.919999999999999814e-06,8.418061699999999925e-02,7.026118880000000733e-01,6.129484890000000963e-01,5.763181039999999422e-01,1.284708999999999981e-03,6.208662000000000208e-03,2.101383000000000070e-03,1.317634100000000114e-02,1.468486000000000097e-02,1.703501590000000010e-01,4.191371640000000065e-01,2.656968239999999981e-01,8.962751999999999178e-03,6.075272160000000365e-01,3.949038670000000195e-01,2.972805869999999850e-01,4.565723839999999978e-01,4.231410139999999820e-01,6.567695470000000091e-01,1.000000000000000000e+00
9.084633359999999547e-01,3.636642910000000284e-01,7.240500099999999661e-02,4.779326289999999977e-01,4.703647600000000484e-01,8.934552110000000269e-01,5.720264399999999694e-02,6.946478200000000269e-02,1.558165700000000049e-02,6.919999999999999814e-06,8.418061699999999925e-02,7.171660360000000622e-01,6.045308610000000860e-01,5.677136369999999932e-01,1.284708999999999981e-03,6.208662000000000208e-03,2.101383000000000070e-03,2.235564199999999849e-02,1.353575300000000106e-02,1.779002729999999977e-01,4.191371640000000065e-01,2.656968239999999981e-01,8.962751999999999178e-03,6.075272160000000365e-01,3.949038670000000195e-01,2.972805869999999850e-01,4.565723839999999978e-01,4.231410139999999820e-01,6.567695470000000091e-01,1.000000000000000000e+00
9.181331679999999995e-01,3.827844180000000152e-01,7.170124199999999837e-02,4.935818129999999804e-01,4.491248350000000000e-01,8.934552110000000269e-01,5.720264399999999694e-02,6.946478200000000269e-02,1.558165700000000049e-02,6.919999999999999814e-06,8.418061699999999925e-02,7.019627099999999897e-01,6.004222620000000399e-01,5.860290509999999120e-01,1.284708999999999981e-03,6.208662000000000208e-03,2.101383000000000070e-03,2.433014799999999936e-02,2.634509599999999840e-02,1.572401619999999889e-01,4.191371640000000065e-01,2.656968239999999981e-01,8.962751999999999178e-03,6.075272160000000365e-01,3.949038670000000195e-01,2.972805869999999850e-01,4.565723839999999978e-01,4.231410139999999820e-01,6.567695470000000091e-01,1.000000000000000000e+00
9.119704479999999336e-01,3.859809530000000155e-01,6.779761000000000815e-02,4.744992599999999783e-01,4.461750110000000102e-01,8.934552110000000269e-01,5.720264399999999694e-02,6.946478200000000269e-02,1.558165700000000049e-02,6.919999999999999814e-06,8.418061699999999925e-02,6.934116530000000722e-01,5.934212469999999851e-01,5.713016519999999376e-01,1.284708999999999981e-03,6.208662000000000208e-03,2.101383000000000070e-03,1.781640799999999886e-02,1.321898599999999854e-02,1.629821820000000032e-01,4.191371640000000065e-01,2.656968239999999981e-01,8.962751999999999178e-03,6.075272160000000365e-01,3.949038670000000195e-01,2.972805869999999850e-01,4.565723839999999978e-01,4.231410139999999820e-01,6.567695470000000091e-01,1.000000000000000000e+00
9.101634250000000259e-01,3.877781279999999997e-01,7.913962800000000353e-02,4.716377809999999782e-01,4.695869390000000365e-01,8.934552110000000269e-01,5.720264399999999694e-02,6.946478200000000269e-02,1.558165700000000049e-02,6.919999999999999814e-06,8.418061699999999925e-02,7.037165000000000781e-01,6.088429560000000462e-01,5.792159269999999083e-01,1.284708999999999981e-03,6.208662000000000208e-03,2.101383000000000070e-03,2.491285999999999848e-02,2.147181700000000068e-02,1.641725250000000136e-01,4.191371640000000065e-01,2.656968239999999981e-01,8.962751999999999178e-03,6.075272160000000365e-01,3.949038670000000195e-01,2.972805869999999850e-01,4.565723839999999978e-01,4.231410139999999820e-01,6.567695470000000091e-01,1.000000000000000000e+00
9.176992760000000082e-01,3.816273900000000108e-01,7.782996799999999937e-02,4.775671899999999748e-01,4.588105420000000434e-01,8.934552110000000269e-01,5.720264399999999694e-02,6.946478200000000269e-02,1.558165700000000049e-02,6.919999999999999814e-06,8.418061699999999925e-02,7.064355210000000662e-01,6.131908570000000891e-01,5.873494949999999992e-01,1.284708999999999981e-03,6.208662000000000208e-03,2.101383000000000070e-03,3.726680400000000060e-02,3.929445699999999791e-02,1.612924540000000018e-01,4.191371640000000065e-01,2.656968239999999981e-01,8.962751999999999178e-03,6.075272160000000365e-01,3.949038670000000195e-01,2.972805869999999850e-01,4.565723839999999978e-01,4.231410139999999820e-01,6.567695470000000091e-01,1.000000000000000000e+00
9.074915980000000104e-01,3.773474240000000424e-01,9.351755200000000379e-02,4.927495509999999523e-01,4.607280940000000324e-01,8.934552110000000269e-01,5.720264399999999694e-02,6.946478200000000269e-02,1.558165700000000049e-02,6.919999999999999814e-06,8.418061699999999925e-02,6.986983439999999712e-01,5.919194440000000723e-01,5.795943139999999438e-01,1.284708999999999981e-03,6.208662000000000208e-03,2.101383000000000070e-03,1.990393600000000054e-02,3.587544999999999623e-02,1.636838070000000145e-01,4.191371640000000065e-01,2.656968239999999981e-01,8.962751999999999178e-03,6.075272160000000365e-01,3.949038670000000195e-01,2.972805869999999850e-01,4.565723839999999978e-01,4.231410139999999820e-01,6.567695470000000091e-01,1.000000000000000000e+00
9.141993179999999830e-01,3.634940560000000098e-01,9.134026500000000381e-02,4.891397349999999644e-01,4.419519780000000231e-01,8.934552110000000269e-01,5.720264399999999694e-02,6.946478200000000269e-02,1.558165700000000049e-02,6.919999999999999814e-06,8.418061699999999925e-02,6.962565019999999993e-01,5.992642820000000370e-01,5.696421439999999059e-01,1.284708999999999981e-03,6.208662000000000208e-03,2.101383000000000070e-03,1.388394000000000086e-02,2.858754900000000029e-02,1.798445740000000070e-01,4.191371640000000065e-01,2.656968239999999981e-01,8.962751999999999178e-03,6.075272160000000365e-01,3.949038670000000195e-01,2.972805869999999850e-01,4.565723839999999978e-01,4.231410139999999820e-01,6.567695470000000091e-01,1.000000000000000000e+00
9.324250680000000235e-01,3.619149960000000443e-01,8.883236199999999805e-02,4.689366009999999529e-01,4.487980710000000206e-01,8.934552110000000269e-01,5.720264399999999694e-02,6.946478200000000269e-02,1.558165700000000049e-02,6.919999999999999814e-06,8.418061699999999925e-02,7.036243680000000555e-01,6.172679779999999949e-01,5.865670369999999023e-01,1.284708999999999981e-03,6.208662000000000208e-03,2.101383000000000070e-03,1.872612199999999782e-02,2.384523799999999777e-02,1.617861580000000132e-01,4.191371640000000065e-01,2.656968239999999981e-01,8.962751999999999178e-03,6.075272160000000365e-01,3.949038670000000195e-01,2.972805869999999850e-01,4.565723839999999978e-01,4.231410139999999820e-01,6.567695470000000091e-01,1.000000000000000000e+00
9.327556299999999467e-01,3.751344410000000407e-01,8.477640899999999702e-02,4.749719639999999687e-01,4.598287580000000041e-01,8.934552110000000269e-01,5.720264399999999694e-02,6.946478200000000269e-02,1.558165700000000049e-02,6.919999999999999814e-06,8.418061699999999925e-02,6.939358250000000616e-01,5.964549340000000477e-01,5.688466279999999653e-01,1.284708999999999981e-03,6.208662000000000208e-03,2.101383000000000070e-03,2.327200299999999944e-02,4.115389900000000073e-02,1.521861340000000007e-01,4.191371640000000065e-01,2.656968239999999981e-01,8.962751999999999178e-03,6.075272160000000365e-01,3.949038670000000195e-01,2.972805869999999850e-01,4.565723839999999978e-01,4.231410139999999820e-01,6.567695470000000091e-01,1.000000000000000000e+00
9.175288440000000101e-01,3.654060600000000325e-01,8.694350400000000478e-02,4.677706589999999776e-01,4.551956249999999926e-01,8.934552110000000269e-01,5.720264399999999694e-02,6.946478200000000269e-02,1.558165700000000049e-02,6.919999999999999814e-06,8.418061699999999925e-02,7.043361839999999763e-01,6.117621950000000641e-01,5.781595019999999918e-01,1.284708999999999981e-03,6.208662000000000208e-03,2.101383000000000070e-03,1.797236299999999815e-02,2.041267599999999766e-02,1.740255340000000095e-01,4.191371640000000065e-01,2.656968239999999981e-01,8.962751999999999178e-03,6.075272160000000365e-01,3.949038670000000195e-01,2.972805869999999850e-01,4.565723839999999978e-01,4.231410139999999820e-01,6.567695470000000091e-01,1.000000000000000000e+00
9.346346500000000113e-01,3.902775410000000056e-01,6.981564500000000950e-02,4.737677299999999980e-01,4.418041990000000085e-01,8.934552110000000269e-01,5.720264399999999694e-02,6.946478200000000269e-02,1.558165700000000049e-02,6.919999999999999814e-06,8.418061699999999925e-02,7.213529920000000262e-01,6.010801640000000834e-01,5.888503800000000066e-01,1.284708999999999981e-03,6.208662000000000208e-03,2.101383000000000070e-03,1.151413700000000068e-02,4.004405500000000201e-02,1.721429359999999964e-01,4.191371640000000065e-01,2.656968239999999981e-01,8.962751999999999178e-03,6.075272160000000365e-01,3.949038670000000195e-01,2.972805869999999850e-01,4.565723839999999978e-01,4.231410139999999820e-01,6.567695470000000091e-01,1.000000000000000000e+00
9.131970979999999294e-01,3.861607890000000043e-01,7.574058300000000021e-02,4.712437929999999664e-01,4.679573360000000015e-01,8.934552110000000269e-01,5.720264399999999694e-02,6.946478200000000269e-02,1.558165700000000049e-02,6.919999999999999814e-06,8.418061699999999925e-02,7.154869130000000021e-01,6.190988310000000716e-01,5.906869630000000093e-01,1.284708999999999981e-03,6.208662000000000208e-03,2.101383000000000070e-03,2.280644299999999916e-02,3.914223599999999692e-02,1.538908439999999989e-01,4.191371640000000065e-01,2.656968239999999981e-01,8.962751999999999178e-03,6.075272160000000365e-01,3.949038670000000195e-01,2.972805869999999850e-01,4.565723839999999978e-01,4.231410139999999820e-01,6.567695470000000091e-01,1.000000000000000000e+00
9.296734839999999389e-01,3.689783680000000010e-01,8.027076099999999603e-02,4.699028819999999662e-01,4.631706680000000076e-01,8.934552110000000269e-01,5.720264399999999694e-02,6.946478200000000269e-02,1.558165700000000049e-02,6.919999999999999814e-06,8.418061699999999925e-02,7.079368230000000484e-01,6.046740360000000258e-01,5.920825329999999109e-01,1.284708999999999981e-03,6.208662000000000208e-03,2.101383000000000070e-03,2.412405100000000052e-02,3.311248199999999864e-02,1.695168659999999883e-01,4.191371640000000065e-01,2.656968239999999981e-01,8.962751999999999178e-03,6.075272160000000365e-01,3.949038670000000195e-01,2.972805869999999850e-01,4.565723839999999978e-01,4.231410139999999820e-01,6.567695470000000091e-01,1.000000000000000000e+00
9.307197449999999872e-01,3.812300510000000142e-01,6.968519100000000743e-02,4.643220979999999609e-01,4.550911200000000156e-01,8.934552110000000269e-01,5.720264399999999694e-02,6.946478200000000269e-02,1.558165700000000049e-02,6.919999999999999814e-06,8.418061699999999925e-02,6.965940980000000504e-01,6.092690490000000070e-01,5.902041019999999527e-01,1.284708999999999981e-03,6.208662000000000208e-03,2.101383000000000070e-03,3.826889299999999827e-02,2.790644399999999900e-02,1.526021830000000024e-01,4.191371640000000065e-01,2.656968239999999981e-01,8.962751999999999178e-03,6.075272160000000365e-01,3.949038670000000195e-01,2.972805869999999850e-01,4.565723839999999978e-01,4.231410139999999820e-01,6.567695470000000091e-01,1.000000000000000000e+00
9.302887989999999441e-01,3.626482370000000399e-01,6.850081100000000867e-02,4.676589230000000041e-01,4.439154909999999954e-01,8.934552110000000269e-01,5.720264399999999694e-02,6.946478200000000269e-02,1.558165700000000049e-02,6.919999999999999814e-06,8.418061699999999925e-02,7.218492380000000042e-01,6.124860690000000218e-01,5.722739209999999632e-01,1.284708999999999981e-03,6.208662000000000208e-03,2.101383000000000070e-03,1.624568200000000087e-02,2.619130700000000048e-02,1.728646739999999959e-01,4.191371640000000065e-01,2.656968239999999981e-01,8.962751999999999178e-03,6.075272160000000365e-01,3.949038670000000195e-01,2.972805869999999850e-01,4.565723839999999978e-01,4.231410139999999820e-01,6.567695470000000091e-01,1.000000000000000000e+00
9.195999230000000413e-01,3.646223610000000059e-01,6.924105499999999580e-02,4.840337519999999838e-01,4.486001460000000329e-01,8.934552110000000269e-01,5.720264399999999694e-02,6.946478200000000269e-02,1.558165700000000049e-02,6.919999999999999814e-06,8.418061699999999925e-02,6.964970380000000683e-01,6.007245600000000740e-01,5.671640299999999302e-01,1.284708999999999981e-03,6.208662000000000208e-03,2.101383000000000070e-03,2.791743199999999897e-02,2.418420399999999734e-02,1.705866649999999984e-01,4.191371640000000065e-01,2.656968239999999981e-01,8.962751999999999178e-03,6.075272160000000365e-01,3.949038670000000195e-01,2.972805869999999850e-01,4.565723839999999978e-01,4.231410139999999820e-01,6.567695470000000091e-01,1.000000000000000000e+00
9.103923919999999947e-01,3.858070460000000423e-01,6.978444799999999892e-02,4.685693969999999986e-01,4.454763740000000083e-01,8.934552110000000269e-01,5.720264399999999694e-02,6.946478200000000269e-02,1.558165700000000049e-02,6.919999999999999814e-06,8.418061699999999925e-02,7.092012540000000032e-01,5.972657869999999924e-01,5.757891149999999625e-01,1.284708999999999981e-03,6.208662000000000208e-03,2.101383000000000070e-03,2.812623199999999754e-02,2.484933299999999776e-02,1.674427009999999993e-01,4.191371640000000065e-01,2.656968239999999981e-01,8.962751999999999178e-03,6.075272160000000365e-01,3.949038670000000195e-01,2.972805869999999850e-01,4.565723839999999978e-01,4.231410139999999820e-01,6.567695470000000091e-01,1.000000000000000000e+00
9.182931069999999973e-01,3.775852010000000369e-01,8.490742700000000753e-02,4.864703939999999727e-01,4.675858360000000324e-01,8.934552110000000269e-01,5.720264399999999694e-02,6.946478200000000269e-02,1.558165700000000049e-02,6.919999999999999814e-06,8.418061699999999925e-02,7.160807639999999807e-01,6.180951030000000346e-01,5.797359799999999286e-01,1.284708999999999981e-03,6.208662000000000208e-03,2.101383000000000070e-03,2.962795199999999907e-02,3.366519899999999982e-02,1.550528120000000121e-01,4.191371640000000065e-01,2.656968239999999981e-01,8.962751999999999178e-03,6.075272160000000365e-01,3.949038670000000195e-01,2.972805869999999850e-01,4.565723839999999978e-01,4.231410139999999820e-01,6.567695470000000091e-01,1.000000000000000000e+00
9.150162450000000058e-01,3.857754700000000092e-01,8.390308500000000225e-02,4.926042469999999951e-01,4.541469560000000460e-01,8.934552110000000269e-01,5.720264399999999694e-02,6.946478200000000269e-02,1.558165700000000049e-02,6.919999999999999814e-06,8.418061699999999925e-02,7.212685480000000648e-01,5.996989030000000609e-01,5.909045709999999341e-01,1.284708999999999981e-03,6.208662000000000208e-03,2.101383000000000070e-03,3.749742199999999553e-02,4.160909000000000135e-02,1.540689879999999901e-01,4.191371640000000065e-01,2.656968239999999981e-01,8.962751999999999178e-03,6.075272160000000365e-01,3.949038670000000195e-01,2.972805869999999850e-01,4.565723839999999978e-01,4.231410139999999820e-01,6.567695470000000091e-01,1.000000000000000000e+00
9.333148039999999979e-01,3.748018820000000306e-01,7.113949799999999546e-02,4.675747109999999762e-01,4.407742530000000047e-01,8.934552110000000269e-01,5.720264399999999694e-02,6.946478200000000269e-02,1.558165700000000049e-02,6.919999999999999814e-06,8.418061699999999925e-02,7.164301080000000654e-01,6.015155930000000151e-01,5.894399929999999399e-01,1.284708999999999981e-03,6.208662000000000208e-03,2.101383000000000070e-03,3.713756900000000222e-02,3.755174099999999959e-02,1.534182149999999967e-01,4.191371640000000065e-01,2.656968239999999981e-01,8.962751999999999178e-03,6.075272160000000365e-01,3.949038670000000195e-01,2.972805869999999850e-01,4.565723839999999978e-01,4.231410139999999820e-01,6.567695470000000091e-01,1.000000000000000000e+00
9.324976130000000030e-01,3.784262999999999932e-01,9.041683200000000253e-02,4.652348040000000018e-01,4.645207540000000357e-01,8.934552110000000269e-01,5.720264399999999694e-02,6.946478200000000269e-02,1.558165700000000049e-02,6.919999999999999814e-06,8.418061699999999925e-02,6.979779200000000294e-01,6.061231209999999869e-01,5.829299390000000081e-01,1.284708999999999981e-03,6.208662000000000208e-03,2.101383000000000070e-03,3.576517700000000216e-02,2.045101099999999811e-02,1.560150580000000120e-01,4.191371640000000065e-01,2.656968239999999981e-01,8.962751999999999178e-03,6.075272160000000365e-01,3.949038670000000195e-01,2.972805869999999850e-01,4.565723839999999978e-01,4.231410139999999820e-01,6.567695470000000091e-01,1.000000000000000000e+00
9.115470279999999814e-01,3.789552760000000076e-01,9.289402099999999329e-02,4.768659029999999799e-01,4.553142310000000137e-01,8.934552110000000269e-01,5.720264399999999694e-02,6.946478200000000269e-02,1.558165700000000049e-02,6.919999999999999814e-06,8.418061699999999925e-02,7.207697590000000654e-01,6.160883930000000674e-01,5.724795779999999334e-01,1.284708999999999981e-03,6.208662000000000208e-03,2.101383000000000070e-03,2.119566799999999737e-02,4.291353499999999571e-02,1.619082360000000109e-01,4.191371640000000065e-01,2.656968239999999981e-01,8.962751999999999178e-03,6.075272160000000365e-01,3.949038670000000195e-01,2.972805869999999850e-01,4.565723839999999978e-01,4.231410139999999820e-01,6.567695470000000091e-01,1.000000000000000000e+00
9.227005090000000020e-01,3.723512509999999942e-01,9.210758400000000623e-02,4.857116099999999603e-01,4.702417690000000317e-01,8.934552110000000269e-01,5.720264399999999694e-02,6.946478200000000269e-02,1.558165700000000049e-02,6.919999999999999814e-06,8.418061699999999925e-02,6.957467630000000458e-01,6.139577630000000452e-01,5.682430339999999802e-01,1.284708999999999981e-03,6.208662000000000208e-03,2.101383000000000070e-03,2.137663100000000010e-02,2.778142200000000006e-02,1.609665269999999981e-01,4.191371640000000065e-01,2.656968239999999981e-01,8.962751999999999178e-03,6.075272160000000365e-01,3.949038670000000195e-01,2.972805869999999850e-01,4.565723839999999978e-01,4.231410139999999820e-01,6.567695470000000091e-01,1.000000000000000000e+00
9.193715460000000395e-01,3.800684069999999970e-01,8.810881300000000804e-02,4.817955680000000074e-01,4.480479690000000459e-01,8.934552110000000269e-01,5.720264399999999694e-02,6.946478200000000269e-02,1.558165700000000049e-02,6.919999999999999814e-06,8.418061699999999925e-02,7.160095040000000743e-01,5.939203080000000634e-01,5.939220909999999298e-01,1.284708999999999981e-03,6.208662000000000208e-03,2.101383000000000070e-03,1.351892600000000055e-02,2.572528199999999862e-02,1.653654960000000007e-01,4.191371640000000065e-01,2.656968239999999981e-01,8.962751999999999178e-03,6.075272160000000365e-01,3.949038670000000195e-01,2.972805869999999850e-01,4.565723839999999978e-01,4.231410139999999820e-01,6.567695470000000091e-01,1.000000000000000000e+00
9.185966409999999360e-01,3.697530470000000014e-01,8.897364900000000187e-02,4.881540799999999902e-01,4.617443200000000414e-01,8.934552110000000269e-01,5.720264399999999694e-02,6.946478200000000269e-02,1.558165700000000049e-02,6.919999999999999814e-06,8.418061699999999925e-02,6.982826779999999900e-01,6.061666870000000928e-01,5.920641599999999505e-01,1.284708999999999981e-03,6.208662000000000208e-03,2.101383000000000070e-03,3.078067999999999776e-02,1.628493599999999986e-02,1.742507420000000140e-01,4.191371640000000065e-01,2.656968239999999981e-01,8.962751999999999178e-03,6.075272160000000365e-01,3.949038670000000195e-01,2.972805869999999850e-01,4.565723839999999978e-01,4.231410139999999820e-01,6.567695470000000091e-01,1.000000000000000000e+00
9.159082039999999481e-01,3.873095630000000233e-01,6.919778599999999724e-02,4.732438159999999838e-01,4.562736700000000201e-01,8.934552110000000269e-01,5.720264399999999694e-02,6.946478200000000269e-02,1.558165700000000049e-02,6.919999999999999814e-06,8.418061699999999925e-02,7.004934090000000113e-01,5.950105840000000645e-01,5.756254619999999766e-01,1.284708999999999981e-03,6.208662000000000208e-03,2.101383000000000070e-03,3.064919099999999924e-02,2.498423399999999753e-02,1.622358409999999918e-01,4.191371640000000065e-01,2.656968239999999981e-01,8.962751999999999178e-03,6.075272160000000365e-01,3.949038670000000195e-01,2.972805869999999850e-01,4.565723839999999978e-01,4.231410139999999820e-01,6.567695470000000091e-01,1.000000000000000000e+00
9.297373349999999981e-01,3.683827350000000167e-01,6.524196799999999741e-02,4.707358269999999956e-01,4.543478029999999945e-01,8.934552110000000269e-01,5.720264399999999694e-02,6.946478200000000269e-02,1.558165700000000049e-02,6.919999999999999814e-06,8.418061699999999925e-02,7.169648859999999679e-01,6.168969060000000226e-01,5.759123019999999871e-01,1.284708999999999981e-03,6.208662000000000208e-03,2.101383000000000070e-03,3.949086500000000000e-02,3.079662899999999898e-02,1.710823290000000052e-01,4.191371640000000065e-01,2.656968239999999981e-01,8.962751999999999178e-03,6.075272160000000365e-01,3.949038670000000195e-01,2.972805869999999850e-01,4.565723839999999978e-01,4.231410139999999820e-01,6.567695470000000091e-01,1.000000000000000000e+00
9.283086069999999523e-01,3.655716629999999912e-01,9.254578099999999363e-02,4.787355649999999740e-01,4.660494760000000181e-01,8.934552110000000269e-01,5.720264399999999694e-02,6.946478200000000269e-02,1.558165700000000049e-02,6.919999999999999814e-06,8.418061699999999925e-02,7.006480620000000714e-01,6.166267470000000861e-01,5.898581329999998957e-01,1.284708999999999981e-03,6.208662000000000208e-03,2.101383000000000070e-03,2.376095799999999869e-02,2.941998799999999761e-02,1.628745420000000110e-01,4.191371640000000065e-01,2.656968239999999981e-01,8.962751999999999178e-03,6.075272160000000365e-01,3.949038670000000195e-01,2.972805869999999850e-01,4.565723839999999978e-01,4.231410139999999820e-01,6.567695470000000091e-01,1.000000000000000000e+00
9.080338809999999317e-01,3.904479600000000383e-01,8.788479700000000061e-02,4.875316409999999601e-01,4.624698250000000010e-01,8.934552110000000269e-01,5.720264399999999694e-02,6.946478200000000269e-02,1.558165700000000049e-02,6.919999999999999814e-06,8.418061699999999925e-02,7.228405239999999843e-01,6.192125470000000576e-01,5.889510749999999906e-01,1.284708999999999981e-03,6.208662000000000208e-03,2.101383000000000070e-03,3.590248799999999629e-02,4.177272399999999719e-02,1.756595670000000164e-01,4.191371640000000065e-01,2.656968239999999981e-01,8.962751999999999178e-03,6.075272160000000365e-01,3.949038670000000195e-01,2.972805869999999850e-01,4.565723839999999978e-01,4.231410139999999820e-01,6.567695470000000091e-01,1.000000000000000000e+00
9.093546559999999834e-01,3.642930080000000292e-01,7.369654999999999956e-02,4.826277959999999978e-01,4.453036710000000120e-01,8.934552110000000269e-01,5.720264399999999694e-02,6.946478200000000269e-02,1.558165700000000049e-02,6.919999999999999814e-06,8.418061699999999925e-02,7.133272640000000164e-01,5.936653700000000811e-01,5.741761909999999469e-01,1.284708999999999981e-03,6.208662000000000208e-03,2.101383000000000070e-03,2.944169999999999773e-02,1.425961099999999843e-02,1.807053889999999940e-01,4.191371640000000065e-01,2.656968239999999981e-01,8.962751999999999178e-03,6.075272160000000365e-01,3.949038670000000195e-01,2.972805869999999850e-01,4.565723839999999978e-01,4.231410139999999820e-01,6.567695470000000091e-01,1.000000000000000000e+00
9.320736309999999580e-01,3.734276130000000471e-01,6.674760000000000415e-02,4.798582329999999674e-01,4.592059850000000387e-01,8.934552110000000269e-01,5.720264399999999694e-02,6.946478200000000269e-02,1.558165700000000049e-02,6.919999999999999814e-06,8.418061699999999925e-02,7.155984509999999688e-01,6.059195410000000059e-01,5.675384759999999584e-01,1.284708999999999981e-03,6.208662000000000208e-03,2.101383000000000070e-03,1.256230200000000088e-02,3.049393099999999843e-02,1.810850930000000025e-01,4.191371640000000065e-01,2.656968239999999981e-01,8.962751999999999178e-03,6.075272160000000365e-01,3.949038670000000195e-01,2.972805869999999850e-01,4.565723839999999978e-01,4.231410139999999820e-01,6.567695470000000091e-01,1.000000000000000000e+00
9.244524029999999781e-01,3.887138500000000274e-01,7.968238199999999605e-02,4.906564199999999820e-01,4.409825740000000160e-01,8.934552110000000269e-01,5.720264399999999694e-02,6.946478200000000269e-02,1.558165700000000049e-02,6.919999999999999814e-06,8.418061699999999925e-02,7.222898309999999933e-01,6.154053360000000250e-01,5.919033939999999161e-01,1.284708999999999981e-03,6.208662000000000208e-03,2.101383000000000070e-03,3.448038700000000123e-02,1.607384499999999980e-02,1.686977309999999897e-01,4.191371640000000065e-01,2.656968239999999981e-01,8.962751999999999178e-03,6.075272160000000365e-01,3.949038670000000195e-01,2.972805869999999850e-01,4.565723839999999978e-01,4.231410139999999820e-01,6.567695470000000091e-01,1.000000000000000000e+00
9.124550929999999394e-01,3.906100809999999979e-01,9.080753499999999478e-02,4.814013269999999900e-01,4.693324130000000038e-01,8.934552110000000269e-01,5.720264399999999694e-02,6.946478200000000269e-02,1.558165700000000049e-02,6.919999999999999814e-06,8.418061699999999925e-02,7.197585420000000012e-01,6.039758030000000888e-01,5.787115699999999530e-01,1.284708999999999981e-03,6.208662000000000208e-03,2.101383000000000070e-03,1.161019600000000145e-02,2.295126100000000058e-02,1.559204919999999939e-01,4.191371640000000065e-01,2.656968239999999981e-01,8.962751999999999178e-03,6.075272160000000365e-01,3.949038670000000195e-01,2.972805869999999850e-01,4.565723839999999978e-01,4.231410139999999820e-01,6.567695470000000091e-01,1.000000000000000000e+00
9.083982800000000024e-01,3.711334830000000418e-01,8.262128200000000422e-02,4.664834929999999713e-01,4.426576370000000482e-01,8.934552110000000269e-01,5.720264399999999694e-02,6.946478200000000269e-02,1.558165700000000049e-02,6.919999999999999814e-06,8.418061699999999925e-02,6.931943580000000660e-01,6.127799930000000783e-01,5.846369439999999917e-01,1.284708999999999981e-03,6.208662000000000208e-03,2.101383000000000070e-03,2.420047199999999718e-02,3.202531900000000348e-02,1.702727009999999985e-01,4.191371640000000065e-01,2.656968239999999981e-01,8.962751999999999178e-03,6.075272160000000365e-01,3.949038670000000195e-01,2.972805869999999850e-01,4.565723839999999978e-01,4.231410139999999820e-01,6.567695470000000091e-01,1.000000000000000000e+00
9.335310299999999284e-01,3.639434049999999976e-01,9.167685500000000154e-02,4.714464820000000000e-01,4.463341590000000081e-01,8.934552110000000269e-01,5.720264399999999694e-02,6.946478200000000269e-02,1.558165700000000049e-02,6.919999999999999814e-06,8.418061699999999925e-02,7.132379540000000073e-01,6.157171949999999949e-01,5.884488769999999258e-01,1.284708999999999981e-03,6.208662000000000208e-03,2.101383000000000070e-03,3.706459000000000142e-02,1.674596399999999860e-02,1.523291360000000039e-01,4.191371640000000065e-01,2.656968239999999981e-01,8.962751999999999178e-03,6.075272160000000365e-01,3.949038670000000195e-01,2.972805869999999850e-01,4.565723839999999978e-01,4.231410139999999820e-01,6.567695470000000091e-01,1.000000000000000000e+00
9.085762760000000160e-01,3.824706549999999927e-01,7.208126300000000652e-02,4.700026199999999821e-01,4.541273650000000051e-01,8.934552110000000269e-01,5.720264399999999694e-02,6.946478200000000269e-02,1.558165700000000049e-02,6.919999999999999814e-06,8.418061699999999925e-02,7.224708509999999695e-01,5.904717660000000645e-01,5.843445029999999596e-01,1.284708999999999981e-03,6.208662000000000208e-03,2.101383000000000070e-03,1.214947900000000122e-02,3.343837499999999935e-02,1.547090630000000078e-01,4.191371640000000065e-01,2.656968239999999981e-01,8.962751999999999178e-03,6.075272160000000365e-01,3.949038670000000195e-01,2.972805869999999850e-01,4.565723839999999978e-01,4.231410139999999820e-01,6.567695470000000091e-01,1.000000000000000000e+00
9.225138969999999716e-01,3.888932200000000394e-01,6.570566699999999538e-02,4.709417909999999985e-01,4.639082370000000011e-01,8.934552110000000269e-01,5.720264399999999694e-02,6.946478200000000269e-02,1.558165700000000049e-02,6.919999999999999814e-06,8.418061699999999925e-02,6.973566060000000455e-01,6.071915060000000475e-01,5.817629249999999308e-01,1.284708999999999981e-03,6.208662000000000208e-03,2.101383000000000070e-03,2.553394200000000044e-02,2.346071599999999951e-02,1.537900759999999978e-01,4.191371640000000065e-01,2.656968239999999981e-01,8.962751999999999178e-03,6.075272160000000365e-01,3.949038670000000195e-01,2.972805869999999850e-01,4.565723839999999978e-01,4.231410139999999820e-01,6.567695470000000091e-01,1.000000000000000000e+00
9.329191390000000084e-01,3.616576599999999919e-01,8.704803399999999636e-02,4.651835409999999782e-01,4.670686840000000117e-01,8.934552110000000269e-01,5.720264399999999694e-02,6.946478200000000269e-02,1.558165700000000049e-02,6.919999999999999814e-06,8.418061699999999925e-02,7.188872060000000008e-01,6.109641610000000611e-01,5.831332219999999511e-01,1.284708999999999981e-03,6.208662000000000208e-03,2.101383000000000070e-03,1.692540799999999943e-02,2.168065799999999849e-02,1.668304230000000055e-01,4.191371640000000065e-01,2.656968239999999981e-01,8.962751999999999178e-03,6.075272160000000365e-01,3.949038670000000195e-01,2.972805869999999850e-01,4.565723839999999978e-01,4.231410139999999820e-01,6.567695470000000091e-01,1.000000000000000000e+00
9.222648249999999548e-01,3.805414650000000232e-01,7.363131400000000326e-02,4.921747169999999838e-01,4.569730310000000295e-01,8.934552110000000269e-01,5.720264399999999694e-02,6.946478200000000269e-02,1.558165700000000049e-02,6.919999999999999814e-06,8.418061699999999925e-02,6.936559159999999835e-01,5.978485159999999965e-01,5.846102539999999959e-01,1.284708999999999981e-03,6.208662000000000208e-03,2.101383000000000070e-03,3.852946799999999727e-02,3.419457199999999947e-02,1.532819599999999949e-01,4.191371640000000065e-01,2.656968239999999981e-01,8.962751999999999178e-03,6.075272160000000365e-01,3.949038670000000195e-01,2.972805869999999850e-01,4.565723839999999978e-01,4.231410139999999820e-01,6.567695470000000091e-01,1.000000000000000000e+00
9.194029519999999955e-01,3.886243679999999978e-01,6.559723600000000321e-02,4.705465030000000048e-01,4.507671820000000440e-01,8.934552110000000269e-01,5.720264399999999694e-02,6.946478200000000269e-02,1.558165700000000049e-02,6.919999999999999814e-06,8.418061699999999925e-02,7.150786690000000556e-01,6.108062100000000161e-01,5.725748439999999162e-01,1.284708999999999981e-03,6.208662000000000208e-03,2.101383000000000070e-03,1.394229599999999986e-02,4.212751699999999627e-02,1.687779339999999906e-01,4.191371640000000065e-01,2.656968239999999981e-01,8.962751999999999178e-03,6.075272160000000365e-01,3.949038670000000195e-01,2.972805869999999850e-01,4.565723839999999978e-01,4.231410139999999820e-01,6.567695470000000091e-01,1.000000000000000000e+00
9.108368589999999987e-01,3.647003200000000223e-01,8.585795100000000180e-02,4.752049279999999709e-01,4.601327960000000106e-01,8.934552110000000269e-01,5.720264399999999694e-02,6.946478200000000269e-02,1.558165700000000049e-02,6.919999999999999814e-06,8.418061699999999925e-02,6.977085929999999880e-01,6.173229010000000905e-01,5.874766949999999932e-01,1.284708999999999981e-03,6.208662000000000208e-03,2.101383000000000070e-03,3.409711799999999571e-02,3.028873899999999855e-02,1.677560630000000108e-01,4.191371640000000065e-01,2.656968239999999981e-01,8.962751999999999178e-03,6.075272160000000365e-01,3.949038670000000195e-01,2.972805869999999850e-01,4.565723839999999978e-01,4.231410139999999820e-01,6.567695470000000091e-01,1.000000000000000000e+00
9.270371929999999816e-01,3.679409610000000108e-01,7.080570399999999709e-02,4.847148739999999623e-01,4.421861140000000190e-01,8.934552110000000269e-01,5.720264399999999694e-02,6.946478200000000269e-02,1.558165700000000049e-02,6.919999999999999814e-06,8.418061699999999925e-02,6.939827760000000234e-01,5.930306069999999874e-01,5.867577439999999145e-01,1.284708999999999981e-03,6.208662000000000208e-03,2.101383000000000070e-03,2.716486400000000037e-02,4.129489000000000076e-02,1.713977640000000080e-01,4.191371640000000065e-01,2.656968239999999981e-01,8.962751999999999178e-03,6.075272160000000365e-01,3.949038670000000195e-01,2.972805869999999850e-01,4.565723839999999978e-01,4.231410139999999820e-01,6.567695470000000091e-01,1.000000000000000000e+00
9.075902999999999610e-01,3.780778640000000412e-01,8.050476400000000643e-02,4.825289579999999523e-01,4.503419320000000003e-01,8.934552110000000269e-01,5.720264399999999694e-02,6.946478200000000269e-02,1.558165700000000049e-02,6.919999999999999814e-06,8.418061699999999925e-02,6.935881449999999893e-01,5.923605230000000832e-01,5.748808769999999013e-01,1.284708999999999981e-03,6.208662000000000208e-03,2.101383000000000070e-03,3.246566000000000035e-02,2.944718699999999967e-02,1.555240539999999949e-01,4.191371640000000065e-01,2.656968239999999981e-01,8.962751999999999178e-03,6.075272160000000365e-01,3.949038670000000195e-01,2.972805869999999850e-01,4.565723839999999978e-01,4.231410139999999820e-01,6.567695470000000091e-01,1.000000000000000000e+00
9.343423929999999933e-01,3.904947550000000267e-01,8.081270800000001087e-02,4.861227449999999672e-01,4.608345120000000295e-01,8.934552110000000269e-01,5.720264399999999694e-02,6.946478200000000269e-02,1.558165700000000049e-02,6.919999999999999814e-06,8.418061699999999925e-02,7.163582910000000359e-01,6.162401920000000199e-01,5.923109689999999095e-01,1.284708999999999981e-03,6.208662000000000208e-03,2.101383000000000070e-03,4.067347200000000218e-02,3.857379699999999995e-02,1.648508379999999995e-01,4.191371640000000065e-01,2.656968239999999981e-01,8.962751999999999178e-03,6.075272160000000365e-01,3.949038670000000195e-01,2.972805869999999850e-01,4.565723839999999978e-01,4.231410139999999820e-01,6.567695470000000091e-01,1.000000000000000000e+00
9.091276719999999978e-01,3.651635380000000097e-01,7.835106399999999804e-02,4.883432559999999478e-01,4.635276680000000038e-01,8.934552110000000269e-01,5.720264399999999694e-02,6.946478200000000269e-02,1.558165700000000049e-02,6.919999999999999814e-06,8.418061699999999925e-02,7.018039940000000421e-01,6.049866710000000314e-01,5.794191129999999301e-01,1.284708999999999981e-03,6.208662000000000208e-03,2.101383000000000070e-03,2.389515199999999936e-02,2.105312599999999840e-02,1.620887739999999910e-01,4.191371640000000065e-01,2.656968239999999981e-01,8.962751999999999178e-03,6.075272160000000365e-01,3.949038670000000195e-01,2.972805869999999850e-01,4.565723839999999978e-01,4.231410139999999820e-01,6.567695470000000091e-01,1.000000000000000000e+00
9.275353809999999921e-01,3.750443430000000022e-01,6.727719700000001080e-02,4.819366489999999947e-01,4.613259530000000108e-01,8.934552110000000269e-01,5.720264399999999694e-02,6.946478200000000269e-02,1.558165700000000049e-02,6.919999999999999814e-06,8.418061699999999925e-02,7.230995909999999860e-01,5.937101519999999910e-01,5.900774519999999468e-01,1.284708999999999981e-03,6.208662000000000208e-03,2.101383000000000070e-03,1.762047799999999845e-02,4.011988699999999991e-02,1.587815330000000025e-01,4.191371640000000065e-01,2.656968239999999981e-01,8.962751999999999178e-03,6.075272160000000365e-01,3.949038670000000195e-01,2.972805869999999850e-01,4.565723839999999978e-01,4.231410139999999820e-01,6.567695470000000091e-01,1.000000000000000000e+00
9.367092999999999670e-01,3.736224350000000305e-01,6.684161300000000805e-02,4.902338189999999596e-01,4.498216369999999964e-01,8.934552110000000269e-01,5.720264399999999694e-02,6.946478200000000269e-02,1.558165700000000049e-02,6.919999999999999814e-06,8.418061699999999925e-02,7.205186310000000205e-01,5.973909200000000475e-01,5.739626979999999934e-01,1.284708999999999981e-03,6.208662000000000208e-03,2.101383000000000070e-03,1.439164300000000084e-02,3.762816000000000077e-02,1.699590099999999937e-01,4.191371640000000065e-01,2.656968239999999981e-01,8.962751999999999178e-03,6.075272160000000365e-01,3.949038670000000195e-01,2.972805869999999850e-01,4.565723839999999978e-01,4.231410139999999820e-01,6.567695470000000091e-01,1.000000000000000000e+00
9.135290689999999714e-01,3.786474590000000195e-01,7.811981700000000806e-02,4.853171949999999790e-01,4.475658190000000314e-01,8.934552110000000269e-01,5.720264399999999694e-02,6.946478200000000269e-02,1.558165700000000049e-02,6.919999999999999814e-06,8.418061699999999925e-02,7.073552899999999699e-01,6.197853470000000975e-01,5.747634299999999641e-01,1.284708999999999981e-03,6.208662000000000208e-03,2.101383000000000070e-03,2.636526599999999831e-02,2.529982399999999854e-02,1.741778509999999947e-01,4.191371640000000065e-01,2.656968239999999981e-01,8.962751999999999178e-03,6.075272160000000365e-01,3.949038670000000195e-01,2.972805869999999850e-01,4.565723839999999978e-01,4.231410139999999820e-01,6.567695470000000091e-01,1.000000000000000000e+00
9.311045500000000308e-01,3.809683420000000154e-01,8.322009500000000781e-02,4.833779109999999934e-01,4.645837850000000269e-01,8.934552110000000269e-01,5.720264399999999694e-02,6.946478200000000269e-02,1.558165700000000049e-02,6.919999999999999814e-06,8.418061699999999925e-02,7.169932090000000757e-01,6.077027170000000034e-01,5.812218729999999445e-01,1.284708999999999981e-03,6.208662000000000208e-03,2.101383000000000070e-03,2.498923899999999990e-02,2.906790700000000047e-02,1.716365920000000045e-01,4.191371640000000065e-01,2.656968239999999981e-01,8.962751999999999178e-03,6.075272160000000365e-01,3.949038670000000195e-01,2.972805869999999850e-01,4.565723839999999978e-01,4.231410139999999820e-01,6.567695470000000091e-01,1.000000000000000000e+00
9.280439579999999467e-01,3.865176000000000167e-01,7.247915100000000554e-02,4.674666949999999876e-01,4.641902489999999992e-01,8.934552110000000269e-01,5.720264399999999694e-02,6.946478200000000269e-02,1.558165700000000049e-02,6.919999999999999814e-06,8.418061699999999925e-02,7.107385790000000370e-01,5.984284810000000121e-01,5.750621689999999564e-01,1.284708999999999981e-03,6.208662000000000208e-03,2.101383000000000070e-03,1.710564099999999782e-02,4.080780399999999614e-02,1.591387410000000002e-01,4.191371640000000065e-01,2.656968239999999981e-01,8.962751999999999178e-03,6.075272160000000365e-01,3.949038670000000195e-01,2.972805869999999850e-01,4.565723839999999978e-01,4.231410139999999820e-01,6.567695470000000091e-01,1.000000000000000000e+00
9.314669580000000115e-01,3.765180540000000464e-01,7.065902899999999820e-02,4.784368889999999763e-01,4.698577590000000415e-01,8.934552110000000269e-01,5.720264399999999694e-02,6.946478200000000269e-02,1.558165700000000049e-02,6.919999999999999814e-06,8.418061699999999925e-02,7.221956160000000402e-01,6.188057060000000664e-01,5.644224860000000010e-01,1.284708999999999981e-03,6.208662000000000208e-03,2.101383000000000070e-03,1.230275100000000066e-02,2.818934000000000023e-02,1.616181039999999847e-01,4.191371640000000065e-01,2.656968239999999981e-01,8.962751999999999178e-03,6.075272160000000365e-01,3.949038670000000195e-01,2.972805869999999850e-01,4.565723839999999978e-01,4.231410139999999820e-01,6.567695470000000091e-01,1.000000000000000000e+00
9.140833830000000271e-01,3.822303490000000248e-01,6.473285300000000686e-02,4.757086139999999741e-01,4.481802220000000170e-01,8.934552110000000269e-01,5.720264399999999694e-02,6.946478200000000269e-02,1.558165700000000049e-02,6.919999999999999814e-06,8.418061699999999925e-02,7.045718659999999911e-01,6.201590590000000125e-01,5.749979329999999056e-01,1.284708999999999981e-03,6.208662000000000208e-03,2.101383000000000070e-03,3.384889499999999690e-02,3.646292699999999914e-02,1.673261189999999954e-01,4.191371640000000065e-01,2.656968239999999981e-01,8.962751999999999178e-03,6.075272160000000365e-01,3.949038670000000195e-01,2.972805869999999850e-01,4.565723839999999978e-01,4.231410139999999820e-01,6.567695470000000091e-01,1.000000000000000000e+00
9.134118660000000167e-01,3.686629280000000008e-01,7.310532499999999878e-02,4.704435939999999650e-01,4.446059880000000075e-01,8.934552110000000269e-01,5.720264399999999694e-02,6.946478200000000269e-02,1.558165700000000049e-02,6.919999999999999814e-06,8.418061699999999925e-02,7.090621049999999981e-01,5.985682509999999956e-01,5.876844689999999316e-01,1.284708999999999981e-03,6.208662000000000208e-03,2.101383000000000070e-03,1.566879399999999978e-02,3.591902799999999868e-02,1.712656210000000068e-01,4.191371640000000065e-01,2.656968239999999981e-01,8.962751999999999178e-03,6.075272160000000365e-01,3.949038670000000195e-01,2.972805869999999850e-01,4.565723839999999978e-01,4.231410139999999820e-01,6.567695470000000091e-01,1.000000000000000000e+00
9.219570080000000223e-01,3.671007830000000416e-01,8.184471700000001126e-02,4.662099120000000041e-01,4.700966109999999976e-01,8.934552110000000269e-01,5.720264399999999694e-02,6.946478200000000269e-02,1.558165700000000049e-02,6.919999999999999814e-06,8.418061699999999925e-02,6.971761899999999734e-01,5.970898070000000279e-01,5.655701319999999477e-01,1.284708999999999981e-03,6.208662000000000208e-03,2.101383000000000070e-03,3.089366099999999934e-02,2.158125500000000058e-02,1.698783839999999934e-01,4.191371640000000065e-01,2.656968239999999981e-01,8.962751999999999178e-03,6.075272160000000365e-01,3.949038670000000195e-01,2.972805869999999850e-01,4.565723839999999978e-01,4.231410139999999820e-01,6.567695470000000091e-01,1.000000000000000000e+00
9.202746170000000170e-01,3.907806140000000261e-01,8.547953099999999749e-02,4.794460989999999589e-01,4.659970690000000415e-01,8.934552110000000269e-01,5.720264399999999694e-02,6.946478200000000269e-02,1.558165700000000049e-02,6.919999999999999814e-06,8.418061699999999925e-02,7.219609420000000499e-01,5.980367930000000110e-01,5.803515159999999007e-01,1.284708999999999981e-03,6.208662000000000208e-03,2.101383000000000070e-03,3.373774400000000007e-02,2.600725199999999807e-02,1.813597459999999884e-01,4.191371640000000065e-01,2.656968239999999981e-01,8.962751999999999178e-03,6.075272160000000365e-01,3.949038670000000195e-01,2.972805869999999850e-01,4.565723839999999978e-01,4.231410139999999820e-01,6.567695470000000091e-01,1.000000000000000000e+00
9.240524340000000336e-01,3.741318949999999921e-01,8.987099500000000907e-02,4.663575799999999938e-01,4.573606729999999954e-01,8.934552110000000269e-01,5.720264399999999694e-02,6.946478200000000269e-02,1.558165700000000049e-02,6.919999999999999814e-06,8.418061699999999925e-02,7.180556160000000077e-01,6.126572490000000704e-01,5.856254449999999112e-01,1.284708999999999981e-03,6.208662000000000208e-03,2.101383000000000070e-03,3.473988299999999918e-02,3.110597799999999941e-02,1.610583650000000089e-01,4.191371640000000065e-01,2.656968239999999981e-01,8.962751999999999178e-03,6.075272160000000365e-01,3.949038670000000195e-01,2.972805869999999850e-01,4.565723839999999978e-01,4.231410139999999820e-01,6.567695470000000091e-01,1.000000000000000000e+00
9.281594579999999928e-01,3.699815070000000428e-01,7.148011099999999896e-02,4.672191909999999782e-01,4.531613990000000203e-01,8.934552110000000269e-01,5.720264399999999694e-02,6.946478200000000269e-02,1.558165700000000049e-02,6.919999999999999814e-06,8.418061699999999925e-02,7.009195420000000620e-01,6.134171620000000713e-01,5.827232229999999014e-01,1.284708999999999981e-03,6.208662000000000208e-03,2.101383000000000070e-03,3.918292099999999556e-02,1.891764899999999819e-02,1.759085300000000074e-01,4.191371640000000065e-01,2.656968239999999981e-01,8.962751999999999178e-03,6.075272160000000365e-01,3.949038670000000195e-01,2.972805869999999850e-01,4.565723839999999978e-01,4.231410139999999820e-01,6.567695470000000091e-01,1.000000000000000000e+00
9.229851620000000256e-01,3.817438330000000324e-01,7.797437499999999855e-02,4.684023019999999926e-01,4.412742190000000231e-01,8.934552110000000269e-01,5.720264399999999694e-02,6.946478200000000269e-02,1.558165700000000049e-02,6.919999999999999814e-06,8.418061699999999925e-02,7.148311110000000745e-01,5.907327239999999868e-01,5.903904339999999085e-01,1.284708999999999981e-03,6.208662000000000208e-03,2.101383000000000070e-03,1.297358699999999997e-02,2.890622799999999909e-02,1.653733809999999860e-01,4.191371640000000065e-01,2.656968239999999981e-01,8.962751999999999178e-03,6.075272160000000365e-01,3.949038670000000195e-01,2.972805869999999850e-01,4.565723839999999978e-01,4.231410139999999820e-01,6.567695470000000091e-01,1.000000000000000000e+00
9.166855299999999707e-01,3.794648190000000088e-01,8.773565199999999731e-02,4.832089019999999957e-01,4.589319700000000224e-01,8.934552110000000269e-01,5.720264399999999694e-02,6.946478200000000269e-02,1.558165700000000049e-02,6.919999999999999814e-06,8.418061699999999925e-02,7.097519070000000152e-01,6.182963300000000606e-01,5.706454369999999221e-01,1.284708999999999981e-03,6.208662000000000208e-03,2.101383000000000070e-03,2.083164799999999775e-02,3.275050499999999920e-02,1.794632119999999831e-01,4.191371640000000065e-01,2.656968239999999981e-01,8.962751999999999178e-03,6.075272160000000365e-01,3.949038670000000195e-01,2.972805869999999850e-01,4.565723839999999978e-01,4.231410139999999820e-01,6.567695470000000091e-01,1.000000000000000000e+00
9.152831129999999815e-01,3.665488319999999911e-01,8.149842599999999881e-02,4.815793869999999699e-01,4.527386050000000162e-01,8.934552110000000269e-01,5.720264399999999694e-02,6.946478200000000269e-02,1.558165700000000049e-02,6.919999999999999814e-06,8.418061699999999925e-02,6.994700820000000485e-01,6.035087510000000099e-01,5.745640260000000055e-01,1.284708999999999981e-03,6.208662000000000208e-03,2.101383000000000070e-03,2.673829099999999737e-02,2.628378399999999754e-02,1.626750559999999846e-01,4.191371640000000065e-01,2.656968239999999981e-01,8.962751999999999178e-03,6.075272160000000365e-01,3.949038670000000195e-01,2.972805869999999850e-01,4.565723839999999978e-01,4.231410139999999820e-01,6.567695470000000091e-01,1.000000000000000000e+00
9.210543879999999461e-01,3.677433079999999910e-01,7.519112799999999597e-02,4.718153049999999626e-01,4.414261010000000152e-01,8.934552110000000269e-01,5.720264399999999694e-02,6.946478200000000269e-02,1.558165700000000049e-02,6.919999999999999814e-06,8.418061699999999925e-02,6.932355869999999864e-01,6.143636540000000368e-01,5.908446769999999848e-01,1.284708999999999981e-03,6.208662000000000208e-03,2.101383000000000070e-03,3.298589799999999961e-02,2.557774999999999979e-02,1.697173319999999985e-01,4.191371640000000065e-01,2.656968239999999981e-01,8.962751999999999178e-03,6.075272160000000365e-01,3.949038670000000195e-01,2.972805869999999850e-01,4.565723839999999978e-01,4.231410139999999820e-01,6.567695470000000091e-01,1.000000000000000000e+00
9.350407840000000137e-01,3.621674960000000332e-01,7.334493599999999947e-02,4.867039279999999524e-01,4.614586670000000446e-01,8.934552110000000269e-01,5.720264399999999694e-02,6.946478200000000269e-02,1.558165700000000049e-02,6.919999999999999814e-06,8.418061699999999925e-02,6.955144240000000755e-01,5.960184880000000129e-01,5.669554609999999384e-01,1.284708999999999981e-03,6.208662000000000208e-03,2.101383000000000070e-03,2.482824999999999963e-02,2.807745299999999875e-02,1.586109410000000053e-01,4.191371640000000065e-01,2.656968239999999981e-01,8.962751999999999178e-03,6.075272160000000365e-01,3.949038670000000195e-01,2.972805869999999850e-01,4.565723839999999978e-01,4.231410139999999820e-01,6.567695470000000091e-01,1.000000000000000000e+00
9.323178979999999783e-01,3.624054190000000064e-01,8.287295100000000025e-02,4.871011379999999891e-01,4.556159830000000022e-01,8.934552110000000269e-01,5.720264399999999694e-02,6.946478200000000269e-02,1.558165700000000049e-02,6.919999999999999814e-06,8.418061699999999925e-02,7.010861099999999846e-01,6.051576360000000543e-01,5.852329960000000053e-01,1.284708999999999981e-03,6.208662000000000208e-03,2.101383000000000070e-03,2.754626899999999823e-02,3.544249199999999905e-02,1.719983979999999968e-01,4.191371640000000065e-01,2.656968239999999981e-01,8.962751999999999178e-03,6.075272160000000365e-01,3.949038670000000195e-01,2.972805869999999850e-01,4.565723839999999978e-01,4.231410139999999820e-01,6.567695470000000091e-01,1.000000000000000000e+00
9.191302580000000333e-01,3.753409830000000169e-01,7.403631800000000374e-02,4.772513760000000049e-01,4.421170940000000438e-01,8.934552110000000269e-01,5.720264399999999694e-02,6.946478200000000269e-02,1.558165700000000049e-02,6.919999999999999814e-06,8.418061699999999925e-02,7.177617769999999897e-01,6.099203619999999937e-01,5.654391629999999669e-01,1.284708999999999981e-03,6.208662000000000208e-03,2.101383000000000070e-03,3.992217699999999619e-02,3.027576499999999962e-02,1.637944129999999998e-01,4.191371640000000065e-01,2.656968239999999981e-01,8.962751999999999178e-03,6.075272160000000365e-01,3.949038670000000195e-01,2.972805869999999850e-01,4.565723839999999978e-01,4.231410139999999820e-01,6.567695470000000091e-01,1.000000000000000000e+00
9.231073680000000392e-01,3.767760920000000069e-01,8.267605799999999672e-02,4.836304109999999823e-01,4.523350240000000300e-01,8.934552110000000269e-01,5.720264399999999694e-02,6.946478200000000269e-02,1.558165700000000049e-02,6.919999999999999814e-06,8.418061699999999925e-02,7.088618420000000198e-01,6.135991790000000501e-01,5.690848159999999378e-01,1.284708999999999981e-03,6.208662000000000208e-03,2.101383000000000070e-03,1.593299100000000051e-02,3.242461800000000227e-02,1.732682190000000011e-01,4.191371640000000065e-01,2.656968239999999981e-01,8.962751999999999178e-03,6.075272160000000365e-01,3.949038670000000195e-01,2.972805869999999850e-01,4.565723839999999978e-01,4.231410139999999820e-01,6.567695470000000091e-01,1.000000000000000000e+00
9.264879379999999554e-01,3.675463340000000301e-01,8.249073400000001000e-02,4.839704719999999849e-01,4.471620010000000311e-01,8.934552110000000269e-01,5.720264399999999694e-02,6.946478200000000269e-02,1.558165700000000049e-02,6.919999999999999814e-06,8.418061699999999925e-02,7.070806179999999941e-01,6.168046770000000789e-01,5.756808279999999778e-01,1.284708999999999981e-03,6.208662000000000208e-03,2.101383000000000070e-03,3.955304500000000195e-02,2.255642100000000011e-02,1.583208779999999982e-01,4.191371640000000065e-01,2.656968239999999981e-01,8.962751999999999178e-03,6.075272160000000365e-01,3.949038670000000195e-01,2.972805869999999850e-01,4.565723839999999978e-01,4.231410139999999820e-01,6.567695470000000091e-01,1.000000000000000000e+00
9.332839589999999408e-01,3.825919890000000212e-01,9.411581400000000597e-02,4.786177560000000053e-01,4.644070420000000476e-01,8.934552110000000269e-01,5.720264399999999694e-02,6.946478200000000269e-02,1.558165700000000049e-02,6.919999999999999814e-06,8.418061699999999925e-02,7.140817620000000643e-01,6.079493970000000580e-01,5.732944700000000005e-01,1.284708999999999981e-03,6.208662000000000208e-03,2.101383000000000070e-03,3.889863099999999602e-02,4.036446299999999626e-02,1.577482769999999923e-01,4.191371640000000065e-01,2.656968239999999981e-01,8.962751999999999178e-03,6.075272160000000365e-01,3.949038670000000195e-01,2.972805869999999850e-01,4.565723839999999978e-01,4.231410139999999820e-01,6.567695470000000091e-01,1.000000000000000000e+00
9.288184409999999946e-01,3.876514180000000254e-01,6.827065400000000006e-02,4.821874579999999577e-01,4.608916319999999955e-01,8.934552110000000269e-01,5.720264399999999694e-02,6.946478200000000269e-02,1.558165700000000049e-02,6.919999999999999814e-06,8.418061699999999925e-02,6.961240330000000309e-01,6.013405920000000071e-01,5.931016430000000117e-01,1.284708999999999981e-03,6.208662000000000208e-03,2.101383000000000070e-03,2.518585899999999794e-02,3.502468000000000248e-02,1.724044720000000031e-01,4.191371640000000065e-01,2.656968239999999981e-01,8.962751999999999178e-03,6.075272160000000365e-01,3.949038670000000195e-01,2.972805869999999850e-01,4.565723839999999978e-01,4.231410139999999820e-01,6.567695470000000091e-01,1.000000000000000000e+00
9.238799030000000023e-01,3.815143750000000167e-01,7.948121099999999606e-02,4.909714219999999907e-01,4.682154079999999996e-01,8.934552110000000269e-01,5.720264399999999694e-02,6.946478200000000269e-02,1.558165700000000049e-02,6.919999999999999814e-06,8.418061699999999925e-02,6.988208540000000468e-01,6.089666960000000850e-01,5.864921169999999240e-01,1.284708999999999981e-03,6.208662000000000208e-03,2.101383000000000070e-03,2.206576700000000002e-02,1.685744700000000110e-02,1.791899959999999903e-01,4.191371640000000065e-01,2.656968239999999981e-01,8.962751999999999178e-03,6.075272160000000365e-01,3.949038670000000195e-01,2.972805869999999850e-01,4.565723839999999978e-01,4.231410139999999820e-01,6.567695470000000091e-01,1.000000000000000000e+00
9.303812230000000350e-01,3.728971349999999907e-01,8.946485400000001031e-02,4.761814529999999768e-01,4.436498320000000217e-01,8.934552110000000269e-01,5.720264399999999694e-02,6.946478200000000269e-02,1.558165700000000049e-02,6.919999999999999814e-06,8.418061699999999925e-02,7.015902059999999940e-01,5.931985350000000823e-01,5.761235939999999056e-01,1.284708999999999981e-03,6.208662000000000208e-03,2.101383000000000070e-03,3.264600799999999720e-02,3.870747299999999919e-02,1.705214650000000109e-01,4.191371640000000065e-01,2.656968239999999981e-01,8.962751999999999178e-03,6.075272160000000365e-01,3.949038670000000195e-01,2.972805869999999850e-01,4.565723839999999978e-01,4.231410139999999820e-01,6.567695470000000091e-01,1.000000000000000000e+00
9.095935649999999928e-01,3.819740420000000136e-01,6.800703099999999557e-02,4.933563719999999875e-01,4.689064099999999957e-01,8.934552110000000269e-01,5.720264399999999694e-02,6.946478200000000269e-02,1.558165700000000049e-02,6.919999999999999814e-06,8.418061699999999925e-02,6.942012929999999971e-01,6.159225460000000707e-01,5.715217159999999019e-01,1.284708999999999981e-03,6.208662000000000208e-03,2.101383000000000070e-03,1.620716399999999960e-02,3.784052100000000196e-02,1.662025010000000025e-01,4.191371640000000065e-01,2.656968239999999981e-01,8.962751999999999178e-03,6.075272160000000365e-01,3.949038670000000195e-01,2.972805869999999850e-01,4.565723839999999978e-01,4.231410139999999820e-01,6.567695470000000091e-01,1.000000000000000000e+00
9.256253700000000029e-01,3.627959159999999961e-01,7.536784900000000065e-02,4.807071169999999616e-01,4.466179150000000320e-01,8.934552110000000269e-01,5.720264399999999694e-02,6.946478200000000269e-02,1.558165700000000049e-02,6.919999999999999814e-06,8.418061699999999925e-02,7.072224220000000727e-01,5.918369820000000114e-01,5.641839109999999824e-01,1.284708999999999981e-03,6.208662000000000208e-03,2.101383000000000070e-03,2.473088399999999812e-02,2.697840599999999991e-02,1.541840849999999985e-01,4.191371640000000065e-01,2.656968239999999981e-01,8.962751999999999178e-03,6.075272160000000365e-01,3.949038670000000195e-01,2.972805869999999850e-01,4.565723839999999978e-01,4.231410139999999820e-01,6.567695470000000091e-01,1.000000000000000000e+00
9.252735719999999331e-01,3.900647540000000135e-01,8.858196700000001145e-02,4.868410009999999954e-01,4.580729080000000009e-01,8.934552110000000269e-01,5.720264399999999694e-02,6.946478200000000269e-02,1.558165700000000049e-02,6.919999999999999814e-06,8.418061699999999925e-02,7.057186160000000763e-01,5.941310730000000095e-01,5.774351499999998971e-01,1.284708999999999981e-03,6.208662000000000208e-03,2.101383000000000070e-03,2.848024199999999936e-02,1.805345599999999898e-02,1.623787469999999900e-01,4.191371640000000065e-01,2.656968239999999981e-01,8.962751999999999178e-03,6.075272160000000365e-01,3.949038670000000195e-01,2.972805869999999850e-01,4.565723839999999978e-01,4.231410139999999820e-01,6.567695470000000091e-01,1.000000000000000000e+00
9.156109129999999707e-01,3.680385690000000376e-01,7.061677700000000557e-02,4.925069669999999622e-01,4.647384130000000169e-01,8.934552110000000269e-01,5.720264399999999694e-02,6.946478200000000269e-02,1.558165700000000049e-02,6.919999999999999814e-06,8.418061699999999925e-02,6.947341400000000000e-01,6.030630770000000584e-01,5.729438719999999652e-01,1.284708999999999981e-03,6.208662000000000208e-03,2.101383000000000070e-03,3.135473600000000111e-02,3.746079799999999654e-02,1.606619719999999862e-01,4.191371640000000065e-01,2.656968239999999981e-01,8.962751999999999178e-03,6.075272160000000365e-01,3.949038670000000195e-01,2.972805869999999850e-01,4.565723839999999978e-01,4.231410139999999820e-01,6.567695470000000091e-01,1.000000000000000000e+00
9.304792179999999968e-01,3.744059740000000303e-01,8.038940599999999659e-02,4.682853289999999724e-01,4.430639390000000177e-01,8.934552110000000269e-01,5.720264399999999694e-02,6.946478200000000269e-02,1.558165700000000049e-02,6.919999999999999814e-06,8.418061699999999925e-02,7.215209390000000278e-01,6.007584690000000727e-01,5.731403909999999158e-01,1.284708999999999981e-03,6.208662000000000208e-03,2.101383000000000070e-03,2.798340099999999803e-02,3.361867899999999854e-02,1.574620629999999855e-01,4.191371640000000065e-01,2.656968239999999981e-01,8.962751999999999178e-03,6.075272160000000365e-01,3.949038670000000195e-01,2.972805869999999850e-01,4.565723839999999978e-01,4.231410139999999820e-01,6.567695470000000091e-01,1.000000000000000000e+00
9.317491340000000344e-01,3.894001420000000047e-01,7.559340400000000293e-02,4.686891939999999757e-01,4.673498990000000131e-01,8.934552110000000269e-01,5.720264399999999694e-02,6.946478200000000269e-02,1.558165700000000049e-02,6.919999999999999814e-06,8.418061699999999925e-02,7.189945370000000446e-01,5.941885279999999936e-01,5.666558800000000007e-01,1.284708999999999981e-03,6.208662000000000208e-03,2.101383000000000070e-03,2.303175899999999887e-02,2.522767399999999854e-02,1.662470950000000114e-01,4.191371640000000065e-01,2.656968239999999981e-01,8.962751999999999178e-03,6.075272160000000365e-01,3.949038670000000195e-01,2.972805869999999850e-01,4.565723839999999978e-01,4.231410139999999820e-01,6.567695470000000091e-01,1.000000000000000000e+00
9.166002289999999331e-01,3.644410570000000127e-01,7.352815399999999835e-02,4.697525159999999533e-01,4.494914710000000313e-01,8.934552110000000269e-01,5.720264399999999694e-02,6.946478200000000269e-02,1.558165700000000049e-02,6.919999999999999814e-06,8.418061699999999925e-02,7.105099520000000002e-01,5.963807750000000851e-01,5.659716389999999153e-01,1.284708999999999981e-03,6.208662000000000208e-03,2.101383000000000070e-03,2.602937500000000043e-02,2.370697399999999871e-02,1.553248899999999932e-01,4.191371640000000065e-01,2.656968239999999981e-01,8.962751999999999178e-03,6.075272160000000365e-01,3.949038670000000195e-01,2.972805869999999850e-01,4.565723839999999978e-01,4.231410139999999820e-01,6.567695470000000091e-01,1.000000000000000000e+00
9.171101109999999501e-01,3.777354710000000448e-01,7.188426100000000485e-02,4.908279709999999740e-01,4.625965810000000067e-01,8.934552110000000269e-01,5.720264399999999694e-02,6.946478200000000269e-02,1.558165700000000049e-02,6.919999999999999814e-06,8.418061699999999925e-02,7.101822829999999698e-01,6.057366310000000809e-01,5.660611589999999804e-01,1.284708999999999981e-03,6.208662000000000208e-03,2.101383000000000070e-03,1.957072399999999768e-02,2.872687999999999978e-02,1.663867910000000061e-01,4.191371640000000065e-01,2.656968239999999981e-01,8.962751999999999178e-03,6.075272160000000365e-01,3.949038670000000195e-01,2.972805869999999850e-01,4.565723839999999978e-01,4.231410139999999820e-01,6.567695470000000091e-01,1.000000000000000000e+00
9.136350859999999852e-01,3.867549909999999924e-01,8.019638900000000681e-02,4.889520069999999663e-01,4.423584410000000466e-01,8.934552110000000269e-01,5.720264399999999694e-02,6.946478200000000269e-02,1.558165700000000049e-02,6.919999999999999814e-06,8.418061699999999925e-02,6.997551180000000093e-01,6.155507130000000826e-01,5.868713559999999552e-01,1.284708999999999981e-03,6.208662000000000208e-03,2.101383000000000070e-03,1.635070699999999905e-02,4.241299299999999606e-02,1.625897199999999931e-01,4.191371640000000065e-01,2.656968239999999981e-01,8.962751999999999178e-03,6.075272160000000365e-01,3.949038670000000195e-01,2.972805869999999850e-01,4.565723839999999978e-01,4.231410139999999820e-01,6.567695470000000091e-01,1.000000000000000000e+00
9.220260519999999849e-01,3.848358299999999899e-01,9.374177999999999678e-02,4.667667489999999808e-01,4.692324640000000158e-01,8.934552110000000269e-01,5.720264399999999694e-02,6.946478200000000269e-02,1.558165700000000049e-02,6.919999999999999814e-06,8.418061699999999925e-02,7.035306780000000204e-01,6.148201130000000569e-01,5.820784719999999579e-01,1.284708999999999981e-03,6.208662000000000208e-03,2.101383000000000070e-03,1.367581800000000104e-02,4.054313400000000150e-02,1.754197730000000011e-01,4.191371640000000065e-01,2.656968239999999981e-01,8.962751999999999178e-03,6.075272160000000365e-01,3.949038670000000195e-01,2.972805869999999850e-01,4.565723839999999978e-01,4.231410139999999820e-01,6.567695470000000091e-01,1.000000000000000000e+00
9.292821789999999860e-01,3.761496040000000263e-01,7.451395300000000776e-02,4.850196249999999543e-01,4.555489270000000479e-01,8.934552110000000269e-01,5.720264399999999694e-02,6.946478200000000269e-02,1.558165700000000049e-02,6.919999999999999814e-06,8.418061699999999925e-02,7.012744010000000472e-01,5.926012470000000532e-01,5.893721069999999784e-01,1.284708999999999981e-03,6.208662000000000208e-03,2.101383000000000070e-03,3.808037400000000017e-02,2.216351599999999769e-02,1.561840539999999888e-01,4.191371640000000065e-01,2.656968239999999981e-01,8.962751999999999178e-03,6.075272160000000365e-01,3.949038670000000195e-01,2.972805869999999850e-01,4.565723839999999978e-01,4.231410139999999820e-01,6.567695470000000091e-01,1.000000000000000000e+00
9.179998440000000093e-01,3.808241820000000111e-01,8.590523199999999804e-02,4.828219769999999578e-01,4.566547250000000391e-01,8.934552110000000269e-01,5.720264399999999694e-02,6.946478200000000269e-02,1.558165700000000049e-02,6.919999999999999814e-06,8.418061699999999925e-02,7.206796269999999893e-01,5.947365370000000651e-01,5.701598779999998978e-01,1.284708999999999981e-03,6.208662000000000208e-03,2.101383000000000070e-03,1.912465399999999788e-02,3.965480899999999920e-02,1.543650289999999869e-01,4.191371640000000065e-01,2.656968239999999981e-01,8.962751999999999178e-03,6.075272160000000365e-01,3.949038670000000195e-01,2.972805869999999850e-01,4.565723839999999978e-01,4.231410139999999820e-01,6.567695470000000091e-01,1.000000000000000000e+00
9.360196250000000218e-01,3.843204820000000188e-01,7.479413299999999876e-02,4.934424589999999999e-01,4.459730860000000185e-01,8.934552110000000269e-01,5.720264399999999694e-02,6.946478200000000269e-02,1.558165700000000049e-02,6.919999999999999814e-06,8.418061699999999925e-02,7.125104100000000384e-01,5.929378820000000827e-01,5.804341049999999225e-01,1.284708999999999981e-03,6.208662000000000208e-03,2.101383000000000070e-03,3.053945599999999955e-02,4.285881999999999886e-02,1.690366409999999875e-01,4.191371640000000065e-01,2.656968239999999981e-01,8.962751999999999178e-03,6.075272160000000365e-01,3.949038670000000195e-01,2.972805869999999850e-01,4.565723839999999978e-01,4.231410139999999820e-01,6.567695470000000091e-01,1.000000000000000000e+00
9.247924600000000384e-01,3.855867820000000168e-01,6.486423400000000672e-02,4.899413239999999559e-01,4.595901830000000410e-01,8.934552110000000269e-01,5.720264399999999694e-02,6.946478200000000269e-02,1.558165700000000049e-02,6.919999999999999814e-06,8.418061699999999925e-02,7.135511920000000563e-01,6.028319630000000817e-01,5.768648309999999668e-01,1.284708999999999981e-03,6.208662000000000208e-03,2.101383000000000070e-03,3.832678299999999622e-02,1.936978699999999942e-02,1.580790440000000019e-01,4.191371640000000065e-01,2.656968239999999981e-01,8.962751999999999178e-03,6.075272160000000365e-01,3.949038670000000195e-01,2.972805869999999850e-01,4.565723839999999978e-01,4.231410139999999820e-01,6.567695470000000091e-01,1.000000000000000000e+00
9.363242670000000434e-01,3.807444309999999943e-01,7.594562900000000061e-02,4.924212609999999990e-01,4.585399870000000377e-01,8.934552110000000269e-01,5.720264399999999694e-02,6.946478200000000269e-02,1.558165700000000049e-02,6.919999999999999814e-06,8.418061699999999925e-02,7.009045179999999764e-01,6.145407900000000589e-01,5.754907429999999158e-01,1.284708999999999981e-03,6.208662000000000208e-03,2.101383000000000070e-03,2.252276500000000015e-02,3.247314200000000345e-02,1.737632729999999959e-01,4.191371640000000065e-01,2.656968239999999981e-01,8.962751999999999178e-03,6.075272160000000365e-01,3.949038670000000195e-01,2.972805869999999850e-01,4.565723839999999978e-01,4.231410139999999820e-01,6.567695470000000091e-01,1.000000000000000000e+00
9.113051669999999715e-01,3.797387879999999938e-01,8.087928199999999679e-02,4.729419139999999633e-01,4.536520059999999965e-01,8.934552110000000269e-01,5.720264399999999694e-02,6.946478200000000269e-02,1.558165700000000049e-02,6.919999999999999814e-06,8.418061699999999925e-02,7.054507410000000478e-01,6.117947160000000162e-01,5.855246479999999254e-01,1.284708999999999981e-03,6.208662000000000208e-03,2.101383000000000070e-03,1.719542099999999893e-02,3.280915000000000220e-02,1.807941490000000151e-01,4.191371640000000065e-01,2.656968239999999981e-01,8.962751999999999178e-03,6.075272160000000365e-01,3.949038670000000195e-01,2.972805869999999850e-01,4.565723839999999978e-01,4.231410139999999820e-01,6.567695470000000091e-01,1.000000000000000000e+00
9.113767249999999986e-01,3.675813700000000184e-01,8.125153699999999868e-02,4.897041989999999512e-01,4.477920490000000253e-01,8.934552110000000269e-01,5.720264399999999694e-02,6.946478200000000269e-02,1.558165700000000049e-02,6.919999999999999814e-06,8.418061699999999925e-02,7.193780360000000540e-01,6.186388720000000063e-01,5.702956129999999790e-01,1.284708999999999981e-03,6.208662000000000208e-03,2.101383000000000070e-03,2.307032699999999811e-02,2.244272999999999754e-02,1.799138789999999988e-01,4.191371640000000065e-01,2.656968239999999981e-01,8.962751999999999178e-03,6.075272160000000365e-01,3.949038670000000195e-01,2.972805869999999850e-01,4.565723839999999978e-01,4.231410139999999820e-01,6.567695470000000091e-01,1.000000000000000000e+00
9.144192570000000408e-01,3.898900419999999922e-01,8.362914700000000090e-02,4.780379289999999726e-01,4.463990100000000405e-01,8.934552110000000269e-01,5.720264399999999694e-02,6.946478200000000269e-02,1.558165700000000049e-02,6.919999999999999814e-06,8.418061699999999925e-02,7.001853460000000418e-01,6.152549170000000123e-01,5.822963619999999008e-01,1.284708999999999981e-03,6.208662000000000208e-03,2.101383000000000070e-03,1.767704599999999834e-02,3.379757600000000278e-02,1.760842499999999977e-01,4.191371640000000065e-01,2.656968239999999981e-01,8.962751999999999178e-03,6.075272160000000365e-01,3.949038670000000195e-01,2.972805869999999850e-01,4.565723839999999978e-01,4.231410139999999820e-01,6.567695470000000091e-01,1.000000000000000000e+00
9.241877939999999514e-01,3.758967510000000289e-01,9.363128700000000748e-02,4.922641919999999893e-01,4.681371730000000175e-01,8.934552110000000269e-01,5.720264399999999694e-02,6.946478200000000269e-02,1.558165700000000049e-02,6.919999999999999814e-06,8.418061699999999925e-02,6.979094479999999878e-01,6.001983750000000617e-01,5.933756749999999913e-01,1.284708999999999981e-03,6.208662000000000208e-03,2.101383000000000070e-03,3.184991499999999948e-02,1.800548800000000005e-02,1.594783750000000055e-01,4.191371640000000065e-01,2.656968239999999981e-01,8.962751999999999178e-03,6.075272160000000365e-01,3.949038670000000195e-01,2.972805869999999850e-01,4.565723839999999978e-01,4.231410139999999820e-01,6.567695470000000091e-01,1.000000000000000000e+00
9.291770089999999982e-01,3.869843200000000483e-01,7.104600199999999699e-02,4.692338659999999995e-01,4.667763350000000422e-01,8.934552110000000269e-01,5.720264399999999694e-02,6.946478200000000269e-02,1.558165700000000049e-02,6.919999999999999814e-06,8.418061699999999925e-02,7.184539540000000057e-01,6.055927110000000058e-01,5.772249449999999893e-01,1.284708999999999981e-03,6.208662000000000208e-03,2.101383000000000070e-03,2.006235599999999994e-02,2.267011600000000057e-02,1.767496490000000087e-01,4.191371640000000065e-01,2.656968239999999981e-01,8.962751999999999178e-03,6.075272160000000365e-01,3.949038670000000195e-01,2.972805869999999850e-01,4.565723839999999978e-01,4.231410139999999820e-01,6.567695470000000091e-01,1.000000000000000000e+00
9.257708599999999732e-01,3.650132560000000082e-01,6.822145100000000240e-02,4.838821339999999638e-01,4.620426270000000391e-01,8.934552110000000269e-01,5.720264399999999694e-02,6.946478200000000269e-02,1.558165700000000049e-02,6.919999999999999814e-06,8.418061699999999925e-02,7.109958560000000372e-01,6.036710000000000687e-01,5.714182309999999987e-01,1.284708999999999981e-03,6.208662000000000208e-03,2.101383000000000070e-03,2.338387499999999841e-02,2.057595499999999994e-02,1.717832229999999849e-01,4.191371640000000065e-01,2.656968239999999981e-01,8.962751999999999178e-03,6.075272160000000365e-01,3.949038670000000195e-01,2.972805869999999850e-01,4.565723839999999978e-01,4.231410139999999820e-01,6.567695470000000091e-01,1.000000000000000000e+00
9.191942159999999529e-01,3.762853380000000247e-01,8.121048499999999892e-02,4.680189479999999902e-01,4.567902770000000223e-01,8.934552110000000269e-01,5.720264399999999694e-02,6.946478200000000269e-02,1.558165700000000049e-02,6.919999999999999814e-06,8.418061699999999925e-02,7.094582660000000596e-01,6.186123550000000026e-01,5.789595709999999507e-01,1.284708999999999981e-03,6.208662000000000208e-03,2.101383000000000070e-03,1.998177099999999887e-02,1.490932199999999916e-02,1.582118849999999965e-01,4.191371640000000065e-01,2.656968239999999981e-01,8.962751999999999178e-03,6.075272160000000365e-01,3.949038670000000195e-01,2.972805869999999850e-01,4.565723839999999978e-01,4.231410139999999820e-01,6.567695470000000091e-01,1.000000000000000000e+00
9.260316950000000435e-01,3.864818150000000063e-01,7.743931700000000751e-02,4.730697329999999923e-01,4.428097960000000333e-01,8.934552110000000269e-01,5.720264399999999694e-02,6.946478200000000269e-02,1.558165700000000049e-02,6.919999999999999814e-06,8.418061699999999925e-02,6.992899980000000237e-01,5.945337500000000830e-01,5.832976779999999861e-01,1.284708999999999981e-03,6.208662000000000208e-03,2.101383000000000070e-03,2.448469299999999835e-02,3.063527799999999843e-02,1.709319499999999992e-01,4.191371640000000065e-01,2.656968239999999981e-01,8.962751999999999178e-03,6.075272160000000365e-01,3.949038670000000195e-01,2.972805869999999850e-01,4.565723839999999978e-01,4.231410139999999820e-01,6.567695470000000091e-01,1.000000000000000000e+00
9.365975989999999474e-01,3.695285630000000321e-01,8.383426000000000766e-02,4.929747309999999993e-01,4.484419159999999960e-01,8.934552110000000269e-01,5.720264399999999694e-02,6.946478200000000269e-02,1.558165700000000049e-02,6.919999999999999814e-06,8.418061699999999925e-02,7.076426510000000114e-01,6.020894990000000835e-01,5.773401879999999764e-01,1.284708999999999981e-03,6.208662000000000208e-03,2.101383000000000070e-03,1.883163300000000040e-02,2.097133399999999773e-02,1.780057600000000129e-01,4.191371640000000065e-01,2.656968239999999981e-01,8.962751999999999178e-03,6.075272160000000365e-01,3.949038670000000195e-01,2.972805869999999850e-01,4.565723839999999978e-01,4.231410139999999820e-01,6.567695470000000091e-01,1.000000000000000000e+00
9.213279460000000087e-01,3.893461719999999904e-01,6.946640700000000779e-02,4.809939639999999961e-01,4.458392200000000360e-01,8.934552110000000269e-01,5.720264399999999694e-02,6.946478200000000269e-02,1.558165700000000049e-02,6.919999999999999814e-06,8.418061699999999925e-02,7.002110320000000110e-01,6.031536500000000967e-01,5.801680479999999918e-01,1.284708999999999981e-03,6.208662000000000208e-03,2.101383000000000070e-03,2.870114999999999819e-02,1.781989100000000090e-02,1.546140440000000060e-01,4.191371640000000065e-01,2.656968239999999981e-01,8.962751999999999178e-03,6.075272160000000365e-01,3.949038670000000195e-01,2.972805869999999850e-01,4.565723839999999978e-01,4.231410139999999820e-01,6.567695470000000091e-01,1.000000000000000000e+00
9.207615279999999958e-01,3.755214500000000344e-01,6.529008799999999613e-02,4.656228209999999645e-01,4.529736980000000357e-01,8.934552110000000269e-01,5.720264399999999694e-02,6.946478200000000269e-02,1.558165700000000049e-02,6.919999999999999814e-06,8.418061699999999925e-02,7.138445669999999854e-01,5.990482780000000451e-01,5.736818629999999031e-01,1.284708999999999981e-03,6.208662000000000208e-03,2.101383000000000070e-03,2.287628499999999968e-02,1.573743099999999964e-02,1.655661130000000147e-01,4.191371640000000065e-01,2.656968239999999981e-01,8.962751999999999178e-03,6.075272160000000365e-01,3.949038670000000195e-01,2.972805869999999850e-01,4.565723839999999978e-01,4.231410139999999820e-01,6.567695470000000091e-01,1.000000000000000000e+00
9.370540349999999519e-01,3.685644180000000047e-01,7.488828399999999941e-02,4.793102709999999544e-01,4.523461750000000170e-01,8.934552110000000269e-01,5.720264399999999694e-02,6.946478200000000269e-02,1.558165700000000049e-02,6.919999999999999814e-06,8.418061699999999925e-02,7.091202589999999750e-01,6.000620100000000345e-01,5.657323209999999269e-01,1.284708999999999981e-03,6.208662000000000208e-03,2.101383000000000070e-03,1.443097800000000056e-02,2.717112099999999947e-02,1.785502589999999890e-01,4.191371640000000065e-01,2.656968239999999981e-01,8.962751999999999178e-03,6.075272160000000365e-01,3.949038670000000195e-01,2.972805869999999850e-01,4.565723839999999978e-01,4.231410139999999820e-01,6.567695470000000091e-01,1.000000000000000000e+00
9.109456849999999495e-01,3.879070270000000153e-01,8.425684699999999583e-02,4.937781479999999723e-01,4.496163850000000073e-01,8.934552110000000269e-01,5.720264399999999694e-02,6.946478200000000269e-02,1.558165700000000049e-02,6.919999999999999814e-06,8.418061699999999925e-02,7.185850790000000154e-01,6.147224730000000470e-01,5.838158039999999938e-01,1.284708999999999981e-03,6.208662000000000208e-03,2.101383000000000070e-03,3.287229900000000066e-02,2.118469599999999939e-02,1.525086079999999900e-01,4.191371640000000065e-01,2.656968239999999981e-01,8.962751999999999178e-03,6.075272160000000365e-01,3.949038670000000195e-01,2.972805869999999850e-01,4.565723839999999978e-01,4.231410139999999820e-01,6.567695470000000091e-01,1.000000000000000000e+00
9.164305130000000021e-01,3.837386360000000218e-01,7.259040899999999463e-02,4.669561760000000006e-01,4.584402570000000177e-01,8.934552110000000269e-01,5.720264399999999694e-02,6.946478200000000269e-02,1.558165700000000049e-02,6.919999999999999814e-06,8.418061699999999925e-02,7.199933980000000622e-01,6.079159240000000519e-01,5.696005349999999634e-01,1.284708999999999981e-03,6.208662000000000208e-03,2.101383000000000070e-03,1.580002800000000068e-02,1.646739100000000136e-02,1.607483879999999921e-01,4.191371640000000065e-01,2.656968239999999981e-01,8.962751999999999178e-03,6.075272160000000365e-01,3.949038670000000195e-01,2.972805869999999850e-01,4.565723839999999978e-01,4.231410139999999820e-01,6.567695470000000091e-01,1.000000000000000000e+00
9.235590579999999328e-01,3.629668890000000148e-01,6.639605099999999760e-02,4.752871359999999989e-01,4.547942430000000424e-01,8.934552110000000269e-01,5.720264399999999694e-02,6.946478200000000269e-02,1.558165700000000049e-02,6.919999999999999814e-06,8.418061699999999925e-02,6.949897529999999879e-01,6.085273600000000727e-01,5.645501879999998973e-01,1.284708999999999981e-03,6.208662000000000208e-03,2.101383000000000070e-03,2.054320199999999999e-02,2.870711700000000074e-02,1.592965699999999984e-01,4.191371640000000065e-01,2.656968239999999981e-01,8.962751999999999178e-03,6.075272160000000365e-01,3.949038670000000195e-01,2.972805869999999850e-01,4.565723839999999978e-01,4.231410139999999820e-01,6.567695470000000091e-01,1.000000000000000000e+00
9.240019099999999819e-01,3.732819740000000164e-01,8.448445900000001174e-02,4.894180419999999976e-01,4.567556660000000046e-01,8.934552110000000269e-01,5.720264399999999694e-02,6.946478200000000269e-02,1.558165700000000049e-02,6.919999999999999814e-06,8.418061699999999925e-02,6.969857120000000350e-01,6.138314890000000634e-01,5.647132709999999056e-01,1.284708999999999981e-03,6.208662000000000208e-03,2.101383000000000070e-03,1.183953499999999999e-02,2.025007099999999796e-02,1.671281789999999878e-01,4.191371640000000065e-01,2.656968239999999981e-01,8.962751999999999178e-03,6.075272160000000365e-01,3.949038670000000195e-01,2.972805869999999850e-01,4.565723839999999978e-01,4.231410139999999820e-01,6.567695470000000091e-01,1.000000000000000000e+00
9.117937649999999783e-01,3.824065110000000045e-01,7.010719900000000893e-02,4.853897189999999973e-01,4.683095230000000053e-01,8.934552110000000269e-01,5.720264399999999694e-02,6.946478200000000269e-02,1.558165700000000049e-02,6.919999999999999814e-06,8.418061699999999925e-02,7.116229760000000182e-01,5.910693850000000582e-01,5.915778289999999995e-01,1.284708999999999981e-03,6.208662000000000208e-03,2.101383000000000070e-03,1.374357800000000109e-02,2.471824899999999769e-02,1.644504230000000122e-01,4.191371640000000065e-01,2.656968239999999981e-01,8.962751999999999178e-03,6.075272160000000365e-01,3.949038670000000195e-01,2.972805869999999850e-01,4.565723839999999978e-01,4.231410139999999820e-01,6.567695470000000091e-01,1.000000000000000000e+00
9.330791939999999451e-01,3.892142259999999965e-01,6.502761900000000872e-02,4.874852499999999811e-01,4.634056220000000170e-01,8.934552110000000269e-01,5.720264399999999694e-02,6.946478200000000269e-02,1.558165700000000049e-02,6.919999999999999814e-06,8.418061699999999925e-02,7.098968900000000026e-01,5.994246030000000003e-01,5.689268599999999232e-01,1.284708999999999981e-03,6.208662000000000208e-03,2.101383000000000070e-03,3.620193000000000022e-02,1.324969200000000041e-02,1.817590290000000164e-01,4.191371640000000065e-01,2.656968239999999981e-01,8.962751999999999178e-03,6.075272160000000365e-01,3.949038670000000195e-01,2.972805869999999850e-01,4.565723839999999978e-01,4.231410139999999820e-01,6.567695470000000091e-01,1.000000000000000000e+00
9.340957490000000307e-01,3.874512489999999976e-01,8.656090599999999302e-02,4.895413509999999579e-01,4.563725020000000132e-01,8.934552110000000269e-01,5.720264399999999694e-02,6.946478200000000269e-02,1.558165700000000049e-02,6.919999999999999814e-06,8.418061699999999925e-02,7.088049160000000626e-01,6.158564330000000364e-01,5.862325189999999520e-01,1.284708999999999981e-03,6.208662000000000208e-03,2.101383000000000070e-03,2.390160699999999833e-02,1.724579099999999990e-02,1.565668809999999911e-01,4.191371640000000065e-01,2.656968239999999981e-01,8.962751999999999178e-03,6.075272160000000365e-01,3.949038670000000195e-01,2.972805869999999850e-01,4.565723839999999978e-01,4.231410139999999820e-01,6.567695470000000091e-01,1.000000000000000000e+00
9.081600290000000353e-01,3.721918050000000422e-01,7.978548700000000216e-02,4.710036689999999582e-01,4.538307000000000313e-01,8.934552110000000269e-01,5.720264399999999694e-02,6.946478200000000269e-02,1.558165700000000049e-02,6.919999999999999814e-06,8.418061699999999925e-02,7.165174690000000179e-01,6.033531600000000550e-01,5.871990569999999687e-01,1.284708999999999981e-03,6.208662000000000208e-03,2.101383000000000070e-03,3.003287399999999760e-02,1.978025299999999764e-02,1.558010669999999875e-01,4.191371640000000065e-01,2.656968239999999981e-01,8.962751999999999178e-03,6.075272160000000365e-01,3.949038670000000195e-01,2.972805869999999850e-01,4.565723839999999978e-01,4.231410139999999820e-01,6.567695470000000091e-01,1.000000000000000000e+00
9.325985850000000354e-01,3.898018710000000220e-01,8.303573799999999783e-02,4.872726669999999927e-01,4.515230560000000337e-01,8.934552110000000269e-01,5.720264399999999694e-02,6.946478200000000269e-02,1.558165700000000049e-02,6.919999999999999814e-06,8.418061699999999925e-02,7.031208640000000676e-01,6.134784570000000326e-01,5.767353610000000019e-01,1.284708999999999981e-03,6.208662000000000208e-03,2.101383000000000070e-03,3.791202999999999934e-02,3.727149800000000013e-02,1.739723149999999885e-01,4.191371640000000065e-01,2.656968239999999981e-01,8.962751999999999178e-03,6.075272160000000365e-01,3.949038670000000195e-01,2.972805869999999850e-01,4.565723839999999978e-01,4.231410139999999820e-01,6.567695470000000091e-01,1.000000000000000000e+00
9.228005499999999417e-01,3.626243330000000209e-01,6.589388399999999979e-02,4.856065269999999545e-01,4.577984840000000055e-01,8.934552110000000269e-01,5.720264399999999694e-02,6.946478200000000269e-02,1.558165700000000049e-02,6.919999999999999814e-06,8.418061699999999925e-02,6.972530880000000764e-01,6.146626120000000526e-01,5.928393730000000028e-01,1.284708999999999981e-03,6.208662000000000208e-03,2.101383000000000070e-03,4.115979799999999744e-02,3.098580700000000063e-02,1.701358970000000082e-01,4.191371640000000065e-01,2.656968239999999981e-01,8.962751999999999178e-03,6.075272160000000365e-01,3.949038670000000195e-01,2.972805869999999850e-01,4.565723839999999978e-01,4.231410139999999820e-01,6.567695470000000091e-01,1.000000000000000000e+00
9.229462090000000174e-01,3.718602540000000012e-01,7.440883800000000492e-02,4.746249810000000013e-01,4.654524640000000102e-01,8.934552110000000269e-01,5.720264399999999694e-02,6.946478200000000269e-02,1.558165700000000049e-02,6.919999999999999814e-06,8.418061699999999925e-02,7.118276370000000686e-01,6.177026039999999885e-01,5.871298879999999887e-01,1.284708999999999981e-03,6.208662000000000208e-03,2.101383000000000070e-03,1.407446099999999992e-02,4.097071199999999941e-02,1.749124719999999855e-01,4.191371640000000065e-01,2.656968239999999981e-01,8.962751999999999178e-03,6.075272160000000365e-01,3.949038670000000195e-01,2.972805869999999850e-01,4.565723839999999978e-01,4.231410139999999820e-01,6.567695470000000091e-01,1.000000000000000000e+00
9.289011929999999584e-01,3.637522400000000045e-01,6.809505200000000313e-02,4.795629759999999742e-01,4.533715690000000298e-01,8.934552110000000269e-01,5.720264399999999694e-02,6.946478200000000269e-02,1.558165700000000049e-02,6.919999999999999814e-06,8.418061699999999925e-02,7.040977259999999793e-01,5.906536380000000364e-01,5.937230889999999262e-01,1.284708999999999981e-03,6.208662000000000208e-03,2.101383000000000070e-03,2.354293299999999853e-02,1.541640899999999897e-02,1.764742330000000081e-01,4.191371640000000065e-01,2.656968239999999981e-01,8.962751999999999178e-03,6.075272160000000365e-01,3.949038670000000195e-01,2.972805869999999850e-01,4.565723839999999978e-01,4.231410139999999820e-01,6.567695470000000091e-01,1.000000000000000000e+00
9.139532689999999571e-01,3.700789839999999997e-01,8.964797400000000527e-02,4.805467789999999795e-01,4.497587470000000143e-01,8.934552110000000269e-01,5.720264399999999694e-02,6.946478200000000269e-02,1.558165700000000049e-02,6.919999999999999814e-06,8.418061699999999925e-02,7.054702400000000262e-01,6.071054410000000789e-01,5.685063619999999318e-01,1.284708999999999981e-03,6.208662000000000208e-03,2.101383000000000070e-03,1.242564100000000116e-02,3.921957499999999958e-02,1.712031850000000077e-01,4.191371640000000065e-01,2.656968239999999981e-01,8.962751999999999178e-03,6.075272160000000365e-01,3.949038670000000195e-01,2.972805869999999850e-01,4.565723839999999978e-01,4.231410139999999820e-01,6.567695470000000091e-01,1.000000000000000000e+00
9.170867120000000261e-01,3.768079270000000425e-01,7.760457400000000949e-02,4.904976259999999644e-01,4.441835990000000400e-01,8.934552110000000269e-01,5.720264399999999694e-02,6.946478200000000269e-02,1.558165700000000049e-02,6.919999999999999814e-06,8.418061699999999925e-02,7.143422219999999712e-01,6.163580600000000409e-01,5.929299459999999300e-01,1.284708999999999981e-03,6.208662000000000208e-03,2.101383000000000070e-03,1.830580299999999896e-02,1.590253299999999995e-02,1.632707609999999865e-01,4.191371640000000065e-01,2.656968239999999981e-01,8.962751999999999178e-03,6.075272160000000365e-01,3.949038670000000195e-01,2.972805869999999850e-01,4.565723839999999978e-01,4.231410139999999820e-01,6.567695470000000091e-01,1.000000000000000000e+00
9.352403129999999898e-01,3.832056080000000309e-01,8.765781000000000267e-02,4.789378939999999751e-01,4.437334350000000094e-01,8.934552110000000269e-01,5.720264399999999694e-02,6.946478200000000269e-02,1.558165700000000049e-02,6.919999999999999814e-06,8.418061699999999925e-02,7.096253679999999786e-01,6.017845930000000898e-01,5.799259459999999144e-01,1.284708999999999981e-03,6.208662000000000208e-03,2.101383000000000070e-03,3.109943499999999819e-02,3.618089900000000247e-02,1.614371910000000077e-01,4.191371640000000065e-01,2.656968239999999981e-01,8.962751999999999178e-03,6.075272160000000365e-01,3.949038670000000195e-01,2.972805869999999850e-01,4.565723839999999978e-01,4.231410139999999820e-01,6.567695470000000091e-01,1.000000000000000000e+00
9.087618549999999518e-01,3.617432389999999942e-01,7.026683999999999708e-02,4.783106889999999556e-01,4.534650970000000392e-01,8.934552110000000269e-01,5.720264399999999694e-02,6.946478200000000269e-02,1.558165700000000049e-02,6.919999999999999814e-06,8.418061699999999925e-02,7.082830570000000492e-01,6.000194160000000831e-01,5.717799859999999068e-01,1.284708999999999981e-03,6.208662000000000208e-03,2.101383000000000070e-03,1.803842399999999735e-02,4.024078099999999630e-02,1.595785799999999977e-01,4.191371640000000065e-01,2.656968239999999981e-01,8.962751999999999178e-03,6.075272160000000365e-01,3.949038670000000195e-01,2.972805869999999850e-01,4.565723839999999978e-01,4.231410139999999820e-01,6.567695470000000091e-01,1.000000000000000000e+00
9.121730379999999361e-01,3.681948890000000252e-01,9.199138800000000726e-02,4.763174739999999630e-01,4.506363760000000052e-01,8.934552110000000269e-01,5.720264399999999694e-02,6.946478200000000269e-02,1.558165700000000049e-02,6.919999999999999814e-06,8.418061699999999925e-02,6.993846320000000061e-01,5.944079370000000528e-01,5.737345439999999019e-01,1.284708999999999981e-03,6.208662000000000208e-03,2.101383000000000070e-03,1.473144000000000016e-02,2.187338100000000077e-02,1.669664170000000059e-01,4.191371640000000065e-01,2.656968239999999981e-01,8.962751999999999178e-03,6.075272160000000365e-01,3.949038670000000195e-01,2.972805869999999850e-01,4.565723839999999978e-01,4.231410139999999820e-01,6.567695470000000091e-01,1.000000000000000000e+00
9.214135549999999952e-01,3.692539350000000331e-01,6.700984599999999791e-02,4.896316019999999991e-01,4.413869920000000335e-01,8.934552110000000269e-01,5.720264399999999694e-02,6.946478200000000269e-02,1.558165700000000049e-02,6.919999999999999814e-06,8.418061699999999925e-02,7.066253249999999708e-01,6.122134490000000762e-01,5.743490459999999187e-01,1.284708999999999981e-03,6.208662000000000208e-03,2.101383000000000070e-03,4.080312700000000153e-02,1.522081900000000002e-02,1.722172839999999983e-01,4.191371640000000065e-01,2.656968239999999981e-01,8.962751999999999178e-03,6.075272160000000365e-01,3.949038670000000195e-01,2.972805869999999850e-01,4.565723839999999978e-01,4.231410139999999820e-01,6.567695470000000091e-01,1.000000000000000000e+00
9.129705999999999655e-01,3.706298940000000153e-01,7.299447900000000100e-02,4.808469969999999982e-01,4.583038249999999980e-01,8.934552110000000269e-01,5.720264399999999694e-02,6.946478200000000269e-02,1.558165700000000049e-02,6.919999999999999814e-06,8.418061699999999925e-02,7.048113940000000355e-01,6.043403820000000648e-01,5.924786269999999799e-01,1.284708999999999981e-03,6.208662000000000208e-03,2.101383000000000070e-03,3.855611600000000139e-02,1.406578099999999942e-02,1.650878070000000031e-01,4.191371640000000065e-01,2.656968239999999981e-01,8.962751999999999178e-03,6.075272160000000365e-01,3.949038670000000195e-01,2.972805869999999850e-01,4.565723839999999978e-01,4.231410139999999820e-01,6.567695470000000091e-01,1.000000000000000000e+00
9.208168469999999939e-01,3.758256580000000069e-01,8.624492799999999848e-02,4.910231769999999774e-01,4.581842420000000193e-01,8.934552110000000269e-01,5.720264399999999694e-02,6.946478200000000269e-02,1.558165700000000049e-02,6.919999999999999814e-06,8.418061699999999925e-02,7.039471849999999753e-01,6.108715680000000869e-01,5.848782329999999696e-01,1.284708999999999981e-03,6.208662000000000208e-03,2.101383000000000070e-03,3.640174399999999977e-02,3.230583900000000286e-02,1.735586379999999873e-01,4.191371640000000065e-01,2.656968239999999981e-01,8.962751999999999178e-03,6.075272160000000365e-01,3.949038670000000195e-01,2.972805869999999850e-01,4.565723839999999978e-01,4.231410139999999820e-01,6.567695470000000091e-01,1.000000000000000000e+00
9.204683190000000348e-01,3.883115220000000201e-01,7.828581000000001122e-02,4.879557429999999973e-01,4.640576180000000051e-01,8.934552110000000269e-01,5.720264399999999694e-02,6.946478200000000269e-02,1.558165700000000049e-02,6.919999999999999814e-06,8.418061699999999925e-02,7.183878369999999736e-01,6.029469090000000309e-01,5.646701629999999472e-01,1.284708999999999981e-03,6.208662000000000208e-03,2.101383000000000070e-03,2.071109099999999745e-02,2.318728399999999898e-02,1.814967620000000059e-01,4.191371640000000065e-01,2.656968239999999981e-01,8.962751999999999178e-03,6.075272160000000365e-01,3.949038670000000195e-01,2.972805869999999850e-01,4.565723839999999978e-01,4.231410139999999820e-01,6.567695470000000091e-01,1.000000000000000000e+00
9.200872529999999383e-01,3.633579410000000176e-01,8.137870599999999510e-02,4.736245550000000026e-01,4.622702450000000240e-01,8.934552110000000269e-01,5.720264399999999694e-02,6.946478200000000269e-02,1.558165700000000049e-02,6.919999999999999814e-06,8.418061699999999925e-02,7.178551680000000434e-01,6.101657890000000695e-01,5.766104439999999443e-01,1.284708999999999981e-03,6.208662000000000208e-03,2.101383000000000070e-03,3.396055599999999591e-02,1.837603299999999995e-02,1.762639260000000152e-01,4.191371640000000065e-01,2.656968239999999981e-01,8.962751999999999178e-03,6.075272160000000365e-01,3.949038670000000195e-01,2.972805869999999850e-01,4.565723839999999978e-01,4.231410139999999820e-01,6.567695470000000091e-01,1.000000000000000000e+00
9.271157329999999419e-01,3.696267890000000111e-01,9.438723700000001271e-02,4.701968950000000036e-01,4.597348390000000062e-01,8.934552110000000269e-01,5.720264399999999694e-02,6.946478200000000269e-02,1.558165700000000049e-02,6.919999999999999814e-06,8.418061699999999925e-02,7.215512459999999795e-01,6.005849570000000304e-01,5.795000809999999447e-01,1.284708999999999981e-03,6.208662000000000208e-03,2.101383000000000070e-03,3.549046399999999934e-02,3.257646599999999837e-02,1.691633800000000021e-01,4.191371640000000065e-01,2.656968239999999981e-01,8.962751999999999178e-03,6.075272160000000365e-01,3.949038670000000195e-01,2.972805869999999850e-01,4.565723839999999978e-01,4.231410139999999820e-01,6.567695470000000091e-01,1.000000000000000000e+00
9.101163110000000112e-01,3.782800850000000437e-01,8.403650299999999851e-02,4.876982709999999610e-01,4.468214890000000161e-01,8.934552110000000269e-01,5.720264399999999694e-02,6.946478200000000269e-02,1.558165700000000049e-02,6.919999999999999814e-06,8.418061699999999925e-02,6.945787039999999912e-01,6.200558310000000573e-01,5.698583889999999652e-01,1.284708999999999981e-03,6.208662000000000208e-03,2.101383000000000070e-03,1.278080000000000015e-02,2.684901299999999796e-02,1.777434950000000013e-01,4.191371640000000065e-01,2.656968239999999981e-01,8.962751999999999178e-03,6.075272160000000365e-01,3.949038670000000195e-01,2.972805869999999850e-01,4.565723839999999978e-01,4.231410139999999820e-01,6.567695470000000091e-01,1.000000000000000000e+00
9.362773920000000416e-01,3.896832900000000155e-01,7.727403100000000691e-02,4.666522569999999592e-01,4.616280249999999974e-01,8.934552110000000269e-01,5.720264399999999694e-02,6.946478200000000269e-02,1.558165700000000049e-02,6.919999999999999814e-06,8.418061699999999925e-02,7.109678990000000143e-01,6.013577970000000272e-01,5.806001049999999220e-01,1.284708999999999981e-03,6.208662000000000208e-03,2.101383000000000070e-03,3.438902699999999563e-02,2.562941399999999967e-02,1.795759120000000042e-01,4.191371640000000065e-01,2.656968239999999981e-01,8.962751999999999178e-03,6.075272160000000365e-01,3.949038670000000195e-01,2.972805869999999850e-01,4.565723839999999978e-01,4.231410139999999820e-01,6.567695470000000091e-01,1.000000000000000000e+00
9.072344930000000307e-01,3.673735479999999942e-01,8.223704400000000914e-02,4.702715539999999805e-01,4.672370060000000103e-01,8.934552110000000269e-01,5.720264399999999694e-02,6.946478200000000269e-02,1.558165700000000049e-02,6.919999999999999814e-06,8.418061699999999925e-02,7.121195940000000224e-01,6.170225690000000762e-01,5.905466249999999917e-01,1.284708999999999981e-03,6.208662000000000208e-03,2.101383000000000070e-03,2.542976400000000053e-02,3.721169499999999603e-02,1.789990909999999991e-01,4.191371640000000065e-01,2.656968239999999981e-01,8.962751999999999178e-03,6.075272160000000365e-01,3.949038670000000195e-01,2.972805869999999850e-01,4.565723839999999978e-01,4.231410139999999820e-01,6.567695470000000091e-01,1.000000000000000000e+00
9.161273509999999787e-01,3.891434049999999978e-01,7.289922399999999858e-02,4.911760149999999658e-01,4.467779530000000054e-01,8.934552110000000269e-01,5.720264399999999694e-02,6.946478200000000269e-02,1.558165700000000049e-02,6.919999999999999814e-06,8.418061699999999925e-02,7.157895100000000177e-01,5.958633650000000337e-01,5.808778149999999085e-01,1.284708999999999981e-03,6.208662000000000208e-03,2.101383000000000070e-03,3.499124499999999721e-02,3.991301499999999614e-02,1.684280469999999974e-01,4.191371640000000065e-01,2.656968239999999981e-01,8.962751999999999178e-03,6.075272160000000365e-01,3.949038670000000195e-01,2.972805869999999850e-01,4.565723839999999978e-01,4.231410139999999820e-01,6.567695470000000091e-01,1.000000000000000000e+00
9.353503229999999835e-01,3.612706600000000212e-01,6.756875400000000864e-02,4.861998559999999858e-01,4.536627530000000297e-01,8.934552110000000269e-01,5.720264399999999694e-02,6.946478200000000269e-02,1.558165700000000049e-02,6.919999999999999814e-06,8.418061699999999925e-02,6.943922510000000159e-01,5.955477479999999879e-01,5.787969199999999370e-01,1.284708999999999981e-03,6.208662000000000208e-03,2.101383000000000070e-03,1.483370600000000032e-02,1.464894400000000055e-02,1.529992259999999882e-01,4.191371640000000065e-01,2.656968239999999981e-01,8.962751999999999178e-03,6.075272160000000365e-01,3.949038670000000195e-01,2.972805869999999850e-01,4.565723839999999978e-01,4.231410139999999820e-01,6.567695470000000091e-01,1.000000000000000000e+00
9.111177520000000030e-01,3.706984229999999991e-01,8.800143600000000232e-02,4.725971499999999659e-01,4.519535210000000247e-01,8.934552110000000269e-01,5.720264399999999694e-02,6.946478200000000269e-02,1.558165700000000049e-02,6.919999999999999814e-06,8.418061699999999925e-02,7.032389690000000471e-01,6.003305800000000580e-01,5.833763189999999765e-01,1.284708999999999981e-03,6.208662000000000208e-03,2.101383000000000070e-03,3.517509399999999703e-02,3.446362699999999668e-02,1.683001219999999964e-01,4.191371640000000065e-01,2.656968239999999981e-01,8.962751999999999178e-03,6.075272160000000365e-01,3.949038670000000195e-01,2.972805869999999850e-01,4.565723839999999978e-01,4.231410139999999820e-01,6.567695470000000091e-01,1.000000000000000000e+00
9.247616239999999488e-01,3.669309669999999968e-01,8.928757100000001001e-02,4.829751089999999580e-01,4.690525570000000366e-01,8.934552110000000269e-01,5.720264399999999694e-02,6.946478200000000269e-02,1.558165700000000049e-02,6.919999999999999814e-06,8.418061699999999925e-02,7.029750300000000562e-01,5.927497360000000270e-01,5.734160680000000010e-01,1.284708999999999981e-03,6.208662000000000208e-03,2.101383000000000070e-03,3.411617100000000069e-02,1.338481700000000024e-02,1.715839160000000030e-01,4.191371640000000065e-01,2.656968239999999981e-01,8.962751999999999178e-03,6.075272160000000365e-01,3.949038670000000195e-01,2.972805869999999850e-01,4.565723839999999978e-01,4.231410139999999820e-01,6.567695470000000091e-01,1.000000000000000000e+00
9.345894489999999610e-01,3.710160090000000355e-01,7.430760599999999827e-02,4.770405769999999657e-01,4.504897180000000390e-01,8.934552110000000269e-01,5.720264399999999694e-02,6.946478200000000269e-02,1.558165700000000049e-02,6.919999999999999814e-06,8.418061699999999925e-02,7.154000070000000600e-01,6.178445359999999997e-01,5.851492199999999144e-01,1.284708999999999981e-03,6.208662000000000208e-03,2.101383000000000070e-03,2.037077699999999963e-02,3.120541699999999918e-02,1.751026489999999991e-01,4.191371640000000065e-01,2.656968239999999981e-01,8.962751999999999178e-03,6.075272160000000365e-01,3.949038670000000195e-01,2.972805869999999850e-01,4.565723839999999978e-01,4.231410139999999820e-01,6.567695470000000091e-01,1.000000000000000000e+00
9.167860479999999646e-01,3.828981640000000408e-01,8.235866799999999599e-02,4.829242469999999732e-01,4.675690510000000133e-01,8.934552110000000269e-01,5.720264399999999694e-02,6.946478200000000269e-02,1.558165700000000049e-02,6.919999999999999814e-06,8.418061699999999925e-02,7.069185730000000500e-01,6.195699270000000203e-01,5.926930039999999122e-01,1.284708999999999981e-03,6.208662000000000208e-03,2.101383000000000070e-03,1.737480799999999853e-02,3.666730599999999674e-02,1.776807189999999870e-01,4.191371640000000065e-01,2.656968239999999981e-01,8.962751999999999178e-03,6.075272160000000365e-01,3.949038670000000195e-01,2.972805869999999850e-01,4.565723839999999978e-01,4.231410139999999820e-01,6.567695470000000091e-01,1.000000000000000000e+00
9.243603499999999418e-01,3.847249980000000402e-01,8.524079300000000914e-02,4.885469159999999977e-01,4.439924380000000448e-01,8.934552110000000269e-01,5.720264399999999694e-02,6.946478200000000269e-02,1.558165700000000049e-02,6.919999999999999814e-06,8.418061699999999925e-02,7.118342610000000237e-01,6.194650630000000380e-01,5.861121249999999838e-01,1.284708999999999981e-03,6.208662000000000208e-03,2.101383000000000070e-03,3.236708600000000324e-02,3.608928000000000136e-02,1.564508980000000049e-01,4.191371640000000065e-01,2.656968239999999981e-01,8.962751999999999178e-03,6.075272160000000365e-01,3.949038670000000195e-01,2.972805869999999850e-01,4.565723839999999978e-01,4.231410139999999820e-01,6.567695470000000091e-01,1.000000000000000000e+00
9.125340989999999319e-01,3.796234580000000247e-01,8.330536900000000411e-02,4.845441999999999805e-01,4.589399200000000012e-01,8.934552110000000269e-01,5.720264399999999694e-02,6.946478200000000269e-02,1.558165700000000049e-02,6.919999999999999814e-06,8.418061699999999925e-02,7.093160920000000091e-01,6.141864519999999938e-01,5.840663429999999323e-01,1.284708999999999981e-03,6.208662000000000208e-03,2.101383000000000070e-03,1.893581899999999957e-02,1.859224300000000135e-02,1.811272039999999861e-01,4.191371640000000065e-01,2.656968239999999981e-01,8.962751999999999178e-03,6.075272160000000365e-01,3.949038670000000195e-01,2.972805869999999850e-01,4.565723839999999978e-01,4.231410139999999820e-01,6.567695470000000091e-01,1.000000000000000000e+00
9.103098189999999645e-01,3.810817170000000420e-01,7.608147300000001056e-02,4.869780839999999777e-01,4.655636390000000291e-01,8.934552110000000269e-01,5.720264399999999694e-02,6.946478200000000269e-02,1.558165700000000049e-02,6.919999999999999814e-06,8.418061699999999925e-02,6.959852850000000091e-01,5.938514020000000837e-01,5.765828479999999256e-01,1.284708999999999981e-03,6.208662000000000208e-03,2.101383000000000070e-03,1.422797000000000124e-02,1.367606600000000061e-02,1.733892670000000136e-01,4.191371640000000065e-01,2.656968239999999981e-01,8.962751999999999178e-03,6.075272160000000365e-01,3.949038670000000195e-01,2.972805869999999850e-01,4.565723839999999978e-01,4.231410139999999820e-01,6.567695470000000091e-01,1.000000000000000000e+00
9.250920990000000010e-01,3.777926980000000379e-01,7.135768600000000350e-02,4.659128559999999863e-01,4.628237170000000233e-01,8.934552110000000269e-01,5.720264399999999694e-02,6.946478200000000269e-02,1.558165700000000049e-02,6.919999999999999814e-06,8.418061699999999925e-02,6.968890750000000800e-01,6.040354270000000136e-01,5.685926289999999605e-01,1.284708999999999981e-03,6.208662000000000208e-03,2.101383000000000070e-03,2.181559399999999718e-02,1.661250900000000100e-02,1.657475660000000128e-01,4.191371640000000065e-01,2.656968239999999981e-01,8.962751999999999178e-03,6.075272160000000365e-01,3.949038670000000195e-01,2.972805869999999850e-01,4.565723839999999978e-01,4.231410139999999820e-01,6.567695470000000091e-01,1.000000000000000000e+00
9.206686669999999406e-01,3.852873100000000495e-01,9.248984500000000109e-02,4.722420679999999593e-01,4.513185600000000353e-01,8.934552110000000269e-01,5.720264399999999694e-02,6.946478200000000269e-02,1.558165700000000049e-02,6.919999999999999814e-06,8.418061699999999925e-02,6.952363480000000040e-01,6.062872049999999957e-01,5.836550529999999792e-01,1.284708999999999981e-03,6.208662000000000208e-03,2.101383000000000070e-03,1.944706199999999760e-02,3.683752700000000185e-02,1.812668000000000057e-01,4.191371640000000065e-01,2.656968239999999981e-01,8.962751999999999178e-03,6.075272160000000365e-01,3.949038670000000195e-01,2.972805869999999850e-01,4.565723839999999978e-01,4.231410139999999820e-01,6.567695470000000091e-01,1.000000000000000000e+00
9.308285320000000418e-01,3.724998250000000066e-01,9.269797600000000137e-02,4.797655549999999547e-01,4.490845130000000185e-01,8.934552110000000269e-01,5.720264399999999694e-02,6.946478200000000269e-02,1.558165700000000049e-02,6.919999999999999814e-06,8.418061699999999925e-02,7.063265680000000435e-01,6.113238090000000513e-01,5.825337669999999246e-01,1.284708999999999981e-03,6.208662000000000208e-03,2.101383000000000070e-03,2.644054599999999880e-02,3.130618699999999921e-02,1.642958139999999845e-01,4.191371640000000065e-01,2.656968239999999981e-01,8.962751999999999178e-03,6.075272160000000365e-01,3.949038670000000195e-01,2.972805869999999850e-01,4.565723839999999978e-01,4.231410139999999820e-01,6.567695470000000091e-01,1.000000000000000000e+00
9.237004460000000083e-01,3.791387630000000453e-01,6.944337999999999900e-02,4.653834399999999816e-01,4.406764840000000349e-01,8.934552110000000269e-01,5.720264399999999694e-02,6.946478200000000269e-02,1.558165700000000049e-02,6.919999999999999814e-06,8.418061699999999925e-02,7.023089340000000513e-01,6.102796660000000539e-01,5.814991779999999499e-01,1.284708999999999981e-03,6.208662000000000208e-03,2.101383000000000070e-03,3.116829299999999969e-02,1.821419000000000163e-02,1.667464389999999963e-01,4.191371640000000065e-01,2.656968239999999981e-01,8.962751999999999178e-03,6.075272160000000365e-01,3.949038670000000195e-01,2.972805869999999850e-01,4.565723839999999978e-01,4.231410139999999820e-01,6.567695470000000091e-01,1.000000000000000000e+00
9.367736009999999558e-01,3.833483480000000054e-01,8.434490399999999832e-02,4.750772689999999687e-01,4.486765070000000022e-01,8.934552110000000269e-01,5.720264399999999694e-02,6.946478200000000269e-02,1.558165700000000049e-02,6.919999999999999814e-06,8.418061699999999925e-02,7.039090669999999994e-01,6.022981080000000542e-01,5.705305499999999697e-01,1.284708999999999981e-03,6.208662000000000208e-03,2.101383000000000070e-03,1.533428400000000011e-02,1.736833000000000127e-02,1.788294330000000099e-01,4.191371640000000065e-01,2.656968239999999981e-01,8.962751999999999178e-03,6.075272160000000365e-01,3.949038670000000195e-01,2.972805869999999850e-01,4.565723839999999978e-01,4.231410139999999820e-01,6.567695470000000091e-01,1.000000000000000000e+00
9.106378549999999406e-01,3.614913150000000353e-01,7.320845700000000456e-02,4.914901640000000071e-01,4.610937410000000014e-01,8.934552110000000269e-01,5.720264399999999694e-02,6.946478200000000269e-02,1.558165700000000049e-02,6.919999999999999814e-06,8.418061699999999925e-02,7.099644350000000603e-01,6.053384840000000100e-01,5.799736469999999811e-01,1.284708999999999981e-03,6.208662000000000208e-03,2.101383000000000070e-03,3.194502999999999926e-02,2.970358600000000057e-02,1.531023450000000008e-01,4.191371640000000065e-01,2.656968239999999981e-01,8.962751999999999178e-03,6.075272160000000365e-01,3.949038670000000195e-01,2.972805869999999850e-01,4.565723839999999978e-01,4.231410139999999820e-01,6.567695470000000091e-01,1.000000000000000000e+00
9.268011979999999372e-01,3.734590240000000283e-01,8.736588700000000318e-02,4.811693619999999894e-01,4.658563890000000374e-01,8.934552110000000269e-01,5.720264399999999694e-02,6.946478200000000269e-02,1.558165700000000049e-02,6.919999999999999814e-06,8.418061699999999925e-02,7.210019739999999899e-01,6.069290440000000286e-01,5.778694839999999333e-01,1.284708999999999981e-03,6.208662000000000208e-03,2.101383000000000070e-03,2.197716499999999989e-02,3.902689000000000158e-02,1.649043279999999889e-01,4.191371640000000065e-01,2.656968239999999981e-01,8.962751999999999178e-03,6.075272160000000365e-01,3.949038670000000195e-01,2.972805869999999850e-01,4.565723839999999978e-01,4.231410139999999820e-01,6.567695470000000091e-01,1.000000000000000000e+00
9.188297509999999724e-01,3.716325840000000436e-01,8.416582499999999967e-02,4.719260750000000004e-01,4.441181650000000092e-01,8.934552110000000269e-01,5.720264399999999694e-02,6.946478200000000269e-02,1.558165700000000049e-02,6.919999999999999814e-06,8.418061699999999925e-02,7.105271050000000477e-01,5.930892890000000195e-01,5.822023339999999880e-01,1.284708999999999981e-03,6.208662000000000208e-03,2.101383000000000070e-03,3.584529499999999924e-02,2.305220499999999922e-02,1.639392530000000070e-01,4.191371640000000065e-01,2.656968239999999981e-01,8.962751999999999178e-03,6.075272160000000365e-01,3.949038670000000195e-01,2.972805869999999850e-01,4.565723839999999978e-01,4.231410139999999820e-01,6.567695470000000091e-01,1.000000000000000000e+00
9.369930389999999720e-01,3.849962390000000179e-01,7.032979500000000050e-02,4.790828169999999941e-01,4.577216550000000050e-01,8.934552110000000269e-01,5.720264399999999694e-02,6.946478200000000269e-02,1.558165700000000049e-02,6.919999999999999814e-06,8.418061699999999925e-02,7.052070559999999988e-01,5.968578910000000848e-01,5.913037849999999152e-01,1.284708999999999981e-03,6.208662000000000208e-03,2.101383000000000070e-03,1.960488300000000003e-02,1.621863200000000019e-02,1.634846209999999966e-01,4.191371640000000065e-01,2.656968239999999981e-01,8.962751999999999178e-03,6.075272160000000365e-01,3.949038670000000195e-01,2.972805869999999850e-01,4.565723839999999978e-01,4.231410139999999820e-01,6.567695470000000091e-01,1.000000000000000000e+00
9.337547099999999878e-01,3.866439950000000181e-01,8.199414300000000544e-02,4.690611829999999927e-01,4.666122040000000304e-01,8.934552110000000269e-01,5.720264399999999694e-02,6.946478200000000269e-02,1.558165700000000049e-02,6.919999999999999814e-06,8.418061699999999925e-02,7.028970039999999919e-01,6.120680700000000751e-01,5.887597430000000021e-01,1.284708999999999981e-03,6.208662000000000208e-03,2.101383000000000070e-03,3.162689400000000262e-02,3.071321299999999963e-02,1.675821809999999967e-01,4.191371640000000065e-01,2.656968239999999981e-01,8.962751999999999178e-03,6.075272160000000365e-01,3.949038670000000195e-01,2.972805869999999850e-01,4.565723839999999978e-01,4.231410139999999820e-01,6.567695470000000091e-01,1.000000000000000000e+00
9.316643239999999881e-01,3.691445450000000461e-01,6.766118499999999869e-02,4.725081839999999977e-01,4.517200590000000071e-01,8.934552110000000269e-01,5.720264399999999694e-02,6.946478200000000269e-02,1.558165700000000049e-02,6.919999999999999814e-06,8.418061699999999925e-02,7.068275029999999681e-01,6.048266669999999845e-01,5.830268079999999520e-01,1.284708999999999981e-03,6.208662000000000208e-03,2.101383000000000070e-03,4.000396900000000033e-02,3.953255499999999700e-02,1.802385790000000099e-01,4.191371640000000065e-01,2.656968239999999981e-01,8.962751999999999178e-03,6.075272160000000365e-01,3.949038670000000195e-01,2.972805869999999850e-01,4.565723839999999978e-01,4.231410139999999820e-01,6.567695470000000091e-01,1.000000000000000000e+00
9.305856969999999340e-01,3.842057450000000429e-01,7.174869500000000122e-02,4.803133479999999733e-01,4.620877200000000351e-01,8.934552110000000269e-01,5.720264399999999694e-02,6.946478200000000269e-02,1.558165700000000049e-02,6.919999999999999814e-06,8.418061699999999925e-02,7.113327990000000156e-01,6.064074420000000742e-01,5.722315959999999535e-01,1.284708999999999981e-03,6.208662000000000208e-03,2.101383000000000070e-03,4.103431500000000176e-02,3.808498999999999912e-02,1.542624069999999903e-01,4.191371640000000065e-01,2.656968239999999981e-01,8.962751999999999178e-03,6.075272160000000365e-01,3.949038670000000195e-01,2.972805869999999850e-01,4.565723839999999978e-01,4.231410139999999820e-01,6.567695470000000091e-01,1.000000000000000000e+00
9.355244000000000337e-01,3.837730490000000327e-01,8.468535400000000435e-02,4.711180779999999957e-01,4.433122550000000439e-01,8.934552110000000269e-01,5.720264399999999694e-02,6.946478200000000269e-02,1.558165700000000049e-02,6.919999999999999814e-06,8.418061699999999925e-02,7.021590810000000182e-01,5.922933300000000623e-01,5.650844809999999718e-01,1.284708999999999981e-03,6.208662000000000208e-03,2.101383000000000070e-03,3.031974099999999728e-02,3.566889300000000013e-02,1.693041289999999977e-01,4.191371640000000065e-01,2.656968239999999981e-01,8.962751999999999178e-03,6.075272160000000365e-01,3.949038670000000195e-01,2.972805869999999850e-01,4.565723839999999978e-01,4.231410139999999820e-01,6.567695470000000091e-01,1.000000000000000000e+00
9.096728179999999941e-01,3.632378670000000476e-01,9.337990700000001199e-02,4.770926809999999629e-01,4.700151190000000367e-01,8.934552110000000269e-01,5.720264399999999694e-02,6.946478200000000269e-02,1.558165700000000049e-02,6.919999999999999814e-06,8.418061699999999925e-02,7.136855509999999736e-01,5.957389260000000020e-01,5.718928159999999705e-01,1.284708999999999981e-03,6.208662000000000208e-03,2.101383000000000070e-03,1.555030400000000090e-02,3.940420399999999823e-02,1.608247939999999931e-01,4.191371640000000065e-01,2.656968239999999981e-01,8.962751999999999178e-03,6.075272160000000365e-01,3.949038670000000195e-01,2.972805869999999850e-01,4.565723839999999978e-01,4.231410139999999820e-01,6.567695470000000091e-01,1.000000000000000000e+00
9.110138429999999898e-01,3.870587129999999987e-01,9.021964700000000004e-02,4.679065869999999849e-01,4.501633000000000440e-01,8.934552110000000269e-01,5.720264399999999694e-02,6.946478200000000269e-02,1.558165700000000049e-02,6.919999999999999814e-06,8.418061699999999925e-02,7.182715010000000344e-01,6.044357740000000367e-01,5.745409269999999236e-01,1.284708999999999981e-03,6.208662000000000208e-03,2.101383000000000070e-03,2.149732299999999874e-02,4.094131000000000159e-02,1.757243890000000086e-01,4.191371640000000065e-01,2.656968239999999981e-01,8.962751999999999178e-03,6.075272160000000365e-01,3.949038670000000195e-01,2.972805869999999850e-01,4.565723839999999978e-01,4.231410139999999820e-01,6.567695470000000091e-01,1.000000000000000000e+00
9.196888890000000094e-01,3.662941110000000333e-01,7.500258199999999820e-02,4.898358369999999962e-01,4.627004210000000284e-01,8.934552110000000269e-01,5.720264399999999694e-02,6.946478200000000269e-02,1.558165700000000049e-02,6.919999999999999814e-06,8.418061699999999925e-02,7.176830960000000204e-01,5.916306730000000513e-01,5.899780999999999498e-01,1.284708999999999981e-03,6.208662000000000208e-03,2.101383000000000070e-03,3.605679499999999565e-02,3.429819700000000249e-02,1.599965399999999927e-01,4.191371640000000065e-01,2.656968239999999981e-01,8.962751999999999178e-03,6.075272160000000365e-01,3.949038670000000195e-01,2.972805869999999850e-01,4.565723839999999978e-01,4.231410139999999820e-01,6.567695470000000091e-01,1.000000000000000000e+00
9.246317920000000079e-01,3.611627790000000449e-01,7.585695700000000263e-02,4.813634669999999893e-01,4.448893890000000240e-01,8.934552110000000269e-01,5.720264399999999694e-02,6.946478200000000269e-02,1.558165700000000049e-02,6.919999999999999814e-06,8.418061699999999925e-02,7.017494389999999749e-01,5.966541900000000842e-01,5.752097079999999307e-01,1.284708999999999981e-03,6.208662000000000208e-03,2.101383000000000070e-03,1.520632600000000091e-02,3.490137199999999995e-02,1.747251559999999926e-01,4.191371640000000065e-01,2.656968239999999981e-01,8.962751999999999178e-03,6.075272160000000365e-01,3.949038670000000195e-01,2.972805869999999850e-01,4.565723839999999978e-01,4.231410139999999820e-01,6.567695470000000091e-01,1.000000000000000000e+00
9.358016909999999910e-01,3.835023240000000055e-01,9.086253699999999323e-02,4.738987519999999787e-01,4.643032320000000102e-01,8.934552110000000269e-01,5.720264399999999694e-02,6.946478200000000269e-02,1.558165700000000049e-02,6.919999999999999814e-06,8.418061699999999925e-02,7.025170659999999678e-01,6.170759000000000105e-01,5.819286129999999835e-01,1.284708999999999981e-03,6.208662000000000208e-03,2.101383000000000070e-03,1.137385100000000079e-02,2.072707199999999916e-02,1.726861359999999901e-01,4.191371640000000065e-01,2.656968239999999981e-01,8.962751999999999178e-03,6.075272160000000365e-01,3.949038670000000195e-01,2.972805869999999850e-01,4.565723839999999978e-01,4.231410139999999820e-01,6.567695470000000091e-01,1.000000000000000000e+00
9.216777579999999581e-01,3.719120360000000014e-01,7.398279100000000608e-02,4.887308859999999755e-01,4.410703049999999958e-01,8.934552110000000269e-01,5.720264399999999694e-02,6.946478200000000269e-02,1.558165700000000049e-02,6.919999999999999814e-06,8.418061699999999925e-02,7.103889389999999970e-01,6.138073630000000502e-01,5.711854379999999898e-01,1.284708999999999981e-03,6.208662000000000208e-03,2.101383000000000070e-03,3.740107200000000048e-02,1.769929400000000083e-02,1.584142169999999961e-01,4.191371640000000065e-01,2.656968239999999981e-01,8.962751999999999178e-03,6.075272160000000365e-01,3.949038670000000195e-01,2.972805869999999850e-01,4.565723839999999978e-01,4.231410139999999820e-01,6.567695470000000091e-01,1.000000000000000000e+00
9.236254320000000240e-01,3.656476190000000348e-01,9.150836900000000607e-02,4.639310479999999570e-01,4.405527430000000244e-01,8.934552110000000269e-01,5.720264399999999694e-02,6.946478200000000269e-02,1.558165700000000049e-02,6.919999999999999814e-06,8.418061699999999925e-02,6.968163230000000707e-01,5.911630770000000368e-01,5.730289219999999961e-01,1.284708999999999981e-03,6.208662000000000208e-03,2.101383000000000070e-03,1.512655300000000091e-02,3.696974699999999725e-02,1.685418890000000003e-01,4.191371640000000065e-01,2.656968239999999981e-01,8.962751999999999178e-03,6.075272160000000365e-01,3.949038670000000195e-01,2.972805869999999850e-01,4.565723839999999978e-01,4.231410139999999820e-01,6.567695470000000091e-01,1.000000000000000000e+00
9.132848799999999656e-01,3.729942120000000472e-01,9.214384999999999937e-02,4.855247599999999997e-01,4.586884210000000128e-01,8.934552110000000269e-01,5.720264399999999694e-02,6.946478200000000269e-02,1.558165700000000049e-02,6.919999999999999814e-06,8.418061699999999925e-02,6.954760100000000334e-01,6.025975749999999964e-01,5.760478829999999828e-01,1.284708999999999981e-03,6.208662000000000208e-03,2.101383000000000070e-03,2.858083699999999783e-02,4.186266100000000240e-02,1.660539500000000057e-01,4.191371640000000065e-01,2.656968239999999981e-01,8.962751999999999178e-03,6.075272160000000365e-01,3.949038670000000195e-01,2.972805869999999850e-01,4.565723839999999978e-01,4.231410139999999820e-01,6.567695470000000091e-01,1.000000000000000000e+00
9.182628849999999732e-01,3.743354450000000444e-01,8.164788100000000548e-02,4.693672759999999999e-01,4.638191280000000249e-01,8.934552110000000269e-01,5.720264399999999694e-02,6.946478200000000269e-02,1.558165700000000049e-02,6.919999999999999814e-06,8.418061699999999925e-02,7.059243809999999897e-01,6.181761960000000666e-01,5.699522489999999664e-01,1.284708999999999981e-03,6.208662000000000208e-03,2.101383000000000070e-03,2.107716100000000051e-02,4.139355599999999802e-02,1.747410590000000041e-01,4.191371640000000065e-01,2.656968239999999981e-01,8.962751999999999178e-03,6.075272160000000365e-01,3.949038670000000195e-01,2.972805869999999850e-01,4.565723839999999978e-01,4.231410139999999820e-01,6.567695470000000091e-01,1.000000000000000000e+00
9.078966469999999456e-01,3.684522660000000283e-01,8.875051899999999994e-02,4.706876079999999796e-01,4.623076240000000281e-01,8.934552110000000269e-01,5.720264399999999694e-02,6.946478200000000269e-02,1.558165700000000049e-02,6.919999999999999814e-06,8.418061699999999925e-02,7.199795700000000132e-01,5.973270139999999895e-01,5.735075639999999142e-01,1.284708999999999981e-03,6.208662000000000208e-03,2.101383000000000070e-03,2.531086199999999994e-02,1.376212699999999900e-02,1.604509630000000020e-01,4.191371640000000065e-01,2.656968239999999981e-01,8.962751999999999178e-03,6.075272160000000365e-01,3.949038670000000195e-01,2.972805869999999850e-01,4.565723839999999978e-01,4.231410139999999820e-01,6.567695470000000091e-01,1.000000000000000000e+00
9.176437199999999406e-01,3.740006290000000289e-01,9.283951000000000009e-02,4.640078809999999554e-01,4.479306060000000089e-01,8.934552110000000269e-01,5.720264399999999694e-02,6.946478200000000269e-02,1.558165700000000049e-02,6.919999999999999814e-06,8.418061699999999925e-02,7.044545690000000304e-01,6.097106050000000721e-01,5.664126649999999819e-01,1.284708999999999981e-03,6.208662000000000208e-03,2.101383000000000070e-03,3.805513599999999635e-02,1.502104400000000076e-02,1.790682200000000002e-01,4.191371640000000065e-01,2.656968239999999981e-01,8.962751999999999178e-03,6.075272160000000365e-01,3.949038670000000195e-01,2.972805869999999850e-01,4.565723839999999978e-01,4.231410139999999820e-01,6.567695470000000091e-01,1.000000000000000000e+00
9.094795420000000297e-01,3.772513230000000273e-01,7.851283900000000093e-02,4.773177180000000019e-01,4.474208610000000030e-01,8.934552110000000269e-01,5.720264399999999694e-02,6.946478200000000269e-02,1.558165700000000049e-02,6.919999999999999814e-06,8.418061699999999925e-02,7.197270850000000442e-01,6.054603700000000810e-01,5.848272820000000038e-01,1.284708999999999981e-03,6.208662000000000208e-03,2.101383000000000070e-03,3.872773599999999872e-02,2.824292399999999911e-02,1.679477400000000120e-01,4.191371640000000065e-01,2.656968239999999981e-01,8.962751999999999178e-03,6.075272160000000365e-01,3.949038670000000195e-01,2.972805869999999850e-01,4.565723839999999978e-01,4.231410139999999820e-01,6.567695470000000091e-01,1.000000000000000000e+00
9.152920169999999578e-01,3.621009870000000408e-01,8.576673300000001166e-02,4.913479789999999903e-01,4.553913210000000156e-01,8.934552110000000269e-01,5.720264399999999694e-02,6.946478200000000269e-02,1.558165700000000049e-02,6.919999999999999814e-06,8.418061699999999925e-02,7.111625540000000578e-01,6.116452680000000752e-01,5.824456689999999437e-01,1.284708999999999981e-03,6.208662000000000208e-03,2.101383000000000070e-03,3.275060299999999619e-02,2.282049599999999914e-02,1.783027620000000035e-01,4.191371640000000065e-01,2.656968239999999981e-01,8.962751999999999178e-03,6.075272160000000365e-01,3.949038670000000195e-01,2.972805869999999850e-01,4.565723839999999978e-01,4.231410139999999820e-01,6.567695470000000091e-01,1.000000000000000000e+00
9.092863540000000189e-01,3.702823330000000190e-01,9.454790200000000311e-02,4.805581939999999941e-01,4.425707650000000326e-01,8.934552110000000269e-01,5.720264399999999694e-02,6.946478200000000269e-02,1.558165700000000049e-02,6.919999999999999814e-06,8.418061699999999925e-02,6.944544180000000733e-01,6.068518940000000583e-01,5.663856549999999324e-01,1.284708999999999981e-03,6.208662000000000208e-03,2.101383000000000070e-03,2.258965999999999752e-02,3.391481400000000146e-02,1.576166810000000085e-01,4.191371640000000065e-01,2.656968239999999981e-01,8.962751999999999178e-03,6.075272160000000365e-01,3.949038670000000195e-01,2.972805869999999850e-01,4.565723839999999978e-01,4.231410139999999820e-01,6.567695470000000091e-01,1.000000000000000000e+00
9.151280539999999686e-01,3.793347410000000308e-01,7.996994899999999851e-02,4.688201339999999995e-01,4.697618460000000384e-01,8.934552110000000269e-01,5.720264399999999694e-02,6.946478200000000269e-02,1.558165700000000049e-02,6.919999999999999814e-06,8.418061699999999925e-02,6.999085790000000307e-01,5.951611509999999994e-01,5.844101669999999249e-01,1.284708999999999981e-03,6.208662000000000208e-03,2.101383000000000070e-03,1.202296199999999989e-02,3.652972100000000111e-02,1.603585090000000102e-01,4.191371640000000065e-01,2.656968239999999981e-01,8.962751999999999178e-03,6.075272160000000365e-01,3.949038670000000195e-01,2.972805869999999850e-01,4.565723839999999978e-01,4.231410139999999820e-01,6.567695470000000091e-01,1.000000000000000000e+00
9.263949519999999938e-01,3.715740470000000184e-01,9.228191400000000655e-02,4.643903659999999989e-01,4.666779040000000323e-01,8.934552110000000269e-01,5.720264399999999694e-02,6.946478200000000269e-02,1.558165700000000049e-02,6.919999999999999814e-06,8.418061699999999925e-02,7.115669190000000199e-01,6.026706740000000728e-01,5.642806870000000030e-01,1.284708999999999981e-03,6.208662000000000208e-03,2.101383000000000070e-03,2.679403399999999782e-02,3.461109300000000250e-02,1.781144789999999922e-01,4.191371640000000065e-01,2.656968239999999981e-01,8.962751999999999178e-03,6.075272160000000365e-01,3.949038670000000195e-01,2.972805869999999850e-01,4.565723839999999978e-01,4.231410139999999820e-01,6.567695470000000091e-01,1.000000000000000000e+00
9.259408399999999872e-01,3.895580330000000258e-01,7.865183500000000327e-02,4.823318419999999551e-01,4.600153740000000324e-01,8.934552110000000269e-01,5.720264399999999694e-02,6.946478200000000269e-02,1.558165700000000049e-02,6.919999999999999814e-06,8.418061699999999925e-02,7.059905450000000249e-01,5.914190550000000268e-01,5.769921799999999656e-01,1.284708999999999981e-03,6.208662000000000208e-03,2.101383000000000070e-03,2.623326099999999730e-02,3.332037900000000413e-02,1.544622689999999854e-01,4.191371640000000065e-01,2.656968239999999981e-01,8.962751999999999178e-03,6.075272160000000365e-01,3.949038670000000195e-01,2.972805869999999850e-01,4.565723839999999978e-01,4.231410139999999820e-01,6.567695470000000091e-01,1.000000000000000000e+00
9.312192470000000277e-01,3.759495050000000171e-01,7.415583500000000328e-02,4.760050399999999904e-01,4.434531670000000370e-01,8.934552110000000269e-01,5.720264399999999694e-02,6.946478200000000269e-02,1.558165700000000049e-02,6.919999999999999814e-06,8.418061699999999925e-02,7.159000290000000488e-01,6.100092289999999862e-01,5.837505679999999142e-01,1.284708999999999981e-03,6.208662000000000208e-03,2.101383000000000070e-03,3.664152099999999634e-02,1.908267899999999823e-02,1.550088279999999874e-01,4.191371640000000065e-01,2.656968239999999981e-01,8.962751999999999178e-03,6.075272160000000365e-01,3.949038670000000195e-01,2.972805869999999850e-01,4.565723839999999978e-01,4.231410139999999820e-01,6.567695470000000091e-01,1.000000000000000000e+00
9.266019909999999582e-01,3.830011229999999989e-01,9.301656699999999445e-02,4.849463639999999631e-01,4.509630450000000068e-01,8.934552110000000269e-01,5.720264399999999694e-02,6.946478200000000269e-02,1.558165700000000049e-02,6.919999999999999814e-06,8.418061699999999925e-02,7.074513860000000154e-01,5.953481310000000581e-01,5.809316329999999473e-01,1.284708999999999981e-03,6.208662000000000208e-03,2.101383000000000070e-03,3.021557999999999883e-02,3.514785000000000131e-02,1.760408509999999982e-01,4.191371640000000065e-01,2.656968239999999981e-01,8.962751999999999178e-03,6.075272160000000365e-01,3.949038670000000195e-01,2.972805869999999850e-01,4.565723839999999978e-01,4.231410139999999820e-01,6.567695470000000091e-01,1.000000000000000000e+00
9.130875090000000194e-01,3.889947620000000494e-01,8.664124700000000456e-02,4.645117769999999591e-01,4.685450490000000467e-01,8.934552110000000269e-01,5.720264399999999694e-02,6.946478200000000269e-02,1.558165700000000049e-02,6.919999999999999814e-06,8.418061699999999925e-02,7.146676480000000442e-01,5.991103100000000348e-01,5.903586109999999776e-01,1.284708999999999981e-03,6.208662000000000208e-03,2.101383000000000070e-03,1.494579300000000062e-02,2.008935899999999761e-02,1.652274900000000046e-01,4.191371640000000065e-01,2.656968239999999981e-01,8.962751999999999178e-03,6.075272160000000365e-01,3.949038670000000195e-01,2.972805869999999850e-01,4.565723839999999978e-01,4.231410139999999820e-01,6.567695470000000091e-01,1.000000000000000000e+00
9.330290500000000264e-01,3.618946440000000431e-01,8.684583500000001011e-02,4.753909610000000008e-01,4.473648350000000162e-01,8.934552110000000269e-01,5.720264399999999694e-02,6.946478200000000269e-02,1.558165700000000049e-02,6.919999999999999814e-06,8.418061699999999925e-02,7.003550170000000241e-01,5.962452540000000578e-01,5.781062579999999285e-01,1.284708999999999981e-03,6.208662000000000208e-03,2.101383000000000070e-03,1.126159200000000082e-02,1.302807699999999902e-02,1.678753249999999919e-01,4.191371640000000065e-01,2.656968239999999981e-01,8.962751999999999178e-03,6.075272160000000365e-01,3.949038670000000195e-01,2.972805869999999850e-01,4.565723839999999978e-01,4.231410139999999820e-01,6.567695470000000091e-01,1.000000000000000000e+00
9.276640919999999957e-01,3.766603790000000451e-01,6.661085499999999660e-02,4.778837969999999991e-01,4.669758980000000004e-01,8.934552110000000269e-01,5.720264399999999694e-02,6.946478200000000269e-02,1.558165700000000049e-02,6.919999999999999814e-06,8.418061699999999925e-02,7.081874610000000736e-01,6.083401940000000563e-01,5.931907180000000057e-01,1.284708999999999981e-03,6.208662000000000208e-03,2.101383000000000070e-03,3.654860799999999632e-02,2.453204399999999938e-02,1.526575189999999915e-01,4.191371640000000065e-01,2.656968239999999981e-01,8.962751999999999178e-03,6.075272160000000365e-01,3.949038670000000195e-01,2.972805869999999850e-01,4.565723839999999978e-01,4.231410139999999820e-01,6.567695470000000091e-01,1.000000000000000000e+00
9.221723699999999635e-01,3.784995280000000295e-01,7.469821600000001172e-02,4.721390849999999584e-01,4.510740840000000418e-01,8.934552110000000269e-01,5.720264399999999694e-02,6.946478200000000269e-02,1.558165700000000049e-02,6.919999999999999814e-06,8.418061699999999925e-02,6.990110170000000123e-01,5.913632320000000719e-01,5.703559929999999500e-01,1.284708999999999981e-03,6.208662000000000208e-03,2.101383000000000070e-03,2.658044099999999979e-02,3.294102599999999825e-02,1.590029619999999977e-01,4.191371640000000065e-01,2.656968239999999981e-01,8.962751999999999178e-03,6.075272160000000365e-01,3.949038670000000195e-01,2.972805869999999850e-01,4.565723839999999978e-01,4.231410139999999820e-01,6.567695470000000091e-01,1.000000000000000000e+00
9.284557930000000292e-01,3.863722870000000364e-01,6.898985700000000165e-02,4.823803919999999912e-01,4.521724940000000359e-01,8.934552110000000269e-01,5.720264399999999694e-02,6.946478200000000269e-02,1.558165700000000049e-02,6.919999999999999814e-06,8.418061699999999925e-02,7.201439450000000075e-01,5.961456880000000069e-01,5.914121729999999300e-01,1.284708999999999981e-03,6.208662000000000208e-03,2.101383000000000070e-03,2.697415199999999777e-02,2.843424799999999877e-02,1.815718399999999844e-01,4.191371640000000065e-01,2.656968239999999981e-01,8.962751999999999178e-03,6.075272160000000365e-01,3.949038670000000195e-01,2.972805869999999850e-01,4.565723839999999978e-01,4.231410139999999820e-01,6.567695470000000091e-01,1.000000000000000000e+00
9.187241149999999523e-01,3.853491330000000104e-01,7.668580299999999683e-02,4.889180679999999835e-01,4.605762970000000234e-01,8.934552110000000269e-01,5.720264399999999694e-02,6.946478200000000269e-02,1.558165700000000049e-02,6.919999999999999814e-06,8.418061699999999925e-02,7.076283389999999951e-01,5.994923680000000532e-01,5.802009039999999063e-01,1.284708999999999981e-03,6.208662000000000208e-03,2.101383000000000070e-03,1.542142600000000023e-02,2.367178199999999885e-02,1.563510559999999883e-01,4.191371640000000065e-01,2.656968239999999981e-01,8.962751999999999178e-03,6.075272160000000365e-01,3.949038670000000195e-01,2.972805869999999850e-01,4.565723839999999978e-01,4.231410139999999820e-01,6.567695470000000091e-01,1.000000000000000000e+00
9.178748270000000042e-01,3.630589880000000269e-01,7.093323700000001009e-02,4.693938990000000033e-01,4.502470430000000134e-01,8.934552110000000269e-01,5.720264399999999694e-02,6.946478200000000269e-02,1.558165700000000049e-02,6.919999999999999814e-06,8.418061699999999925e-02,7.067474129999999910e-01,6.094921070000000052e-01,5.700829599999999164e-01,1.284708999999999981e-03,6.208662000000000208e-03,2.101383000000000070e-03,1.464357800000000084e-02,3.474957699999999677e-02,1.602371310000000049e-01,4.191371640000000065e-01,2.656968239999999981e-01,8.962751999999999178e-03,6.075272160000000365e-01,3.949038670000000195e-01,2.972805869999999850e-01,4.565723839999999978e-01,4.231410139999999820e-01,6.567695470000000091e-01,1.000000000000000000e+00
9.099023250000000118e-01,3.737629000000000090e-01,8.106367600000000118e-02,4.695215699999999992e-01,4.613610360000000021e-01,8.934552110000000269e-01,5.720264399999999694e-02,6.946478200000000269e-02,1.558165700000000049e-02,6.919999999999999814e-06,8.418061699999999925e-02,6.996812730000000480e-01,5.908643860000000192e-01,5.726610629999999702e-01,1.284708999999999981e-03,6.208662000000000208e-03,2.101383000000000070e-03,3.357964999999999561e-02,1.659216700000000141e-02,1.622542670000000076e-01,4.191371640000000065e-01,2.656968239999999981e-01,8.962751999999999178e-03,6.075272160000000365e-01,3.949038670000000195e-01,2.972805869999999850e-01,4.565723839999999978e-01,4.231410139999999820e-01,6.567695470000000091e-01,1.000000000000000000e+00
9.294027639999999924e-01,3.644029340000000117e-01,8.003741100000000275e-02,4.872082329999999906e-01,4.494484680000000454e-01,8.934552110000000269e-01,5.720264399999999694e-02,6.946478200000000269e-02,1.558165700000000049e-02,6.919999999999999814e-06,8.418061699999999925e-02,7.084916279999999844e-01,6.082812550000000762e-01,5.679947579999999885e-01,1.284708999999999981e-03,6.208662000000000208e-03,2.101383000000000070e-03,2.349166800000000027e-02,3.709133099999999822e-02,1.602063870000000056e-01,4.191371640000000065e-01,2.656968239999999981e-01,8.962751999999999178e-03,6.075272160000000365e-01,3.949038670000000195e-01,2.972805869999999850e-01,4.565723839999999978e-01,4.231410139999999820e-01,6.567695470000000091e-01,1.000000000000000000e+00
9.361055139999999719e-01,3.788882970000000405e-01,6.602437299999999731e-02,4.660692569999999590e-01,4.449889330000000309e-01,8.934552110000000269e-01,5.720264399999999694e-02,6.946478200000000269e-02,1.558165700000000049e-02,6.919999999999999814e-06,8.418061699999999925e-02,7.204422690000000795e-01,5.921202600000000649e-01,5.676391209999999132e-01,1.284708999999999981e-03,6.208662000000000208e-03,2.101383000000000070e-03,1.331693800000000039e-02,2.224040399999999834e-02,1.696353339999999987e-01,4.191371640000000065e-01,2.656968239999999981e-01,8.962751999999999178e-03,6.075272160000000365e-01,3.949038670000000195e-01,2.972805869999999850e-01,4.565723839999999978e-01,4.231410139999999820e-01,6.567695470000000091e-01,1.000000000000000000e+00
9.279763269999999897e-01,3.880396959999999895e-01,7.277016699999999672e-02,4.748628049999999989e-01,4.508436130000000319e-01,8.934552110000000269e-01,5.720264399999999694e-02,6.946478200000000269e-02,1.558165700000000049e-02,6.919999999999999814e-06,8.418061699999999925e-02,6.981645859999999759e-01,6.074289630000000439e-01,5.882441939999999425e-01,1.284708999999999981e-03,6.208662000000000208e-03,2.101383000000000070e-03,3.226023399999999874e-02,4.070661600000000102e-02,1.793254459999999995e-01,4.191371640000000065e-01,2.656968239999999981e-01,8.962751999999999178e-03,6.075272160000000365e-01,3.949038670000000195e-01,2.972805869999999850e-01,4.565723839999999978e-01,4.231410139999999820e-01,6.567695470000000091e-01,1.000000000000000000e+00
9.287253249999999349e-01,3.774878100000000347e-01,6.993258600000000491e-02,4.820027229999999663e-01,4.514844960000000129e-01,8.934552110000000269e-01,5.720264399999999694e-02,6.946478200000000269e-02,1.558165700000000049e-02,6.919999999999999814e-06,8.418061699999999925e-02,7.134369870000000224e-01,6.179953490000000826e-01,5.707912029999999692e-01,1.284708999999999981e-03,6.208662000000000208e-03,2.101383000000000070e-03,3.213595600000000024e-02,3.213157300000000355e-02,1.520413569999999881e-01,4.191371640000000065e-01,2.656968239999999981e-01,8.962751999999999178e-03,6.075272160000000365e-01,3.949038670000000195e-01,2.972805869999999850e-01,4.565723839999999978e-01,4.231410139999999820e-01,6.567695470000000091e-01,1.000000000000000000e+00
9.261187060000000137e-01,3.690810370000000007e-01,7.714281300000000452e-02,4.726395740000000067e-01,4.629759890000000322e-01,8.934552110000000269e-01,5.720264399999999694e-02,6.946478200000000269e-02,1.558165700000000049e-02,6.919999999999999814e-06,8.418061699999999925e-02,7.046829279999999862e-01,6.115065590000000606e-01,5.779670779999999120e-01,1.284708999999999981e-03,6.208662000000000208e-03,2.101383000000000070e-03,4.029697799999999719e-02,2.658011399999999844e-02,1.731380160000000057e-01,4.191371640000000065e-01,2.656968239999999981e-01,8.962751999999999178e-03,6.075272160000000365e-01,3.949038670000000195e-01,2.972805869999999850e-01,4.565723839999999978e-01,4.231410139999999820e-01,6.567695470000000091e-01,1.000000000000000000e+00
