0.000000000000000000e+00,9.623157000000000239e-02,0.000000000000000000e+00,1.820036070000000117e-01,8.403829820000000561e-01,8.817790170000000538e-01,9.863512400000000457e-02,5.021239200000000152e-02,1.191797000000000082e-03,2.502279000000000048e-03,3.082000799999999943e-02,8.463530999999996363e-03,9.775430400000000297e-01,5.330473649999999397e-01,1.160000000000000064e-07,2.434977999999999969e-03,7.636149000000000062e-03,1.207281699999999611e-02,1.342668890000000004e-01,1.556978940000000033e-01,8.716234000000000481e-01,4.003215050000000219e-01,3.843018000000000128e-03,5.915000700000000444e-01,1.210184910000000058e-01,4.212795309999999849e-01,7.044017240000000069e-01,8.915734760000000314e-01,8.180765989999999599e-01,6.233284780000000191e-01
0.000000000000000000e+00,1.060304940000000029e-01,0.000000000000000000e+00,1.849452240000000192e-01,8.337017600000000694e-01,8.817790170000000538e-01,9.863512400000000457e-02,5.021239200000000152e-02,1.191797000000000082e-03,2.502279000000000048e-03,3.082000799999999943e-02,1.491132300000000063e-02,9.671854039999999708e-01,5.415059420000000179e-01,1.160000000000000064e-07,2.434977999999999969e-03,7.636149000000000062e-03,1.878296399999999922e-02,1.439352720000000030e-01,1.339127180000000139e-01,8.716234000000000481e-01,4.003215050000000219e-01,3.843018000000000128e-03,5.915000700000000444e-01,1.210184910000000058e-01,4.212795309999999849e-01,7.044017240000000069e-01,8.915734760000000314e-01,8.180765989999999599e-01,6.233284780000000191e-01
0.000000000000000000e+00,1.076695490000000033e-01,0.000000000000000000e+00,2.013774630000000065e-01,8.538736239999999977e-01,8.817790170000000538e-01,9.863512400000000457e-02,5.021239200000000152e-02,1.191797000000000082e-03,2.502279000000000048e-03,3.082000799999999943e-02,6.437187999999996468e-03,9.643558199999999747e-01,5.455472350000000192e-01,1.160000000000000064e-07,2.434977999999999969e-03,7.636149000000000062e-03,2.151721300000000031e-02,1.281294880000000136e-01,1.466763500000000109e-01,8.716234000000000481e-01,4.003215050000000219e-01,3.843018000000000128e-03,5.915000700000000444e-01,1.210184910000000058e-01,4.212795309999999849e-01,7.044017240000000069e-01,8.915734760000000314e-01,8.180765989999999599e-01,6.233284780000000191e-01
1.595089000000000923e-03,1.023922780000000032e-01,0.000000000000000000e+00,1.958063329999999991e-01,8.442070990000000164e-01,8.817790170000000538e-01,9.863512400000000457e-02,5.021239200000000152e-02,1.191797000000000082e-03,2.502279000000000048e-03,3.082000799999999943e-02,1.776726999999999820e-02,9.734698600000000202e-01,5.334162430000000121e-01,1.160000000000000064e-07,2.434977999999999969e-03,7.636149000000000062e-03,1.512601699999999855e-02,1.228105089999999983e-01,1.601710840000000191e-01,8.716234000000000481e-01,4.003215050000000219e-01,3.843018000000000128e-03,5.915000700000000444e-01,1.210184910000000058e-01,4.212795309999999849e-01,7.044017240000000069e-01,8.915734760000000314e-01,8.180765989999999599e-01,6.233284780000000191e-01
0.000000000000000000e+00,1.098505170000000086e-01,0.000000000000000000e+00,1.969730070000000055e-01,8.531793050000000544e-01,8.817790170000000538e-01,9.863512400000000457e-02,5.021239200000000152e-02,1.191797000000000082e-03,2.502279000000000048e-03,3.082000799999999943e-02,1.261407299999999995e-02,9.604154560000000007e-01,5.286083670000000234e-01,1.160000000000000064e-07,2.434977999999999969e-03,7.636149000000000062e-03,1.795586099999999657e-02,1.246150759999999913e-01,1.320665079999999991e-01,8.716234000000000481e-01,4.003215050000000219e-01,3.843018000000000128e-03,5.915000700000000444e-01,1.210184910000000058e-01,4.212795309999999849e-01,7.044017240000000069e-01,8.915734760000000314e-01,8.180765989999999599e-01,6.233284780000000191e-01
1.361139999999996797e-04,9.983664600000000111e-02,0.000000000000000000e+00,1.926096469999999949e-01,8.487995300000000798e-01,8.817790170000000538e-01,9.863512400000000457e-02,5.021239200000000152e-02,1.191797000000000082e-03,2.502279000000000048e-03,3.082000799999999943e-02,2.359784100000000134e-02,9.632157399999999869e-01,5.309262470000000178e-01,1.160000000000000064e-07,2.434977999999999969e-03,7.636149000000000062e-03,1.359418899999999611e-02,1.392271860000000028e-01,1.487735190000000207e-01,8.716234000000000481e-01,4.003215050000000219e-01,3.843018000000000128e-03,5.915000700000000444e-01,1.210184910000000058e-01,4.212795309999999849e-01,7.044017240000000069e-01,8.915734760000000314e-01,8.180765989999999599e-01,6.233284780000000191e-01
7.094445999999999045e-03,8.376748600000000211e-02,0.000000000000000000e+00,1.852175669999999996e-01,8.375046690000000904e-01,8.817790170000000538e-01,9.863512400000000457e-02,5.021239200000000152e-02,1.191797000000000082e-03,2.502279000000000048e-03,3.082000799999999943e-02,1.335447600000000054e-02,9.543104669999999956e-01,5.314626439999999841e-01,1.160000000000000064e-07,2.434977999999999969e-03,7.636149000000000062e-03,1.772421199999999614e-02,1.375076849999999906e-01,1.397472050000000132e-01,8.716234000000000481e-01,4.003215050000000219e-01,3.843018000000000128e-03,5.915000700000000444e-01,1.210184910000000058e-01,4.212795309999999849e-01,7.044017240000000069e-01,8.915734760000000314e-01,8.180765989999999599e-01,6.233284780000000191e-01
0.000000000000000000e+00,8.695175700000000452e-02,0.000000000000000000e+00,1.813289200000000045e-01,8.588831650000000595e-01,8.817790170000000538e-01,9.863512400000000457e-02,5.021239200000000152e-02,1.191797000000000082e-03,2.502279000000000048e-03,3.082000799999999943e-02,1.444822299999999962e-02,9.761928930000000060e-01,5.372226329999999495e-01,1.160000000000000064e-07,2.434977999999999969e-03,7.636149000000000062e-03,0.000000000000000000e+00,1.435006299999999901e-01,1.387472849999999980e-01,8.716234000000000481e-01,4.003215050000000219e-01,3.843018000000000128e-03,5.915000700000000444e-01,1.210184910000000058e-01,4.212795309999999849e-01,7.044017240000000069e-01,8.915734760000000314e-01,8.180765989999999599e-01,6.233284780000000191e-01
0.000000000000000000e+00,1.088198620000000033e-01,0.000000000000000000e+00,1.766892369999999990e-01,8.339983970000000024e-01,8.817790170000000538e-01,9.863512400000000457e-02,5.021239200000000152e-02,1.191797000000000082e-03,2.502279000000000048e-03,3.082000799999999943e-02,2.962013699999999777e-02,9.633929960000000570e-01,5.364646349999999675e-01,1.160000000000000064e-07,2.434977999999999969e-03,7.636149000000000062e-03,1.439647899999999675e-02,1.343199409999999983e-01,1.448810690000000012e-01,8.716234000000000481e-01,4.003215050000000219e-01,3.843018000000000128e-03,5.915000700000000444e-01,1.210184910000000058e-01,4.212795309999999849e-01,7.044017240000000069e-01,8.915734760000000314e-01,8.180765989999999599e-01,6.233284780000000191e-01
0.000000000000000000e+00,9.126902100000000573e-02,0.000000000000000000e+00,1.739525600000000061e-01,8.442785120000000365e-01,8.817790170000000538e-01,9.863512400000000457e-02,5.021239200000000152e-02,1.191797000000000082e-03,2.502279000000000048e-03,3.082000799999999943e-02,2.311759500000000120e-02,9.797904240000000486e-01,5.406403760000000336e-01,1.160000000000000064e-07,2.434977999999999969e-03,7.636149000000000062e-03,1.491565199999999800e-02,1.470994700000000099e-01,1.613836480000000184e-01,8.716234000000000481e-01,4.003215050000000219e-01,3.843018000000000128e-03,5.915000700000000444e-01,1.210184910000000058e-01,4.212795309999999849e-01,7.044017240000000069e-01,8.915734760000000314e-01,8.180765989999999599e-01,6.233284780000000191e-01
2.086964000000000180e-03,9.856675400000000642e-02,0.000000000000000000e+00,1.966288449999999965e-01,8.430708290000000771e-01,8.817790170000000538e-01,9.863512400000000457e-02,5.021239200000000152e-02,1.191797000000000082e-03,2.502279000000000048e-03,3.082000799999999943e-02,1.835275100000000048e-02,9.722337800000000474e-01,5.362828880000000131e-01,1.160000000000000064e-07,2.434977999999999969e-03,7.636149000000000062e-03,1.509727699999999923e-02,1.422209070000000075e-01,1.472013669999999996e-01,8.716234000000000481e-01,4.003215050000000219e-01,3.843018000000000128e-03,5.915000700000000444e-01,1.210184910000000058e-01,4.212795309999999849e-01,7.044017240000000069e-01,8.915734760000000314e-01,8.180765989999999599e-01,6.233284780000000191e-01
0.000000000000000000e+00,1.074352739999999973e-01,0.000000000000000000e+00,1.797242260000000147e-01,8.550072410000000289e-01,8.817790170000000538e-01,9.863512400000000457e-02,5.021239200000000152e-02,1.191797000000000082e-03,2.502279000000000048e-03,3.082000799999999943e-02,2.934736999999999763e-03,9.742354170000000479e-01,5.353028349999999769e-01,1.160000000000000064e-07,2.434977999999999969e-03,7.636149000000000062e-03,8.813182999999998740e-03,1.444516620000000084e-01,1.588308140000000146e-01,8.716234000000000481e-01,4.003215050000000219e-01,3.843018000000000128e-03,5.915000700000000444e-01,1.210184910000000058e-01,4.212795309999999849e-01,7.044017240000000069e-01,8.915734760000000314e-01,8.180765989999999599e-01,6.233284780000000191e-01
2.846928000000000306e-03,1.111233770000000093e-01,0.000000000000000000e+00,1.993691840000000048e-01,8.437356800000000989e-01,8.817790170000000538e-01,9.863512400000000457e-02,5.021239200000000152e-02,1.191797000000000082e-03,2.502279000000000048e-03,3.082000799999999943e-02,3.002066299999999952e-02,9.600450620000000601e-01,5.404212819999999473e-01,1.160000000000000064e-07,2.434977999999999969e-03,7.636149000000000062e-03,1.708921499999999788e-02,1.468985210000000041e-01,1.525790800000000058e-01,8.716234000000000481e-01,4.003215050000000219e-01,3.843018000000000128e-03,5.915000700000000444e-01,1.210184910000000058e-01,4.212795309999999849e-01,7.044017240000000069e-01,8.915734760000000314e-01,8.180765989999999599e-01,6.233284780000000191e-01
0.000000000000000000e+00,9.747058200000000006e-02,0.000000000000000000e+00,1.948266490000000184e-01,8.481467480000000059e-01,8.817790170000000538e-01,9.863512400000000457e-02,5.021239200000000152e-02,1.191797000000000082e-03,2.502279000000000048e-03,3.082000799999999943e-02,2.852527099999999788e-02,9.684028009999999798e-01,5.383056669999999322e-01,1.160000000000000064e-07,2.434977999999999969e-03,7.636149000000000062e-03,7.842181999999996156e-03,1.381050460000000091e-01,1.592842440000000193e-01,8.716234000000000481e-01,4.003215050000000219e-01,3.843018000000000128e-03,5.915000700000000444e-01,1.210184910000000058e-01,4.212795309999999849e-01,7.044017240000000069e-01,8.915734760000000314e-01,8.180765989999999599e-01,6.233284780000000191e-01
0.000000000000000000e+00,8.357416100000000792e-02,0.000000000000000000e+00,1.914308720000000019e-01,8.369550100000000548e-01,8.817790170000000538e-01,9.863512400000000457e-02,5.021239200000000152e-02,1.191797000000000082e-03,2.502279000000000048e-03,3.082000799999999943e-02,9.702702000000000548e-03,9.751771040000000168e-01,5.353538420000000242e-01,1.160000000000000064e-07,2.434977999999999969e-03,7.636149000000000062e-03,1.889480199999999874e-02,1.298938470000000067e-01,1.342254549999999935e-01,8.716234000000000481e-01,4.003215050000000219e-01,3.843018000000000128e-03,5.915000700000000444e-01,1.210184910000000058e-01,4.212795309999999849e-01,7.044017240000000069e-01,8.915734760000000314e-01,8.180765989999999599e-01,6.233284780000000191e-01
3.609306999999999099e-03,9.724750300000001291e-02,0.000000000000000000e+00,1.824379560000000122e-01,8.406034460000000319e-01,8.817790170000000538e-01,9.863512400000000457e-02,5.021239200000000152e-02,1.191797000000000082e-03,2.502279000000000048e-03,3.082000799999999943e-02,1.520244200000000004e-02,9.676144640000000630e-01,5.408582739999999722e-01,1.160000000000000064e-07,2.434977999999999969e-03,7.636149000000000062e-03,1.926616699999999724e-02,1.264053509999999991e-01,1.330153270000000165e-01,8.716234000000000481e-01,4.003215050000000219e-01,3.843018000000000128e-03,5.915000700000000444e-01,1.210184910000000058e-01,4.212795309999999849e-01,7.044017240000000069e-01,8.915734760000000314e-01,8.180765989999999599e-01,6.233284780000000191e-01
0.000000000000000000e+00,8.771865600000000596e-02,0.000000000000000000e+00,1.909547699999999959e-01,8.580466680000000679e-01,8.817790170000000538e-01,9.863512400000000457e-02,5.021239200000000152e-02,1.191797000000000082e-03,2.502279000000000048e-03,3.082000799999999943e-02,3.015521100000000121e-02,9.781113009999999885e-01,5.505323490000000319e-01,1.160000000000000064e-07,2.434977999999999969e-03,7.636149000000000062e-03,7.734410999999996594e-03,1.247908050000000046e-01,1.504061010000000143e-01,8.716234000000000481e-01,4.003215050000000219e-01,3.843018000000000128e-03,5.915000700000000444e-01,1.210184910000000058e-01,4.212795309999999849e-01,7.044017240000000069e-01,8.915734760000000314e-01,8.180765989999999599e-01,6.233284780000000191e-01
1.491677999999999754e-03,1.096106079999999983e-01,0.000000000000000000e+00,1.789344469999999965e-01,8.314400480000000426e-01,8.817790170000000538e-01,9.863512400000000457e-02,5.021239200000000152e-02,1.191797000000000082e-03,2.502279000000000048e-03,3.082000799999999943e-02,9.224757000000000096e-03,9.547293880000000676e-01,5.210241679999999542e-01,1.160000000000000064e-07,2.434977999999999969e-03,7.636149000000000062e-03,1.866760599999999631e-02,1.407692329999999936e-01,1.343275090000000116e-01,8.716234000000000481e-01,4.003215050000000219e-01,3.843018000000000128e-03,5.915000700000000444e-01,1.210184910000000058e-01,4.212795309999999849e-01,7.044017240000000069e-01,8.915734760000000314e-01,8.180765989999999599e-01,6.233284780000000191e-01
0.000000000000000000e+00,1.039229200000000020e-01,0.000000000000000000e+00,1.902747419999999967e-01,8.423959720000000484e-01,8.817790170000000538e-01,9.863512400000000457e-02,5.021239200000000152e-02,1.191797000000000082e-03,2.502279000000000048e-03,3.082000799999999943e-02,2.512434000000000889e-03,9.550792570000000703e-01,5.346777969999999547e-01,1.160000000000000064e-07,2.434977999999999969e-03,7.636149000000000062e-03,1.311094299999999643e-02,1.245216000000000101e-01,1.380664550000000046e-01,8.716234000000000481e-01,4.003215050000000219e-01,3.843018000000000128e-03,5.915000700000000444e-01,1.210184910000000058e-01,4.212795309999999849e-01,7.044017240000000069e-01,8.915734760000000314e-01,8.180765989999999599e-01,6.233284780000000191e-01
0.000000000000000000e+00,9.635674800000000595e-02,0.000000000000000000e+00,1.895682310000000037e-01,8.552279240000000282e-01,8.817790170000000538e-01,9.863512400000000457e-02,5.021239200000000152e-02,1.191797000000000082e-03,2.502279000000000048e-03,3.082000799999999943e-02,3.619380999999997905e-03,9.572654400000000230e-01,5.288189140000000288e-01,1.160000000000000064e-07,2.434977999999999969e-03,7.636149000000000062e-03,1.690209099999999756e-02,1.251804990000000006e-01,1.419316939999999971e-01,8.716234000000000481e-01,4.003215050000000219e-01,3.843018000000000128e-03,5.915000700000000444e-01,1.210184910000000058e-01,4.212795309999999849e-01,7.044017240000000069e-01,8.915734760000000314e-01,8.180765989999999599e-01,6.233284780000000191e-01
5.231389999999988549e-04,9.956228300000000142e-02,0.000000000000000000e+00,1.967563010000000223e-01,8.373881250000000387e-01,8.817790170000000538e-01,9.863512400000000457e-02,5.021239200000000152e-02,1.191797000000000082e-03,2.502279000000000048e-03,3.082000799999999943e-02,2.153838699999999912e-02,9.534296230000000039e-01,5.405488370000000042e-01,1.160000000000000064e-07,2.434977999999999969e-03,7.636149000000000062e-03,1.147611999999999244e-03,1.429532599999999987e-01,1.532422930000000016e-01,8.716234000000000481e-01,4.003215050000000219e-01,3.843018000000000128e-03,5.915000700000000444e-01,1.210184910000000058e-01,4.212795309999999849e-01,7.044017240000000069e-01,8.915734760000000314e-01,8.180765989999999599e-01,6.233284780000000191e-01
0.000000000000000000e+00,9.438513200000001047e-02,0.000000000000000000e+00,1.962947680000000084e-01,8.348473650000000079e-01,8.817790170000000538e-01,9.863512400000000457e-02,5.021239200000000152e-02,1.191797000000000082e-03,2.502279000000000048e-03,3.082000799999999943e-02,1.789838000000001927e-03,9.550104529999999814e-01,5.263662179999999413e-01,1.160000000000000064e-07,2.434977999999999969e-03,7.636149000000000062e-03,0.000000000000000000e+00,1.289679549999999952e-01,1.416315810000000064e-01,8.716234000000000481e-01,4.003215050000000219e-01,3.843018000000000128e-03,5.915000700000000444e-01,1.210184910000000058e-01,4.212795309999999849e-01,7.044017240000000069e-01,8.915734760000000314e-01,8.180765989999999599e-01,6.233284780000000191e-01
0.000000000000000000e+00,8.793742700000001244e-02,0.000000000000000000e+00,2.004108950000000056e-01,8.501765400000000916e-01,8.817790170000000538e-01,9.863512400000000457e-02,5.021239200000000152e-02,1.191797000000000082e-03,2.502279000000000048e-03,3.082000799999999943e-02,1.307024600000000064e-02,9.658135810000000321e-01,5.420890579999999570e-01,1.160000000000000064e-07,2.434977999999999969e-03,7.636149000000000062e-03,1.137115199999999895e-02,1.452424840000000050e-01,1.444237369999999965e-01,8.716234000000000481e-01,4.003215050000000219e-01,3.843018000000000128e-03,5.915000700000000444e-01,1.210184910000000058e-01,4.212795309999999849e-01,7.044017240000000069e-01,8.915734760000000314e-01,8.180765989999999599e-01,6.233284780000000191e-01
0.000000000000000000e+00,8.305435399999999690e-02,0.000000000000000000e+00,1.939057900000000223e-01,8.404796310000000048e-01,8.817790170000000538e-01,9.863512400000000457e-02,5.021239200000000152e-02,1.191797000000000082e-03,2.502279000000000048e-03,3.082000799999999943e-02,1.382605000000002027e-03,9.557377590000000200e-01,5.208328409999999353e-01,1.160000000000000064e-07,2.434977999999999969e-03,7.636149000000000062e-03,0.000000000000000000e+00,1.441026049999999947e-01,1.579195110000000124e-01,8.716234000000000481e-01,4.003215050000000219e-01,3.843018000000000128e-03,5.915000700000000444e-01,1.210184910000000058e-01,4.212795309999999849e-01,7.044017240000000069e-01,8.915734760000000314e-01,8.180765989999999599e-01,6.233284780000000191e-01
2.518875000000000280e-03,9.899736800000000225e-02,0.000000000000000000e+00,1.979508610000000057e-01,8.325968050000001064e-01,8.817790170000000538e-01,9.863512400000000457e-02,5.021239200000000152e-02,1.191797000000000082e-03,2.502279000000000048e-03,3.082000799999999943e-02,1.239944800000000041e-02,9.811570120000000506e-01,5.247600179999999392e-01,1.160000000000000064e-07,2.434977999999999969e-03,7.636149000000000062e-03,2.352664899999999670e-02,1.260137600000000024e-01,1.468278360000000171e-01,8.716234000000000481e-01,4.003215050000000219e-01,3.843018000000000128e-03,5.915000700000000444e-01,1.210184910000000058e-01,4.212795309999999849e-01,7.044017240000000069e-01,8.915734760000000314e-01,8.180765989999999599e-01,6.233284780000000191e-01
0.000000000000000000e+00,8.559611899999999829e-02,0.000000000000000000e+00,1.765391780000000188e-01,8.428736039999999985e-01,8.817790170000000538e-01,9.863512400000000457e-02,5.021239200000000152e-02,1.191797000000000082e-03,2.502279000000000048e-03,3.082000799999999943e-02,9.909727999999999593e-03,9.727797839999999807e-01,5.376320620000000217e-01,1.160000000000000064e-07,2.434977999999999969e-03,7.636149000000000062e-03,1.899074299999999743e-02,1.500544159999999960e-01,1.325855420000000007e-01,8.716234000000000481e-01,4.003215050000000219e-01,3.843018000000000128e-03,5.915000700000000444e-01,1.210184910000000058e-01,4.212795309999999849e-01,7.044017240000000069e-01,8.915734760000000314e-01,8.180765989999999599e-01,6.233284780000000191e-01
1.256007999999999430e-03,8.204290799999999773e-02,0.000000000000000000e+00,2.015203580000000105e-01,8.397834030000000949e-01,8.817790170000000538e-01,9.863512400000000457e-02,5.021239200000000152e-02,1.191797000000000082e-03,2.502279000000000048e-03,3.082000799999999943e-02,1.846438799999999825e-02,9.627632870000000231e-01,5.307725730000000253e-01,1.160000000000000064e-07,2.434977999999999969e-03,7.636149000000000062e-03,2.009350899999999898e-02,1.214506459999999954e-01,1.603438460000000121e-01,8.716234000000000481e-01,4.003215050000000219e-01,3.843018000000000128e-03,5.915000700000000444e-01,1.210184910000000058e-01,4.212795309999999849e-01,7.044017240000000069e-01,8.915734760000000314e-01,8.180765989999999599e-01,6.233284780000000191e-01
0.000000000000000000e+00,8.419671800000000372e-02,0.000000000000000000e+00,1.782667930000000067e-01,8.387710360000000254e-01,8.817790170000000538e-01,9.863512400000000457e-02,5.021239200000000152e-02,1.191797000000000082e-03,2.502279000000000048e-03,3.082000799999999943e-02,2.198658999999998642e-03,9.563693070000000018e-01,5.475179030000000280e-01,1.160000000000000064e-07,2.434977999999999969e-03,7.636149000000000062e-03,1.437558199999999786e-02,1.423343940000000030e-01,1.376355499999999954e-01,8.716234000000000481e-01,4.003215050000000219e-01,3.843018000000000128e-03,5.915000700000000444e-01,1.210184910000000058e-01,4.212795309999999849e-01,7.044017240000000069e-01,8.915734760000000314e-01,8.180765989999999599e-01,6.233284780000000191e-01
0.000000000000000000e+00,1.104968790000000062e-01,0.000000000000000000e+00,1.753089590000000142e-01,8.305718690000000182e-01,8.817790170000000538e-01,9.863512400000000457e-02,5.021239200000000152e-02,1.191797000000000082e-03,2.502279000000000048e-03,3.082000799999999943e-02,2.101034499999999972e-02,9.542036059999999820e-01,5.350037539999999980e-01,1.160000000000000064e-07,2.434977999999999969e-03,7.636149000000000062e-03,4.177800999999994880e-03,1.471380850000000018e-01,1.426510089999999953e-01,8.716234000000000481e-01,4.003215050000000219e-01,3.843018000000000128e-03,5.915000700000000444e-01,1.210184910000000058e-01,4.212795309999999849e-01,7.044017240000000069e-01,8.915734760000000314e-01,8.180765989999999599e-01,6.233284780000000191e-01
4.510062999999999919e-03,8.668677500000000757e-02,0.000000000000000000e+00,1.875488070000000118e-01,8.447544580000000414e-01,8.817790170000000538e-01,9.863512400000000457e-02,5.021239200000000152e-02,1.191797000000000082e-03,2.502279000000000048e-03,3.082000799999999943e-02,2.040546099999999974e-02,9.811016180000000642e-01,5.276320349999999992e-01,1.160000000000000064e-07,2.434977999999999969e-03,7.636149000000000062e-03,0.000000000000000000e+00,1.375670320000000058e-01,1.550554729999999992e-01,8.716234000000000481e-01,4.003215050000000219e-01,3.843018000000000128e-03,5.915000700000000444e-01,1.210184910000000058e-01,4.212795309999999849e-01,7.044017240000000069e-01,8.915734760000000314e-01,8.180765989999999599e-01,6.233284780000000191e-01
0.000000000000000000e+00,9.151793099999999681e-02,0.000000000000000000e+00,1.812459160000000069e-01,8.368982230000000522e-01,8.817790170000000538e-01,9.863512400000000457e-02,5.021239200000000152e-02,1.191797000000000082e-03,2.502279000000000048e-03,3.082000799999999943e-02,2.758796100000000112e-02,9.623308310000000532e-01,5.324849809999999684e-01,1.160000000000000064e-07,2.434977999999999969e-03,7.636149000000000062e-03,1.642036899999999716e-02,1.240017559999999908e-01,1.363574760000000052e-01,8.716234000000000481e-01,4.003215050000000219e-01,3.843018000000000128e-03,5.915000700000000444e-01,1.210184910000000058e-01,4.212795309999999849e-01,7.044017240000000069e-01,8.915734760000000314e-01,8.180765989999999599e-01,6.233284780000000191e-01
0.000000000000000000e+00,9.417588600000000032e-02,0.000000000000000000e+00,1.893582210000000210e-01,8.341822250000000549e-01,8.817790170000000538e-01,9.863512400000000457e-02,5.021239200000000152e-02,1.191797000000000082e-03,2.502279000000000048e-03,3.082000799999999943e-02,2.878750799999999985e-02,9.696921270000000703e-01,5.319037879999999330e-01,1.160000000000000064e-07,2.434977999999999969e-03,7.636149000000000062e-03,2.587094199999999747e-02,1.309045030000000054e-01,1.598363620000000096e-01,8.716234000000000481e-01,4.003215050000000219e-01,3.843018000000000128e-03,5.915000700000000444e-01,1.210184910000000058e-01,4.212795309999999849e-01,7.044017240000000069e-01,8.915734760000000314e-01,8.180765989999999599e-01,6.233284780000000191e-01
0.000000000000000000e+00,9.695767100000000915e-02,0.000000000000000000e+00,1.796720480000000009e-01,8.425433500000000242e-01,8.817790170000000538e-01,9.863512400000000457e-02,5.021239200000000152e-02,1.191797000000000082e-03,2.502279000000000048e-03,3.082000799999999943e-02,2.602851200000000018e-02,9.612777310000000242e-01,5.351586870000000218e-01,1.160000000000000064e-07,2.434977999999999969e-03,7.636149000000000062e-03,1.628491299999999808e-02,1.358936390000000105e-01,1.597100810000000037e-01,8.716234000000000481e-01,4.003215050000000219e-01,3.843018000000000128e-03,5.915000700000000444e-01,1.210184910000000058e-01,4.212795309999999849e-01,7.044017240000000069e-01,8.915734760000000314e-01,8.180765989999999599e-01,6.233284780000000191e-01
0.000000000000000000e+00,1.054778840000000079e-01,0.000000000000000000e+00,1.859602389999999994e-01,8.575432530000000053e-01,8.817790170000000538e-01,9.863512400000000457e-02,5.021239200000000152e-02,1.191797000000000082e-03,2.502279000000000048e-03,3.082000799999999943e-02,2.009664799999999821e-02,9.794443339999999720e-01,5.292187919999999934e-01,1.160000000000000064e-07,2.434977999999999969e-03,7.636149000000000062e-03,5.491890999999998746e-03,1.272614820000000091e-01,1.446643710000000138e-01,8.716234000000000481e-01,4.003215050000000219e-01,3.843018000000000128e-03,5.915000700000000444e-01,1.210184910000000058e-01,4.212795309999999849e-01,7.044017240000000069e-01,8.915734760000000314e-01,8.180765989999999599e-01,6.233284780000000191e-01
0.000000000000000000e+00,8.482234199999999502e-02,0.000000000000000000e+00,1.835580190000000167e-01,8.544021500000000824e-01,8.817790170000000538e-01,9.863512400000000457e-02,5.021239200000000152e-02,1.191797000000000082e-03,2.502279000000000048e-03,3.082000799999999943e-02,1.125908100000000064e-02,9.687663520000000528e-01,5.475819370000000186e-01,1.160000000000000064e-07,2.434977999999999969e-03,7.636149000000000062e-03,3.351921000000000761e-03,1.203192670000000075e-01,1.405022730000000108e-01,8.716234000000000481e-01,4.003215050000000219e-01,3.843018000000000128e-03,5.915000700000000444e-01,1.210184910000000058e-01,4.212795309999999849e-01,7.044017240000000069e-01,8.915734760000000314e-01,8.180765989999999599e-01,6.233284780000000191e-01
7.222769999999999885e-03,1.025342800000000054e-01,0.000000000000000000e+00,1.901738500000000054e-01,8.485127370000000724e-01,8.817790170000000538e-01,9.863512400000000457e-02,5.021239200000000152e-02,1.191797000000000082e-03,2.502279000000000048e-03,3.082000799999999943e-02,1.672642499999999963e-02,9.741113350000000226e-01,5.308004649999999991e-01,1.160000000000000064e-07,2.434977999999999969e-03,7.636149000000000062e-03,0.000000000000000000e+00,1.292262939999999916e-01,1.374314450000000132e-01,8.716234000000000481e-01,4.003215050000000219e-01,3.843018000000000128e-03,5.915000700000000444e-01,1.210184910000000058e-01,4.212795309999999849e-01,7.044017240000000069e-01,8.915734760000000314e-01,8.180765989999999599e-01,6.233284780000000191e-01
0.000000000000000000e+00,8.298030000000000683e-02,0.000000000000000000e+00,1.912919140000000073e-01,8.475582500000000685e-01,8.817790170000000538e-01,9.863512400000000457e-02,5.021239200000000152e-02,1.191797000000000082e-03,2.502279000000000048e-03,3.082000799999999943e-02,1.050025900000000137e-02,9.533007110000000228e-01,5.256080810000000048e-01,1.160000000000000064e-07,2.434977999999999969e-03,7.636149000000000062e-03,1.450899999999998025e-03,1.311411279999999957e-01,1.575284530000000127e-01,8.716234000000000481e-01,4.003215050000000219e-01,3.843018000000000128e-03,5.915000700000000444e-01,1.210184910000000058e-01,4.212795309999999849e-01,7.044017240000000069e-01,8.915734760000000314e-01,8.180765989999999599e-01,6.233284780000000191e-01
0.000000000000000000e+00,8.827420600000000783e-02,0.000000000000000000e+00,1.817129680000000025e-01,8.439706700000000339e-01,8.817790170000000538e-01,9.863512400000000457e-02,5.021239200000000152e-02,1.191797000000000082e-03,2.502279000000000048e-03,3.082000799999999943e-02,7.252288000000002566e-03,9.699712860000000436e-01,5.274020440000000143e-01,1.160000000000000064e-07,2.434977999999999969e-03,7.636149000000000062e-03,0.000000000000000000e+00,1.324640880000000076e-01,1.572243350000000206e-01,8.716234000000000481e-01,4.003215050000000219e-01,3.843018000000000128e-03,5.915000700000000444e-01,1.210184910000000058e-01,4.212795309999999849e-01,7.044017240000000069e-01,8.915734760000000314e-01,8.180765989999999599e-01,6.233284780000000191e-01
2.316540999999998351e-03,9.996056999999999859e-02,0.000000000000000000e+00,1.923758490000000154e-01,8.573356790000000727e-01,8.817790170000000538e-01,9.863512400000000457e-02,5.021239200000000152e-02,1.191797000000000082e-03,2.502279000000000048e-03,3.082000799999999943e-02,1.754100299999999946e-02,9.735846390000000294e-01,5.259329499999999546e-01,1.160000000000000064e-07,2.434977999999999969e-03,7.636149000000000062e-03,2.908291999999999822e-03,1.238791840000000033e-01,1.440649790000000097e-01,8.716234000000000481e-01,4.003215050000000219e-01,3.843018000000000128e-03,5.915000700000000444e-01,1.210184910000000058e-01,4.212795309999999849e-01,7.044017240000000069e-01,8.915734760000000314e-01,8.180765989999999599e-01,6.233284780000000191e-01
0.000000000000000000e+00,8.347079600000001376e-02,0.000000000000000000e+00,1.999636820000000037e-01,8.508657620000000810e-01,8.817790170000000538e-01,9.863512400000000457e-02,5.021239200000000152e-02,1.191797000000000082e-03,2.502279000000000048e-03,3.082000799999999943e-02,7.575152000000001662e-03,9.710769989999999963e-01,5.280603149999999468e-01,1.160000000000000064e-07,2.434977999999999969e-03,7.636149000000000062e-03,1.595030399999999848e-02,1.436679690000000065e-01,1.442881000000000025e-01,8.716234000000000481e-01,4.003215050000000219e-01,3.843018000000000128e-03,5.915000700000000444e-01,1.210184910000000058e-01,4.212795309999999849e-01,7.044017240000000069e-01,8.915734760000000314e-01,8.180765989999999599e-01,6.233284780000000191e-01
0.000000000000000000e+00,8.679331000000001239e-02,0.000000000000000000e+00,1.800612890000000132e-01,8.471588460000000209e-01,8.817790170000000538e-01,9.863512400000000457e-02,5.021239200000000152e-02,1.191797000000000082e-03,2.502279000000000048e-03,3.082000799999999943e-02,6.260780000000000511e-03,9.706740179999999718e-01,5.304325789999999596e-01,1.160000000000000064e-07,2.434977999999999969e-03,7.636149000000000062e-03,1.239771099999999876e-02,1.237065789999999971e-01,1.349535920000000111e-01,8.716234000000000481e-01,4.003215050000000219e-01,3.843018000000000128e-03,5.915000700000000444e-01,1.210184910000000058e-01,4.212795309999999849e-01,7.044017240000000069e-01,8.915734760000000314e-01,8.180765989999999599e-01,6.233284780000000191e-01
0.000000000000000000e+00,1.101635450000000016e-01,0.000000000000000000e+00,1.961727420000000111e-01,8.322526620000000319e-01,8.817790170000000538e-01,9.863512400000000457e-02,5.021239200000000152e-02,1.191797000000000082e-03,2.502279000000000048e-03,3.082000799999999943e-02,8.338861000000002965e-03,9.606615379999999815e-01,5.340443320000000105e-01,1.160000000000000064e-07,2.434977999999999969e-03,7.636149000000000062e-03,2.015583599999999642e-02,1.447521410000000008e-01,1.318763380000000096e-01,8.716234000000000481e-01,4.003215050000000219e-01,3.843018000000000128e-03,5.915000700000000444e-01,1.210184910000000058e-01,4.212795309999999849e-01,7.044017240000000069e-01,8.915734760000000314e-01,8.180765989999999599e-01,6.233284780000000191e-01
0.000000000000000000e+00,9.229609900000000644e-02,0.000000000000000000e+00,1.956564140000000007e-01,8.352291000000000576e-01,8.817790170000000538e-01,9.863512400000000457e-02,5.021239200000000152e-02,1.191797000000000082e-03,2.502279000000000048e-03,3.082000799999999943e-02,6.901475999999996669e-03,9.800889270000000542e-01,5.243617379999999661e-01,1.160000000000000064e-07,2.434977999999999969e-03,7.636149000000000062e-03,7.412647999999997378e-03,1.376535389999999914e-01,1.399384610000000140e-01,8.716234000000000481e-01,4.003215050000000219e-01,3.843018000000000128e-03,5.915000700000000444e-01,1.210184910000000058e-01,4.212795309999999849e-01,7.044017240000000069e-01,8.915734760000000314e-01,8.180765989999999599e-01,6.233284780000000191e-01
0.000000000000000000e+00,9.488775900000000207e-02,0.000000000000000000e+00,1.889119210000000104e-01,8.446915600000000079e-01,8.817790170000000538e-01,9.863512400000000457e-02,5.021239200000000152e-02,1.191797000000000082e-03,2.502279000000000048e-03,3.082000799999999943e-02,2.795601500000000073e-02,9.653414300000000559e-01,5.365875289999999520e-01,1.160000000000000064e-07,2.434977999999999969e-03,7.636149000000000062e-03,1.662278299999999862e-02,1.333046179999999858e-01,1.574300950000000199e-01,8.716234000000000481e-01,4.003215050000000219e-01,3.843018000000000128e-03,5.915000700000000444e-01,1.210184910000000058e-01,4.212795309999999849e-01,7.044017240000000069e-01,8.915734760000000314e-01,8.180765989999999599e-01,6.233284780000000191e-01
0.000000000000000000e+00,1.100220189999999987e-01,0.000000000000000000e+00,1.874873469999999986e-01,8.454691619999999963e-01,8.817790170000000538e-01,9.863512400000000457e-02,5.021239200000000152e-02,1.191797000000000082e-03,2.502279000000000048e-03,3.082000799999999943e-02,2.387106300000000139e-02,9.627203420000000067e-01,5.300968440000000115e-01,1.160000000000000064e-07,2.434977999999999969e-03,7.636149000000000062e-03,1.979755799999999635e-02,1.201684930000000012e-01,1.485491140000000099e-01,8.716234000000000481e-01,4.003215050000000219e-01,3.843018000000000128e-03,5.915000700000000444e-01,1.210184910000000058e-01,4.212795309999999849e-01,7.044017240000000069e-01,8.915734760000000314e-01,8.180765989999999599e-01,6.233284780000000191e-01
0.000000000000000000e+00,1.078667979999999998e-01,0.000000000000000000e+00,1.897599300000000211e-01,8.472823790000000299e-01,8.817790170000000538e-01,9.863512400000000457e-02,5.021239200000000152e-02,1.191797000000000082e-03,2.502279000000000048e-03,3.082000799999999943e-02,3.580945000000002043e-03,9.636884709999999910e-01,5.299701329999999544e-01,1.160000000000000064e-07,2.434977999999999969e-03,7.636149000000000062e-03,4.459071999999994484e-03,1.406072409999999939e-01,1.373915850000000105e-01,8.716234000000000481e-01,4.003215050000000219e-01,3.843018000000000128e-03,5.915000700000000444e-01,1.210184910000000058e-01,4.212795309999999849e-01,7.044017240000000069e-01,8.915734760000000314e-01,8.180765989999999599e-01,6.233284780000000191e-01
0.000000000000000000e+00,8.851764000000000854e-02,0.000000000000000000e+00,1.740997970000000006e-01,8.451058520000001018e-01,8.817790170000000538e-01,9.863512400000000457e-02,5.021239200000000152e-02,1.191797000000000082e-03,2.502279000000000048e-03,3.082000799999999943e-02,2.211625700000000028e-02,9.667589850000000151e-01,5.387982430000000100e-01,1.160000000000000064e-07,2.434977999999999969e-03,7.636149000000000062e-03,9.225669999999991377e-04,1.311932590000000065e-01,1.537103260000000082e-01,8.716234000000000481e-01,4.003215050000000219e-01,3.843018000000000128e-03,5.915000700000000444e-01,1.210184910000000058e-01,4.212795309999999849e-01,7.044017240000000069e-01,8.915734760000000314e-01,8.180765989999999599e-01,6.233284780000000191e-01
1.316077999999998305e-03,8.527186900000000014e-02,0.000000000000000000e+00,1.806914400000000087e-01,8.599269910000000294e-01,8.817790170000000538e-01,9.863512400000000457e-02,5.021239200000000152e-02,1.191797000000000082e-03,2.502279000000000048e-03,3.082000799999999943e-02,7.955244999999999678e-03,9.815512619999999799e-01,5.296770130000000298e-01,1.160000000000000064e-07,2.434977999999999969e-03,7.636149000000000062e-03,1.262031299999999759e-02,1.348691360000000006e-01,1.448313890000000048e-01,8.716234000000000481e-01,4.003215050000000219e-01,3.843018000000000128e-03,5.915000700000000444e-01,1.210184910000000058e-01,4.212795309999999849e-01,7.044017240000000069e-01,8.915734760000000314e-01,8.180765989999999599e-01,6.233284780000000191e-01
0.000000000000000000e+00,9.688627500000000781e-02,0.000000000000000000e+00,2.007192060000000111e-01,8.541308610000000190e-01,8.817790170000000538e-01,9.863512400000000457e-02,5.021239200000000152e-02,1.191797000000000082e-03,2.502279000000000048e-03,3.082000799999999943e-02,2.909353800000000212e-02,9.610370150000000500e-01,5.436567150000000126e-01,1.160000000000000064e-07,2.434977999999999969e-03,7.636149000000000062e-03,0.000000000000000000e+00,1.329787400000000119e-01,1.383051180000000047e-01,8.716234000000000481e-01,4.003215050000000219e-01,3.843018000000000128e-03,5.915000700000000444e-01,1.210184910000000058e-01,4.212795309999999849e-01,7.044017240000000069e-01,8.915734760000000314e-01,8.180765989999999599e-01,6.233284780000000191e-01
0.000000000000000000e+00,1.045473990000000131e-01,0.000000000000000000e+00,1.830029280000000091e-01,8.346860580000000640e-01,8.817790170000000538e-01,9.863512400000000457e-02,5.021239200000000152e-02,1.191797000000000082e-03,2.502279000000000048e-03,3.082000799999999943e-02,2.266081899999999871e-02,9.822667120000000418e-01,5.503291969999999367e-01,1.160000000000000064e-07,2.434977999999999969e-03,7.636149000000000062e-03,2.035559999999998759e-03,1.384506360000000158e-01,1.425166110000000153e-01,8.716234000000000481e-01,4.003215050000000219e-01,3.843018000000000128e-03,5.915000700000000444e-01,1.210184910000000058e-01,4.212795309999999849e-01,7.044017240000000069e-01,8.915734760000000314e-01,8.180765989999999599e-01,6.233284780000000191e-01
4.418919000000000319e-03,1.031926360000000042e-01,0.000000000000000000e+00,1.845027399999999984e-01,8.590290140000000907e-01,8.817790170000000538e-01,9.863512400000000457e-02,5.021239200000000152e-02,1.191797000000000082e-03,2.502279000000000048e-03,3.082000799999999943e-02,2.703883499999999718e-02,9.625126050000000211e-01,5.336636879999999694e-01,1.160000000000000064e-07,2.434977999999999969e-03,7.636149000000000062e-03,2.781358999999997139e-03,1.293692780000000042e-01,1.387182230000000016e-01,8.716234000000000481e-01,4.003215050000000219e-01,3.843018000000000128e-03,5.915000700000000444e-01,1.210184910000000058e-01,4.212795309999999849e-01,7.044017240000000069e-01,8.915734760000000314e-01,8.180765989999999599e-01,6.233284780000000191e-01
0.000000000000000000e+00,1.028621759999999996e-01,0.000000000000000000e+00,1.806459290000000106e-01,8.581032740000000825e-01,8.817790170000000538e-01,9.863512400000000457e-02,5.021239200000000152e-02,1.191797000000000082e-03,2.502279000000000048e-03,3.082000799999999943e-02,2.658728299999999975e-02,9.541118779999999688e-01,5.379163069999999269e-01,1.160000000000000064e-07,2.434977999999999969e-03,7.636149000000000062e-03,6.440059999999997453e-03,1.482036770000000059e-01,1.353636260000000147e-01,8.716234000000000481e-01,4.003215050000000219e-01,3.843018000000000128e-03,5.915000700000000444e-01,1.210184910000000058e-01,4.212795309999999849e-01,7.044017240000000069e-01,8.915734760000000314e-01,8.180765989999999599e-01,6.233284780000000191e-01
0.000000000000000000e+00,1.002932980000000029e-01,0.000000000000000000e+00,1.995442290000000174e-01,8.372130000000000960e-01,8.817790170000000538e-01,9.863512400000000457e-02,5.021239200000000152e-02,1.191797000000000082e-03,2.502279000000000048e-03,3.082000799999999943e-02,1.083219399999999985e-02,9.792190729999999954e-01,5.332211909999999833e-01,1.160000000000000064e-07,2.434977999999999969e-03,7.636149000000000062e-03,1.548895399999999922e-02,1.487514179999999964e-01,1.545246120000000056e-01,8.716234000000000481e-01,4.003215050000000219e-01,3.843018000000000128e-03,5.915000700000000444e-01,1.210184910000000058e-01,4.212795309999999849e-01,7.044017240000000069e-01,8.915734760000000314e-01,8.180765989999999599e-01,6.233284780000000191e-01
0.000000000000000000e+00,9.110180600000000739e-02,0.000000000000000000e+00,1.755692880000000178e-01,8.411052790000000945e-01,8.817790170000000538e-01,9.863512400000000457e-02,5.021239200000000152e-02,1.191797000000000082e-03,2.502279000000000048e-03,3.082000799999999943e-02,2.524718299999999943e-02,9.804937989999999992e-01,5.498576539999999735e-01,1.160000000000000064e-07,2.434977999999999969e-03,7.636149000000000062e-03,1.403743899999999878e-02,1.315477160000000090e-01,1.435792730000000073e-01,8.716234000000000481e-01,4.003215050000000219e-01,3.843018000000000128e-03,5.915000700000000444e-01,1.210184910000000058e-01,4.212795309999999849e-01,7.044017240000000069e-01,8.915734760000000314e-01,8.180765989999999599e-01,6.233284780000000191e-01
0.000000000000000000e+00,1.010759740000000129e-01,0.000000000000000000e+00,1.763061550000000199e-01,8.386983940000000137e-01,8.817790170000000538e-01,9.863512400000000457e-02,5.021239200000000152e-02,1.191797000000000082e-03,2.502279000000000048e-03,3.082000799999999943e-02,2.919913000000000022e-02,9.754152520000000104e-01,5.396579529999999680e-01,1.160000000000000064e-07,2.434977999999999969e-03,7.636149000000000062e-03,2.400210599999999528e-02,1.273837509999999895e-01,1.571683350000000201e-01,8.716234000000000481e-01,4.003215050000000219e-01,3.843018000000000128e-03,5.915000700000000444e-01,1.210184910000000058e-01,4.212795309999999849e-01,7.044017240000000069e-01,8.915734760000000314e-01,8.180765989999999599e-01,6.233284780000000191e-01
6.105848999999999999e-03,9.757162099999999727e-02,0.000000000000000000e+00,1.747260449999999965e-01,8.329206160000000025e-01,8.817790170000000538e-01,9.863512400000000457e-02,5.021239200000000152e-02,1.191797000000000082e-03,2.502279000000000048e-03,3.082000799999999943e-02,7.932232999999996870e-03,9.646355199999999686e-01,5.232324409999999926e-01,1.160000000000000064e-07,2.434977999999999969e-03,7.636149000000000062e-03,1.916647499999999879e-02,1.344623520000000072e-01,1.560624010000000172e-01,8.716234000000000481e-01,4.003215050000000219e-01,3.843018000000000128e-03,5.915000700000000444e-01,1.210184910000000058e-01,4.212795309999999849e-01,7.044017240000000069e-01,8.915734760000000314e-01,8.180765989999999599e-01,6.233284780000000191e-01
0.000000000000000000e+00,8.174074000000000617e-02,0.000000000000000000e+00,1.848169410000000124e-01,8.542976700000000090e-01,8.817790170000000538e-01,9.863512400000000457e-02,5.021239200000000152e-02,1.191797000000000082e-03,2.502279000000000048e-03,3.082000799999999943e-02,8.536583000000000365e-03,9.561592620000000098e-01,5.357671360000000327e-01,1.160000000000000064e-07,2.434977999999999969e-03,7.636149000000000062e-03,1.743783099999999739e-02,1.490652279999999941e-01,1.452931259999999947e-01,8.716234000000000481e-01,4.003215050000000219e-01,3.843018000000000128e-03,5.915000700000000444e-01,1.210184910000000058e-01,4.212795309999999849e-01,7.044017240000000069e-01,8.915734760000000314e-01,8.180765989999999599e-01,6.233284780000000191e-01
6.436239999999999323e-03,8.257846600000000314e-02,0.000000000000000000e+00,1.778298040000000080e-01,8.587074570000000628e-01,8.817790170000000538e-01,9.863512400000000457e-02,5.021239200000000152e-02,1.191797000000000082e-03,2.502279000000000048e-03,3.082000799999999943e-02,4.166153999999998303e-03,9.703964120000000415e-01,5.231959229999999517e-01,1.160000000000000064e-07,2.434977999999999969e-03,7.636149000000000062e-03,2.591637899999999634e-02,1.393175510000000117e-01,1.546860150000000100e-01,8.716234000000000481e-01,4.003215050000000219e-01,3.843018000000000128e-03,5.915000700000000444e-01,1.210184910000000058e-01,4.212795309999999849e-01,7.044017240000000069e-01,8.915734760000000314e-01,8.180765989999999599e-01,6.233284780000000191e-01
4.738507999999998915e-03,9.343829600000000402e-02,0.000000000000000000e+00,1.898067350000000042e-01,8.322751080000000412e-01,8.817790170000000538e-01,9.863512400000000457e-02,5.021239200000000152e-02,1.191797000000000082e-03,2.502279000000000048e-03,3.082000799999999943e-02,2.141312000000000076e-02,9.654941540000000488e-01,5.427848960000000167e-01,1.160000000000000064e-07,2.434977999999999969e-03,7.636149000000000062e-03,2.241691799999999749e-02,1.267963340000000105e-01,1.407127080000000197e-01,8.716234000000000481e-01,4.003215050000000219e-01,3.843018000000000128e-03,5.915000700000000444e-01,1.210184910000000058e-01,4.212795309999999849e-01,7.044017240000000069e-01,8.915734760000000314e-01,8.180765989999999599e-01,6.233284780000000191e-01
0.000000000000000000e+00,1.053754270000000076e-01,0.000000000000000000e+00,1.844086060000000027e-01,8.496796149999999992e-01,8.817790170000000538e-01,9.863512400000000457e-02,5.021239200000000152e-02,1.191797000000000082e-03,2.502279000000000048e-03,3.082000799999999943e-02,1.525914000000003212e-03,9.590486890000000653e-01,5.413316889999999493e-01,1.160000000000000064e-07,2.434977999999999969e-03,7.636149000000000062e-03,2.193393699999999710e-02,1.450724079999999860e-01,1.331336989999999942e-01,8.716234000000000481e-01,4.003215050000000219e-01,3.843018000000000128e-03,5.915000700000000444e-01,1.210184910000000058e-01,4.212795309999999849e-01,7.044017240000000069e-01,8.915734760000000314e-01,8.180765989999999599e-01,6.233284780000000191e-01
0.000000000000000000e+00,9.347521699999999933e-02,0.000000000000000000e+00,1.839999949999999995e-01,8.516576300000000543e-01,8.817790170000000538e-01,9.863512400000000457e-02,5.021239200000000152e-02,1.191797000000000082e-03,2.502279000000000048e-03,3.082000799999999943e-02,1.333398300000000064e-02,9.710011000000000614e-01,5.211971619999999916e-01,1.160000000000000064e-07,2.434977999999999969e-03,7.636149000000000062e-03,0.000000000000000000e+00,1.230618390000000062e-01,1.461329320000000209e-01,8.716234000000000481e-01,4.003215050000000219e-01,3.843018000000000128e-03,5.915000700000000444e-01,1.210184910000000058e-01,4.212795309999999849e-01,7.044017240000000069e-01,8.915734760000000314e-01,8.180765989999999599e-01,6.233284780000000191e-01
0.000000000000000000e+00,8.455216500000001245e-02,0.000000000000000000e+00,1.936188070000000039e-01,8.499449709999999936e-01,8.817790170000000538e-01,9.863512400000000457e-02,5.021239200000000152e-02,1.191797000000000082e-03,2.502279000000000048e-03,3.082000799999999943e-02,2.651251799999999881e-02,9.618508270000000193e-01,5.322041979999999617e-01,1.160000000000000064e-07,2.434977999999999969e-03,7.636149000000000062e-03,2.048173599999999692e-02,1.290911829999999982e-01,1.384612210000000232e-01,8.716234000000000481e-01,4.003215050000000219e-01,3.843018000000000128e-03,5.915000700000000444e-01,1.210184910000000058e-01,4.212795309999999849e-01,7.044017240000000069e-01,8.915734760000000314e-01,8.180765989999999599e-01,6.233284780000000191e-01
0.000000000000000000e+00,1.069753060000000061e-01,0.000000000000000000e+00,2.029984280000000085e-01,8.556945350000000339e-01,8.817790170000000538e-01,9.863512400000000457e-02,5.021239200000000152e-02,1.191797000000000082e-03,2.502279000000000048e-03,3.082000799999999943e-02,1.025810599999999947e-02,9.768469760000000335e-01,5.437845620000000268e-01,1.160000000000000064e-07,2.434977999999999969e-03,7.636149000000000062e-03,4.209722999999998549e-03,1.250334700000000077e-01,1.495966590000000207e-01,8.716234000000000481e-01,4.003215050000000219e-01,3.843018000000000128e-03,5.915000700000000444e-01,1.210184910000000058e-01,4.212795309999999849e-01,7.044017240000000069e-01,8.915734760000000314e-01,8.180765989999999599e-01,6.233284780000000191e-01
3.334135000000000223e-03,1.038544789999999995e-01,0.000000000000000000e+00,1.929112680000000246e-01,8.384045120000001017e-01,8.817790170000000538e-01,9.863512400000000457e-02,5.021239200000000152e-02,1.191797000000000082e-03,2.502279000000000048e-03,3.082000799999999943e-02,1.488018099999999927e-02,9.820844570000000218e-01,5.452022539999999973e-01,1.160000000000000064e-07,2.434977999999999969e-03,7.636149000000000062e-03,1.849795399999999701e-02,1.247483289999999911e-01,1.558048710000000114e-01,8.716234000000000481e-01,4.003215050000000219e-01,3.843018000000000128e-03,5.915000700000000444e-01,1.210184910000000058e-01,4.212795309999999849e-01,7.044017240000000069e-01,8.915734760000000314e-01,8.180765989999999599e-01,6.233284780000000191e-01
0.000000000000000000e+00,8.998353900000000127e-02,0.000000000000000000e+00,2.033253120000000080e-01,8.450065420000000271e-01,8.817790170000000538e-01,9.863512400000000457e-02,5.021239200000000152e-02,1.191797000000000082e-03,2.502279000000000048e-03,3.082000799999999943e-02,8.880761000000000904e-03,9.648305780000000498e-01,5.248464990000000219e-01,1.160000000000000064e-07,2.434977999999999969e-03,7.636149000000000062e-03,0.000000000000000000e+00,1.292554449999999966e-01,1.356697890000000128e-01,8.716234000000000481e-01,4.003215050000000219e-01,3.843018000000000128e-03,5.915000700000000444e-01,1.210184910000000058e-01,4.212795309999999849e-01,7.044017240000000069e-01,8.915734760000000314e-01,8.180765989999999599e-01,6.233284780000000191e-01
0.000000000000000000e+00,1.062595679999999987e-01,0.000000000000000000e+00,1.884709050000000219e-01,8.343295150000000771e-01,8.817790170000000538e-01,9.863512400000000457e-02,5.021239200000000152e-02,1.191797000000000082e-03,2.502279000000000048e-03,3.082000799999999943e-02,5.919540000000000912e-03,9.567988219999999933e-01,5.221132729999999889e-01,1.160000000000000064e-07,2.434977999999999969e-03,7.636149000000000062e-03,2.177194999999999825e-02,1.401712579999999930e-01,1.337471650000000012e-01,8.716234000000000481e-01,4.003215050000000219e-01,3.843018000000000128e-03,5.915000700000000444e-01,1.210184910000000058e-01,4.212795309999999849e-01,7.044017240000000069e-01,8.915734760000000314e-01,8.180765989999999599e-01,6.233284780000000191e-01
5.967914999999998985e-03,1.041256940000000047e-01,0.000000000000000000e+00,1.983045160000000140e-01,8.430364300000000588e-01,8.817790170000000538e-01,9.863512400000000457e-02,5.021239200000000152e-02,1.191797000000000082e-03,2.502279000000000048e-03,3.082000799999999943e-02,2.995824999999999877e-02,9.744013460000000570e-01,5.284758139999999882e-01,1.160000000000000064e-07,2.434977999999999969e-03,7.636149000000000062e-03,7.935457999999999401e-03,1.255683489999999958e-01,1.505376040000000193e-01,8.716234000000000481e-01,4.003215050000000219e-01,3.843018000000000128e-03,5.915000700000000444e-01,1.210184910000000058e-01,4.212795309999999849e-01,7.044017240000000069e-01,8.915734760000000314e-01,8.180765989999999599e-01,6.233284780000000191e-01
0.000000000000000000e+00,1.101004140000000076e-01,0.000000000000000000e+00,1.956910860000000141e-01,8.467675860000000165e-01,8.817790170000000538e-01,9.863512400000000457e-02,5.021239200000000152e-02,1.191797000000000082e-03,2.502279000000000048e-03,3.082000799999999943e-02,5.285281000000002782e-03,9.809927670000000433e-01,5.245217039999999775e-01,1.160000000000000064e-07,2.434977999999999969e-03,7.636149000000000062e-03,2.000419499999999892e-02,1.353231059999999986e-01,1.564621010000000201e-01,8.716234000000000481e-01,4.003215050000000219e-01,3.843018000000000128e-03,5.915000700000000444e-01,1.210184910000000058e-01,4.212795309999999849e-01,7.044017240000000069e-01,8.915734760000000314e-01,8.180765989999999599e-01,6.233284780000000191e-01
0.000000000000000000e+00,1.030685960000000123e-01,0.000000000000000000e+00,1.986589170000000182e-01,8.522184420000000760e-01,8.817790170000000538e-01,9.863512400000000457e-02,5.021239200000000152e-02,1.191797000000000082e-03,2.502279000000000048e-03,3.082000799999999943e-02,1.878027499999999905e-02,9.733807610000000388e-01,5.467508079999999770e-01,1.160000000000000064e-07,2.434977999999999969e-03,7.636149000000000062e-03,0.000000000000000000e+00,1.325222739999999955e-01,1.539403950000000076e-01,8.716234000000000481e-01,4.003215050000000219e-01,3.843018000000000128e-03,5.915000700000000444e-01,1.210184910000000058e-01,4.212795309999999849e-01,7.044017240000000069e-01,8.915734760000000314e-01,8.180765989999999599e-01,6.233284780000000191e-01
0.000000000000000000e+00,8.396730400000000649e-02,0.000000000000000000e+00,1.920219910000000030e-01,8.440753840000000396e-01,8.817790170000000538e-01,9.863512400000000457e-02,5.021239200000000152e-02,1.191797000000000082e-03,2.502279000000000048e-03,3.082000799999999943e-02,1.909614299999999945e-02,9.583235640000000721e-01,5.453703979999999785e-01,1.160000000000000064e-07,2.434977999999999969e-03,7.636149000000000062e-03,2.160599999999970877e-04,1.446759579999999934e-01,1.381789910000000010e-01,8.716234000000000481e-01,4.003215050000000219e-01,3.843018000000000128e-03,5.915000700000000444e-01,1.210184910000000058e-01,4.212795309999999849e-01,7.044017240000000069e-01,8.915734760000000314e-01,8.180765989999999599e-01,6.233284780000000191e-01
1.652129999999998183e-03,1.006956999999999991e-01,0.000000000000000000e+00,1.763873060000000215e-01,8.402626440000000585e-01,8.817790170000000538e-01,9.863512400000000457e-02,5.021239200000000152e-02,1.191797000000000082e-03,2.502279000000000048e-03,3.082000799999999943e-02,1.545619800000000085e-02,9.642474669999999692e-01,5.269686239999999966e-01,1.160000000000000064e-07,2.434977999999999969e-03,7.636149000000000062e-03,1.385233999999999771e-02,1.479914910000000028e-01,1.392994560000000159e-01,8.716234000000000481e-01,4.003215050000000219e-01,3.843018000000000128e-03,5.915000700000000444e-01,1.210184910000000058e-01,4.212795309999999849e-01,7.044017240000000069e-01,8.915734760000000314e-01,8.180765989999999599e-01,6.233284780000000191e-01
2.808839999999986070e-04,8.426717200000000130e-02,0.000000000000000000e+00,1.847294869999999978e-01,8.525280960000000130e-01,8.817790170000000538e-01,9.863512400000000457e-02,5.021239200000000152e-02,1.191797000000000082e-03,2.502279000000000048e-03,3.082000799999999943e-02,2.397343600000000075e-02,9.573800880000000735e-01,5.341579469999999663e-01,1.160000000000000064e-07,2.434977999999999969e-03,7.636149000000000062e-03,2.273583899999999727e-02,1.409687119999999960e-01,1.315454060000000036e-01,8.716234000000000481e-01,4.003215050000000219e-01,3.843018000000000128e-03,5.915000700000000444e-01,1.210184910000000058e-01,4.212795309999999849e-01,7.044017240000000069e-01,8.915734760000000314e-01,8.180765989999999599e-01,6.233284780000000191e-01
0.000000000000000000e+00,8.461988700000000474e-02,0.000000000000000000e+00,1.867552729999999994e-01,8.334205430000000137e-01,8.817790170000000538e-01,9.863512400000000457e-02,5.021239200000000152e-02,1.191797000000000082e-03,2.502279000000000048e-03,3.082000799999999943e-02,1.080897899999999981e-02,9.536098459999999832e-01,5.323645230000000339e-01,1.160000000000000064e-07,2.434977999999999969e-03,7.636149000000000062e-03,2.220833799999999761e-02,1.278255030000000070e-01,1.405323960000000039e-01,8.716234000000000481e-01,4.003215050000000219e-01,3.843018000000000128e-03,5.915000700000000444e-01,1.210184910000000058e-01,4.212795309999999849e-01,7.044017240000000069e-01,8.915734760000000314e-01,8.180765989999999599e-01,6.233284780000000191e-01
0.000000000000000000e+00,9.555095500000000686e-02,0.000000000000000000e+00,1.938143449999999990e-01,8.341487600000000446e-01,8.817790170000000538e-01,9.863512400000000457e-02,5.021239200000000152e-02,1.191797000000000082e-03,2.502279000000000048e-03,3.082000799999999943e-02,2.970249800000000079e-02,9.649837639999999661e-01,5.385381949999999973e-01,1.160000000000000064e-07,2.434977999999999969e-03,7.636149000000000062e-03,1.098243499999999873e-02,1.275333849999999991e-01,1.498078740000000075e-01,8.716234000000000481e-01,4.003215050000000219e-01,3.843018000000000128e-03,5.915000700000000444e-01,1.210184910000000058e-01,4.212795309999999849e-01,7.044017240000000069e-01,8.915734760000000314e-01,8.180765989999999599e-01,6.233284780000000191e-01
0.000000000000000000e+00,1.089289300000000071e-01,0.000000000000000000e+00,1.736704300000000145e-01,8.463825710000000280e-01,8.817790170000000538e-01,9.863512400000000457e-02,5.021239200000000152e-02,1.191797000000000082e-03,2.502279000000000048e-03,3.082000799999999943e-02,1.623592700000000069e-02,9.819251970000000274e-01,5.266805869999999778e-01,1.160000000000000064e-07,2.434977999999999969e-03,7.636149000000000062e-03,6.208494999999997904e-03,1.445197689999999924e-01,1.518986040000000204e-01,8.716234000000000481e-01,4.003215050000000219e-01,3.843018000000000128e-03,5.915000700000000444e-01,1.210184910000000058e-01,4.212795309999999849e-01,7.044017240000000069e-01,8.915734760000000314e-01,8.180765989999999599e-01,6.233284780000000191e-01
0.000000000000000000e+00,8.517639500000000197e-02,0.000000000000000000e+00,1.856410240000000156e-01,8.554706200000000704e-01,8.817790170000000538e-01,9.863512400000000457e-02,5.021239200000000152e-02,1.191797000000000082e-03,2.502279000000000048e-03,3.082000799999999943e-02,2.798205999999997529e-03,9.746543910000000643e-01,5.312954490000000307e-01,1.160000000000000064e-07,2.434977999999999969e-03,7.636149000000000062e-03,2.530254499999999573e-02,1.286755769999999854e-01,1.407697050000000227e-01,8.716234000000000481e-01,4.003215050000000219e-01,3.843018000000000128e-03,5.915000700000000444e-01,1.210184910000000058e-01,4.212795309999999849e-01,7.044017240000000069e-01,8.915734760000000314e-01,8.180765989999999599e-01,6.233284780000000191e-01
0.000000000000000000e+00,9.680989200000000849e-02,0.000000000000000000e+00,1.940960740000000073e-01,8.563841410000000431e-01,8.817790170000000538e-01,9.863512400000000457e-02,5.021239200000000152e-02,1.191797000000000082e-03,2.502279000000000048e-03,3.082000799999999943e-02,1.645427000000000001e-02,9.785496060000000718e-01,5.267699849999999406e-01,1.160000000000000064e-07,2.434977999999999969e-03,7.636149000000000062e-03,2.323461799999999855e-02,1.347903810000000147e-01,1.398200790000000138e-01,8.716234000000000481e-01,4.003215050000000219e-01,3.843018000000000128e-03,5.915000700000000444e-01,1.210184910000000058e-01,4.212795309999999849e-01,7.044017240000000069e-01,8.915734760000000314e-01,8.180765989999999599e-01,6.233284780000000191e-01
0.000000000000000000e+00,9.291701300000000663e-02,0.000000000000000000e+00,1.840623220000000004e-01,8.537970530000000835e-01,8.817790170000000538e-01,9.863512400000000457e-02,5.021239200000000152e-02,1.191797000000000082e-03,2.502279000000000048e-03,3.082000799999999943e-02,1.608455599999999985e-02,9.644665810000000450e-01,5.366752240000000063e-01,1.160000000000000064e-07,2.434977999999999969e-03,7.636149000000000062e-03,2.499817899999999538e-02,1.223356369999999971e-01,1.358271590000000029e-01,8.716234000000000481e-01,4.003215050000000219e-01,3.843018000000000128e-03,5.915000700000000444e-01,1.210184910000000058e-01,4.212795309999999849e-01,7.044017240000000069e-01,8.915734760000000314e-01,8.180765989999999599e-01,6.233284780000000191e-01
0.000000000000000000e+00,1.109544429999999998e-01,0.000000000000000000e+00,1.880667099999999980e-01,8.586022739999999986e-01,8.817790170000000538e-01,9.863512400000000457e-02,5.021239200000000152e-02,1.191797000000000082e-03,2.502279000000000048e-03,3.082000799999999943e-02,1.849666900000000030e-02,9.621803490000000458e-01,5.481855249999999513e-01,1.160000000000000064e-07,2.434977999999999969e-03,7.636149000000000062e-03,7.251876999999996853e-03,1.351628850000000104e-01,1.486235490000000214e-01,8.716234000000000481e-01,4.003215050000000219e-01,3.843018000000000128e-03,5.915000700000000444e-01,1.210184910000000058e-01,4.212795309999999849e-01,7.044017240000000069e-01,8.915734760000000314e-01,8.180765989999999599e-01,6.233284780000000191e-01
0.000000000000000000e+00,9.462692400000000115e-02,0.000000000000000000e+00,1.771273120000000090e-01,8.335718100000000241e-01,8.817790170000000538e-01,9.863512400000000457e-02,5.021239200000000152e-02,1.191797000000000082e-03,2.502279000000000048e-03,3.082000799999999943e-02,3.042643299999999926e-02,9.546446290000000223e-01,5.433634010000000236e-01,1.160000000000000064e-07,2.434977999999999969e-03,7.636149000000000062e-03,9.352528999999998316e-03,1.205017089999999985e-01,1.578789160000000080e-01,8.716234000000000481e-01,4.003215050000000219e-01,3.843018000000000128e-03,5.915000700000000444e-01,1.210184910000000058e-01,4.212795309999999849e-01,7.044017240000000069e-01,8.915734760000000314e-01,8.180765989999999599e-01,6.233284780000000191e-01
0.000000000000000000e+00,1.107866080000000086e-01,0.000000000000000000e+00,1.975790810000000175e-01,8.514844020000000846e-01,8.817790170000000538e-01,9.863512400000000457e-02,5.021239200000000152e-02,1.191797000000000082e-03,2.502279000000000048e-03,3.082000799999999943e-02,6.661656000000001909e-03,9.722540229999999672e-01,5.253396419999999400e-01,1.160000000000000064e-07,2.434977999999999969e-03,7.636149000000000062e-03,9.297789999999996752e-03,1.396163589999999954e-01,1.607212890000000172e-01,8.716234000000000481e-01,4.003215050000000219e-01,3.843018000000000128e-03,5.915000700000000444e-01,1.210184910000000058e-01,4.212795309999999849e-01,7.044017240000000069e-01,8.915734760000000314e-01,8.180765989999999599e-01,6.233284780000000191e-01
0.000000000000000000e+00,9.099844400000001166e-02,0.000000000000000000e+00,1.994691140000000029e-01,8.519852880000000628e-01,8.817790170000000538e-01,9.863512400000000457e-02,5.021239200000000152e-02,1.191797000000000082e-03,2.502279000000000048e-03,3.082000799999999943e-02,2.821342400000000084e-02,9.579897090000000226e-01,5.234683919999999491e-01,1.160000000000000064e-07,2.434977999999999969e-03,7.636149000000000062e-03,0.000000000000000000e+00,1.285827439999999988e-01,1.432672080000000070e-01,8.716234000000000481e-01,4.003215050000000219e-01,3.843018000000000128e-03,5.915000700000000444e-01,1.210184910000000058e-01,4.212795309999999849e-01,7.044017240000000069e-01,8.915734760000000314e-01,8.180765989999999599e-01,6.233284780000000191e-01
0.000000000000000000e+00,8.913481800000000455e-02,0.000000000000000000e+00,2.019795260000000203e-01,8.491219830000000801e-01,8.817790170000000538e-01,9.863512400000000457e-02,5.021239200000000152e-02,1.191797000000000082e-03,2.502279000000000048e-03,3.082000799999999943e-02,1.533526400000000123e-02,9.798312620000000361e-01,5.383358480000000057e-01,1.160000000000000064e-07,2.434977999999999969e-03,7.636149000000000062e-03,9.132553999999997590e-03,1.413464500000000124e-01,1.459300510000000051e-01,8.716234000000000481e-01,4.003215050000000219e-01,3.843018000000000128e-03,5.915000700000000444e-01,1.210184910000000058e-01,4.212795309999999849e-01,7.044017240000000069e-01,8.915734760000000314e-01,8.180765989999999599e-01,6.233284780000000191e-01
0.000000000000000000e+00,1.037415020000000132e-01,0.000000000000000000e+00,1.932181599999999999e-01,8.526895150000000090e-01,8.817790170000000538e-01,9.863512400000000457e-02,5.021239200000000152e-02,1.191797000000000082e-03,2.502279000000000048e-03,3.082000799999999943e-02,2.580399400000000024e-02,9.720190589999999631e-01,5.484490349999999736e-01,1.160000000000000064e-07,2.434977999999999969e-03,7.636149000000000062e-03,3.770683999999996372e-03,1.364690329999999896e-01,1.519425070000000044e-01,8.716234000000000481e-01,4.003215050000000219e-01,3.843018000000000128e-03,5.915000700000000444e-01,1.210184910000000058e-01,4.212795309999999849e-01,7.044017240000000069e-01,8.915734760000000314e-01,8.180765989999999599e-01,6.233284780000000191e-01
5.414195000000000119e-03,8.770607199999999604e-02,0.000000000000000000e+00,1.946597490000000208e-01,8.478596500000000757e-01,8.817790170000000538e-01,9.863512400000000457e-02,5.021239200000000152e-02,1.191797000000000082e-03,2.502279000000000048e-03,3.082000799999999943e-02,2.585396400000000011e-02,9.539847730000000636e-01,5.497499919999999651e-01,1.160000000000000064e-07,2.434977999999999969e-03,7.636149000000000062e-03,1.143335499999999921e-02,1.493171259999999945e-01,1.334567450000000155e-01,8.716234000000000481e-01,4.003215050000000219e-01,3.843018000000000128e-03,5.915000700000000444e-01,1.210184910000000058e-01,4.212795309999999849e-01,7.044017240000000069e-01,8.915734760000000314e-01,8.180765989999999599e-01,6.233284780000000191e-01
2.417601999999999599e-03,9.875187800000000127e-02,0.000000000000000000e+00,2.024003780000000197e-01,8.318805130000000991e-01,8.817790170000000538e-01,9.863512400000000457e-02,5.021239200000000152e-02,1.191797000000000082e-03,2.502279000000000048e-03,3.082000799999999943e-02,2.251325300000000043e-02,9.691553400000000318e-01,5.393388689999999430e-01,1.160000000000000064e-07,2.434977999999999969e-03,7.636149000000000062e-03,0.000000000000000000e+00,1.377999179999999935e-01,1.431555860000000013e-01,8.716234000000000481e-01,4.003215050000000219e-01,3.843018000000000128e-03,5.915000700000000444e-01,1.210184910000000058e-01,4.212795309999999849e-01,7.044017240000000069e-01,8.915734760000000314e-01,8.180765989999999599e-01,6.233284780000000191e-01
0.000000000000000000e+00,9.257920199999999933e-02,0.000000000000000000e+00,1.863712819999999992e-01,8.314189490000000182e-01,8.817790170000000538e-01,9.863512400000000457e-02,5.021239200000000152e-02,1.191797000000000082e-03,2.502279000000000048e-03,3.082000799999999943e-02,2.475721999999999992e-02,9.635406770000000121e-01,5.373851560000000305e-01,1.160000000000000064e-07,2.434977999999999969e-03,7.636149000000000062e-03,1.454682299999999692e-02,1.474772530000000026e-01,1.609676650000000098e-01,8.716234000000000481e-01,4.003215050000000219e-01,3.843018000000000128e-03,5.915000700000000444e-01,1.210184910000000058e-01,4.212795309999999849e-01,7.044017240000000069e-01,8.915734760000000314e-01,8.180765989999999599e-01,6.233284780000000191e-01
4.175109999999999238e-03,9.521370600000000906e-02,0.000000000000000000e+00,1.943557730000000094e-01,8.535735850000000235e-01,8.817790170000000538e-01,9.863512400000000457e-02,5.021239200000000152e-02,1.191797000000000082e-03,2.502279000000000048e-03,3.082000799999999943e-02,1.650335500000000080e-02,9.543565880000000057e-01,5.219155340000000143e-01,1.160000000000000064e-07,2.434977999999999969e-03,7.636149000000000062e-03,2.526999199999999807e-02,1.382997320000000085e-01,1.604701560000000027e-01,8.716234000000000481e-01,4.003215050000000219e-01,3.843018000000000128e-03,5.915000700000000444e-01,1.210184910000000058e-01,4.212795309999999849e-01,7.044017240000000069e-01,8.915734760000000314e-01,8.180765989999999599e-01,6.233284780000000191e-01
0.000000000000000000e+00,8.494596600000001163e-02,0.000000000000000000e+00,1.828652570000000033e-01,8.520744310000000210e-01,8.817790170000000538e-01,9.863512400000000457e-02,5.021239200000000152e-02,1.191797000000000082e-03,2.502279000000000048e-03,3.082000799999999943e-02,5.516789000000001109e-03,9.743472210000000411e-01,5.459537580000000112e-01,1.160000000000000064e-07,2.434977999999999969e-03,7.636149000000000062e-03,1.247639399999999829e-02,1.368900989999999873e-01,1.439172920000000022e-01,8.716234000000000481e-01,4.003215050000000219e-01,3.843018000000000128e-03,5.915000700000000444e-01,1.210184910000000058e-01,4.212795309999999849e-01,7.044017240000000069e-01,8.915734760000000314e-01,8.180765989999999599e-01,6.233284780000000191e-01
0.000000000000000000e+00,1.008121790000000018e-01,0.000000000000000000e+00,2.010895129999999975e-01,8.376576730000000470e-01,8.817790170000000538e-01,9.863512400000000457e-02,5.021239200000000152e-02,1.191797000000000082e-03,2.502279000000000048e-03,3.082000799999999943e-02,2.273676399999999959e-02,9.820523349999999985e-01,5.490332540000000261e-01,1.160000000000000064e-07,2.434977999999999969e-03,7.636149000000000062e-03,4.985914000000001012e-03,1.433519269999999901e-01,1.511907420000000168e-01,8.716234000000000481e-01,4.003215050000000219e-01,3.843018000000000128e-03,5.915000700000000444e-01,1.210184910000000058e-01,4.212795309999999849e-01,7.044017240000000069e-01,8.915734760000000314e-01,8.180765989999999599e-01,6.233284780000000191e-01
2.674081999999999501e-03,1.011690050000000063e-01,0.000000000000000000e+00,1.737160179999999998e-01,8.324588649999999923e-01,8.817790170000000538e-01,9.863512400000000457e-02,5.021239200000000152e-02,1.191797000000000082e-03,2.502279000000000048e-03,3.082000799999999943e-02,3.459421999999996722e-03,9.602113340000000274e-01,5.215700279999999633e-01,1.160000000000000064e-07,2.434977999999999969e-03,7.636149000000000062e-03,4.727457999999996885e-03,1.400516400000000050e-01,1.514241110000000001e-01,8.716234000000000481e-01,4.003215050000000219e-01,3.843018000000000128e-03,5.915000700000000444e-01,1.210184910000000058e-01,4.212795309999999849e-01,7.044017240000000069e-01,8.915734760000000314e-01,8.180765989999999599e-01,6.233284780000000191e-01
0.000000000000000000e+00,8.446742400000001316e-02,0.000000000000000000e+00,2.006772039999999979e-01,8.407833940000000172e-01,8.817790170000000538e-01,9.863512400000000457e-02,5.021239200000000152e-02,1.191797000000000082e-03,2.502279000000000048e-03,3.082000799999999943e-02,8.898416999999998744e-03,9.655256119999999775e-01,5.488508169999999353e-01,1.160000000000000064e-07,2.434977999999999969e-03,7.636149000000000062e-03,2.363340099999999833e-02,1.207548079999999913e-01,1.432924730000000035e-01,8.716234000000000481e-01,4.003215050000000219e-01,3.843018000000000128e-03,5.915000700000000444e-01,1.210184910000000058e-01,4.212795309999999849e-01,7.044017240000000069e-01,8.915734760000000314e-01,8.180765989999999599e-01,6.233284780000000191e-01
0.000000000000000000e+00,1.071856320000000029e-01,0.000000000000000000e+00,2.016861370000000153e-01,8.548571350000000457e-01,8.817790170000000538e-01,9.863512400000000457e-02,5.021239200000000152e-02,1.191797000000000082e-03,2.502279000000000048e-03,3.082000799999999943e-02,1.578000499999999973e-02,9.683714030000000195e-01,5.448046359999999533e-01,1.160000000000000064e-07,2.434977999999999969e-03,7.636149000000000062e-03,3.553629999999995126e-03,1.406318950000000068e-01,1.554973320000000159e-01,8.716234000000000481e-01,4.003215050000000219e-01,3.843018000000000128e-03,5.915000700000000444e-01,1.210184910000000058e-01,4.212795309999999849e-01,7.044017240000000069e-01,8.915734760000000314e-01,8.180765989999999599e-01,6.233284780000000191e-01
0.000000000000000000e+00,1.022528820000000033e-01,0.000000000000000000e+00,1.790379840000000111e-01,8.457808020000000537e-01,8.817790170000000538e-01,9.863512400000000457e-02,5.021239200000000152e-02,1.191797000000000082e-03,2.502279000000000048e-03,3.082000799999999943e-02,2.513568100000000000e-02,9.565545699999999929e-01,5.378523589999999466e-01,1.160000000000000064e-07,2.434977999999999969e-03,7.636149000000000062e-03,2.567569799999999680e-02,1.498686949999999962e-01,1.491807670000000197e-01,8.716234000000000481e-01,4.003215050000000219e-01,3.843018000000000128e-03,5.915000700000000444e-01,1.210184910000000058e-01,4.212795309999999849e-01,7.044017240000000069e-01,8.915734760000000314e-01,8.180765989999999599e-01,6.233284780000000191e-01
6.402151999999999496e-03,1.092478420000000117e-01,0.000000000000000000e+00,1.775041099999999927e-01,8.528710000000000457e-01,8.817790170000000538e-01,9.863512400000000457e-02,5.021239200000000152e-02,1.191797000000000082e-03,2.502279000000000048e-03,3.082000799999999943e-02,2.442567099999999949e-02,9.637234540000000349e-01,5.392492249999999432e-01,1.160000000000000064e-07,2.434977999999999969e-03,7.636149000000000062e-03,9.489027999999996577e-03,1.417875209999999997e-01,1.371014530000000120e-01,8.716234000000000481e-01,4.003215050000000219e-01,3.843018000000000128e-03,5.915000700000000444e-01,1.210184910000000058e-01,4.212795309999999849e-01,7.044017240000000069e-01,8.915734760000000314e-01,8.180765989999999599e-01,6.233284780000000191e-01
0.000000000000000000e+00,1.001049230000000123e-01,0.000000000000000000e+00,1.818469280000000188e-01,8.377439550000000956e-01,8.817790170000000538e-01,9.863512400000000457e-02,5.021239200000000152e-02,1.191797000000000082e-03,2.502279000000000048e-03,3.082000799999999943e-02,1.927240300000000045e-02,9.530478110000000225e-01,5.461646599999999685e-01,1.160000000000000064e-07,2.434977999999999969e-03,7.636149000000000062e-03,1.539285399999999748e-02,1.318763179999999924e-01,1.527777359999999973e-01,8.716234000000000481e-01,4.003215050000000219e-01,3.843018000000000128e-03,5.915000700000000444e-01,1.210184910000000058e-01,4.212795309999999849e-01,7.044017240000000069e-01,8.915734760000000314e-01,8.180765989999999599e-01,6.233284780000000191e-01
0.000000000000000000e+00,9.076053400000000382e-02,0.000000000000000000e+00,1.804184490000000085e-01,8.391640350000000304e-01,8.817790170000000538e-01,9.863512400000000457e-02,5.021239200000000152e-02,1.191797000000000082e-03,2.502279000000000048e-03,3.082000799999999943e-02,8.265422000000001435e-03,9.767433950000000698e-01,5.458647279999999657e-01,1.160000000000000064e-07,2.434977999999999969e-03,7.636149000000000062e-03,6.294748999999998790e-03,1.300745080000000053e-01,1.508280070000000139e-01,8.716234000000000481e-01,4.003215050000000219e-01,3.843018000000000128e-03,5.915000700000000444e-01,1.210184910000000058e-01,4.212795309999999849e-01,7.044017240000000069e-01,8.915734760000000314e-01,8.180765989999999599e-01,6.233284780000000191e-01
7.671756000000000061e-03,9.847769700000000292e-02,0.000000000000000000e+00,2.002957070000000173e-01,8.309856010000000737e-01,8.817790170000000538e-01,9.863512400000000457e-02,5.021239200000000152e-02,1.191797000000000082e-03,2.502279000000000048e-03,3.082000799999999943e-02,2.050427700000000131e-02,9.561010899999999868e-01,5.470184470000000188e-01,1.160000000000000064e-07,2.434977999999999969e-03,7.636149000000000062e-03,2.445716000000000556e-03,1.389565510000000115e-01,1.594137040000000172e-01,8.716234000000000481e-01,4.003215050000000219e-01,3.843018000000000128e-03,5.915000700000000444e-01,1.210184910000000058e-01,4.212795309999999849e-01,7.044017240000000069e-01,8.915734760000000314e-01,8.180765989999999599e-01,6.233284780000000191e-01
0.000000000000000000e+00,8.577864500000001446e-02,0.000000000000000000e+00,1.773990220000000173e-01,8.518584869999999976e-01,8.817790170000000538e-01,9.863512400000000457e-02,5.021239200000000152e-02,1.191797000000000082e-03,2.502279000000000048e-03,3.082000799999999943e-02,2.547779500000000100e-02,9.558904150000000488e-01,5.237426330000000130e-01,1.160000000000000064e-07,2.434977999999999969e-03,7.636149000000000062e-03,1.074291499999999872e-02,1.416282889999999905e-01,1.488777720000000193e-01,8.716234000000000481e-01,4.003215050000000219e-01,3.843018000000000128e-03,5.915000700000000444e-01,1.210184910000000058e-01,4.212795309999999849e-01,7.044017240000000069e-01,8.915734760000000314e-01,8.180765989999999599e-01,6.233284780000000191e-01
0.000000000000000000e+00,8.283599699999999455e-02,0.000000000000000000e+00,1.965369710000000048e-01,8.560618400000000738e-01,8.817790170000000538e-01,9.863512400000000457e-02,5.021239200000000152e-02,1.191797000000000082e-03,2.502279000000000048e-03,3.082000799999999943e-02,2.187336700000000120e-02,9.705117269999999907e-01,5.479331060000000031e-01,1.160000000000000064e-07,2.434977999999999969e-03,7.636149000000000062e-03,2.562836799999999859e-02,1.418834479999999953e-01,1.527156000000000069e-01,8.716234000000000481e-01,4.003215050000000219e-01,3.843018000000000128e-03,5.915000700000000444e-01,1.210184910000000058e-01,4.212795309999999849e-01,7.044017240000000069e-01,8.915734760000000314e-01,8.180765989999999599e-01,6.233284780000000191e-01
0.000000000000000000e+00,9.014105199999999929e-02,0.000000000000000000e+00,1.776346420000000093e-01,8.315748120000000521e-01,8.817790170000000538e-01,9.863512400000000457e-02,5.021239200000000152e-02,1.191797000000000082e-03,2.502279000000000048e-03,3.082000799999999943e-02,3.116045199999999821e-02,9.663476159999999648e-01,5.504106669999999646e-01,1.160000000000000064e-07,2.434977999999999969e-03,7.636149000000000062e-03,6.809312999999997396e-03,1.275965569999999993e-01,1.522595449999999961e-01,8.716234000000000481e-01,4.003215050000000219e-01,3.843018000000000128e-03,5.915000700000000444e-01,1.210184910000000058e-01,4.212795309999999849e-01,7.044017240000000069e-01,8.915734760000000314e-01,8.180765989999999599e-01,6.233284780000000191e-01
1.960962999999999595e-03,9.402074300000000384e-02,0.000000000000000000e+00,1.881115800000000005e-01,8.548009130000000511e-01,8.817790170000000538e-01,9.863512400000000457e-02,5.021239200000000152e-02,1.191797000000000082e-03,2.502279000000000048e-03,3.082000799999999943e-02,2.798457799999999954e-02,9.728982170000000096e-01,5.410267319999999547e-01,1.160000000000000064e-07,2.434977999999999969e-03,7.636149000000000062e-03,2.342568399999999523e-02,1.420275870000000107e-01,1.453659540000000194e-01,8.716234000000000481e-01,4.003215050000000219e-01,3.843018000000000128e-03,5.915000700000000444e-01,1.210184910000000058e-01,4.212795309999999849e-01,7.044017240000000069e-01,8.915734760000000314e-01,8.180765989999999599e-01,6.233284780000000191e-01
0.000000000000000000e+00,9.771907900000000036e-02,0.000000000000000000e+00,1.951922170000000012e-01,8.551560260000000691e-01,8.817790170000000538e-01,9.863512400000000457e-02,5.021239200000000152e-02,1.191797000000000082e-03,2.502279000000000048e-03,3.082000799999999943e-02,6.138139000000000789e-03,9.608599530000000444e-01,5.457102899999999313e-01,1.160000000000000064e-07,2.434977999999999969e-03,7.636149000000000062e-03,2.210383399999999582e-02,1.302712709999999940e-01,1.465441950000000160e-01,8.716234000000000481e-01,4.003215050000000219e-01,3.843018000000000128e-03,5.915000700000000444e-01,1.210184910000000058e-01,4.212795309999999849e-01,7.044017240000000069e-01,8.915734760000000314e-01,8.180765989999999599e-01,6.233284780000000191e-01
0.000000000000000000e+00,8.966208600000000195e-02,0.000000000000000000e+00,1.924703620000000059e-01,8.401459180000000471e-01,8.817790170000000538e-01,9.863512400000000457e-02,5.021239200000000152e-02,1.191797000000000082e-03,2.502279000000000048e-03,3.082000799999999943e-02,3.066043699999999872e-02,9.760218609999999906e-01,5.268239729999999454e-01,1.160000000000000064e-07,2.434977999999999969e-03,7.636149000000000062e-03,1.973246299999999870e-02,1.455574709999999938e-01,1.470231419999999956e-01,8.716234000000000481e-01,4.003215050000000219e-01,3.843018000000000128e-03,5.915000700000000444e-01,1.210184910000000058e-01,4.212795309999999849e-01,7.044017240000000069e-01,8.915734760000000314e-01,8.180765989999999599e-01,6.233284780000000191e-01
0.000000000000000000e+00,9.187119700000000166e-02,0.000000000000000000e+00,1.908571330000000121e-01,8.438011029999999968e-01,8.817790170000000538e-01,9.863512400000000457e-02,5.021239200000000152e-02,1.191797000000000082e-03,2.502279000000000048e-03,3.082000799999999943e-02,2.778512699999999974e-02,9.813860170000000549e-01,5.469487899999999625e-01,1.160000000000000064e-07,2.434977999999999969e-03,7.636149000000000062e-03,2.255433299999999586e-02,1.425823649999999887e-01,1.576842970000000010e-01,8.716234000000000481e-01,4.003215050000000219e-01,3.843018000000000128e-03,5.915000700000000444e-01,1.210184910000000058e-01,4.212795309999999849e-01,7.044017240000000069e-01,8.915734760000000314e-01,8.180765989999999599e-01,6.233284780000000191e-01
0.000000000000000000e+00,1.059440590000000071e-01,0.000000000000000000e+00,1.850294880000000197e-01,8.393533870000000618e-01,8.817790170000000538e-01,9.863512400000000457e-02,5.021239200000000152e-02,1.191797000000000082e-03,2.502279000000000048e-03,3.082000799999999943e-02,1.414545899999999912e-02,9.659929030000000694e-01,5.495158639999999650e-01,1.160000000000000064e-07,2.434977999999999969e-03,7.636149000000000062e-03,7.177030000000000909e-04,1.473882619999999921e-01,1.341544630000000016e-01,8.716234000000000481e-01,4.003215050000000219e-01,3.843018000000000128e-03,5.915000700000000444e-01,1.210184910000000058e-01,4.212795309999999849e-01,7.044017240000000069e-01,8.915734760000000314e-01,8.180765989999999599e-01,6.233284780000000191e-01
7.911948999999999718e-03,1.033594590000000008e-01,0.000000000000000000e+00,1.945531910000000142e-01,8.493283510000000369e-01,8.817790170000000538e-01,9.863512400000000457e-02,5.021239200000000152e-02,1.191797000000000082e-03,2.502279000000000048e-03,3.082000799999999943e-02,2.493170200000000003e-02,9.757476379999999727e-01,5.336341919999999517e-01,1.160000000000000064e-07,2.434977999999999969e-03,7.636149000000000062e-03,8.479350999999996086e-03,1.479200609999999916e-01,1.493229030000000068e-01,8.716234000000000481e-01,4.003215050000000219e-01,3.843018000000000128e-03,5.915000700000000444e-01,1.210184910000000058e-01,4.212795309999999849e-01,7.044017240000000069e-01,8.915734760000000314e-01,8.180765989999999599e-01,6.233284780000000191e-01
0.000000000000000000e+00,9.545286499999999785e-02,0.000000000000000000e+00,1.808754450000000236e-01,8.485984100000000252e-01,8.817790170000000538e-01,9.863512400000000457e-02,5.021239200000000152e-02,1.191797000000000082e-03,2.502279000000000048e-03,3.082000799999999943e-02,1.068214600000000000e-02,9.712388120000000624e-01,5.282011609999999191e-01,1.160000000000000064e-07,2.434977999999999969e-03,7.636149000000000062e-03,3.188925999999994709e-03,1.213631540000000009e-01,1.559105930000000140e-01,8.716234000000000481e-01,4.003215050000000219e-01,3.843018000000000128e-03,5.915000700000000444e-01,1.210184910000000058e-01,4.212795309999999849e-01,7.044017240000000069e-01,8.915734760000000314e-01,8.180765989999999599e-01,6.233284780000000191e-01
6.648981999999999462e-03,1.013726610000000028e-01,0.000000000000000000e+00,2.027580570000000193e-01,8.602374020000000954e-01,8.817790170000000538e-01,9.863512400000000457e-02,5.021239200000000152e-02,1.191797000000000082e-03,2.502279000000000048e-03,3.082000799999999943e-02,3.055390799999999768e-02,9.673143539999999874e-01,5.444847229999999483e-01,1.160000000000000064e-07,2.434977999999999969e-03,7.636149000000000062e-03,1.718343199999999849e-02,1.222634400000000010e-01,1.563112819999999958e-01,8.716234000000000481e-01,4.003215050000000219e-01,3.843018000000000128e-03,5.915000700000000444e-01,1.210184910000000058e-01,4.212795309999999849e-01,7.044017240000000069e-01,8.915734760000000314e-01,8.180765989999999599e-01,6.233284780000000191e-01
0.000000000000000000e+00,9.978565799999999930e-02,0.000000000000000000e+00,1.906144969999999939e-01,8.361999680000000712e-01,8.817790170000000538e-01,9.863512400000000457e-02,5.021239200000000152e-02,1.191797000000000082e-03,2.502279000000000048e-03,3.082000799999999943e-02,2.110610199999999811e-02,9.707323880000000571e-01,5.463576729999999326e-01,1.160000000000000064e-07,2.434977999999999969e-03,7.636149000000000062e-03,5.658113999999998811e-03,1.414012309999999883e-01,1.391502580000000266e-01,8.716234000000000481e-01,4.003215050000000219e-01,3.843018000000000128e-03,5.915000700000000444e-01,1.210184910000000058e-01,4.212795309999999849e-01,7.044017240000000069e-01,8.915734760000000314e-01,8.180765989999999599e-01,6.233284780000000191e-01
0.000000000000000000e+00,1.090693290000000065e-01,0.000000000000000000e+00,1.951157560000000013e-01,8.381588670000000851e-01,8.817790170000000538e-01,9.863512400000000457e-02,5.021239200000000152e-02,1.191797000000000082e-03,2.502279000000000048e-03,3.082000799999999943e-02,1.974896500000000027e-02,9.661280640000000641e-01,5.242036909999999716e-01,1.160000000000000064e-07,2.434977999999999969e-03,7.636149000000000062e-03,9.919539999999962832e-04,1.232281789999999932e-01,1.553980699999999993e-01,8.716234000000000481e-01,4.003215050000000219e-01,3.843018000000000128e-03,5.915000700000000444e-01,1.210184910000000058e-01,4.212795309999999849e-01,7.044017240000000069e-01,8.915734760000000314e-01,8.180765989999999599e-01,6.233284780000000191e-01
0.000000000000000000e+00,9.275442700000000040e-02,0.000000000000000000e+00,1.865954840000000059e-01,8.468711930000000221e-01,8.817790170000000538e-01,9.863512400000000457e-02,5.021239200000000152e-02,1.191797000000000082e-03,2.502279000000000048e-03,3.082000799999999943e-02,2.301954999999999973e-02,9.718008420000000536e-01,5.386054630000000065e-01,1.160000000000000064e-07,2.434977999999999969e-03,7.636149000000000062e-03,1.082976599999999762e-02,1.370465919999999949e-01,1.473547010000000046e-01,8.716234000000000481e-01,4.003215050000000219e-01,3.843018000000000128e-03,5.915000700000000444e-01,1.210184910000000058e-01,4.212795309999999849e-01,7.044017240000000069e-01,8.915734760000000314e-01,8.180765989999999599e-01,6.233284780000000191e-01
0.000000000000000000e+00,9.655987600000000282e-02,0.000000000000000000e+00,1.934877769999999997e-01,8.349751430000000862e-01,8.817790170000000538e-01,9.863512400000000457e-02,5.021239200000000152e-02,1.191797000000000082e-03,2.502279000000000048e-03,3.082000799999999943e-02,1.721107399999999982e-02,9.632718789999999975e-01,5.233936299999999431e-01,1.160000000000000064e-07,2.434977999999999969e-03,7.636149000000000062e-03,2.290942399999999768e-02,1.294912790000000147e-01,1.605712880000000065e-01,8.716234000000000481e-01,4.003215050000000219e-01,3.843018000000000128e-03,5.915000700000000444e-01,1.210184910000000058e-01,4.212795309999999849e-01,7.044017240000000069e-01,8.915734760000000314e-01,8.180765989999999599e-01,6.233284780000000191e-01
0.000000000000000000e+00,8.546016500000000460e-02,0.000000000000000000e+00,1.786875330000000095e-01,8.390809310000000298e-01,8.817790170000000538e-01,9.863512400000000457e-02,5.021239200000000152e-02,1.191797000000000082e-03,2.502279000000000048e-03,3.082000799999999943e-02,1.232051299999999822e-02,9.749093010000000614e-01,5.464327789999999796e-01,1.160000000000000064e-07,2.434977999999999969e-03,7.636149000000000062e-03,2.198086399999999579e-02,1.367224609999999896e-01,1.344052150000000223e-01,8.716234000000000481e-01,4.003215050000000219e-01,3.843018000000000128e-03,5.915000700000000444e-01,1.210184910000000058e-01,4.212795309999999849e-01,7.044017240000000069e-01,8.915734760000000314e-01,8.180765989999999599e-01,6.233284780000000191e-01
8.593200000000002226e-04,1.035757580000000039e-01,0.000000000000000000e+00,1.928560460000000032e-01,8.330574540000000860e-01,8.817790170000000538e-01,9.863512400000000457e-02,5.021239200000000152e-02,1.191797000000000082e-03,2.502279000000000048e-03,3.082000799999999943e-02,2.084126299999999876e-02,9.808441770000000393e-01,5.302174139999999980e-01,1.160000000000000064e-07,2.434977999999999969e-03,7.636149000000000062e-03,4.614771999999996155e-03,1.220954489999999948e-01,1.347466700000000128e-01,8.716234000000000481e-01,4.003215050000000219e-01,3.843018000000000128e-03,5.915000700000000444e-01,1.210184910000000058e-01,4.212795309999999849e-01,7.044017240000000069e-01,8.915734760000000314e-01,8.180765989999999599e-01,6.233284780000000191e-01
3.785561999999999261e-03,9.912825200000000003e-02,0.000000000000000000e+00,1.748475060000000136e-01,8.553961880000000573e-01,8.817790170000000538e-01,9.863512400000000457e-02,5.021239200000000152e-02,1.191797000000000082e-03,2.502279000000000048e-03,3.082000799999999943e-02,2.747133100000000161e-02,9.589080030000000088e-01,5.305983659999999880e-01,1.160000000000000064e-07,2.434977999999999969e-03,7.636149000000000062e-03,2.466434999999999808e-02,1.468022400000000005e-01,1.350950740000000094e-01,8.716234000000000481e-01,4.003215050000000219e-01,3.843018000000000128e-03,5.915000700000000444e-01,1.210184910000000058e-01,4.212795309999999849e-01,7.044017240000000069e-01,8.915734760000000314e-01,8.180765989999999599e-01,6.233284780000000191e-01
0.000000000000000000e+00,9.505262899999999959e-02,0.000000000000000000e+00,1.815318580000000181e-01,8.459745830000000577e-01,8.817790170000000538e-01,9.863512400000000457e-02,5.021239200000000152e-02,1.191797000000000082e-03,2.502279000000000048e-03,3.082000799999999943e-02,2.129826099999999889e-02,9.581528489999999731e-01,5.211249599999999704e-01,1.160000000000000064e-07,2.434977999999999969e-03,7.636149000000000062e-03,1.960156099999999652e-02,1.365983630000000004e-01,1.483194510000000188e-01,8.716234000000000481e-01,4.003215050000000219e-01,3.843018000000000128e-03,5.915000700000000444e-01,1.210184910000000058e-01,4.212795309999999849e-01,7.044017240000000069e-01,8.915734760000000314e-01,8.180765989999999599e-01,6.233284780000000191e-01
0.000000000000000000e+00,9.896231400000000955e-02,0.000000000000000000e+00,1.947693290000000188e-01,8.352775789999999922e-01,8.817790170000000538e-01,9.863512400000000457e-02,5.021239200000000152e-02,1.191797000000000082e-03,2.502279000000000048e-03,3.082000799999999943e-02,1.171588200000000038e-02,9.538528729999999900e-01,5.485596109999999470e-01,1.160000000000000064e-07,2.434977999999999969e-03,7.636149000000000062e-03,1.649699299999999799e-02,1.389324499999999851e-01,1.352008270000000234e-01,8.716234000000000481e-01,4.003215050000000219e-01,3.843018000000000128e-03,5.915000700000000444e-01,1.210184910000000058e-01,4.212795309999999849e-01,7.044017240000000069e-01,8.915734760000000314e-01,8.180765989999999599e-01,6.233284780000000191e-01
0.000000000000000000e+00,9.372788300000001183e-02,0.000000000000000000e+00,1.917867990000000078e-01,8.380757390000000973e-01,8.817790170000000538e-01,9.863512400000000457e-02,5.021239200000000152e-02,1.191797000000000082e-03,2.502279000000000048e-03,3.082000799999999943e-02,1.675522999999998208e-03,9.726194569999999651e-01,5.372651119999999336e-01,1.160000000000000064e-07,2.434977999999999969e-03,7.636149000000000062e-03,2.378227599999999803e-02,1.489621210000000029e-01,1.494603979999999943e-01,8.716234000000000481e-01,4.003215050000000219e-01,3.843018000000000128e-03,5.915000700000000444e-01,1.210184910000000058e-01,4.212795309999999849e-01,7.044017240000000069e-01,8.915734760000000314e-01,8.180765989999999599e-01,6.233284780000000191e-01
0.000000000000000000e+00,1.050347739999999974e-01,0.000000000000000000e+00,1.910381430000000214e-01,8.432362170000000656e-01,8.817790170000000538e-01,9.863512400000000457e-02,5.021239200000000152e-02,1.191797000000000082e-03,2.502279000000000048e-03,3.082000799999999943e-02,2.238739600000000038e-02,9.598581580000000724e-01,5.270741359999999709e-01,1.160000000000000064e-07,2.434977999999999969e-03,7.636149000000000062e-03,0.000000000000000000e+00,1.335514590000000112e-01,1.400644450000000096e-01,8.716234000000000481e-01,4.003215050000000219e-01,3.843018000000000128e-03,5.915000700000000444e-01,1.210184910000000058e-01,4.212795309999999849e-01,7.044017240000000069e-01,8.915734760000000314e-01,8.180765989999999599e-01,6.233284780000000191e-01
4.274989999999999346e-03,8.277885000000001492e-02,0.000000000000000000e+00,2.020527240000000169e-01,8.383269690000000329e-01,8.817790170000000538e-01,9.863512400000000457e-02,5.021239200000000152e-02,1.191797000000000082e-03,2.502279000000000048e-03,3.082000799999999943e-02,6.760518999999999556e-03,9.766260840000000609e-01,5.325856519999999650e-01,1.160000000000000064e-07,2.434977999999999969e-03,7.636149000000000062e-03,3.995518999999995990e-03,1.250231480000000006e-01,1.326152820000000010e-01,8.716234000000000481e-01,4.003215050000000219e-01,3.843018000000000128e-03,5.915000700000000444e-01,1.210184910000000058e-01,4.212795309999999849e-01,7.044017240000000069e-01,8.915734760000000314e-01,8.180765989999999599e-01,6.233284780000000191e-01
0.000000000000000000e+00,9.248052600000000734e-02,0.000000000000000000e+00,1.941903920000000172e-01,8.507854910000000048e-01,8.817790170000000538e-01,9.863512400000000457e-02,5.021239200000000152e-02,1.191797000000000082e-03,2.502279000000000048e-03,3.082000799999999943e-02,7.051357000000001152e-03,9.778128489999999839e-01,5.272321110000000033e-01,1.160000000000000064e-07,2.434977999999999969e-03,7.636149000000000062e-03,8.534995999999996086e-03,1.350195710000000049e-01,1.600473720000000211e-01,8.716234000000000481e-01,4.003215050000000219e-01,3.843018000000000128e-03,5.915000700000000444e-01,1.210184910000000058e-01,4.212795309999999849e-01,7.044017240000000069e-01,8.915734760000000314e-01,8.180765989999999599e-01,6.233284780000000191e-01
0.000000000000000000e+00,1.094210420000000100e-01,0.000000000000000000e+00,1.852394920000000056e-01,8.418420860000001005e-01,8.817790170000000538e-01,9.863512400000000457e-02,5.021239200000000152e-02,1.191797000000000082e-03,2.502279000000000048e-03,3.082000799999999943e-02,2.372730099999999925e-02,9.647504220000000519e-01,5.419073620000000036e-01,1.160000000000000064e-07,2.434977999999999969e-03,7.636149000000000062e-03,1.192764099999999924e-02,1.442292820000000142e-01,1.372506300000000123e-01,8.716234000000000481e-01,4.003215050000000219e-01,3.843018000000000128e-03,5.915000700000000444e-01,1.210184910000000058e-01,4.212795309999999849e-01,7.044017240000000069e-01,8.915734760000000314e-01,8.180765989999999599e-01,6.233284780000000191e-01
0.000000000000000000e+00,1.073786820000000031e-01,0.000000000000000000e+00,1.991592060000000053e-01,8.532801700000000045e-01,8.817790170000000538e-01,9.863512400000000457e-02,5.021239200000000152e-02,1.191797000000000082e-03,2.502279000000000048e-03,3.082000799999999943e-02,8.759293000000001328e-03,9.621274229999999816e-01,5.216662049999999384e-01,1.160000000000000064e-07,2.434977999999999969e-03,7.636149000000000062e-03,1.322982000000000324e-03,1.268773759999999862e-01,1.581740260000000231e-01,8.716234000000000481e-01,4.003215050000000219e-01,3.843018000000000128e-03,5.915000700000000444e-01,1.210184910000000058e-01,4.212795309999999849e-01,7.044017240000000069e-01,8.915734760000000314e-01,8.180765989999999599e-01,6.233284780000000191e-01
2.775320999999998997e-03,8.328543700000000383e-02,0.000000000000000000e+00,1.892420010000000208e-01,8.597472130000000101e-01,8.817790170000000538e-01,9.863512400000000457e-02,5.021239200000000152e-02,1.191797000000000082e-03,2.502279000000000048e-03,3.082000799999999943e-02,1.568231800000000065e-02,9.570779620000000598e-01,5.333845600000000076e-01,1.160000000000000064e-07,2.434977999999999969e-03,7.636149000000000062e-03,0.000000000000000000e+00,1.314582649999999908e-01,1.517869159999999940e-01,8.716234000000000481e-01,4.003215050000000219e-01,3.843018000000000128e-03,5.915000700000000444e-01,1.210184910000000058e-01,4.212795309999999849e-01,7.044017240000000069e-01,8.915734760000000314e-01,8.180765989999999599e-01,6.233284780000000191e-01
0.000000000000000000e+00,9.166835300000000797e-02,0.000000000000000000e+00,1.873486000000000040e-01,8.567419850000000947e-01,8.817790170000000538e-01,9.863512400000000457e-02,5.021239200000000152e-02,1.191797000000000082e-03,2.502279000000000048e-03,3.082000799999999943e-02,3.908017999999999215e-03,9.719415089999999813e-01,5.282973749999999580e-01,1.160000000000000064e-07,2.434977999999999969e-03,7.636149000000000062e-03,0.000000000000000000e+00,1.208690109999999984e-01,1.412242180000000125e-01,8.716234000000000481e-01,4.003215050000000219e-01,3.843018000000000128e-03,5.915000700000000444e-01,1.210184910000000058e-01,4.212795309999999849e-01,7.044017240000000069e-01,8.915734760000000314e-01,8.180765989999999599e-01,6.233284780000000191e-01
0.000000000000000000e+00,8.235596500000000320e-02,0.000000000000000000e+00,1.749170869999999989e-01,8.306362980000000507e-01,8.817790170000000538e-01,9.863512400000000457e-02,5.021239200000000152e-02,1.191797000000000082e-03,2.502279000000000048e-03,3.082000799999999943e-02,1.431270700000000090e-02,9.599383209999999833e-01,5.316070619999999636e-01,1.160000000000000064e-07,2.434977999999999969e-03,7.636149000000000062e-03,7.600243999999999056e-03,1.269872719999999844e-01,1.568705999999999989e-01,8.716234000000000481e-01,4.003215050000000219e-01,3.843018000000000128e-03,5.915000700000000444e-01,1.210184910000000058e-01,4.212795309999999849e-01,7.044017240000000069e-01,8.915734760000000314e-01,8.180765989999999599e-01,6.233284780000000191e-01
5.190323000000000159e-03,1.014016480000000109e-01,0.000000000000000000e+00,1.980760220000000182e-01,8.595619170000000642e-01,8.817790170000000538e-01,9.863512400000000457e-02,5.021239200000000152e-02,1.191797000000000082e-03,2.502279000000000048e-03,3.082000799999999943e-02,2.762408899999999751e-02,9.663791649999999844e-01,5.207253800000000155e-01,1.160000000000000064e-07,2.434977999999999969e-03,7.636149000000000062e-03,1.752577799999999880e-02,1.206784330000000016e-01,1.500855370000000188e-01,8.716234000000000481e-01,4.003215050000000219e-01,3.843018000000000128e-03,5.915000700000000444e-01,1.210184910000000058e-01,4.212795309999999849e-01,7.044017240000000069e-01,8.915734760000000314e-01,8.180765989999999599e-01,6.233284780000000191e-01
7.172159999999996871e-04,9.264142699999999842e-02,0.000000000000000000e+00,1.734802390000000083e-01,8.601617580000000540e-01,8.817790170000000538e-01,9.863512400000000457e-02,5.021239200000000152e-02,1.191797000000000082e-03,2.502279000000000048e-03,3.082000799999999943e-02,1.552365099999999942e-02,9.685501340000000070e-01,5.359749160000000234e-01,1.160000000000000064e-07,2.434977999999999969e-03,7.636149000000000062e-03,1.052260199999999896e-02,1.229534160000000098e-01,1.482233970000000067e-01,8.716234000000000481e-01,4.003215050000000219e-01,3.843018000000000128e-03,5.915000700000000444e-01,1.210184910000000058e-01,4.212795309999999849e-01,7.044017240000000069e-01,8.915734760000000314e-01,8.180765989999999599e-01,6.233284780000000191e-01
1.122212000000000903e-03,9.937005299999999985e-02,0.000000000000000000e+00,2.026716290000000198e-01,8.604516160000000857e-01,8.817790170000000538e-01,9.863512400000000457e-02,5.021239200000000152e-02,1.191797000000000082e-03,2.502279000000000048e-03,3.082000799999999943e-02,2.464329300000000014e-02,9.799204679999999890e-01,5.354614199999999657e-01,1.160000000000000064e-07,2.434977999999999969e-03,7.636149000000000062e-03,5.743629999999944058e-04,1.497252840000000140e-01,1.508425630000000128e-01,8.716234000000000481e-01,4.003215050000000219e-01,3.843018000000000128e-03,5.915000700000000444e-01,1.210184910000000058e-01,4.212795309999999849e-01,7.044017240000000069e-01,8.915734760000000314e-01,8.180765989999999599e-01,6.233284780000000191e-01
3.207369999999999319e-03,8.224977099999999930e-02,0.000000000000000000e+00,1.971687970000000067e-01,8.466249540000000406e-01,8.817790170000000538e-01,9.863512400000000457e-02,5.021239200000000152e-02,1.191797000000000082e-03,2.502279000000000048e-03,3.082000799999999943e-02,2.687682500000000002e-02,9.790419970000000527e-01,5.298749689999999735e-01,1.160000000000000064e-07,2.434977999999999969e-03,7.636149000000000062e-03,9.774900999999999035e-03,1.494275529999999907e-01,1.370371820000000074e-01,8.716234000000000481e-01,4.003215050000000219e-01,3.843018000000000128e-03,5.915000700000000444e-01,1.210184910000000058e-01,4.212795309999999849e-01,7.044017240000000069e-01,8.915734760000000314e-01,8.180765989999999599e-01,6.233284780000000191e-01
0.000000000000000000e+00,1.103238210000000025e-01,0.000000000000000000e+00,1.792305990000000182e-01,8.544721860000000779e-01,8.817790170000000538e-01,9.863512400000000457e-02,5.021239200000000152e-02,1.191797000000000082e-03,2.502279000000000048e-03,3.082000799999999943e-02,1.364375799999999889e-02,9.576425130000000285e-01,5.450604919999999520e-01,1.160000000000000064e-07,2.434977999999999969e-03,7.636149000000000062e-03,0.000000000000000000e+00,1.472455020000000003e-01,1.457614960000000182e-01,8.716234000000000481e-01,4.003215050000000219e-01,3.843018000000000128e-03,5.915000700000000444e-01,1.210184910000000058e-01,4.212795309999999849e-01,7.044017240000000069e-01,8.915734760000000314e-01,8.180765989999999599e-01,6.233284780000000191e-01
0.000000000000000000e+00,1.112888500000000086e-01,0.000000000000000000e+00,2.023045790000000121e-01,8.511154300000000061e-01,8.817790170000000538e-01,9.863512400000000457e-02,5.021239200000000152e-02,1.191797000000000082e-03,2.502279000000000048e-03,3.082000799999999943e-02,1.370063200000000078e-02,9.529337319999999778e-01,5.417545779999999311e-01,1.160000000000000064e-07,2.434977999999999969e-03,7.636149000000000062e-03,2.085155999999999815e-02,1.231662440000000081e-01,1.385159970000000018e-01,8.716234000000000481e-01,4.003215050000000219e-01,3.843018000000000128e-03,5.915000700000000444e-01,1.210184910000000058e-01,4.212795309999999849e-01,7.044017240000000069e-01,8.915734760000000314e-01,8.180765989999999599e-01,6.233284780000000191e-01
0.000000000000000000e+00,1.026921390000000017e-01,0.000000000000000000e+00,1.825152120000000100e-01,8.571301720000000790e-01,8.817790170000000538e-01,9.863512400000000457e-02,5.021239200000000152e-02,1.191797000000000082e-03,2.502279000000000048e-03,3.082000799999999943e-02,4.359249000000002539e-03,9.723998940000000424e-01,5.425751140000000250e-01,1.160000000000000064e-07,2.434977999999999969e-03,7.636149000000000062e-03,1.216060499999999794e-02,1.362446310000000049e-01,1.403809900000000110e-01,8.716234000000000481e-01,4.003215050000000219e-01,3.843018000000000128e-03,5.915000700000000444e-01,1.210184910000000058e-01,4.212795309999999849e-01,7.044017240000000069e-01,8.915734760000000314e-01,8.180765989999999599e-01,6.233284780000000191e-01
0.000000000000000000e+00,8.978210000000000357e-02,0.000000000000000000e+00,1.794685570000000008e-01,8.414237390000000039e-01,8.817790170000000538e-01,9.863512400000000457e-02,5.021239200000000152e-02,1.191797000000000082e-03,2.502279000000000048e-03,3.082000799999999943e-02,1.702769700000000136e-02,9.817566650000000283e-01,5.348850979999999478e-01,1.160000000000000064e-07,2.434977999999999969e-03,7.636149000000000062e-03,7.523628999999996958e-03,1.355618600000000062e-01,1.595184540000000040e-01,8.716234000000000481e-01,4.003215050000000219e-01,3.843018000000000128e-03,5.915000700000000444e-01,1.210184910000000058e-01,4.212795309999999849e-01,7.044017240000000069e-01,8.915734760000000314e-01,8.180765989999999599e-01,6.233284780000000191e-01
0.000000000000000000e+00,9.569059800000000171e-02,0.000000000000000000e+00,1.757103120000000074e-01,8.407779499999999961e-01,8.817790170000000538e-01,9.863512400000000457e-02,5.021239200000000152e-02,1.191797000000000082e-03,2.502279000000000048e-03,3.082000799999999943e-02,4.809067999999999676e-03,9.586892380000000546e-01,5.327479969999999732e-01,1.160000000000000064e-07,2.434977999999999969e-03,7.636149000000000062e-03,8.957628999999998204e-03,1.237740630000000036e-01,1.319622230000000174e-01,8.716234000000000481e-01,4.003215050000000219e-01,3.843018000000000128e-03,5.915000700000000444e-01,1.210184910000000058e-01,4.212795309999999849e-01,7.044017240000000069e-01,8.915734760000000314e-01,8.180765989999999599e-01,6.233284780000000191e-01
0.000000000000000000e+00,9.213493899999999903e-02,0.000000000000000000e+00,1.933021679999999964e-01,8.367403250000000625e-01,8.817790170000000538e-01,9.863512400000000457e-02,5.021239200000000152e-02,1.191797000000000082e-03,2.502279000000000048e-03,3.082000799999999943e-02,2.557881099999999991e-02,9.575246149999999679e-01,5.346007349999999381e-01,1.160000000000000064e-07,2.434977999999999969e-03,7.636149000000000062e-03,1.581329999999999888e-02,1.321498349999999933e-01,1.506874980000000031e-01,8.716234000000000481e-01,4.003215050000000219e-01,3.843018000000000128e-03,5.915000700000000444e-01,1.210184910000000058e-01,4.212795309999999849e-01,7.044017240000000069e-01,8.915734760000000314e-01,8.180765989999999599e-01,6.233284780000000191e-01
0.000000000000000000e+00,9.177227200000000196e-02,0.000000000000000000e+00,2.022293720000000183e-01,8.505852740000000578e-01,8.817790170000000538e-01,9.863512400000000457e-02,5.021239200000000152e-02,1.191797000000000082e-03,2.502279000000000048e-03,3.082000799999999943e-02,1.405462999999999851e-02,9.713886400000000254e-01,5.288883269999999914e-01,1.160000000000000064e-07,2.434977999999999969e-03,7.636149000000000062e-03,2.612176100000000029e-02,1.317007609999999995e-01,1.531639730000000088e-01,8.716234000000000481e-01,4.003215050000000219e-01,3.843018000000000128e-03,5.915000700000000444e-01,1.210184910000000058e-01,4.212795309999999849e-01,7.044017240000000069e-01,8.915734760000000314e-01,8.180765989999999599e-01,6.233284780000000191e-01
0.000000000000000000e+00,1.075257490000000038e-01,0.000000000000000000e+00,1.843665790000000027e-01,8.498799220000000654e-01,8.817790170000000538e-01,9.863512400000000457e-02,5.021239200000000152e-02,1.191797000000000082e-03,2.502279000000000048e-03,3.082000799999999943e-02,2.284541899999999875e-02,9.737798830000000683e-01,5.471307279999999551e-01,1.160000000000000064e-07,2.434977999999999969e-03,7.636149000000000062e-03,1.222989199999999915e-02,1.360486170000000106e-01,1.469004100000000090e-01,8.716234000000000481e-01,4.003215050000000219e-01,3.843018000000000128e-03,5.915000700000000444e-01,1.210184910000000058e-01,4.212795309999999849e-01,7.044017240000000069e-01,8.915734760000000314e-01,8.180765989999999599e-01,6.233284780000000191e-01
0.000000000000000000e+00,1.019057280000000010e-01,0.000000000000000000e+00,1.741839210000000193e-01,8.344944980000000845e-01,8.817790170000000538e-01,9.863512400000000457e-02,5.021239200000000152e-02,1.191797000000000082e-03,2.502279000000000048e-03,3.082000799999999943e-02,9.312152999999996628e-03,9.714410430000000041e-01,5.261849629999999500e-01,1.160000000000000064e-07,2.434977999999999969e-03,7.636149000000000062e-03,1.283311499999999911e-02,1.448826510000000012e-01,1.461635830000000136e-01,8.716234000000000481e-01,4.003215050000000219e-01,3.843018000000000128e-03,5.915000700000000444e-01,1.210184910000000058e-01,4.212795309999999849e-01,7.044017240000000069e-01,8.915734760000000314e-01,8.180765989999999599e-01,6.233284780000000191e-01
0.000000000000000000e+00,8.538944900000000615e-02,0.000000000000000000e+00,2.015783120000000095e-01,8.412387170000000802e-01,8.817790170000000538e-01,9.863512400000000457e-02,5.021239200000000152e-02,1.191797000000000082e-03,2.502279000000000048e-03,3.082000799999999943e-02,1.711069700000000110e-02,9.617469480000000459e-01,5.419364309999999962e-01,1.160000000000000064e-07,2.434977999999999969e-03,7.636149000000000062e-03,1.033132699999999779e-02,1.326924190000000059e-01,1.360521050000000065e-01,8.716234000000000481e-01,4.003215050000000219e-01,3.843018000000000128e-03,5.915000700000000444e-01,1.210184910000000058e-01,4.212795309999999849e-01,7.044017240000000069e-01,8.915734760000000314e-01,8.180765989999999599e-01,6.233284780000000191e-01
0.000000000000000000e+00,1.020632419999999985e-01,0.000000000000000000e+00,1.899870260000000033e-01,8.592190360000000471e-01,8.817790170000000538e-01,9.863512400000000457e-02,5.021239200000000152e-02,1.191797000000000082e-03,2.502279000000000048e-03,3.082000799999999943e-02,2.947753699999999810e-02,9.781249530000000192e-01,5.276633849999999848e-01,1.160000000000000064e-07,2.434977999999999969e-03,7.636149000000000062e-03,2.624296399999999710e-02,1.454256200000000054e-01,1.569789639999999986e-01,8.716234000000000481e-01,4.003215050000000219e-01,3.843018000000000128e-03,5.915000700000000444e-01,1.210184910000000058e-01,4.212795309999999849e-01,7.044017240000000069e-01,8.915734760000000314e-01,8.180765989999999599e-01,6.233284780000000191e-01
0.000000000000000000e+00,8.818681400000000226e-02,0.000000000000000000e+00,1.743528699999999931e-01,8.445481400000000027e-01,8.817790170000000538e-01,9.863512400000000457e-02,5.021239200000000152e-02,1.191797000000000082e-03,2.502279000000000048e-03,3.082000799999999943e-02,1.389876300000000148e-02,9.680912710000000310e-01,5.466297789999999823e-01,1.160000000000000064e-07,2.434977999999999969e-03,7.636149000000000062e-03,2.309703699999999735e-02,1.462137320000000129e-01,1.322323479999999996e-01,8.716234000000000481e-01,4.003215050000000219e-01,3.843018000000000128e-03,5.915000700000000444e-01,1.210184910000000058e-01,4.212795309999999849e-01,7.044017240000000069e-01,8.915734760000000314e-01,8.180765989999999599e-01,6.233284780000000191e-01
9.413929999999987031e-04,8.727719999999999922e-02,0.000000000000000000e+00,1.972763710000000059e-01,8.537276650000000799e-01,8.817790170000000538e-01,9.863512400000000457e-02,5.021239200000000152e-02,1.191797000000000082e-03,2.502279000000000048e-03,3.082000799999999943e-02,2.635538099999999717e-02,9.564173820000000381e-01,5.238863360000000080e-01,1.160000000000000064e-07,2.434977999999999969e-03,7.636149000000000062e-03,0.000000000000000000e+00,1.411504580000000064e-01,1.512265839999999972e-01,8.716234000000000481e-01,4.003215050000000219e-01,3.843018000000000128e-03,5.915000700000000444e-01,1.210184910000000058e-01,4.212795309999999849e-01,7.044017240000000069e-01,8.915734760000000314e-01,8.180765989999999599e-01,6.233284780000000191e-01
0.000000000000000000e+00,8.931094900000000059e-02,0.000000000000000000e+00,1.959060610000000202e-01,8.470627290000000142e-01,8.817790170000000538e-01,9.863512400000000457e-02,5.021239200000000152e-02,1.191797000000000082e-03,2.502279000000000048e-03,3.082000799999999943e-02,8.085547999999997959e-03,9.630920390000000664e-01,5.425332809999999784e-01,1.160000000000000064e-07,2.434977999999999969e-03,7.636149000000000062e-03,1.121212199999999798e-02,1.339413250000000000e-01,1.362192690000000039e-01,8.716234000000000481e-01,4.003215050000000219e-01,3.843018000000000128e-03,5.915000700000000444e-01,1.210184910000000058e-01,4.212795309999999849e-01,7.044017240000000069e-01,8.915734760000000314e-01,8.180765989999999599e-01,6.233284780000000191e-01
0.000000000000000000e+00,9.088373400000000768e-02,0.000000000000000000e+00,1.835064640000000080e-01,8.462454630000000311e-01,8.817790170000000538e-01,9.863512400000000457e-02,5.021239200000000152e-02,1.191797000000000082e-03,2.502279000000000048e-03,3.082000799999999943e-02,1.462079399999999946e-02,9.765099569999999840e-01,5.480046199999999423e-01,1.160000000000000064e-07,2.434977999999999969e-03,7.636149000000000062e-03,1.015923099999999774e-02,1.399193009999999959e-01,1.510441190000000045e-01,8.716234000000000481e-01,4.003215050000000219e-01,3.843018000000000128e-03,5.915000700000000444e-01,1.210184910000000058e-01,4.212795309999999849e-01,7.044017240000000069e-01,8.915734760000000314e-01,8.180765989999999599e-01,6.233284780000000191e-01
3.914345999999999104e-03,1.070699620000000046e-01,0.000000000000000000e+00,1.990756170000000103e-01,8.389280620000000299e-01,8.817790170000000538e-01,9.863512400000000457e-02,5.021239200000000152e-02,1.191797000000000082e-03,2.502279000000000048e-03,3.082000799999999943e-02,2.171538400000000077e-02,9.590104110000000626e-01,5.455249669999999718e-01,1.160000000000000064e-07,2.434977999999999969e-03,7.636149000000000062e-03,0.000000000000000000e+00,1.484308960000000066e-01,1.491463800000000228e-01,8.716234000000000481e-01,4.003215050000000219e-01,3.843018000000000128e-03,5.915000700000000444e-01,1.210184910000000058e-01,4.212795309999999849e-01,7.044017240000000069e-01,8.915734760000000314e-01,8.180765989999999599e-01,6.233284780000000191e-01
0.000000000000000000e+00,1.063946840000000033e-01,0.000000000000000000e+00,1.920792370000000138e-01,8.496153920000000248e-01,8.817790170000000538e-01,9.863512400000000457e-02,5.021239200000000152e-02,1.191797000000000082e-03,2.502279000000000048e-03,3.082000799999999943e-02,1.180359400000000059e-02,9.577528859999999700e-01,5.491613719999999255e-01,1.160000000000000064e-07,2.434977999999999969e-03,7.636149000000000062e-03,2.475588799999999673e-02,1.357050720000000099e-01,1.477054610000000101e-01,8.716234000000000481e-01,4.003215050000000219e-01,3.843018000000000128e-03,5.915000700000000444e-01,1.210184910000000058e-01,4.212795309999999849e-01,7.044017240000000069e-01,8.915734760000000314e-01,8.180765989999999599e-01,6.233284780000000191e-01
6.275451999999999073e-03,1.067207930000000082e-01,0.000000000000000000e+00,1.777538120000000110e-01,8.546853050000000618e-01,8.817790170000000538e-01,9.863512400000000457e-02,5.021239200000000152e-02,1.191797000000000082e-03,2.502279000000000048e-03,3.082000799999999943e-02,2.207611099999999896e-02,9.805712549999999750e-01,5.214371899999999949e-01,1.160000000000000064e-07,2.434977999999999969e-03,7.636149000000000062e-03,2.282009099999999721e-02,1.219821479999999986e-01,1.450123280000000237e-01,8.716234000000000481e-01,4.003215050000000219e-01,3.843018000000000128e-03,5.915000700000000444e-01,1.210184910000000058e-01,4.212795309999999849e-01,7.044017240000000069e-01,8.915734760000000314e-01,8.180765989999999599e-01,6.233284780000000191e-01
0.000000000000000000e+00,1.051202300000000089e-01,0.000000000000000000e+00,1.862689309999999987e-01,8.312100740000000210e-01,8.817790170000000538e-01,9.863512400000000457e-02,5.021239200000000152e-02,1.191797000000000082e-03,2.502279000000000048e-03,3.082000799999999943e-02,4.539806000000000397e-03,9.544932820000000540e-01,5.275048979999999998e-01,1.160000000000000064e-07,2.434977999999999969e-03,7.636149000000000062e-03,1.691398999999996211e-03,1.398309309999999916e-01,1.329140089999999996e-01,8.716234000000000481e-01,4.003215050000000219e-01,3.843018000000000128e-03,5.915000700000000444e-01,1.210184910000000058e-01,4.212795309999999849e-01,7.044017240000000069e-01,8.915734760000000314e-01,8.180765989999999599e-01,6.233284780000000191e-01
6.843491000000000157e-03,1.005287300000000106e-01,0.000000000000000000e+00,1.826879670000000067e-01,8.584177480000000360e-01,8.817790170000000538e-01,9.863512400000000457e-02,5.021239200000000152e-02,1.191797000000000082e-03,2.502279000000000048e-03,3.082000799999999943e-02,2.077478599999999995e-02,9.813150280000000336e-01,5.465691819999999312e-01,1.160000000000000064e-07,2.434977999999999969e-03,7.636149000000000062e-03,1.468151299999999673e-02,1.243369169999999913e-01,1.455876749999999997e-01,8.716234000000000481e-01,4.003215050000000219e-01,3.843018000000000128e-03,5.915000700000000444e-01,1.210184910000000058e-01,4.212795309999999849e-01,7.044017240000000069e-01,8.915734760000000314e-01,8.180765989999999599e-01,6.233284780000000191e-01
0.000000000000000000e+00,1.006531690000000007e-01,0.000000000000000000e+00,1.879234690000000096e-01,8.422280060000000290e-01,8.817790170000000538e-01,9.863512400000000457e-02,5.021239200000000152e-02,1.191797000000000082e-03,2.502279000000000048e-03,3.082000799999999943e-02,3.787635999999997005e-03,9.682087030000000594e-01,5.251835979999999182e-01,1.160000000000000064e-07,2.434977999999999969e-03,7.636149000000000062e-03,2.065010399999999899e-02,1.203770229999999997e-01,1.586459980000000103e-01,8.716234000000000481e-01,4.003215050000000219e-01,3.843018000000000128e-03,5.915000700000000444e-01,1.210184910000000058e-01,4.212795309999999849e-01,7.044017240000000069e-01,8.915734760000000314e-01,8.180765989999999599e-01,6.233284780000000191e-01
0.000000000000000000e+00,9.659998899999999722e-02,0.000000000000000000e+00,1.975836140000000185e-01,8.327732660000000120e-01,8.817790170000000538e-01,9.863512400000000457e-02,5.021239200000000152e-02,1.191797000000000082e-03,2.502279000000000048e-03,3.082000799999999943e-02,1.939212799999999806e-02,9.816750459999999956e-01,5.402897999999999312e-01,1.160000000000000064e-07,2.434977999999999969e-03,7.636149000000000062e-03,2.168682399999999691e-02,1.467017539999999898e-01,1.514837569999999967e-01,8.716234000000000481e-01,4.003215050000000219e-01,3.843018000000000128e-03,5.915000700000000444e-01,1.210184910000000058e-01,4.212795309999999849e-01,7.044017240000000069e-01,8.915734760000000314e-01,8.180765989999999599e-01,6.233284780000000191e-01
0.000000000000000000e+00,9.836432300000000351e-02,0.000000000000000000e+00,2.002141179999999965e-01,8.563458600000000143e-01,8.817790170000000538e-01,9.863512400000000457e-02,5.021239200000000152e-02,1.191797000000000082e-03,2.502279000000000048e-03,3.082000799999999943e-02,2.459603299999999979e-02,9.585323079999999996e-01,5.402241399999999638e-01,1.160000000000000064e-07,2.434977999999999969e-03,7.636149000000000062e-03,1.787751999999996622e-03,1.282098959999999899e-01,1.584446030000000172e-01,8.716234000000000481e-01,4.003215050000000219e-01,3.843018000000000128e-03,5.915000700000000444e-01,1.210184910000000058e-01,4.212795309999999849e-01,7.044017240000000069e-01,8.915734760000000314e-01,8.180765989999999599e-01,6.233284780000000191e-01
0.000000000000000000e+00,8.702173400000000336e-02,0.000000000000000000e+00,1.918421370000000237e-01,8.562574110000000793e-01,8.817790170000000538e-01,9.863512400000000457e-02,5.021239200000000152e-02,1.191797000000000082e-03,2.502279000000000048e-03,3.082000799999999943e-02,9.018800999999999901e-03,9.611937230000000554e-01,5.500797589999999460e-01,1.160000000000000064e-07,2.434977999999999969e-03,7.636149000000000062e-03,1.154462799999999775e-02,1.464300259999999909e-01,1.533883440000000098e-01,8.716234000000000481e-01,4.003215050000000219e-01,3.843018000000000128e-03,5.915000700000000444e-01,1.210184910000000058e-01,4.212795309999999849e-01,7.044017240000000069e-01,8.915734760000000314e-01,8.180765989999999599e-01,6.233284780000000191e-01
0.000000000000000000e+00,9.533169099999999618e-02,0.000000000000000000e+00,1.800473280000000065e-01,8.398336730000000028e-01,8.817790170000000538e-01,9.863512400000000457e-02,5.021239200000000152e-02,1.191797000000000082e-03,2.502279000000000048e-03,3.082000799999999943e-02,1.351743899999999915e-02,9.774965560000000719e-01,5.477120610000000278e-01,1.160000000000000064e-07,2.434977999999999969e-03,7.636149000000000062e-03,2.504206999999994410e-03,1.254677000000000153e-01,1.530470329999999990e-01,8.716234000000000481e-01,4.003215050000000219e-01,3.843018000000000128e-03,5.915000700000000444e-01,1.210184910000000058e-01,4.212795309999999849e-01,7.044017240000000069e-01,8.915734760000000314e-01,8.180765989999999599e-01,6.233284780000000191e-01
0.000000000000000000e+00,8.365477400000001507e-02,0.000000000000000000e+00,1.954261520000000196e-01,8.540592450000000779e-01,8.817790170000000538e-01,9.863512400000000457e-02,5.021239200000000152e-02,1.191797000000000082e-03,2.502279000000000048e-03,3.082000799999999943e-02,4.995972000000001301e-03,9.692460310000000634e-01,5.339793539999999616e-01,1.160000000000000064e-07,2.434977999999999969e-03,7.636149000000000062e-03,2.425843999999999917e-02,1.435884020000000039e-01,1.475099270000000129e-01,8.716234000000000481e-01,4.003215050000000219e-01,3.843018000000000128e-03,5.915000700000000444e-01,1.210184910000000058e-01,4.212795309999999849e-01,7.044017240000000069e-01,8.915734760000000314e-01,8.180765989999999599e-01,6.233284780000000191e-01
0.000000000000000000e+00,9.588225699999999851e-02,0.000000000000000000e+00,1.964361089999999976e-01,8.420022030000000601e-01,8.817790170000000538e-01,9.863512400000000457e-02,5.021239200000000152e-02,1.191797000000000082e-03,2.502279000000000048e-03,3.082000799999999943e-02,2.621941800000000128e-02,9.755243749999999991e-01,5.431294289999999414e-01,1.160000000000000064e-07,2.434977999999999969e-03,7.636149000000000062e-03,9.021698999999997609e-03,1.338089219999999968e-01,1.420366560000000111e-01,8.716234000000000481e-01,4.003215050000000219e-01,3.843018000000000128e-03,5.915000700000000444e-01,1.210184910000000058e-01,4.212795309999999849e-01,7.044017240000000069e-01,8.915734760000000314e-01,8.180765989999999599e-01,6.233284780000000191e-01
0.000000000000000000e+00,8.409728399999999437e-02,0.000000000000000000e+00,1.757561980000000024e-01,8.477225420000000788e-01,8.817790170000000538e-01,9.863512400000000457e-02,5.021239200000000152e-02,1.191797000000000082e-03,2.502279000000000048e-03,3.082000799999999943e-02,2.886103999999999753e-02,9.773464840000000153e-01,5.502128769999999891e-01,1.160000000000000064e-07,2.434977999999999969e-03,7.636149000000000062e-03,0.000000000000000000e+00,1.390742409999999873e-01,1.589486300000000074e-01,8.716234000000000481e-01,4.003215050000000219e-01,3.843018000000000128e-03,5.915000700000000444e-01,1.210184910000000058e-01,4.212795309999999849e-01,7.044017240000000069e-01,8.915734760000000314e-01,8.180765989999999599e-01,6.233284780000000191e-01
0.000000000000000000e+00,1.021253530000000020e-01,0.000000000000000000e+00,1.768121250000000144e-01,8.359033220000000597e-01,8.817790170000000538e-01,9.863512400000000457e-02,5.021239200000000152e-02,1.191797000000000082e-03,2.502279000000000048e-03,3.082000799999999943e-02,1.958207099999999951e-02,9.725802519999999785e-01,5.375474089999999761e-01,1.160000000000000064e-07,2.434977999999999969e-03,7.636149000000000062e-03,2.441465599999999986e-02,1.313589189999999907e-01,1.395169230000000149e-01,8.716234000000000481e-01,4.003215050000000219e-01,3.843018000000000128e-03,5.915000700000000444e-01,1.210184910000000058e-01,4.212795309999999849e-01,7.044017240000000069e-01,8.915734760000000314e-01,8.180765989999999599e-01,6.233284780000000191e-01
3.898495999999999559e-03,8.244975000000000220e-02,0.000000000000000000e+00,1.769751989999999997e-01,8.365943330000000788e-01,8.817790170000000538e-01,9.863512400000000457e-02,5.021239200000000152e-02,1.191797000000000082e-03,2.502279000000000048e-03,3.082000799999999943e-02,7.418621999999999717e-03,9.697458039999999890e-01,5.423716349999999631e-01,1.160000000000000064e-07,2.434977999999999969e-03,7.636149000000000062e-03,5.893403999999997922e-03,1.234207439999999989e-01,1.543877339999999987e-01,8.716234000000000481e-01,4.003215050000000219e-01,3.843018000000000128e-03,5.915000700000000444e-01,1.210184910000000058e-01,4.212795309999999849e-01,7.044017240000000069e-01,8.915734760000000314e-01,8.180765989999999599e-01,6.233284780000000191e-01
0.000000000000000000e+00,8.856522000000000006e-02,0.000000000000000000e+00,1.804361730000000053e-01,8.350871460000000024e-01,8.817790170000000538e-01,9.863512400000000457e-02,5.021239200000000152e-02,1.191797000000000082e-03,2.502279000000000048e-03,3.082000799999999943e-02,3.032224299999999872e-02,9.625792029999999944e-01,5.241718690000000125e-01,1.160000000000000064e-07,2.434977999999999969e-03,7.636149000000000062e-03,0.000000000000000000e+00,1.225542450000000061e-01,1.323639490000000085e-01,8.716234000000000481e-01,4.003215050000000219e-01,3.843018000000000128e-03,5.915000700000000444e-01,1.210184910000000058e-01,4.212795309999999849e-01,7.044017240000000069e-01,8.915734760000000314e-01,8.180765989999999599e-01,6.233284780000000191e-01
0.000000000000000000e+00,9.814872400000000663e-02,0.000000000000000000e+00,1.746534110000000084e-01,8.396018580000000897e-01,8.817790170000000538e-01,9.863512400000000457e-02,5.021239200000000152e-02,1.191797000000000082e-03,2.502279000000000048e-03,3.082000799999999943e-02,2.695635400000000181e-02,9.702668230000000005e-01,5.258019800000000021e-01,1.160000000000000064e-07,2.434977999999999969e-03,7.636149000000000062e-03,2.244937600000000005e-02,1.403916060000000021e-01,1.478579430000000194e-01,8.716234000000000481e-01,4.003215050000000219e-01,3.843018000000000128e-03,5.915000700000000444e-01,1.210184910000000058e-01,4.212795309999999849e-01,7.044017240000000069e-01,8.915734760000000314e-01,8.180765989999999599e-01,6.233284780000000191e-01
0.000000000000000000e+00,1.113582000000000044e-01,0.000000000000000000e+00,1.833587590000000100e-01,8.464880940000000242e-01,8.817790170000000538e-01,9.863512400000000457e-02,5.021239200000000152e-02,1.191797000000000082e-03,2.502279000000000048e-03,3.082000799999999943e-02,1.797083699999999992e-02,9.559519950000000543e-01,5.490076109999999510e-01,1.160000000000000064e-07,2.434977999999999969e-03,7.636149000000000062e-03,5.847362999999997785e-03,1.296719909999999865e-01,1.555238250000000044e-01,8.716234000000000481e-01,4.003215050000000219e-01,3.843018000000000128e-03,5.915000700000000444e-01,1.210184910000000058e-01,4.212795309999999849e-01,7.044017240000000069e-01,8.915734760000000314e-01,8.180765989999999599e-01,6.233284780000000191e-01
5.237745000000000248e-03,8.953450700000001317e-02,0.000000000000000000e+00,1.784263690000000013e-01,8.332146129999999928e-01,8.817790170000000538e-01,9.863512400000000457e-02,5.021239200000000152e-02,1.191797000000000082e-03,2.502279000000000048e-03,3.082000799999999943e-02,1.923339000000003074e-03,9.594894600000000162e-01,5.256342779999999548e-01,1.160000000000000064e-07,2.434977999999999969e-03,7.636149000000000062e-03,2.094733999999999832e-02,1.369660950000000099e-01,1.411024740000000055e-01,8.716234000000000481e-01,4.003215050000000219e-01,3.843018000000000128e-03,5.915000700000000444e-01,1.210184910000000058e-01,4.212795309999999849e-01,7.044017240000000069e-01,8.915734760000000314e-01,8.180765989999999599e-01,6.233284780000000191e-01
0.000000000000000000e+00,9.387227000000000765e-02,0.000000000000000000e+00,1.780963540000000123e-01,8.308280020000000654e-01,8.817790170000000538e-01,9.863512400000000457e-02,5.021239200000000152e-02,1.191797000000000082e-03,2.502279000000000048e-03,3.082000799999999943e-02,1.953251099999999893e-02,9.758531780000000433e-01,5.316324909999999848e-01,1.160000000000000064e-07,2.434977999999999969e-03,7.636149000000000062e-03,1.176747599999999894e-02,1.465230439999999912e-01,1.434468180000000037e-01,8.716234000000000481e-01,4.003215050000000219e-01,3.843018000000000128e-03,5.915000700000000444e-01,1.210184910000000058e-01,4.212795309999999849e-01,7.044017240000000069e-01,8.915734760000000314e-01,8.180765989999999599e-01,6.233284780000000191e-01
0.000000000000000000e+00,8.876844100000000348e-02,0.000000000000000000e+00,1.793780410000000158e-01,8.427230430000000050e-01,8.817790170000000538e-01,9.863512400000000457e-02,5.021239200000000152e-02,1.191797000000000082e-03,2.502279000000000048e-03,3.082000799999999943e-02,1.269878899999999852e-02,9.640288150000000389e-01,5.222436859999999292e-01,1.160000000000000064e-07,2.434977999999999969e-03,7.636149000000000062e-03,2.053446299999999933e-02,1.450428970000000040e-01,1.376763000000000015e-01,8.716234000000000481e-01,4.003215050000000219e-01,3.843018000000000128e-03,5.915000700000000444e-01,1.210184910000000058e-01,4.212795309999999849e-01,7.044017240000000069e-01,8.915734760000000314e-01,8.180765989999999599e-01,6.233284780000000191e-01
0.000000000000000000e+00,9.067741900000000910e-02,0.000000000000000000e+00,1.878346180000000087e-01,8.577281210000000655e-01,8.817790170000000538e-01,9.863512400000000457e-02,5.021239200000000152e-02,1.191797000000000082e-03,2.502279000000000048e-03,3.082000799999999943e-02,2.940651199999999924e-02,9.686785700000000165e-01,5.416486010000000073e-01,1.160000000000000064e-07,2.434977999999999969e-03,7.636149000000000062e-03,1.401754699999999826e-02,1.297461309999999868e-01,1.515627529999999945e-01,8.716234000000000481e-01,4.003215050000000219e-01,3.843018000000000128e-03,5.915000700000000444e-01,1.210184910000000058e-01,4.212795309999999849e-01,7.044017240000000069e-01,8.915734760000000314e-01,8.180765989999999599e-01,6.233284780000000191e-01
0.000000000000000000e+00,1.095406000000000019e-01,0.000000000000000000e+00,1.914920410000000017e-01,8.436295650000000812e-01,8.817790170000000538e-01,9.863512400000000457e-02,5.021239200000000152e-02,1.191797000000000082e-03,2.502279000000000048e-03,3.082000799999999943e-02,2.535644499999999829e-02,9.748719399999999924e-01,5.218305439999999518e-01,1.160000000000000064e-07,2.434977999999999969e-03,7.636149000000000062e-03,2.120064699999999608e-02,1.212975490000000045e-01,1.477295289999999983e-01,8.716234000000000481e-01,4.003215050000000219e-01,3.843018000000000128e-03,5.915000700000000444e-01,1.210184910000000058e-01,4.212795309999999849e-01,7.044017240000000069e-01,8.915734760000000314e-01,8.180765989999999599e-01,6.233284780000000191e-01
0.000000000000000000e+00,1.042345709999999981e-01,0.000000000000000000e+00,1.942255800000000088e-01,8.452278560000000551e-01,8.817790170000000538e-01,9.863512400000000457e-02,5.021239200000000152e-02,1.191797000000000082e-03,2.502279000000000048e-03,3.082000799999999943e-02,3.111848999999999865e-03,9.803038200000000479e-01,5.422230789999999967e-01,1.160000000000000064e-07,2.434977999999999969e-03,7.636149000000000062e-03,2.513998199999999822e-02,1.481754240000000000e-01,1.421331000000000122e-01,8.716234000000000481e-01,4.003215050000000219e-01,3.843018000000000128e-03,5.915000700000000444e-01,1.210184910000000058e-01,4.212795309999999849e-01,7.044017240000000069e-01,8.915734760000000314e-01,8.180765989999999599e-01,6.233284780000000191e-01
3.133805999999999398e-03,9.873739600000000505e-02,0.000000000000000000e+00,1.889669640000000150e-01,8.365390340000000702e-01,8.817790170000000538e-01,9.863512400000000457e-02,5.021239200000000152e-02,1.191797000000000082e-03,2.502279000000000048e-03,3.082000799999999943e-02,2.061281800000000150e-02,9.701616060000000097e-01,5.310555169999999769e-01,1.160000000000000064e-07,2.434977999999999969e-03,7.636149000000000062e-03,2.396274199999999521e-02,1.327891900000000014e-01,1.610939819999999967e-01,8.716234000000000481e-01,4.003215050000000219e-01,3.843018000000000128e-03,5.915000700000000444e-01,1.210184910000000058e-01,4.212795309999999849e-01,7.044017240000000069e-01,8.915734760000000314e-01,8.180765989999999599e-01,6.233284780000000191e-01
0.000000000000000000e+00,9.718346900000000843e-02,0.000000000000000000e+00,1.982044220000000190e-01,8.517865890000000384e-01,8.817790170000000538e-01,9.863512400000000457e-02,5.021239200000000152e-02,1.191797000000000082e-03,2.502279000000000048e-03,3.082000799999999943e-02,5.599263999999999630e-03,9.786983200000000105e-01,5.348167349999999320e-01,1.160000000000000064e-07,2.434977999999999969e-03,7.636149000000000062e-03,2.711141000000000245e-03,1.428242600000000084e-01,1.365183229999999970e-01,8.716234000000000481e-01,4.003215050000000219e-01,3.843018000000000128e-03,5.915000700000000444e-01,1.210184910000000058e-01,4.212795309999999849e-01,7.044017240000000069e-01,8.915734760000000314e-01,8.180765989999999599e-01,6.233284780000000191e-01
7.515792000000000306e-03,1.115839360000000086e-01,0.000000000000000000e+00,1.900652720000000073e-01,8.574458520000000084e-01,8.817790170000000538e-01,9.863512400000000457e-02,5.021239200000000152e-02,1.191797000000000082e-03,2.502279000000000048e-03,3.082000799999999943e-02,1.869184399999999913e-02,9.614426200000000255e-01,5.399770480000000150e-01,1.160000000000000064e-07,2.434977999999999969e-03,7.636149000000000062e-03,4.567889999999991124e-04,1.319949390000000056e-01,1.427523770000000136e-01,8.716234000000000481e-01,4.003215050000000219e-01,3.843018000000000128e-03,5.915000700000000444e-01,1.210184910000000058e-01,4.212795309999999849e-01,7.044017240000000069e-01,8.915734760000000314e-01,8.180765989999999599e-01,6.233284780000000191e-01
0.000000000000000000e+00,9.299794100000000063e-02,0.000000000000000000e+00,1.814934089999999944e-01,8.346074119999999930e-01,8.817790170000000538e-01,9.863512400000000457e-02,5.021239200000000152e-02,1.191797000000000082e-03,2.502279000000000048e-03,3.082000799999999943e-02,1.099965699999999949e-02,9.698655720000000091e-01,5.398635419999999741e-01,1.160000000000000064e-07,2.434977999999999969e-03,7.636149000000000062e-03,1.610417199999999646e-02,1.263419550000000058e-01,1.546589570000000136e-01,8.716234000000000481e-01,4.003215050000000219e-01,3.843018000000000128e-03,5.915000700000000444e-01,1.210184910000000058e-01,4.212795309999999849e-01,7.044017240000000069e-01,8.915734760000000314e-01,8.180765989999999599e-01,6.233284780000000191e-01
0.000000000000000000e+00,9.732717800000000030e-02,0.000000000000000000e+00,1.973923580000000177e-01,8.426646830000000810e-01,8.817790170000000538e-01,9.863512400000000457e-02,5.021239200000000152e-02,1.191797000000000082e-03,2.502279000000000048e-03,3.082000799999999943e-02,2.982336099999999962e-02,9.657171700000000136e-01,5.481225549999999558e-01,1.160000000000000064e-07,2.434977999999999969e-03,7.636149000000000062e-03,0.000000000000000000e+00,1.340833150000000085e-01,1.537457900000000210e-01,8.716234000000000481e-01,4.003215050000000219e-01,3.843018000000000128e-03,5.915000700000000444e-01,1.210184910000000058e-01,4.212795309999999849e-01,7.044017240000000069e-01,8.915734760000000314e-01,8.180765989999999599e-01,6.233284780000000191e-01
0.000000000000000000e+00,1.035305489999999995e-01,0.000000000000000000e+00,2.008216140000000094e-01,8.578686670000000847e-01,8.817790170000000538e-01,9.863512400000000457e-02,5.021239200000000152e-02,1.191797000000000082e-03,2.502279000000000048e-03,3.082000799999999943e-02,4.917519000000002138e-03,9.756746640000000248e-01,5.312054819999999511e-01,1.160000000000000064e-07,2.434977999999999969e-03,7.636149000000000062e-03,1.170859399999999925e-02,1.477535990000000132e-01,1.366852370000000150e-01,8.716234000000000481e-01,4.003215050000000219e-01,3.843018000000000128e-03,5.915000700000000444e-01,1.210184910000000058e-01,4.212795309999999849e-01,7.044017240000000069e-01,8.915734760000000314e-01,8.180765989999999599e-01,6.233284780000000191e-01
0.000000000000000000e+00,9.967705300000000157e-02,0.000000000000000000e+00,1.751077220000000212e-01,8.570161520000000310e-01,8.817790170000000538e-01,9.863512400000000457e-02,5.021239200000000152e-02,1.191797000000000082e-03,2.502279000000000048e-03,3.082000799999999943e-02,1.299907000000002921e-03,9.790934679999999668e-01,5.413964390000000071e-01,1.160000000000000064e-07,2.434977999999999969e-03,7.636149000000000062e-03,6.969914999999996669e-03,1.455300110000000147e-01,1.551975260000000023e-01,8.716234000000000481e-01,4.003215050000000219e-01,3.843018000000000128e-03,5.915000700000000444e-01,1.210184910000000058e-01,4.212795309999999849e-01,7.044017240000000069e-01,8.915734760000000314e-01,8.180765989999999599e-01,6.233284780000000191e-01
0.000000000000000000e+00,9.329164200000000795e-02,0.000000000000000000e+00,1.894826300000000130e-01,8.523943710000000396e-01,8.817790170000000538e-01,9.863512400000000457e-02,5.021239200000000152e-02,1.191797000000000082e-03,2.502279000000000048e-03,3.082000799999999943e-02,1.684214599999999881e-02,9.779527780000000226e-01,5.443323740000000077e-01,1.160000000000000064e-07,2.434977999999999969e-03,7.636149000000000062e-03,1.778988099999999697e-02,1.353571990000000114e-01,1.489532370000000161e-01,8.716234000000000481e-01,4.003215050000000219e-01,3.843018000000000128e-03,5.915000700000000444e-01,1.210184910000000058e-01,4.212795309999999849e-01,7.044017240000000069e-01,8.915734760000000314e-01,8.180765989999999599e-01,6.233284780000000191e-01
0.000000000000000000e+00,8.947411600000000631e-02,0.000000000000000000e+00,1.864434300000000211e-01,8.576040270000000465e-01,8.817790170000000538e-01,9.863512400000000457e-02,5.021239200000000152e-02,1.191797000000000082e-03,2.502279000000000048e-03,3.082000799999999943e-02,2.121692500000000106e-02,9.524939230000000201e-01,5.342771290000000173e-01,1.160000000000000064e-07,2.434977999999999969e-03,7.636149000000000062e-03,2.553102099999999750e-02,1.484224929999999887e-01,1.355359960000000197e-01,8.716234000000000481e-01,4.003215050000000219e-01,3.843018000000000128e-03,5.915000700000000444e-01,1.210184910000000058e-01,4.212795309999999849e-01,7.044017240000000069e-01,8.915734760000000314e-01,8.180765989999999599e-01,6.233284780000000191e-01
3.540219999999989764e-04,9.585960400000000103e-02,0.000000000000000000e+00,2.012728480000000042e-01,8.357036250000000610e-01,8.817790170000000538e-01,9.863512400000000457e-02,5.021239200000000152e-02,1.191797000000000082e-03,2.502279000000000048e-03,3.082000799999999943e-02,1.822633400000000028e-02,9.620230610000000127e-01,5.246171689999999943e-01,1.160000000000000064e-07,2.434977999999999969e-03,7.636149000000000062e-03,6.934269999999999323e-03,1.497907990000000023e-01,1.409375530000000210e-01,8.716234000000000481e-01,4.003215050000000219e-01,3.843018000000000128e-03,5.915000700000000444e-01,1.210184910000000058e-01,4.212795309999999849e-01,7.044017240000000069e-01,8.915734760000000314e-01,8.180765989999999599e-01,6.233284780000000191e-01
0.000000000000000000e+00,1.018182219999999999e-01,0.000000000000000000e+00,1.842274380000000211e-01,8.327190150000000068e-01,8.817790170000000538e-01,9.863512400000000457e-02,5.021239200000000152e-02,1.191797000000000082e-03,2.502279000000000048e-03,3.082000799999999943e-02,6.514537000000000799e-03,9.788883310000000559e-01,5.330963899999999756e-01,1.160000000000000064e-07,2.434977999999999969e-03,7.636149000000000062e-03,1.423369799999999602e-02,1.385685769999999983e-01,1.336427950000000087e-01,8.716234000000000481e-01,4.003215050000000219e-01,3.843018000000000128e-03,5.915000700000000444e-01,1.210184910000000058e-01,4.212795309999999849e-01,7.044017240000000069e-01,8.915734760000000314e-01,8.180765989999999599e-01,6.233284780000000191e-01
4.924302000000000193e-03,1.080623630000000085e-01,0.000000000000000000e+00,2.029216800000000209e-01,8.569455790000000128e-01,8.817790170000000538e-01,9.863512400000000457e-02,5.021239200000000152e-02,1.191797000000000082e-03,2.502279000000000048e-03,3.082000799999999943e-02,1.786029800000000015e-02,9.771923630000000083e-01,5.440368209999999483e-01,1.160000000000000064e-07,2.434977999999999969e-03,7.636149000000000062e-03,1.560729499999999673e-02,1.288508740000000041e-01,1.333330060000000039e-01,8.716234000000000481e-01,4.003215050000000219e-01,3.843018000000000128e-03,5.915000700000000444e-01,1.210184910000000058e-01,4.212795309999999849e-01,7.044017240000000069e-01,8.915734760000000314e-01,8.180765989999999599e-01,6.233284780000000191e-01
6.911640000000000145e-03,8.636304200000000098e-02,0.000000000000000000e+00,1.891140570000000021e-01,8.362551790000000151e-01,8.817790170000000538e-01,9.863512400000000457e-02,5.021239200000000152e-02,1.191797000000000082e-03,2.502279000000000048e-03,3.082000799999999943e-02,1.896235599999999966e-02,9.669836320000000374e-01,5.448376849999999605e-01,1.160000000000000064e-07,2.434977999999999969e-03,7.636149000000000062e-03,5.121889999999997001e-03,1.381838109999999897e-01,1.345435450000000144e-01,8.716234000000000481e-01,4.003215050000000219e-01,3.843018000000000128e-03,5.915000700000000444e-01,1.210184910000000058e-01,4.212795309999999849e-01,7.044017240000000069e-01,8.915734760000000314e-01,8.180765989999999599e-01,6.233284780000000191e-01
0.000000000000000000e+00,1.047459000000000029e-01,0.000000000000000000e+00,1.745292480000000257e-01,8.338257640000000803e-01,8.817790170000000538e-01,9.863512400000000457e-02,5.021239200000000152e-02,1.191797000000000082e-03,2.502279000000000048e-03,3.082000799999999943e-02,3.243118000000003165e-03,9.571704770000000195e-01,5.290294289999999400e-01,1.160000000000000064e-07,2.434977999999999969e-03,7.636149000000000062e-03,5.293116999999996491e-03,1.235455450000000066e-01,1.428985870000000213e-01,8.716234000000000481e-01,4.003215050000000219e-01,3.843018000000000128e-03,5.915000700000000444e-01,1.210184910000000058e-01,4.212795309999999849e-01,7.044017240000000069e-01,8.915734760000000314e-01,8.180765989999999599e-01,6.233284780000000191e-01
0.000000000000000000e+00,1.027491430000000011e-01,0.000000000000000000e+00,1.977573710000000151e-01,8.479274890000000342e-01,8.817790170000000538e-01,9.863512400000000457e-02,5.021239200000000152e-02,1.191797000000000082e-03,2.502279000000000048e-03,3.082000799999999943e-02,2.735772100000000151e-02,9.536910360000000475e-01,5.429797239999999414e-01,1.160000000000000064e-07,2.434977999999999969e-03,7.636149000000000062e-03,2.417180799999999602e-02,1.495400400000000130e-01,1.366328660000000195e-01,8.716234000000000481e-01,4.003215050000000219e-01,3.843018000000000128e-03,5.915000700000000444e-01,1.210184910000000058e-01,4.212795309999999849e-01,7.044017240000000069e-01,8.915734760000000314e-01,8.180765989999999599e-01,6.233284780000000191e-01
0.000000000000000000e+00,1.105815630000000077e-01,0.000000000000000000e+00,1.751675520000000041e-01,8.503334730000000619e-01,8.817790170000000538e-01,9.863512400000000457e-02,5.021239200000000152e-02,1.191797000000000082e-03,2.502279000000000048e-03,3.082000799999999943e-02,1.154113899999999887e-02,9.716948610000000208e-01,5.235755479999999462e-01,1.160000000000000064e-07,2.434977999999999969e-03,7.636149000000000062e-03,6.202999999999764258e-05,1.337104450000000111e-01,1.539916440000000109e-01,8.716234000000000481e-01,4.003215050000000219e-01,3.843018000000000128e-03,5.915000700000000444e-01,1.210184910000000058e-01,4.212795309999999849e-01,7.044017240000000069e-01,8.915734760000000314e-01,8.180765989999999599e-01,6.233284780000000191e-01
0.000000000000000000e+00,9.789742800000000855e-02,0.000000000000000000e+00,1.970848310000000159e-01,8.480086420000000347e-01,8.817790170000000538e-01,9.863512400000000457e-02,5.021239200000000152e-02,1.191797000000000082e-03,2.502279000000000048e-03,3.082000799999999943e-02,2.414926599999999909e-02,9.708035329999999963e-01,5.408077829999999864e-01,1.160000000000000064e-07,2.434977999999999969e-03,7.636149000000000062e-03,2.006950999999999874e-03,1.284827419999999831e-01,1.591758330000000166e-01,8.716234000000000481e-01,4.003215050000000219e-01,3.843018000000000128e-03,5.915000700000000444e-01,1.210184910000000058e-01,4.212795309999999849e-01,7.044017240000000069e-01,8.915734760000000314e-01,8.180765989999999599e-01,6.233284780000000191e-01
0.000000000000000000e+00,1.061016810000000032e-01,0.000000000000000000e+00,1.769248680000000129e-01,8.530394150000000231e-01,8.817790170000000538e-01,9.863512400000000457e-02,5.021239200000000152e-02,1.191797000000000082e-03,2.502279000000000048e-03,3.082000799999999943e-02,5.887089999999997603e-03,9.762264350000000590e-01,5.254196329999999415e-01,1.160000000000000064e-07,2.434977999999999969e-03,7.636149000000000062e-03,1.059166599999999611e-02,1.305415799999999904e-01,1.549349180000000048e-01,8.716234000000000481e-01,4.003215050000000219e-01,3.843018000000000128e-03,5.915000700000000444e-01,1.210184910000000058e-01,4.212795309999999849e-01,7.044017240000000069e-01,8.915734760000000314e-01,8.180765989999999599e-01,6.233284780000000191e-01
7.779391000000000084e-03,9.051869800000000854e-02,0.000000000000000000e+00,2.031376129999999947e-01,8.360200540000000125e-01,8.817790170000000538e-01,9.863512400000000457e-02,5.021239200000000152e-02,1.191797000000000082e-03,2.502279000000000048e-03,3.082000799999999943e-02,5.352272999999997671e-03,9.673238240000000543e-01,5.358926969999999734e-01,1.160000000000000064e-07,2.434977999999999969e-03,7.636149000000000062e-03,1.687056099999999920e-02,1.241445999999999938e-01,1.389262059999999965e-01,8.716234000000000481e-01,4.003215050000000219e-01,3.843018000000000128e-03,5.915000700000000444e-01,1.210184910000000058e-01,4.212795309999999849e-01,7.044017240000000069e-01,8.915734760000000314e-01,8.180765989999999599e-01,6.233284780000000191e-01
0.000000000000000000e+00,1.065262920000000085e-01,0.000000000000000000e+00,1.837142060000000188e-01,8.419166600000000944e-01,8.817790170000000538e-01,9.863512400000000457e-02,5.021239200000000152e-02,1.191797000000000082e-03,2.502279000000000048e-03,3.082000799999999943e-02,2.674019400000000185e-02,9.666908120000000659e-01,5.390324499999999963e-01,1.160000000000000064e-07,2.434977999999999969e-03,7.636149000000000062e-03,1.675137099999999754e-02,1.438481219999999949e-01,1.543125790000000053e-01,8.716234000000000481e-01,4.003215050000000219e-01,3.843018000000000128e-03,5.915000700000000444e-01,1.210184910000000058e-01,4.212795309999999849e-01,7.044017240000000069e-01,8.915734760000000314e-01,8.180765989999999599e-01,6.233284780000000191e-01
2.987181999999999685e-03,9.932405900000000620e-02,0.000000000000000000e+00,1.860799880000000017e-01,8.558877210000001012e-01,8.817790170000000538e-01,9.863512400000000457e-02,5.021239200000000152e-02,1.191797000000000082e-03,2.502279000000000048e-03,3.082000799999999943e-02,1.141791299999999829e-02,9.796357129999999636e-01,5.303909860000000087e-01,1.160000000000000064e-07,2.434977999999999969e-03,7.636149000000000062e-03,0.000000000000000000e+00,1.386703440000000009e-01,1.580863779999999996e-01,8.716234000000000481e-01,4.003215050000000219e-01,3.843018000000000128e-03,5.915000700000000444e-01,1.210184910000000058e-01,4.212795309999999849e-01,7.044017240000000069e-01,8.915734760000000314e-01,8.180765989999999599e-01,6.233284780000000191e-01
0.000000000000000000e+00,1.031596460000000076e-01,0.000000000000000000e+00,1.857459730000000087e-01,8.356172740000000765e-01,8.817790170000000538e-01,9.863512400000000457e-02,5.021239200000000152e-02,1.191797000000000082e-03,2.502279000000000048e-03,3.082000799999999943e-02,1.112466100000000097e-02,9.801886060000000178e-01,5.368431769999999492e-01,1.160000000000000064e-07,2.434977999999999969e-03,7.636149000000000062e-03,1.582874999999997478e-03,1.463828869999999893e-01,1.455232949999999970e-01,8.716234000000000481e-01,4.003215050000000219e-01,3.843018000000000128e-03,5.915000700000000444e-01,1.210184910000000058e-01,4.212795309999999849e-01,7.044017240000000069e-01,8.915734760000000314e-01,8.180765989999999599e-01,6.233284780000000191e-01
0.000000000000000000e+00,9.221135700000000768e-02,0.000000000000000000e+00,1.916871620000000220e-01,8.378193329999999994e-01,8.817790170000000538e-01,9.863512400000000457e-02,5.021239200000000152e-02,1.191797000000000082e-03,2.502279000000000048e-03,3.082000799999999943e-02,2.019653299999999915e-02,9.614073180000000107e-01,5.431483409999999790e-01,1.160000000000000064e-07,2.434977999999999969e-03,7.636149000000000062e-03,0.000000000000000000e+00,1.372231489999999887e-01,1.423446810000000007e-01,8.716234000000000481e-01,4.003215050000000219e-01,3.843018000000000128e-03,5.915000700000000444e-01,1.210184910000000058e-01,4.212795309999999849e-01,7.044017240000000069e-01,8.915734760000000314e-01,8.180765989999999599e-01,6.233284780000000191e-01
0.000000000000000000e+00,8.582342800000000715e-02,0.000000000000000000e+00,1.921877949999999946e-01,8.453450850000000516e-01,8.817790170000000538e-01,9.863512400000000457e-02,5.021239200000000152e-02,1.191797000000000082e-03,2.502279000000000048e-03,3.082000799999999943e-02,1.295127299999999926e-02,9.555065030000000625e-01,5.222792849999999820e-01,1.160000000000000064e-07,2.434977999999999969e-03,7.636149000000000062e-03,8.074432999999998917e-03,1.427776960000000095e-01,1.340305260000000109e-01,8.716234000000000481e-01,4.003215050000000219e-01,3.843018000000000128e-03,5.915000700000000444e-01,1.210184910000000058e-01,4.212795309999999849e-01,7.044017240000000069e-01,8.915734760000000314e-01,8.180765989999999599e-01,6.233284780000000191e-01
0.000000000000000000e+00,9.605934100000000642e-02,0.000000000000000000e+00,2.005154870000000200e-01,8.421028610000000914e-01,8.817790170000000538e-01,9.863512400000000457e-02,5.021239200000000152e-02,1.191797000000000082e-03,2.502279000000000048e-03,3.082000799999999943e-02,1.983086099999999824e-02,9.651822340000000278e-01,5.496728579999999864e-01,1.160000000000000064e-07,2.434977999999999969e-03,7.636149000000000062e-03,1.936550099999999677e-02,1.410932249999999888e-01,1.402533020000000241e-01,8.716234000000000481e-01,4.003215050000000219e-01,3.843018000000000128e-03,5.915000700000000444e-01,1.210184910000000058e-01,4.212795309999999849e-01,7.044017240000000069e-01,8.915734760000000314e-01,8.180765989999999599e-01,6.233284780000000191e-01
7.448540999999999496e-03,1.048583280000000006e-01,0.000000000000000000e+00,1.754679250000000246e-01,8.559805410000000947e-01,8.817790170000000538e-01,9.863512400000000457e-02,5.021239200000000152e-02,1.191797000000000082e-03,2.502279000000000048e-03,3.082000799999999943e-02,2.032158999999998661e-03,9.770350749999999751e-01,5.262941460000000182e-01,1.160000000000000064e-07,2.434977999999999969e-03,7.636149000000000062e-03,1.352628299999999659e-02,1.318035969999999946e-01,1.585743619999999965e-01,8.716234000000000481e-01,4.003215050000000219e-01,3.843018000000000128e-03,5.915000700000000444e-01,1.210184910000000058e-01,4.212795309999999849e-01,7.044017240000000069e-01,8.915734760000000314e-01,8.180765989999999599e-01,6.233284780000000191e-01
0.000000000000000000e+00,1.017271849999999977e-01,0.000000000000000000e+00,1.791829590000000028e-01,8.310886299999999949e-01,8.817790170000000538e-01,9.863512400000000457e-02,5.021239200000000152e-02,1.191797000000000082e-03,2.502279000000000048e-03,3.082000799999999943e-02,2.839577899999999946e-02,9.549299800000000671e-01,5.435785100000000147e-01,1.160000000000000064e-07,2.434977999999999969e-03,7.636149000000000062e-03,8.166595999999998190e-03,1.266108120000000170e-01,1.591184480000000234e-01,8.716234000000000481e-01,4.003215050000000219e-01,3.843018000000000128e-03,5.915000700000000444e-01,1.210184910000000058e-01,4.212795309999999849e-01,7.044017240000000069e-01,8.915734760000000314e-01,8.180765989999999599e-01,6.233284780000000191e-01
0.000000000000000000e+00,1.043469050000000037e-01,0.000000000000000000e+00,1.802116800000000130e-01,8.417059070000000309e-01,8.817790170000000538e-01,9.863512400000000457e-02,5.021239200000000152e-02,1.191797000000000082e-03,2.502279000000000048e-03,3.082000799999999943e-02,2.554336999999996805e-03,9.693666960000000277e-01,5.391383429999999644e-01,1.160000000000000064e-07,2.434977999999999969e-03,7.636149000000000062e-03,1.300325699999999723e-02,1.215635190000000088e-01,1.414798930000000232e-01,8.716234000000000481e-01,4.003215050000000219e-01,3.843018000000000128e-03,5.915000700000000444e-01,1.210184910000000058e-01,4.212795309999999849e-01,7.044017240000000069e-01,8.915734760000000314e-01,8.180765989999999599e-01,6.233284780000000191e-01
0.000000000000000000e+00,1.083685040000000044e-01,0.000000000000000000e+00,1.818946580000000146e-01,8.434305220000000158e-01,8.817790170000000538e-01,9.863512400000000457e-02,5.021239200000000152e-02,1.191797000000000082e-03,2.502279000000000048e-03,3.082000799999999943e-02,1.041639299999999949e-02,9.677399540000000133e-01,5.322659140000000066e-01,1.160000000000000064e-07,2.434977999999999969e-03,7.636149000000000062e-03,4.793756999999995716e-03,1.358272660000000021e-01,1.327693759999999945e-01,8.716234000000000481e-01,4.003215050000000219e-01,3.843018000000000128e-03,5.915000700000000444e-01,1.210184910000000058e-01,4.212795309999999849e-01,7.044017240000000069e-01,8.915734760000000314e-01,8.180765989999999599e-01,6.233284780000000191e-01
5.542112000000000080e-03,8.189590300000000600e-02,0.000000000000000000e+00,1.930558830000000115e-01,8.483226980000000417e-01,8.817790170000000538e-01,9.863512400000000457e-02,5.021239200000000152e-02,1.191797000000000082e-03,2.502279000000000048e-03,3.082000799999999943e-02,4.274575000000002678e-03,9.787596920000000145e-01,5.338186050000000016e-01,1.160000000000000064e-07,2.434977999999999969e-03,7.636149000000000062e-03,1.276044399999999926e-02,1.372816099999999984e-01,1.441925780000000157e-01,8.716234000000000481e-01,4.003215050000000219e-01,3.843018000000000128e-03,5.915000700000000444e-01,1.210184910000000058e-01,4.212795309999999849e-01,7.044017240000000069e-01,8.915734760000000314e-01,8.180765989999999599e-01,6.233284780000000191e-01
0.000000000000000000e+00,8.654559400000000347e-02,0.000000000000000000e+00,1.810702510000000154e-01,8.504376050000000964e-01,8.817790170000000538e-01,9.863512400000000457e-02,5.021239200000000152e-02,1.191797000000000082e-03,2.502279000000000048e-03,3.082000799999999943e-02,2.867919299999999866e-02,9.523780900000000660e-01,5.460276469999999494e-01,1.160000000000000064e-07,2.434977999999999969e-03,7.636149000000000062e-03,9.699379999999997032e-03,1.299859499999999890e-01,1.602291700000000041e-01,8.716234000000000481e-01,4.003215050000000219e-01,3.843018000000000128e-03,5.915000700000000444e-01,1.210184910000000058e-01,4.212795309999999849e-01,7.044017240000000069e-01,8.915734760000000314e-01,8.180765989999999599e-01,6.233284780000000191e-01
0.000000000000000000e+00,8.740108200000000493e-02,0.000000000000000000e+00,1.785610400000000042e-01,8.415189090000000371e-01,8.817790170000000538e-01,9.863512400000000457e-02,5.021239200000000152e-02,1.191797000000000082e-03,2.502279000000000048e-03,3.082000799999999943e-02,7.482462000000002222e-03,9.794225320000000679e-01,5.474207789999999685e-01,1.160000000000000064e-07,2.434977999999999969e-03,7.636149000000000062e-03,6.537711999999997609e-03,1.361110180000000003e-01,1.502260680000000181e-01,8.716234000000000481e-01,4.003215050000000219e-01,3.843018000000000128e-03,5.915000700000000444e-01,1.210184910000000058e-01,4.212795309999999849e-01,7.044017240000000069e-01,8.915734760000000314e-01,8.180765989999999599e-01,6.233284780000000191e-01
0.000000000000000000e+00,8.926181099999999646e-02,0.000000000000000000e+00,2.000621620000000156e-01,8.358162520000000928e-01,8.817790170000000538e-01,9.863512400000000457e-02,5.021239200000000152e-02,1.191797000000000082e-03,2.502279000000000048e-03,3.082000799999999943e-02,2.895528499999999728e-02,9.782476770000000377e-01,5.412059839999999733e-01,1.160000000000000064e-07,2.434977999999999969e-03,7.636149000000000062e-03,3.308189999999995579e-03,1.227417570000000069e-01,1.561526680000000222e-01,8.716234000000000481e-01,4.003215050000000219e-01,3.843018000000000128e-03,5.915000700000000444e-01,1.210184910000000058e-01,4.212795309999999849e-01,7.044017240000000069e-01,8.915734760000000314e-01,8.180765989999999599e-01,6.233284780000000191e-01
0.000000000000000000e+00,8.325493000000000476e-02,0.000000000000000000e+00,1.997542449999999969e-01,8.364047570000000542e-01,8.817790170000000538e-01,9.863512400000000457e-02,5.021239200000000152e-02,1.191797000000000082e-03,2.502279000000000048e-03,3.082000799999999943e-02,1.668255800000000011e-02,9.526549840000000380e-01,5.229863179999999501e-01,1.160000000000000064e-07,2.434977999999999969e-03,7.636149000000000062e-03,2.140192299999999631e-02,1.253208239999999973e-01,1.549153480000000083e-01,8.716234000000000481e-01,4.003215050000000219e-01,3.843018000000000128e-03,5.915000700000000444e-01,1.210184910000000058e-01,4.212795309999999849e-01,7.044017240000000069e-01,8.915734760000000314e-01,8.180765989999999599e-01,6.233284780000000191e-01
0.000000000000000000e+00,1.086973350000000060e-01,0.000000000000000000e+00,1.872122840000000066e-01,8.469449650000000496e-01,8.817790170000000538e-01,9.863512400000000457e-02,5.021239200000000152e-02,1.191797000000000082e-03,2.502279000000000048e-03,3.082000799999999943e-02,7.727028999999996373e-03,9.732088800000000539e-01,5.371105389999999424e-01,1.160000000000000064e-07,2.434977999999999969e-03,7.636149000000000062e-03,1.482835199999999604e-02,1.441527690000000139e-01,1.464991320000000041e-01,8.716234000000000481e-01,4.003215050000000219e-01,3.843018000000000128e-03,5.915000700000000444e-01,1.210184910000000058e-01,4.212795309999999849e-01,7.044017240000000069e-01,8.915734760000000314e-01,8.180765989999999599e-01,6.233284780000000191e-01
0.000000000000000000e+00,9.468890400000000429e-02,0.000000000000000000e+00,1.854489089999999951e-01,8.581817990000000229e-01,8.817790170000000538e-01,9.863512400000000457e-02,5.021239200000000152e-02,1.191797000000000082e-03,2.502279000000000048e-03,3.082000799999999943e-02,2.002038499999999818e-02,9.592820400000000580e-01,5.250436659999999645e-01,1.160000000000000064e-07,2.434977999999999969e-03,7.636149000000000062e-03,2.101322099999999859e-02,1.307553599999999872e-01,1.458419390000000038e-01,8.716234000000000481e-01,4.003215050000000219e-01,3.843018000000000128e-03,5.915000700000000444e-01,1.210184910000000058e-01,4.212795309999999849e-01,7.044017240000000069e-01,8.915734760000000314e-01,8.180765989999999599e-01,6.233284780000000191e-01
0.000000000000000000e+00,9.366101300000000129e-02,0.000000000000000000e+00,1.888140650000000031e-01,8.592704520000000734e-01,8.817790170000000538e-01,9.863512400000000457e-02,5.021239200000000152e-02,1.191797000000000082e-03,2.502279000000000048e-03,3.082000799999999943e-02,1.196750099999999845e-02,9.715234350000000463e-01,5.297939579999999538e-01,1.160000000000000064e-07,2.434977999999999969e-03,7.636149000000000062e-03,1.729552499999999909e-02,1.331318190000000123e-01,1.529615650000000215e-01,8.716234000000000481e-01,4.003215050000000219e-01,3.843018000000000128e-03,5.915000700000000444e-01,1.210184910000000058e-01,4.212795309999999849e-01,7.044017240000000069e-01,8.915734760000000314e-01,8.180765989999999599e-01,6.233284780000000191e-01
0.000000000000000000e+00,8.722540700000000480e-02,0.000000000000000000e+00,1.950199620000000189e-01,8.474372250000000717e-01,8.817790170000000538e-01,9.863512400000000457e-02,5.021239200000000152e-02,1.191797000000000082e-03,2.502279000000000048e-03,3.082000799999999943e-02,1.137998999999999955e-02,9.770666810000000480e-01,5.400563409999999953e-01,1.160000000000000064e-07,2.434977999999999969e-03,7.636149000000000062e-03,6.642928999999998807e-03,1.492049149999999935e-01,1.361535510000000115e-01,8.716234000000000481e-01,4.003215050000000219e-01,3.843018000000000128e-03,5.915000700000000444e-01,1.210184910000000058e-01,4.212795309999999849e-01,7.044017240000000069e-01,8.915734760000000314e-01,8.180765989999999599e-01,6.233284780000000191e-01
0.000000000000000000e+00,8.836609800000000403e-02,0.000000000000000000e+00,1.978823640000000050e-01,8.584242029999999968e-01,8.817790170000000538e-01,9.863512400000000457e-02,5.021239200000000152e-02,1.191797000000000082e-03,2.502279000000000048e-03,3.082000799999999943e-02,2.615863499999999953e-02,9.552213400000000298e-01,5.368964219999999843e-01,1.160000000000000064e-07,2.434977999999999969e-03,7.636149000000000062e-03,0.000000000000000000e+00,1.347385970000000155e-01,1.473847480000000099e-01,8.716234000000000481e-01,4.003215050000000219e-01,3.843018000000000128e-03,5.915000700000000444e-01,1.210184910000000058e-01,4.212795309999999849e-01,7.044017240000000069e-01,8.915734760000000314e-01,8.180765989999999599e-01,6.233284780000000191e-01
0.000000000000000000e+00,1.048988950000000059e-01,0.000000000000000000e+00,1.828078620000000154e-01,8.433326630000000934e-01,8.817790170000000538e-01,9.863512400000000457e-02,5.021239200000000152e-02,1.191797000000000082e-03,2.502279000000000048e-03,3.082000799999999943e-02,1.813347599999999907e-02,9.554006529999999886e-01,5.484116449999999476e-01,1.160000000000000064e-07,2.434977999999999969e-03,7.636149000000000062e-03,5.524267999999998846e-03,1.476468509999999956e-01,1.614147010000000215e-01,8.716234000000000481e-01,4.003215050000000219e-01,3.843018000000000128e-03,5.915000700000000444e-01,1.210184910000000058e-01,4.212795309999999849e-01,7.044017240000000069e-01,8.915734760000000314e-01,8.180765989999999599e-01,6.233284780000000191e-01
0.000000000000000000e+00,9.621853400000000833e-02,0.000000000000000000e+00,1.854775050000000147e-01,8.488743560000000521e-01,8.817790170000000538e-01,9.863512400000000457e-02,5.021239200000000152e-02,1.191797000000000082e-03,2.502279000000000048e-03,3.082000799999999943e-02,7.111866000000001409e-03,9.745752109999999968e-01,5.224229499999999415e-01,1.160000000000000064e-07,2.434977999999999969e-03,7.636149000000000062e-03,1.821464599999999753e-02,1.414937709999999904e-01,1.480671470000000101e-01,8.716234000000000481e-01,4.003215050000000219e-01,3.843018000000000128e-03,5.915000700000000444e-01,1.210184910000000058e-01,4.212795309999999849e-01,7.044017240000000069e-01,8.915734760000000314e-01,8.180765989999999599e-01,6.233284780000000191e-01
0.000000000000000000e+00,8.647898800000000663e-02,0.000000000000000000e+00,1.739040990000000064e-01,8.556508700000000633e-01,8.817790170000000538e-01,9.863512400000000457e-02,5.021239200000000152e-02,1.191797000000000082e-03,2.502279000000000048e-03,3.082000799999999943e-02,1.750398099999999832e-02,9.750463089999999999e-01,5.228041620000000167e-01,1.160000000000000064e-07,2.434977999999999969e-03,7.636149000000000062e-03,1.330401599999999837e-02,1.387597419999999915e-01,1.576085700000000034e-01,8.716234000000000481e-01,4.003215050000000219e-01,3.843018000000000128e-03,5.915000700000000444e-01,1.210184910000000058e-01,4.212795309999999849e-01,7.044017240000000069e-01,8.915734760000000314e-01,8.180765989999999599e-01,6.233284780000000191e-01
0.000000000000000000e+00,9.321392700000000198e-02,0.000000000000000000e+00,1.788070549999999925e-01,8.320256400000000108e-01,8.817790170000000538e-01,9.863512400000000457e-02,5.021239200000000152e-02,1.191797000000000082e-03,2.502279000000000048e-03,3.082000799999999943e-02,5.701733999999999969e-03,9.526817840000000315e-01,5.427604080000000275e-01,1.160000000000000064e-07,2.434977999999999969e-03,7.636149000000000062e-03,6.277969999999993833e-04,1.306333699999999987e-01,1.422140660000000001e-01,8.716234000000000481e-01,4.003215050000000219e-01,3.843018000000000128e-03,5.915000700000000444e-01,1.210184910000000058e-01,4.212795309999999849e-01,7.044017240000000069e-01,8.915734760000000314e-01,8.180765989999999599e-01,6.233284780000000191e-01
5.735627000000000086e-03,1.085003030000000063e-01,0.000000000000000000e+00,1.832588170000000183e-01,8.371526340000000621e-01,8.817790170000000538e-01,9.863512400000000457e-02,5.021239200000000152e-02,1.191797000000000082e-03,2.502279000000000048e-03,3.082000799999999943e-02,2.227792500000000050e-02,9.763527680000000375e-01,5.494095199999999846e-01,1.160000000000000064e-07,2.434977999999999969e-03,7.636149000000000062e-03,1.111331499999999861e-02,1.403662360000000053e-01,1.565835110000000086e-01,8.716234000000000481e-01,4.003215050000000219e-01,3.843018000000000128e-03,5.915000700000000444e-01,1.210184910000000058e-01,4.212795309999999849e-01,7.044017240000000069e-01,8.915734760000000314e-01,8.180765989999999599e-01,6.233284780000000191e-01
0.000000000000000000e+00,8.496555899999999606e-02,0.000000000000000000e+00,1.960487010000000196e-01,8.494211440000000168e-01,8.817790170000000538e-01,9.863512400000000457e-02,5.021239200000000152e-02,1.191797000000000082e-03,2.502279000000000048e-03,3.082000799999999943e-02,1.280263200000000129e-02,9.740326489999999726e-01,5.279328239999999672e-01,1.160000000000000064e-07,2.434977999999999969e-03,7.636149000000000062e-03,1.803573199999999876e-02,1.459807760000000065e-01,1.379729370000000177e-01,8.716234000000000481e-01,4.003215050000000219e-01,3.843018000000000128e-03,5.915000700000000444e-01,1.210184910000000058e-01,4.212795309999999849e-01,7.044017240000000069e-01,8.915734760000000314e-01,8.180765989999999599e-01,6.233284780000000191e-01
0.000000000000000000e+00,9.502846800000000482e-02,0.000000000000000000e+00,1.882878090000000004e-01,8.566532660000000243e-01,8.817790170000000538e-01,9.863512400000000457e-02,5.021239200000000152e-02,1.191797000000000082e-03,2.502279000000000048e-03,3.082000799999999943e-02,1.613670199999999930e-02,9.695416470000000064e-01,5.226369349999999692e-01,1.160000000000000064e-07,2.434977999999999969e-03,7.636149000000000062e-03,4.313825000000000298e-03,1.218988470000000046e-01,1.414395900000000039e-01,8.716234000000000481e-01,4.003215050000000219e-01,3.843018000000000128e-03,5.915000700000000444e-01,1.210184910000000058e-01,4.212795309999999849e-01,7.044017240000000069e-01,8.915734760000000314e-01,8.180765989999999599e-01,6.233284780000000191e-01
0.000000000000000000e+00,1.110332350000000079e-01,0.000000000000000000e+00,1.987980380000000102e-01,8.319739220000000879e-01,8.817790170000000538e-01,9.863512400000000457e-02,5.021239200000000152e-02,1.191797000000000082e-03,2.502279000000000048e-03,3.082000799999999943e-02,3.085585600000000095e-02,9.679138270000000599e-01,5.363207260000000254e-01,1.160000000000000064e-07,2.434977999999999969e-03,7.636149000000000062e-03,2.493164199999999692e-02,1.264833049999999903e-01,1.322829570000000066e-01,8.716234000000000481e-01,4.003215050000000219e-01,3.843018000000000128e-03,5.915000700000000444e-01,1.210184910000000058e-01,4.212795309999999849e-01,7.044017240000000069e-01,8.915734760000000314e-01,8.180765989999999599e-01,6.233284780000000191e-01
0.000000000000000000e+00,1.053276630000000019e-01,0.000000000000000000e+00,1.831313800000000103e-01,8.380132940000000197e-01,8.817790170000000538e-01,9.863512400000000457e-02,5.021239200000000152e-02,1.191797000000000082e-03,2.502279000000000048e-03,3.082000799999999943e-02,2.507932200000000111e-02,9.585679040000000262e-01,5.395941579999999904e-01,1.160000000000000064e-07,2.434977999999999969e-03,7.636149000000000062e-03,1.002759199999999837e-02,1.279124120000000031e-01,1.535744690000000190e-01,8.716234000000000481e-01,4.003215050000000219e-01,3.843018000000000128e-03,5.915000700000000444e-01,1.210184910000000058e-01,4.212795309999999849e-01,7.044017240000000069e-01,8.915734760000000314e-01,8.180765989999999599e-01,6.233284780000000191e-01
0.000000000000000000e+00,1.068009060000000010e-01,0.000000000000000000e+00,1.859058360000000187e-01,8.506857340000000267e-01,8.817790170000000538e-01,9.863512400000000457e-02,5.021239200000000152e-02,1.191797000000000082e-03,2.502279000000000048e-03,3.082000799999999943e-02,4.079967999999996320e-03,9.607269710000000407e-01,5.449870900000000074e-01,1.160000000000000064e-07,2.434977999999999969e-03,7.636149000000000062e-03,2.334814399999999776e-02,1.397481289999999987e-01,1.523316640000000055e-01,8.716234000000000481e-01,4.003215050000000219e-01,3.843018000000000128e-03,5.915000700000000444e-01,1.210184910000000058e-01,4.212795309999999849e-01,7.044017240000000069e-01,8.915734760000000314e-01,8.180765989999999599e-01,6.233284780000000191e-01
0.000000000000000000e+00,8.611127500000001489e-02,0.000000000000000000e+00,1.986682680000000090e-01,8.514439120000000250e-01,8.817790170000000538e-01,9.863512400000000457e-02,5.021239200000000152e-02,1.191797000000000082e-03,2.502279000000000048e-03,3.082000799999999943e-02,2.735633000000001203e-03,9.753328690000000467e-01,5.229373379999999738e-01,1.160000000000000064e-07,2.434977999999999969e-03,7.636149000000000062e-03,1.321742099999999656e-02,1.424841490000000044e-01,1.359036829999999973e-01,8.716234000000000481e-01,4.003215050000000219e-01,3.843018000000000128e-03,5.915000700000000444e-01,1.210184910000000058e-01,4.212795309999999849e-01,7.044017240000000069e-01,8.915734760000000314e-01,8.180765989999999599e-01,6.233284780000000191e-01
4.850303999999999727e-03,8.596142500000000797e-02,0.000000000000000000e+00,2.009545030000000065e-01,8.492323930000000853e-01,8.817790170000000538e-01,9.863512400000000457e-02,5.021239200000000152e-02,1.191797000000000082e-03,2.502279000000000048e-03,3.082000799999999943e-02,3.357516999999997365e-03,9.579353120000000388e-01,5.264893059999999902e-01,1.160000000000000064e-07,2.434977999999999969e-03,7.636149000000000062e-03,0.000000000000000000e+00,1.457004090000000029e-01,1.429245749999999981e-01,8.716234000000000481e-01,4.003215050000000219e-01,3.843018000000000128e-03,5.915000700000000444e-01,1.210184910000000058e-01,4.212795309999999849e-01,7.044017240000000069e-01,8.915734760000000314e-01,8.180765989999999599e-01,6.233284780000000191e-01
0.000000000000000000e+00,8.805435400000000135e-02,0.000000000000000000e+00,1.733687560000000127e-01,8.443953430000000759e-01,8.817790170000000538e-01,9.863512400000000457e-02,5.021239200000000152e-02,1.191797000000000082e-03,2.502279000000000048e-03,3.082000799999999943e-02,9.540316000000000074e-03,9.595265130000000253e-01,5.213286449999999794e-01,1.160000000000000064e-07,2.434977999999999969e-03,7.636149000000000062e-03,9.846765999999996383e-03,1.257706419999999881e-01,1.520564950000000137e-01,8.716234000000000481e-01,4.003215050000000219e-01,3.843018000000000128e-03,5.915000700000000444e-01,1.210184910000000058e-01,4.212795309999999849e-01,7.044017240000000069e-01,8.915734760000000314e-01,8.180765989999999599e-01,6.233284780000000191e-01
0.000000000000000000e+00,1.057487230000000028e-01,0.000000000000000000e+00,1.870228570000000146e-01,8.395577379999999978e-01,8.817790170000000538e-01,9.863512400000000457e-02,5.021239200000000152e-02,1.191797000000000082e-03,2.502279000000000048e-03,3.082000799999999943e-02,1.467086000000000084e-02,9.568935390000000707e-01,5.441916970000000298e-01,1.160000000000000064e-07,2.434977999999999969e-03,7.636149000000000062e-03,1.224048999999997889e-03,1.488196539999999957e-01,1.502522250000000170e-01,8.716234000000000481e-01,4.003215050000000219e-01,3.843018000000000128e-03,5.915000700000000444e-01,1.210184910000000058e-01,4.212795309999999849e-01,7.044017240000000069e-01,8.915734760000000314e-01,8.180765989999999599e-01,6.233284780000000191e-01
0.000000000000000000e+00,9.132546300000000949e-02,0.000000000000000000e+00,2.025825059999999955e-01,8.529931600000000280e-01,8.817790170000000538e-01,9.863512400000000457e-02,5.021239200000000152e-02,1.191797000000000082e-03,2.502279000000000048e-03,3.082000799999999943e-02,2.178713100000000125e-02,9.603402699999999959e-01,5.278001609999999344e-01,1.160000000000000064e-07,2.434977999999999969e-03,7.636149000000000062e-03,1.837447099999999639e-02,1.259586859999999864e-01,1.317524690000000109e-01,8.716234000000000481e-01,4.003215050000000219e-01,3.843018000000000128e-03,5.915000700000000444e-01,1.210184910000000058e-01,4.212795309999999849e-01,7.044017240000000069e-01,8.915734760000000314e-01,8.180765989999999599e-01,6.233284780000000191e-01
0.000000000000000000e+00,1.097177780000000019e-01,0.000000000000000000e+00,1.782543330000000148e-01,8.597230990000001016e-01,8.817790170000000538e-01,9.863512400000000457e-02,5.021239200000000152e-02,1.191797000000000082e-03,2.502279000000000048e-03,3.082000799999999943e-02,2.349750100000000050e-02,9.629587969999999775e-01,5.240520669999999548e-01,1.160000000000000064e-07,2.434977999999999969e-03,7.636149000000000062e-03,2.202671999999995800e-03,1.364192160000000098e-01,1.438184319999999961e-01,8.716234000000000481e-01,4.003215050000000219e-01,3.843018000000000128e-03,5.915000700000000444e-01,1.210184910000000058e-01,4.212795309999999849e-01,7.044017240000000069e-01,8.915734760000000314e-01,8.180765989999999599e-01,6.233284780000000191e-01
6.550129999999994290e-04,8.885332500000001077e-02,0.000000000000000000e+00,1.953189969999999942e-01,8.484350420000000836e-01,8.817790170000000538e-01,9.863512400000000457e-02,5.021239200000000152e-02,1.191797000000000082e-03,2.502279000000000048e-03,3.082000799999999943e-02,1.733794899999999833e-02,9.660313799999999951e-01,5.291894899999999291e-01,1.160000000000000064e-07,2.434977999999999969e-03,7.636149000000000062e-03,0.000000000000000000e+00,1.486052059999999897e-01,1.462840720000000150e-01,8.716234000000000481e-01,4.003215050000000219e-01,3.843018000000000128e-03,5.915000700000000444e-01,1.210184910000000058e-01,4.212795309999999849e-01,7.044017240000000069e-01,8.915734760000000314e-01,8.180765989999999599e-01,6.233284780000000191e-01
0.000000000000000000e+00,8.164153200000000277e-02,0.000000000000000000e+00,1.772220720000000083e-01,8.589022990000000357e-01,8.817790170000000538e-01,9.863512400000000457e-02,5.021239200000000152e-02,1.191797000000000082e-03,2.502279000000000048e-03,3.082000799999999943e-02,3.100485299999999889e-02,9.807058450000000205e-01,5.381354449999999900e-01,1.160000000000000064e-07,2.434977999999999969e-03,7.636149000000000062e-03,1.026169599999999724e-02,1.421524959999999893e-01,1.609106350000000241e-01,8.716234000000000481e-01,4.003215050000000219e-01,3.843018000000000128e-03,5.915000700000000444e-01,1.210184910000000058e-01,4.212795309999999849e-01,7.044017240000000069e-01,8.915734760000000314e-01,8.180765989999999599e-01,6.233284780000000191e-01
0.000000000000000000e+00,1.010037039999999997e-01,0.000000000000000000e+00,1.886445590000000172e-01,8.510402500000000536e-01,8.817790170000000538e-01,9.863512400000000457e-02,5.021239200000000152e-02,1.191797000000000082e-03,2.502279000000000048e-03,3.082000799999999943e-02,1.012590299999999860e-02,9.729796630000000501e-01,5.286898019999999310e-01,1.160000000000000064e-07,2.434977999999999969e-03,7.636149000000000062e-03,2.289654999999994611e-03,1.431991609999999915e-01,1.393316930000000065e-01,8.716234000000000481e-01,4.003215050000000219e-01,3.843018000000000128e-03,5.915000700000000444e-01,1.210184910000000058e-01,4.212795309999999849e-01,7.044017240000000069e-01,8.915734760000000314e-01,8.180765989999999599e-01,6.233284780000000191e-01
0.000000000000000000e+00,9.003927000000000458e-02,0.000000000000000000e+00,1.821630670000000118e-01,8.565881290000000314e-01,8.817790170000000538e-01,9.863512400000000457e-02,5.021239200000000152e-02,1.191797000000000082e-03,2.502279000000000048e-03,3.082000799999999943e-02,5.086790000000000755e-03,9.596873799999999788e-01,5.492739549999999804e-01,1.160000000000000064e-07,2.434977999999999969e-03,7.636149000000000062e-03,2.638048999999999950e-02,1.209662749999999981e-01,1.368634320000000071e-01,8.716234000000000481e-01,4.003215050000000219e-01,3.843018000000000128e-03,5.915000700000000444e-01,1.210184910000000058e-01,4.212795309999999849e-01,7.044017240000000069e-01,8.915734760000000314e-01,8.180765989999999599e-01,6.233284780000000191e-01
0.000000000000000000e+00,1.003682820000000031e-01,0.000000000000000000e+00,1.758612999999999982e-01,8.354194470000000372e-01,8.817790170000000538e-01,9.863512400000000457e-02,5.021239200000000152e-02,1.191797000000000082e-03,2.502279000000000048e-03,3.082000799999999943e-02,2.830233899999999927e-02,9.616084959999999793e-01,5.328509129999999816e-01,1.160000000000000064e-07,2.434977999999999969e-03,7.636149000000000062e-03,1.373671899999999793e-02,1.217056850000000079e-01,1.395708580000000198e-01,8.716234000000000481e-01,4.003215050000000219e-01,3.843018000000000128e-03,5.915000700000000444e-01,1.210184910000000058e-01,4.212795309999999849e-01,7.044017240000000069e-01,8.915734760000000314e-01,8.180765989999999599e-01,6.233284780000000191e-01
0.000000000000000000e+00,1.065674159999999981e-01,0.000000000000000000e+00,1.760394080000000083e-01,8.461532280000000350e-01,8.817790170000000538e-01,9.863512400000000457e-02,5.021239200000000152e-02,1.191797000000000082e-03,2.502279000000000048e-03,3.082000799999999943e-02,6.018414999999999182e-03,9.651121860000000385e-01,5.249146929999999323e-01,1.160000000000000064e-07,2.434977999999999969e-03,7.636149000000000062e-03,2.129341199999999767e-02,1.333757279999999990e-01,1.567739690000000130e-01,8.716234000000000481e-01,4.003215050000000219e-01,3.843018000000000128e-03,5.915000700000000444e-01,1.210184910000000058e-01,4.212795309999999849e-01,7.044017240000000069e-01,8.915734760000000314e-01,8.180765989999999599e-01,6.233284780000000191e-01
0.000000000000000000e+00,9.797346800000000799e-02,0.000000000000000000e+00,1.911919770000000129e-01,8.500425330000001001e-01,8.817790170000000538e-01,9.863512400000000457e-02,5.021239200000000152e-02,1.191797000000000082e-03,2.502279000000000048e-03,3.082000799999999943e-02,1.906496300000000074e-02,9.641061090000000444e-01,5.206873669999999565e-01,1.160000000000000064e-07,2.434977999999999969e-03,7.636149000000000062e-03,3.052723999999999716e-03,1.395121240000000151e-01,1.417869979999999974e-01,8.716234000000000481e-01,4.003215050000000219e-01,3.843018000000000128e-03,5.915000700000000444e-01,1.210184910000000058e-01,4.212795309999999849e-01,7.044017240000000069e-01,8.915734760000000314e-01,8.180765989999999599e-01,6.233284780000000191e-01
0.000000000000000000e+00,8.896038200000000451e-02,0.000000000000000000e+00,1.884568520000000080e-01,8.332200860000000819e-01,8.817790170000000538e-01,9.863512400000000457e-02,5.021239200000000152e-02,1.191797000000000082e-03,2.502279000000000048e-03,3.082000799999999943e-02,1.314772800000000089e-02,9.639145559999999779e-01,5.473027950000000086e-01,1.160000000000000064e-07,2.434977999999999969e-03,7.636149000000000062e-03,7.070176999999996936e-03,1.345261299999999938e-01,1.566338420000000231e-01,8.716234000000000481e-01,4.003215050000000219e-01,3.843018000000000128e-03,5.915000700000000444e-01,1.210184910000000058e-01,4.212795309999999849e-01,7.044017240000000069e-01,8.915734760000000314e-01,8.180765989999999599e-01,6.233284780000000191e-01
0.000000000000000000e+00,1.083311799999999991e-01,0.000000000000000000e+00,1.906566060000000062e-01,8.459338830000000531e-01,8.817790170000000538e-01,9.863512400000000457e-02,5.021239200000000152e-02,1.191797000000000082e-03,2.502279000000000048e-03,3.082000799999999943e-02,1.501883399999999827e-02,9.591965820000000198e-01,5.293540449999999398e-01,1.160000000000000064e-07,2.434977999999999969e-03,7.636149000000000062e-03,0.000000000000000000e+00,1.211418630000000024e-01,1.612466170000000087e-01,8.716234000000000481e-01,4.003215050000000219e-01,3.843018000000000128e-03,5.915000700000000444e-01,1.210184910000000058e-01,4.212795309999999849e-01,7.044017240000000069e-01,8.915734760000000314e-01,8.180765989999999599e-01,6.233284780000000191e-01
0.000000000000000000e+00,1.016051099999999985e-01,0.000000000000000000e+00,1.868220680000000078e-01,8.600798010000000327e-01,8.817790170000000538e-01,9.863512400000000457e-02,5.021239200000000152e-02,1.191797000000000082e-03,2.502279000000000048e-03,3.082000799999999943e-02,1.222083900000000070e-02,9.783622010000000424e-01,5.439598150000000132e-01,1.160000000000000064e-07,2.434977999999999969e-03,7.636149000000000062e-03,1.951996999999999760e-02,1.309273880000000057e-01,1.524186030000000136e-01,8.716234000000000481e-01,4.003215050000000219e-01,3.843018000000000128e-03,5.915000700000000444e-01,1.210184910000000058e-01,4.212795309999999849e-01,7.044017240000000069e-01,8.915734760000000314e-01,8.180765989999999599e-01,6.233284780000000191e-01
0.000000000000000000e+00,8.620187200000001271e-02,0.000000000000000000e+00,1.997322670000000189e-01,8.385579920000000298e-01,8.817790170000000538e-01,9.863512400000000457e-02,5.021239200000000152e-02,1.191797000000000082e-03,2.502279000000000048e-03,3.082000799999999943e-02,2.313569000000001430e-03,9.532430160000000541e-01,5.394340169999999324e-01,1.160000000000000064e-07,2.434977999999999969e-03,7.636149000000000062e-03,2.035229899999999731e-02,1.379175770000000134e-01,1.353037370000000073e-01,8.716234000000000481e-01,4.003215050000000219e-01,3.843018000000000128e-03,5.915000700000000444e-01,1.210184910000000058e-01,4.212795309999999849e-01,7.044017240000000069e-01,8.915734760000000314e-01,8.180765989999999599e-01,6.233284780000000191e-01
0.000000000000000000e+00,9.812923400000000962e-02,0.000000000000000000e+00,1.927035670000000200e-01,8.533975850000000696e-01,8.817790170000000538e-01,9.863512400000000457e-02,5.021239200000000152e-02,1.191797000000000082e-03,2.502279000000000048e-03,3.082000799999999943e-02,2.170550000000000257e-03,9.668916899999999703e-01,5.225729009999999786e-01,1.160000000000000064e-07,2.434977999999999969e-03,7.636149000000000062e-03,8.635567999999996247e-03,1.328646410000000055e-01,1.413110150000000120e-01,8.716234000000000481e-01,4.003215050000000219e-01,3.843018000000000128e-03,5.915000700000000444e-01,1.210184910000000058e-01,4.212795309999999849e-01,7.044017240000000069e-01,8.915734760000000314e-01,8.180765989999999599e-01,6.233284780000000191e-01
4.136245999999999673e-03,9.445783800000000230e-02,0.000000000000000000e+00,1.799003100000000077e-01,8.307179370000000729e-01,8.817790170000000538e-01,9.863512400000000457e-02,5.021239200000000152e-02,1.191797000000000082e-03,2.502279000000000048e-03,3.082000799999999943e-02,3.078504199999999857e-02,9.556198860000000295e-01,5.355793970000000126e-01,1.160000000000000064e-07,2.434977999999999969e-03,7.636149000000000062e-03,1.522987899999999825e-02,1.271222009999999902e-01,1.445284620000000242e-01,8.716234000000000481e-01,4.003215050000000219e-01,3.843018000000000128e-03,5.915000700000000444e-01,1.210184910000000058e-01,4.212795309999999849e-01,7.044017240000000069e-01,8.915734760000000314e-01,8.180765989999999599e-01,6.233284780000000191e-01
5.043657000000000001e-03,9.198907100000000558e-02,0.000000000000000000e+00,1.989219980000000165e-01,8.513091430000000459e-01,8.817790170000000538e-01,9.863512400000000457e-02,5.021239200000000152e-02,1.191797000000000082e-03,2.502279000000000048e-03,3.082000799999999943e-02,1.007944499999999938e-02,9.665198430000000451e-01,5.446100589999999242e-01,1.160000000000000064e-07,2.434977999999999969e-03,7.636149000000000062e-03,5.175894999999996332e-03,1.430371559999999986e-01,1.497561710000000212e-01,8.716234000000000481e-01,4.003215050000000219e-01,3.843018000000000128e-03,5.915000700000000444e-01,1.210184910000000058e-01,4.212795309999999849e-01,7.044017240000000069e-01,8.915734760000000314e-01,8.180765989999999599e-01,6.233284780000000191e-01
0.000000000000000000e+00,1.056111640000000074e-01,0.000000000000000000e+00,1.823074830000000202e-01,8.410163959999999994e-01,8.817790170000000538e-01,9.863512400000000457e-02,5.021239200000000152e-02,1.191797000000000082e-03,2.502279000000000048e-03,3.082000799999999943e-02,2.432882899999999973e-02,9.689083470000000586e-01,5.487191479999999899e-01,1.160000000000000064e-07,2.434977999999999969e-03,7.636149000000000062e-03,3.936741000000000545e-03,1.276910809999999841e-01,1.599370640000000177e-01,8.716234000000000481e-01,4.003215050000000219e-01,3.843018000000000128e-03,5.915000700000000444e-01,1.210184910000000058e-01,4.212795309999999849e-01,7.044017240000000069e-01,8.915734760000000314e-01,8.180765989999999599e-01,6.233284780000000191e-01
6.771065999999999196e-03,8.754178100000001295e-02,0.000000000000000000e+00,1.870019720000000163e-01,8.393314840000000165e-01,8.817790170000000538e-01,9.863512400000000457e-02,5.021239200000000152e-02,1.191797000000000082e-03,2.502279000000000048e-03,3.082000799999999943e-02,1.594728000000000118e-02,9.690214420000000661e-01,5.317572819999999423e-01,1.160000000000000064e-07,2.434977999999999969e-03,7.636149000000000062e-03,0.000000000000000000e+00,1.334796560000000021e-01,1.332092659999999928e-01,8.716234000000000481e-01,4.003215050000000219e-01,3.843018000000000128e-03,5.915000700000000444e-01,1.210184910000000058e-01,4.212795309999999849e-01,7.044017240000000069e-01,8.915734760000000314e-01,8.180765989999999599e-01,6.233284780000000191e-01
3.532031999999999186e-03,9.044610200000000044e-02,0.000000000000000000e+00,1.809583240000000037e-01,8.594034430000000446e-01,8.817790170000000538e-01,9.863512400000000457e-02,5.021239200000000152e-02,1.191797000000000082e-03,2.502279000000000048e-03,3.082000799999999943e-02,2.320194000000000076e-02,9.777456709999999829e-01,5.320113089999999323e-01,1.160000000000000064e-07,2.434977999999999969e-03,7.636149000000000062e-03,3.131299999999948014e-04,1.223988920000000091e-01,1.451322770000000040e-01,8.716234000000000481e-01,4.003215050000000219e-01,3.843018000000000128e-03,5.915000700000000444e-01,1.210184910000000058e-01,4.212795309999999849e-01,7.044017240000000069e-01,8.915734760000000314e-01,8.180765989999999599e-01,6.233284780000000191e-01
0.000000000000000000e+00,1.089668020000000015e-01,0.000000000000000000e+00,1.877380660000000090e-01,8.413343040000000883e-01,8.817790170000000538e-01,9.863512400000000457e-02,5.021239200000000152e-02,1.191797000000000082e-03,2.502279000000000048e-03,3.082000799999999943e-02,2.329661499999999968e-02,9.731724889999999739e-01,5.360641489999999898e-01,1.160000000000000064e-07,2.434977999999999969e-03,7.636149000000000062e-03,0.000000000000000000e+00,1.242477130000000096e-01,1.499323919999999977e-01,8.716234000000000481e-01,4.003215050000000219e-01,3.843018000000000128e-03,5.915000700000000444e-01,1.210184910000000058e-01,4.212795309999999849e-01,7.044017240000000069e-01,8.915734760000000314e-01,8.180765989999999599e-01,6.233284780000000191e-01
5.897938999999999612e-03,1.107045730000000006e-01,0.000000000000000000e+00,1.937214270000000016e-01,8.456933189999999989e-01,8.817790170000000538e-01,9.863512400000000457e-02,5.021239200000000152e-02,1.191797000000000082e-03,2.502279000000000048e-03,3.082000799999999943e-02,1.427949799999999811e-02,9.583042370000000032e-01,5.294993510000000070e-01,1.160000000000000064e-07,2.434977999999999969e-03,7.636149000000000062e-03,6.053392999999997193e-03,1.303691630000000101e-01,1.377693100000000059e-01,8.716234000000000481e-01,4.003215050000000219e-01,3.843018000000000128e-03,5.915000700000000444e-01,1.210184910000000058e-01,4.212795309999999849e-01,7.044017240000000069e-01,8.915734760000000314e-01,8.180765989999999599e-01,6.233284780000000191e-01
1.823410000000001002e-03,9.429324900000000953e-02,0.000000000000000000e+00,1.761135640000000002e-01,8.317202210000000928e-01,8.817790170000000538e-01,9.863512400000000457e-02,5.021239200000000152e-02,1.191797000000000082e-03,2.502279000000000048e-03,3.082000799999999943e-02,2.719056300000000093e-02,9.738625990000000510e-01,5.388292449999999567e-01,1.160000000000000064e-07,2.434977999999999969e-03,7.636149000000000062e-03,8.301091999999996029e-03,1.458298170000000005e-01,1.436965410000000110e-01,8.716234000000000481e-01,4.003215050000000219e-01,3.843018000000000128e-03,5.915000700000000444e-01,1.210184910000000058e-01,4.212795309999999849e-01,7.044017240000000069e-01,8.915734760000000314e-01,8.180765989999999599e-01,6.233284780000000191e-01
0.000000000000000000e+00,9.023736800000001224e-02,0.000000000000000000e+00,1.779516770000000025e-01,8.336356120000000258e-01,8.817790170000000538e-01,9.863512400000000457e-02,5.021239200000000152e-02,1.191797000000000082e-03,2.502279000000000048e-03,3.082000799999999943e-02,9.793251000000002815e-03,9.567310450000000577e-01,5.443956369999999323e-01,1.160000000000000064e-07,2.434977999999999969e-03,7.636149000000000062e-03,0.000000000000000000e+00,1.322536940000000050e-01,1.389866720000000055e-01,8.716234000000000481e-01,4.003215050000000219e-01,3.843018000000000128e-03,5.915000700000000444e-01,1.210184910000000058e-01,4.212795309999999849e-01,7.044017240000000069e-01,8.915734760000000314e-01,8.180765989999999599e-01,6.233284780000000191e-01
5.626561999999999883e-03,8.213470000000000493e-02,0.000000000000000000e+00,1.838707830000000099e-01,8.448901380000000128e-01,8.817790170000000538e-01,9.863512400000000457e-02,5.021239200000000152e-02,1.191797000000000082e-03,2.502279000000000048e-03,3.082000799999999943e-02,4.641428000000002996e-03,9.674360069999999867e-01,5.343824010000000069e-01,1.160000000000000064e-07,2.434977999999999969e-03,7.636149000000000062e-03,2.456283299999999920e-02,1.283152150000000102e-01,1.347897460000000158e-01,8.716234000000000481e-01,4.003215050000000219e-01,3.843018000000000128e-03,5.915000700000000444e-01,1.210184910000000058e-01,4.212795309999999849e-01,7.044017240000000069e-01,8.915734760000000314e-01,8.180765989999999599e-01,6.233284780000000191e-01
7.312024999999999775e-03,1.044904930000000037e-01,0.000000000000000000e+00,1.904293180000000141e-01,8.526247880000000778e-01,8.817790170000000538e-01,9.863512400000000457e-02,5.021239200000000152e-02,1.191797000000000082e-03,2.502279000000000048e-03,3.082000799999999943e-02,1.201719500000000135e-02,9.528358329999999654e-01,5.434820619999999325e-01,1.160000000000000064e-07,2.434977999999999969e-03,7.636149000000000062e-03,3.630960999999995054e-03,1.257343790000000072e-01,1.583539490000000216e-01,8.716234000000000481e-01,4.003215050000000219e-01,3.843018000000000128e-03,5.915000700000000444e-01,1.210184910000000058e-01,4.212795309999999849e-01,7.044017240000000069e-01,8.915734760000000314e-01,8.180765989999999599e-01,6.233284780000000191e-01
0.000000000000000000e+00,1.081290810000000019e-01,0.000000000000000000e+00,1.984300390000000025e-01,8.489943189999999973e-01,8.817790170000000538e-01,9.863512400000000457e-02,5.021239200000000152e-02,1.191797000000000082e-03,2.502279000000000048e-03,3.082000799999999943e-02,2.411411200000000005e-02,9.605206130000000231e-01,5.380249719999999902e-01,1.160000000000000064e-07,2.434977999999999969e-03,7.636149000000000062e-03,1.591012399999999771e-02,1.460758610000000013e-01,1.481263140000000089e-01,8.716234000000000481e-01,4.003215050000000219e-01,3.843018000000000128e-03,5.915000700000000444e-01,1.210184910000000058e-01,4.212795309999999849e-01,7.044017240000000069e-01,8.915734760000000314e-01,8.180765989999999599e-01,6.233284780000000191e-01
2.114279000000000158e-03,1.079146240000000007e-01,0.000000000000000000e+00,2.018237690000000140e-01,8.399856200000000994e-01,8.817790170000000538e-01,9.863512400000000457e-02,5.021239200000000152e-02,1.191797000000000082e-03,2.502279000000000048e-03,3.082000799999999943e-02,9.377916000000000030e-03,9.680260520000000257e-01,5.260885539999999860e-01,1.160000000000000064e-07,2.434977999999999969e-03,7.636149000000000062e-03,1.830848199999999745e-02,1.261519289999999960e-01,1.541362920000000081e-01,8.716234000000000481e-01,4.003215050000000219e-01,3.843018000000000128e-03,5.915000700000000444e-01,1.210184910000000058e-01,4.212795309999999849e-01,7.044017240000000069e-01,8.915734760000000314e-01,8.180765989999999599e-01,6.233284780000000191e-01
3.351072499999999815e-02,1.426662469999999960e-01,3.951451599999999953e-02,2.458500510000000139e-01,8.850352020000000763e-01,8.817790170000000538e-01,9.863512400000000457e-02,5.021239200000000152e-02,1.191797000000000082e-03,2.502279000000000048e-03,3.082000799999999943e-02,7.017423100000000358e-02,1.000000000000000000e+00,5.899503819999999399e-01,1.160000000000000064e-07,2.434977999999999969e-03,7.636149000000000062e-03,6.492469200000000606e-02,1.722236279999999897e-01,2.100265410000000110e-01,8.716234000000000481e-01,4.003215050000000219e-01,3.843018000000000128e-03,5.915000700000000444e-01,1.210184910000000058e-01,4.212795309999999849e-01,7.044017240000000069e-01,8.915734760000000314e-01,8.180765989999999599e-01,6.233284780000000191e-01
4.638715899999999726e-02,1.462702409999999953e-01,4.456119199999999947e-02,2.525233190000000238e-01,9.096873640000000538e-01,8.817790170000000538e-01,9.863512400000000457e-02,5.021239200000000152e-02,1.191797000000000082e-03,2.502279000000000048e-03,3.082000799999999943e-02,7.329804800000000453e-02,1.000000000000000000e+00,5.857631660000000018e-01,1.160000000000000064e-07,2.434977999999999969e-03,7.636149000000000062e-03,5.612344999999999834e-02,1.993866330000000076e-01,2.060048919999999950e-01,8.716234000000000481e-01,4.003215050000000219e-01,3.843018000000000128e-03,5.915000700000000444e-01,1.210184910000000058e-01,4.212795309999999849e-01,7.044017240000000069e-01,8.915734760000000314e-01,8.180765989999999599e-01,6.233284780000000191e-01
4.633456600000000064e-02,1.582180810000000104e-01,2.782767900000000100e-02,2.498112010000000105e-01,8.970553010000000826e-01,8.817790170000000538e-01,9.863512400000000457e-02,5.021239200000000152e-02,1.191797000000000082e-03,2.502279000000000048e-03,3.082000799999999943e-02,6.434170000000000167e-02,1.000000000000000000e+00,5.828944189999999415e-01,1.160000000000000064e-07,2.434977999999999969e-03,7.636149000000000062e-03,4.719014099999999795e-02,1.968695280000000158e-01,1.991537600000000130e-01,8.716234000000000481e-01,4.003215050000000219e-01,3.843018000000000128e-03,5.915000700000000444e-01,1.210184910000000058e-01,4.212795309999999849e-01,7.044017240000000069e-01,8.915734760000000314e-01,8.180765989999999599e-01,6.233284780000000191e-01
3.821985399999999755e-02,1.504792159999999990e-01,1.709413900000000125e-02,2.500448869999999935e-01,8.856760540000000459e-01,8.817790170000000538e-01,9.863512400000000457e-02,5.021239200000000152e-02,1.191797000000000082e-03,2.502279000000000048e-03,3.082000799999999943e-02,5.701668199999999909e-02,1.000000000000000000e+00,5.780820079999999805e-01,1.160000000000000064e-07,2.434977999999999969e-03,7.636149000000000062e-03,4.864468899999999790e-02,1.837961260000000041e-01,2.102880630000000250e-01,8.716234000000000481e-01,4.003215050000000219e-01,3.843018000000000128e-03,5.915000700000000444e-01,1.210184910000000058e-01,4.212795309999999849e-01,7.044017240000000069e-01,8.915734760000000314e-01,8.180765989999999599e-01,6.233284780000000191e-01
3.468712999999999658e-02,1.366875359999999984e-01,4.452822800000000303e-02,2.437130220000000014e-01,9.030408120000000816e-01,8.817790170000000538e-01,9.863512400000000457e-02,5.021239200000000152e-02,1.191797000000000082e-03,2.502279000000000048e-03,3.082000799999999943e-02,5.930707100000000287e-02,1.000000000000000000e+00,5.714557719999999730e-01,1.160000000000000064e-07,2.434977999999999969e-03,7.636149000000000062e-03,7.555968199999998913e-02,1.728905219999999909e-01,2.066810220000000198e-01,8.716234000000000481e-01,4.003215050000000219e-01,3.843018000000000128e-03,5.915000700000000444e-01,1.210184910000000058e-01,4.212795309999999849e-01,7.044017240000000069e-01,8.915734760000000314e-01,8.180765989999999599e-01,6.233284780000000191e-01
5.476901300000000528e-02,1.420628100000000116e-01,4.186593599999999943e-02,2.312419660000000210e-01,8.964577840000000908e-01,8.817790170000000538e-01,9.863512400000000457e-02,5.021239200000000152e-02,1.191797000000000082e-03,2.502279000000000048e-03,3.082000799999999943e-02,5.414435700000000407e-02,1.000000000000000000e+00,5.944739980000000035e-01,1.160000000000000064e-07,2.434977999999999969e-03,7.636149000000000062e-03,6.267711600000000494e-02,1.765964600000000106e-01,2.035967920000000264e-01,8.716234000000000481e-01,4.003215050000000219e-01,3.843018000000000128e-03,5.915000700000000444e-01,1.210184910000000058e-01,4.212795309999999849e-01,7.044017240000000069e-01,8.915734760000000314e-01,8.180765989999999599e-01,6.233284780000000191e-01
5.237113000000000185e-02,1.433984239999999966e-01,4.557545699999999977e-02,2.260156209999999999e-01,8.882730270000001038e-01,8.817790170000000538e-01,9.863512400000000457e-02,5.021239200000000152e-02,1.191797000000000082e-03,2.502279000000000048e-03,3.082000799999999943e-02,5.292551599999999884e-02,1.000000000000000000e+00,5.718345139999999605e-01,1.160000000000000064e-07,2.434977999999999969e-03,7.636149000000000062e-03,5.426822700000000221e-02,1.845641580000000059e-01,1.834117350000000202e-01,8.716234000000000481e-01,4.003215050000000219e-01,3.843018000000000128e-03,5.915000700000000444e-01,1.210184910000000058e-01,4.212795309999999849e-01,7.044017240000000069e-01,8.915734760000000314e-01,8.180765989999999599e-01,6.233284780000000191e-01
4.333147600000000071e-02,1.429198540000000128e-01,4.258244500000000349e-02,2.443233720000000109e-01,8.944764260000001022e-01,8.817790170000000538e-01,9.863512400000000457e-02,5.021239200000000152e-02,1.191797000000000082e-03,2.502279000000000048e-03,3.082000799999999943e-02,7.479467800000000333e-02,1.000000000000000000e+00,5.991240220000000338e-01,1.160000000000000064e-07,2.434977999999999969e-03,7.636149000000000062e-03,5.977190899999999807e-02,1.903107300000000113e-01,1.884288920000000145e-01,8.716234000000000481e-01,4.003215050000000219e-01,3.843018000000000128e-03,5.915000700000000444e-01,1.210184910000000058e-01,4.212795309999999849e-01,7.044017240000000069e-01,8.915734760000000314e-01,8.180765989999999599e-01,6.233284780000000191e-01
3.634566799999999764e-02,1.347330110000000136e-01,3.204501199999999772e-02,2.361323030000000156e-01,8.918456060000000685e-01,8.817790170000000538e-01,9.863512400000000457e-02,5.021239200000000152e-02,1.191797000000000082e-03,2.502279000000000048e-03,3.082000799999999943e-02,8.022260999999999975e-02,1.000000000000000000e+00,5.744005399999999595e-01,1.160000000000000064e-07,2.434977999999999969e-03,7.636149000000000062e-03,5.497254399999999819e-02,1.885460890000000000e-01,1.977682760000000206e-01,8.716234000000000481e-01,4.003215050000000219e-01,3.843018000000000128e-03,5.915000700000000444e-01,1.210184910000000058e-01,4.212795309999999849e-01,7.044017240000000069e-01,8.915734760000000314e-01,8.180765989999999599e-01,6.233284780000000191e-01
4.579850099999999841e-02,1.376162230000000097e-01,3.632462999999999664e-02,2.376589630000000009e-01,8.959735370000000421e-01,8.817790170000000538e-01,9.863512400000000457e-02,5.021239200000000152e-02,1.191797000000000082e-03,2.502279000000000048e-03,3.082000799999999943e-02,7.757946200000000181e-02,1.000000000000000000e+00,5.871957030000000133e-01,1.160000000000000064e-07,2.434977999999999969e-03,7.636149000000000062e-03,6.111275799999999619e-02,1.768035109999999965e-01,2.050253610000000171e-01,8.716234000000000481e-01,4.003215050000000219e-01,3.843018000000000128e-03,5.915000700000000444e-01,1.210184910000000058e-01,4.212795309999999849e-01,7.044017240000000069e-01,8.915734760000000314e-01,8.180765989999999599e-01,6.233284780000000191e-01
5.569741599999999959e-02,1.367553440000000009e-01,3.847838900000000173e-02,2.322265540000000017e-01,9.036529150000000010e-01,8.817790170000000538e-01,9.863512400000000457e-02,5.021239200000000152e-02,1.191797000000000082e-03,2.502279000000000048e-03,3.082000799999999943e-02,6.091462300000000107e-02,1.000000000000000000e+00,6.003138510000000094e-01,1.160000000000000064e-07,2.434977999999999969e-03,7.636149000000000062e-03,7.502337600000000273e-02,1.923915260000000071e-01,1.938435800000000153e-01,8.716234000000000481e-01,4.003215050000000219e-01,3.843018000000000128e-03,5.915000700000000444e-01,1.210184910000000058e-01,4.212795309999999849e-01,7.044017240000000069e-01,8.915734760000000314e-01,8.180765989999999599e-01,6.233284780000000191e-01
3.073438800000000137e-02,1.437356559999999894e-01,2.821666199999999999e-02,2.350993769999999983e-01,9.018502210000000074e-01,8.817790170000000538e-01,9.863512400000000457e-02,5.021239200000000152e-02,1.191797000000000082e-03,2.502279000000000048e-03,3.082000799999999943e-02,7.122166600000000292e-02,1.000000000000000000e+00,5.745946549999999542e-01,1.160000000000000064e-07,2.434977999999999969e-03,7.636149000000000062e-03,5.269232599999999767e-02,1.997154070000000115e-01,1.909631140000000171e-01,8.716234000000000481e-01,4.003215050000000219e-01,3.843018000000000128e-03,5.915000700000000444e-01,1.210184910000000058e-01,4.212795309999999849e-01,7.044017240000000069e-01,8.915734760000000314e-01,8.180765989999999599e-01,6.233284780000000191e-01
3.980994399999999989e-02,1.546150629999999970e-01,1.745313700000000051e-02,2.508263669999999945e-01,9.063159110000000851e-01,8.817790170000000538e-01,9.863512400000000457e-02,5.021239200000000152e-02,1.191797000000000082e-03,2.502279000000000048e-03,3.082000799999999943e-02,7.714638800000001018e-02,1.000000000000000000e+00,5.739329469999999711e-01,1.160000000000000064e-07,2.434977999999999969e-03,7.636149000000000062e-03,5.360293599999999686e-02,1.784215799999999963e-01,2.032173999999999925e-01,8.716234000000000481e-01,4.003215050000000219e-01,3.843018000000000128e-03,5.915000700000000444e-01,1.210184910000000058e-01,4.212795309999999849e-01,7.044017240000000069e-01,8.915734760000000314e-01,8.180765989999999599e-01,6.233284780000000191e-01
3.323166899999999840e-02,1.316515629999999992e-01,3.035407899999999909e-02,2.479065569999999996e-01,8.990763010000000222e-01,8.817790170000000538e-01,9.863512400000000457e-02,5.021239200000000152e-02,1.191797000000000082e-03,2.502279000000000048e-03,3.082000799999999943e-02,7.730394599999999838e-02,1.000000000000000000e+00,5.940862139999999458e-01,1.160000000000000064e-07,2.434977999999999969e-03,7.636149000000000062e-03,4.826975199999999910e-02,1.991469770000000028e-01,1.894623100000000226e-01,8.716234000000000481e-01,4.003215050000000219e-01,3.843018000000000128e-03,5.915000700000000444e-01,1.210184910000000058e-01,4.212795309999999849e-01,7.044017240000000069e-01,8.915734760000000314e-01,8.180765989999999599e-01,6.233284780000000191e-01
3.363191799999999676e-02,1.433229139999999957e-01,3.763779999999999903e-02,2.318014070000000149e-01,9.004067050000000849e-01,8.817790170000000538e-01,9.863512400000000457e-02,5.021239200000000152e-02,1.191797000000000082e-03,2.502279000000000048e-03,3.082000799999999943e-02,5.806371000000000449e-02,1.000000000000000000e+00,6.000933389999999479e-01,1.160000000000000064e-07,2.434977999999999969e-03,7.636149000000000062e-03,6.837076300000000106e-02,1.911334040000000067e-01,1.866547330000000171e-01,8.716234000000000481e-01,4.003215050000000219e-01,3.843018000000000128e-03,5.915000700000000444e-01,1.210184910000000058e-01,4.212795309999999849e-01,7.044017240000000069e-01,8.915734760000000314e-01,8.180765989999999599e-01,6.233284780000000191e-01
4.058978700000000217e-02,1.499324770000000084e-01,3.432754200000000255e-02,2.396853959999999950e-01,8.816567680000000351e-01,8.817790170000000538e-01,9.863512400000000457e-02,5.021239200000000152e-02,1.191797000000000082e-03,2.502279000000000048e-03,3.082000799999999943e-02,7.435437599999999980e-02,1.000000000000000000e+00,5.957294589999999612e-01,1.160000000000000064e-07,2.434977999999999969e-03,7.636149000000000062e-03,6.364116499999999954e-02,1.712804709999999897e-01,1.943556730000000066e-01,8.716234000000000481e-01,4.003215050000000219e-01,3.843018000000000128e-03,5.915000700000000444e-01,1.210184910000000058e-01,4.212795309999999849e-01,7.044017240000000069e-01,8.915734760000000314e-01,8.180765989999999599e-01,6.233284780000000191e-01
3.246664400000000283e-02,1.527945109999999940e-01,3.089654300000000200e-02,2.236246729999999960e-01,9.062061880000000791e-01,8.817790170000000538e-01,9.863512400000000457e-02,5.021239200000000152e-02,1.191797000000000082e-03,2.502279000000000048e-03,3.082000799999999943e-02,7.564397300000000324e-02,1.000000000000000000e+00,5.803870500000000154e-01,1.160000000000000064e-07,2.434977999999999969e-03,7.636149000000000062e-03,7.532129399999999697e-02,1.762934770000000040e-01,1.887432670000000201e-01,8.716234000000000481e-01,4.003215050000000219e-01,3.843018000000000128e-03,5.915000700000000444e-01,1.210184910000000058e-01,4.212795309999999849e-01,7.044017240000000069e-01,8.915734760000000314e-01,8.180765989999999599e-01,6.233284780000000191e-01
2.852547100000000016e-02,1.542511069999999984e-01,4.115915800000000124e-02,2.395517570000000040e-01,9.087770219999999899e-01,8.817790170000000538e-01,9.863512400000000457e-02,5.021239200000000152e-02,1.191797000000000082e-03,2.502279000000000048e-03,3.082000799999999943e-02,5.653676700000000166e-02,1.000000000000000000e+00,5.759593259999999937e-01,1.160000000000000064e-07,2.434977999999999969e-03,7.636149000000000062e-03,6.863662300000000771e-02,1.804946080000000008e-01,2.098314860000000115e-01,8.716234000000000481e-01,4.003215050000000219e-01,3.843018000000000128e-03,5.915000700000000444e-01,1.210184910000000058e-01,4.212795309999999849e-01,7.044017240000000069e-01,8.915734760000000314e-01,8.180765989999999599e-01,6.233284780000000191e-01
4.239105799999999535e-02,1.591362450000000095e-01,3.970346400000000081e-02,2.526725180000000126e-01,8.972265670000000304e-01,8.817790170000000538e-01,9.863512400000000457e-02,5.021239200000000152e-02,1.191797000000000082e-03,2.502279000000000048e-03,3.082000799999999943e-02,7.490342199999999728e-02,1.000000000000000000e+00,5.951281629999999323e-01,1.160000000000000064e-07,2.434977999999999969e-03,7.636149000000000062e-03,6.252416099999999477e-02,1.869321270000000035e-01,1.877228900000000034e-01,8.716234000000000481e-01,4.003215050000000219e-01,3.843018000000000128e-03,5.915000700000000444e-01,1.210184910000000058e-01,4.212795309999999849e-01,7.044017240000000069e-01,8.915734760000000314e-01,8.180765989999999599e-01,6.233284780000000191e-01
4.600913699999999856e-02,1.370985690000000035e-01,2.179484300000000124e-02,2.371655420000000070e-01,9.002887880000000065e-01,8.817790170000000538e-01,9.863512400000000457e-02,5.021239200000000152e-02,1.191797000000000082e-03,2.502279000000000048e-03,3.082000799999999943e-02,5.623831799999999548e-02,1.000000000000000000e+00,5.943626289999999202e-01,1.160000000000000064e-07,2.434977999999999969e-03,7.636149000000000062e-03,7.146845299999998735e-02,1.747161299999999973e-01,1.969222250000000063e-01,8.716234000000000481e-01,4.003215050000000219e-01,3.843018000000000128e-03,5.915000700000000444e-01,1.210184910000000058e-01,4.212795309999999849e-01,7.044017240000000069e-01,8.915734760000000314e-01,8.180765989999999599e-01,6.233284780000000191e-01
4.185870699999999500e-02,1.487639350000000138e-01,1.786593900000000082e-02,2.426604380000000061e-01,8.932421610000000900e-01,8.817790170000000538e-01,9.863512400000000457e-02,5.021239200000000152e-02,1.191797000000000082e-03,2.502279000000000048e-03,3.082000799999999943e-02,5.394943299999999803e-02,1.000000000000000000e+00,5.877909500000000342e-01,1.160000000000000064e-07,2.434977999999999969e-03,7.636149000000000062e-03,5.737631899999999507e-02,1.959117599999999904e-01,1.953277949999999985e-01,8.716234000000000481e-01,4.003215050000000219e-01,3.843018000000000128e-03,5.915000700000000444e-01,1.210184910000000058e-01,4.212795309999999849e-01,7.044017240000000069e-01,8.915734760000000314e-01,8.180765989999999599e-01,6.233284780000000191e-01
2.976971600000000162e-02,1.615857800000000122e-01,1.869472100000000095e-02,2.513638460000000019e-01,9.057447040000000671e-01,8.817790170000000538e-01,9.863512400000000457e-02,5.021239200000000152e-02,1.191797000000000082e-03,2.502279000000000048e-03,3.082000799999999943e-02,6.675832199999999494e-02,1.000000000000000000e+00,5.923681579999999780e-01,1.160000000000000064e-07,2.434977999999999969e-03,7.636149000000000062e-03,6.287768600000000208e-02,1.790362490000000084e-01,1.928211190000000130e-01,8.716234000000000481e-01,4.003215050000000219e-01,3.843018000000000128e-03,5.915000700000000444e-01,1.210184910000000058e-01,4.212795309999999849e-01,7.044017240000000069e-01,8.915734760000000314e-01,8.180765989999999599e-01,6.233284780000000191e-01
3.934315099999999982e-02,1.338080899999999906e-01,3.671530200000000521e-02,2.512690599999999885e-01,9.050082070000000645e-01,8.817790170000000538e-01,9.863512400000000457e-02,5.021239200000000152e-02,1.191797000000000082e-03,2.502279000000000048e-03,3.082000799999999943e-02,7.258111500000000160e-02,1.000000000000000000e+00,5.975733970000000062e-01,1.160000000000000064e-07,2.434977999999999969e-03,7.636149000000000062e-03,6.421806099999999295e-02,1.948987440000000126e-01,2.070866719999999994e-01,8.716234000000000481e-01,4.003215050000000219e-01,3.843018000000000128e-03,5.915000700000000444e-01,1.210184910000000058e-01,4.212795309999999849e-01,7.044017240000000069e-01,8.915734760000000314e-01,8.180765989999999599e-01,6.233284780000000191e-01
3.655367899999999864e-02,1.319700460000000075e-01,4.052153900000000225e-02,2.279795680000000213e-01,8.843836130000000129e-01,8.817790170000000538e-01,9.863512400000000457e-02,5.021239200000000152e-02,1.191797000000000082e-03,2.502279000000000048e-03,3.082000799999999943e-02,5.343388899999999830e-02,1.000000000000000000e+00,5.880843649999999423e-01,1.160000000000000064e-07,2.434977999999999969e-03,7.636149000000000062e-03,6.456375899999999834e-02,1.824984930000000116e-01,2.052645310000000001e-01,8.716234000000000481e-01,4.003215050000000219e-01,3.843018000000000128e-03,5.915000700000000444e-01,1.210184910000000058e-01,4.212795309999999849e-01,7.044017240000000069e-01,8.915734760000000314e-01,8.180765989999999599e-01,6.233284780000000191e-01
5.039179500000000311e-02,1.485236669999999981e-01,3.881962800000000186e-02,2.495258519999999924e-01,8.845261040000000907e-01,8.817790170000000538e-01,9.863512400000000457e-02,5.021239200000000152e-02,1.191797000000000082e-03,2.502279000000000048e-03,3.082000799999999943e-02,5.314470000000000305e-02,1.000000000000000000e+00,5.792225850000000120e-01,1.160000000000000064e-07,2.434977999999999969e-03,7.636149000000000062e-03,7.084680399999999934e-02,1.791720290000000104e-01,1.845530999999999977e-01,8.716234000000000481e-01,4.003215050000000219e-01,3.843018000000000128e-03,5.915000700000000444e-01,1.210184910000000058e-01,4.212795309999999849e-01,7.044017240000000069e-01,8.915734760000000314e-01,8.180765989999999599e-01,6.233284780000000191e-01
5.075298599999999993e-02,1.410001170000000081e-01,2.767576299999999906e-02,2.291790949999999993e-01,9.011954760000000508e-01,8.817790170000000538e-01,9.863512400000000457e-02,5.021239200000000152e-02,1.191797000000000082e-03,2.502279000000000048e-03,3.082000799999999943e-02,5.570200100000000099e-02,1.000000000000000000e+00,5.904874860000000059e-01,1.160000000000000064e-07,2.434977999999999969e-03,7.636149000000000062e-03,6.946203400000000583e-02,1.889244860000000026e-01,2.072526490000000110e-01,8.716234000000000481e-01,4.003215050000000219e-01,3.843018000000000128e-03,5.915000700000000444e-01,1.210184910000000058e-01,4.212795309999999849e-01,7.044017240000000069e-01,8.915734760000000314e-01,8.180765989999999599e-01,6.233284780000000191e-01
5.508986700000000070e-02,1.518092080000000010e-01,1.975512299999999943e-02,2.342575239999999948e-01,8.946853070000000407e-01,8.817790170000000538e-01,9.863512400000000457e-02,5.021239200000000152e-02,1.191797000000000082e-03,2.502279000000000048e-03,3.082000799999999943e-02,7.555911299999999720e-02,1.000000000000000000e+00,5.921863149999999631e-01,1.160000000000000064e-07,2.434977999999999969e-03,7.636149000000000062e-03,6.507027399999999739e-02,1.715649820000000048e-01,2.068289930000000165e-01,8.716234000000000481e-01,4.003215050000000219e-01,3.843018000000000128e-03,5.915000700000000444e-01,1.210184910000000058e-01,4.212795309999999849e-01,7.044017240000000069e-01,8.915734760000000314e-01,8.180765989999999599e-01,6.233284780000000191e-01
4.270030099999999607e-02,1.394618440000000015e-01,1.756235700000000066e-02,2.382580270000000111e-01,8.978641440000000307e-01,8.817790170000000538e-01,9.863512400000000457e-02,5.021239200000000152e-02,1.191797000000000082e-03,2.502279000000000048e-03,3.082000799999999943e-02,6.820995200000000425e-02,1.000000000000000000e+00,5.849352349999999978e-01,1.160000000000000064e-07,2.434977999999999969e-03,7.636149000000000062e-03,7.217290099999999764e-02,1.986075979999999963e-01,1.824922790000000072e-01,8.716234000000000481e-01,4.003215050000000219e-01,3.843018000000000128e-03,5.915000700000000444e-01,1.210184910000000058e-01,4.212795309999999849e-01,7.044017240000000069e-01,8.915734760000000314e-01,8.180765989999999599e-01,6.233284780000000191e-01
5.644989100000000204e-02,1.520410090000000047e-01,2.660427099999999878e-02,2.352557970000000165e-01,8.993824940000000323e-01,8.817790170000000538e-01,9.863512400000000457e-02,5.021239200000000152e-02,1.191797000000000082e-03,2.502279000000000048e-03,3.082000799999999943e-02,7.544085200000000269e-02,1.000000000000000000e+00,5.774470379999999681e-01,1.160000000000000064e-07,2.434977999999999969e-03,7.636149000000000062e-03,7.004379299999999309e-02,1.994584449999999842e-01,1.963778230000000069e-01,8.716234000000000481e-01,4.003215050000000219e-01,3.843018000000000128e-03,5.915000700000000444e-01,1.210184910000000058e-01,4.212795309999999849e-01,7.044017240000000069e-01,8.915734760000000314e-01,8.180765989999999599e-01,6.233284780000000191e-01
2.982442600000000110e-02,1.418914940000000069e-01,3.307068300000000349e-02,2.337412779999999968e-01,9.094501720000000011e-01,8.817790170000000538e-01,9.863512400000000457e-02,5.021239200000000152e-02,1.191797000000000082e-03,2.502279000000000048e-03,3.082000799999999943e-02,6.887960399999999705e-02,1.000000000000000000e+00,5.735031609999999835e-01,1.160000000000000064e-07,2.434977999999999969e-03,7.636149000000000062e-03,7.196319800000000599e-02,1.915939990000000148e-01,1.832874490000000189e-01,8.716234000000000481e-01,4.003215050000000219e-01,3.843018000000000128e-03,5.915000700000000444e-01,1.210184910000000058e-01,4.212795309999999849e-01,7.044017240000000069e-01,8.915734760000000314e-01,8.180765989999999599e-01,6.233284780000000191e-01
2.916634499999999977e-02,1.372323020000000005e-01,4.237023100000000125e-02,2.487725760000000230e-01,8.831780170000000929e-01,8.817790170000000538e-01,9.863512400000000457e-02,5.021239200000000152e-02,1.191797000000000082e-03,2.502279000000000048e-03,3.082000799999999943e-02,7.090952200000000261e-02,1.000000000000000000e+00,5.807451999999999614e-01,1.160000000000000064e-07,2.434977999999999969e-03,7.636149000000000062e-03,6.089638699999999627e-02,1.951601619999999981e-01,1.816199410000000070e-01,8.716234000000000481e-01,4.003215050000000219e-01,3.843018000000000128e-03,5.915000700000000444e-01,1.210184910000000058e-01,4.212795309999999849e-01,7.044017240000000069e-01,8.915734760000000314e-01,8.180765989999999599e-01,6.233284780000000191e-01
3.515557500000000141e-02,1.525343920000000186e-01,4.150030899999999912e-02,2.439759519999999959e-01,9.088900540000000028e-01,8.817790170000000538e-01,9.863512400000000457e-02,5.021239200000000152e-02,1.191797000000000082e-03,2.502279000000000048e-03,3.082000799999999943e-02,7.840660399999999086e-02,1.000000000000000000e+00,5.928235509999999486e-01,1.160000000000000064e-07,2.434977999999999969e-03,7.636149000000000062e-03,6.426340999999999304e-02,1.770064150000000003e-01,1.913598910000000042e-01,8.716234000000000481e-01,4.003215050000000219e-01,3.843018000000000128e-03,5.915000700000000444e-01,1.210184910000000058e-01,4.212795309999999849e-01,7.044017240000000069e-01,8.915734760000000314e-01,8.180765989999999599e-01,6.233284780000000191e-01
5.529626099999999933e-02,1.373817589999999922e-01,2.683666399999999966e-02,2.244954580000000088e-01,8.899921850000001022e-01,8.817790170000000538e-01,9.863512400000000457e-02,5.021239200000000152e-02,1.191797000000000082e-03,2.502279000000000048e-03,3.082000799999999943e-02,7.068330000000000446e-02,1.000000000000000000e+00,5.987335979999999225e-01,1.160000000000000064e-07,2.434977999999999969e-03,7.636149000000000062e-03,5.689575099999999441e-02,1.814988270000000015e-01,2.069383530000000193e-01,8.716234000000000481e-01,4.003215050000000219e-01,3.843018000000000128e-03,5.915000700000000444e-01,1.210184910000000058e-01,4.212795309999999849e-01,7.044017240000000069e-01,8.915734760000000314e-01,8.180765989999999599e-01,6.233284780000000191e-01
5.667299500000000378e-02,1.477290290000000117e-01,3.743303500000000339e-02,2.446095799999999931e-01,9.052462750000001002e-01,8.817790170000000538e-01,9.863512400000000457e-02,5.021239200000000152e-02,1.191797000000000082e-03,2.502279000000000048e-03,3.082000799999999943e-02,5.672318800000000077e-02,1.000000000000000000e+00,5.918663549999999551e-01,1.160000000000000064e-07,2.434977999999999969e-03,7.636149000000000062e-03,7.430463399999999441e-02,1.844922220000000113e-01,2.016277750000000091e-01,8.716234000000000481e-01,4.003215050000000219e-01,3.843018000000000128e-03,5.915000700000000444e-01,1.210184910000000058e-01,4.212795309999999849e-01,7.044017240000000069e-01,8.915734760000000314e-01,8.180765989999999599e-01,6.233284780000000191e-01
5.736771300000000073e-02,1.588444810000000096e-01,2.929040200000000010e-02,2.369643080000000124e-01,8.846598770000000389e-01,8.817790170000000538e-01,9.863512400000000457e-02,5.021239200000000152e-02,1.191797000000000082e-03,2.502279000000000048e-03,3.082000799999999943e-02,5.952796300000000318e-02,1.000000000000000000e+00,5.723486689999999211e-01,1.160000000000000064e-07,2.434977999999999969e-03,7.636149000000000062e-03,5.334856400000000110e-02,1.872667670000000006e-01,2.005608570000000090e-01,8.716234000000000481e-01,4.003215050000000219e-01,3.843018000000000128e-03,5.915000700000000444e-01,1.210184910000000058e-01,4.212795309999999849e-01,7.044017240000000069e-01,8.915734760000000314e-01,8.180765989999999599e-01,6.233284780000000191e-01
5.462564999999999782e-02,1.453071420000000002e-01,4.138209899999999858e-02,2.328724410000000133e-01,8.859988690000000222e-01,8.817790170000000538e-01,9.863512400000000457e-02,5.021239200000000152e-02,1.191797000000000082e-03,2.502279000000000048e-03,3.082000799999999943e-02,7.284180600000000894e-02,1.000000000000000000e+00,5.942279269999999336e-01,1.160000000000000064e-07,2.434977999999999969e-03,7.636149000000000062e-03,5.674091500000000288e-02,1.928695870000000090e-01,1.986274410000000157e-01,8.716234000000000481e-01,4.003215050000000219e-01,3.843018000000000128e-03,5.915000700000000444e-01,1.210184910000000058e-01,4.212795309999999849e-01,7.044017240000000069e-01,8.915734760000000314e-01,8.180765989999999599e-01,6.233284780000000191e-01
3.666710600000000486e-02,1.550740489999999916e-01,2.514595700000000003e-02,2.455010210000000137e-01,8.829589290000000590e-01,8.817790170000000538e-01,9.863512400000000457e-02,5.021239200000000152e-02,1.191797000000000082e-03,2.502279000000000048e-03,3.082000799999999943e-02,7.046483800000000186e-02,1.000000000000000000e+00,5.817867359999999710e-01,1.160000000000000064e-07,2.434977999999999969e-03,7.636149000000000062e-03,6.229744999999999727e-02,1.742741879999999965e-01,1.854703649999999981e-01,8.716234000000000481e-01,4.003215050000000219e-01,3.843018000000000128e-03,5.915000700000000444e-01,1.210184910000000058e-01,4.212795309999999849e-01,7.044017240000000069e-01,8.915734760000000314e-01,8.180765989999999599e-01,6.233284780000000191e-01
5.599795999999999940e-02,1.400391670000000199e-01,2.791060199999999963e-02,2.249608020000000153e-01,9.064836980000000599e-01,8.817790170000000538e-01,9.863512400000000457e-02,5.021239200000000152e-02,1.191797000000000082e-03,2.502279000000000048e-03,3.082000799999999943e-02,5.553735699999999553e-02,1.000000000000000000e+00,5.950544689999999193e-01,1.160000000000000064e-07,2.434977999999999969e-03,7.636149000000000062e-03,5.122036699999999582e-02,1.870717219999999958e-01,2.083120770000000122e-01,8.716234000000000481e-01,4.003215050000000219e-01,3.843018000000000128e-03,5.915000700000000444e-01,1.210184910000000058e-01,4.212795309999999849e-01,7.044017240000000069e-01,8.915734760000000314e-01,8.180765989999999599e-01,6.233284780000000191e-01
4.942565200000000047e-02,1.608507040000000110e-01,4.238829000000000208e-02,2.412156700000000209e-01,9.078187440000000663e-01,8.817790170000000538e-01,9.863512400000000457e-02,5.021239200000000152e-02,1.191797000000000082e-03,2.502279000000000048e-03,3.082000799999999943e-02,8.063592399999999771e-02,1.000000000000000000e+00,5.982063149999999885e-01,1.160000000000000064e-07,2.434977999999999969e-03,7.636149000000000062e-03,6.696271099999999421e-02,1.714744109999999933e-01,2.041764340000000177e-01,8.716234000000000481e-01,4.003215050000000219e-01,3.843018000000000128e-03,5.915000700000000444e-01,1.210184910000000058e-01,4.212795309999999849e-01,7.044017240000000069e-01,8.915734760000000314e-01,8.180765989999999599e-01,6.233284780000000191e-01
4.769467299999999993e-02,1.469694089999999953e-01,4.314859000000000055e-02,2.360442390000000168e-01,8.824989810000000157e-01,8.817790170000000538e-01,9.863512400000000457e-02,5.021239200000000152e-02,1.191797000000000082e-03,2.502279000000000048e-03,3.082000799999999943e-02,7.900372799999999529e-02,1.000000000000000000e+00,5.751979979999999326e-01,1.160000000000000064e-07,2.434977999999999969e-03,7.636149000000000062e-03,6.305192699999999373e-02,1.953823879999999902e-01,1.875246430000000186e-01,8.716234000000000481e-01,4.003215050000000219e-01,3.843018000000000128e-03,5.915000700000000444e-01,1.210184910000000058e-01,4.212795309999999849e-01,7.044017240000000069e-01,8.915734760000000314e-01,8.180765989999999599e-01,6.233284780000000191e-01
4.072724999999999956e-02,1.444446249999999932e-01,4.296912299999999796e-02,2.473370880000000105e-01,8.889545690000000278e-01,8.817790170000000538e-01,9.863512400000000457e-02,5.021239200000000152e-02,1.191797000000000082e-03,2.502279000000000048e-03,3.082000799999999943e-02,6.339755399999999486e-02,1.000000000000000000e+00,5.713241510000000023e-01,1.160000000000000064e-07,2.434977999999999969e-03,7.636149000000000062e-03,6.128072099999999633e-02,1.755247339999999878e-01,2.003701810000000083e-01,8.716234000000000481e-01,4.003215050000000219e-01,3.843018000000000128e-03,5.915000700000000444e-01,1.210184910000000058e-01,4.212795309999999849e-01,7.044017240000000069e-01,8.915734760000000314e-01,8.180765989999999599e-01,6.233284780000000191e-01
5.304418599999999318e-02,1.557094660000000186e-01,3.984167899999999790e-02,2.405264290000000138e-01,9.053557330000000514e-01,8.817790170000000538e-01,9.863512400000000457e-02,5.021239200000000152e-02,1.191797000000000082e-03,2.502279000000000048e-03,3.082000799999999943e-02,8.100119899999999595e-02,1.000000000000000000e+00,5.748369829999999681e-01,1.160000000000000064e-07,2.434977999999999969e-03,7.636149000000000062e-03,6.516341200000000389e-02,1.998342389999999968e-01,2.085105580000000125e-01,8.716234000000000481e-01,4.003215050000000219e-01,3.843018000000000128e-03,5.915000700000000444e-01,1.210184910000000058e-01,4.212795309999999849e-01,7.044017240000000069e-01,8.915734760000000314e-01,8.180765989999999599e-01,6.233284780000000191e-01
4.124252700000000105e-02,1.547093260000000081e-01,4.039441600000000243e-02,2.481020700000000079e-01,8.808832260000000192e-01,8.817790170000000538e-01,9.863512400000000457e-02,5.021239200000000152e-02,1.191797000000000082e-03,2.502279000000000048e-03,3.082000799999999943e-02,6.230253300000000022e-02,1.000000000000000000e+00,5.934532889999999394e-01,1.160000000000000064e-07,2.434977999999999969e-03,7.636149000000000062e-03,7.573670600000000086e-02,1.771768800000000088e-01,1.866821940000000235e-01,8.716234000000000481e-01,4.003215050000000219e-01,3.843018000000000128e-03,5.915000700000000444e-01,1.210184910000000058e-01,4.212795309999999849e-01,7.044017240000000069e-01,8.915734760000000314e-01,8.180765989999999599e-01,6.233284780000000191e-01
5.272152500000000519e-02,1.587476760000000042e-01,2.006470700000000107e-02,2.460946910000000043e-01,8.926089050000000080e-01,8.817790170000000538e-01,9.863512400000000457e-02,5.021239200000000152e-02,1.191797000000000082e-03,2.502279000000000048e-03,3.082000799999999943e-02,7.918762599999999707e-02,1.000000000000000000e+00,5.784915039999999342e-01,1.160000000000000064e-07,2.434977999999999969e-03,7.636149000000000062e-03,4.691301800000000077e-02,1.830468399999999884e-01,1.935931969999999946e-01,8.716234000000000481e-01,4.003215050000000219e-01,3.843018000000000128e-03,5.915000700000000444e-01,1.210184910000000058e-01,4.212795309999999849e-01,7.044017240000000069e-01,8.915734760000000314e-01,8.180765989999999599e-01,6.233284780000000191e-01
3.531709200000000132e-02,1.508785450000000028e-01,3.063209899999999944e-02,2.338418849999999993e-01,8.817425460000000159e-01,8.817790170000000538e-01,9.863512400000000457e-02,5.021239200000000152e-02,1.191797000000000082e-03,2.502279000000000048e-03,3.082000799999999943e-02,6.052503000000000050e-02,1.000000000000000000e+00,5.960465369999999874e-01,1.160000000000000064e-07,2.434977999999999969e-03,7.636149000000000062e-03,6.672556799999999899e-02,1.709881789999999901e-01,1.943879720000000200e-01,8.716234000000000481e-01,4.003215050000000219e-01,3.843018000000000128e-03,5.915000700000000444e-01,1.210184910000000058e-01,4.212795309999999849e-01,7.044017240000000069e-01,8.915734760000000314e-01,8.180765989999999599e-01,6.233284780000000191e-01
3.708336599999999955e-02,1.365485260000000034e-01,3.471694699999999800e-02,2.308489270000000093e-01,9.071546440000000100e-01,8.817790170000000538e-01,9.863512400000000457e-02,5.021239200000000152e-02,1.191797000000000082e-03,2.502279000000000048e-03,3.082000799999999943e-02,7.983984399999999315e-02,1.000000000000000000e+00,5.890711199999999481e-01,1.160000000000000064e-07,2.434977999999999969e-03,7.636149000000000062e-03,7.050050099999999320e-02,1.757676730000000132e-01,1.870562679999999978e-01,8.716234000000000481e-01,4.003215050000000219e-01,3.843018000000000128e-03,5.915000700000000444e-01,1.210184910000000058e-01,4.212795309999999849e-01,7.044017240000000069e-01,8.915734760000000314e-01,8.180765989999999599e-01,6.233284780000000191e-01
4.096463599999999872e-02,1.552625890000000064e-01,2.288168200000000041e-02,2.362100679999999953e-01,8.958333410000000052e-01,8.817790170000000538e-01,9.863512400000000457e-02,5.021239200000000152e-02,1.191797000000000082e-03,2.502279000000000048e-03,3.082000799999999943e-02,7.618478500000000486e-02,1.000000000000000000e+00,5.737983169999999467e-01,1.160000000000000064e-07,2.434977999999999969e-03,7.636149000000000062e-03,7.290110999999999120e-02,1.764669130000000030e-01,1.896419490000000041e-01,8.716234000000000481e-01,4.003215050000000219e-01,3.843018000000000128e-03,5.915000700000000444e-01,1.210184910000000058e-01,4.212795309999999849e-01,7.044017240000000069e-01,8.915734760000000314e-01,8.180765989999999599e-01,6.233284780000000191e-01
5.447347099999999553e-02,1.330202139999999977e-01,3.642508199999999752e-02,2.240893650000000126e-01,8.852027279999999942e-01,8.817790170000000538e-01,9.863512400000000457e-02,5.021239200000000152e-02,1.191797000000000082e-03,2.502279000000000048e-03,3.082000799999999943e-02,6.422426700000000155e-02,1.000000000000000000e+00,5.848260840000000238e-01,1.160000000000000064e-07,2.434977999999999969e-03,7.636149000000000062e-03,5.179864699999999628e-02,1.863523280000000115e-01,1.931008290000000016e-01,8.716234000000000481e-01,4.003215050000000219e-01,3.843018000000000128e-03,5.915000700000000444e-01,1.210184910000000058e-01,4.212795309999999849e-01,7.044017240000000069e-01,8.915734760000000314e-01,8.180765989999999599e-01,6.233284780000000191e-01
3.295242699999999941e-02,1.357408760000000103e-01,4.530528000000000333e-02,2.531673629999999786e-01,9.033335810000000521e-01,8.817790170000000538e-01,9.863512400000000457e-02,5.021239200000000152e-02,1.191797000000000082e-03,2.502279000000000048e-03,3.082000799999999943e-02,6.653789599999999915e-02,1.000000000000000000e+00,5.786106659999999957e-01,1.160000000000000064e-07,2.434977999999999969e-03,7.636149000000000062e-03,6.830655899999998892e-02,1.887874390000000013e-01,2.101912600000000186e-01,8.716234000000000481e-01,4.003215050000000219e-01,3.843018000000000128e-03,5.915000700000000444e-01,1.210184910000000058e-01,4.212795309999999849e-01,7.044017240000000069e-01,8.915734760000000314e-01,8.180765989999999599e-01,6.233284780000000191e-01
4.829815299999999645e-02,1.378815650000000115e-01,3.025904700000000072e-02,2.391455809999999960e-01,8.835349500000000411e-01,8.817790170000000538e-01,9.863512400000000457e-02,5.021239200000000152e-02,1.191797000000000082e-03,2.502279000000000048e-03,3.082000799999999943e-02,5.187398599999999693e-02,1.000000000000000000e+00,5.906560299999999986e-01,1.160000000000000064e-07,2.434977999999999969e-03,7.636149000000000062e-03,7.417855600000000660e-02,1.821742189999999983e-01,2.047004280000000176e-01,8.716234000000000481e-01,4.003215050000000219e-01,3.843018000000000128e-03,5.915000700000000444e-01,1.210184910000000058e-01,4.212795309999999849e-01,7.044017240000000069e-01,8.915734760000000314e-01,8.180765989999999599e-01,6.233284780000000191e-01
2.821786999999999906e-02,1.420063049999999993e-01,1.634114400000000189e-02,2.353885670000000208e-01,9.048453120000000682e-01,8.817790170000000538e-01,9.863512400000000457e-02,5.021239200000000152e-02,1.191797000000000082e-03,2.502279000000000048e-03,3.082000799999999943e-02,7.311055699999999269e-02,1.000000000000000000e+00,5.730855639999999918e-01,1.160000000000000064e-07,2.434977999999999969e-03,7.636149000000000062e-03,6.102076499999999765e-02,1.810876730000000046e-01,2.063265750000000121e-01,8.716234000000000481e-01,4.003215050000000219e-01,3.843018000000000128e-03,5.915000700000000444e-01,1.210184910000000058e-01,4.212795309999999849e-01,7.044017240000000069e-01,8.915734760000000314e-01,8.180765989999999599e-01,6.233284780000000191e-01
5.084336799999999990e-02,1.460303599999999979e-01,2.837106699999999981e-02,2.437744510000000031e-01,8.960836270000001047e-01,8.817790170000000538e-01,9.863512400000000457e-02,5.021239200000000152e-02,1.191797000000000082e-03,2.502279000000000048e-03,3.082000799999999943e-02,5.223326400000000147e-02,1.000000000000000000e+00,5.962338299999999647e-01,1.160000000000000064e-07,2.434977999999999969e-03,7.636149000000000062e-03,5.451041199999999420e-02,1.886993849999999973e-01,1.863308510000000195e-01,8.716234000000000481e-01,4.003215050000000219e-01,3.843018000000000128e-03,5.915000700000000444e-01,1.210184910000000058e-01,4.212795309999999849e-01,7.044017240000000069e-01,8.915734760000000314e-01,8.180765989999999599e-01,6.233284780000000191e-01
4.986400500000000291e-02,1.410899660000000111e-01,1.995935900000000290e-02,2.336015500000000189e-01,8.920243490000000497e-01,8.817790170000000538e-01,9.863512400000000457e-02,5.021239200000000152e-02,1.191797000000000082e-03,2.502279000000000048e-03,3.082000799999999943e-02,6.374111799999999939e-02,1.000000000000000000e+00,5.756509519999999380e-01,1.160000000000000064e-07,2.434977999999999969e-03,7.636149000000000062e-03,6.856062099999998827e-02,1.841526659999999926e-01,2.070425790000000044e-01,8.716234000000000481e-01,4.003215050000000219e-01,3.843018000000000128e-03,5.915000700000000444e-01,1.210184910000000058e-01,4.212795309999999849e-01,7.044017240000000069e-01,8.915734760000000314e-01,8.180765989999999599e-01,6.233284780000000191e-01
4.715637500000000037e-02,1.359563940000000082e-01,1.882481600000000116e-02,2.429468280000000036e-01,9.085262370000000143e-01,8.817790170000000538e-01,9.863512400000000457e-02,5.021239200000000152e-02,1.191797000000000082e-03,2.502279000000000048e-03,3.082000799999999943e-02,7.030779900000000415e-02,1.000000000000000000e+00,5.773128100000000096e-01,1.160000000000000064e-07,2.434977999999999969e-03,7.636149000000000062e-03,5.197516499999999678e-02,1.848407649999999902e-01,1.962617650000000047e-01,8.716234000000000481e-01,4.003215050000000219e-01,3.843018000000000128e-03,5.915000700000000444e-01,1.210184910000000058e-01,4.212795309999999849e-01,7.044017240000000069e-01,8.915734760000000314e-01,8.180765989999999599e-01,6.233284780000000191e-01
2.864132500000000220e-02,1.355329410000000179e-01,1.843852699999999969e-02,2.242178600000000188e-01,8.855959670000000949e-01,8.817790170000000538e-01,9.863512400000000457e-02,5.021239200000000152e-02,1.191797000000000082e-03,2.502279000000000048e-03,3.082000799999999943e-02,6.312171599999999438e-02,1.000000000000000000e+00,6.005680749999999790e-01,1.160000000000000064e-07,2.434977999999999969e-03,7.636149000000000062e-03,5.544516599999999712e-02,1.956341830000000170e-01,1.893756300000000170e-01,8.716234000000000481e-01,4.003215050000000219e-01,3.843018000000000128e-03,5.915000700000000444e-01,1.210184910000000058e-01,4.212795309999999849e-01,7.044017240000000069e-01,8.915734760000000314e-01,8.180765989999999599e-01,6.233284780000000191e-01
3.775752999999999748e-02,1.509968680000000063e-01,4.584484700000000107e-02,2.265506449999999949e-01,9.051414640000000622e-01,8.817790170000000538e-01,9.863512400000000457e-02,5.021239200000000152e-02,1.191797000000000082e-03,2.502279000000000048e-03,3.082000799999999943e-02,7.247592699999999555e-02,1.000000000000000000e+00,5.850040859999999787e-01,1.160000000000000064e-07,2.434977999999999969e-03,7.636149000000000062e-03,7.054089999999998972e-02,1.861965399999999937e-01,1.956489210000000034e-01,8.716234000000000481e-01,4.003215050000000219e-01,3.843018000000000128e-03,5.915000700000000444e-01,1.210184910000000058e-01,4.212795309999999849e-01,7.044017240000000069e-01,8.915734760000000314e-01,8.180765989999999599e-01,6.233284780000000191e-01
4.429194999999999660e-02,1.560851440000000090e-01,2.752410699999999905e-02,2.514251920000000196e-01,8.924880689999999950e-01,8.817790170000000538e-01,9.863512400000000457e-02,5.021239200000000152e-02,1.191797000000000082e-03,2.502279000000000048e-03,3.082000799999999943e-02,7.222176299999999438e-02,1.000000000000000000e+00,5.716675439999999719e-01,1.160000000000000064e-07,2.434977999999999969e-03,7.636149000000000062e-03,6.447313200000000244e-02,1.779855700000000096e-01,1.848883790000000193e-01,8.716234000000000481e-01,4.003215050000000219e-01,3.843018000000000128e-03,5.915000700000000444e-01,1.210184910000000058e-01,4.212795309999999849e-01,7.044017240000000069e-01,8.915734760000000314e-01,8.180765989999999599e-01,6.233284780000000191e-01
5.212962699999999783e-02,1.405363440000000075e-01,3.009872499999999979e-02,2.510992699999999855e-01,9.001939190000000091e-01,8.817790170000000538e-01,9.863512400000000457e-02,5.021239200000000152e-02,1.191797000000000082e-03,2.502279000000000048e-03,3.082000799999999943e-02,7.081234399999999929e-02,1.000000000000000000e+00,5.981250240000000051e-01,1.160000000000000064e-07,2.434977999999999969e-03,7.636149000000000062e-03,7.300678299999999177e-02,1.724289900000000042e-01,1.868220369999999964e-01,8.716234000000000481e-01,4.003215050000000219e-01,3.843018000000000128e-03,5.915000700000000444e-01,1.210184910000000058e-01,4.212795309999999849e-01,7.044017240000000069e-01,8.915734760000000314e-01,8.180765989999999599e-01,6.233284780000000191e-01
3.715635999999999939e-02,1.577945440000000088e-01,1.677238500000000077e-02,2.253786140000000049e-01,8.872488689999999956e-01,8.817790170000000538e-01,9.863512400000000457e-02,5.021239200000000152e-02,1.191797000000000082e-03,2.502279000000000048e-03,3.082000799999999943e-02,6.144695299999999860e-02,1.000000000000000000e+00,5.836479359999999783e-01,1.160000000000000064e-07,2.434977999999999969e-03,7.636149000000000062e-03,5.214526999999999357e-02,1.816155160000000046e-01,1.865123630000000143e-01,8.716234000000000481e-01,4.003215050000000219e-01,3.843018000000000128e-03,5.915000700000000444e-01,1.210184910000000058e-01,4.212795309999999849e-01,7.044017240000000069e-01,8.915734760000000314e-01,8.180765989999999599e-01,6.233284780000000191e-01
3.141889500000000224e-02,1.414757199999999993e-01,3.342836300000000260e-02,2.386523180000000022e-01,9.079262439999999934e-01,8.817790170000000538e-01,9.863512400000000457e-02,5.021239200000000152e-02,1.191797000000000082e-03,2.502279000000000048e-03,3.082000799999999943e-02,6.594939099999999610e-02,1.000000000000000000e+00,5.956527499999999531e-01,1.160000000000000064e-07,2.434977999999999969e-03,7.636149000000000062e-03,6.403438000000000185e-02,1.812016069999999868e-01,1.925398510000000118e-01,8.716234000000000481e-01,4.003215050000000219e-01,3.843018000000000128e-03,5.915000700000000444e-01,1.210184910000000058e-01,4.212795309999999849e-01,7.044017240000000069e-01,8.915734760000000314e-01,8.180765989999999599e-01,6.233284780000000191e-01
4.816999799999999859e-02,1.346706290000000139e-01,2.362901499999999974e-02,2.326709060000000107e-01,8.949373360000000277e-01,8.817790170000000538e-01,9.863512400000000457e-02,5.021239200000000152e-02,1.191797000000000082e-03,2.502279000000000048e-03,3.082000799999999943e-02,6.299281700000000650e-02,1.000000000000000000e+00,5.732680399999999787e-01,1.160000000000000064e-07,2.434977999999999969e-03,7.636149000000000062e-03,6.351535999999999293e-02,1.955444849999999901e-01,2.042736589999999963e-01,8.716234000000000481e-01,4.003215050000000219e-01,3.843018000000000128e-03,5.915000700000000444e-01,1.210184910000000058e-01,4.212795309999999849e-01,7.044017240000000069e-01,8.915734760000000314e-01,8.180765989999999599e-01,6.233284780000000191e-01
3.572152400000000450e-02,1.510378529999999997e-01,3.859837800000000263e-02,2.394637760000000171e-01,8.892290550000000460e-01,8.817790170000000538e-01,9.863512400000000457e-02,5.021239200000000152e-02,1.191797000000000082e-03,2.502279000000000048e-03,3.082000799999999943e-02,5.881852799999999493e-02,1.000000000000000000e+00,5.915506109999999484e-01,1.160000000000000064e-07,2.434977999999999969e-03,7.636149000000000062e-03,7.605601800000000301e-02,1.759029699999999918e-01,1.818534810000000113e-01,8.716234000000000481e-01,4.003215050000000219e-01,3.843018000000000128e-03,5.915000700000000444e-01,1.210184910000000058e-01,4.212795309999999849e-01,7.044017240000000069e-01,8.915734760000000314e-01,8.180765989999999599e-01,6.233284780000000191e-01
4.808241900000000124e-02,1.506301750000000050e-01,4.517017300000000096e-02,2.329924300000000004e-01,8.957770850000000840e-01,8.817790170000000538e-01,9.863512400000000457e-02,5.021239200000000152e-02,1.191797000000000082e-03,2.502279000000000048e-03,3.082000799999999943e-02,6.018819899999999778e-02,1.000000000000000000e+00,5.999650650000000196e-01,1.160000000000000064e-07,2.434977999999999969e-03,7.636149000000000062e-03,6.652146700000000079e-02,1.745707910000000029e-01,1.853323129999999985e-01,8.716234000000000481e-01,4.003215050000000219e-01,3.843018000000000128e-03,5.915000700000000444e-01,1.210184910000000058e-01,4.212795309999999849e-01,7.044017240000000069e-01,8.915734760000000314e-01,8.180765989999999599e-01,6.233284780000000191e-01
5.572929499999999814e-02,1.551338349999999977e-01,2.353389399999999965e-02,2.358473570000000075e-01,8.939624450000001055e-01,8.817790170000000538e-01,9.863512400000000457e-02,5.021239200000000152e-02,1.191797000000000082e-03,2.502279000000000048e-03,3.082000799999999943e-02,6.618323099999999515e-02,1.000000000000000000e+00,5.842535749999999695e-01,1.160000000000000064e-07,2.434977999999999969e-03,7.636149000000000062e-03,4.783645499999999995e-02,1.867458479999999921e-01,2.021683160000000146e-01,8.716234000000000481e-01,4.003215050000000219e-01,3.843018000000000128e-03,5.915000700000000444e-01,1.210184910000000058e-01,4.212795309999999849e-01,7.044017240000000069e-01,8.915734760000000314e-01,8.180765989999999599e-01,6.233284780000000191e-01
3.556440899999999822e-02,1.364191200000000048e-01,3.774973899999999744e-02,2.453819620000000090e-01,8.975533780000000128e-01,8.817790170000000538e-01,9.863512400000000457e-02,5.021239200000000152e-02,1.191797000000000082e-03,2.502279000000000048e-03,3.082000799999999943e-02,7.198799200000000065e-02,1.000000000000000000e+00,5.976774259999999561e-01,1.160000000000000064e-07,2.434977999999999969e-03,7.636149000000000062e-03,7.484793600000000380e-02,1.741786070000000131e-01,2.027503350000000037e-01,8.716234000000000481e-01,4.003215050000000219e-01,3.843018000000000128e-03,5.915000700000000444e-01,1.210184910000000058e-01,4.212795309999999849e-01,7.044017240000000069e-01,8.915734760000000314e-01,8.180765989999999599e-01,6.233284780000000191e-01
3.549332800000000454e-02,1.476514690000000074e-01,3.493866799999999911e-02,2.275760760000000160e-01,8.869583690000000242e-01,8.817790170000000538e-01,9.863512400000000457e-02,5.021239200000000152e-02,1.191797000000000082e-03,2.502279000000000048e-03,3.082000799999999943e-02,7.678973299999999891e-02,1.000000000000000000e+00,5.727073950000000080e-01,1.160000000000000064e-07,2.434977999999999969e-03,7.636149000000000062e-03,6.566964499999999871e-02,1.846537940000000100e-01,2.094714010000000015e-01,8.716234000000000481e-01,4.003215050000000219e-01,3.843018000000000128e-03,5.915000700000000444e-01,1.210184910000000058e-01,4.212795309999999849e-01,7.044017240000000069e-01,8.915734760000000314e-01,8.180765989999999599e-01,6.233284780000000191e-01
4.205723399999999890e-02,1.448386080000000076e-01,2.904843300000000197e-02,2.523476279999999905e-01,8.864819160000000364e-01,8.817790170000000538e-01,9.863512400000000457e-02,5.021239200000000152e-02,1.191797000000000082e-03,2.502279000000000048e-03,3.082000799999999943e-02,7.769733500000000626e-02,1.000000000000000000e+00,5.945932400000000229e-01,1.160000000000000064e-07,2.434977999999999969e-03,7.636149000000000062e-03,5.571234299999999751e-02,1.804009109999999971e-01,2.105869490000000233e-01,8.716234000000000481e-01,4.003215050000000219e-01,3.843018000000000128e-03,5.915000700000000444e-01,1.210184910000000058e-01,4.212795309999999849e-01,7.044017240000000069e-01,8.915734760000000314e-01,8.180765989999999599e-01,6.233284780000000191e-01
3.812117699999999915e-02,1.385101509999999980e-01,2.030227999999999894e-02,2.431870100000000090e-01,8.974872180000000865e-01,8.817790170000000538e-01,9.863512400000000457e-02,5.021239200000000152e-02,1.191797000000000082e-03,2.502279000000000048e-03,3.082000799999999943e-02,6.951749999999999596e-02,1.000000000000000000e+00,5.840704429999999947e-01,1.160000000000000064e-07,2.434977999999999969e-03,7.636149000000000062e-03,5.750029099999999505e-02,1.889919140000000108e-01,1.978423220000000149e-01,8.716234000000000481e-01,4.003215050000000219e-01,3.843018000000000128e-03,5.915000700000000444e-01,1.210184910000000058e-01,4.212795309999999849e-01,7.044017240000000069e-01,8.915734760000000314e-01,8.180765989999999599e-01,6.233284780000000191e-01
4.871917400000000398e-02,1.494024399999999975e-01,3.055374300000000126e-02,2.335128929999999992e-01,8.929255660000000594e-01,8.817790170000000538e-01,9.863512400000000457e-02,5.021239200000000152e-02,1.191797000000000082e-03,2.502279000000000048e-03,3.082000799999999943e-02,5.722396000000000427e-02,1.000000000000000000e+00,5.881637629999999506e-01,1.160000000000000064e-07,2.434977999999999969e-03,7.636149000000000062e-03,5.374084999999999279e-02,1.727438990000000063e-01,2.081413320000000122e-01,8.716234000000000481e-01,4.003215050000000219e-01,3.843018000000000128e-03,5.915000700000000444e-01,1.210184910000000058e-01,4.212795309999999849e-01,7.044017240000000069e-01,8.915734760000000314e-01,8.180765989999999599e-01,6.233284780000000191e-01
3.273553099999999827e-02,1.567540040000000023e-01,4.091962500000000114e-02,2.475744500000000015e-01,8.945941680000000229e-01,8.817790170000000538e-01,9.863512400000000457e-02,5.021239200000000152e-02,1.191797000000000082e-03,2.502279000000000048e-03,3.082000799999999943e-02,8.075648500000000285e-02,1.000000000000000000e+00,5.875172539999999888e-01,1.160000000000000064e-07,2.434977999999999969e-03,7.636149000000000062e-03,5.176772300000000160e-02,1.924763010000000163e-01,2.064917609999999959e-01,8.716234000000000481e-01,4.003215050000000219e-01,3.843018000000000128e-03,5.915000700000000444e-01,1.210184910000000058e-01,4.212795309999999849e-01,7.044017240000000069e-01,8.915734760000000314e-01,8.180765989999999599e-01,6.233284780000000191e-01
5.091662800000000544e-02,1.537146100000000015e-01,4.194790600000000008e-02,2.251615750000000027e-01,8.912088340000000608e-01,8.817790170000000538e-01,9.863512400000000457e-02,5.021239200000000152e-02,1.191797000000000082e-03,2.502279000000000048e-03,3.082000799999999943e-02,7.106762999999999275e-02,1.000000000000000000e+00,5.758346439999999511e-01,1.160000000000000064e-07,2.434977999999999969e-03,7.636149000000000062e-03,6.979060800000000397e-02,1.835738130000000023e-01,2.024862430000000102e-01,8.716234000000000481e-01,4.003215050000000219e-01,3.843018000000000128e-03,5.915000700000000444e-01,1.210184910000000058e-01,4.212795309999999849e-01,7.044017240000000069e-01,8.915734760000000314e-01,8.180765989999999599e-01,6.233284780000000191e-01
5.179085099999999886e-02,1.456029970000000118e-01,2.833898300000000162e-02,2.267175090000000115e-01,8.877431950000000960e-01,8.817790170000000538e-01,9.863512400000000457e-02,5.021239200000000152e-02,1.191797000000000082e-03,2.502279000000000048e-03,3.082000799999999943e-02,5.453707700000000325e-02,1.000000000000000000e+00,5.855660109999999419e-01,1.160000000000000064e-07,2.434977999999999969e-03,7.636149000000000062e-03,7.452941199999998934e-02,1.934014259999999874e-01,1.829474680000000020e-01,8.716234000000000481e-01,4.003215050000000219e-01,3.843018000000000128e-03,5.915000700000000444e-01,1.210184910000000058e-01,4.212795309999999849e-01,7.044017240000000069e-01,8.915734760000000314e-01,8.180765989999999599e-01,6.233284780000000191e-01
4.416184600000000460e-02,1.452084170000000063e-01,3.686632299999999945e-02,2.243140600000000096e-01,8.995275670000000279e-01,8.817790170000000538e-01,9.863512400000000457e-02,5.021239200000000152e-02,1.191797000000000082e-03,2.502279000000000048e-03,3.082000799999999943e-02,6.071694700000000028e-02,1.000000000000000000e+00,5.827827399999999658e-01,1.160000000000000064e-07,2.434977999999999969e-03,7.636149000000000062e-03,4.837812699999999994e-02,1.717954369999999953e-01,2.000615910000000108e-01,8.716234000000000481e-01,4.003215050000000219e-01,3.843018000000000128e-03,5.915000700000000444e-01,1.210184910000000058e-01,4.212795309999999849e-01,7.044017240000000069e-01,8.915734760000000314e-01,8.180765989999999599e-01,6.233284780000000191e-01
2.931703299999999929e-02,1.343046980000000001e-01,2.373535300000000070e-02,2.374050070000000012e-01,9.103683510000000201e-01,8.817790170000000538e-01,9.863512400000000457e-02,5.021239200000000152e-02,1.191797000000000082e-03,2.502279000000000048e-03,3.082000799999999943e-02,7.527109500000001008e-02,1.000000000000000000e+00,5.741782730000000168e-01,1.160000000000000064e-07,2.434977999999999969e-03,7.636149000000000062e-03,5.755742799999999382e-02,1.706463300000000127e-01,2.076117050000000075e-01,8.716234000000000481e-01,4.003215050000000219e-01,3.843018000000000128e-03,5.915000700000000444e-01,1.210184910000000058e-01,4.212795309999999849e-01,7.044017240000000069e-01,8.915734760000000314e-01,8.180765989999999599e-01,6.233284780000000191e-01
3.898686499999999555e-02,1.534248250000000147e-01,2.303159399999999898e-02,2.530541910000000394e-01,8.891284260000000828e-01,8.817790170000000538e-01,9.863512400000000457e-02,5.021239200000000152e-02,1.191797000000000082e-03,2.502279000000000048e-03,3.082000799999999943e-02,6.006776900000000002e-02,1.000000000000000000e+00,5.924936869999999356e-01,1.160000000000000064e-07,2.434977999999999969e-03,7.636149000000000062e-03,5.953193399999999469e-02,1.834556729999999858e-01,1.869515939999999987e-01,8.716234000000000481e-01,4.003215050000000219e-01,3.843018000000000128e-03,5.915000700000000444e-01,1.210184910000000058e-01,4.212795309999999849e-01,7.044017240000000069e-01,8.915734760000000314e-01,8.180765989999999599e-01,6.233284780000000191e-01
3.282414499999999902e-02,1.566213600000000150e-01,1.912796199999999835e-02,2.339716380000000095e-01,8.861786020000000930e-01,8.817790170000000538e-01,9.863512400000000457e-02,5.021239200000000152e-02,1.191797000000000082e-03,2.502279000000000048e-03,3.082000799999999943e-02,5.151671199999999923e-02,1.000000000000000000e+00,5.777662879999999612e-01,1.160000000000000064e-07,2.434977999999999969e-03,7.636149000000000062e-03,5.301819399999999766e-02,1.703295629999999894e-01,1.926936140000000131e-01,8.716234000000000481e-01,4.003215050000000219e-01,3.843018000000000128e-03,5.915000700000000444e-01,1.210184910000000058e-01,4.212795309999999849e-01,7.044017240000000069e-01,8.915734760000000314e-01,8.180765989999999599e-01,6.233284780000000191e-01
3.101712200000000114e-02,1.584185349999999992e-01,3.046998000000000067e-02,2.311101590000000094e-01,9.095905300000000082e-01,8.817790170000000538e-01,9.863512400000000457e-02,5.021239200000000152e-02,1.191797000000000082e-03,2.502279000000000048e-03,3.082000799999999943e-02,6.182155899999999815e-02,1.000000000000000000e+00,5.856805629999999319e-01,1.160000000000000064e-07,2.434977999999999969e-03,7.636149000000000062e-03,6.011464599999999381e-02,1.785823940000000054e-01,1.938839569999999957e-01,8.716234000000000481e-01,4.003215050000000219e-01,3.843018000000000128e-03,5.915000700000000444e-01,1.210184910000000058e-01,4.212795309999999849e-01,7.044017240000000069e-01,8.915734760000000314e-01,8.180765989999999599e-01,6.233284780000000191e-01
3.855297300000000427e-02,1.522677970000000103e-01,2.916031999999999999e-02,2.370395680000000060e-01,8.988141330000000151e-01,8.817790170000000538e-01,9.863512400000000457e-02,5.021239200000000152e-02,1.191797000000000082e-03,2.502279000000000048e-03,3.082000799999999943e-02,6.454058000000000017e-02,1.000000000000000000e+00,5.938141310000000228e-01,1.160000000000000064e-07,2.434977999999999969e-03,7.636149000000000062e-03,7.246858999999999940e-02,1.964050340000000061e-01,1.910038860000000116e-01,8.716234000000000481e-01,4.003215050000000219e-01,3.843018000000000128e-03,5.915000700000000444e-01,1.210184910000000058e-01,4.212795309999999849e-01,7.044017240000000069e-01,8.915734760000000314e-01,8.180765989999999599e-01,6.233284780000000191e-01
2.834529499999999952e-02,1.479878310000000141e-01,4.484790400000000093e-02,2.522219290000000114e-01,9.007316850000000041e-01,8.817790170000000538e-01,9.863512400000000457e-02,5.021239200000000152e-02,1.191797000000000082e-03,2.502279000000000048e-03,3.082000799999999943e-02,5.680340300000000231e-02,1.000000000000000000e+00,5.860589499999999674e-01,1.160000000000000064e-07,2.434977999999999969e-03,7.636149000000000062e-03,5.510572199999999587e-02,1.929860270000000044e-01,1.933952389999999966e-01,8.716234000000000481e-01,4.003215050000000219e-01,3.843018000000000128e-03,5.915000700000000444e-01,1.210184910000000058e-01,4.212795309999999849e-01,7.044017240000000069e-01,8.915734760000000314e-01,8.180765989999999599e-01,6.233284780000000191e-01
3.505301499999999987e-02,1.341344630000000093e-01,4.267061700000000096e-02,2.486121130000000234e-01,8.819555690000000503e-01,8.817790170000000538e-01,9.863512400000000457e-02,5.021239200000000152e-02,1.191797000000000082e-03,2.502279000000000048e-03,3.082000799999999943e-02,5.436156100000000269e-02,1.000000000000000000e+00,5.761067799999999295e-01,1.160000000000000064e-07,2.434977999999999969e-03,7.636149000000000062e-03,4.908572599999999619e-02,1.856981259999999911e-01,2.095560060000000169e-01,8.716234000000000481e-01,4.003215050000000219e-01,3.843018000000000128e-03,5.915000700000000444e-01,1.210184910000000058e-01,4.212795309999999849e-01,7.044017240000000069e-01,8.915734760000000314e-01,8.180765989999999599e-01,6.233284780000000191e-01
5.327876500000000570e-02,1.325554030000000161e-01,4.016271400000000213e-02,2.284089790000000120e-01,8.888016620000001033e-01,8.817790170000000538e-01,9.863512400000000457e-02,5.021239200000000152e-02,1.191797000000000082e-03,2.502279000000000048e-03,3.082000799999999943e-02,6.172942700000000338e-02,1.000000000000000000e+00,5.930316729999999259e-01,1.160000000000000064e-07,2.434977999999999969e-03,7.636149000000000062e-03,5.392790799999999662e-02,1.809558149999999921e-01,1.914975899999999953e-01,8.716234000000000481e-01,4.003215050000000219e-01,3.843018000000000128e-03,5.915000700000000444e-01,1.210184910000000058e-01,4.212795309999999849e-01,7.044017240000000069e-01,8.915734760000000314e-01,8.180765989999999599e-01,6.233284780000000191e-01
5.360932699999999829e-02,1.457748480000000124e-01,3.610676100000000111e-02,2.344443420000000000e-01,8.998323490000000868e-01,8.817790170000000538e-01,9.863512400000000457e-02,5.021239200000000152e-02,1.191797000000000082e-03,2.502279000000000048e-03,3.082000799999999943e-02,5.204088399999999559e-02,1.000000000000000000e+00,5.753112639999999889e-01,1.160000000000000064e-07,2.434977999999999969e-03,7.636149000000000062e-03,5.847378899999999824e-02,1.982644759999999950e-01,1.818975660000000105e-01,8.716234000000000481e-01,4.003215050000000219e-01,3.843018000000000128e-03,5.915000700000000444e-01,1.210184910000000058e-01,4.212795309999999849e-01,7.044017240000000069e-01,8.915734760000000314e-01,8.180765989999999599e-01,6.233284780000000191e-01
3.838254099999999919e-02,1.360464670000000043e-01,3.827385600000000193e-02,2.272430370000000088e-01,8.951992160000000753e-01,8.817790170000000538e-01,9.863512400000000457e-02,5.021239200000000152e-02,1.191797000000000082e-03,2.502279000000000048e-03,3.082000799999999943e-02,6.244124300000000044e-02,1.000000000000000000e+00,5.846241380000000154e-01,1.160000000000000064e-07,2.434977999999999969e-03,7.636149000000000062e-03,5.317414899999999695e-02,1.775232529999999920e-01,2.037369660000000193e-01,8.716234000000000481e-01,4.003215050000000219e-01,3.843018000000000128e-03,5.915000700000000444e-01,1.210184910000000058e-01,4.212795309999999849e-01,7.044017240000000069e-01,8.915734760000000314e-01,8.180765989999999599e-01,6.233284780000000191e-01
5.548834699999999343e-02,1.609179480000000051e-01,2.114599699999999971e-02,2.332401080000000015e-01,8.818077900000000913e-01,8.817790170000000538e-01,9.863512400000000457e-02,5.021239200000000152e-02,1.191797000000000082e-03,2.502279000000000048e-03,3.082000799999999943e-02,7.945805100000000176e-02,1.000000000000000000e+00,5.953150160000000302e-01,1.160000000000000064e-07,2.434977999999999969e-03,7.636149000000000062e-03,4.671592299999999948e-02,1.971546319999999963e-01,2.018543680000000062e-01,8.716234000000000481e-01,4.003215050000000219e-01,3.843018000000000128e-03,5.915000700000000444e-01,1.210184910000000058e-01,4.212795309999999849e-01,7.044017240000000069e-01,8.915734760000000314e-01,8.180765989999999599e-01,6.233284780000000191e-01
3.405079499999999482e-02,1.568011960000000038e-01,2.707093500000000083e-02,2.307161709999999977e-01,9.079609270000000842e-01,8.817790170000000538e-01,9.863512400000000457e-02,5.021239200000000152e-02,1.191797000000000082e-03,2.502279000000000048e-03,3.082000799999999943e-02,7.359197200000000549e-02,1.000000000000000000e+00,5.971515990000000329e-01,1.160000000000000064e-07,2.434977999999999969e-03,7.636149000000000062e-03,5.800822899999999449e-02,1.962528129999999982e-01,1.836022760000000087e-01,8.716234000000000481e-01,4.003215050000000219e-01,3.843018000000000128e-03,5.915000700000000444e-01,1.210184910000000058e-01,4.212795309999999849e-01,7.044017240000000069e-01,8.915734760000000314e-01,8.180765989999999599e-01,6.233284780000000191e-01
5.052718100000000434e-02,1.396187750000000005e-01,3.160111300000000012e-02,2.293752599999999975e-01,9.031742590000000348e-01,8.817790170000000538e-01,9.863512400000000457e-02,5.021239200000000152e-02,1.191797000000000082e-03,2.502279000000000048e-03,3.082000799999999943e-02,6.604188199999999620e-02,1.000000000000000000e+00,5.985471689999999345e-01,1.160000000000000064e-07,2.434977999999999969e-03,7.636149000000000062e-03,5.932583699999999932e-02,1.902230589999999999e-01,1.992282979999999981e-01,8.716234000000000481e-01,4.003215050000000219e-01,3.843018000000000128e-03,5.915000700000000444e-01,1.210184910000000058e-01,4.212795309999999849e-01,7.044017240000000069e-01,8.915734760000000314e-01,8.180765989999999599e-01,6.233284780000000191e-01
5.157344199999999712e-02,1.518704580000000137e-01,2.101554300000000111e-02,2.237944760000000199e-01,8.950947110000000428e-01,8.817790170000000538e-01,9.863512400000000457e-02,5.021239200000000152e-02,1.191797000000000082e-03,2.502279000000000048e-03,3.082000799999999943e-02,5.469915699999999825e-02,1.000000000000000000e+00,5.966687379999999763e-01,1.160000000000000064e-07,2.434977999999999969e-03,7.636149000000000062e-03,7.347067899999999707e-02,1.850170210000000037e-01,1.823136150000000122e-01,8.716234000000000481e-01,4.003215050000000219e-01,3.843018000000000128e-03,5.915000700000000444e-01,1.210184910000000058e-01,4.212795309999999849e-01,7.044017240000000069e-01,8.915734760000000314e-01,8.180765989999999599e-01,6.233284780000000191e-01
5.114249599999999563e-02,1.332886440000000117e-01,1.983116299999999887e-02,2.271313010000000077e-01,8.839190820000000226e-01,8.817790170000000538e-01,9.863512400000000457e-02,5.021239200000000152e-02,1.191797000000000082e-03,2.502279000000000048e-03,3.082000799999999943e-02,7.995429700000000750e-02,1.000000000000000000e+00,5.787385569999999868e-01,1.160000000000000064e-07,2.434977999999999969e-03,7.636149000000000062e-03,5.144746799999999620e-02,1.833018839999999983e-01,2.025761060000000058e-01,8.716234000000000481e-01,4.003215050000000219e-01,3.843018000000000128e-03,5.915000700000000444e-01,1.210184910000000058e-01,4.212795309999999849e-01,7.044017240000000069e-01,8.915734760000000314e-01,8.180765989999999599e-01,6.233284780000000191e-01
4.045361999999999569e-02,1.352627680000000054e-01,2.057140699999999989e-02,2.435061300000000151e-01,8.886037370000000601e-01,8.817790170000000538e-01,9.863512400000000457e-02,5.021239200000000152e-02,1.191797000000000082e-03,2.502279000000000048e-03,3.082000799999999943e-02,5.460209700000000221e-02,1.000000000000000000e+00,5.736286659999999538e-01,1.160000000000000064e-07,2.434977999999999969e-03,7.636149000000000062e-03,6.311921800000000471e-02,1.812947809999999882e-01,2.002980970000000083e-01,8.716234000000000481e-01,4.003215050000000219e-01,3.843018000000000128e-03,5.915000700000000444e-01,1.210184910000000058e-01,4.212795309999999849e-01,7.044017240000000069e-01,8.915734760000000314e-01,8.180765989999999599e-01,6.233284780000000191e-01
3.124608899999999773e-02,1.564474530000000141e-01,2.111479999999999954e-02,2.280417750000000021e-01,8.854799650000000355e-01,8.817790170000000538e-01,9.863512400000000457e-02,5.021239200000000152e-02,1.191797000000000082e-03,2.502279000000000048e-03,3.082000799999999943e-02,6.730631300000000650e-02,1.000000000000000000e+00,5.822537509999999861e-01,1.160000000000000064e-07,2.434977999999999969e-03,7.636149000000000062e-03,6.332801799999999981e-02,1.819599100000000025e-01,1.971541330000000092e-01,8.716234000000000481e-01,4.003215050000000219e-01,3.843018000000000128e-03,5.915000700000000444e-01,1.210184910000000058e-01,4.212795309999999849e-01,7.044017240000000069e-01,8.915734760000000314e-01,8.180765989999999599e-01,6.233284780000000191e-01
3.914680400000000032e-02,1.482256080000000087e-01,3.623777899999999774e-02,2.459427720000000039e-01,9.075894270000000041e-01,8.817790170000000538e-01,9.863512400000000457e-02,5.021239200000000152e-02,1.191797000000000082e-03,2.502279000000000048e-03,3.082000799999999943e-02,7.418582299999999796e-02,1.000000000000000000e+00,5.862006159999999522e-01,1.160000000000000064e-07,2.434977999999999969e-03,7.636149000000000062e-03,6.482973799999999787e-02,1.907757760000000080e-01,1.847642440000000219e-01,8.716234000000000481e-01,4.003215050000000219e-01,3.843018000000000128e-03,5.915000700000000444e-01,1.210184910000000058e-01,4.212795309999999849e-01,7.044017240000000069e-01,8.915734760000000314e-01,8.180765989999999599e-01,6.233284780000000191e-01
3.586994200000000188e-02,1.564158770000000087e-01,3.523343699999999939e-02,2.520766249999999986e-01,8.941505470000000733e-01,8.817790170000000538e-01,9.863512400000000457e-02,5.021239200000000152e-02,1.191797000000000082e-03,2.502279000000000048e-03,3.082000799999999943e-02,7.937360699999999880e-02,1.000000000000000000e+00,5.973692069999999577e-01,1.160000000000000064e-07,2.434977999999999969e-03,7.636149000000000062e-03,7.269920799999998740e-02,1.987196669999999887e-01,1.837804199999999999e-01,8.716234000000000481e-01,4.003215050000000219e-01,3.843018000000000128e-03,5.915000700000000444e-01,1.210184910000000058e-01,4.212795309999999849e-01,7.044017240000000069e-01,8.915734760000000314e-01,8.180765989999999599e-01,6.233284780000000191e-01
5.416850099999999391e-02,1.454422890000000024e-01,2.246984999999999955e-02,2.270470890000000075e-01,8.807778440000000320e-01,8.817790170000000538e-01,9.863512400000000457e-02,5.021239200000000152e-02,1.191797000000000082e-03,2.502279000000000048e-03,3.082000799999999943e-02,7.453516699999999939e-02,1.000000000000000000e+00,5.959046289999999635e-01,1.160000000000000064e-07,2.434977999999999969e-03,7.636149000000000062e-03,7.233935499999999408e-02,1.946623180000000009e-01,1.831296470000000065e-01,8.716234000000000481e-01,4.003215050000000219e-01,3.843018000000000128e-03,5.915000700000000444e-01,1.210184910000000058e-01,4.212795309999999849e-01,7.044017240000000069e-01,8.915734760000000314e-01,8.180765989999999599e-01,6.233284780000000191e-01
5.335130999999999901e-02,1.490667069999999927e-01,4.174718399999999968e-02,2.247071820000000053e-01,9.045243450000000074e-01,8.817790170000000538e-01,9.863512400000000457e-02,5.021239200000000152e-02,1.191797000000000082e-03,2.502279000000000048e-03,3.082000799999999943e-02,5.608297899999999808e-02,1.000000000000000000e+00,5.893945750000000317e-01,1.160000000000000064e-07,2.434977999999999969e-03,7.636149000000000062e-03,7.096696299999999402e-02,1.775615879999999924e-01,1.857264900000000218e-01,8.716234000000000481e-01,4.003215050000000219e-01,3.843018000000000128e-03,5.915000700000000444e-01,1.210184910000000058e-01,4.212795309999999849e-01,7.044017240000000069e-01,8.915734760000000314e-01,8.180765989999999599e-01,6.233284780000000191e-01
3.240072499999999828e-02,1.495956830000000071e-01,4.422437299999999738e-02,2.363382810000000112e-01,8.953178220000000964e-01,8.817790170000000538e-01,9.863512400000000457e-02,5.021239200000000152e-02,1.191797000000000082e-03,2.502279000000000048e-03,3.082000799999999943e-02,7.887481799999999932e-02,1.000000000000000000e+00,5.789442139999999570e-01,1.160000000000000064e-07,2.434977999999999969e-03,7.636149000000000062e-03,5.639745399999999964e-02,2.000241120000000039e-01,1.916196680000000208e-01,8.716234000000000481e-01,4.003215050000000219e-01,3.843018000000000128e-03,5.915000700000000444e-01,1.210184910000000058e-01,4.212795309999999849e-01,7.044017240000000069e-01,8.915734760000000314e-01,8.180765989999999599e-01,6.233284780000000191e-01
4.355420599999999809e-02,1.429916579999999937e-01,4.343793600000000338e-02,2.451839880000000194e-01,9.102453600000000034e-01,8.817790170000000538e-01,9.863512400000000457e-02,5.021239200000000152e-02,1.191797000000000082e-03,2.502279000000000048e-03,3.082000799999999943e-02,5.385182200000000058e-02,1.000000000000000000e+00,5.747076700000000038e-01,1.160000000000000064e-07,2.434977999999999969e-03,7.636149000000000062e-03,5.657841699999999890e-02,1.848919990000000013e-01,1.906779590000000080e-01,8.716234000000000481e-01,4.003215050000000219e-01,3.843018000000000128e-03,5.915000700000000444e-01,1.210184910000000058e-01,4.212795309999999849e-01,7.044017240000000069e-01,8.915734760000000314e-01,8.180765989999999599e-01,6.233284780000000191e-01
4.022524300000000080e-02,1.507088139999999965e-01,3.943916499999999825e-02,2.412679460000000109e-01,8.880515600000000731e-01,8.817790170000000538e-01,9.863512400000000457e-02,5.021239200000000152e-02,1.191797000000000082e-03,2.502279000000000048e-03,3.082000799999999943e-02,7.411456299999999442e-02,1.000000000000000000e+00,6.003867269999999534e-01,1.160000000000000064e-07,2.434977999999999969e-03,7.636149000000000062e-03,4.872071199999999935e-02,1.828358589999999895e-01,1.950769280000000105e-01,8.716234000000000481e-01,4.003215050000000219e-01,3.843018000000000128e-03,5.915000700000000444e-01,1.210184910000000058e-01,4.212795309999999849e-01,7.044017240000000069e-01,8.915734760000000314e-01,8.180765989999999599e-01,6.233284780000000191e-01
3.945033800000000146e-02,1.403934540000000009e-01,4.030400099999999902e-02,2.476264579999999937e-01,9.017479110000000686e-01,8.817790170000000538e-01,9.863512400000000457e-02,5.021239200000000152e-02,1.191797000000000082e-03,2.502279000000000048e-03,3.082000799999999943e-02,5.638773700000000028e-02,1.000000000000000000e+00,5.985287959999999741e-01,1.160000000000000064e-07,2.434977999999999969e-03,7.636149000000000062e-03,6.598246599999998963e-02,1.733955130000000011e-01,2.039621739999999961e-01,8.716234000000000481e-01,4.003215050000000219e-01,3.843018000000000128e-03,5.915000700000000444e-01,1.210184910000000058e-01,4.212795309999999849e-01,7.044017240000000069e-01,8.915734760000000314e-01,8.180765989999999599e-01,6.233284780000000191e-01
3.676190099999999961e-02,1.579499699999999951e-01,2.052813800000000133e-02,2.327161940000000151e-01,8.962772610000000473e-01,8.817790170000000538e-01,9.863512400000000457e-02,5.021239200000000152e-02,1.191797000000000082e-03,2.502279000000000048e-03,3.082000799999999943e-02,5.859846800000000078e-02,1.000000000000000000e+00,5.820900980000000002e-01,1.160000000000000064e-07,2.434977999999999969e-03,7.636149000000000062e-03,6.585097700000000498e-02,1.820948109999999953e-01,1.919472730000000016e-01,8.716234000000000481e-01,4.003215050000000219e-01,3.843018000000000128e-03,5.915000700000000444e-01,1.210184910000000058e-01,4.212795309999999849e-01,7.044017240000000069e-01,8.915734760000000314e-01,8.180765989999999599e-01,6.233284780000000191e-01
5.059103199999999412e-02,1.390231420000000162e-01,1.657232000000000149e-02,2.302082049999999991e-01,8.943513940000000773e-01,8.817790170000000538e-01,9.863512400000000457e-02,5.021239200000000152e-02,1.191797000000000082e-03,2.502279000000000048e-03,3.082000799999999943e-02,7.506994499999999904e-02,1.000000000000000000e+00,5.823769380000000107e-01,1.160000000000000064e-07,2.434977999999999969e-03,7.636149000000000062e-03,7.469265099999999880e-02,1.879072059999999933e-01,2.007937610000000150e-01,8.716234000000000481e-01,4.003215050000000219e-01,3.843018000000000128e-03,5.915000700000000444e-01,1.210184910000000058e-01,4.212795309999999849e-01,7.044017240000000069e-01,8.915734760000000314e-01,8.180765989999999599e-01,6.233284780000000191e-01
4.916230400000000389e-02,1.362120700000000184e-01,4.387613299999999772e-02,2.382079430000000053e-01,9.060530669999999898e-01,8.817790170000000538e-01,9.863512400000000457e-02,5.021239200000000152e-02,1.191797000000000082e-03,2.502279000000000048e-03,3.082000799999999943e-02,5.875312099999999843e-02,1.000000000000000000e+00,5.963227689999999193e-01,1.160000000000000064e-07,2.434977999999999969e-03,7.636149000000000062e-03,5.896274399999999749e-02,1.865305650000000093e-01,1.925859740000000209e-01,8.716234000000000481e-01,4.003215050000000219e-01,3.843018000000000128e-03,5.915000700000000444e-01,1.210184910000000058e-01,4.212795309999999849e-01,7.044017240000000069e-01,8.915734760000000314e-01,8.180765989999999599e-01,6.233284780000000191e-01
2.888757800000000056e-02,1.610883670000000101e-01,3.921514899999999776e-02,2.470040190000000191e-01,9.024734160000000838e-01,8.817790170000000538e-01,9.863512400000000457e-02,5.021239200000000152e-02,1.191797000000000082e-03,2.502279000000000048e-03,3.082000799999999943e-02,8.094558300000000151e-02,1.000000000000000000e+00,5.954157110000000142e-01,1.160000000000000064e-07,2.434977999999999969e-03,7.636149000000000062e-03,7.110427399999999509e-02,1.988833010000000123e-01,2.053709989999999985e-01,8.716234000000000481e-01,4.003215050000000219e-01,3.843018000000000128e-03,5.915000700000000444e-01,1.210184910000000058e-01,4.212795309999999849e-01,7.044017240000000069e-01,8.915734760000000314e-01,8.180765989999999599e-01,6.233284780000000191e-01
3.020835300000000029e-02,1.349334150000000010e-01,2.502690200000000018e-02,2.421001740000000013e-01,8.853072620000000947e-01,8.817790170000000538e-01,9.863512400000000457e-02,5.021239200000000152e-02,1.191797000000000082e-03,2.502279000000000048e-03,3.082000799999999943e-02,7.143232299999999202e-02,1.000000000000000000e+00,5.806408269999999705e-01,1.160000000000000064e-07,2.434977999999999969e-03,7.636149000000000062e-03,6.464348600000000000e-02,1.713701880000000066e-01,2.104168210000000039e-01,8.716234000000000481e-01,4.003215050000000219e-01,3.843018000000000128e-03,5.915000700000000444e-01,1.210184910000000058e-01,4.212795309999999849e-01,7.044017240000000069e-01,8.915734760000000314e-01,8.180765989999999599e-01,6.233284780000000191e-01
5.292732799999999571e-02,1.440680200000000188e-01,1.807795200000000130e-02,2.393306109999999987e-01,8.992095760000000659e-01,8.817790170000000538e-01,9.863512400000000457e-02,5.021239200000000152e-02,1.191797000000000082e-03,2.502279000000000048e-03,3.082000799999999943e-02,7.370350999999999986e-02,1.000000000000000000e+00,5.740031119999999820e-01,1.160000000000000064e-07,2.434977999999999969e-03,7.636149000000000062e-03,4.776408799999999621e-02,1.876045080000000032e-01,2.107965250000000124e-01,8.716234000000000481e-01,4.003215050000000219e-01,3.843018000000000128e-03,5.915000700000000444e-01,1.210184910000000058e-01,4.212795309999999849e-01,7.044017240000000069e-01,8.915734760000000314e-01,8.180765989999999599e-01,6.233284780000000191e-01
4.530610000000000193e-02,1.593542569999999992e-01,3.101273400000000013e-02,2.501287979999999855e-01,8.809861650000000433e-01,8.817790170000000538e-01,9.863512400000000457e-02,5.021239200000000152e-02,1.191797000000000082e-03,2.502279000000000048e-03,3.082000799999999943e-02,8.039488999999999663e-02,1.000000000000000000e+00,5.983680299999999397e-01,1.160000000000000064e-07,2.434977999999999969e-03,7.636149000000000062e-03,6.968217300000000003e-02,1.731844220000000045e-01,1.984091629999999995e-01,8.716234000000000481e-01,4.003215050000000219e-01,3.843018000000000128e-03,5.915000700000000444e-01,1.210184910000000058e-01,4.212795309999999849e-01,7.044017240000000069e-01,8.915734760000000314e-01,8.180765989999999599e-01,6.233284780000000191e-01
3.330878999999999784e-02,1.612504879999999974e-01,4.213788699999999887e-02,2.408737050000000213e-01,9.093360040000000311e-01,8.817790170000000538e-01,9.863512400000000457e-02,5.021239200000000152e-02,1.191797000000000082e-03,2.502279000000000048e-03,3.082000799999999943e-02,7.786360100000000450e-02,1.000000000000000000e+00,5.851762059999999765e-01,1.160000000000000064e-07,2.434977999999999969e-03,7.636149000000000062e-03,4.681198200000000198e-02,1.800618380000000018e-01,1.856319240000000037e-01,8.716234000000000481e-01,4.003215050000000219e-01,3.843018000000000128e-03,5.915000700000000444e-01,1.210184910000000058e-01,4.212795309999999849e-01,7.044017240000000069e-01,8.915734760000000314e-01,8.180765989999999599e-01,6.233284780000000191e-01
2.925197699999999845e-02,1.417738900000000135e-01,3.395163400000000137e-02,2.259558710000000026e-01,8.826612280000000199e-01,8.817790170000000538e-01,9.863512400000000457e-02,5.021239200000000152e-02,1.191797000000000082e-03,2.502279000000000048e-03,3.082000799999999943e-02,5.129941699999999993e-02,1.000000000000000000e+00,5.911015800000000153e-01,1.160000000000000064e-07,2.434977999999999969e-03,7.636149000000000062e-03,5.940225799999999945e-02,1.891358959999999978e-01,1.999841330000000084e-01,8.716234000000000481e-01,4.003215050000000219e-01,3.843018000000000128e-03,5.915000700000000444e-01,1.210184910000000058e-01,4.212795309999999849e-01,7.044017240000000069e-01,8.915734760000000314e-01,8.180765989999999599e-01,6.233284780000000191e-01
5.438472699999999382e-02,1.345838119999999971e-01,4.300720699999999869e-02,2.309188600000000036e-01,8.863377500000000353e-01,8.817790170000000538e-01,9.863512400000000457e-02,5.021239200000000152e-02,1.191797000000000082e-03,2.502279000000000048e-03,3.082000799999999943e-02,7.134301299999999679e-02,1.000000000000000000e+00,5.949135129999999494e-01,1.160000000000000064e-07,2.434977999999999969e-03,7.636149000000000062e-03,7.226637599999999328e-02,1.738565410000000033e-01,1.820405680000000137e-01,8.716234000000000481e-01,4.003215050000000219e-01,3.843018000000000128e-03,5.915000700000000444e-01,1.210184910000000058e-01,4.212795309999999849e-01,7.044017240000000069e-01,8.915734760000000314e-01,8.180765989999999599e-01,6.233284780000000191e-01
2.942997299999999816e-02,1.531110620000000200e-01,2.341161500000000020e-02,2.294749980000000134e-01,8.941309560000000323e-01,8.817790170000000538e-01,9.863512400000000457e-02,5.021239200000000152e-02,1.191797000000000082e-03,2.502279000000000048e-03,3.082000799999999943e-02,8.057591000000000059e-02,1.000000000000000000e+00,5.908091389999999832e-01,1.160000000000000064e-07,2.434977999999999969e-03,7.636149000000000062e-03,4.735126499999999655e-02,1.905489519999999937e-01,1.844204950000000176e-01,8.716234000000000481e-01,4.003215050000000219e-01,3.843018000000000128e-03,5.915000700000000444e-01,1.210184910000000058e-01,4.212795309999999849e-01,7.044017240000000069e-01,8.915734760000000314e-01,8.180765989999999599e-01,6.233284780000000191e-01
4.336759399999999542e-02,1.595336270000000112e-01,1.703601899999999947e-02,2.304141690000000020e-01,9.039118280000000283e-01,8.817790170000000538e-01,9.863512400000000457e-02,5.021239200000000152e-02,1.191797000000000082e-03,2.502279000000000048e-03,3.082000799999999943e-02,5.546166500000000027e-02,1.000000000000000000e+00,5.882275609999999544e-01,1.160000000000000064e-07,2.434977999999999969e-03,7.636149000000000062e-03,6.073572800000000271e-02,1.805712929999999938e-01,1.835015080000000076e-01,8.716234000000000481e-01,4.003215050000000219e-01,3.843018000000000128e-03,5.915000700000000444e-01,1.210184910000000058e-01,4.212795309999999849e-01,7.044017240000000069e-01,8.915734760000000314e-01,8.180765989999999599e-01,6.233284780000000191e-01
5.377283600000000441e-02,1.322980670000000192e-01,3.837838600000000044e-02,2.246559190000000095e-01,9.070722750000000945e-01,8.817790170000000538e-01,9.863512400000000457e-02,5.021239200000000152e-02,1.191797000000000082e-03,2.502279000000000048e-03,3.082000799999999943e-02,7.699226500000000417e-02,1.000000000000000000e+00,5.895978579999999747e-01,1.160000000000000064e-07,2.434977999999999969e-03,7.636149000000000062e-03,5.212719400000000169e-02,1.787912349999999928e-01,1.965418550000000153e-01,8.716234000000000481e-01,4.003215050000000219e-01,3.843018000000000128e-03,5.915000700000000444e-01,1.210184910000000058e-01,4.212795309999999849e-01,7.044017240000000069e-01,8.915734760000000314e-01,8.180765989999999599e-01,6.233284780000000191e-01
4.311852199999999941e-02,1.511818719999999949e-01,2.496166600000000041e-02,2.516470949999999873e-01,8.969766220000000567e-01,8.817790170000000538e-01,9.863512400000000457e-02,5.021239200000000152e-02,1.191797000000000082e-03,2.502279000000000048e-03,3.082000799999999943e-02,5.176097500000000073e-02,1.000000000000000000e+00,5.910748900000000194e-01,1.160000000000000064e-07,2.434977999999999969e-03,7.636149000000000062e-03,7.373125399999999607e-02,1.913051490000000077e-01,1.829933920000000047e-01,8.716234000000000481e-01,4.003215050000000219e-01,3.843018000000000128e-03,5.915000700000000444e-01,1.210184910000000058e-01,4.212795309999999849e-01,7.044017240000000069e-01,8.915734760000000314e-01,8.180765989999999599e-01,6.233284780000000191e-01
4.025664899999999852e-02,1.592647749999999973e-01,1.692758800000000036e-02,2.300188810000000084e-01,8.907707730000000712e-01,8.817790170000000538e-01,9.863512400000000457e-02,5.021239200000000152e-02,1.191797000000000082e-03,2.502279000000000048e-03,3.082000799999999943e-02,7.318372800000000344e-02,1.000000000000000000e+00,5.790394799999999398e-01,1.160000000000000064e-07,2.434977999999999969e-03,7.636149000000000062e-03,4.914408199999999866e-02,1.992380940000000045e-01,1.984893660000000004e-01,8.716234000000000481e-01,4.003215050000000219e-01,3.843018000000000128e-03,5.915000700000000444e-01,1.210184910000000058e-01,4.212795309999999849e-01,7.044017240000000069e-01,8.915734760000000314e-01,8.180765989999999599e-01,6.233284780000000191e-01
3.169055600000000167e-02,1.353407269999999940e-01,3.718830299999999894e-02,2.346773060000000022e-01,9.001363870000000933e-01,8.817790170000000538e-01,9.863512400000000457e-02,5.021239200000000152e-02,1.191797000000000082e-03,2.502279000000000048e-03,3.082000799999999943e-02,5.581365199999999832e-02,1.000000000000000000e+00,5.939413310000000168e-01,1.160000000000000064e-07,2.434977999999999969e-03,7.636149000000000062e-03,6.929890399999999451e-02,1.873993160000000102e-01,1.974674950000000206e-01,8.716234000000000481e-01,4.003215050000000219e-01,3.843018000000000128e-03,5.915000700000000444e-01,1.210184910000000058e-01,4.212795309999999849e-01,7.044017240000000069e-01,8.915734760000000314e-01,8.180765989999999599e-01,6.233284780000000191e-01
4.789088999999999846e-02,1.385813680000000103e-01,2.213605600000000118e-02,2.441872520000000213e-01,8.821897050000000462e-01,8.817790170000000538e-01,9.863512400000000457e-02,5.021239200000000152e-02,1.191797000000000082e-03,2.502279000000000048e-03,3.082000799999999943e-02,5.208783499999999900e-02,1.000000000000000000e+00,5.932223799999999381e-01,1.160000000000000064e-07,2.434977999999999969e-03,7.636149000000000062e-03,6.236664999999999570e-02,1.984054670000000020e-01,2.011091960000000178e-01,8.716234000000000481e-01,4.003215050000000219e-01,3.843018000000000128e-03,5.915000700000000444e-01,1.210184910000000058e-01,4.212795309999999849e-01,7.044017240000000069e-01,8.915734760000000314e-01,8.180765989999999599e-01,6.233284780000000191e-01
2.844399699999999864e-02,1.487182710000000130e-01,3.183511599999999664e-02,2.420013360000000113e-01,8.903455230000000276e-01,8.817790170000000538e-01,9.863512400000000457e-02,5.021239200000000152e-02,1.191797000000000082e-03,2.502279000000000048e-03,3.082000799999999943e-02,5.169320399999999954e-02,1.000000000000000000e+00,5.813455129999999249e-01,1.160000000000000064e-07,2.434977999999999969e-03,7.636149000000000062e-03,6.766744599999999221e-02,1.865577640000000148e-01,1.852354860000000047e-01,8.716234000000000481e-01,4.003215050000000219e-01,3.843018000000000128e-03,5.915000700000000444e-01,1.210184910000000058e-01,4.212795309999999849e-01,7.044017240000000069e-01,8.915734760000000314e-01,8.180765989999999599e-01,6.233284780000000191e-01
5.519609000000000321e-02,1.611351619999999985e-01,3.214306000000000108e-02,2.455951230000000263e-01,9.008381030000000012e-01,8.817790170000000538e-01,9.863512400000000457e-02,5.021239200000000152e-02,1.191797000000000082e-03,2.502279000000000048e-03,3.082000799999999943e-02,7.446334999999999760e-02,1.000000000000000000e+00,5.987756049999999330e-01,1.160000000000000064e-07,2.434977999999999969e-03,7.636149000000000062e-03,7.587525800000000098e-02,1.956843739999999943e-01,1.945622700000000094e-01,8.716234000000000481e-01,4.003215050000000219e-01,3.843018000000000128e-03,5.915000700000000444e-01,1.210184910000000058e-01,4.212795309999999849e-01,7.044017240000000069e-01,8.915734760000000314e-01,8.180765989999999599e-01,6.233284780000000191e-01
2.998136900000000077e-02,1.358039450000000092e-01,2.968141599999999866e-02,2.478156340000000069e-01,9.035312590000000865e-01,8.817790170000000538e-01,9.863512400000000457e-02,5.021239200000000152e-02,1.191797000000000082e-03,2.502279000000000048e-03,3.082000799999999943e-02,5.990905300000000377e-02,1.000000000000000000e+00,5.858837489999999537e-01,1.160000000000000064e-07,2.434977999999999969e-03,7.636149000000000062e-03,5.909693800000000163e-02,1.781637030000000066e-01,1.918002060000000009e-01,8.716234000000000481e-01,4.003215050000000219e-01,3.843018000000000128e-03,5.915000700000000444e-01,1.210184910000000058e-01,4.212795309999999849e-01,7.044017240000000069e-01,8.915734760000000314e-01,8.180765989999999599e-01,6.233284780000000191e-01
4.838907800000000203e-02,1.456847500000000017e-01,1.860754900000000100e-02,2.414090269999999983e-01,9.013295440000000935e-01,8.817790170000000538e-01,9.863512400000000457e-02,5.021239200000000152e-02,1.191797000000000082e-03,2.502279000000000048e-03,3.082000799999999943e-02,8.120465000000000322e-02,1.000000000000000000e+00,5.965420879999999704e-01,1.160000000000000064e-07,2.434977999999999969e-03,7.636149000000000062e-03,5.282226399999999378e-02,1.972304639999999942e-01,1.884929650000000123e-01,8.716234000000000481e-01,4.003215050000000219e-01,3.843018000000000128e-03,5.915000700000000444e-01,1.210184910000000058e-01,4.212795309999999849e-01,7.044017240000000069e-01,8.915734760000000314e-01,8.180765989999999599e-01,6.233284780000000191e-01
5.756299700000000463e-02,1.442628420000000022e-01,1.817196499999999826e-02,2.497061970000000186e-01,8.898252280000000791e-01,8.817790170000000538e-01,9.863512400000000457e-02,5.021239200000000152e-02,1.191797000000000082e-03,2.502279000000000048e-03,3.082000799999999943e-02,7.862368999999999608e-02,1.000000000000000000e+00,5.804273340000000170e-01,1.160000000000000064e-07,2.434977999999999969e-03,7.636149000000000062e-03,4.959342899999999443e-02,1.947387369999999951e-01,1.996704420000000035e-01,8.716234000000000481e-01,4.003215050000000219e-01,3.843018000000000128e-03,5.915000700000000444e-01,1.210184910000000058e-01,4.212795309999999849e-01,7.044017240000000069e-01,8.915734760000000314e-01,8.180765989999999599e-01,6.233284780000000191e-01
3.438276599999999517e-02,1.492878659999999913e-01,2.945016900000000173e-02,2.447895730000000103e-01,8.875694100000000031e-01,8.817790170000000538e-01,9.863512400000000457e-02,5.021239200000000152e-02,1.191797000000000082e-03,2.502279000000000048e-03,3.082000799999999943e-02,6.546034900000000101e-02,1.000000000000000000e+00,5.812280659999999877e-01,1.160000000000000064e-07,2.434977999999999969e-03,7.636149000000000062e-03,6.156705199999999711e-02,1.824104009999999998e-01,2.038892830000000045e-01,8.716234000000000481e-01,4.003215050000000219e-01,3.843018000000000128e-03,5.915000700000000444e-01,1.210184910000000058e-01,4.212795309999999849e-01,7.044017240000000069e-01,8.915734760000000314e-01,8.180765989999999599e-01,6.233284780000000191e-01
5.195824699999999907e-02,1.516087490000000149e-01,3.455044699999999802e-02,2.428502889999999970e-01,9.045873760000000541e-01,8.817790170000000538e-01,9.863512400000000457e-02,5.021239200000000152e-02,1.191797000000000082e-03,2.502279000000000048e-03,3.082000799999999943e-02,7.509826799999999580e-02,1.000000000000000000e+00,5.876865089999999681e-01,1.160000000000000064e-07,2.434977999999999969e-03,7.636149000000000062e-03,6.019102499999999523e-02,1.861784840000000052e-01,2.013480240000000143e-01,8.716234000000000481e-01,4.003215050000000219e-01,3.843018000000000128e-03,5.915000700000000444e-01,1.210184910000000058e-01,4.212795309999999849e-01,7.044017240000000069e-01,8.915734760000000314e-01,8.180765989999999599e-01,6.233284780000000191e-01
4.889765499999999820e-02,1.571580069999999885e-01,2.380950299999999922e-02,2.269390730000000189e-01,9.041938400000000264e-01,8.817790170000000538e-01,9.863512400000000457e-02,5.021239200000000152e-02,1.191797000000000082e-03,2.502279000000000048e-03,3.082000799999999943e-02,6.884363799999999867e-02,1.000000000000000000e+00,5.815268049999999800e-01,1.160000000000000064e-07,2.434977999999999969e-03,7.636149000000000062e-03,5.230742699999999662e-02,1.979183810000000043e-01,1.888501730000000101e-01,8.716234000000000481e-01,4.003215050000000219e-01,3.843018000000000128e-03,5.915000700000000444e-01,1.210184910000000058e-01,4.212795309999999849e-01,7.044017240000000069e-01,8.915734760000000314e-01,8.180765989999999599e-01,6.233284780000000191e-01
5.232065499999999370e-02,1.471584610000000182e-01,2.198938099999999882e-02,2.379092670000000076e-01,9.098613500000000132e-01,8.817790170000000538e-01,9.863512400000000457e-02,5.021239200000000152e-02,1.191797000000000082e-03,2.502279000000000048e-03,3.082000799999999943e-02,8.030067500000000191e-02,1.000000000000000000e+00,5.708871220000000246e-01,1.160000000000000064e-07,2.434977999999999969e-03,7.636149000000000062e-03,4.750453699999999946e-02,1.852999170000000084e-01,1.913295360000000223e-01,8.716234000000000481e-01,4.003215050000000219e-01,3.843018000000000128e-03,5.915000700000000444e-01,1.210184910000000058e-01,4.212795309999999849e-01,7.044017240000000069e-01,8.915734760000000314e-01,8.180765989999999599e-01,6.233284780000000191e-01
3.493707999999999536e-02,1.528707559999999965e-01,1.606320500000000054e-02,2.351809920000000054e-01,8.881838130000000442e-01,8.817790170000000538e-01,9.863512400000000457e-02,5.021239200000000152e-02,1.191797000000000082e-03,2.502279000000000048e-03,3.082000799999999943e-02,6.267692499999999445e-02,1.000000000000000000e+00,5.814625689999999292e-01,1.160000000000000064e-07,2.434977999999999969e-03,7.636149000000000062e-03,6.905068100000000264e-02,1.935735040000000073e-01,1.970375510000000052e-01,8.716234000000000481e-01,4.003215050000000219e-01,3.843018000000000128e-03,5.915000700000000444e-01,1.210184910000000058e-01,4.212795309999999849e-01,7.044017240000000069e-01,8.915734760000000314e-01,8.180765989999999599e-01,6.233284780000000191e-01
3.426556299999999888e-02,1.393033350000000004e-01,2.443567699999999940e-02,2.299159720000000240e-01,8.846095790000000347e-01,8.817790170000000538e-01,9.863512400000000457e-02,5.021239200000000152e-02,1.191797000000000082e-03,2.502279000000000048e-03,3.082000799999999943e-02,6.716716400000000142e-02,1.000000000000000000e+00,5.941491049999999552e-01,1.160000000000000064e-07,2.434977999999999969e-03,7.636149000000000062e-03,5.087057999999999858e-02,1.930296049999999930e-01,2.009770530000000166e-01,8.716234000000000481e-01,4.003215050000000219e-01,3.843018000000000128e-03,5.915000700000000444e-01,1.210184910000000058e-01,4.212795309999999849e-01,7.044017240000000069e-01,8.915734760000000314e-01,8.180765989999999599e-01,6.233284780000000191e-01
4.281070500000000445e-02,1.377411900000000133e-01,3.317506900000000147e-02,2.256822900000000076e-01,9.101002020000000803e-01,8.817790170000000538e-01,9.863512400000000457e-02,5.021239200000000152e-02,1.191797000000000082e-03,2.502279000000000048e-03,3.082000799999999943e-02,5.528124899999999758e-02,1.000000000000000000e+00,5.720347679999999713e-01,1.160000000000000064e-07,2.434977999999999969e-03,7.636149000000000062e-03,6.609544700000000161e-02,1.786918319999999949e-01,1.995898160000000032e-01,8.716234000000000481e-01,4.003215050000000219e-01,3.843018000000000128e-03,5.915000700000000444e-01,1.210184910000000058e-01,4.212795309999999849e-01,7.044017240000000069e-01,8.915734760000000314e-01,8.180765989999999599e-01,6.233284780000000191e-01
4.112831399999999915e-02,1.614210209999999979e-01,3.680988300000000157e-02,2.389184770000000180e-01,9.060006600000000132e-01,8.817790170000000538e-01,9.863512400000000457e-02,5.021239200000000152e-02,1.191797000000000082e-03,2.502279000000000048e-03,3.082000799999999943e-02,8.006600099999999776e-02,1.000000000000000000e+00,5.868161519999999243e-01,1.160000000000000064e-07,2.434977999999999969e-03,7.636149000000000062e-03,6.893952999999999887e-02,1.831178290000000097e-01,2.110711780000000259e-01,8.716234000000000481e-01,4.003215050000000219e-01,3.843018000000000128e-03,5.915000700000000444e-01,1.210184910000000058e-01,4.212795309999999849e-01,7.044017240000000069e-01,8.915734760000000314e-01,8.180765989999999599e-01,6.233284780000000191e-01
4.490613100000000191e-02,1.447723020000000194e-01,4.120134699999999928e-02,2.258299579999999973e-01,8.973642640000000226e-01,8.817790170000000538e-01,9.863512400000000457e-02,5.021239200000000152e-02,1.191797000000000082e-03,2.502279000000000048e-03,3.082000799999999943e-02,7.616067499999999713e-02,1.000000000000000000e+00,5.920900809999999348e-01,1.160000000000000064e-07,2.434977999999999969e-03,7.636149000000000062e-03,6.994166899999999798e-02,1.882165550000000076e-01,1.907697970000000187e-01,8.716234000000000481e-01,4.003215050000000219e-01,3.843018000000000128e-03,5.915000700000000444e-01,1.210184910000000058e-01,4.212795309999999849e-01,7.044017240000000069e-01,8.915734760000000314e-01,8.180765989999999599e-01,6.233284780000000191e-01
4.901315500000000269e-02,1.406219140000000145e-01,2.281046299999999957e-02,2.266915690000000094e-01,8.931649900000000475e-01,8.817790170000000538e-01,9.863512400000000457e-02,5.021239200000000152e-02,1.191797000000000082e-03,2.502279000000000048e-03,3.082000799999999943e-02,5.902460099999999599e-02,1.000000000000000000e+00,5.891878589999999249e-01,1.160000000000000064e-07,2.434977999999999969e-03,7.636149000000000062e-03,7.438470699999999436e-02,1.760282260000000099e-01,2.056199620000000172e-01,8.716234000000000481e-01,4.003215050000000219e-01,3.843018000000000128e-03,5.915000700000000444e-01,1.210184910000000058e-01,4.212795309999999849e-01,7.044017240000000069e-01,8.915734760000000314e-01,8.180765989999999599e-01,6.233284780000000191e-01
4.383885900000000085e-02,1.523842400000000041e-01,2.930472699999999917e-02,2.278746799999999961e-01,8.812778100000000503e-01,8.817790170000000538e-01,9.863512400000000457e-02,5.021239200000000152e-02,1.191797000000000082e-03,2.502279000000000048e-03,3.082000799999999943e-02,7.293616999999999462e-02,1.000000000000000000e+00,5.968550699999999321e-01,1.160000000000000064e-07,2.434977999999999969e-03,7.636149000000000062e-03,4.817537299999999356e-02,1.860168050000000073e-01,1.950848130000000236e-01,8.716234000000000481e-01,4.003215050000000219e-01,3.843018000000000128e-03,5.915000700000000444e-01,1.210184910000000058e-01,4.212795309999999849e-01,7.044017240000000069e-01,8.915734760000000314e-01,8.180765989999999599e-01,6.233284780000000191e-01
3.753922700000000140e-02,1.501052260000000083e-01,3.906600400000000139e-02,2.426812799999999992e-01,8.989355610000000496e-01,8.817790170000000538e-01,9.863512400000000457e-02,5.021239200000000152e-02,1.191797000000000082e-03,2.502279000000000048e-03,3.082000799999999943e-02,6.785696600000000467e-02,1.000000000000000000e+00,5.771100729999999457e-01,1.160000000000000064e-07,2.434977999999999969e-03,7.636149000000000062e-03,5.603343399999999308e-02,1.898610820000000143e-01,2.091746440000000207e-01,8.716234000000000481e-01,4.003215050000000219e-01,3.843018000000000128e-03,5.915000700000000444e-01,1.210184910000000058e-01,4.212795309999999849e-01,7.044017240000000069e-01,8.915734760000000314e-01,8.180765989999999599e-01,6.233284780000000191e-01
3.613680999999999838e-02,1.371892390000000184e-01,3.282877800000000290e-02,2.410517650000000012e-01,8.927421960000000434e-01,8.817790170000000538e-01,9.863512400000000457e-02,5.021239200000000152e-02,1.191797000000000082e-03,2.502279000000000048e-03,3.082000799999999943e-02,5.757514099999999635e-02,1.000000000000000000e+00,5.810286620000000291e-01,1.160000000000000064e-07,2.434977999999999969e-03,7.636149000000000062e-03,6.194007699999999617e-02,1.833943610000000057e-01,1.923864880000000221e-01,8.716234000000000481e-01,4.003215050000000219e-01,3.843018000000000128e-03,5.915000700000000444e-01,1.210184910000000058e-01,4.212795309999999849e-01,7.044017240000000069e-01,8.915734760000000314e-01,8.180765989999999599e-01,6.233284780000000191e-01
4.190808499999999770e-02,1.383837150000000182e-01,2.652148000000000005e-02,2.312876830000000217e-01,8.814296920000000979e-01,8.817790170000000538e-01,9.863512400000000457e-02,5.021239200000000152e-02,1.191797000000000082e-03,2.502279000000000048e-03,3.082000799999999943e-02,5.134064600000000367e-02,1.000000000000000000e+00,5.973093130000000084e-01,1.160000000000000064e-07,2.434977999999999969e-03,7.636149000000000062e-03,6.818768399999999841e-02,1.826883270000000115e-01,1.994287640000000084e-01,8.716234000000000481e-01,4.003215050000000219e-01,3.843018000000000128e-03,5.915000700000000444e-01,1.210184910000000058e-01,4.212795309999999849e-01,7.044017240000000069e-01,8.915734760000000314e-01,8.180765989999999599e-01,6.233284780000000191e-01
5.589448099999999586e-02,1.328079030000000049e-01,2.467528800000000008e-02,2.461763060000000114e-01,9.014622580000000163e-01,8.817790170000000538e-01,9.863512400000000457e-02,5.021239200000000152e-02,1.191797000000000082e-03,2.502279000000000048e-03,3.082000799999999943e-02,5.361948299999999556e-02,1.000000000000000000e+00,5.734200969999999620e-01,1.160000000000000064e-07,2.434977999999999969e-03,7.636149000000000062e-03,6.003003599999999496e-02,1.851880300000000035e-01,1.883223730000000151e-01,8.716234000000000481e-01,4.003215050000000219e-01,3.843018000000000128e-03,5.915000700000000444e-01,1.210184910000000058e-01,4.212795309999999849e-01,7.044017240000000069e-01,8.915734760000000314e-01,8.180765989999999599e-01,6.233284780000000191e-01
5.317159500000000205e-02,1.330458260000000059e-01,3.420330300000000434e-02,2.465735159999999926e-01,8.956195740000000294e-01,8.817790170000000538e-01,9.863512400000000457e-02,5.021239200000000152e-02,1.191797000000000082e-03,2.502279000000000048e-03,3.082000799999999943e-02,5.919116900000000181e-02,1.000000000000000000e+00,5.916976320000000289e-01,1.160000000000000064e-07,2.434977999999999969e-03,7.636149000000000062e-03,6.274805499999999703e-02,1.925530689999999934e-01,2.017098300000000066e-01,8.716234000000000481e-01,4.003215050000000219e-01,3.843018000000000128e-03,5.915000700000000444e-01,1.210184910000000058e-01,4.212795309999999849e-01,7.044017240000000069e-01,8.915734760000000314e-01,8.180765989999999599e-01,6.233284780000000191e-01
3.998395500000000158e-02,1.459813900000000164e-01,2.536667000000000088e-02,2.367237540000000084e-01,8.821206850000000710e-01,8.817790170000000538e-01,9.863512400000000457e-02,5.021239200000000152e-02,1.191797000000000082e-03,2.502279000000000048e-03,3.082000799999999943e-02,7.586683599999999306e-02,1.000000000000000000e+00,5.719037989999999905e-01,1.160000000000000064e-07,2.434977999999999969e-03,7.636149000000000062e-03,7.512396299999998805e-02,1.873863420000000113e-01,1.935058450000000096e-01,8.716234000000000481e-01,4.003215050000000219e-01,3.843018000000000128e-03,5.915000700000000444e-01,1.210184910000000058e-01,4.212795309999999849e-01,7.044017240000000069e-01,8.915734760000000314e-01,8.180765989999999599e-01,6.233284780000000191e-01
4.396106500000000056e-02,1.474164990000000064e-01,3.400641000000000080e-02,2.431027890000000136e-01,8.923386150000000017e-01,8.817790170000000538e-01,9.863512400000000457e-02,5.021239200000000152e-02,1.191797000000000082e-03,2.502279000000000048e-03,3.082000799999999943e-02,6.696690099999999535e-02,1.000000000000000000e+00,5.755494519999999614e-01,1.160000000000000064e-07,2.434977999999999969e-03,7.636149000000000062e-03,5.113477699999999931e-02,1.895351949999999897e-01,2.029796510000000109e-01,8.716234000000000481e-01,4.003215050000000219e-01,3.843018000000000128e-03,5.915000700000000444e-01,1.210184910000000058e-01,4.212795309999999849e-01,7.044017240000000069e-01,8.915734760000000314e-01,8.180765989999999599e-01,6.233284780000000191e-01
4.734163499999999997e-02,1.381867410000000018e-01,3.382108600000000020e-02,2.434428500000000162e-01,8.871655920000000028e-01,8.817790170000000538e-01,9.863512400000000457e-02,5.021239200000000152e-02,1.191797000000000082e-03,2.502279000000000048e-03,3.082000799999999943e-02,6.518567699999999743e-02,1.000000000000000000e+00,5.821454640000000014e-01,1.160000000000000064e-07,2.434977999999999969e-03,7.636149000000000062e-03,7.475483099999999381e-02,1.796669979999999944e-01,1.880323100000000081e-01,8.716234000000000481e-01,4.003215050000000219e-01,3.843018000000000128e-03,5.915000700000000444e-01,1.210184910000000058e-01,4.212795309999999849e-01,7.044017240000000069e-01,8.915734760000000314e-01,8.180765989999999599e-01,6.233284780000000191e-01
5.413765600000000622e-02,1.532323959999999929e-01,4.544616600000000312e-02,2.380901340000000088e-01,9.044106330000000193e-01,8.817790170000000538e-01,9.863512400000000457e-02,5.021239200000000152e-02,1.191797000000000082e-03,2.502279000000000048e-03,3.082000799999999943e-02,7.218682099999999824e-02,1.000000000000000000e+00,5.797591060000000240e-01,1.160000000000000064e-07,2.434977999999999969e-03,7.636149000000000062e-03,7.410041700000000175e-02,1.974750399999999906e-01,1.874597090000000021e-01,8.716234000000000481e-01,4.003215050000000219e-01,3.843018000000000128e-03,5.915000700000000444e-01,1.210184910000000058e-01,4.212795309999999849e-01,7.044017240000000069e-01,8.915734760000000314e-01,8.180765989999999599e-01,6.233284780000000191e-01
4.967213800000000457e-02,1.582918249999999971e-01,1.960100600000000068e-02,2.416598360000000167e-01,9.008952230000000228e-01,8.817790170000000538e-01,9.863512400000000457e-02,5.021239200000000152e-02,1.191797000000000082e-03,2.502279000000000048e-03,3.082000799999999943e-02,5.422909199999999957e-02,1.000000000000000000e+00,5.995662790000000353e-01,1.160000000000000064e-07,2.434977999999999969e-03,7.636149000000000062e-03,6.038764499999999674e-02,1.921352570000000037e-01,2.021159040000000129e-01,8.716234000000000481e-01,4.003215050000000219e-01,3.843018000000000128e-03,5.915000700000000444e-01,1.210184910000000058e-01,4.212795309999999849e-01,7.044017240000000069e-01,8.915734760000000314e-01,8.180765989999999599e-01,6.233284780000000191e-01
4.473359999999999836e-02,1.521547820000000162e-01,3.081156300000000015e-02,2.504437999999999942e-01,9.082189990000000268e-01,8.817790170000000538e-01,9.863512400000000457e-02,5.021239200000000152e-02,1.191797000000000082e-03,2.502279000000000048e-03,3.082000799999999943e-02,5.692591299999999466e-02,1.000000000000000000e+00,5.929567529999999476e-01,1.160000000000000064e-07,2.434977999999999969e-03,7.636149000000000062e-03,5.726755299999999882e-02,1.739680239999999989e-01,2.089014280000000001e-01,8.716234000000000481e-01,4.003215050000000219e-01,3.843018000000000128e-03,5.915000700000000444e-01,1.210184910000000058e-01,4.212795309999999849e-01,7.044017240000000069e-01,8.915734760000000314e-01,8.180765989999999599e-01,6.233284780000000191e-01
5.123492000000000324e-02,1.435375420000000179e-01,4.079520600000000052e-02,2.356538310000000080e-01,8.836534230000000489e-01,8.817790170000000538e-01,9.863512400000000457e-02,5.021239200000000152e-02,1.191797000000000082e-03,2.502279000000000048e-03,3.082000799999999943e-02,5.969526499999999736e-02,1.000000000000000000e+00,5.825882299999999292e-01,1.160000000000000064e-07,2.434977999999999969e-03,7.636149000000000062e-03,6.784779399999998906e-02,1.958180499999999935e-01,2.002328970000000208e-01,8.716234000000000481e-01,4.003215050000000219e-01,3.843018000000000128e-03,5.915000700000000444e-01,1.210184910000000058e-01,4.212795309999999849e-01,7.044017240000000069e-01,8.915734760000000314e-01,8.180765989999999599e-01,6.233284780000000191e-01
3.044726199999999924e-02,1.526144490000000131e-01,1.933738299999999966e-02,2.528287499999999910e-01,9.089100010000000784e-01,8.817790170000000538e-01,9.863512400000000457e-02,5.021239200000000152e-02,1.191797000000000082e-03,2.502279000000000048e-03,3.082000799999999943e-02,5.230635200000000040e-02,1.000000000000000000e+00,5.779863519999999255e-01,1.160000000000000064e-07,2.434977999999999969e-03,7.636149000000000062e-03,5.140894999999999493e-02,1.949510979999999893e-01,1.959139330000000123e-01,8.716234000000000481e-01,4.003215050000000219e-01,3.843018000000000128e-03,5.915000700000000444e-01,1.210184910000000058e-01,4.212795309999999849e-01,7.044017240000000069e-01,8.915734760000000314e-01,8.180765989999999599e-01,6.233284780000000191e-01
4.647906699999999891e-02,1.334363229999999956e-01,2.669820100000000127e-02,2.401794950000000206e-01,8.866215060000000037e-01,8.817790170000000538e-01,9.863512400000000457e-02,5.021239200000000152e-02,1.191797000000000082e-03,2.502279000000000048e-03,3.082000799999999943e-02,6.532748099999999281e-02,1.000000000000000000e+00,5.706485470000000060e-01,1.160000000000000064e-07,2.434977999999999969e-03,7.636149000000000062e-03,5.993266999999999345e-02,1.840889830000000116e-01,1.838955170000000083e-01,8.716234000000000481e-01,4.003215050000000219e-01,3.843018000000000128e-03,5.915000700000000444e-01,1.210184910000000058e-01,4.212795309999999849e-01,7.044017240000000069e-01,8.915734760000000314e-01,8.180765989999999599e-01,6.233284780000000191e-01
4.612726899999999852e-02,1.607051610000000130e-01,3.991231900000000166e-02,2.463133789999999990e-01,8.980764990000000836e-01,8.817790170000000538e-01,9.863512400000000457e-02,5.021239200000000152e-02,1.191797000000000082e-03,2.502279000000000048e-03,3.082000799999999943e-02,6.382367499999999638e-02,1.000000000000000000e+00,5.838997859999999207e-01,1.160000000000000064e-07,2.434977999999999969e-03,7.636149000000000062e-03,6.368202800000000163e-02,1.751640329999999968e-01,1.920901789999999998e-01,8.716234000000000481e-01,4.003215050000000219e-01,3.843018000000000128e-03,5.915000700000000444e-01,1.210184910000000058e-01,4.212795309999999849e-01,7.044017240000000069e-01,8.915734760000000314e-01,8.180765989999999599e-01,6.233284780000000191e-01
3.646461000000000147e-02,1.386789760000000093e-01,2.194712899999999925e-02,2.519793450000000212e-01,9.047420040000000441e-01,8.817790170000000538e-01,9.863512400000000457e-02,5.021239200000000152e-02,1.191797000000000082e-03,2.502279000000000048e-03,3.082000799999999943e-02,5.283919900000000336e-02,1.000000000000000000e+00,5.794085079999999888e-01,1.160000000000000064e-07,2.434977999999999969e-03,7.636149000000000062e-03,6.655652199999999297e-02,1.945713749999999909e-01,1.903734040000000238e-01,8.716234000000000481e-01,4.003215050000000219e-01,3.843018000000000128e-03,5.915000700000000444e-01,1.210184910000000058e-01,4.212795309999999849e-01,7.044017240000000069e-01,8.915734760000000314e-01,8.180765989999999599e-01,6.233284780000000191e-01
5.133291499999999286e-02,1.450463810000000020e-01,3.171975800000000068e-02,2.277577070000000037e-01,8.830675300000000449e-01,8.817790170000000538e-01,9.863512400000000457e-02,5.021239200000000152e-02,1.191797000000000082e-03,2.502279000000000048e-03,3.082000799999999943e-02,7.962599800000000339e-02,1.000000000000000000e+00,5.796050269999999394e-01,1.160000000000000064e-07,2.434977999999999969e-03,7.636149000000000062e-03,6.318518700000000377e-02,1.907292560000000137e-01,1.871734950000000230e-01,8.716234000000000481e-01,4.003215050000000219e-01,3.843018000000000128e-03,5.915000700000000444e-01,1.210184910000000058e-01,4.212795309999999849e-01,7.044017240000000069e-01,8.915734760000000314e-01,8.180765989999999599e-01,6.233284780000000191e-01
5.260283100000000267e-02,1.600405490000000042e-01,2.692375600000000008e-02,2.281615720000000069e-01,9.073534900000000958e-01,8.817790170000000538e-01,9.863512400000000457e-02,5.021239200000000152e-02,1.191797000000000082e-03,2.502279000000000048e-03,3.082000799999999943e-02,7.709959599999999247e-02,1.000000000000000000e+00,5.731205160000000243e-01,1.160000000000000064e-07,2.434977999999999969e-03,7.636149000000000062e-03,5.823354499999999767e-02,1.823382510000000067e-01,1.959585270000000212e-01,8.716234000000000481e-01,4.003215050000000219e-01,3.843018000000000128e-03,5.915000700000000444e-01,1.210184910000000058e-01,4.212795309999999849e-01,7.044017240000000069e-01,8.915734760000000314e-01,8.180765989999999599e-01,6.233284780000000191e-01
3.745392599999999850e-02,1.350814640000000122e-01,2.485850599999999896e-02,2.292248940000000124e-01,8.894950620000000585e-01,8.817790170000000538e-01,9.863512400000000457e-02,5.021239200000000152e-02,1.191797000000000082e-03,2.502279000000000048e-03,3.082000799999999943e-02,6.861501100000000353e-02,1.000000000000000000e+00,5.724362749999999389e-01,1.160000000000000064e-07,2.434977999999999969e-03,7.636149000000000062e-03,6.123116099999999923e-02,1.808175509999999930e-01,1.850363220000000031e-01,8.716234000000000481e-01,4.003215050000000219e-01,3.843018000000000128e-03,5.915000700000000444e-01,1.210184910000000058e-01,4.212795309999999849e-01,7.044017240000000069e-01,8.915734760000000314e-01,8.180765989999999599e-01,6.233284780000000191e-01
3.796380800000000166e-02,1.483758780000000166e-01,2.321461300000000200e-02,2.503003490000000331e-01,9.026001720000000894e-01,8.817790170000000538e-01,9.863512400000000457e-02,5.021239200000000152e-02,1.191797000000000082e-03,2.502279000000000048e-03,3.082000799999999943e-02,6.828734200000000087e-02,1.000000000000000000e+00,5.725257950000000040e-01,1.160000000000000064e-07,2.434977999999999969e-03,7.636149000000000062e-03,5.477250999999999648e-02,1.858374570000000114e-01,1.960982230000000159e-01,8.716234000000000481e-01,4.003215050000000219e-01,3.843018000000000128e-03,5.915000700000000444e-01,1.210184910000000058e-01,4.212795309999999849e-01,7.044017240000000069e-01,8.915734760000000314e-01,8.180765989999999599e-01,6.233284780000000191e-01
3.448878299999999508e-02,1.573953980000000197e-01,3.152674099999999702e-02,2.484243850000000253e-01,8.823620320000000739e-01,8.817790170000000538e-01,9.863512400000000457e-02,5.021239200000000152e-02,1.191797000000000082e-03,2.502279000000000048e-03,3.082000799999999943e-02,5.786017699999999875e-02,1.000000000000000000e+00,5.933359919999999788e-01,1.160000000000000064e-07,2.434977999999999969e-03,7.636149000000000062e-03,5.155249299999999785e-02,1.995235699999999834e-01,1.923011520000000030e-01,8.716234000000000481e-01,4.003215050000000219e-01,3.843018000000000128e-03,5.915000700000000444e-01,1.210184910000000058e-01,4.212795309999999849e-01,7.044017240000000069e-01,8.915734760000000314e-01,8.180765989999999599e-01,6.233284780000000191e-01
4.287974899999999479e-02,1.554762370000000171e-01,4.507213200000000086e-02,2.262391270000000121e-01,9.092360550000000430e-01,8.817790170000000538e-01,9.863512400000000457e-02,5.021239200000000152e-02,1.191797000000000082e-03,2.502279000000000048e-03,3.082000799999999943e-02,6.163573699999999600e-02,1.000000000000000000e+00,5.885431079999999815e-01,1.160000000000000064e-07,2.434977999999999969e-03,7.636149000000000062e-03,4.887760399999999811e-02,1.976537110000000097e-01,2.051312050000000109e-01,8.716234000000000481e-01,4.003215050000000219e-01,3.843018000000000128e-03,5.915000700000000444e-01,1.210184910000000058e-01,4.212795309999999849e-01,7.044017240000000069e-01,8.915734760000000314e-01,8.180765989999999599e-01,6.233284780000000191e-01
5.013587599999999589e-02,1.467900109999999980e-01,2.584430500000000144e-02,2.444920030000000133e-01,8.955525180000000196e-01,8.817790170000000538e-01,9.863512400000000457e-02,5.021239200000000152e-02,1.191797000000000082e-03,2.502279000000000048e-03,3.082000799999999943e-02,5.937945999999999502e-02,1.000000000000000000e+00,5.958367430000000020e-01,1.160000000000000064e-07,2.434977999999999969e-03,7.636149000000000062e-03,7.328215999999999897e-02,1.792740929999999955e-01,1.858954859999999987e-01,8.716234000000000481e-01,4.003215050000000219e-01,3.843018000000000128e-03,5.915000700000000444e-01,1.210184910000000058e-01,4.212795309999999849e-01,7.044017240000000069e-01,8.915734760000000314e-01,8.180765989999999599e-01,6.233284780000000191e-01
3.885354099999999838e-02,1.514645890000000106e-01,3.723558400000000213e-02,2.422943550000000168e-01,8.966583160000000108e-01,8.817790170000000538e-01,9.863512400000000457e-02,5.021239200000000152e-02,1.191797000000000082e-03,2.502279000000000048e-03,3.082000799999999943e-02,7.878468599999999267e-02,1.000000000000000000e+00,5.766245139999999214e-01,1.160000000000000064e-07,2.434977999999999969e-03,7.636149000000000062e-03,5.432643999999999668e-02,1.967653859999999866e-01,1.840764609999999968e-01,8.716234000000000481e-01,4.003215050000000219e-01,3.843018000000000128e-03,5.915000700000000444e-01,1.210184910000000058e-01,4.212795309999999849e-01,7.044017240000000069e-01,8.915734760000000314e-01,8.180765989999999599e-01,6.233284780000000191e-01
5.687332200000000393e-02,1.549608889999999906e-01,2.612448499999999937e-02,2.529148370000000035e-01,8.859766770000000458e-01,8.817790170000000538e-01,9.863512400000000457e-02,5.021239200000000152e-02,1.191797000000000082e-03,2.502279000000000048e-03,3.082000799999999943e-02,7.061546900000000015e-02,1.000000000000000000e+00,5.868987409999999461e-01,1.160000000000000064e-07,2.434977999999999969e-03,7.636149000000000062e-03,6.574124200000000529e-02,1.999693969999999932e-01,1.987480729999999973e-01,8.716234000000000481e-01,4.003215050000000219e-01,3.843018000000000128e-03,5.915000700000000444e-01,1.210184910000000058e-01,4.212795309999999849e-01,7.044017240000000069e-01,8.915734760000000314e-01,8.180765989999999599e-01,6.233284780000000191e-01
4.564615699999999970e-02,1.562271889999999885e-01,1.619458600000000040e-02,2.494137020000000149e-01,8.995937740000000682e-01,8.817790170000000538e-01,9.863512400000000457e-02,5.021239200000000152e-02,1.191797000000000082e-03,2.502279000000000048e-03,3.082000799999999943e-02,7.165625100000000414e-02,1.000000000000000000e+00,5.833294669999999904e-01,1.160000000000000064e-07,2.434977999999999969e-03,7.636149000000000062e-03,7.352856899999998808e-02,1.764803640000000007e-01,1.877904760000000117e-01,8.716234000000000481e-01,4.003215050000000219e-01,3.843018000000000128e-03,5.915000700000000444e-01,1.210184910000000058e-01,4.212795309999999849e-01,7.044017240000000069e-01,8.915734760000000314e-01,8.180765989999999599e-01,6.233284780000000191e-01
5.717796399999999779e-02,1.513848379999999938e-01,2.727598100000000123e-02,2.518936390000000025e-01,8.985435780000000650e-01,8.817790170000000538e-01,9.863512400000000457e-02,5.021239200000000152e-02,1.191797000000000082e-03,2.502279000000000048e-03,3.082000799999999943e-02,5.900957700000000056e-02,1.000000000000000000e+00,5.819553789999999394e-01,1.160000000000000064e-07,2.434977999999999969e-03,7.636149000000000062e-03,5.772455099999999895e-02,1.895837190000000116e-01,2.034747050000000057e-01,8.716234000000000481e-01,4.003215050000000219e-01,3.843018000000000128e-03,5.915000700000000444e-01,1.210184910000000058e-01,4.212795309999999849e-01,7.044017240000000069e-01,8.915734760000000314e-01,8.180765989999999599e-01,6.233284780000000191e-01
3.215886400000000228e-02,1.503791949999999933e-01,3.220963400000000088e-02,2.324142920000000223e-01,8.936555970000000793e-01,8.817790170000000538e-01,9.863512400000000457e-02,5.021239200000000152e-02,1.191797000000000082e-03,2.502279000000000048e-03,3.082000799999999943e-02,6.355579999999999563e-02,1.000000000000000000e+00,5.919892839999999490e-01,1.160000000000000064e-07,2.434977999999999969e-03,7.636149000000000062e-03,5.239720700000000120e-02,1.899197270000000104e-01,2.105055809999999972e-01,8.716234000000000481e-01,4.003215050000000219e-01,3.843018000000000128e-03,5.915000700000000444e-01,1.210184910000000058e-01,4.212795309999999849e-01,7.044017240000000069e-01,8.915734760000000314e-01,8.180765989999999599e-01,6.233284780000000191e-01
3.223042200000000163e-02,1.382217769999999901e-01,3.258188900000000277e-02,2.491765770000000102e-01,8.877956399999999970e-01,8.817790170000000538e-01,9.863512400000000457e-02,5.021239200000000152e-02,1.191797000000000082e-03,2.502279000000000048e-03,3.082000799999999943e-02,7.748309500000000183e-02,1.000000000000000000e+00,5.767602490000000026e-01,1.160000000000000064e-07,2.434977999999999969e-03,7.636149000000000062e-03,5.827211300000000038e-02,1.795533069999999953e-01,2.096253110000000086e-01,8.716234000000000481e-01,4.003215050000000219e-01,3.843018000000000128e-03,5.915000700000000444e-01,1.210184910000000058e-01,4.212795309999999849e-01,7.044017240000000069e-01,8.915734760000000314e-01,8.180765989999999599e-01,6.233284780000000191e-01
3.527295399999999526e-02,1.605304490000000195e-01,3.495949900000000499e-02,2.375103070000000038e-01,8.864026010000000122e-01,8.817790170000000538e-01,9.863512400000000457e-02,5.021239200000000152e-02,1.191797000000000082e-03,2.502279000000000048e-03,3.082000799999999943e-02,5.829040500000000347e-02,1.000000000000000000e+00,5.887609979999999243e-01,1.160000000000000064e-07,2.434977999999999969e-03,7.636149000000000062e-03,5.287883200000000061e-02,1.909081529999999971e-01,2.057956820000000075e-01,8.716234000000000481e-01,4.003215050000000219e-01,3.843018000000000128e-03,5.915000700000000444e-01,1.210184910000000058e-01,4.212795309999999849e-01,7.044017240000000069e-01,8.915734760000000314e-01,8.180765989999999599e-01,6.233284780000000191e-01
4.504149100000000294e-02,1.465371580000000007e-01,4.496163899999999769e-02,2.517365699999999928e-01,9.081407640000001003e-01,8.817790170000000538e-01,9.863512400000000457e-02,5.021239200000000152e-02,1.191797000000000082e-03,2.502279000000000048e-03,3.082000799999999943e-02,5.601450699999999810e-02,1.000000000000000000e+00,5.998403110000000149e-01,1.160000000000000064e-07,2.434977999999999969e-03,7.636149000000000062e-03,6.705170099999999134e-02,1.751160649999999874e-01,1.891898070000000154e-01,8.716234000000000481e-01,4.003215050000000219e-01,3.843018000000000128e-03,5.915000700000000444e-01,1.210184910000000058e-01,4.212795309999999849e-01,7.044017240000000069e-01,8.915734760000000314e-01,8.180765989999999599e-01,6.233284780000000191e-01
5.003070599999999424e-02,1.576247270000000200e-01,2.237635400000000108e-02,2.287062440000000030e-01,9.067799260000000139e-01,8.817790170000000538e-01,9.863512400000000457e-02,5.021239200000000152e-02,1.191797000000000082e-03,2.502279000000000048e-03,3.082000799999999943e-02,7.655901300000000909e-02,1.000000000000000000e+00,5.836895810000000129e-01,1.160000000000000064e-07,2.434977999999999969e-03,7.636149000000000062e-03,5.526414200000000221e-02,1.797806929999999914e-01,2.064610810000000185e-01,8.716234000000000481e-01,4.003215050000000219e-01,3.843018000000000128e-03,5.915000700000000444e-01,1.210184910000000058e-01,4.212795309999999849e-01,7.044017240000000069e-01,8.915734760000000314e-01,8.180765989999999599e-01,6.233284780000000191e-01
4.662455699999999703e-02,1.356536630000000077e-01,1.955180299999999954e-02,2.433545120000000228e-01,9.020462180000000663e-01,8.817790170000000538e-01,9.863512400000000457e-02,5.021239200000000152e-02,1.191797000000000082e-03,2.502279000000000048e-03,3.082000799999999943e-02,6.910091499999999887e-02,1.000000000000000000e+00,5.778828670000000223e-01,1.160000000000000064e-07,2.434977999999999969e-03,7.636149000000000062e-03,5.858566099999999721e-02,1.776865320000000081e-01,2.014946550000000225e-01,8.716234000000000481e-01,4.003215050000000219e-01,3.843018000000000128e-03,5.915000700000000444e-01,1.210184910000000058e-01,4.212795309999999849e-01,7.044017240000000069e-01,8.915734760000000314e-01,8.180765989999999599e-01,6.233284780000000191e-01
4.004791300000000442e-02,1.469257449999999965e-01,3.254083700000000301e-02,2.274913260000000215e-01,8.967938680000000495e-01,8.817790170000000538e-01,9.863512400000000457e-02,5.021239200000000152e-02,1.191797000000000082e-03,2.502279000000000048e-03,3.082000799999999943e-02,6.756332500000000740e-02,1.000000000000000000e+00,5.854242069999999742e-01,1.160000000000000064e-07,2.434977999999999969e-03,7.636149000000000062e-03,5.518355699999999420e-02,1.720198990000000039e-01,1.879233170000000064e-01,8.716234000000000481e-01,4.003215050000000219e-01,3.843018000000000128e-03,5.915000700000000444e-01,1.210184910000000058e-01,4.212795309999999849e-01,7.044017240000000069e-01,8.915734760000000314e-01,8.180765989999999599e-01,6.233284780000000191e-01
4.688539199999999796e-02,1.571222220000000058e-01,2.876966900000000119e-02,2.325421109999999958e-01,8.828133870000000050e-01,8.817790170000000538e-01,9.863512400000000457e-02,5.021239200000000152e-02,1.191797000000000082e-03,2.502279000000000048e-03,3.082000799999999943e-02,5.739505699999999933e-02,1.000000000000000000e+00,5.897623140000000097e-01,1.160000000000000064e-07,2.434977999999999969e-03,7.636149000000000062e-03,5.968647900000000062e-02,1.877458549999999893e-01,2.006433820000000090e-01,8.716234000000000481e-01,4.003215050000000219e-01,3.843018000000000128e-03,5.915000700000000444e-01,1.210184910000000058e-01,4.212795309999999849e-01,7.044017240000000069e-01,8.915734760000000314e-01,8.180765989999999599e-01,6.233284780000000191e-01
5.745129599999999892e-02,1.401689700000000038e-01,3.516461199999999787e-02,2.524471090000000029e-01,8.884455070000000232e-01,8.817790170000000538e-01,9.863512400000000457e-02,5.021239200000000152e-02,1.191797000000000082e-03,2.502279000000000048e-03,3.082000799999999943e-02,6.574771000000000087e-02,1.000000000000000000e+00,5.838048240000000000e-01,1.160000000000000064e-07,2.434977999999999969e-03,7.636149000000000062e-03,5.403341899999999920e-02,1.780819110000000094e-01,2.077171919999999949e-01,8.716234000000000481e-01,4.003215050000000219e-01,3.843018000000000128e-03,5.915000700000000444e-01,1.210184910000000058e-01,4.212795309999999849e-01,7.044017240000000069e-01,8.915734760000000314e-01,8.180765989999999599e-01,6.233284780000000191e-01
4.218164300000000477e-02,1.599865790000000176e-01,2.079675899999999800e-02,2.404663419999999996e-01,8.858428110000000633e-01,8.817790170000000538e-01,9.863512400000000457e-02,5.021239200000000152e-02,1.191797000000000082e-03,2.502279000000000048e-03,3.082000799999999943e-02,5.831609100000000045e-02,1.000000000000000000e+00,5.866326840000000153e-01,1.160000000000000064e-07,2.434977999999999969e-03,7.636149000000000062e-03,6.390293599999999352e-02,1.749304680000000056e-01,1.843254760000000159e-01,8.716234000000000481e-01,4.003215050000000219e-01,3.843018000000000128e-03,5.915000700000000444e-01,1.210184910000000058e-01,4.212795309999999849e-01,7.044017240000000069e-01,8.915734760000000314e-01,8.180765989999999599e-01,6.233284780000000191e-01
4.161522499999999875e-02,1.461618570000000061e-01,1.662044000000000021e-02,2.250951990000000236e-01,8.929772890000000629e-01,8.817790170000000538e-01,9.863512400000000457e-02,5.021239200000000152e-02,1.191797000000000082e-03,2.502279000000000048e-03,3.082000799999999943e-02,7.194962600000000263e-02,1.000000000000000000e+00,5.801464989999999267e-01,1.160000000000000064e-07,2.434977999999999969e-03,7.636149000000000062e-03,5.807807099999999501e-02,1.728480079999999974e-01,1.952775449999999968e-01,8.716234000000000481e-01,4.003215050000000219e-01,3.843018000000000128e-03,5.915000700000000444e-01,1.210184910000000058e-01,4.212795309999999849e-01,7.044017240000000069e-01,8.915734760000000314e-01,8.180765989999999599e-01,6.233284780000000191e-01
5.790773200000000343e-02,1.392048250000000043e-01,2.621863600000000002e-02,2.387826490000000135e-01,8.923497660000000442e-01,8.817790170000000538e-01,9.863512400000000457e-02,5.021239200000000152e-02,1.191797000000000082e-03,2.502279000000000048e-03,3.082000799999999943e-02,6.722531800000000612e-02,1.000000000000000000e+00,5.721969569999999505e-01,1.160000000000000064e-07,2.434977999999999969e-03,7.636149000000000062e-03,4.963276399999999589e-02,1.842816979999999938e-01,2.082616910000000265e-01,8.716234000000000481e-01,4.003215050000000219e-01,3.843018000000000128e-03,5.915000700000000444e-01,1.210184910000000058e-01,4.212795309999999849e-01,7.044017240000000069e-01,8.915734760000000314e-01,8.180765989999999599e-01,6.233284780000000191e-01
3.179938200000000104e-02,1.585474340000000149e-01,3.558719899999999992e-02,2.532505260000000313e-01,8.896199760000000900e-01,8.817790170000000538e-01,9.863512400000000457e-02,5.021239200000000152e-02,1.191797000000000082e-03,2.502279000000000048e-03,3.082000799999999943e-02,7.669013799999999104e-02,1.000000000000000000e+00,5.902804400000000173e-01,1.160000000000000064e-07,2.434977999999999969e-03,7.636149000000000062e-03,6.807408500000000640e-02,1.782952730000000041e-01,1.822200399999999998e-01,8.716234000000000481e-01,4.003215050000000219e-01,3.843018000000000128e-03,5.915000700000000444e-01,1.210184910000000058e-01,4.212795309999999849e-01,7.044017240000000069e-01,8.915734760000000314e-01,8.180765989999999599e-01,6.233284780000000191e-01
3.728420999999999819e-02,1.543790429999999936e-01,2.392076099999999872e-02,2.264285540000000041e-01,8.984438480000001004e-01,8.817790170000000538e-01,9.863512400000000457e-02,5.021239200000000152e-02,1.191797000000000082e-03,2.502279000000000048e-03,3.082000799999999943e-02,7.809845700000001001e-02,1.000000000000000000e+00,5.760651709999999870e-01,1.160000000000000064e-07,2.434977999999999969e-03,7.636149000000000062e-03,5.100181399999999948e-02,1.735779679999999991e-01,1.904598200000000019e-01,8.716234000000000481e-01,4.003215050000000219e-01,3.843018000000000128e-03,5.915000700000000444e-01,1.210184910000000058e-01,4.212795309999999849e-01,7.044017240000000069e-01,8.915734760000000314e-01,8.180765989999999599e-01,6.233284780000000191e-01
4.441275499999999821e-02,1.336072960000000143e-01,1.772640300000000169e-02,2.347595140000000025e-01,8.947978340000000141e-01,8.817790170000000538e-01,9.863512400000000457e-02,5.021239200000000152e-02,1.191797000000000082e-03,2.502279000000000048e-03,3.082000799999999943e-02,5.309481199999999818e-02,1.000000000000000000e+00,5.710148239999999209e-01,1.160000000000000064e-07,2.434977999999999969e-03,7.636149000000000062e-03,5.574498799999999532e-02,1.858176940000000055e-01,1.890080020000000083e-01,8.716234000000000481e-01,4.003215050000000219e-01,3.843018000000000128e-03,5.915000700000000444e-01,1.210184910000000058e-01,4.212795309999999849e-01,7.044017240000000069e-01,8.915734760000000314e-01,8.180765989999999599e-01,6.233284780000000191e-01
4.485560699999999873e-02,1.439223810000000159e-01,3.581481100000000195e-02,2.488904200000000011e-01,8.967592570000000318e-01,8.817790170000000538e-01,9.863512400000000457e-02,5.021239200000000152e-02,1.191797000000000082e-03,2.502279000000000048e-03,3.082000799999999943e-02,5.509077099999999672e-02,1.000000000000000000e+00,5.711779069999999292e-01,1.160000000000000064e-07,2.434977999999999969e-03,7.636149000000000062e-03,4.704132099999999705e-02,1.773606480000000096e-01,1.968396109999999977e-01,8.716234000000000481e-01,4.003215050000000219e-01,3.843018000000000128e-03,5.915000700000000444e-01,1.210184910000000058e-01,4.212795309999999849e-01,7.044017240000000069e-01,8.915734760000000314e-01,8.180765989999999599e-01,6.233284780000000191e-01
3.264746200000000209e-02,1.530469180000000040e-01,2.143755099999999914e-02,2.448620970000000008e-01,9.083131140000000325e-01,8.817790170000000538e-01,9.863512400000000457e-02,5.021239200000000152e-02,1.191797000000000082e-03,2.502279000000000048e-03,3.082000799999999943e-02,6.972803499999999377e-02,1.000000000000000000e+00,5.980424650000000231e-01,1.160000000000000064e-07,2.434977999999999969e-03,7.636149000000000062e-03,4.894536399999999815e-02,1.818288259999999990e-01,1.941618549999999943e-01,8.716234000000000481e-01,4.003215050000000219e-01,3.843018000000000128e-03,5.915000700000000444e-01,1.210184910000000058e-01,4.212795309999999849e-01,7.044017240000000069e-01,8.915734760000000314e-01,8.180765989999999599e-01,6.233284780000000191e-01
5.393289099999999670e-02,1.598546329999999960e-01,1.635797099999999893e-02,2.469576280000000124e-01,9.034092130000000997e-01,8.817790170000000538e-01,9.863512400000000457e-02,5.021239200000000152e-02,1.191797000000000082e-03,2.502279000000000048e-03,3.082000799999999943e-02,6.800194900000000597e-02,1.000000000000000000e+00,5.753914959999999468e-01,1.160000000000000064e-07,2.434977999999999969e-03,7.636149000000000062e-03,7.140371600000000596e-02,1.703602690000000086e-01,2.114704609999999985e-01,8.716234000000000481e-01,4.003215050000000219e-01,3.843018000000000128e-03,5.915000700000000444e-01,1.210184910000000058e-01,4.212795309999999849e-01,7.044017240000000069e-01,8.915734760000000314e-01,8.180765989999999599e-01,6.233284780000000191e-01
5.494944599999999901e-02,1.580916559999999971e-01,3.789125799999999711e-02,2.490137290000000170e-01,8.963760930000000959e-01,8.817790170000000538e-01,9.863512400000000457e-02,5.021239200000000152e-02,1.191797000000000082e-03,2.502279000000000048e-03,3.082000799999999943e-02,6.690997499999999654e-02,1.000000000000000000e+00,5.926971549999999755e-01,1.160000000000000064e-07,2.434977999999999969e-03,7.636149000000000062e-03,5.910339299999999713e-02,1.743563680000000116e-01,1.862783130000000009e-01,8.716234000000000481e-01,4.003215050000000219e-01,3.843018000000000128e-03,5.915000700000000444e-01,1.210184910000000058e-01,4.212795309999999849e-01,7.044017240000000069e-01,8.915734760000000314e-01,8.180765989999999599e-01,6.233284780000000191e-01
2.901372600000000010e-02,1.428322120000000139e-01,3.111583899999999930e-02,2.304760470000000172e-01,8.938342910000000030e-01,8.817790170000000538e-01,9.863512400000000457e-02,5.021239200000000152e-02,1.191797000000000082e-03,2.502279000000000048e-03,3.082000799999999943e-02,7.462252799999999353e-02,1.000000000000000000e+00,5.936636929999999923e-01,1.160000000000000064e-07,2.434977999999999969e-03,7.636149000000000062e-03,6.523465999999999987e-02,1.768908299999999989e-01,1.855124989999999974e-01,8.716234000000000481e-01,4.003215050000000219e-01,3.843018000000000128e-03,5.915000700000000444e-01,1.210184910000000058e-01,4.212795309999999849e-01,7.044017240000000069e-01,8.915734760000000314e-01,8.180765989999999599e-01,6.233284780000000191e-01
5.345228200000000374e-02,1.604422779999999937e-01,3.436609000000000191e-02,2.467450449999999962e-01,8.915266470000000609e-01,8.817790170000000538e-01,9.863512400000000457e-02,5.021239200000000152e-02,1.191797000000000082e-03,2.502279000000000048e-03,3.082000799999999943e-02,6.122592300000000154e-02,1.000000000000000000e+00,5.831999970000000255e-01,1.160000000000000064e-07,2.434977999999999969e-03,7.636149000000000062e-03,7.311381599999999814e-02,1.943820749999999875e-01,2.036837470000000261e-01,8.716234000000000481e-01,4.003215050000000219e-01,3.843018000000000128e-03,5.915000700000000444e-01,1.210184910000000058e-01,4.212795309999999849e-01,7.044017240000000069e-01,8.915734760000000314e-01,8.180765989999999599e-01,6.233284780000000191e-01
4.365424700000000019e-02,1.332647399999999926e-01,1.722423600000000041e-02,2.450789050000000135e-01,8.978020750000000882e-01,8.817790170000000538e-01,9.863512400000000457e-02,5.021239200000000152e-02,1.191797000000000082e-03,2.502279000000000048e-03,3.082000799999999943e-02,5.535814699999999644e-02,1.000000000000000000e+00,5.993040090000000264e-01,1.160000000000000064e-07,2.434977999999999969e-03,7.636149000000000062e-03,7.636158399999999624e-02,1.880963840000000054e-01,1.998473290000000180e-01,8.716234000000000481e-01,4.003215050000000219e-01,3.843018000000000128e-03,5.915000700000000444e-01,1.210184910000000058e-01,4.212795309999999849e-01,7.044017240000000069e-01,8.915734760000000314e-01,8.180765989999999599e-01,6.233284780000000191e-01
4.379990599999999956e-02,1.425006610000000007e-01,2.573918999999999860e-02,2.340973590000000049e-01,9.054560550000000374e-01,8.817790170000000538e-01,9.863512400000000457e-02,5.021239200000000152e-02,1.191797000000000082e-03,2.502279000000000048e-03,3.082000799999999943e-02,6.993269600000000252e-02,1.000000000000000000e+00,5.935945240000000123e-01,1.160000000000000064e-07,2.434977999999999969e-03,7.636149000000000062e-03,4.927624699999999525e-02,1.980812889999999937e-01,2.046239040000000231e-01,8.716234000000000481e-01,4.003215050000000219e-01,3.843018000000000128e-03,5.915000700000000444e-01,1.210184910000000058e-01,4.212795309999999849e-01,7.044017240000000069e-01,8.915734760000000314e-01,8.180765989999999599e-01,6.233284780000000191e-01
4.975488999999999606e-02,1.343926470000000040e-01,1.942540400000000028e-02,2.390353540000000054e-01,8.933751600000000570e-01,8.817790170000000538e-01,9.863512400000000457e-02,5.021239200000000152e-02,1.191797000000000082e-03,2.502279000000000048e-03,3.082000799999999943e-02,6.220278499999999655e-02,1.000000000000000000e+00,6.001877249999999497e-01,1.160000000000000064e-07,2.434977999999999969e-03,7.636149000000000062e-03,5.874471900000000080e-02,1.725269859999999933e-01,2.061856650000000180e-01,8.716234000000000481e-01,4.003215050000000219e-01,3.843018000000000128e-03,5.915000700000000444e-01,1.210184910000000058e-01,4.212795309999999849e-01,7.044017240000000069e-01,8.915734760000000314e-01,8.180765989999999599e-01,6.233284780000000191e-01
3.480696599999999474e-02,1.407193909999999992e-01,4.097832600000000242e-02,2.400191570000000107e-01,8.897623380000000415e-01,8.817790170000000538e-01,9.863512400000000457e-02,5.021239200000000152e-02,1.191797000000000082e-03,2.502279000000000048e-03,3.082000799999999943e-02,6.357529900000000178e-02,1.000000000000000000e+00,5.749709979999999554e-01,1.160000000000000064e-07,2.434977999999999969e-03,7.636149000000000062e-03,4.762742699999999996e-02,1.963301520000000078e-01,2.009146170000000176e-01,8.716234000000000481e-01,4.003215050000000219e-01,3.843018000000000128e-03,5.915000700000000444e-01,1.210184910000000058e-01,4.212795309999999849e-01,7.044017240000000069e-01,8.915734760000000314e-01,8.180765989999999599e-01,6.233284780000000191e-01
3.794040900000000133e-02,1.474483340000000142e-01,2.893492599999999970e-02,2.499700040000000234e-01,8.841871900000000117e-01,8.817790170000000538e-01,9.863512400000000457e-02,5.021239200000000152e-02,1.191797000000000082e-03,2.502279000000000048e-03,3.082000799999999943e-02,7.244728100000000226e-02,1.000000000000000000e+00,5.993945819999999536e-01,1.160000000000000064e-07,2.434977999999999969e-03,7.636149000000000062e-03,5.350758899999999429e-02,1.730131099999999977e-01,1.929821930000000241e-01,8.716234000000000481e-01,4.003215050000000219e-01,3.843018000000000128e-03,5.915000700000000444e-01,1.210184910000000058e-01,4.212795309999999849e-01,7.044017240000000069e-01,8.915734760000000314e-01,8.180765989999999599e-01,6.233284780000000191e-01
5.609400999999999970e-02,1.538460150000000026e-01,3.898816199999999982e-02,2.384102720000000064e-01,8.837370260000000366e-01,8.817790170000000538e-01,9.863512400000000457e-02,5.021239200000000152e-02,1.191797000000000082e-03,2.502279000000000048e-03,3.082000799999999943e-02,6.773042699999999583e-02,1.000000000000000000e+00,5.863905819999999380e-01,1.160000000000000064e-07,2.434977999999999969e-03,7.636149000000000062e-03,6.630122099999999352e-02,1.932914760000000176e-01,1.911486230000000175e-01,8.716234000000000481e-01,4.003215050000000219e-01,3.843018000000000128e-03,5.915000700000000444e-01,1.210184910000000058e-01,4.212795309999999849e-01,7.044017240000000069e-01,8.915734760000000314e-01,8.180765989999999599e-01,6.233284780000000191e-01
2.961555199999999985e-02,1.323836459999999937e-01,2.159719200000000117e-02,2.377830670000000146e-01,8.934686880000000109e-01,8.817790170000000538e-01,9.863512400000000457e-02,5.021239200000000152e-02,1.191797000000000082e-03,2.502279000000000048e-03,3.082000799999999943e-02,6.638811599999999702e-02,1.000000000000000000e+00,5.782446219999999304e-01,1.160000000000000064e-07,2.434977999999999969e-03,7.636149000000000062e-03,5.324020999999999615e-02,1.973513580000000045e-01,1.892900120000000075e-01,8.716234000000000481e-01,4.003215050000000219e-01,3.843018000000000128e-03,5.915000700000000444e-01,1.210184910000000058e-01,4.212795309999999849e-01,7.044017240000000069e-01,8.915734760000000314e-01,8.180765989999999599e-01,6.233284780000000191e-01
3.302673500000000151e-02,1.388352959999999969e-01,4.332173999999999747e-02,2.357898520000000220e-01,8.906399670000000324e-01,8.817790170000000538e-01,9.863512400000000457e-02,5.021239200000000152e-02,1.191797000000000082e-03,2.502279000000000048e-03,3.082000799999999943e-02,5.748969099999999555e-02,1.000000000000000000e+00,5.801991799999999255e-01,1.160000000000000064e-07,2.434977999999999969e-03,7.636149000000000062e-03,4.993322599999999722e-02,1.789839579999999986e-01,1.966778490000000157e-01,8.716234000000000481e-01,4.003215050000000219e-01,3.843018000000000128e-03,5.915000700000000444e-01,1.210184910000000058e-01,4.212795309999999849e-01,7.044017240000000069e-01,8.915734760000000314e-01,8.180765989999999599e-01,6.233284780000000191e-01
4.226725199999999821e-02,1.398943420000000049e-01,1.834019800000000200e-02,2.491039800000000026e-01,8.813905830000000607e-01,8.817790170000000538e-01,9.863512400000000457e-02,5.021239200000000152e-02,1.191797000000000082e-03,2.502279000000000048e-03,3.082000799999999943e-02,6.473038400000000192e-02,1.000000000000000000e+00,5.808136819999999423e-01,1.160000000000000064e-07,2.434977999999999969e-03,7.636149000000000062e-03,7.600491300000000727e-02,1.723313959999999978e-01,2.019287160000000081e-01,8.716234000000000481e-01,4.003215050000000219e-01,3.843018000000000128e-03,5.915000700000000444e-01,1.210184910000000058e-01,4.212795309999999849e-01,7.044017240000000069e-01,8.915734760000000314e-01,8.180765989999999599e-01,6.233284780000000191e-01
3.382429700000000317e-02,1.412703010000000148e-01,2.432483100000000162e-02,2.403193750000000017e-01,8.983074160000000807e-01,8.817790170000000538e-01,9.863512400000000457e-02,5.021239200000000152e-02,1.191797000000000082e-03,2.502279000000000048e-03,3.082000799999999943e-02,6.291645299999999719e-02,1.000000000000000000e+00,5.989432630000000035e-01,1.160000000000000064e-07,2.434977999999999969e-03,7.636149000000000062e-03,7.375790200000000019e-02,1.711763580000000007e-01,1.947992390000000129e-01,8.716234000000000481e-01,4.003215050000000219e-01,3.843018000000000128e-03,5.915000700000000444e-01,1.210184910000000058e-01,4.212795309999999849e-01,7.044017240000000069e-01,8.915734760000000314e-01,8.180765989999999599e-01,6.233284780000000191e-01
4.167054400000000380e-02,1.464660650000000064e-01,3.757528000000000257e-02,2.504955549999999809e-01,8.981878330000000465e-01,8.817790170000000538e-01,9.863512400000000457e-02,5.021239200000000152e-02,1.191797000000000082e-03,2.502279000000000048e-03,3.082000799999999943e-02,6.205224399999999946e-02,1.000000000000000000e+00,5.913428689999999932e-01,1.160000000000000064e-07,2.434977999999999969e-03,7.636149000000000062e-03,7.160352999999999857e-02,1.894164160000000041e-01,2.032700700000000249e-01,8.716234000000000481e-01,4.003215050000000219e-01,3.843018000000000128e-03,5.915000700000000444e-01,1.210184910000000058e-01,4.212795309999999849e-01,7.044017240000000069e-01,8.915734760000000314e-01,8.180765989999999599e-01,6.233284780000000191e-01
4.132201600000000308e-02,1.589519289999999918e-01,2.961616200000000143e-02,2.474281210000000009e-01,9.040612090000000878e-01,8.817790170000000538e-01,9.863512400000000457e-02,5.021239200000000152e-02,1.191797000000000082e-03,2.502279000000000048e-03,3.082000799999999943e-02,7.649289600000000466e-02,1.000000000000000000e+00,5.711347989999999708e-01,1.160000000000000064e-07,2.434977999999999969e-03,7.636149000000000062e-03,5.591287699999999972e-02,1.802978610000000037e-01,2.112081940000000158e-01,8.716234000000000481e-01,4.003215050000000219e-01,3.843018000000000128e-03,5.915000700000000444e-01,1.210184910000000058e-01,4.212795309999999849e-01,7.044017240000000069e-01,8.915734760000000314e-01,8.180765989999999599e-01,6.233284780000000191e-01
4.094095000000000373e-02,1.339983480000000171e-01,3.270905799999999919e-02,2.330969330000000062e-01,9.022738359999999957e-01,8.817790170000000538e-01,9.863512400000000457e-02,5.021239200000000152e-02,1.191797000000000082e-03,2.502279000000000048e-03,3.082000799999999943e-02,7.596022699999999128e-02,1.000000000000000000e+00,5.830750799999999678e-01,1.160000000000000064e-07,2.434977999999999969e-03,7.636149000000000062e-03,6.916234199999998777e-02,1.754866099999999873e-01,2.059753579999999973e-01,8.716234000000000481e-01,4.003215050000000219e-01,3.843018000000000128e-03,5.915000700000000444e-01,1.210184910000000058e-01,4.212795309999999849e-01,7.044017240000000069e-01,8.915734760000000314e-01,8.180765989999999599e-01,6.233284780000000191e-01
4.796943000000000040e-02,1.402671960000000106e-01,4.571758900000000292e-02,2.296692730000000071e-01,8.997384300000000890e-01,8.817790170000000538e-01,9.863512400000000457e-02,5.021239200000000152e-02,1.191797000000000082e-03,2.502279000000000048e-03,3.082000799999999943e-02,7.965630499999999670e-02,1.000000000000000000e+00,5.859647169999999683e-01,1.160000000000000064e-07,2.434977999999999969e-03,7.636149000000000062e-03,7.069224999999999814e-02,1.896870429999999996e-01,1.988748120000000119e-01,8.716234000000000481e-01,4.003215050000000219e-01,3.843018000000000128e-03,5.915000700000000444e-01,1.210184910000000058e-01,4.212795309999999849e-01,7.044017240000000069e-01,8.915734760000000314e-01,8.180765989999999599e-01,6.233284780000000191e-01
3.097000800000000026e-02,1.489204920000000154e-01,3.536685500000000260e-02,2.471706490000000200e-01,8.868250800000000433e-01,8.817790170000000538e-01,9.863512400000000457e-02,5.021239200000000152e-02,1.191797000000000082e-03,2.502279000000000048e-03,3.082000799999999943e-02,5.268376300000000151e-02,1.000000000000000000e+00,5.763230249999999888e-01,1.160000000000000064e-07,2.434977999999999969e-03,7.636149000000000062e-03,4.798258599999999374e-02,1.839595900000000062e-01,2.074549270000000112e-01,8.716234000000000481e-01,4.003215050000000219e-01,3.843018000000000128e-03,5.915000700000000444e-01,1.210184910000000058e-01,4.212795309999999849e-01,7.044017240000000069e-01,8.915734760000000314e-01,8.180765989999999599e-01,6.233284780000000191e-01
5.713108899999999601e-02,1.603236970000000150e-01,2.860438300000000059e-02,2.261246350000000183e-01,9.016316160000000801e-01,8.817790170000000538e-01,9.863512400000000457e-02,5.021239200000000152e-02,1.191797000000000082e-03,2.502279000000000048e-03,3.082000799999999943e-02,6.907295800000000374e-02,1.000000000000000000e+00,5.870647409999999455e-01,1.160000000000000064e-07,2.434977999999999969e-03,7.636149000000000062e-03,6.959081300000000136e-02,1.827399909999999905e-01,2.092873440000000140e-01,8.716234000000000481e-01,4.003215050000000219e-01,3.843018000000000128e-03,5.915000700000000444e-01,1.210184910000000058e-01,4.212795309999999849e-01,7.044017240000000069e-01,8.915734760000000314e-01,8.180765989999999599e-01,6.233284780000000191e-01
2.808818999999999899e-02,1.380139549999999937e-01,3.356739599999999935e-02,2.297439320000000118e-01,9.072405970000000375e-01,8.817790170000000538e-01,9.863512400000000457e-02,5.021239200000000152e-02,1.191797000000000082e-03,2.502279000000000048e-03,3.082000799999999943e-02,7.022465299999999799e-02,1.000000000000000000e+00,5.970112610000000153e-01,1.160000000000000064e-07,2.434977999999999969e-03,7.636149000000000062e-03,6.063154999999999933e-02,1.943222719999999903e-01,2.087105230000000089e-01,8.716234000000000481e-01,4.003215050000000219e-01,3.843018000000000128e-03,5.915000700000000444e-01,1.210184910000000058e-01,4.212795309999999849e-01,7.044017240000000069e-01,8.915734760000000314e-01,8.180765989999999599e-01,6.233284780000000191e-01
3.698104800000000247e-02,1.597838119999999973e-01,2.422957599999999920e-02,2.506483930000000249e-01,8.867815440000000882e-01,8.817790170000000538e-01,9.863512400000000457e-02,5.021239200000000152e-02,1.191797000000000082e-03,2.502279000000000048e-03,3.082000799999999943e-02,7.389456899999999329e-02,1.000000000000000000e+00,5.873424509999999321e-01,1.160000000000000064e-07,2.434977999999999969e-03,7.636149000000000062e-03,7.019303099999998907e-02,1.970235919999999974e-01,1.981394790000000072e-01,8.716234000000000481e-01,4.003215050000000219e-01,3.843018000000000128e-03,5.915000700000000444e-01,1.210184910000000058e-01,4.212795309999999849e-01,7.044017240000000069e-01,8.915734760000000314e-01,8.180765989999999599e-01,6.233284780000000191e-01
5.620401999999999343e-02,1.319110669999999930e-01,1.889910599999999885e-02,2.456722340000000171e-01,8.936663440000000014e-01,8.817790170000000538e-01,9.863512400000000457e-02,5.021239200000000152e-02,1.191797000000000082e-03,2.502279000000000048e-03,3.082000799999999943e-02,5.249730999999999842e-02,1.000000000000000000e+00,5.852615559999999606e-01,1.160000000000000064e-07,2.434977999999999969e-03,7.636149000000000062e-03,5.003549200000000086e-02,1.717595209999999983e-01,1.827106579999999980e-01,8.716234000000000481e-01,4.003215050000000219e-01,3.843018000000000128e-03,5.915000700000000444e-01,1.210184910000000058e-01,4.212795309999999849e-01,7.044017240000000069e-01,8.915734760000000314e-01,8.180765989999999599e-01,6.233284780000000191e-01
3.197144899999999901e-02,1.413388299999999986e-01,3.933178799999999947e-02,2.320695279999999971e-01,8.919571120000000519e-01,8.817790170000000538e-01,9.863512400000000457e-02,5.021239200000000152e-02,1.191797000000000082e-03,2.502279000000000048e-03,3.082000799999999943e-02,6.134402799999999489e-02,1.000000000000000000e+00,5.898409550000000001e-01,1.160000000000000064e-07,2.434977999999999969e-03,7.636149000000000062e-03,7.037688000000000277e-02,1.915742039999999979e-01,1.980115540000000063e-01,8.716234000000000481e-01,4.003215050000000219e-01,3.843018000000000128e-03,5.915000700000000444e-01,1.210184910000000058e-01,4.212795309999999849e-01,7.044017240000000069e-01,8.915734760000000314e-01,8.180765989999999599e-01,6.233284780000000191e-01
4.561532100000000034e-02,1.375713739999999963e-01,4.061792300000000022e-02,2.424474870000000171e-01,9.090561480000000083e-01,8.817790170000000538e-01,9.863512400000000457e-02,5.021239200000000152e-02,1.191797000000000082e-03,2.502279000000000048e-03,3.082000799999999943e-02,6.108008900000000407e-02,1.000000000000000000e+00,5.798807040000000246e-01,1.160000000000000064e-07,2.434977999999999969e-03,7.636149000000000062e-03,6.931795699999999949e-02,1.704953939999999946e-01,2.012953480000000128e-01,8.716234000000000481e-01,4.003215050000000219e-01,3.843018000000000128e-03,5.915000700000000444e-01,1.210184910000000058e-01,4.212795309999999849e-01,7.044017240000000069e-01,8.915734760000000314e-01,8.180765989999999599e-01,6.233284780000000191e-01
5.544314599999999871e-02,1.416564160000000072e-01,2.563795799999999889e-02,2.365129550000000247e-01,8.904933090000000107e-01,8.817790170000000538e-01,9.863512400000000457e-02,5.021239200000000152e-02,1.191797000000000082e-03,2.502279000000000048e-03,3.082000799999999943e-02,7.350506600000000779e-02,1.000000000000000000e+00,5.916138559999999380e-01,1.160000000000000064e-07,2.434977999999999969e-03,7.636149000000000062e-03,5.557256299999999843e-02,1.883159939999999866e-01,2.048140810000000089e-01,8.716234000000000481e-01,4.003215050000000219e-01,3.843018000000000128e-03,5.915000700000000444e-01,1.210184910000000058e-01,4.212795309999999849e-01,7.044017240000000069e-01,8.915734760000000314e-01,8.180765989999999599e-01,6.233284780000000191e-01
3.763974500000000223e-02,1.535385710000000126e-01,3.368902000000000008e-02,2.423966250000000044e-01,9.075726420000000960e-01,8.817790170000000538e-01,9.863512400000000457e-02,5.021239200000000152e-02,1.191797000000000082e-03,2.502279000000000048e-03,3.082000799999999943e-02,6.502363199999999788e-02,1.000000000000000000e+00,5.991576399999999358e-01,1.160000000000000064e-07,2.434977999999999969e-03,7.636149000000000062e-03,5.257659399999999733e-02,1.937778829999999841e-01,2.073921510000000246e-01,8.716234000000000481e-01,4.003215050000000219e-01,3.843018000000000128e-03,5.915000700000000444e-01,1.210184910000000058e-01,4.212795309999999849e-01,7.044017240000000069e-01,8.915734760000000314e-01,8.180765989999999599e-01,6.233284780000000191e-01
4.521404700000000026e-02,1.553654050000000120e-01,3.657114499999999935e-02,2.480192940000000013e-01,8.839960290000000720e-01,8.817790170000000538e-01,9.863512400000000457e-02,5.021239200000000152e-02,1.191797000000000082e-03,2.502279000000000048e-03,3.082000799999999943e-02,6.993931999999999927e-02,1.000000000000000000e+00,5.925767610000000074e-01,1.160000000000000064e-07,2.434977999999999969e-03,7.636149000000000062e-03,6.756887200000000204e-02,1.931998570000000026e-01,1.861623300000000147e-01,8.716234000000000481e-01,4.003215050000000219e-01,3.843018000000000128e-03,5.915000700000000444e-01,1.210184910000000058e-01,4.212795309999999849e-01,7.044017240000000069e-01,8.915734760000000314e-01,8.180765989999999599e-01,6.233284780000000191e-01
3.338779599999999737e-02,1.502638649999999965e-01,3.463572100000000126e-02,2.440165780000000118e-01,8.989435110000000284e-01,8.817790170000000538e-01,9.863512400000000457e-02,5.021239200000000152e-02,1.191797000000000082e-03,2.502279000000000048e-03,3.082000799999999943e-02,6.742115099999999861e-02,1.000000000000000000e+00,5.905309789999999559e-01,1.160000000000000064e-07,2.434977999999999969e-03,7.636149000000000062e-03,5.413760499999999837e-02,1.757028200000000095e-01,2.108386360000000237e-01,8.716234000000000481e-01,4.003215050000000219e-01,3.843018000000000128e-03,5.915000700000000444e-01,1.210184910000000058e-01,4.212795309999999849e-01,7.044017240000000069e-01,8.915734760000000314e-01,8.180765989999999599e-01,6.233284780000000191e-01
3.116351600000000222e-02,1.517221240000000138e-01,2.741182500000000077e-02,2.464504620000000090e-01,9.055672300000000563e-01,8.817790170000000538e-01,9.863512400000000457e-02,5.021239200000000152e-02,1.191797000000000082e-03,2.502279000000000048e-03,3.082000799999999943e-02,5.409034399999999854e-02,1.000000000000000000e+00,5.830474839999999492e-01,1.160000000000000064e-07,2.434977999999999969e-03,7.636149000000000062e-03,4.942975599999999831e-02,1.707866429999999880e-01,2.031006989999999957e-01,8.716234000000000481e-01,4.003215050000000219e-01,3.843018000000000128e-03,5.915000700000000444e-01,1.210184910000000058e-01,4.212795309999999849e-01,7.044017240000000069e-01,8.915734760000000314e-01,8.180765989999999599e-01,6.233284780000000191e-01
4.594579599999999708e-02,1.484331050000000096e-01,2.268803800000000065e-02,2.253852340000000176e-01,9.028273079999999950e-01,8.817790170000000538e-01,9.863512400000000457e-02,5.021239200000000152e-02,1.191797000000000082e-03,2.502279000000000048e-03,3.082000799999999943e-02,5.499413400000000007e-02,1.000000000000000000e+00,5.750572649999999841e-01,1.160000000000000064e-07,2.434977999999999969e-03,7.636149000000000062e-03,5.701737999999999251e-02,1.737230859999999988e-01,1.954589979999999949e-01,8.716234000000000481e-01,4.003215050000000219e-01,3.843018000000000128e-03,5.915000700000000444e-01,1.210184910000000058e-01,4.212795309999999849e-01,7.044017240000000069e-01,8.915734760000000314e-01,8.180765989999999599e-01,6.233284780000000191e-01
4.152236399999999911e-02,1.559277170000000212e-01,4.382019699999999823e-02,2.317144460000000183e-01,8.913221510000000070e-01,8.817790170000000538e-01,9.863512400000000457e-02,5.021239200000000152e-02,1.191797000000000082e-03,2.502279000000000048e-03,3.082000799999999943e-02,5.334140700000000040e-02,1.000000000000000000e+00,5.901196890000000028e-01,1.160000000000000064e-07,2.434977999999999969e-03,7.636149000000000062e-03,5.464884799999999987e-02,1.939481040000000100e-01,2.109782320000000155e-01,8.716234000000000481e-01,4.003215050000000219e-01,3.843018000000000128e-03,5.915000700000000444e-01,1.210184910000000058e-01,4.212795309999999849e-01,7.044017240000000069e-01,8.915734760000000314e-01,8.180765989999999599e-01,6.233284780000000191e-01
5.168222899999999620e-02,1.431402320000000061e-01,4.402832799999999852e-02,2.392379330000000137e-01,8.890881040000000457e-01,8.817790170000000538e-01,9.863512400000000457e-02,5.021239200000000152e-02,1.191797000000000082e-03,2.502279000000000048e-03,3.082000799999999943e-02,6.443162699999999132e-02,1.000000000000000000e+00,5.889984029999999482e-01,1.160000000000000064e-07,2.434977999999999969e-03,7.636149000000000062e-03,6.164233199999999413e-02,1.884167640000000143e-01,1.940072460000000221e-01,8.716234000000000481e-01,4.003215050000000219e-01,3.843018000000000128e-03,5.915000700000000444e-01,1.210184910000000058e-01,4.212795309999999849e-01,7.044017240000000069e-01,8.915734760000000314e-01,8.180765989999999599e-01,6.233284780000000191e-01
4.455414300000000438e-02,1.497791700000000170e-01,2.077373199999999961e-02,2.248558180000000128e-01,8.806800750000000066e-01,8.817790170000000538e-01,9.863512400000000457e-02,5.021239200000000152e-02,1.191797000000000082e-03,2.502279000000000048e-03,3.082000799999999943e-02,6.041399299999999917e-02,1.000000000000000000e+00,5.879638139999999735e-01,1.160000000000000064e-07,2.434977999999999969e-03,7.636149000000000062e-03,6.637007899999999849e-02,1.753247669999999925e-01,1.964578710000000061e-01,8.716234000000000481e-01,4.003215050000000219e-01,3.843018000000000128e-03,5.915000700000000444e-01,1.210184910000000058e-01,4.212795309999999849e-01,7.044017240000000069e-01,8.915734760000000314e-01,8.180765989999999599e-01,6.233284780000000191e-01
5.762729799999999347e-02,1.539887550000000049e-01,3.567525600000000241e-02,2.345496470000000000e-01,8.886800980000000294e-01,8.817790170000000538e-01,9.863512400000000457e-02,5.021239200000000152e-02,1.191797000000000082e-03,2.502279000000000048e-03,3.082000799999999943e-02,6.201412600000000275e-02,1.000000000000000000e+00,5.769951859999999932e-01,1.160000000000000064e-07,2.434977999999999969e-03,7.636149000000000062e-03,5.053606999999999544e-02,1.744789069999999886e-01,2.085408650000000197e-01,8.716234000000000481e-01,4.003215050000000219e-01,3.843018000000000128e-03,5.915000700000000444e-01,1.210184910000000058e-01,4.212795309999999849e-01,7.044017240000000069e-01,8.915734760000000314e-01,8.180765989999999599e-01,6.233284780000000191e-01
3.149155199999999905e-02,1.321317220000000070e-01,2.453880900000000170e-02,2.509625420000000107e-01,9.010973320000000841e-01,8.817790170000000538e-01,9.863512400000000457e-02,5.021239200000000152e-02,1.191797000000000082e-03,2.502279000000000048e-03,3.082000799999999943e-02,6.806949400000000816e-02,1.000000000000000000e+00,5.864382830000000046e-01,1.160000000000000064e-07,2.434977999999999969e-03,7.636149000000000062e-03,6.714681599999999806e-02,1.868141630000000053e-01,1.828137770000000106e-01,8.716234000000000481e-01,4.003215050000000219e-01,3.843018000000000128e-03,5.915000700000000444e-01,1.210184910000000058e-01,4.212795309999999849e-01,7.044017240000000069e-01,8.915734760000000314e-01,8.180765989999999599e-01,6.233284780000000191e-01
4.765489500000000267e-02,1.440994310000000000e-01,3.869623900000000033e-02,2.406417400000000206e-01,9.058599800000000091e-01,8.817790170000000538e-01,9.863512400000000457e-02,5.021239200000000152e-02,1.191797000000000082e-03,2.502279000000000048e-03,3.082000799999999943e-02,7.910703299999999327e-02,1.000000000000000000e+00,5.843341199999999569e-01,1.160000000000000064e-07,2.434977999999999969e-03,7.636149000000000062e-03,5.717895099999999869e-02,1.961374670000000098e-01,1.946157599999999988e-01,8.716234000000000481e-01,4.003215050000000219e-01,3.843018000000000128e-03,5.915000700000000444e-01,1.210184910000000058e-01,4.212795309999999849e-01,7.044017240000000069e-01,8.915734760000000314e-01,8.180765989999999599e-01,6.233284780000000191e-01
3.968344799999999617e-02,1.422729910000000153e-01,3.549617700000000375e-02,2.313984530000000039e-01,8.841217560000000919e-01,8.817790170000000538e-01,9.863512400000000457e-02,5.021239200000000152e-02,1.191797000000000082e-03,2.502279000000000048e-03,3.082000799999999943e-02,6.863216399999999551e-02,1.000000000000000000e+00,5.886669700000000116e-01,1.160000000000000064e-07,2.434977999999999969e-03,7.636149000000000062e-03,7.104708099999999804e-02,1.801627819999999935e-01,1.936506850000000168e-01,8.716234000000000481e-01,4.003215050000000219e-01,3.843018000000000128e-03,5.915000700000000444e-01,1.210184910000000058e-01,4.212795309999999849e-01,7.044017240000000069e-01,8.915734760000000314e-01,8.180765989999999599e-01,6.233284780000000191e-01
5.784673599999999583e-02,1.556366459999999896e-01,2.166014700000000112e-02,2.385551949999999977e-01,8.977252460000000323e-01,8.817790170000000538e-01,9.863512400000000457e-02,5.021239200000000152e-02,1.191797000000000082e-03,2.502279000000000048e-03,3.082000799999999943e-02,6.331211500000000214e-02,1.000000000000000000e+00,5.977684209999999387e-01,1.160000000000000064e-07,2.434977999999999969e-03,7.636149000000000062e-03,5.480666900000000230e-02,1.733292090000000119e-01,1.931960530000000065e-01,8.716234000000000481e-01,4.003215050000000219e-01,3.843018000000000128e-03,5.915000700000000444e-01,1.210184910000000058e-01,4.212795309999999849e-01,7.044017240000000069e-01,8.915734760000000314e-01,8.180765989999999599e-01,6.233284780000000191e-01
5.460840699999999770e-02,1.572844019999999898e-01,3.332449499999999565e-02,2.285335609999999962e-01,9.066157950000000021e-01,8.817790170000000538e-01,9.863512400000000457e-02,5.021239200000000152e-02,1.191797000000000082e-03,2.502279000000000048e-03,3.082000799999999943e-02,6.100206299999999526e-02,1.000000000000000000e+00,5.952243790000000256e-01,1.160000000000000064e-07,2.434977999999999969e-03,7.636149000000000062e-03,6.682868000000000142e-02,1.878237899999999905e-01,1.972936130000000066e-01,8.716234000000000481e-01,4.003215050000000219e-01,3.843018000000000128e-03,5.915000700000000444e-01,1.210184910000000058e-01,4.212795309999999849e-01,7.044017240000000069e-01,8.915734760000000314e-01,8.180765989999999599e-01,6.233284780000000191e-01
5.251802099999999807e-02,1.397849520000000179e-01,1.899153700000000278e-02,2.319805620000000013e-01,8.917236500000000898e-01,8.817790170000000538e-01,9.863512400000000457e-02,5.021239200000000152e-02,1.191797000000000082e-03,2.502279000000000048e-03,3.082000799999999943e-02,6.493256199999999922e-02,1.000000000000000000e+00,5.894914439999999756e-01,1.160000000000000064e-07,2.434977999999999969e-03,7.636149000000000062e-03,7.520575499999999913e-02,1.966431319999999983e-01,2.099500110000000197e-01,8.716234000000000481e-01,4.003215050000000219e-01,3.843018000000000128e-03,5.915000700000000444e-01,1.210184910000000058e-01,4.212795309999999849e-01,7.044017240000000069e-01,8.915734760000000314e-01,8.180765989999999599e-01,6.233284780000000191e-01
5.143939399999999940e-02,1.548461520000000147e-01,2.307904700000000184e-02,2.397857260000000046e-01,9.020913110000000623e-01,8.817790170000000538e-01,9.863512400000000457e-02,5.021239200000000152e-02,1.191797000000000082e-03,2.502279000000000048e-03,3.082000799999999943e-02,6.943785799999999120e-02,1.000000000000000000e+00,5.786962319999999771e-01,1.160000000000000064e-07,2.434977999999999969e-03,7.636149000000000062e-03,7.623610100000000056e-02,1.951955670000000143e-01,1.839738390000000001e-01,8.716234000000000481e-01,4.003215050000000219e-01,3.843018000000000128e-03,5.915000700000000444e-01,1.210184910000000058e-01,4.212795309999999849e-01,7.044017240000000069e-01,8.915734760000000314e-01,8.180765989999999599e-01,6.233284780000000191e-01
5.637809700000000201e-02,1.544134560000000045e-01,3.601570600000000150e-02,2.305904559999999992e-01,8.833158460000000156e-01,8.817790170000000538e-01,9.863512400000000457e-02,5.021239200000000152e-02,1.191797000000000082e-03,2.502279000000000048e-03,3.082000799999999943e-02,6.026414000000000076e-02,1.000000000000000000e+00,5.715491169999999954e-01,1.160000000000000064e-07,2.434977999999999969e-03,7.636149000000000062e-03,6.552152699999999608e-02,1.927794700000000083e-01,1.990155610000000075e-01,8.716234000000000481e-01,4.003215050000000219e-01,3.843018000000000128e-03,5.915000700000000444e-01,1.210184910000000058e-01,4.212795309999999849e-01,7.044017240000000069e-01,8.915734760000000314e-01,8.180765989999999599e-01,6.233284780000000191e-01
3.052651500000000059e-02,1.338782740000000193e-01,4.471025900000000219e-02,2.365650590000000220e-01,9.100187100000000084e-01,8.817790170000000538e-01,9.863512400000000457e-02,5.021239200000000152e-02,1.191797000000000082e-03,2.502279000000000048e-03,3.082000799999999943e-02,7.179061000000000470e-02,1.000000000000000000e+00,5.783574519999999941e-01,1.160000000000000064e-07,2.434977999999999969e-03,7.636149000000000062e-03,5.075208999999999970e-02,1.965147809999999995e-01,1.905362260000000030e-01,8.716234000000000481e-01,4.003215050000000219e-01,3.843018000000000128e-03,5.915000700000000444e-01,1.210184910000000058e-01,4.212795309999999849e-01,7.044017240000000069e-01,8.915734760000000314e-01,8.180765989999999599e-01,6.233284780000000191e-01
3.186753999999999976e-02,1.576991199999999982e-01,4.154999899999999718e-02,2.273789650000000162e-01,8.901668910000000157e-01,8.817790170000000538e-01,9.863512400000000457e-02,5.021239200000000152e-02,1.191797000000000082e-03,2.502279000000000048e-03,3.082000799999999943e-02,7.637656000000001000e-02,1.000000000000000000e+00,5.810055629999999471e-01,1.160000000000000064e-07,2.434977999999999969e-03,7.636149000000000062e-03,5.669910899999999754e-02,1.980518870000000098e-01,2.054358210000000184e-01,8.716234000000000481e-01,4.003215050000000219e-01,3.843018000000000128e-03,5.915000700000000444e-01,1.210184910000000058e-01,4.212795309999999849e-01,7.044017240000000069e-01,8.915734760000000314e-01,8.180765989999999599e-01,6.233284780000000191e-01
4.054258599999999851e-02,1.369345180000000051e-01,2.633293399999999881e-02,2.493082149999999997e-01,9.027040120000000556e-01,8.817790170000000538e-01,9.863512400000000457e-02,5.021239200000000152e-02,1.191797000000000082e-03,2.502279000000000048e-03,3.082000799999999943e-02,7.578815499999999594e-02,1.000000000000000000e+00,5.964427359999999734e-01,1.160000000000000064e-07,2.434977999999999969e-03,7.636149000000000062e-03,7.125858099999998752e-02,1.914087740000000037e-01,1.897079720000000025e-01,8.716234000000000481e-01,4.003215050000000219e-01,3.843018000000000128e-03,5.915000700000000444e-01,1.210184910000000058e-01,4.212795309999999849e-01,7.044017240000000069e-01,8.915734760000000314e-01,8.180765989999999599e-01,6.233284780000000191e-01
4.548548900000000395e-02,1.318031860000000166e-01,2.718730899999999978e-02,2.408358450000000206e-01,8.848929800000000512e-01,8.817790170000000538e-01,9.863512400000000457e-02,5.021239200000000152e-02,1.191797000000000082e-03,2.502279000000000048e-03,3.082000799999999943e-02,5.985449799999999904e-02,1.000000000000000000e+00,5.816743439999999543e-01,1.160000000000000064e-07,2.434977999999999969e-03,7.636149000000000062e-03,5.040811199999999798e-02,1.920119490000000151e-01,2.044365880000000024e-01,8.716234000000000481e-01,4.003215050000000219e-01,3.843018000000000128e-03,5.915000700000000444e-01,1.210184910000000058e-01,4.212795309999999849e-01,7.044017240000000069e-01,8.915734760000000314e-01,8.180765989999999599e-01,6.233284780000000191e-01
5.665538800000000097e-02,1.541427310000000050e-01,4.219288899999999731e-02,2.333711300000000100e-01,9.043068230000000929e-01,8.817790170000000538e-01,9.863512400000000457e-02,5.021239200000000152e-02,1.191797000000000082e-03,2.502279000000000048e-03,3.082000799999999943e-02,6.062212499999999893e-02,1.000000000000000000e+00,5.883932490000000071e-01,1.160000000000000064e-07,2.434977999999999969e-03,7.636149000000000062e-03,4.657563699999999612e-02,1.778376489999999865e-01,2.023975679999999999e-01,8.716234000000000481e-01,4.003215050000000219e-01,3.843018000000000128e-03,5.915000700000000444e-01,1.210184910000000058e-01,4.212795309999999849e-01,7.044017240000000069e-01,8.915734760000000314e-01,8.180765989999999599e-01,6.233284780000000191e-01
4.253145499999999579e-02,1.425524430000000009e-01,2.531314299999999975e-02,2.482032640000000068e-01,8.810738960000000786e-01,8.817790170000000538e-01,9.863512400000000457e-02,5.021239200000000152e-02,1.191797000000000082e-03,2.502279000000000048e-03,3.082000799999999943e-02,6.849399800000000038e-02,1.000000000000000000e+00,5.776500740000000134e-01,1.160000000000000064e-07,2.434977999999999969e-03,7.636149000000000062e-03,7.260285799999999234e-02,1.748098710000000056e-01,1.881256490000000059e-01,8.716234000000000481e-01,4.003215050000000219e-01,3.843018000000000128e-03,5.915000700000000444e-01,1.210184910000000058e-01,4.212795309999999849e-01,7.044017240000000069e-01,8.915734760000000314e-01,8.180765989999999599e-01,6.233284780000000191e-01
4.447912899999999919e-02,1.362880260000000066e-01,4.283872100000000321e-02,2.234034260000000160e-01,8.805563339999999961e-01,8.817790170000000538e-01,9.863512400000000457e-02,5.021239200000000152e-02,1.191797000000000082e-03,2.502279000000000048e-03,3.082000799999999943e-02,5.492138199999999776e-02,1.000000000000000000e+00,5.794935580000000197e-01,1.160000000000000064e-07,2.434977999999999969e-03,7.636149000000000062e-03,5.032833899999999971e-02,1.940803239999999985e-01,1.982533210000000101e-01,8.716234000000000481e-01,4.003215050000000219e-01,3.843018000000000128e-03,5.915000700000000444e-01,1.210184910000000058e-01,4.212795309999999849e-01,7.044017240000000069e-01,8.915734760000000314e-01,8.180765989999999599e-01,6.233284780000000191e-01
3.413857700000000328e-02,1.436346190000000189e-01,4.347420200000000345e-02,2.449971380000000032e-01,8.986920120000000400e-01,8.817790170000000538e-01,9.863512400000000457e-02,5.021239200000000152e-02,1.191797000000000082e-03,2.502279000000000048e-03,3.082000799999999943e-02,5.358106900000000200e-02,1.000000000000000000e+00,5.825125190000000064e-01,1.160000000000000064e-07,2.434977999999999969e-03,7.636149000000000062e-03,6.378262299999999663e-02,1.989732379999999967e-01,1.957653820000000155e-01,8.716234000000000481e-01,4.003215050000000219e-01,3.843018000000000128e-03,5.915000700000000444e-01,1.210184910000000058e-01,4.212795309999999849e-01,7.044017240000000069e-01,8.915734760000000314e-01,8.180765989999999599e-01,6.233284780000000191e-01
3.911658199999999697e-02,1.449758520000000162e-01,3.297823299999999569e-02,2.288396540000000035e-01,9.038227189999999966e-01,8.817790170000000538e-01,9.863512400000000457e-02,5.021239200000000152e-02,1.191797000000000082e-03,2.502279000000000048e-03,3.082000799999999943e-02,6.402943999999999303e-02,1.000000000000000000e+00,5.764168849999999900e-01,1.160000000000000064e-07,2.434977999999999969e-03,7.636149000000000062e-03,5.627894699999999584e-02,1.985041329999999993e-01,2.044524910000000140e-01,8.716234000000000481e-01,4.003215050000000219e-01,3.843018000000000128e-03,5.915000700000000444e-01,1.210184910000000058e-01,4.212795309999999849e-01,7.044017240000000069e-01,8.915734760000000314e-01,8.180765989999999599e-01,6.233284780000000191e-01
2.875034400000000059e-02,1.390926730000000000e-01,4.008087099999999708e-02,2.301599860000000108e-01,9.023112149999999998e-01,8.817790170000000538e-01,9.863512400000000457e-02,5.021239200000000152e-02,1.191797000000000082e-03,2.502279000000000048e-03,3.082000799999999943e-02,7.808462900000000262e-02,1.000000000000000000e+00,5.799721999999999378e-01,1.160000000000000064e-07,2.434977999999999969e-03,7.636149000000000062e-03,6.051264800000000221e-02,1.708727039999999864e-01,1.901623950000000118e-01,8.716234000000000481e-01,4.003215050000000219e-01,3.843018000000000128e-03,5.915000700000000444e-01,1.210184910000000058e-01,4.212795309999999849e-01,7.044017240000000069e-01,8.915734760000000314e-01,8.180765989999999599e-01,6.233284780000000191e-01
3.849741699999999905e-02,1.446410360000000006e-01,4.416986199999999724e-02,2.234802590000000144e-01,8.879341970000000916e-01,8.817790170000000538e-01,9.863512400000000457e-02,5.021239200000000152e-02,1.191797000000000082e-03,2.502279000000000048e-03,3.082000799999999943e-02,6.255962800000000601e-02,1.000000000000000000e+00,5.728773010000000054e-01,1.160000000000000064e-07,2.434977999999999969e-03,7.636149000000000062e-03,7.325692200000000209e-02,1.721316210000000124e-01,2.087796520000000100e-01,8.716234000000000481e-01,4.003215050000000219e-01,3.843018000000000128e-03,5.915000700000000444e-01,1.210184910000000058e-01,4.212795309999999849e-01,7.044017240000000069e-01,8.915734760000000314e-01,8.180765989999999599e-01,6.233284780000000191e-01
3.033323899999999795e-02,1.478917299999999990e-01,2.984319100000000155e-02,2.367900960000000055e-01,8.874244520000000858e-01,8.817790170000000538e-01,9.863512400000000457e-02,5.021239200000000152e-02,1.191797000000000082e-03,2.502279000000000048e-03,3.082000799999999943e-02,7.783214399999999200e-02,1.000000000000000000e+00,5.912919180000000274e-01,1.160000000000000064e-07,2.434977999999999969e-03,7.636149000000000062e-03,7.392952199999999752e-02,1.853535010000000038e-01,1.976591719999999941e-01,8.716234000000000481e-01,4.003215050000000219e-01,3.843018000000000128e-03,5.915000700000000444e-01,1.210184910000000058e-01,4.212795309999999849e-01,7.044017240000000069e-01,8.915734760000000314e-01,8.180765989999999599e-01,6.233284780000000191e-01
3.614571399999999546e-02,1.327413940000000125e-01,3.709708500000000186e-02,2.508203569999999938e-01,8.953949120000000983e-01,8.817790170000000538e-01,9.863512400000000457e-02,5.021239200000000152e-02,1.191797000000000082e-03,2.502279000000000048e-03,3.082000799999999943e-02,6.926761300000000565e-02,1.000000000000000000e+00,5.889103049999999673e-01,1.160000000000000064e-07,2.434977999999999969e-03,7.636149000000000062e-03,6.795238900000000193e-02,1.799310729999999969e-01,2.080141940000000134e-01,8.716234000000000481e-01,4.003215050000000219e-01,3.843018000000000128e-03,5.915000700000000444e-01,1.210184910000000058e-01,4.212795309999999849e-01,7.044017240000000069e-01,8.915734760000000314e-01,8.180765989999999599e-01,6.233284780000000191e-01
3.014005100000000104e-02,1.409227399999999908e-01,4.587825400000000026e-02,2.400305719999999976e-01,8.825743560000000043e-01,8.817790170000000538e-01,9.863512400000000457e-02,5.021239200000000152e-02,1.191797000000000082e-03,2.502279000000000048e-03,3.082000799999999943e-02,5.255947700000000028e-02,1.000000000000000000e+00,5.728502909999999559e-01,1.160000000000000064e-07,2.434977999999999969e-03,7.636149000000000062e-03,5.779144599999999632e-02,1.910253909999999888e-01,1.873281130000000183e-01,8.716234000000000481e-01,4.003215050000000219e-01,3.843018000000000128e-03,5.915000700000000444e-01,1.210184910000000058e-01,4.212795309999999849e-01,7.044017240000000069e-01,8.915734760000000314e-01,8.180765989999999599e-01,6.233284780000000191e-01
3.598175099999999932e-02,1.499751480000000026e-01,3.130030100000000259e-02,2.282925120000000030e-01,9.097654370000000101e-01,8.817790170000000538e-01,9.863512400000000457e-02,5.021239200000000152e-02,1.191797000000000082e-03,2.502279000000000048e-03,3.082000799999999943e-02,5.801363799999999932e-02,1.000000000000000000e+00,5.908748029999999485e-01,1.160000000000000064e-07,2.434977999999999969e-03,7.636149000000000062e-03,4.722474799999999695e-02,1.936402979999999885e-01,1.900699410000000200e-01,8.716234000000000481e-01,4.003215050000000219e-01,3.843018000000000128e-03,5.915000700000000444e-01,1.210184910000000058e-01,4.212795309999999849e-01,7.044017240000000069e-01,8.915734760000000314e-01,8.180765989999999599e-01,6.233284780000000191e-01
4.724864900000000367e-02,1.422144539999999902e-01,4.361226600000000370e-02,2.238627440000000024e-01,9.066814950000000595e-01,8.817790170000000538e-01,9.863512400000000457e-02,5.021239200000000152e-02,1.191797000000000082e-03,2.502279000000000048e-03,3.082000799999999943e-02,6.967197799999999552e-02,1.000000000000000000e+00,5.707453230000000266e-01,1.160000000000000064e-07,2.434977999999999969e-03,7.636149000000000062e-03,6.199581999999999316e-02,1.917216700000000107e-01,2.078259110000000021e-01,8.716234000000000481e-01,4.003215050000000219e-01,3.843018000000000128e-03,5.915000700000000444e-01,1.210184910000000058e-01,4.212795309999999849e-01,7.044017240000000069e-01,8.915734760000000314e-01,8.180765989999999599e-01,6.233284780000000191e-01
4.679453699999999716e-02,1.601984399999999975e-01,2.998218700000000042e-02,2.418042200000000141e-01,9.000189650000000041e-01,8.817790170000000538e-01,9.863512400000000457e-02,5.021239200000000152e-02,1.191797000000000082e-03,2.502279000000000048e-03,3.082000799999999943e-02,6.409560400000000047e-02,1.000000000000000000e+00,5.834568159999999892e-01,1.160000000000000064e-07,2.434977999999999969e-03,7.636149000000000062e-03,6.143504699999999263e-02,1.904309560000000123e-01,1.841737010000000230e-01,8.716234000000000481e-01,4.003215050000000219e-01,3.843018000000000128e-03,5.915000700000000444e-01,1.210184910000000058e-01,4.212795309999999849e-01,7.044017240000000069e-01,8.915734760000000314e-01,8.180765989999999599e-01,6.233284780000000191e-01
5.207294399999999601e-02,1.465899120000000166e-01,2.548618700000000042e-02,2.354774179999999939e-01,8.834567580000000087e-01,8.817790170000000538e-01,9.863512400000000457e-02,5.021239200000000152e-02,1.191797000000000082e-03,2.502279000000000048e-03,3.082000799999999943e-02,7.400508799999999665e-02,1.000000000000000000e+00,5.902152039999999378e-01,1.160000000000000064e-07,2.434977999999999969e-03,7.636149000000000062e-03,7.184330699999999514e-02,1.761932559999999925e-01,1.847202599999999972e-01,8.716234000000000481e-01,4.003215050000000219e-01,3.843018000000000128e-03,5.915000700000000444e-01,1.210184910000000058e-01,4.212795309999999849e-01,7.044017240000000069e-01,8.915734760000000314e-01,8.180765989999999599e-01,6.233284780000000191e-01
4.745568799999999587e-02,1.536415299999999984e-01,4.434691899999999853e-02,2.444187420000000222e-01,8.909666360000000340e-01,8.817790170000000538e-01,9.863512400000000457e-02,5.021239200000000152e-02,1.191797000000000082e-03,2.502279000000000048e-03,3.082000799999999943e-02,6.555644500000000485e-02,1.000000000000000000e+00,5.873962689999999709e-01,1.160000000000000064e-07,2.434977999999999969e-03,7.636149000000000062e-03,6.541736600000000457e-02,1.922584270000000095e-01,2.057522830000000080e-01,8.716234000000000481e-01,4.003215050000000219e-01,3.843018000000000128e-03,5.915000700000000444e-01,1.210184910000000058e-01,4.212795309999999849e-01,7.044017240000000069e-01,8.915734760000000314e-01,8.180765989999999599e-01,6.233284780000000191e-01
3.394120600000000154e-02,1.596351690000000212e-01,3.797159900000000171e-02,2.239841550000000181e-01,9.085486400000000184e-01,8.817790170000000538e-01,9.863512400000000457e-02,5.021239200000000152e-02,1.191797000000000082e-03,2.502279000000000048e-03,3.082000799999999943e-02,7.277270699999999204e-02,1.000000000000000000e+00,5.968232470000000012e-01,1.160000000000000064e-07,2.434977999999999969e-03,7.636149000000000062e-03,5.014757899999999768e-02,1.771999360000000023e-01,1.949389220000000145e-01,8.716234000000000481e-01,4.003215050000000219e-01,3.843018000000000128e-03,5.915000700000000444e-01,1.210184910000000058e-01,4.212795309999999849e-01,7.044017240000000069e-01,8.915734760000000314e-01,8.180765989999999599e-01,6.233284780000000191e-01
5.388274699999999473e-02,1.325350510000000148e-01,3.817618700000000032e-02,2.348633390000000043e-01,8.873684260000000990e-01,8.817790170000000538e-01,9.863512400000000457e-02,5.021239200000000152e-02,1.191797000000000082e-03,2.502279000000000048e-03,3.082000799999999943e-02,5.846007599999999971e-02,1.000000000000000000e+00,5.845708939999999521e-01,1.160000000000000064e-07,2.434977999999999969e-03,7.636149000000000062e-03,4.646337799999999962e-02,1.701386540000000003e-01,1.975867570000000017e-01,8.716234000000000481e-01,4.003215050000000219e-01,3.843018000000000128e-03,5.915000700000000444e-01,1.210184910000000058e-01,4.212795309999999849e-01,7.044017240000000069e-01,8.915734760000000314e-01,8.180765989999999599e-01,6.233284780000000191e-01
4.851778899999999867e-02,1.473007860000000169e-01,1.794120700000000068e-02,2.373561750000000026e-01,9.069794890000000276e-01,8.817790170000000538e-01,9.863512400000000457e-02,5.021239200000000152e-02,1.191797000000000082e-03,2.502279000000000048e-03,3.082000799999999943e-02,6.629251999999999367e-02,1.000000000000000000e+00,5.996553540000000293e-01,1.160000000000000064e-07,2.434977999999999969e-03,7.636149000000000062e-03,7.175039399999999512e-02,1.816426210000000041e-01,1.823689510000000014e-01,8.716234000000000481e-01,4.003215050000000219e-01,3.843018000000000128e-03,5.915000700000000444e-01,1.210184910000000058e-01,4.212795309999999849e-01,7.044017240000000069e-01,8.915734760000000314e-01,8.180765989999999599e-01,6.233284780000000191e-01
4.302606700000000117e-02,1.491399350000000013e-01,2.602856800000000193e-02,2.316114630000000174e-01,8.910776750000000135e-01,8.817790170000000538e-01,9.863512400000000457e-02,5.021239200000000152e-02,1.191797000000000082e-03,2.502279000000000048e-03,3.082000799999999943e-02,5.711607600000000173e-02,1.000000000000000000e+00,5.768206289999999736e-01,1.160000000000000064e-07,2.434977999999999969e-03,7.636149000000000062e-03,6.178222699999999512e-02,1.900516030000000134e-01,1.887143940000000075e-01,8.716234000000000481e-01,4.003215050000000219e-01,3.843018000000000128e-03,5.915000700000000444e-01,1.210184910000000058e-01,4.212795309999999849e-01,7.044017240000000069e-01,8.915734760000000314e-01,8.180765989999999599e-01,6.233284780000000191e-01
4.930948999999999749e-02,1.570126940000000082e-01,2.032020899999999880e-02,2.418527699999999947e-01,8.921760850000000076e-01,8.817790170000000538e-01,9.863512400000000457e-02,5.021239200000000152e-02,1.191797000000000082e-03,2.502279000000000048e-03,3.082000799999999943e-02,7.824900399999999701e-02,1.000000000000000000e+00,5.978768089999999535e-01,1.160000000000000064e-07,2.434977999999999969e-03,7.636149000000000062e-03,6.217593800000000004e-02,1.855448249999999966e-01,2.112832720000000220e-01,8.716234000000000481e-01,4.003215050000000219e-01,3.843018000000000128e-03,5.915000700000000444e-01,1.210184910000000058e-01,4.212795309999999849e-01,7.044017240000000069e-01,8.915734760000000314e-01,8.180765989999999599e-01,6.233284780000000191e-01
3.957781200000000388e-02,1.559895400000000099e-01,2.801615500000000092e-02,2.483904460000000147e-01,9.005798879999999951e-01,8.817790170000000538e-01,9.863512400000000457e-02,5.021239200000000152e-02,1.191797000000000082e-03,2.502279000000000048e-03,3.082000799999999943e-02,6.573339799999999844e-02,1.000000000000000000e+00,5.866655399999999299e-01,1.160000000000000064e-07,2.434977999999999969e-03,7.636149000000000062e-03,5.062321200000000077e-02,1.807823590000000036e-01,1.860624879999999981e-01,8.716234000000000481e-01,4.003215050000000219e-01,3.843018000000000128e-03,5.915000700000000444e-01,1.210184910000000058e-01,4.212795309999999849e-01,7.044017240000000069e-01,8.915734760000000314e-01,8.180765989999999599e-01,6.233284780000000191e-01
3.872852400000000028e-02,1.336993949999999987e-01,2.226358900000000030e-02,2.288662770000000068e-01,8.902506340000000407e-01,8.817790170000000538e-01,9.863512400000000457e-02,5.021239200000000152e-02,1.191797000000000082e-03,2.502279000000000048e-03,3.082000799999999943e-02,6.485247199999999435e-02,1.000000000000000000e+00,5.765475959999999400e-01,1.160000000000000064e-07,2.434977999999999969e-03,7.636149000000000062e-03,4.984536399999999617e-02,1.918601540000000050e-01,1.899485630000000147e-01,8.716234000000000481e-01,4.003215050000000219e-01,3.843018000000000128e-03,5.915000700000000444e-01,1.210184910000000058e-01,4.212795309999999849e-01,7.044017240000000069e-01,8.915734760000000314e-01,8.180765989999999599e-01,6.233284780000000191e-01
3.075602200000000092e-02,1.444033070000000085e-01,3.239402800000000526e-02,2.289939480000000027e-01,9.013646270000000849e-01,8.817790170000000538e-01,9.863512400000000457e-02,5.021239200000000152e-02,1.191797000000000082e-03,2.502279000000000048e-03,3.082000799999999943e-02,5.778633199999999581e-02,1.000000000000000000e+00,5.791256989999999938e-01,1.160000000000000064e-07,2.434977999999999969e-03,7.636149000000000062e-03,6.878143600000000135e-02,1.737027439999999923e-01,1.919656990000000174e-01,8.716234000000000481e-01,4.003215050000000219e-01,3.843018000000000128e-03,5.915000700000000444e-01,1.210184910000000058e-01,4.212795309999999849e-01,7.044017240000000069e-01,8.915734760000000314e-01,8.180765989999999599e-01,6.233284780000000191e-01
5.025646100000000227e-02,1.350433410000000112e-01,3.136776299999999990e-02,2.466806109999999941e-01,8.894520590000000171e-01,8.817790170000000538e-01,9.863512400000000457e-02,5.021239200000000152e-02,1.191797000000000082e-03,2.502279000000000048e-03,3.082000799999999943e-02,6.659668700000000163e-02,1.000000000000000000e+00,5.744593940000000121e-01,1.160000000000000064e-07,2.434977999999999969e-03,7.636149000000000062e-03,5.869345399999999907e-02,1.942019080000000064e-01,1.899178190000000155e-01,8.716234000000000481e-01,4.003215050000000219e-01,3.843018000000000128e-03,5.915000700000000444e-01,1.210184910000000058e-01,4.212795309999999849e-01,7.044017240000000069e-01,8.915734760000000314e-01,8.180765989999999599e-01,6.233284780000000191e-01
5.695921099999999571e-02,1.495287040000000123e-01,1.735472500000000140e-02,2.255416350000000181e-01,8.849925240000000581e-01,8.817790170000000538e-01,9.863512400000000457e-02,5.021239200000000152e-02,1.191797000000000082e-03,2.502279000000000048e-03,3.082000799999999943e-02,7.854732799999999959e-02,1.000000000000000000e+00,5.741037569999999368e-01,1.160000000000000064e-07,2.434977999999999969e-03,7.636149000000000062e-03,4.851872399999999919e-02,1.793509809999999927e-01,1.993467660000000086e-01,8.716234000000000481e-01,4.003215050000000219e-01,3.843018000000000128e-03,5.915000700000000444e-01,1.210184910000000058e-01,4.212795309999999849e-01,7.044017240000000069e-01,8.915734760000000314e-01,8.180765989999999599e-01,6.233284780000000191e-01
4.883002399999999965e-02,1.586801030000000168e-01,2.410051900000000080e-02,2.343351830000000025e-01,8.908472040000000591e-01,8.817790170000000538e-01,9.863512400000000457e-02,5.021239200000000152e-02,1.191797000000000082e-03,2.502279000000000048e-03,3.082000799999999943e-02,5.626964500000000008e-02,1.000000000000000000e+00,5.947088299999999661e-01,1.160000000000000064e-07,2.434977999999999969e-03,7.636149000000000062e-03,6.746201999999999754e-02,1.978171930000000023e-01,2.090368780000000093e-01,8.716234000000000481e-01,4.003215050000000219e-01,3.843018000000000128e-03,5.915000700000000444e-01,1.210184910000000058e-01,4.212795309999999849e-01,7.044017240000000069e-01,8.915734760000000314e-01,8.180765989999999599e-01,6.233284780000000191e-01
4.957902200000000037e-02,1.481282170000000065e-01,2.126293800000000206e-02,2.414751009999999976e-01,8.914880870000000401e-01,8.817790170000000538e-01,9.863512400000000457e-02,5.021239200000000152e-02,1.191797000000000082e-03,2.502279000000000048e-03,3.082000799999999943e-02,7.154204599999999803e-02,1.000000000000000000e+00,5.772558389999999928e-01,1.160000000000000064e-07,2.434977999999999969e-03,7.636149000000000062e-03,6.733774200000000598e-02,1.892421499999999979e-01,1.817527889999999979e-01,8.716234000000000481e-01,4.003215050000000219e-01,3.843018000000000128e-03,5.915000700000000444e-01,1.210184910000000058e-01,4.212795309999999849e-01,7.044017240000000069e-01,8.915734760000000314e-01,8.180765989999999599e-01,6.233284780000000191e-01
4.697240299999999591e-02,1.397214440000000002e-01,2.847316500000000167e-02,2.321119520000000103e-01,9.029795800000000039e-01,8.817790170000000538e-01,9.863512400000000457e-02,5.021239200000000152e-02,1.191797000000000082e-03,2.502279000000000048e-03,3.082000799999999943e-02,6.278798700000000343e-02,1.000000000000000000e+00,5.844317139999999355e-01,1.160000000000000064e-07,2.434977999999999969e-03,7.636149000000000062e-03,7.549876399999999599e-02,1.836906909999999893e-01,2.028494480000000155e-01,8.716234000000000481e-01,4.003215050000000219e-01,3.843018000000000128e-03,5.915000700000000444e-01,1.210184910000000058e-01,4.212795309999999849e-01,7.044017240000000069e-01,8.915734760000000314e-01,8.180765989999999599e-01,6.233284780000000191e-01
