1.647980099999999531e-02,4.034688999999999637e-02,2.625248399999999954e-02,2.156786470000000011e-01,9.699231050000000076e-01,8.745239409999999713e-01,8.051560600000000345e-02,5.000000000000000278e-02,7.705835099999999716e-02,6.507116100000000236e-02,1.000000000000000056e-01,4.296334589999999953e-01,9.852276500000000103e-01,1.578088549999999979e-01,0.000000000000000000e+00,5.059422000000000051e-03,8.119255000000000569e-03,1.230559499999999903e-02,1.643036029999999925e-01,2.191315100000000016e-01,2.788381630000000277e-01,9.127937430000000463e-01,1.014159000000000033e-01,1.575157490000000104e-01,1.446362589999999892e-01,1.375822710000000060e-01,8.020395630000000109e-01,2.404606270000000101e-01,3.406225740000000113e-01,3.053307530000000103e-01
2.210655799999999838e-02,5.014581399999999689e-02,2.756655400000000006e-02,2.186202640000000086e-01,9.632418830000000209e-01,8.745239409999999713e-01,8.051560600000000345e-02,5.000000000000000278e-02,7.705835099999999716e-02,6.507116100000000236e-02,1.000000000000000056e-01,4.360812510000000031e-01,9.748700139999999514e-01,1.662674319999999928e-01,0.000000000000000000e+00,5.059422000000000051e-03,8.119255000000000569e-03,1.901574200000000214e-02,1.739719859999999951e-01,1.973463340000000121e-01,2.788381630000000277e-01,9.127937430000000463e-01,1.014159000000000033e-01,1.575157490000000104e-01,1.446362589999999892e-01,1.375822710000000060e-01,8.020395630000000109e-01,2.404606270000000101e-01,3.406225740000000113e-01,3.053307530000000103e-01
2.069714500000000013e-02,5.178486899999999726e-02,1.000814600000000248e-02,2.350525029999999960e-01,9.834137469999999492e-01,8.745239409999999713e-01,8.051560600000000345e-02,5.000000000000000278e-02,7.705835099999999716e-02,6.507116100000000236e-02,1.000000000000000056e-01,4.276071160000000093e-01,9.720404299999999553e-01,1.703087249999999941e-01,0.000000000000000000e+00,5.059422000000000051e-03,8.119255000000000569e-03,2.174999100000000324e-02,1.581662019999999780e-01,2.101099660000000091e-01,2.788381630000000277e-01,9.127937430000000463e-01,1.014159000000000033e-01,1.575157490000000104e-01,1.446362589999999892e-01,1.375822710000000060e-01,8.020395630000000109e-01,2.404606270000000101e-01,3.406225740000000113e-01,3.053307530000000103e-01
3.780053499999999622e-02,4.650759799999999722e-02,2.887850999999999960e-02,2.294813729999999885e-01,9.737472219999999679e-01,8.745239409999999713e-01,8.051560600000000345e-02,5.000000000000000278e-02,7.705835099999999716e-02,6.507116100000000236e-02,1.000000000000000056e-01,4.389371979999999729e-01,9.811544700000000008e-01,1.581777330000000148e-01,0.000000000000000000e+00,5.059422000000000051e-03,8.119255000000000569e-03,1.535879500000000147e-02,1.528472229999999765e-01,2.236047000000000173e-01,2.788381630000000277e-01,9.127937430000000463e-01,1.014159000000000033e-01,1.575157490000000104e-01,1.446362589999999892e-01,1.375822710000000060e-01,8.020395630000000109e-01,2.404606270000000101e-01,3.406225740000000113e-01,3.053307530000000103e-01
2.554192799999999847e-02,5.396583700000000261e-02,2.424726200000000206e-02,2.306480469999999949e-01,9.827194280000000060e-01,8.745239409999999713e-01,8.051560600000000345e-02,5.000000000000000278e-02,7.705835099999999716e-02,6.507116100000000236e-02,1.000000000000000056e-01,4.337840009999999746e-01,9.681000659999999813e-01,1.533698569999999983e-01,0.000000000000000000e+00,5.059422000000000051e-03,8.119255000000000569e-03,1.818863899999999950e-02,1.546517899999999834e-01,1.955001239999999973e-01,2.788381630000000277e-01,9.127937430000000463e-01,1.014159000000000033e-01,1.575157490000000104e-01,1.446362589999999892e-01,1.375822710000000060e-01,8.020395630000000109e-01,2.404606270000000101e-01,3.406225740000000113e-01,3.053307530000000103e-01
3.634155999999999498e-02,4.395196599999999509e-02,2.562152900000000053e-02,2.262846869999999844e-01,9.783396530000000313e-01,8.745239409999999713e-01,8.051560600000000345e-02,5.000000000000000278e-02,7.705835099999999716e-02,6.507116100000000236e-02,1.000000000000000056e-01,4.447677689999999795e-01,9.709003499999999676e-01,1.556877369999999927e-01,0.000000000000000000e+00,5.059422000000000051e-03,8.119255000000000569e-03,1.382696699999999904e-02,1.692638999999999949e-01,2.122071350000000189e-01,2.788381630000000277e-01,9.127937430000000463e-01,1.014159000000000033e-01,1.575157490000000104e-01,1.446362589999999892e-01,1.375822710000000060e-01,8.020395630000000109e-01,2.404606270000000101e-01,3.406225740000000113e-01,3.053307530000000103e-01
4.329989199999999955e-02,2.788280599999999609e-02,1.949383099999999966e-02,2.188926069999999890e-01,9.670447920000000419e-01,8.745239409999999713e-01,8.051560600000000345e-02,5.000000000000000278e-02,7.705835099999999716e-02,6.507116100000000236e-02,1.000000000000000056e-01,4.345244039999999752e-01,9.619950769999999762e-01,1.562241340000000145e-01,0.000000000000000000e+00,5.059422000000000051e-03,8.119255000000000569e-03,1.795698999999999906e-02,1.675443989999999828e-01,2.031808210000000114e-01,2.788381630000000277e-01,9.127937430000000463e-01,1.014159000000000033e-01,1.575157490000000104e-01,1.446362589999999892e-01,1.375822710000000060e-01,8.020395630000000109e-01,2.404606270000000101e-01,3.406225740000000113e-01,3.053307530000000103e-01
3.135627900000000079e-02,3.106707699999999850e-02,1.872459500000000013e-02,2.150039599999999940e-01,9.884232880000000110e-01,8.745239409999999713e-01,8.051560600000000345e-02,5.000000000000000278e-02,7.705835099999999716e-02,6.507116100000000236e-02,1.000000000000000056e-01,4.356181510000000090e-01,9.838775029999999866e-01,1.619841230000000076e-01,0.000000000000000000e+00,5.059422000000000051e-03,8.119255000000000569e-03,0.000000000000000000e+00,1.735373439999999823e-01,2.021809010000000240e-01,2.788381630000000277e-01,9.127937430000000463e-01,1.014159000000000033e-01,1.575157490000000104e-01,1.446362589999999892e-01,1.375822710000000060e-01,8.020395630000000109e-01,2.404606270000000101e-01,3.406225740000000113e-01,3.053307530000000103e-01
2.426067299999999996e-02,5.293518199999999729e-02,1.340521299999999916e-02,2.103642769999999884e-01,9.635385199999999539e-01,8.745239409999999713e-01,8.051560600000000345e-02,5.000000000000000278e-02,7.705835099999999716e-02,6.507116100000000236e-02,1.000000000000000056e-01,4.507900650000000176e-01,9.710776060000000376e-01,1.612261249999999979e-01,0.000000000000000000e+00,5.059422000000000051e-03,8.119255000000000569e-03,1.462925699999999968e-02,1.643566549999999904e-01,2.083146849999999994e-01,2.788381630000000277e-01,9.127937430000000463e-01,1.014159000000000033e-01,1.575157490000000104e-01,1.446362589999999892e-01,1.375822710000000060e-01,8.020395630000000109e-01,2.404606270000000101e-01,3.406225740000000113e-01,3.053307530000000103e-01
1.622701499999999741e-02,3.538434099999999971e-02,3.506627999999999828e-02,2.076275999999999955e-01,9.738186349999999880e-01,8.745239409999999713e-01,8.051560600000000345e-02,5.000000000000000278e-02,7.705835099999999716e-02,6.507116100000000236e-02,1.000000000000000056e-01,4.442875230000000175e-01,9.874750340000000293e-01,1.654018660000000085e-01,0.000000000000000000e+00,5.059422000000000051e-03,8.119255000000000569e-03,1.514843000000000092e-02,1.771361840000000021e-01,2.248172640000000166e-01,2.788381630000000277e-01,9.127937430000000463e-01,1.014159000000000033e-01,1.575157490000000104e-01,1.446362589999999892e-01,1.375822710000000060e-01,8.020395630000000109e-01,2.404606270000000101e-01,3.406225740000000113e-01,3.053307530000000103e-01
3.829240999999999895e-02,4.268207400000000040e-02,2.658163499999999929e-02,2.303038849999999860e-01,9.726109520000000286e-01,8.745239409999999713e-01,8.051560600000000345e-02,5.000000000000000278e-02,7.705835099999999716e-02,6.507116100000000236e-02,1.000000000000000056e-01,4.395226789999999717e-01,9.799183900000000280e-01,1.610443780000000158e-01,0.000000000000000000e+00,5.059422000000000051e-03,8.119255000000000569e-03,1.533005500000000215e-02,1.722576209999999997e-01,2.106349829999999979e-01,2.788381630000000277e-01,9.127937430000000463e-01,1.014159000000000033e-01,1.575157490000000104e-01,1.446362589999999892e-01,1.375822710000000060e-01,8.020395630000000109e-01,2.404606270000000101e-01,3.406225740000000113e-01,3.053307530000000103e-01
2.595338199999999707e-02,5.155059399999999820e-02,2.741187200000000032e-02,2.133992660000000041e-01,9.845473639999999804e-01,8.745239409999999713e-01,8.051560600000000345e-02,5.000000000000000278e-02,7.705835099999999716e-02,6.507116100000000236e-02,1.000000000000000056e-01,4.241046649999999918e-01,9.819200270000000286e-01,1.600643250000000073e-01,0.000000000000000000e+00,5.059422000000000051e-03,8.119255000000000569e-03,9.045961000000001667e-03,1.744883760000000006e-01,2.222644300000000128e-01,2.788381630000000277e-01,9.127937430000000463e-01,1.014159000000000033e-01,1.575157490000000104e-01,1.446362589999999892e-01,1.375822710000000060e-01,8.020395630000000109e-01,2.404606270000000101e-01,3.406225740000000113e-01,3.053307530000000103e-01
3.905237400000000081e-02,5.523869699999999633e-02,1.131764600000000065e-02,2.330442239999999943e-01,9.732758030000000504e-01,8.745239409999999713e-01,8.051560600000000345e-02,5.000000000000000278e-02,7.705835099999999716e-02,6.507116100000000236e-02,1.000000000000000056e-01,4.511905909999999742e-01,9.677296720000000407e-01,1.651827720000000055e-01,0.000000000000000000e+00,5.059422000000000051e-03,8.119255000000000569e-03,1.732199300000000081e-02,1.769352349999999963e-01,2.160126960000000040e-01,2.788381630000000277e-01,9.127937430000000463e-01,1.014159000000000033e-01,1.575157490000000104e-01,1.446362589999999892e-01,1.375822710000000060e-01,8.020395630000000109e-01,2.404606270000000101e-01,3.406225740000000113e-01,3.053307530000000103e-01
1.750731199999999710e-02,4.158590199999999404e-02,8.931678999999997925e-03,2.285016890000000078e-01,9.776868709999999574e-01,8.745239409999999713e-01,8.051560600000000345e-02,5.000000000000000278e-02,7.705835099999999716e-02,6.507116100000000236e-02,1.000000000000000056e-01,4.496951989999999899e-01,9.760874109999999604e-01,1.630671570000000181e-01,0.000000000000000000e+00,5.059422000000000051e-03,8.119255000000000569e-03,8.074959999999999083e-03,1.681417600000000012e-01,2.227178600000000175e-01,2.788381630000000277e-01,9.127937430000000463e-01,1.014159000000000033e-01,1.575157490000000104e-01,1.446362589999999892e-01,1.375822710000000060e-01,8.020395630000000109e-01,2.404606270000000101e-01,3.406225740000000113e-01,3.053307530000000103e-01
1.524622499999999520e-02,2.768948100000000190e-02,2.970765200000000106e-02,2.251059119999999913e-01,9.664951330000000063e-01,8.745239409999999713e-01,8.051560600000000345e-02,5.000000000000000278e-02,7.705835099999999716e-02,6.507116100000000236e-02,1.000000000000000056e-01,4.308726299999999787e-01,9.828617139999999974e-01,1.601153319999999991e-01,0.000000000000000000e+00,5.059422000000000051e-03,8.119255000000000569e-03,1.912758000000000166e-02,1.599305609999999989e-01,1.976590710000000195e-01,2.788381630000000277e-01,9.127937430000000463e-01,1.014159000000000033e-01,1.575157490000000104e-01,1.446362589999999892e-01,1.375822710000000060e-01,8.020395630000000109e-01,2.404606270000000101e-01,3.406225740000000113e-01,3.053307530000000103e-01
3.981475299999999440e-02,4.136282299999999995e-02,2.349822099999999969e-02,2.161129960000000017e-01,9.701435689999999834e-01,8.745239409999999713e-01,8.051560600000000345e-02,5.000000000000000278e-02,7.705835099999999716e-02,6.507116100000000236e-02,1.000000000000000056e-01,4.363723700000000094e-01,9.752990740000000436e-01,1.656197640000000026e-01,0.000000000000000000e+00,5.059422000000000051e-03,8.119255000000000569e-03,1.949894500000000017e-02,1.564420649999999913e-01,1.964489430000000147e-01,2.788381630000000277e-01,9.127937430000000463e-01,1.014159000000000033e-01,1.575157490000000104e-01,1.446362589999999892e-01,1.375822710000000060e-01,8.020395630000000109e-01,2.404606270000000101e-01,3.406225740000000113e-01,3.053307530000000103e-01
2.750513099999999864e-02,3.183397599999999994e-02,7.152987999999999014e-03,2.246298099999999853e-01,9.875867910000000194e-01,8.745239409999999713e-01,8.051560600000000345e-02,5.000000000000000278e-02,7.705835099999999716e-02,6.507116100000000236e-02,1.000000000000000056e-01,4.513251389999999863e-01,9.857959109999999692e-01,1.752938390000000068e-01,0.000000000000000000e+00,5.059422000000000051e-03,8.119255000000000569e-03,7.967188999999999521e-03,1.548275189999999968e-01,2.138397170000000125e-01,2.788381630000000277e-01,9.127937430000000463e-01,1.014159000000000033e-01,1.575157490000000104e-01,1.446362589999999892e-01,1.375822710000000060e-01,8.020395630000000109e-01,2.404606270000000101e-01,3.406225740000000113e-01,3.053307530000000103e-01
3.769712399999999852e-02,5.372592799999999919e-02,3.605087600000000253e-02,2.126094869999999859e-01,9.609801709999999941e-01,8.745239409999999713e-01,8.051560600000000345e-02,5.000000000000000278e-02,7.705835099999999716e-02,6.507116100000000236e-02,1.000000000000000056e-01,4.303946849999999991e-01,9.624139980000000483e-01,1.457856580000000124e-01,0.000000000000000000e+00,5.059422000000000051e-03,8.119255000000000569e-03,1.890038399999999924e-02,1.708059469999999858e-01,1.977611250000000098e-01,2.788381630000000277e-01,9.127937430000000463e-01,1.014159000000000033e-01,1.575157490000000104e-01,1.446362589999999892e-01,1.375822710000000060e-01,8.020395630000000109e-01,2.404606270000000101e-01,3.406225740000000113e-01,3.053307530000000103e-01
3.303037000000000334e-02,4.803823999999999594e-02,2.952176000000000106e-02,2.239497819999999861e-01,9.719360949999999999e-01,8.745239409999999713e-01,8.051560600000000345e-02,5.000000000000000278e-02,7.705835099999999716e-02,6.507116100000000236e-02,1.000000000000000056e-01,4.236823619999999790e-01,9.627638670000000509e-01,1.594392870000000129e-01,0.000000000000000000e+00,5.059422000000000051e-03,8.119255000000000569e-03,1.334372099999999936e-02,1.545583140000000022e-01,2.015000710000000028e-01,2.788381630000000277e-01,9.127937430000000463e-01,1.014159000000000033e-01,1.575157490000000104e-01,1.446362589999999892e-01,1.375822710000000060e-01,8.020395630000000109e-01,2.404606270000000101e-01,3.406225740000000113e-01,3.053307530000000103e-01
2.026961199999999935e-02,4.047206799999999993e-02,1.490559200000000223e-02,2.232432709999999931e-01,9.847680469999999797e-01,8.745239409999999713e-01,8.051560600000000345e-02,5.000000000000000278e-02,7.705835099999999716e-02,6.507116100000000236e-02,1.000000000000000056e-01,4.247893090000000038e-01,9.649500500000000036e-01,1.535804040000000037e-01,0.000000000000000000e+00,5.059422000000000051e-03,8.119255000000000569e-03,1.713486900000000049e-02,1.552172129999999928e-01,2.053653100000000231e-01,2.788381630000000277e-01,9.127937430000000463e-01,1.014159000000000033e-01,1.575157490000000104e-01,1.446362589999999892e-01,1.375822710000000060e-01,8.020395630000000109e-01,2.404606270000000101e-01,3.406225740000000113e-01,3.053307530000000103e-01
3.672858499999999415e-02,4.367760299999999540e-02,7.707308000000002990e-03,2.304313410000000117e-01,9.669282479999999902e-01,8.745239409999999713e-01,8.051560600000000345e-02,5.000000000000000278e-02,7.705835099999999716e-02,6.507116100000000236e-02,1.000000000000000056e-01,4.427083150000000189e-01,9.611142329999999845e-01,1.653103270000000069e-01,0.000000000000000000e+00,5.059422000000000051e-03,8.119255000000000569e-03,1.380390000000002171e-03,1.729899739999999908e-01,2.166759089999999999e-01,2.788381630000000277e-01,9.127937430000000463e-01,1.014159000000000033e-01,1.575157490000000104e-01,1.446362589999999892e-01,1.375822710000000060e-01,8.020395630000000109e-01,2.404606270000000101e-01,3.406225740000000113e-01,3.053307530000000103e-01
1.686930999999999847e-02,3.850045199999999751e-02,1.258118200000000325e-02,2.299698079999999978e-01,9.643874879999999594e-01,8.745239409999999713e-01,8.051560600000000345e-02,5.000000000000000278e-02,7.705835099999999716e-02,6.507116100000000236e-02,1.000000000000000056e-01,4.229597660000000148e-01,9.626950629999999620e-01,1.511277079999999995e-01,0.000000000000000000e+00,5.059422000000000051e-03,8.119255000000000569e-03,0.000000000000000000e+00,1.590046689999999874e-01,2.050651970000000046e-01,2.788381630000000277e-01,9.127937430000000463e-01,1.014159000000000033e-01,1.575157490000000104e-01,1.446362589999999892e-01,1.375822710000000060e-01,8.020395630000000109e-01,2.404606270000000101e-01,3.406225740000000113e-01,3.053307530000000103e-01
1.466971300000000089e-02,3.205274699999999949e-02,3.447033299999999884e-02,2.340859349999999950e-01,9.797166630000000431e-01,8.745239409999999713e-01,8.051560600000000345e-02,5.000000000000000278e-02,7.705835099999999716e-02,6.507116100000000236e-02,1.000000000000000056e-01,4.342401739999999788e-01,9.734981910000000127e-01,1.668505480000000152e-01,0.000000000000000000e+00,5.059422000000000051e-03,8.119255000000000569e-03,1.160393000000000188e-02,1.752791979999999972e-01,2.078573530000000225e-01,2.788381630000000277e-01,9.127937430000000463e-01,1.014159000000000033e-01,1.575157490000000104e-01,1.446362589999999892e-01,1.375822710000000060e-01,8.020395630000000109e-01,2.404606270000000101e-01,3.406225740000000113e-01,3.053307530000000103e-01
3.475708599999999954e-02,2.716967399999999783e-02,6.513121000000003658e-03,2.275808300000000117e-01,9.700197539999999563e-01,8.745239409999999713e-01,8.051560600000000345e-02,5.000000000000000278e-02,7.705835099999999716e-02,6.507116100000000236e-02,1.000000000000000056e-01,4.225525330000000079e-01,9.634223690000000007e-01,1.455943310000000213e-01,0.000000000000000000e+00,5.059422000000000051e-03,8.119255000000000569e-03,0.000000000000000000e+00,1.741393189999999869e-01,2.213531270000000106e-01,2.788381630000000277e-01,9.127937430000000463e-01,1.014159000000000033e-01,1.575157490000000104e-01,1.446362589999999892e-01,1.375822710000000060e-01,8.020395630000000109e-01,2.404606270000000101e-01,3.406225740000000113e-01,3.053307530000000103e-01
3.872432099999999905e-02,4.311268799999999624e-02,2.944443600000000091e-02,2.316259009999999952e-01,9.621369280000000579e-01,8.745239409999999713e-01,8.051560600000000345e-02,5.000000000000000278e-02,7.705835099999999716e-02,6.507116100000000236e-02,1.000000000000000056e-01,4.335693760000000063e-01,9.888416220000000312e-01,1.495215079999999974e-01,0.000000000000000000e+00,5.059422000000000051e-03,8.119255000000000569e-03,2.375942699999999963e-02,1.560504739999999946e-01,2.102614520000000153e-01,2.788381630000000277e-01,9.127937430000000463e-01,1.014159000000000033e-01,1.575157490000000104e-01,1.446362589999999892e-01,1.375822710000000060e-01,8.020395630000000109e-01,2.404606270000000101e-01,3.406225740000000113e-01,3.053307530000000103e-01
2.249391900000000111e-02,2.971143899999999921e-02,1.103481700000000232e-02,2.102142180000000082e-01,9.724137269999999500e-01,8.745239409999999713e-01,8.051560600000000345e-02,5.000000000000000278e-02,7.705835099999999716e-02,6.507116100000000236e-02,1.000000000000000056e-01,4.310796559999999777e-01,9.804643939999999613e-01,1.623935519999999966e-01,0.000000000000000000e+00,5.059422000000000051e-03,8.119255000000000569e-03,1.922352100000000036e-02,1.800911299999999882e-01,1.960191579999999989e-01,2.788381630000000277e-01,9.127937430000000463e-01,1.014159000000000033e-01,1.575157490000000104e-01,1.446362589999999892e-01,1.375822710000000060e-01,8.020395630000000109e-01,2.404606270000000101e-01,3.406225740000000113e-01,3.053307530000000103e-01
3.746145399999999820e-02,2.615822799999999865e-02,1.906214300000000014e-02,2.351953980000000000e-01,9.693235260000000464e-01,8.745239409999999713e-01,8.051560600000000345e-02,5.000000000000000278e-02,7.705835099999999716e-02,6.507116100000000236e-02,1.000000000000000056e-01,4.396343160000000250e-01,9.704478970000000038e-01,1.555340630000000002e-01,0.000000000000000000e+00,5.059422000000000051e-03,8.119255000000000569e-03,2.032628700000000191e-02,1.514873599999999876e-01,2.237774620000000103e-01,2.788381630000000277e-01,9.127937430000000463e-01,1.014159000000000033e-01,1.575157490000000104e-01,1.446362589999999892e-01,1.375822710000000060e-01,8.020395630000000109e-01,2.404606270000000101e-01,3.406225740000000113e-01,3.053307530000000103e-01
2.285225399999999546e-02,2.831203799999999771e-02,3.208230299999999952e-02,2.119418329999999961e-01,9.683111589999999769e-01,8.745239409999999713e-01,8.051560600000000345e-02,5.000000000000000278e-02,7.705835099999999716e-02,6.507116100000000236e-02,1.000000000000000056e-01,4.233685870000000184e-01,9.640539169999999825e-01,1.722793930000000029e-01,0.000000000000000000e+00,5.059422000000000051e-03,8.119255000000000569e-03,1.460836000000000079e-02,1.723711079999999951e-01,2.010691660000000214e-01,2.788381630000000277e-01,9.127937430000000463e-01,1.014159000000000033e-01,1.575157490000000104e-01,1.446362589999999892e-01,1.375822710000000060e-01,8.020395630000000109e-01,2.404606270000000101e-01,3.406225740000000113e-01,3.053307530000000103e-01
3.055386899999999739e-02,5.461219900000000016e-02,8.742562000000002331e-03,2.089839990000000036e-01,9.601119919999999697e-01,8.745239409999999713e-01,8.051560600000000345e-02,5.000000000000000278e-02,7.705835099999999716e-02,6.507116100000000236e-02,1.000000000000000056e-01,4.421802730000000126e-01,9.618882159999999626e-01,1.597652440000000007e-01,0.000000000000000000e+00,5.059422000000000051e-03,8.119255000000000569e-03,4.410578999999997807e-03,1.771747989999999939e-01,2.060846250000000213e-01,2.788381630000000277e-01,9.127937430000000463e-01,1.014159000000000033e-01,1.575157490000000104e-01,1.446362589999999892e-01,1.375822710000000060e-01,8.020395630000000109e-01,2.404606270000000101e-01,3.406225740000000113e-01,3.053307530000000103e-01
4.071550899999999695e-02,3.080209500000000156e-02,2.372519000000000017e-02,2.212238470000000012e-01,9.742945809999999929e-01,8.745239409999999713e-01,8.051560600000000345e-02,5.000000000000000278e-02,7.705835099999999716e-02,6.507116100000000236e-02,1.000000000000000056e-01,4.415753889999999848e-01,9.887862280000000448e-01,1.523935250000000019e-01,0.000000000000000000e+00,5.059422000000000051e-03,8.119255000000000569e-03,0.000000000000000000e+00,1.676037459999999979e-01,2.184890889999999974e-01,2.788381630000000277e-01,9.127937430000000463e-01,1.014159000000000033e-01,1.575157490000000104e-01,1.446362589999999892e-01,1.375822710000000060e-01,8.020395630000000109e-01,2.404606270000000101e-01,3.406225740000000113e-01,3.053307530000000103e-01
3.170115299999999581e-02,3.563325099999999773e-02,7.841857000000000688e-03,2.149209559999999963e-01,9.664383460000000037e-01,8.745239409999999713e-01,8.051560600000000345e-02,5.000000000000000278e-02,7.705835099999999716e-02,6.507116100000000236e-02,1.000000000000000056e-01,4.487578890000000209e-01,9.700154410000000338e-01,1.572464709999999988e-01,0.000000000000000000e+00,5.059422000000000051e-03,8.119255000000000569e-03,1.665314700000000009e-02,1.540384699999999829e-01,1.997910920000000035e-01,2.788381630000000277e-01,9.127937430000000463e-01,1.014159000000000033e-01,1.575157490000000104e-01,1.446362589999999892e-01,1.375822710000000060e-01,8.020395630000000109e-01,2.404606270000000101e-01,3.406225740000000113e-01,3.053307530000000103e-01
1.979465400000000180e-02,3.829120599999999430e-02,3.402848700000000309e-02,2.230332610000000104e-01,9.637223480000000064e-01,8.745239409999999713e-01,8.051560600000000345e-02,5.000000000000000278e-02,7.705835099999999716e-02,6.507116100000000236e-02,1.000000000000000056e-01,4.499574359999999884e-01,9.773767370000000509e-01,1.566652780000000189e-01,0.000000000000000000e+00,5.059422000000000051e-03,8.119255000000000569e-03,2.610372000000000040e-02,1.609412169999999975e-01,2.232699780000000078e-01,2.788381630000000277e-01,9.127937430000000463e-01,1.014159000000000033e-01,1.575157490000000104e-01,1.446362589999999892e-01,1.375822710000000060e-01,8.020395630000000109e-01,2.404606270000000101e-01,3.406225740000000113e-01,3.053307530000000103e-01
3.537613500000000299e-02,4.107299100000000314e-02,3.546220600000000306e-02,2.133470879999999903e-01,9.720834729999999757e-01,8.745239409999999713e-01,8.051560600000000345e-02,5.000000000000000278e-02,7.705835099999999716e-02,6.507116100000000236e-02,1.000000000000000056e-01,4.471984399999999749e-01,9.689623410000000048e-01,1.599201769999999967e-01,0.000000000000000000e+00,5.059422000000000051e-03,8.119255000000000569e-03,1.651769100000000101e-02,1.659303530000000027e-01,2.231436970000000020e-01,2.788381630000000277e-01,9.127937430000000463e-01,1.014159000000000033e-01,1.575157490000000104e-01,1.446362589999999892e-01,1.375822710000000060e-01,8.020395630000000109e-01,2.404606270000000101e-01,3.406225740000000113e-01,3.053307530000000103e-01
3.609626400000000290e-02,4.959320400000000184e-02,2.260329600000000189e-02,2.196352789999999888e-01,9.870833759999999568e-01,8.745239409999999713e-01,8.051560600000000345e-02,5.000000000000000278e-02,7.705835099999999716e-02,6.507116100000000236e-02,1.000000000000000056e-01,4.412665760000000215e-01,9.871289439999999527e-01,1.539802820000000239e-01,0.000000000000000000e+00,5.059422000000000051e-03,8.119255000000000569e-03,5.724669000000001673e-03,1.572981960000000012e-01,2.080979870000000120e-01,2.788381630000000277e-01,9.127937430000000463e-01,1.014159000000000033e-01,1.575157490000000104e-01,1.446362589999999892e-01,1.375822710000000060e-01,8.020395630000000109e-01,2.404606270000000101e-01,3.406225740000000113e-01,3.053307530000000103e-01
2.323788799999999821e-02,2.893766199999999594e-02,3.614260899999999915e-02,2.172330590000000061e-01,9.839422730000000339e-01,8.745239409999999713e-01,8.051560600000000345e-02,5.000000000000000278e-02,7.705835099999999716e-02,6.507116100000000236e-02,1.000000000000000056e-01,4.324290089999999753e-01,9.764509620000000334e-01,1.723434269999999935e-01,0.000000000000000000e+00,5.059422000000000051e-03,8.119255000000000569e-03,3.584699000000003688e-03,1.503559809999999997e-01,2.039358890000000091e-01,2.788381630000000277e-01,9.127937430000000463e-01,1.014159000000000033e-01,1.575157490000000104e-01,1.446362589999999892e-01,1.375822710000000060e-01,8.020395630000000109e-01,2.404606270000000101e-01,3.406225740000000113e-01,3.053307530000000103e-01
4.342821599999999865e-02,4.664959999999999940e-02,1.458104600000000028e-02,2.238488899999999948e-01,9.780528600000000239e-01,8.745239409999999713e-01,8.051560600000000345e-02,5.000000000000000278e-02,7.705835099999999716e-02,6.507116100000000236e-02,1.000000000000000056e-01,4.378963530000000159e-01,9.817959450000000032e-01,1.555619550000000018e-01,0.000000000000000000e+00,5.059422000000000051e-03,8.119255000000000569e-03,0.000000000000000000e+00,1.592630079999999837e-01,2.008650610000000114e-01,2.788381630000000277e-01,9.127937430000000463e-01,1.014159000000000033e-01,1.575157490000000104e-01,1.446362589999999892e-01,1.375822710000000060e-01,8.020395630000000109e-01,2.404606270000000101e-01,3.406225740000000113e-01,3.053307530000000103e-01
1.833828599999999531e-02,2.709562000000000082e-02,3.280785800000000224e-02,2.249669539999999968e-01,9.770983730000000200e-01,8.745239409999999713e-01,8.051560600000000345e-02,5.000000000000000278e-02,7.705835099999999716e-02,6.507116100000000236e-02,1.000000000000000056e-01,4.316701869999999830e-01,9.609853210000000034e-01,1.503695710000000074e-01,0.000000000000000000e+00,5.059422000000000051e-03,8.119255000000000569e-03,1.683678000000000952e-03,1.611778419999999878e-01,2.209620690000000109e-01,2.788381630000000277e-01,9.127937430000000463e-01,1.014159000000000033e-01,1.575157490000000104e-01,1.446362589999999892e-01,1.375822710000000060e-01,8.020395630000000109e-01,2.404606270000000101e-01,3.406225740000000113e-01,3.053307530000000103e-01
2.735282699999999970e-02,3.238952600000000182e-02,1.585596900000000101e-02,2.153880079999999919e-01,9.735107929999999854e-01,8.745239409999999713e-01,8.051560600000000345e-02,5.000000000000000278e-02,7.705835099999999716e-02,6.507116100000000236e-02,1.000000000000000056e-01,4.284222160000000224e-01,9.776558960000000242e-01,1.521635340000000169e-01,0.000000000000000000e+00,5.059422000000000051e-03,8.119255000000000569e-03,0.000000000000000000e+00,1.625008019999999997e-01,2.206579510000000188e-01,2.788381630000000277e-01,9.127937430000000463e-01,1.014159000000000033e-01,1.575157490000000104e-01,1.446362589999999892e-01,1.375822710000000060e-01,8.020395630000000109e-01,2.404606270000000101e-01,3.406225740000000113e-01,3.053307530000000103e-01
3.852198699999999365e-02,4.407588999999999951e-02,3.459810500000000399e-02,2.260508890000000048e-01,9.868758020000000242e-01,8.745239409999999713e-01,8.051560600000000345e-02,5.000000000000000278e-02,7.705835099999999716e-02,6.507116100000000236e-02,1.000000000000000056e-01,4.387109310000000262e-01,9.812692490000000101e-01,1.506944400000000128e-01,0.000000000000000000e+00,5.059422000000000051e-03,8.119255000000000569e-03,3.141070000000002749e-03,1.539158979999999954e-01,2.074985950000000079e-01,2.788381630000000277e-01,9.127937430000000463e-01,1.014159000000000033e-01,1.575157490000000104e-01,1.446362589999999892e-01,1.375822710000000060e-01,8.020395630000000109e-01,2.404606270000000101e-01,3.406225740000000113e-01,3.053307530000000103e-01
3.515952699999999598e-02,2.758611600000000080e-02,1.900203799999999887e-02,2.336387219999999931e-01,9.804058850000000325e-01,8.745239409999999713e-01,8.051560600000000345e-02,5.000000000000000278e-02,7.705835099999999716e-02,6.507116100000000236e-02,1.000000000000000056e-01,4.287450800000000006e-01,9.787616089999999769e-01,1.528218050000000050e-01,0.000000000000000000e+00,5.059422000000000051e-03,8.119255000000000569e-03,1.618308200000000141e-02,1.737046829999999986e-01,2.077217160000000007e-01,2.788381630000000277e-01,9.127937430000000463e-01,1.014159000000000033e-01,1.575157490000000104e-01,1.446362589999999892e-01,1.375822710000000060e-01,8.020395630000000109e-01,2.404606270000000101e-01,3.406225740000000113e-01,3.053307530000000103e-01
2.173764999999999725e-02,3.090862999999999944e-02,8.077325000000003252e-03,2.137363290000000027e-01,9.766989689999999724e-01,8.745239409999999713e-01,8.051560600000000345e-02,5.000000000000000278e-02,7.705835099999999716e-02,6.507116100000000236e-02,1.000000000000000056e-01,4.274307079999999925e-01,9.783586279999999524e-01,1.551940690000000178e-01,0.000000000000000000e+00,5.059422000000000051e-03,8.119255000000000569e-03,1.263048900000000169e-02,1.537432930000000031e-01,1.983872080000000093e-01,2.788381630000000277e-01,9.127937430000000463e-01,1.014159000000000033e-01,1.575157490000000104e-01,1.446362589999999892e-01,1.375822710000000060e-01,8.020395630000000109e-01,2.404606270000000101e-01,3.406225740000000113e-01,3.053307530000000103e-01
3.442567800000000122e-02,5.427886499999999559e-02,3.480172599999999811e-02,2.298477820000000005e-01,9.617927849999999834e-01,8.745239409999999713e-01,8.051560600000000345e-02,5.000000000000000278e-02,7.705835099999999716e-02,6.507116100000000236e-02,1.000000000000000056e-01,4.295087890000000019e-01,9.683461479999999622e-01,1.588058220000000131e-01,0.000000000000000000e+00,5.059422000000000051e-03,8.119255000000000569e-03,2.038861399999999935e-02,1.747888549999999930e-01,1.953099540000000078e-01,2.788381630000000277e-01,9.127937430000000463e-01,1.014159000000000033e-01,1.575157490000000104e-01,1.446362589999999892e-01,1.375822710000000060e-01,8.020395630000000109e-01,2.404606270000000101e-01,3.406225740000000113e-01,3.053307530000000103e-01
2.767903499999999767e-02,3.641141900000000042e-02,8.613294000000000505e-03,2.293314539999999901e-01,9.647692230000000091e-01,8.745239409999999713e-01,8.051560600000000345e-02,5.000000000000000278e-02,7.705835099999999716e-02,6.507116100000000236e-02,1.000000000000000056e-01,4.280714039999999887e-01,9.877735370000000348e-01,1.491232279999999966e-01,0.000000000000000000e+00,5.059422000000000051e-03,8.119255000000000569e-03,7.645426000000000305e-03,1.676902529999999836e-01,2.033720770000000122e-01,2.788381630000000277e-01,9.127937430000000463e-01,1.014159000000000033e-01,1.575157490000000104e-01,1.446362589999999892e-01,1.375822710000000060e-01,8.020395630000000109e-01,2.404606270000000101e-01,3.406225740000000113e-01,3.053307530000000103e-01
2.585218499999999975e-02,3.900307899999999606e-02,2.532864900000000169e-02,2.225869609999999998e-01,9.742316829999999594e-01,8.745239409999999713e-01,8.051560600000000345e-02,5.000000000000000278e-02,7.705835099999999716e-02,6.507116100000000236e-02,1.000000000000000056e-01,4.491259429999999719e-01,9.730260400000000365e-01,1.613490190000000102e-01,0.000000000000000000e+00,5.059422000000000051e-03,8.119255000000000569e-03,1.685556100000000154e-02,1.633413320000000057e-01,2.208637110000000181e-01,2.788381630000000277e-01,9.127937430000000463e-01,1.014159000000000033e-01,1.575157490000000104e-01,1.446362589999999892e-01,1.375822710000000060e-01,8.020395630000000109e-01,2.404606270000000101e-01,3.406225740000000113e-01,3.053307530000000103e-01
3.012066499999999786e-02,5.413733899999999960e-02,1.186210900000000262e-02,2.211623869999999881e-01,9.750092849999999478e-01,8.745239409999999713e-01,8.051560600000000345e-02,5.000000000000000278e-02,7.705835099999999716e-02,6.507116100000000236e-02,1.000000000000000056e-01,4.450409909999999969e-01,9.704049519999999873e-01,1.548583340000000141e-01,0.000000000000000000e+00,5.059422000000000051e-03,8.119255000000000569e-03,2.003033599999999928e-02,1.502052070000000072e-01,2.119827300000000081e-01,2.788381630000000277e-01,9.127937430000000463e-01,1.014159000000000033e-01,1.575157490000000104e-01,1.446362589999999892e-01,1.375822710000000060e-01,8.020395630000000109e-01,2.404606270000000101e-01,3.406225740000000113e-01,3.053307530000000103e-01
1.896032500000000010e-02,5.198211800000000077e-02,3.097037799999999980e-02,2.234349700000000105e-01,9.768225019999999814e-01,8.745239409999999713e-01,8.051560600000000345e-02,5.000000000000000278e-02,7.705835099999999716e-02,6.507116100000000236e-02,1.000000000000000056e-01,4.247508730000000288e-01,9.713730809999999716e-01,1.547316230000000126e-01,0.000000000000000000e+00,5.059422000000000051e-03,8.119255000000000569e-03,4.691849999999997411e-03,1.706439549999999861e-01,2.008252010000000087e-01,2.788381630000000277e-01,9.127937430000000463e-01,1.014159000000000033e-01,1.575157490000000104e-01,1.446362589999999892e-01,1.375822710000000060e-01,8.020395630000000109e-01,2.404606270000000101e-01,3.406225740000000113e-01,3.053307530000000103e-01
2.356760599999999789e-02,3.263295999999999558e-02,2.150344400000000003e-02,2.077748369999999900e-01,9.746459750000000533e-01,8.745239409999999713e-01,8.051560600000000345e-02,5.000000000000000278e-02,7.705835099999999716e-02,6.507116100000000236e-02,1.000000000000000056e-01,4.432861849999999992e-01,9.744435949999999957e-01,1.635597330000000127e-01,0.000000000000000000e+00,5.059422000000000051e-03,8.119255000000000569e-03,1.155345000000002065e-03,1.612299729999999987e-01,2.171439420000000065e-01,2.788381630000000277e-01,9.127937430000000463e-01,1.014159000000000033e-01,1.575157490000000104e-01,1.446362589999999892e-01,1.375822710000000060e-01,8.020395630000000109e-01,2.404606270000000101e-01,3.406225740000000113e-01,3.053307530000000103e-01
3.752152400000000054e-02,2.938718900000000106e-02,3.261663000000000062e-02,2.143664799999999981e-01,9.894671139999999809e-01,8.745239409999999713e-01,8.051560600000000345e-02,5.000000000000000278e-02,7.705835099999999716e-02,6.507116100000000236e-02,1.000000000000000056e-01,4.291251729999999709e-01,9.892358719999999606e-01,1.544385030000000048e-01,0.000000000000000000e+00,5.059422000000000051e-03,8.119255000000000569e-03,1.285309100000000052e-02,1.649058499999999927e-01,2.082650050000000030e-01,2.788381630000000277e-01,9.127937430000000463e-01,1.014159000000000033e-01,1.575157490000000104e-01,1.446362589999999892e-01,1.375822710000000060e-01,8.020395630000000109e-01,2.404606270000000101e-01,3.406225740000000113e-01,3.053307530000000103e-01
3.357078699999999777e-02,4.100159500000000179e-02,3.179554300000000250e-02,2.343942460000000005e-01,9.836709839999999705e-01,8.745239409999999713e-01,8.051560600000000345e-02,5.000000000000000278e-02,7.705835099999999716e-02,6.507116100000000236e-02,1.000000000000000056e-01,4.502634660000000011e-01,9.687216250000000306e-01,1.684182050000000153e-01,0.000000000000000000e+00,5.059422000000000051e-03,8.119255000000000569e-03,0.000000000000000000e+00,1.630154540000000041e-01,2.017387340000000029e-01,2.788381630000000277e-01,9.127937430000000463e-01,1.014159000000000033e-01,1.575157490000000104e-01,1.446362589999999892e-01,1.375822710000000060e-01,8.020395630000000109e-01,2.404606270000000101e-01,3.406225740000000113e-01,3.053307530000000103e-01
2.347696899999999684e-02,4.866271900000000011e-02,2.527322499999999986e-02,2.166779679999999986e-01,9.642261810000000155e-01,8.745239409999999713e-01,8.051560600000000345e-02,5.000000000000000278e-02,7.705835099999999716e-02,6.507116100000000236e-02,1.000000000000000056e-01,4.438307470000000254e-01,9.899513220000000224e-01,1.750906869999999949e-01,0.000000000000000000e+00,5.059422000000000051e-03,8.119255000000000569e-03,2.268338000000001686e-03,1.684873499999999802e-01,2.059502270000000135e-01,2.788381630000000277e-01,9.127937430000000463e-01,1.014159000000000033e-01,1.575157490000000104e-01,1.446362589999999892e-01,1.375822710000000060e-01,8.020395630000000109e-01,2.404606270000000101e-01,3.406225740000000113e-01,3.053307530000000103e-01
4.062436499999999562e-02,4.730795599999999823e-02,3.021418300000000209e-02,2.181777799999999878e-01,9.885691370000000422e-01,8.745239409999999713e-01,8.051560600000000345e-02,5.000000000000000278e-02,7.705835099999999716e-02,6.507116100000000236e-02,1.000000000000000056e-01,4.482087630000000100e-01,9.701972150000000017e-01,1.584251779999999998e-01,0.000000000000000000e+00,5.059422000000000051e-03,8.119255000000000569e-03,3.014137000000000066e-03,1.594059919999999964e-01,2.021518389999999998e-01,2.788381630000000277e-01,9.127937430000000463e-01,1.014159000000000033e-01,1.575157490000000104e-01,1.446362589999999892e-01,1.375822710000000060e-01,8.020395630000000109e-01,2.404606270000000101e-01,3.406225740000000113e-01,3.053307530000000103e-01
1.557360299999999836e-02,4.697749599999999359e-02,6.837146000000002277e-03,2.143209690000000001e-01,9.876433970000000340e-01,8.745239409999999713e-01,8.051560600000000345e-02,5.000000000000000278e-02,7.705835099999999716e-02,6.507116100000000236e-02,1.000000000000000056e-01,4.477572109999999883e-01,9.617964879999999495e-01,1.626777970000000129e-01,0.000000000000000000e+00,5.059422000000000051e-03,8.119255000000000569e-03,6.672838000000000380e-03,1.782403909999999980e-01,1.987972420000000129e-01,2.788381630000000277e-01,9.127937430000000463e-01,1.014159000000000033e-01,1.575157490000000104e-01,1.446362589999999892e-01,1.375822710000000060e-01,8.020395630000000109e-01,2.404606270000000101e-01,3.406225740000000113e-01,3.053307530000000103e-01
3.248541800000000201e-02,4.440861799999999693e-02,9.781550999999999441e-03,2.332192690000000068e-01,9.667531230000000475e-01,8.745239409999999713e-01,8.051560600000000345e-02,5.000000000000000278e-02,7.705835099999999716e-02,6.507116100000000236e-02,1.000000000000000056e-01,4.320021219999999884e-01,9.869036829999999760e-01,1.579826810000000137e-01,0.000000000000000000e+00,5.059422000000000051e-03,8.119255000000000569e-03,1.572173200000000215e-02,1.787881319999999885e-01,2.179582280000000039e-01,2.788381630000000277e-01,9.127937430000000463e-01,1.014159000000000033e-01,1.575157490000000104e-01,1.446362589999999892e-01,1.375822710000000060e-01,8.020395630000000109e-01,2.404606270000000101e-01,3.406225740000000113e-01,3.053307530000000103e-01
1.577526099999999876e-02,3.521712600000000137e-02,1.652541700000000058e-02,2.092443280000000072e-01,9.706454020000000460e-01,8.745239409999999713e-01,8.051560600000000345e-02,5.000000000000000278e-02,7.705835099999999716e-02,6.507116100000000236e-02,1.000000000000000056e-01,4.464171109999999776e-01,9.881784089999999798e-01,1.746191440000000039e-01,0.000000000000000000e+00,5.059422000000000051e-03,8.119255000000000569e-03,1.427021700000000171e-02,1.615844300000000011e-01,2.070128890000000055e-01,2.788381630000000277e-01,9.127937430000000463e-01,1.014159000000000033e-01,1.575157490000000104e-01,1.446362589999999892e-01,1.375822710000000060e-01,8.020395630000000109e-01,2.404606270000000101e-01,3.406225740000000113e-01,3.053307530000000103e-01
3.399953000000000003e-02,4.519129399999999991e-02,3.328612699999999869e-02,2.099811950000000094e-01,9.682385169999999652e-01,8.745239409999999713e-01,8.051560600000000345e-02,5.000000000000000278e-02,7.705835099999999716e-02,6.507116100000000236e-02,1.000000000000000056e-01,4.503690579999999888e-01,9.830998619999999910e-01,1.644194429999999985e-01,0.000000000000000000e+00,5.059422000000000051e-03,8.119255000000000569e-03,2.423488399999999821e-02,1.574204650000000094e-01,2.206019510000000183e-01,2.788381630000000277e-01,9.127937430000000463e-01,1.014159000000000033e-01,1.575157490000000104e-01,1.446362589999999892e-01,1.375822710000000060e-01,8.020395630000000109e-01,2.404606270000000101e-01,3.406225740000000113e-01,3.053307530000000103e-01
4.231129499999999877e-02,4.168694099999999819e-02,2.007663499999999893e-02,2.084010849999999859e-01,9.624607389999999540e-01,8.745239409999999713e-01,8.051560600000000345e-02,5.000000000000000278e-02,7.705835099999999716e-02,6.507116100000000236e-02,1.000000000000000056e-01,4.291021609999999820e-01,9.723201299999999492e-01,1.479939310000000230e-01,0.000000000000000000e+00,5.059422000000000051e-03,8.119255000000000569e-03,1.939925300000000172e-02,1.644990659999999993e-01,2.194960170000000155e-01,2.788381630000000277e-01,9.127937430000000463e-01,1.014159000000000033e-01,1.575157490000000104e-01,1.446362589999999892e-01,1.375822710000000060e-01,8.020395630000000109e-01,2.404606270000000101e-01,3.406225740000000113e-01,3.053307530000000103e-01
1.727143099999999681e-02,2.585606000000000015e-02,3.166349699999999878e-02,2.184919810000000018e-01,9.838377929999999605e-01,8.745239409999999713e-01,8.051560600000000345e-02,5.000000000000000278e-02,7.705835099999999716e-02,6.507116100000000236e-02,1.000000000000000056e-01,4.297065110000000132e-01,9.638438719999999904e-01,1.605286260000000076e-01,0.000000000000000000e+00,5.059422000000000051e-03,8.119255000000000569e-03,1.767060900000000032e-02,1.791019419999999862e-01,2.087267420000000206e-01,2.788381630000000277e-01,9.127937430000000463e-01,1.014159000000000033e-01,1.575157490000000104e-01,1.446362589999999892e-01,1.375822710000000060e-01,8.020395630000000109e-01,2.404606270000000101e-01,3.406225740000000113e-01,3.053307530000000103e-01
4.264168599999999809e-02,2.669378599999999713e-02,3.071643099999999890e-02,2.115048439999999974e-01,9.882475800000000143e-01,8.745239409999999713e-01,8.051560600000000345e-02,5.000000000000000278e-02,7.705835099999999716e-02,6.507116100000000236e-02,1.000000000000000056e-01,4.253360820000000042e-01,9.780810220000000221e-01,1.479574130000000098e-01,0.000000000000000000e+00,5.059422000000000051e-03,8.119255000000000569e-03,2.614915699999999926e-02,1.693542650000000038e-01,2.181196310000000083e-01,2.788381630000000277e-01,9.127937430000000463e-01,1.014159000000000033e-01,1.575157490000000104e-01,1.446362589999999892e-01,1.375822710000000060e-01,8.020395630000000109e-01,2.404606270000000101e-01,3.406225740000000113e-01,3.053307530000000103e-01
4.094395399999999768e-02,3.755361599999999800e-02,1.517372900000000385e-02,2.234817749999999936e-01,9.618152309999999927e-01,8.745239409999999713e-01,8.051560600000000345e-02,5.000000000000000278e-02,7.705835099999999716e-02,6.507116100000000236e-02,1.000000000000000056e-01,4.425830479999999789e-01,9.731787640000000295e-01,1.675463860000000194e-01,0.000000000000000000e+00,5.059422000000000051e-03,8.119255000000000569e-03,2.264969600000000041e-02,1.568330480000000027e-01,2.041463240000000179e-01,2.788381630000000277e-01,9.127937430000000463e-01,1.014159000000000033e-01,1.575157490000000104e-01,1.446362589999999892e-01,1.375822710000000060e-01,8.020395630000000109e-01,2.404606270000000101e-01,3.406225740000000113e-01,3.053307530000000103e-01
2.702405699999999716e-02,4.949074700000000160e-02,2.710572400000000118e-02,2.180836459999999921e-01,9.792197379999999507e-01,8.745239409999999713e-01,8.051560600000000345e-02,5.000000000000000278e-02,7.705835099999999716e-02,6.507116100000000236e-02,1.000000000000000056e-01,4.226958419999999883e-01,9.667332990000000459e-01,1.660931790000000075e-01,0.000000000000000000e+00,5.059422000000000051e-03,8.119255000000000569e-03,2.216671500000000003e-02,1.751091220000000059e-01,1.965673150000000202e-01,2.788381630000000277e-01,9.127937430000000463e-01,1.014159000000000033e-01,1.575157490000000104e-01,1.446362589999999892e-01,1.375822710000000060e-01,8.020395630000000109e-01,2.404606270000000101e-01,3.406225740000000113e-01,3.053307530000000103e-01
2.856308999999999931e-02,3.759053700000000026e-02,2.228621000000000074e-02,2.176750349999999889e-01,9.811977530000000058e-01,8.745239409999999713e-01,8.051560600000000345e-02,5.000000000000000278e-02,7.705835099999999716e-02,6.507116100000000236e-02,1.000000000000000056e-01,4.345039110000000204e-01,9.786857100000000420e-01,1.459586520000000220e-01,0.000000000000000000e+00,5.059422000000000051e-03,8.119255000000000569e-03,0.000000000000000000e+00,1.530985529999999983e-01,2.095665480000000191e-01,2.788381630000000277e-01,9.127937430000000463e-01,1.014159000000000033e-01,1.575157490000000104e-01,1.446362589999999892e-01,1.375822710000000060e-01,8.020395630000000109e-01,2.404606270000000101e-01,3.406225740000000113e-01,3.053307530000000103e-01
3.454506499999999980e-02,2.866748499999999950e-02,1.368125400000000380e-02,2.272938469999999933e-01,9.794850939999999451e-01,8.745239409999999713e-01,8.051560600000000345e-02,5.000000000000000278e-02,7.705835099999999716e-02,6.507116100000000236e-02,1.000000000000000056e-01,4.476824460000000117e-01,9.695354369999999999e-01,1.569656879999999921e-01,0.000000000000000000e+00,5.059422000000000051e-03,8.119255000000000569e-03,2.071451399999999984e-02,1.591278969999999904e-01,2.018948369999999937e-01,2.788381630000000277e-01,9.127937430000000463e-01,1.014159000000000033e-01,1.575157490000000104e-01,1.446362589999999892e-01,1.375822710000000060e-01,8.020395630000000109e-01,2.404606270000000101e-01,3.406225740000000113e-01,3.053307530000000103e-01
3.152487799999999923e-02,5.109062600000000010e-02,1.498705799999999755e-02,2.366734679999999980e-01,9.852346579999999854e-01,8.745239409999999713e-01,8.051560600000000345e-02,5.000000000000000278e-02,7.705835099999999716e-02,6.507116100000000236e-02,1.000000000000000056e-01,4.314280340000000158e-01,9.845315860000000141e-01,1.685460520000000018e-01,0.000000000000000000e+00,5.059422000000000051e-03,8.119255000000000569e-03,4.442501000000001476e-03,1.550701839999999998e-01,2.130302750000000189e-01,2.788381630000000277e-01,9.127937430000000463e-01,1.014159000000000033e-01,1.575157490000000104e-01,1.446362589999999892e-01,1.375822710000000060e-01,8.020395630000000109e-01,2.404606270000000101e-01,3.406225740000000113e-01,3.053307530000000103e-01
3.953958099999999726e-02,4.796979899999999353e-02,2.399521300000000135e-02,2.265863080000000140e-01,9.679446350000000532e-01,8.745239409999999713e-01,8.051560600000000345e-02,5.000000000000000278e-02,7.705835099999999716e-02,6.507116100000000236e-02,1.000000000000000056e-01,4.360501090000000191e-01,9.897690670000000024e-01,1.699637439999999999e-01,0.000000000000000000e+00,5.059422000000000051e-03,8.119255000000000569e-03,1.873073199999999994e-02,1.547850429999999833e-01,2.192384870000000097e-01,2.788381630000000277e-01,9.127937430000000463e-01,1.014159000000000033e-01,1.575157490000000104e-01,1.446362589999999892e-01,1.375822710000000060e-01,8.020395630000000109e-01,2.404606270000000101e-01,3.406225740000000113e-01,3.053307530000000103e-01
3.264341699999999402e-02,3.409885899999999526e-02,1.072954799999999848e-02,2.370003519999999975e-01,9.745466649999999786e-01,8.745239409999999713e-01,8.051560600000000345e-02,5.000000000000000278e-02,7.705835099999999716e-02,6.507116100000000236e-02,1.000000000000000056e-01,4.300506889999999860e-01,9.725151880000000304e-01,1.496079889999999968e-01,0.000000000000000000e+00,5.059422000000000051e-03,8.119255000000000569e-03,0.000000000000000000e+00,1.592921589999999887e-01,1.991034050000000111e-01,2.788381630000000277e-01,9.127937430000000463e-01,1.014159000000000033e-01,1.575157490000000104e-01,1.446362589999999892e-01,1.375822710000000060e-01,8.020395630000000109e-01,2.404606270000000101e-01,3.406225740000000113e-01,3.053307530000000103e-01
2.918154400000000023e-02,5.037488799999999961e-02,2.060924399999999879e-02,2.221459450000000113e-01,9.638696380000000286e-01,8.745239409999999713e-01,8.051560600000000345e-02,5.000000000000000278e-02,7.705835099999999716e-02,6.507116100000000236e-02,1.000000000000000056e-01,4.270894680000000276e-01,9.644834319999999739e-01,1.468747630000000193e-01,0.000000000000000000e+00,5.059422000000000051e-03,8.119255000000000569e-03,2.200472800000000118e-02,1.702079719999999852e-01,1.971807809999999994e-01,2.788381630000000277e-01,9.127937430000000463e-01,1.014159000000000033e-01,1.575157490000000104e-01,1.446362589999999892e-01,1.375822710000000060e-01,8.020395630000000109e-01,2.404606270000000101e-01,3.406225740000000113e-01,3.053307530000000103e-01
4.217336099999999949e-02,4.824101399999999873e-02,3.523518000000000483e-02,2.319795560000000034e-01,9.725765530000000103e-01,8.745239409999999713e-01,8.051560600000000345e-02,5.000000000000000278e-02,7.705835099999999716e-02,6.507116100000000236e-02,1.000000000000000056e-01,4.511281779999999908e-01,9.820859560000000377e-01,1.532373040000000186e-01,0.000000000000000000e+00,5.059422000000000051e-03,8.119255000000000569e-03,8.168236000000002328e-03,1.556050629999999879e-01,2.139712200000000175e-01,2.788381630000000277e-01,9.127937430000000463e-01,1.014159000000000033e-01,1.575157490000000104e-01,1.446362589999999892e-01,1.375822710000000060e-01,8.020395630000000109e-01,2.404606270000000101e-01,3.406225740000000113e-01,3.053307530000000103e-01
2.272235999999999700e-02,5.421573400000000154e-02,2.123179799999999964e-02,2.293661260000000035e-01,9.763077089999999680e-01,8.745239409999999713e-01,8.051560600000000345e-02,5.000000000000000278e-02,7.705835099999999716e-02,6.507116100000000236e-02,1.000000000000000056e-01,4.264552090000000018e-01,9.886773770000000239e-01,1.492831940000000079e-01,0.000000000000000000e+00,5.059422000000000051e-03,8.119255000000000569e-03,2.023697300000000185e-02,1.653598199999999907e-01,2.198957170000000183e-01,2.788381630000000277e-01,9.127937430000000463e-01,1.014159000000000033e-01,1.575157490000000104e-01,1.446362589999999892e-01,1.375822710000000060e-01,8.020395630000000109e-01,2.404606270000000101e-01,3.406225740000000113e-01,3.053307530000000103e-01
1.942133499999999791e-02,4.718391599999999936e-02,2.302848000000000048e-02,2.323339570000000076e-01,9.817585650000000275e-01,8.745239409999999713e-01,8.051560600000000345e-02,5.000000000000000278e-02,7.705835099999999716e-02,6.507116100000000236e-02,1.000000000000000056e-01,4.399502029999999841e-01,9.810653710000000194e-01,1.715122980000000075e-01,0.000000000000000000e+00,5.059422000000000051e-03,8.119255000000000569e-03,0.000000000000000000e+00,1.625589879999999876e-01,2.173740110000000059e-01,2.788381630000000277e-01,9.127937430000000463e-01,1.014159000000000033e-01,1.575157490000000104e-01,1.446362589999999892e-01,1.375822710000000060e-01,8.020395630000000109e-01,2.404606270000000101e-01,3.406225740000000113e-01,3.053307530000000103e-01
3.279845299999999825e-02,2.808262400000000047e-02,2.795005100000000006e-02,2.256970309999999924e-01,9.736155069999999911e-01,8.745239409999999713e-01,8.051560600000000345e-02,5.000000000000000278e-02,7.705835099999999716e-02,6.507116100000000236e-02,1.000000000000000056e-01,4.402660709999999811e-01,9.660081739999999417e-01,1.701318880000000089e-01,0.000000000000000000e+00,5.059422000000000051e-03,8.119255000000000569e-03,4.488380000000000147e-04,1.747126719999999855e-01,2.016126069999999992e-01,2.788381630000000277e-01,9.127937430000000463e-01,1.014159000000000033e-01,1.575157490000000104e-01,1.446362589999999892e-01,1.375822710000000060e-01,8.020395630000000109e-01,2.404606270000000101e-01,3.406225740000000113e-01,3.053307530000000103e-01
3.785757599999999695e-02,4.481102000000000002e-02,8.142084000000000821e-03,2.100623460000000109e-01,9.698027670000000100e-01,8.745239409999999713e-01,8.051560600000000345e-02,5.000000000000000278e-02,7.705835099999999716e-02,6.507116100000000236e-02,1.000000000000000056e-01,4.366261260000000033e-01,9.719320769999999499e-01,1.517301139999999993e-01,0.000000000000000000e+00,5.059422000000000051e-03,8.119255000000000569e-03,1.408511800000000064e-02,1.780282049999999949e-01,2.027330720000000142e-01,2.788381630000000277e-01,9.127937430000000463e-01,1.014159000000000033e-01,1.575157490000000104e-01,1.446362589999999892e-01,1.375822710000000060e-01,8.020395630000000109e-01,2.404606270000000101e-01,3.406225740000000113e-01,3.053307530000000103e-01
3.648632999999999738e-02,2.838249199999999528e-02,1.728258400000000014e-02,2.184045269999999872e-01,9.820682189999999645e-01,8.745239409999999713e-01,8.051560600000000345e-02,5.000000000000000278e-02,7.705835099999999716e-02,6.507116100000000236e-02,1.000000000000000056e-01,4.451433639999999858e-01,9.650646979999999431e-01,1.589194369999999967e-01,0.000000000000000000e+00,5.059422000000000051e-03,8.119255000000000569e-03,2.296861700000000020e-02,1.710054259999999882e-01,1.949790220000000018e-01,2.788381630000000277e-01,9.127937430000000463e-01,1.014159000000000033e-01,1.575157490000000104e-01,1.446362589999999892e-01,1.375822710000000060e-01,8.020395630000000109e-01,2.404606270000000101e-01,3.406225740000000113e-01,3.053307530000000103e-01
1.707720399999999861e-02,2.873520699999999872e-02,2.467726099999999895e-02,2.204303129999999888e-01,9.629606659999999652e-01,8.745239409999999713e-01,8.051560600000000345e-02,5.000000000000000278e-02,7.705835099999999716e-02,6.507116100000000236e-02,1.000000000000000056e-01,4.319789070000000231e-01,9.612944559999999639e-01,1.571260130000000088e-01,0.000000000000000000e+00,5.059422000000000051e-03,8.119255000000000569e-03,2.244111600000000054e-02,1.578622169999999991e-01,2.039660120000000021e-01,2.788381630000000277e-01,9.127937430000000463e-01,1.014159000000000033e-01,1.575157490000000104e-01,1.446362589999999892e-01,1.375822710000000060e-01,8.020395630000000109e-01,2.404606270000000101e-01,3.406225740000000113e-01,3.053307530000000103e-01
1.472780699999999554e-02,3.966627500000000084e-02,2.812497300000000103e-02,2.274893849999999884e-01,9.636888829999999961e-01,8.745239409999999713e-01,8.051560600000000345e-02,5.000000000000000278e-02,7.705835099999999716e-02,6.507116100000000236e-02,1.000000000000000056e-01,4.508724259999999928e-01,9.726683739999999467e-01,1.632996850000000000e-01,0.000000000000000000e+00,5.059422000000000051e-03,8.119255000000000569e-03,1.121521300000000165e-02,1.575700989999999913e-01,2.132414900000000058e-01,2.788381630000000277e-01,9.127937430000000463e-01,1.014159000000000033e-01,1.575157490000000104e-01,1.446362589999999892e-01,1.375822710000000060e-01,8.020395630000000109e-01,2.404606270000000101e-01,3.406225740000000113e-01,3.053307530000000103e-01
2.687810799999999778e-02,5.304425000000000112e-02,2.510280200000000045e-02,2.073454700000000039e-01,9.759226939999999795e-01,8.745239409999999713e-01,8.051560600000000345e-02,5.000000000000000278e-02,7.705835099999999716e-02,6.507116100000000236e-02,1.000000000000000056e-01,4.374058550000000101e-01,9.896098070000000080e-01,1.514420770000000083e-01,0.000000000000000000e+00,5.059422000000000051e-03,8.119255000000000569e-03,6.441273000000000831e-03,1.745564829999999845e-01,2.153322200000000186e-01,2.788381630000000277e-01,9.127937430000000463e-01,1.014159000000000033e-01,1.575157490000000104e-01,1.446362589999999892e-01,1.375822710000000060e-01,8.020395630000000109e-01,2.404606270000000101e-01,3.406225740000000113e-01,3.053307530000000103e-01
3.225190699999999633e-02,2.929171499999999595e-02,2.419285800000000111e-02,2.193160640000000050e-01,9.850107430000000219e-01,8.745239409999999713e-01,8.051560600000000345e-02,5.000000000000000278e-02,7.705835099999999716e-02,6.507116100000000236e-02,1.000000000000000056e-01,4.239681339999999965e-01,9.823390010000000450e-01,1.560569390000000056e-01,0.000000000000000000e+00,5.059422000000000051e-03,8.119255000000000569e-03,2.553532299999999866e-02,1.587122910000000053e-01,2.042033209999999932e-01,2.788381630000000277e-01,9.127937430000000463e-01,1.014159000000000033e-01,1.575157490000000104e-01,1.446362589999999892e-01,1.375822710000000060e-01,8.020395630000000109e-01,2.404606270000000101e-01,3.406225740000000113e-01,3.053307530000000103e-01
3.174623599999999712e-02,4.092521200000000248e-02,1.237573100000000093e-02,2.277711139999999967e-01,9.859242639999999946e-01,8.745239409999999713e-01,8.051560600000000345e-02,5.000000000000000278e-02,7.705835099999999716e-02,6.507116100000000236e-02,1.000000000000000056e-01,4.376241980000000198e-01,9.862342160000000524e-01,1.515314749999999988e-01,0.000000000000000000e+00,5.059422000000000051e-03,8.119255000000000569e-03,2.346739600000000148e-02,1.648270949999999790e-01,2.032536950000000120e-01,2.788381630000000277e-01,9.127937430000000463e-01,1.014159000000000033e-01,1.575157490000000104e-01,1.446362589999999892e-01,1.375822710000000060e-01,8.020395630000000109e-01,2.404606270000000101e-01,3.406225740000000113e-01,3.053307530000000103e-01
1.869577399999999834e-02,3.703233300000000061e-02,1.676605000000000109e-02,2.177373619999999899e-01,9.833371760000000350e-01,8.745239409999999713e-01,8.051560600000000345e-02,5.000000000000000278e-02,7.705835099999999716e-02,6.507116100000000236e-02,1.000000000000000056e-01,4.372544839999999988e-01,9.721511910000000256e-01,1.614367140000000089e-01,0.000000000000000000e+00,5.059422000000000051e-03,8.119255000000000569e-03,2.523095699999999830e-02,1.523723509999999892e-01,1.992607750000000011e-01,2.788381630000000277e-01,9.127937430000000463e-01,1.014159000000000033e-01,1.575157490000000104e-01,1.446362589999999892e-01,1.375822710000000060e-01,8.020395630000000109e-01,2.404606270000000101e-01,3.406225740000000113e-01,3.053307530000000103e-01
3.190782699999999972e-02,5.506976300000000074e-02,1.698386699999999971e-02,2.217417499999999875e-01,9.881423969999999501e-01,8.745239409999999713e-01,8.051560600000000345e-02,5.000000000000000278e-02,7.705835099999999716e-02,6.507116100000000236e-02,1.000000000000000056e-01,4.396665969999999923e-01,9.698649590000000265e-01,1.729470150000000095e-01,0.000000000000000000e+00,5.059422000000000051e-03,8.119255000000000569e-03,7.484654999999999780e-03,1.651995990000000025e-01,2.120571650000000197e-01,2.788381630000000277e-01,9.127937430000000463e-01,1.014159000000000033e-01,1.575157490000000104e-01,1.446362589999999892e-01,1.375822710000000060e-01,8.020395630000000109e-01,2.404606270000000101e-01,3.406225740000000113e-01,3.053307530000000103e-01
1.539854499999999959e-02,3.874224399999999513e-02,3.534679300000000135e-02,2.108023519999999984e-01,9.631119329999999756e-01,8.745239409999999713e-01,8.051560600000000345e-02,5.000000000000000278e-02,7.705835099999999716e-02,6.507116100000000236e-02,1.000000000000000056e-01,4.515963610000000017e-01,9.623292390000000029e-01,1.681248909999999985e-01,0.000000000000000000e+00,5.059422000000000051e-03,8.119255000000000569e-03,9.585307000000001243e-03,1.505384229999999768e-01,2.213125320000000062e-01,2.788381630000000277e-01,9.127937430000000463e-01,1.014159000000000033e-01,1.575157490000000104e-01,1.446362589999999892e-01,1.375822710000000060e-01,8.020395630000000109e-01,2.404606270000000101e-01,3.406225740000000113e-01,3.053307530000000103e-01
1.492869299999999982e-02,5.490192800000000262e-02,3.412862299999999682e-02,2.312541210000000069e-01,9.810245250000000361e-01,8.745239409999999713e-01,8.051560600000000345e-02,5.000000000000000278e-02,7.705835099999999716e-02,6.507116100000000236e-02,1.000000000000000056e-01,4.278315839999999870e-01,9.799386329999999479e-01,1.501011319999999982e-01,0.000000000000000000e+00,5.059422000000000051e-03,8.119255000000000569e-03,9.530567999999999679e-03,1.696530729999999876e-01,2.241549050000000154e-01,2.788381630000000277e-01,9.127937430000000463e-01,1.014159000000000033e-01,1.575157490000000104e-01,1.446362589999999892e-01,1.375822710000000060e-01,8.020395630000000109e-01,2.404606270000000101e-01,3.406225740000000113e-01,3.053307530000000103e-01
3.616515000000000007e-02,3.511376399999999870e-02,1.176223600000000230e-02,2.331441539999999923e-01,9.815254110000000143e-01,8.745239409999999713e-01,8.051560600000000345e-02,5.000000000000000278e-02,7.705835099999999716e-02,6.507116100000000236e-02,1.000000000000000056e-01,4.493833520000000137e-01,9.656743190000000032e-01,1.482298820000000072e-01,0.000000000000000000e+00,5.059422000000000051e-03,8.119255000000000569e-03,0.000000000000000000e+00,1.586194579999999910e-01,2.067008240000000052e-01,2.788381630000000277e-01,9.127937430000000463e-01,1.014159000000000033e-01,1.575157490000000104e-01,1.446362589999999892e-01,1.375822710000000060e-01,8.020395630000000109e-01,2.404606270000000101e-01,3.406225740000000113e-01,3.053307530000000103e-01
3.093018699999999788e-02,3.325013799999999853e-02,1.080557000000000045e-02,2.356545660000000098e-01,9.786621060000000316e-01,8.745239409999999713e-01,8.051560600000000345e-02,5.000000000000000278e-02,7.705835099999999716e-02,6.507116100000000236e-02,1.000000000000000056e-01,4.365051919999999863e-01,9.875158720000000168e-01,1.630973380000000084e-01,0.000000000000000000e+00,5.059422000000000051e-03,8.119255000000000569e-03,9.365332000000000517e-03,1.713831640000000045e-01,2.093636670000000033e-01,2.788381630000000277e-01,9.127937430000000463e-01,1.014159000000000033e-01,1.575157490000000104e-01,1.446362589999999892e-01,1.375822710000000060e-01,8.020395630000000109e-01,2.404606270000000101e-01,3.406225740000000113e-01,3.053307530000000103e-01
2.260265499999999927e-02,4.785682200000000025e-02,2.106094500000000105e-02,2.268931999999999893e-01,9.822296379999999605e-01,8.745239409999999713e-01,8.051560600000000345e-02,5.000000000000000278e-02,7.705835099999999716e-02,6.507116100000000236e-02,1.000000000000000056e-01,4.469739220000000235e-01,9.797036690000000547e-01,1.732105250000000041e-01,0.000000000000000000e+00,5.059422000000000051e-03,8.119255000000000569e-03,4.003461999999999299e-03,1.665057469999999817e-01,2.153761230000000026e-01,2.788381630000000277e-01,9.127937430000000463e-01,1.014159000000000033e-01,1.575157490000000104e-01,1.446362589999999892e-01,1.375822710000000060e-01,8.020395630000000109e-01,2.404606270000000101e-01,3.406225740000000113e-01,3.053307530000000103e-01
4.161964099999999889e-02,3.182139199999999696e-02,2.211912100000000200e-02,2.283347890000000102e-01,9.773997730000000272e-01,8.745239409999999713e-01,8.051560600000000345e-02,5.000000000000000278e-02,7.705835099999999716e-02,6.507116100000000236e-02,1.000000000000000056e-01,4.470238919999999783e-01,9.616693830000000442e-01,1.745114819999999956e-01,0.000000000000000000e+00,5.059422000000000051e-03,8.119255000000000569e-03,1.166613300000000214e-02,1.793538399999999866e-01,1.968903610000000137e-01,2.788381630000000277e-01,9.127937430000000463e-01,1.014159000000000033e-01,1.575157490000000104e-01,1.446362589999999892e-01,1.375822710000000060e-01,8.020395630000000109e-01,2.404606270000000101e-01,3.406225740000000113e-01,3.053307530000000103e-01
3.862304800000000010e-02,4.286719799999999525e-02,2.079877100000000062e-02,2.360754180000000091e-01,9.614206360000000506e-01,8.745239409999999713e-01,8.051560600000000345e-02,5.000000000000000278e-02,7.705835099999999716e-02,6.507116100000000236e-02,1.000000000000000056e-01,4.436831809999999821e-01,9.768399500000000124e-01,1.641003590000000012e-01,0.000000000000000000e+00,5.059422000000000051e-03,8.119255000000000569e-03,0.000000000000000000e+00,1.678366319999999856e-01,2.065892019999999996e-01,2.788381630000000277e-01,9.127937430000000463e-01,1.014159000000000033e-01,1.575157490000000104e-01,1.446362589999999892e-01,1.375822710000000060e-01,8.020395630000000109e-01,2.404606270000000101e-01,3.406225740000000113e-01,3.053307530000000103e-01
2.817396599999999821e-02,3.669452200000000025e-02,3.593996099999999944e-02,2.200463219999999887e-01,9.609590719999999697e-01,8.745239409999999713e-01,8.051560600000000345e-02,5.000000000000000278e-02,7.705835099999999716e-02,6.507116100000000236e-02,1.000000000000000056e-01,4.459271479999999954e-01,9.712252869999999927e-01,1.621466460000000054e-01,0.000000000000000000e+00,5.059422000000000051e-03,8.119255000000000569e-03,1.477960099999999985e-02,1.775139669999999947e-01,2.244012810000000080e-01,2.788381630000000277e-01,9.127937430000000463e-01,1.014159000000000033e-01,1.575157490000000104e-01,1.446362589999999892e-01,1.375822710000000060e-01,8.020395630000000109e-01,2.404606270000000101e-01,3.406225740000000113e-01,3.053307530000000103e-01
4.038055599999999801e-02,3.932902600000000304e-02,1.721399900000000066e-02,2.280308129999999989e-01,9.831137079999999751e-01,8.745239409999999713e-01,8.051560600000000345e-02,5.000000000000000278e-02,7.705835099999999716e-02,6.507116100000000236e-02,1.000000000000000056e-01,4.376732830000000241e-01,9.620411979999999863e-01,1.466770240000000169e-01,0.000000000000000000e+00,5.059422000000000051e-03,8.119255000000000569e-03,2.550277000000000099e-02,1.683364460000000007e-01,2.239037720000000009e-01,2.788381630000000277e-01,9.127937430000000463e-01,1.014159000000000033e-01,1.575157490000000104e-01,1.446362589999999892e-01,1.375822710000000060e-01,8.020395630000000109e-01,2.404606270000000101e-01,3.406225740000000113e-01,3.053307530000000103e-01
3.101843999999999782e-02,2.906128599999999867e-02,1.347253000000000339e-02,2.165402969999999927e-01,9.816145539999999725e-01,8.745239409999999713e-01,8.051560600000000345e-02,5.000000000000000278e-02,7.705835099999999716e-02,6.507116100000000236e-02,1.000000000000000056e-01,4.266867169999999931e-01,9.820318310000000217e-01,1.707152480000000139e-01,0.000000000000000000e+00,5.059422000000000051e-03,8.119255000000000569e-03,1.270917200000000122e-02,1.669268130000000072e-01,2.073509080000000004e-01,2.788381630000000277e-01,9.127937430000000463e-01,1.014159000000000033e-01,1.575157490000000104e-01,1.446362589999999892e-01,1.375822710000000060e-01,8.020395630000000109e-01,2.404606270000000101e-01,3.406225740000000113e-01,3.053307530000000103e-01
2.799355399999999688e-02,4.492749899999999574e-02,2.568080199999999910e-02,2.347645529999999869e-01,9.671977959999999985e-01,8.745239409999999713e-01,8.051560600000000345e-02,5.000000000000000278e-02,7.705835099999999716e-02,6.507116100000000236e-02,1.000000000000000056e-01,4.439066919999999916e-01,9.897369449999999791e-01,1.737947440000000010e-01,0.000000000000000000e+00,5.059422000000000051e-03,8.119255000000000569e-03,5.218692000000003939e-03,1.733886409999999823e-01,2.146243580000000151e-01,2.788381630000000277e-01,9.127937430000000463e-01,1.014159000000000033e-01,1.575157490000000104e-01,1.446362589999999892e-01,1.375822710000000060e-01,8.020395630000000109e-01,2.404606270000000101e-01,3.406225740000000113e-01,3.053307530000000103e-01
3.887952799999999653e-02,4.528432500000000027e-02,2.863551800000000216e-02,2.073910579999999892e-01,9.619989879999999438e-01,8.745239409999999713e-01,8.051560600000000345e-02,5.000000000000000278e-02,7.705835099999999716e-02,6.507116100000000236e-02,1.000000000000000056e-01,4.246293500000000165e-01,9.678959440000000081e-01,1.463315179999999938e-01,0.000000000000000000e+00,5.059422000000000051e-03,8.119255000000000569e-03,4.960235999999999812e-03,1.700883539999999972e-01,2.148577269999999984e-01,2.788381630000000277e-01,9.127937430000000463e-01,1.014159000000000033e-01,1.575157490000000104e-01,1.446362589999999892e-01,1.375822710000000060e-01,8.020395630000000109e-01,2.404606270000000101e-01,3.406225740000000113e-01,3.053307530000000103e-01
2.094645099999999788e-02,2.858274400000000021e-02,3.050279100000000132e-02,2.343522439999999873e-01,9.703235169999999687e-01,8.745239409999999713e-01,8.051560600000000345e-02,5.000000000000000278e-02,7.705835099999999716e-02,6.507116100000000236e-02,1.000000000000000056e-01,4.300683450000000185e-01,9.732102219999999582e-01,1.736123070000000213e-01,0.000000000000000000e+00,5.059422000000000051e-03,8.119255000000000569e-03,2.386617900000000125e-02,1.507915219999999834e-01,2.067260890000000018e-01,2.788381630000000277e-01,9.127937430000000463e-01,1.014159000000000033e-01,1.575157490000000104e-01,1.446362589999999892e-01,1.375822710000000060e-01,8.020395630000000109e-01,2.404606270000000101e-01,3.406225740000000113e-01,3.053307530000000103e-01
1.841329299999999725e-02,5.130095199999999689e-02,6.760521999999997977e-03,2.353611770000000047e-01,9.843972579999999972e-01,8.745239409999999713e-01,8.051560600000000345e-02,5.000000000000000278e-02,7.705835099999999716e-02,6.507116100000000236e-02,1.000000000000000056e-01,4.369499330000000126e-01,9.760560130000000001e-01,1.695661260000000115e-01,0.000000000000000000e+00,5.059422000000000051e-03,8.119255000000000569e-03,3.786407999999998053e-03,1.706686089999999989e-01,2.189309480000000141e-01,2.788381630000000277e-01,9.127937430000000463e-01,1.014159000000000033e-01,1.575157490000000104e-01,1.446362589999999892e-01,1.375822710000000060e-01,8.020395630000000109e-01,2.404606270000000101e-01,3.406225740000000113e-01,3.053307530000000103e-01
3.528486499999999859e-02,4.636820199999999725e-02,6.643998999999997657e-03,2.127130240000000005e-01,9.753209250000000052e-01,8.745239409999999713e-01,8.051560600000000345e-02,5.000000000000000278e-02,7.705835099999999716e-02,6.507116100000000236e-02,1.000000000000000056e-01,4.463056089999999920e-01,9.642391799999999735e-01,1.626138490000000048e-01,0.000000000000000000e+00,5.059422000000000051e-03,8.119255000000000569e-03,2.590847599999999973e-02,1.799054089999999884e-01,2.126143830000000179e-01,2.788381630000000277e-01,9.127937430000000463e-01,1.014159000000000033e-01,1.575157490000000104e-01,1.446362589999999892e-01,1.375822710000000060e-01,8.020395630000000109e-01,2.404606270000000101e-01,3.406225740000000113e-01,3.053307530000000103e-01
4.260759799999999653e-02,5.336316199999999871e-02,1.438371499999999831e-02,2.111791499999999822e-01,9.824111229999999972e-01,8.745239409999999713e-01,8.051560600000000345e-02,5.000000000000000278e-02,7.705835099999999716e-02,6.507116100000000236e-02,1.000000000000000056e-01,4.455955990000000089e-01,9.714080640000000155e-01,1.640107150000000014e-01,0.000000000000000000e+00,5.059422000000000051e-03,8.119255000000000569e-03,9.721805999999999504e-03,1.718242349999999918e-01,2.005350690000000102e-01,2.788381630000000277e-01,9.127937430000000463e-01,1.014159000000000033e-01,1.575157490000000104e-01,1.446362589999999892e-01,1.375822710000000060e-01,8.020395630000000109e-01,2.404606270000000101e-01,3.406225740000000113e-01,3.053307530000000103e-01
1.591430900000000148e-02,4.422024299999999936e-02,3.119047100000000086e-02,2.155219680000000082e-01,9.672840780000000471e-01,8.745239409999999713e-01,8.051560600000000345e-02,5.000000000000000278e-02,7.705835099999999716e-02,6.507116100000000236e-02,1.000000000000000056e-01,4.404423310000000202e-01,9.607324210000000031e-01,1.709261499999999989e-01,0.000000000000000000e+00,5.059422000000000051e-03,8.119255000000000569e-03,1.562563200000000041e-02,1.619130319999999845e-01,2.162113519999999955e-01,2.788381630000000277e-01,9.127937430000000463e-01,1.014159000000000033e-01,1.575157490000000104e-01,1.446362589999999892e-01,1.375822710000000060e-01,8.020395630000000109e-01,2.404606270000000101e-01,3.406225740000000113e-01,3.053307530000000103e-01
2.666945800000000005e-02,3.487585399999999780e-02,2.294842500000000146e-02,2.140934889999999979e-01,9.687041579999999819e-01,8.745239409999999713e-01,8.051560600000000345e-02,5.000000000000000278e-02,7.705835099999999716e-02,6.507116100000000236e-02,1.000000000000000056e-01,4.294353499999999935e-01,9.844280050000000504e-01,1.706262179999999962e-01,0.000000000000000000e+00,5.059422000000000051e-03,8.119255000000000569e-03,6.527527000000001717e-03,1.601112219999999975e-01,2.142616230000000122e-01,2.788381630000000277e-01,9.127937430000000463e-01,1.014159000000000033e-01,1.575157490000000104e-01,1.446362589999999892e-01,1.375822710000000060e-01,8.020395630000000109e-01,2.404606270000000101e-01,3.406225740000000113e-01,3.053307530000000103e-01
4.387720199999999710e-02,4.259301699999999691e-02,3.160477700000000056e-02,2.339707470000000067e-01,9.605257240000000252e-01,8.745239409999999713e-01,8.051560600000000345e-02,5.000000000000000278e-02,7.705835099999999716e-02,6.507116100000000236e-02,1.000000000000000056e-01,4.416742049999999864e-01,9.637856999999999674e-01,1.717799369999999937e-01,0.000000000000000000e+00,5.059422000000000051e-03,8.119255000000000569e-03,2.678494000000003483e-03,1.689932650000000036e-01,2.228473200000000154e-01,2.788381630000000277e-01,9.127937430000000463e-01,1.014159000000000033e-01,1.575157490000000104e-01,1.446362589999999892e-01,1.375822710000000060e-01,8.020395630000000109e-01,2.404606270000000101e-01,3.406225740000000113e-01,3.053307530000000103e-01
3.043247299999999808e-02,2.989396500000000151e-02,1.318067199999999745e-02,2.110740620000000067e-01,9.813986099999999491e-01,8.745239409999999713e-01,8.051560600000000345e-02,5.000000000000000278e-02,7.705835099999999716e-02,6.507116100000000236e-02,1.000000000000000056e-01,4.466477229999999965e-01,9.635750250000000294e-01,1.485041230000000156e-01,0.000000000000000000e+00,5.059422000000000051e-03,8.119255000000000569e-03,1.097569300000000164e-02,1.716650029999999827e-01,2.123113880000000175e-01,2.788381630000000277e-01,9.127937430000000463e-01,1.014159000000000033e-01,1.575157490000000104e-01,1.446362589999999892e-01,1.375822710000000060e-01,8.020395630000000109e-01,2.404606270000000101e-01,3.406225740000000113e-01,3.053307530000000103e-01
3.113863199999999942e-02,2.695131699999999547e-02,1.836384500000000017e-02,2.302120109999999942e-01,9.856019630000000253e-01,8.745239409999999713e-01,8.051560600000000345e-02,5.000000000000000278e-02,7.705835099999999716e-02,6.507116100000000236e-02,1.000000000000000056e-01,4.430432950000000036e-01,9.781963369999999713e-01,1.726945960000000058e-01,0.000000000000000000e+00,5.059422000000000051e-03,8.119255000000000569e-03,2.586114600000000152e-02,1.719201619999999875e-01,2.161492160000000051e-01,2.788381630000000277e-01,9.127937430000000463e-01,1.014159000000000033e-01,1.575157490000000104e-01,1.446362589999999892e-01,1.375822710000000060e-01,8.020395630000000109e-01,2.404606270000000101e-01,3.406225740000000113e-01,3.053307530000000103e-01
1.880762700000000037e-02,3.425637200000000021e-02,1.623963999999999963e-02,2.113096819999999987e-01,9.611149350000000036e-01,8.745239409999999713e-01,8.051560600000000345e-02,5.000000000000000278e-02,7.705835099999999716e-02,6.507116100000000236e-02,1.000000000000000056e-01,4.523303799999999764e-01,9.740322260000000565e-01,1.751721569999999950e-01,0.000000000000000000e+00,5.059422000000000051e-03,8.119255000000000569e-03,7.042091000000000323e-03,1.576332709999999915e-01,2.156931610000000221e-01,2.788381630000000277e-01,9.127937430000000463e-01,1.014159000000000033e-01,1.575157490000000104e-01,1.446362589999999892e-01,1.375822710000000060e-01,8.020395630000000109e-01,2.404606270000000101e-01,3.406225740000000113e-01,3.053307530000000103e-01
3.816640899999999836e-02,3.813606299999999782e-02,2.029007899999999906e-02,2.217866199999999899e-01,9.843410360000000026e-01,8.745239409999999713e-01,8.051560600000000345e-02,5.000000000000000278e-02,7.705835099999999716e-02,6.507116100000000236e-02,1.000000000000000056e-01,4.491545060000000089e-01,9.805828269999999902e-01,1.657882220000000129e-01,0.000000000000000000e+00,5.059422000000000051e-03,8.119255000000000569e-03,2.365846199999999816e-02,1.720643010000000028e-01,2.087995700000000177e-01,2.788381630000000277e-01,9.127937430000000463e-01,1.014159000000000033e-01,1.575157490000000104e-01,1.446362589999999892e-01,1.375822710000000060e-01,8.020395630000000109e-01,2.404606270000000101e-01,3.406225740000000113e-01,3.053307530000000103e-01
2.947074899999999748e-02,4.183439899999999434e-02,2.454987700000000120e-02,2.288672569999999906e-01,9.846961490000000206e-01,8.745239409999999713e-01,8.051560600000000345e-02,5.000000000000000278e-02,7.705835099999999716e-02,6.507116100000000236e-02,1.000000000000000056e-01,4.273080670000000136e-01,9.685445630000000250e-01,1.704717800000000172e-01,0.000000000000000000e+00,5.059422000000000051e-03,8.119255000000000569e-03,2.233661199999999875e-02,1.603079849999999862e-01,2.099778110000000142e-01,2.788381630000000277e-01,9.127937430000000463e-01,1.014159000000000033e-01,1.575157490000000104e-01,1.446362589999999892e-01,1.375822710000000060e-01,8.020395630000000109e-01,2.404606270000000101e-01,3.406225740000000113e-01,3.053307530000000103e-01
2.083204999999999779e-02,3.377740599999999593e-02,2.314366699999999971e-02,2.261454019999999954e-01,9.696860409999999986e-01,8.745239409999999713e-01,8.051560600000000345e-02,5.000000000000000278e-02,7.705835099999999716e-02,6.507116100000000236e-02,1.000000000000000056e-01,4.518303650000000116e-01,9.837064709999999712e-01,1.515854630000000036e-01,0.000000000000000000e+00,5.059422000000000051e-03,8.119255000000000569e-03,1.996524100000000163e-02,1.755941849999999860e-01,2.104567580000000215e-01,2.788381630000000277e-01,9.127937430000000463e-01,1.014159000000000033e-01,1.575157490000000104e-01,1.446362589999999892e-01,1.375822710000000060e-01,8.020395630000000109e-01,2.404606270000000101e-01,3.406225740000000113e-01,3.053307530000000103e-01
1.698179500000000092e-02,3.598651699999999565e-02,9.348916999999998256e-03,2.245321730000000016e-01,9.733412259999999483e-01,8.745239409999999713e-01,8.051560600000000345e-02,5.000000000000000278e-02,7.705835099999999716e-02,6.507116100000000236e-02,1.000000000000000056e-01,4.489550549999999918e-01,9.890706270000000355e-01,1.717102799999999929e-01,0.000000000000000000e+00,5.059422000000000051e-03,8.119255000000000569e-03,2.278711099999999878e-02,1.726190789999999808e-01,2.211179129999999993e-01,2.788381630000000277e-01,9.127937430000000463e-01,1.014159000000000033e-01,1.575157490000000104e-01,1.446362589999999892e-01,1.375822710000000060e-01,8.020395630000000109e-01,2.404606270000000101e-01,3.406225740000000113e-01,3.053307530000000103e-01
1.857309599999999727e-02,5.005937900000000107e-02,1.822073299999999937e-02,2.187045280000000091e-01,9.688935100000000133e-01,8.745239409999999713e-01,8.051560600000000345e-02,5.000000000000000278e-02,7.705835099999999716e-02,6.507116100000000236e-02,1.000000000000000056e-01,4.353153869999999981e-01,9.736775130000000500e-01,1.742773539999999954e-01,0.000000000000000000e+00,5.059422000000000051e-03,8.119255000000000569e-03,9.504810000000030179e-04,1.774249759999999843e-01,1.975880789999999998e-01,2.788381630000000277e-01,9.127937430000000463e-01,1.014159000000000033e-01,1.575157490000000104e-01,1.446362589999999892e-01,1.375822710000000060e-01,8.020395630000000109e-01,2.404606270000000101e-01,3.406225740000000113e-01,3.053307530000000103e-01
4.411739499999999675e-02,4.747477899999999473e-02,2.890443399999999968e-02,2.282282310000000036e-01,9.788684739999999884e-01,8.745239409999999713e-01,8.051560600000000345e-02,5.000000000000000278e-02,7.705835099999999716e-02,6.507116100000000236e-02,1.000000000000000056e-01,4.461016300000000268e-01,9.834322479999999533e-01,1.583956820000000099e-01,0.000000000000000000e+00,5.059422000000000051e-03,8.119255000000000569e-03,8.712128999999999013e-03,1.779567749999999837e-01,2.127565190000000050e-01,2.788381630000000277e-01,9.127937430000000463e-01,1.014159000000000033e-01,1.575157490000000104e-01,1.446362589999999892e-01,1.375822710000000060e-01,8.020395630000000109e-01,2.404606270000000101e-01,3.406225740000000113e-01,3.053307530000000103e-01
3.305725600000000014e-02,3.956818499999999877e-02,3.014688800000000016e-02,2.145504850000000130e-01,9.781385329999999767e-01,8.745239409999999713e-01,8.051560600000000345e-02,5.000000000000000278e-02,7.705835099999999716e-02,6.507116100000000236e-02,1.000000000000000056e-01,4.318520739999999747e-01,9.789234220000000430e-01,1.529626510000000050e-01,0.000000000000000000e+00,5.059422000000000051e-03,8.119255000000000569e-03,3.421703999999997636e-03,1.513998679999999930e-01,2.193442090000000122e-01,2.788381630000000277e-01,9.127937430000000463e-01,1.014159000000000033e-01,1.575157490000000104e-01,1.446362589999999892e-01,1.375822710000000060e-01,8.020395630000000109e-01,2.404606270000000101e-01,3.406225740000000113e-01,3.053307530000000103e-01
4.285442799999999997e-02,4.548798099999999678e-02,2.328903100000000170e-02,2.364330970000000087e-01,9.897775250000000469e-01,8.745239409999999713e-01,8.051560600000000345e-02,5.000000000000000278e-02,7.705835099999999716e-02,6.507116100000000236e-02,1.000000000000000056e-01,4.517238359999999897e-01,9.749989639999999680e-01,1.692462130000000065e-01,0.000000000000000000e+00,5.059422000000000051e-03,8.119255000000000569e-03,1.741621000000000141e-02,1.523001539999999931e-01,2.197448980000000218e-01,2.788381630000000277e-01,9.127937430000000463e-01,1.014159000000000033e-01,1.575157490000000104e-01,1.446362589999999892e-01,1.375822710000000060e-01,8.020395630000000109e-01,2.404606270000000101e-01,3.406225740000000113e-01,3.053307530000000103e-01
1.733176999999999635e-02,4.390097800000000022e-02,1.940288800000000008e-02,2.242895369999999833e-01,9.657400910000000227e-01,8.745239409999999713e-01,8.051560600000000345e-02,5.000000000000000278e-02,7.705835099999999716e-02,6.507116100000000236e-02,1.000000000000000056e-01,4.422760299999999867e-01,9.784169980000000377e-01,1.711191630000000186e-01,0.000000000000000000e+00,5.059422000000000051e-03,8.119255000000000569e-03,5.890892000000001738e-03,1.714379449999999805e-01,2.025838739999999971e-01,2.788381630000000277e-01,9.127937430000000463e-01,1.014159000000000033e-01,1.575157490000000104e-01,1.446362589999999892e-01,1.375822710000000060e-01,8.020395630000000109e-01,2.404606270000000101e-01,3.406225740000000113e-01,3.053307530000000103e-01
2.388870299999999725e-02,5.318464900000000051e-02,2.158101500000000200e-02,2.287907959999999907e-01,9.676989900000000366e-01,8.745239409999999713e-01,8.051560600000000345e-02,5.000000000000000278e-02,7.705835099999999716e-02,6.507116100000000236e-02,1.000000000000000056e-01,4.409188929999999784e-01,9.738126740000000447e-01,1.489651810000000021e-01,0.000000000000000000e+00,5.059422000000000051e-03,8.119255000000000569e-03,1.224731999999999210e-03,1.532648929999999854e-01,2.188316859999999975e-01,2.788381630000000277e-01,9.127937430000000463e-01,1.014159000000000033e-01,1.575157490000000104e-01,1.446362589999999892e-01,1.375822710000000060e-01,8.020395630000000109e-01,2.404606270000000101e-01,3.406225740000000113e-01,3.053307530000000103e-01
3.126606399999999619e-02,3.686974699999999439e-02,3.041389900000000118e-02,2.202705239999999953e-01,9.764113159999999736e-01,8.745239409999999713e-01,8.051560600000000345e-02,5.000000000000000278e-02,7.705835099999999716e-02,6.507116100000000236e-02,1.000000000000000056e-01,4.441894779999999709e-01,9.794854520000000342e-01,1.633669530000000092e-01,0.000000000000000000e+00,5.059422000000000051e-03,8.119255000000000569e-03,1.106254400000000054e-02,1.670833059999999870e-01,2.107883170000000028e-01,2.788381630000000277e-01,9.127937430000000463e-01,1.014159000000000033e-01,1.575157490000000104e-01,1.446362589999999892e-01,1.375822710000000060e-01,8.020395630000000109e-01,2.404606270000000101e-01,3.406225740000000113e-01,3.053307530000000103e-01
3.592115899999999418e-02,4.067519599999999680e-02,2.927842599999999976e-02,2.271628169999999891e-01,9.645152660000000377e-01,8.745239409999999713e-01,8.051560600000000345e-02,5.000000000000000278e-02,7.705835099999999716e-02,6.507116100000000236e-02,1.000000000000000056e-01,4.383810020000000196e-01,9.709564889999999782e-01,1.481551200000000013e-01,0.000000000000000000e+00,5.059422000000000051e-03,8.119255000000000569e-03,2.314220200000000061e-02,1.595279929999999791e-01,2.240049040000000047e-01,2.788381630000000277e-01,9.127937430000000463e-01,1.014159000000000033e-01,1.575157490000000104e-01,1.446362589999999892e-01,1.375822710000000060e-01,8.020395630000000109e-01,2.404606270000000101e-01,3.406225740000000113e-01,3.053307530000000103e-01
2.498330699999999974e-02,2.957548499999999858e-02,1.389157199999999787e-02,2.123625729999999989e-01,9.686210539999999813e-01,8.745239409999999713e-01,8.051560600000000345e-02,5.000000000000000278e-02,7.705835099999999716e-02,6.507116100000000236e-02,1.000000000000000056e-01,4.334904410000000041e-01,9.825939110000000420e-01,1.711942690000000100e-01,0.000000000000000000e+00,5.059422000000000051e-03,8.119255000000000569e-03,2.221364199999999872e-02,1.667591749999999817e-01,1.978388309999999928e-01,2.788381630000000277e-01,9.127937430000000463e-01,1.014159000000000033e-01,1.575157490000000104e-01,1.446362589999999892e-01,1.375822710000000060e-01,8.020395630000000109e-01,2.404606270000000101e-01,3.406225740000000113e-01,3.053307530000000103e-01
3.706476599999999899e-02,4.769107799999999786e-02,2.597991100000000136e-02,2.265310859999999926e-01,9.625975770000000376e-01,8.745239409999999713e-01,8.051560600000000345e-02,5.000000000000000278e-02,7.705835099999999716e-02,6.507116100000000236e-02,1.000000000000000056e-01,4.420111909999999700e-01,9.885287870000000199e-01,1.549789040000000007e-01,0.000000000000000000e+00,5.059422000000000051e-03,8.119255000000000569e-03,4.847549999999999082e-03,1.521321629999999869e-01,1.981802860000000110e-01,2.788381630000000277e-01,9.127937430000000463e-01,1.014159000000000033e-01,1.575157490000000104e-01,1.446362589999999892e-01,1.375822710000000060e-01,8.020395630000000109e-01,2.404606270000000101e-01,3.406225740000000113e-01,3.053307530000000103e-01
3.999100799999999456e-02,4.324357199999999402e-02,2.671971999999999889e-02,2.085225460000000031e-01,9.849363110000000088e-01,8.745239409999999713e-01,8.051560600000000345e-02,5.000000000000000278e-02,7.705835099999999716e-02,6.507116100000000236e-02,1.000000000000000056e-01,4.486412590000000145e-01,9.665926129999999894e-01,1.553598560000000184e-01,0.000000000000000000e+00,5.059422000000000051e-03,8.119255000000000569e-03,2.489712800000000101e-02,1.768389539999999927e-01,1.985286900000000077e-01,2.788381630000000277e-01,9.127937430000000463e-01,1.014159000000000033e-01,1.575157490000000104e-01,1.446362589999999892e-01,1.375822710000000060e-01,8.020395630000000109e-01,2.404606270000000101e-01,3.406225740000000113e-01,3.053307530000000103e-01
1.990719299999999664e-02,3.916794899999999358e-02,2.549508699999999961e-02,2.152068980000000076e-01,9.755147060000000092e-01,8.745239409999999713e-01,8.051560600000000345e-02,5.000000000000000278e-02,7.705835099999999716e-02,6.507116100000000236e-02,1.000000000000000056e-01,4.424681890000000117e-01,9.658374589999999538e-01,1.458864500000000008e-01,0.000000000000000000e+00,5.059422000000000051e-03,8.119255000000000569e-03,1.983433899999999944e-02,1.666350769999999926e-01,2.117530670000000170e-01,2.788381630000000277e-01,9.127937430000000463e-01,1.014159000000000033e-01,1.575157490000000104e-01,1.446362589999999892e-01,1.375822710000000060e-01,8.020395630000000109e-01,2.404606270000000101e-01,3.406225740000000113e-01,3.053307530000000103e-01
1.441329200000000116e-02,4.307763400000000353e-02,2.845925200000000085e-02,2.284443690000000082e-01,9.648177019999999438e-01,8.745239409999999713e-01,8.051560600000000345e-02,5.000000000000000278e-02,7.705835099999999716e-02,6.507116100000000236e-02,1.000000000000000056e-01,4.328858099999999820e-01,9.615374829999999706e-01,1.733211010000000052e-01,0.000000000000000000e+00,5.059422000000000051e-03,8.119255000000000569e-03,1.672977100000000092e-02,1.689691640000000050e-01,1.986344429999999939e-01,2.788381630000000277e-01,9.127937430000000463e-01,1.014159000000000033e-01,1.575157490000000104e-01,1.446362589999999892e-01,1.375822710000000060e-01,8.020395630000000109e-01,2.404606270000000101e-01,3.406225740000000113e-01,3.053307530000000103e-01
2.193591400000000080e-02,3.784320299999999887e-02,2.779565700000000139e-02,2.254618389999999972e-01,9.676158620000000488e-01,8.745239409999999713e-01,8.051560600000000345e-02,5.000000000000000278e-02,7.705835099999999716e-02,6.507116100000000236e-02,1.000000000000000056e-01,4.228454509999999833e-01,9.803040670000000567e-01,1.620266020000000196e-01,0.000000000000000000e+00,5.059422000000000051e-03,8.119255000000000569e-03,2.401505400000000096e-02,1.789988349999999950e-01,2.128940140000000203e-01,2.788381630000000277e-01,9.127937430000000463e-01,1.014159000000000033e-01,1.575157490000000104e-01,1.446362589999999892e-01,1.375822710000000060e-01,8.020395630000000109e-01,2.404606270000000101e-01,3.406225740000000113e-01,3.053307530000000103e-01
1.606884100000000037e-02,4.915009399999999834e-02,2.046310900000000016e-02,2.247131830000000108e-01,9.727763400000000171e-01,8.745239409999999713e-01,8.051560600000000345e-02,5.000000000000000278e-02,7.705835099999999716e-02,6.507116100000000236e-02,1.000000000000000056e-01,4.435573239999999751e-01,9.675427679999999420e-01,1.518356260000000013e-01,0.000000000000000000e+00,5.059422000000000051e-03,8.119255000000000569e-03,0.000000000000000000e+00,1.635881730000000034e-01,2.034980610000000079e-01,2.788381630000000277e-01,9.127937430000000463e-01,1.014159000000000033e-01,1.575157490000000104e-01,1.446362589999999892e-01,1.375822710000000060e-01,8.020395630000000109e-01,2.404606270000000101e-01,3.406225740000000113e-01,3.053307530000000103e-01
4.048043599999999465e-02,2.689417000000000196e-02,3.571033700000000172e-02,2.357277640000000063e-01,9.678670919999999844e-01,8.745239409999999713e-01,8.051560600000000345e-02,5.000000000000000278e-02,7.705835099999999716e-02,6.507116100000000236e-02,1.000000000000000056e-01,4.279304469999999916e-01,9.843106940000000415e-01,1.573471419999999954e-01,0.000000000000000000e+00,5.059422000000000051e-03,8.119255000000000569e-03,4.228296999999998917e-03,1.550598619999999928e-01,1.960488979999999992e-01,2.788381630000000277e-01,9.127937430000000463e-01,1.014159000000000033e-01,1.575157490000000104e-01,1.446362589999999892e-01,1.375822710000000060e-01,8.020395630000000109e-01,2.404606270000000101e-01,3.406225740000000113e-01,3.053307530000000103e-01
2.219228499999999910e-02,3.659584600000000132e-02,9.253205999999999931e-03,2.278654320000000066e-01,9.803256139999999563e-01,8.745239409999999713e-01,8.051560600000000345e-02,5.000000000000000278e-02,7.705835099999999716e-02,6.507116100000000236e-02,1.000000000000000056e-01,4.282212850000000071e-01,9.854974589999999646e-01,1.519936010000000060e-01,0.000000000000000000e+00,5.059422000000000051e-03,8.119255000000000569e-03,8.767773999999999013e-03,1.650562849999999970e-01,2.234809880000000193e-01,2.788381630000000277e-01,9.127937430000000463e-01,1.014159000000000033e-01,1.575157490000000104e-01,1.446362589999999892e-01,1.375822710000000060e-01,8.020395630000000109e-01,2.404606270000000101e-01,3.406225740000000113e-01,3.053307530000000103e-01
3.068281900000000006e-02,5.353636199999999706e-02,1.478253899999999732e-02,2.189145319999999950e-01,9.713822090000000520e-01,8.745239409999999713e-01,8.051560600000000345e-02,5.000000000000000278e-02,7.705835099999999716e-02,6.507116100000000236e-02,1.000000000000000056e-01,4.448972290000000052e-01,9.724350320000000325e-01,1.666688520000000062e-01,0.000000000000000000e+00,5.059422000000000051e-03,8.119255000000000569e-03,1.216041900000000217e-02,1.742659959999999786e-01,2.006842460000000106e-01,2.788381630000000277e-01,9.127937430000000463e-01,1.014159000000000033e-01,1.575157490000000104e-01,1.446362589999999892e-01,1.375822710000000060e-01,8.020395630000000109e-01,2.404606270000000101e-01,3.406225740000000113e-01,3.053307530000000103e-01
3.488425299999999701e-02,5.149400199999999705e-02,1.044110799999999756e-02,2.328342459999999947e-01,9.828202929999999560e-01,8.745239409999999713e-01,8.051560600000000345e-02,5.000000000000000278e-02,7.705835099999999716e-02,6.507116100000000236e-02,1.000000000000000056e-01,4.299292209999999725e-01,9.698120329999999623e-01,1.464276950000000244e-01,0.000000000000000000e+00,5.059422000000000051e-03,8.119255000000000569e-03,1.555760000000003251e-03,1.569140900000000061e-01,2.216076419999999936e-01,2.788381630000000277e-01,9.127937430000000463e-01,1.014159000000000033e-01,1.575157490000000104e-01,1.446362589999999892e-01,1.375822710000000060e-01,8.020395630000000109e-01,2.404606270000000101e-01,3.406225740000000113e-01,3.053307530000000103e-01
3.898076699999999950e-02,2.740075699999999781e-02,3.190912199999999810e-02,2.229170410000000102e-01,9.892873359999999616e-01,8.745239409999999713e-01,8.051560600000000345e-02,5.000000000000000278e-02,7.705835099999999716e-02,6.507116100000000236e-02,1.000000000000000056e-01,4.368522459999999996e-01,9.647625720000000404e-01,1.581460500000000102e-01,0.000000000000000000e+00,5.059422000000000051e-03,8.119255000000000569e-03,1.420290000000018482e-04,1.614949789999999830e-01,2.152205320000000199e-01,2.788381630000000277e-01,9.127937430000000463e-01,1.014159000000000033e-01,1.575157490000000104e-01,1.446362589999999892e-01,1.375822710000000060e-01,8.020395630000000109e-01,2.404606270000000101e-01,3.406225740000000113e-01,3.053307530000000103e-01
1.419514499999999929e-02,3.578367300000000195e-02,1.970731599999999903e-02,2.210236399999999934e-01,9.862821080000000462e-01,8.745239409999999713e-01,8.051560600000000345e-02,5.000000000000000278e-02,7.705835099999999716e-02,6.507116100000000236e-02,1.000000000000000056e-01,4.250779459999999843e-01,9.796261189999999619e-01,1.530588650000000162e-01,0.000000000000000000e+00,5.059422000000000051e-03,8.119255000000000569e-03,0.000000000000000000e+00,1.509057249999999906e-01,2.046578340000000107e-01,2.788381630000000277e-01,9.127937430000000463e-01,1.014159000000000033e-01,1.575157490000000104e-01,1.446362589999999892e-01,1.375822710000000060e-01,8.020395630000000109e-01,2.404606270000000101e-01,3.406225740000000113e-01,3.053307530000000103e-01
1.800009699999999963e-02,2.647128499999999718e-02,8.349346000000000545e-03,2.085921269999999883e-01,9.601764210000000022e-01,8.745239409999999713e-01,8.051560600000000345e-02,5.000000000000000278e-02,7.705835099999999716e-02,6.507116100000000236e-02,1.000000000000000056e-01,4.354826350000000068e-01,9.676229309999999639e-01,1.563685519999999940e-01,0.000000000000000000e+00,5.059422000000000051e-03,8.119255000000000569e-03,7.833022000000001983e-03,1.570239860000000043e-01,2.203042159999999972e-01,2.788381630000000277e-01,9.127937430000000463e-01,1.014159000000000033e-01,1.575157490000000104e-01,1.446362589999999892e-01,1.375822710000000060e-01,8.020395630000000109e-01,2.404606270000000101e-01,3.406225740000000113e-01,3.053307530000000103e-01
4.139576899999999893e-02,4.551696799999999793e-02,1.095013200000000131e-02,2.317510620000000077e-01,9.891020400000000157e-01,8.745239409999999713e-01,8.051560600000000345e-02,5.000000000000000278e-02,7.705835099999999716e-02,6.507116100000000236e-02,1.000000000000000056e-01,4.487940169999999895e-01,9.740637749999999651e-01,1.454868699999999904e-01,0.000000000000000000e+00,5.059422000000000051e-03,8.119255000000000569e-03,1.775855600000000173e-02,1.507151469999999938e-01,2.135191530000000171e-01,2.788381630000000277e-01,9.127937430000000463e-01,1.014159000000000033e-01,1.575157490000000104e-01,1.446362589999999892e-01,1.375822710000000060e-01,8.020395630000000109e-01,2.404606270000000101e-01,3.406225740000000113e-01,3.053307530000000103e-01
3.692266199999999499e-02,3.675674699999999934e-02,3.111970299999999856e-02,2.071552789999999977e-01,9.897018810000000055e-01,8.745239409999999713e-01,8.051560600000000345e-02,5.000000000000000278e-02,7.705835099999999716e-02,6.507116100000000236e-02,1.000000000000000056e-01,4.366935789999999984e-01,9.762347439999999876e-01,1.607364059999999983e-01,0.000000000000000000e+00,5.059422000000000051e-03,8.119255000000000569e-03,1.075538000000000188e-02,1.529901300000000020e-01,2.116570130000000050e-01,2.788381630000000277e-01,9.127937430000000463e-01,1.014159000000000033e-01,1.575157490000000104e-01,1.446362589999999892e-01,1.375822710000000060e-01,8.020395630000000109e-01,2.404606270000000101e-01,3.406225740000000113e-01,3.053307530000000103e-01
3.732765799999999967e-02,4.348537299999999384e-02,1.856439199999999901e-02,2.363466690000000092e-01,9.899917390000000372e-01,8.745239409999999713e-01,8.051560600000000345e-02,5.000000000000000278e-02,7.705835099999999716e-02,6.507116100000000236e-02,1.000000000000000056e-01,4.458132209999999818e-01,9.876050779999999696e-01,1.602229099999999962e-01,0.000000000000000000e+00,5.059422000000000051e-03,8.119255000000000569e-03,8.071409999999973328e-04,1.797619979999999784e-01,2.142761790000000111e-01,2.788381630000000277e-01,9.127937430000000463e-01,1.014159000000000033e-01,1.575157490000000104e-01,1.446362589999999892e-01,1.375822710000000060e-01,8.020395630000000109e-01,2.404606270000000101e-01,3.406225740000000113e-01,3.053307530000000103e-01
3.941281599999999635e-02,2.636509100000000022e-02,3.465690999999999911e-02,2.308438369999999962e-01,9.761650769999999921e-01,8.745239409999999713e-01,8.051560600000000345e-02,5.000000000000000278e-02,7.705835099999999716e-02,6.507116100000000236e-02,1.000000000000000056e-01,4.480467530000000198e-01,9.867266070000000333e-01,1.546364590000000039e-01,0.000000000000000000e+00,5.059422000000000051e-03,8.119255000000000569e-03,1.000767900000000196e-02,1.794642669999999829e-01,2.004707980000000056e-01,2.788381630000000277e-01,9.127937430000000463e-01,1.014159000000000033e-01,1.575157490000000104e-01,1.446362589999999892e-01,1.375822710000000060e-01,8.020395630000000109e-01,2.404606270000000101e-01,3.406225740000000113e-01,3.053307530000000103e-01
3.270579799999999426e-02,5.443914099999999645e-02,2.748071599999999878e-02,2.129056390000000076e-01,9.840123090000000294e-01,8.745239409999999713e-01,8.051560600000000345e-02,5.000000000000000278e-02,7.705835099999999716e-02,6.507116100000000236e-02,1.000000000000000056e-01,4.348136859999999770e-01,9.653271230000000092e-01,1.698219820000000102e-01,0.000000000000000000e+00,5.059422000000000051e-03,8.119255000000000569e-03,0.000000000000000000e+00,1.772822159999999925e-01,2.091951120000000164e-01,2.788381630000000277e-01,9.127937430000000463e-01,1.014159000000000033e-01,1.575157490000000104e-01,1.446362589999999892e-01,1.375822710000000060e-01,8.020395630000000109e-01,2.404606270000000101e-01,3.406225740000000113e-01,3.053307530000000103e-01
1.768031899999999990e-02,5.540417000000000258e-02,2.788911200000000062e-02,2.359796190000000016e-01,9.806555529999999576e-01,8.745239409999999713e-01,8.051560600000000345e-02,5.000000000000000278e-02,7.705835099999999716e-02,6.507116100000000236e-02,1.000000000000000056e-01,4.348705600000000171e-01,9.606183419999999584e-01,1.665160680000000171e-01,0.000000000000000000e+00,5.059422000000000051e-03,8.119255000000000569e-03,2.108433800000000108e-02,1.532029580000000002e-01,2.019496130000000000e-01,2.788381630000000277e-01,9.127937430000000463e-01,1.014159000000000033e-01,1.575157490000000104e-01,1.446362589999999892e-01,1.375822710000000060e-01,8.020395630000000109e-01,2.404606270000000101e-01,3.406225740000000113e-01,3.053307530000000103e-01
1.487437800000000060e-02,4.680745899999999571e-02,1.993964299999999995e-02,2.161902519999999994e-01,9.866702950000000305e-01,8.745239409999999713e-01,8.051560600000000345e-02,5.000000000000000278e-02,7.705835099999999716e-02,6.507116100000000236e-02,1.000000000000000056e-01,4.255291769999999807e-01,9.800845040000000230e-01,1.673366039999999999e-01,0.000000000000000000e+00,5.059422000000000051e-03,8.119255000000000569e-03,1.239338300000000087e-02,1.662813449999999971e-01,2.038146060000000093e-01,2.788381630000000277e-01,9.127937430000000463e-01,1.014159000000000033e-01,1.575157490000000104e-01,1.446362589999999892e-01,1.375822710000000060e-01,8.020395630000000109e-01,2.404606270000000101e-01,3.406225740000000113e-01,3.053307530000000103e-01
2.535269100000000012e-02,3.389741999999999755e-02,2.385333900000000118e-02,2.131435969999999902e-01,9.709638619999999554e-01,8.745239409999999713e-01,8.051560600000000345e-02,5.000000000000000278e-02,7.705835099999999716e-02,6.507116100000000236e-02,1.000000000000000056e-01,4.381976249999999795e-01,9.894412750000000090e-01,1.596465880000000059e-01,0.000000000000000000e+00,5.059422000000000051e-03,8.119255000000000569e-03,7.756406999999999885e-03,1.655985739999999984e-01,2.229520700000000022e-01,2.788381630000000277e-01,9.127937430000000463e-01,1.014159000000000033e-01,1.575157490000000104e-01,1.446362589999999892e-01,1.375822710000000060e-01,8.020395630000000109e-01,2.404606270000000101e-01,3.406225740000000113e-01,3.053307530000000103e-01
2.155342700000000000e-02,3.980591799999999569e-02,3.251894500000000049e-02,2.093853519999999968e-01,9.703180729999999476e-01,8.745239409999999713e-01,8.051560600000000345e-02,5.000000000000000278e-02,7.705835099999999716e-02,6.507116100000000236e-02,1.000000000000000056e-01,4.259789959999999986e-01,9.663738480000000353e-01,1.575094870000000036e-01,0.000000000000000000e+00,5.059422000000000051e-03,8.119255000000000569e-03,9.190407000000001131e-03,1.538107770000000096e-01,1.953958390000000156e-01,2.788381630000000277e-01,9.127937430000000463e-01,1.014159000000000033e-01,1.575157490000000104e-01,1.446362589999999892e-01,1.375822710000000060e-01,8.020395630000000109e-01,2.404606270000000101e-01,3.406225740000000113e-01,3.053307530000000103e-01
1.668331499999999717e-02,3.625025899999999995e-02,1.702846599999999905e-02,2.269772079999999859e-01,9.662804480000000140e-01,8.745239409999999713e-01,8.051560600000000345e-02,5.000000000000000278e-02,7.705835099999999716e-02,6.507116100000000236e-02,1.000000000000000056e-01,4.467487390000000058e-01,9.652092249999999485e-01,1.593622249999999962e-01,0.000000000000000000e+00,5.059422000000000051e-03,8.119255000000000569e-03,1.604607800000000181e-02,1.621865489999999854e-01,2.141211140000000013e-01,2.788381630000000277e-01,9.127937430000000463e-01,1.014159000000000033e-01,1.575157490000000104e-01,1.446362589999999892e-01,1.375822710000000060e-01,8.020395630000000109e-01,2.404606270000000101e-01,3.406225740000000113e-01,3.053307530000000103e-01
2.967284199999999789e-02,3.588759199999999594e-02,2.224183899999999936e-02,2.359044120000000078e-01,9.801253970000000093e-01,8.745239409999999713e-01,8.051560600000000345e-02,5.000000000000000278e-02,7.705835099999999716e-02,6.507116100000000236e-02,1.000000000000000056e-01,4.352245579999999836e-01,9.790732500000000060e-01,1.536498170000000218e-01,0.000000000000000000e+00,5.059422000000000051e-03,8.119255000000000569e-03,2.635453900000000321e-02,1.617374749999999917e-01,2.165975890000000070e-01,2.788381630000000277e-01,9.127937430000000463e-01,1.014159000000000033e-01,1.575157490000000104e-01,1.446362589999999892e-01,1.375822710000000060e-01,8.020395630000000109e-01,2.404606270000000101e-01,3.406225740000000113e-01,3.053307530000000103e-01
2.995517600000000003e-02,5.164106899999999778e-02,2.727600999999999984e-02,2.180416189999999921e-01,9.794200450000000169e-01,8.745239409999999713e-01,8.051560600000000345e-02,5.000000000000000278e-02,7.705835099999999716e-02,6.507116100000000236e-02,1.000000000000000056e-01,4.440153470000000047e-01,9.814644930000000489e-01,1.718922180000000133e-01,0.000000000000000000e+00,5.059422000000000051e-03,8.119255000000000569e-03,1.246267000000000208e-02,1.660853310000000027e-01,2.103340260000000073e-01,2.788381630000000277e-01,9.127937430000000463e-01,1.014159000000000033e-01,1.575157490000000104e-01,1.446362589999999892e-01,1.375822710000000060e-01,8.020395630000000109e-01,2.404606270000000101e-01,3.406225740000000113e-01,3.053307530000000103e-01
2.061906499999999892e-02,4.602104799999999496e-02,2.690203799999999965e-02,2.078589610000000087e-01,9.640346210000000360e-01,8.745239409999999713e-01,8.051560600000000345e-02,5.000000000000000278e-02,7.705835099999999716e-02,6.507116100000000236e-02,1.000000000000000056e-01,4.304820810000000164e-01,9.791256529999999847e-01,1.509464530000000082e-01,0.000000000000000000e+00,5.059422000000000051e-03,8.119255000000000569e-03,1.306589300000000203e-02,1.749193649999999933e-01,2.095971990000000118e-01,2.788381630000000277e-01,9.127937430000000463e-01,1.014159000000000033e-01,1.575157490000000104e-01,1.446362589999999892e-01,1.375822710000000060e-01,8.020395630000000109e-01,2.404606270000000101e-01,3.406225740000000113e-01,3.053307530000000103e-01
2.443452999999999944e-02,2.950476900000000013e-02,3.247661500000000034e-02,2.352533519999999989e-01,9.707788400000000317e-01,8.745239409999999713e-01,8.051560600000000345e-02,5.000000000000000278e-02,7.705835099999999716e-02,6.507116100000000236e-02,1.000000000000000056e-01,4.382806249999999793e-01,9.694315580000000265e-01,1.666979209999999989e-01,0.000000000000000000e+00,5.059422000000000051e-03,8.119255000000000569e-03,1.056410500000000072e-02,1.627291329999999980e-01,1.994857210000000047e-01,2.788381630000000277e-01,9.127937430000000463e-01,1.014159000000000033e-01,1.575157490000000104e-01,1.446362589999999892e-01,1.375822710000000060e-01,8.020395630000000109e-01,2.404606270000000101e-01,3.406225740000000113e-01,3.053307530000000103e-01
3.031563299999999808e-02,4.617856199999999939e-02,9.127413000000000887e-03,2.236620659999999927e-01,9.887591589999999986e-01,8.745239409999999713e-01,8.051560600000000345e-02,5.000000000000000278e-02,7.705835099999999716e-02,6.507116100000000236e-02,1.000000000000000056e-01,4.506474650000000248e-01,9.858095629999999998e-01,1.524248750000000152e-01,0.000000000000000000e+00,5.059422000000000051e-03,8.119255000000000569e-03,2.647574200000000003e-02,1.754623339999999976e-01,2.204125799999999968e-01,2.788381630000000277e-01,9.127937430000000463e-01,1.014159000000000033e-01,1.575157490000000104e-01,1.446362589999999892e-01,1.375822710000000060e-01,8.020395630000000109e-01,2.404606270000000101e-01,3.406225740000000113e-01,3.053307530000000103e-01
2.000250399999999734e-02,3.230213399999999624e-02,2.184730300000000194e-02,2.080279099999999826e-01,9.740882629999999542e-01,8.745239409999999713e-01,8.051560600000000345e-02,5.000000000000000278e-02,7.705835099999999716e-02,6.507116100000000236e-02,1.000000000000000056e-01,4.350686910000000074e-01,9.757758810000000116e-01,1.713912690000000127e-01,0.000000000000000000e+00,5.059422000000000051e-03,8.119255000000000569e-03,2.332981500000000027e-02,1.762504460000000051e-01,1.956659639999999978e-01,2.788381630000000277e-01,9.127937430000000463e-01,1.014159000000000033e-01,1.575157490000000104e-01,1.446362589999999892e-01,1.375822710000000060e-01,8.020395630000000109e-01,2.404606270000000101e-01,3.406225740000000113e-01,3.053307530000000103e-01
3.714683900000000094e-02,3.139252000000000015e-02,1.806301199999999982e-02,2.309514109999999953e-01,9.832677880000000314e-01,8.745239409999999713e-01,8.051560600000000345e-02,5.000000000000000278e-02,7.705835099999999716e-02,6.507116100000000236e-02,1.000000000000000056e-01,4.475253089999999823e-01,9.641019920000000187e-01,1.486478260000000107e-01,0.000000000000000000e+00,5.059422000000000051e-03,8.119255000000000569e-03,0.000000000000000000e+00,1.711871719999999986e-01,2.146602000000000232e-01,2.788381630000000277e-01,9.127937430000000463e-01,1.014159000000000033e-01,1.575157490000000104e-01,1.446362589999999892e-01,1.375822710000000060e-01,8.020395630000000109e-01,2.404606270000000101e-01,3.406225740000000113e-01,3.053307530000000103e-01
1.908785899999999869e-02,3.342626900000000151e-02,1.384856599999999965e-02,2.295811010000000096e-01,9.766028519999999657e-01,8.745239409999999713e-01,8.051560600000000345e-02,5.000000000000000278e-02,7.705835099999999716e-02,6.507116100000000236e-02,1.000000000000000056e-01,4.292554760000000247e-01,9.707766490000000470e-01,1.672947710000000088e-01,0.000000000000000000e+00,5.059422000000000051e-03,8.119255000000000569e-03,1.144490000000000091e-02,1.639780389999999921e-01,1.996528850000000022e-01,2.788381630000000277e-01,9.127937430000000463e-01,1.014159000000000033e-01,1.575157490000000104e-01,1.446362589999999892e-01,1.375822710000000060e-01,8.020395630000000109e-01,2.404606270000000101e-01,3.406225740000000113e-01,3.053307530000000103e-01
2.879712799999999823e-02,3.499905400000000166e-02,2.200892800000000052e-02,2.171815039999999974e-01,9.757855859999999826e-01,8.745239409999999713e-01,8.051560600000000345e-02,5.000000000000000278e-02,7.705835099999999716e-02,6.507116100000000236e-02,1.000000000000000056e-01,4.357907220000000192e-01,9.841945669999999646e-01,1.727661100000000005e-01,0.000000000000000000e+00,5.059422000000000051e-03,8.119255000000000569e-03,1.039200900000000066e-02,1.699560149999999881e-01,2.144777350000000027e-01,2.788381630000000277e-01,9.127937430000000463e-01,1.014159000000000033e-01,1.575157490000000104e-01,1.446362589999999892e-01,1.375822710000000060e-01,8.020395630000000109e-01,2.404606270000000101e-01,3.406225740000000113e-01,3.053307530000000103e-01
4.011979200000000134e-02,5.118528199999999861e-02,1.979231000000000046e-02,2.327506569999999997e-01,9.684681849999999814e-01,8.745239409999999713e-01,8.051560600000000345e-02,5.000000000000000278e-02,7.705835099999999716e-02,6.507116100000000236e-02,1.000000000000000056e-01,4.428853119999999755e-01,9.666950210000000432e-01,1.702864570000000022e-01,0.000000000000000000e+00,5.059422000000000051e-03,8.119255000000000569e-03,0.000000000000000000e+00,1.784676099999999987e-01,2.125799959999999933e-01,2.788381630000000277e-01,9.127937430000000463e-01,1.014159000000000033e-01,1.575157490000000104e-01,1.446362589999999892e-01,1.375822710000000060e-01,8.020395630000000109e-01,2.404606270000000101e-01,3.406225740000000113e-01,3.053307530000000103e-01
1.805297000000000152e-02,5.051000399999999724e-02,9.483422999999997771e-03,2.257542770000000032e-01,9.791555149999999763e-01,8.745239409999999713e-01,8.051560600000000345e-02,5.000000000000000278e-02,7.705835099999999716e-02,6.507116100000000236e-02,1.000000000000000056e-01,4.329735219999999996e-01,9.654374959999999506e-01,1.739228620000000114e-01,0.000000000000000000e+00,5.059422000000000051e-03,8.119255000000000569e-03,2.498866599999999966e-02,1.657417860000000021e-01,2.111390770000000083e-01,2.788381630000000277e-01,9.127937430000000463e-01,1.014159000000000033e-01,1.575157490000000104e-01,1.446362589999999892e-01,1.375822710000000060e-01,8.020395630000000109e-01,2.404606270000000101e-01,3.406225740000000113e-01,3.053307530000000103e-01
4.248089799999999611e-02,5.083611300000000222e-02,1.758308199999999988e-02,2.114288520000000005e-01,9.842254280000000133e-01,8.745239409999999713e-01,8.051560600000000345e-02,5.000000000000000278e-02,7.705835099999999716e-02,6.507116100000000236e-02,1.000000000000000056e-01,4.432460389999999806e-01,9.882558649999999556e-01,1.461986799999999975e-01,0.000000000000000000e+00,5.059422000000000051e-03,8.119255000000000569e-03,2.305286900000000014e-02,1.520188619999999768e-01,2.084459439999999941e-01,2.788381630000000277e-01,9.127937430000000463e-01,1.014159000000000033e-01,1.575157490000000104e-01,1.446362589999999892e-01,1.375822710000000060e-01,8.020395630000000109e-01,2.404606270000000101e-01,3.406225740000000113e-01,3.053307530000000103e-01
1.960080299999999998e-02,4.923555000000000292e-02,9.060735000000000317e-03,2.199439709999999881e-01,9.607501969999999725e-01,8.745239409999999713e-01,8.051560600000000345e-02,5.000000000000000278e-02,7.705835099999999716e-02,6.507116100000000236e-02,1.000000000000000056e-01,4.257097340000000063e-01,9.621778920000000346e-01,1.522663880000000025e-01,0.000000000000000000e+00,5.059422000000000051e-03,8.119255000000000569e-03,1.924176999999999138e-03,1.698676449999999838e-01,1.963476249999999979e-01,2.788381630000000277e-01,9.127937430000000463e-01,1.014159000000000033e-01,1.575157490000000104e-01,1.446362589999999892e-01,1.375822710000000060e-01,8.020395630000000109e-01,2.404606270000000101e-01,3.406225740000000113e-01,3.053307530000000103e-01
4.304893699999999546e-02,4.464404999999999762e-02,7.418709000000002496e-03,2.163630069999999961e-01,9.879578709999999875e-01,8.745239409999999713e-01,8.051560600000000345e-02,5.000000000000000278e-02,7.705835099999999716e-02,6.507116100000000236e-02,1.000000000000000056e-01,4.419447140000000163e-01,9.889996380000000142e-01,1.713306720000000172e-01,0.000000000000000000e+00,5.059422000000000051e-03,8.119255000000000569e-03,1.491429099999999966e-02,1.543736309999999834e-01,2.090212909999999980e-01,2.788381630000000277e-01,9.127937430000000463e-01,1.014159000000000033e-01,1.575157490000000104e-01,1.446362589999999892e-01,1.375822710000000060e-01,8.020395630000000109e-01,2.404606270000000101e-01,3.406225740000000113e-01,3.053307530000000103e-01
3.427882599999999835e-02,4.476848899999999465e-02,3.556358400000000225e-02,2.215985089999999991e-01,9.717681289999999805e-01,8.745239409999999713e-01,8.051560600000000345e-02,5.000000000000000278e-02,7.705835099999999716e-02,6.507116100000000236e-02,1.000000000000000056e-01,4.249575640000000099e-01,9.758933130000000400e-01,1.499450880000000041e-01,0.000000000000000000e+00,5.059422000000000051e-03,8.119255000000000569e-03,2.088288200000000192e-02,1.504137369999999918e-01,2.220796140000000085e-01,2.788381630000000277e-01,9.127937430000000463e-01,1.014159000000000033e-01,1.575157490000000104e-01,1.446362589999999892e-01,1.375822710000000060e-01,8.020395630000000109e-01,2.404606270000000101e-01,3.406225740000000113e-01,3.053307530000000103e-01
2.486075299999999932e-02,4.071530899999999814e-02,2.143678400000000039e-02,2.312586540000000079e-01,9.623133889999999635e-01,8.745239409999999713e-01,8.051560600000000345e-02,5.000000000000000278e-02,7.705835099999999716e-02,6.507116100000000236e-02,1.000000000000000056e-01,4.405620559999999797e-01,9.893596559999999762e-01,1.650512900000000172e-01,0.000000000000000000e+00,5.059422000000000051e-03,8.119255000000000569e-03,2.191960199999999984e-02,1.767384679999999819e-01,2.149173730000000226e-01,2.788381630000000277e-01,9.127937430000000463e-01,1.014159000000000033e-01,1.575157490000000104e-01,1.446362589999999892e-01,1.375822710000000060e-01,8.020395630000000109e-01,2.404606270000000101e-01,3.406225740000000113e-01,3.053307530000000103e-01
2.706503899999999907e-02,4.247964299999999749e-02,2.983635600000000138e-02,2.338891579999999859e-01,9.858859829999999658e-01,8.745239409999999713e-01,8.051560600000000345e-02,5.000000000000000278e-02,7.705835099999999716e-02,6.507116100000000236e-02,1.000000000000000056e-01,4.457659609999999883e-01,9.662169179999999802e-01,1.649856299999999942e-01,0.000000000000000000e+00,5.059422000000000051e-03,8.119255000000000569e-03,2.020529999999999549e-03,1.582466100000000098e-01,2.218782190000000154e-01,2.788381630000000277e-01,9.127937430000000463e-01,1.014159000000000033e-01,1.575157490000000104e-01,1.446362589999999892e-01,1.375822710000000060e-01,8.020395630000000109e-01,2.404606270000000101e-01,3.406225740000000113e-01,3.053307530000000103e-01
2.409380599999999886e-02,3.113705399999999734e-02,1.303768899999999814e-02,2.255171770000000131e-01,9.857975340000000308e-01,8.745239409999999713e-01,8.051560600000000345e-02,5.000000000000000278e-02,7.705835099999999716e-02,6.507116100000000236e-02,1.000000000000000056e-01,4.301887289999999919e-01,9.688783330000000360e-01,1.748412490000000041e-01,0.000000000000000000e+00,5.059422000000000051e-03,8.119255000000000569e-03,1.177740600000000068e-02,1.764667399999999831e-01,2.168219600000000080e-01,2.788381630000000277e-01,9.127937430000000463e-01,1.014159000000000033e-01,1.575157490000000104e-01,1.446362589999999892e-01,1.375822710000000060e-01,8.020395630000000109e-01,2.404606270000000101e-01,3.406225740000000113e-01,3.053307530000000103e-01
2.338817799999999905e-02,3.944701099999999711e-02,1.251589200000000068e-02,2.137223679999999959e-01,9.693737959999999543e-01,8.745239409999999713e-01,8.051560600000000345e-02,5.000000000000000278e-02,7.705835099999999716e-02,6.507116100000000236e-02,1.000000000000000056e-01,4.346873669999999912e-01,9.851811660000000526e-01,1.724735510000000027e-01,0.000000000000000000e+00,5.059422000000000051e-03,8.119255000000000569e-03,2.736984999999997337e-03,1.555044139999999797e-01,2.164806489999999972e-01,2.788381630000000277e-01,9.127937430000000463e-01,1.014159000000000033e-01,1.575157490000000104e-01,1.446362589999999892e-01,1.375822710000000060e-01,8.020395630000000109e-01,2.404606270000000101e-01,3.406225740000000113e-01,3.053307530000000103e-01
2.372780099999999975e-02,2.777009400000000211e-02,2.621486200000000197e-02,2.291011920000000091e-01,9.835993680000000294e-01,8.745239409999999713e-01,8.051560600000000345e-02,5.000000000000000278e-02,7.705835099999999716e-02,6.507116100000000236e-02,1.000000000000000056e-01,4.261658999999999864e-01,9.769306410000000440e-01,1.587408439999999921e-01,0.000000000000000000e+00,5.059422000000000051e-03,8.119255000000000569e-03,2.449121800000000210e-02,1.736251159999999960e-01,2.109435430000000111e-01,2.788381630000000277e-01,9.127937430000000463e-01,1.014159000000000033e-01,1.575157490000000104e-01,1.446362589999999892e-01,1.375822710000000060e-01,8.020395630000000109e-01,2.404606270000000101e-01,3.406225740000000113e-01,3.053307530000000103e-01
2.716550899999999741e-02,3.999757699999999944e-02,1.635017799999999993e-02,2.301111489999999871e-01,9.715423260000000116e-01,8.745239409999999713e-01,8.051560600000000345e-02,5.000000000000000278e-02,7.705835099999999716e-02,6.507116100000000236e-02,1.000000000000000056e-01,4.473893460000000211e-01,9.832089849999999798e-01,1.678909189999999996e-01,0.000000000000000000e+00,5.059422000000000051e-03,8.119255000000000569e-03,9.254477000000000536e-03,1.638456359999999890e-01,2.054702720000000093e-01,2.788381630000000277e-01,9.127937430000000463e-01,1.014159000000000033e-01,1.575157490000000104e-01,1.446362589999999892e-01,1.375822710000000060e-01,8.020395630000000109e-01,2.404606270000000101e-01,3.406225740000000113e-01,3.053307530000000103e-01
3.239099599999999829e-02,2.821260399999999530e-02,7.011456999999998718e-03,2.094312379999999918e-01,9.772626650000000303e-01,8.745239409999999713e-01,8.051560600000000345e-02,5.000000000000000278e-02,7.705835099999999716e-02,6.507116100000000236e-02,1.000000000000000056e-01,4.500309679999999757e-01,9.850310939999999960e-01,1.749743670000000195e-01,0.000000000000000000e+00,5.059422000000000051e-03,8.119255000000000569e-03,0.000000000000000000e+00,1.691109550000000072e-01,2.223822460000000056e-01,2.788381630000000277e-01,9.127937430000000463e-01,1.014159000000000033e-01,1.575157490000000104e-01,1.446362589999999892e-01,1.375822710000000060e-01,8.020395630000000109e-01,2.404606270000000101e-01,3.406225740000000113e-01,3.053307530000000103e-01
1.756471700000000052e-02,4.624067299999999603e-02,3.147675999999999946e-02,2.104871650000000038e-01,9.654434450000000112e-01,8.745239409999999713e-01,8.051560600000000345e-02,5.000000000000000278e-02,7.705835099999999716e-02,6.507116100000000236e-02,1.000000000000000056e-01,4.407519990000000054e-01,9.802648619999999591e-01,1.623088990000000065e-01,0.000000000000000000e+00,5.059422000000000051e-03,8.119255000000000569e-03,2.464743400000000279e-02,1.613956329999999828e-01,2.029505390000000131e-01,2.788381630000000277e-01,9.127937430000000463e-01,1.014159000000000033e-01,1.575157490000000104e-01,1.446362589999999892e-01,1.375822710000000060e-01,8.020395630000000109e-01,2.404606270000000101e-01,3.406225740000000113e-01,3.053307530000000103e-01
4.010394199999999659e-02,2.656506999999999619e-02,1.156825499999999951e-02,2.106502389999999891e-01,9.661344560000000303e-01,8.745239409999999713e-01,8.051560600000000345e-02,5.000000000000000278e-02,7.705835099999999716e-02,6.507116100000000236e-02,1.000000000000000056e-01,4.285885500000000126e-01,9.774304139999999697e-01,1.671331249999999935e-01,0.000000000000000000e+00,5.059422000000000051e-03,8.119255000000000569e-03,6.126182000000000849e-03,1.534574579999999910e-01,2.178213499999999969e-01,2.788381630000000277e-01,9.127937430000000463e-01,1.014159000000000033e-01,1.575157490000000104e-01,1.446362589999999892e-01,1.375822710000000060e-01,8.020395630000000109e-01,2.404606270000000101e-01,3.406225740000000113e-01,3.053307530000000103e-01
1.504562300000000102e-02,3.268054000000000098e-02,7.601955999999999991e-03,2.141112129999999947e-01,9.646272689999999539e-01,8.745239409999999713e-01,8.051560600000000345e-02,5.000000000000000278e-02,7.705835099999999716e-02,6.507116100000000236e-02,1.000000000000000056e-01,4.514921709999999977e-01,9.702638129999999750e-01,1.489333590000000151e-01,0.000000000000000000e+00,5.059422000000000051e-03,8.119255000000000569e-03,0.000000000000000000e+00,1.525909589999999982e-01,1.957975650000000067e-01,2.788381630000000277e-01,9.127937430000000463e-01,1.014159000000000033e-01,1.575157490000000104e-01,1.446362589999999892e-01,1.375822710000000060e-01,8.020395630000000109e-01,2.404606270000000101e-01,3.406225740000000113e-01,3.053307530000000103e-01
2.316232999999999834e-02,4.226404400000000061e-02,1.031560900000000336e-02,2.083284509999999978e-01,9.691419810000000412e-01,8.745239409999999713e-01,8.051560600000000345e-02,5.000000000000000278e-02,7.705835099999999716e-02,6.507116100000000236e-02,1.000000000000000056e-01,4.481262819999999869e-01,9.779514329999999811e-01,1.505634700000000048e-01,0.000000000000000000e+00,5.059422000000000051e-03,8.119255000000000569e-03,2.268215400000000298e-02,1.704283199999999943e-01,2.112915590000000177e-01,2.788381630000000277e-01,9.127937430000000463e-01,1.014159000000000033e-01,1.575157490000000104e-01,1.446362589999999892e-01,1.375822710000000060e-01,8.020395630000000109e-01,2.404606270000000101e-01,3.406225740000000113e-01,3.053307530000000103e-01
3.334679899999999642e-02,5.547351999999999839e-02,3.347156600000000121e-02,2.170337989999999995e-01,9.760282169999999757e-01,8.745239409999999713e-01,8.051560600000000345e-02,5.000000000000000278e-02,7.705835099999999716e-02,6.507116100000000236e-02,1.000000000000000056e-01,4.391407649999999885e-01,9.636366050000000349e-01,1.737691010000000091e-01,0.000000000000000000e+00,5.059422000000000051e-03,8.119255000000000569e-03,6.080141000000000712e-03,1.597087050000000064e-01,2.189574410000000027e-01,2.788381630000000277e-01,9.127937430000000463e-01,1.014159000000000033e-01,1.575157490000000104e-01,1.446362589999999892e-01,1.375822710000000060e-01,8.020395630000000109e-01,2.404606270000000101e-01,3.406225740000000113e-01,3.053307530000000103e-01
4.144319099999999728e-02,3.364982700000000021e-02,2.916982499999999992e-02,2.121014089999999908e-01,9.627547359999999443e-01,8.745239409999999713e-01,8.051560600000000345e-02,5.000000000000000278e-02,7.705835099999999716e-02,6.507116100000000236e-02,1.000000000000000056e-01,4.230932669999999951e-01,9.671740699999999968e-01,1.503957680000000130e-01,0.000000000000000000e+00,5.059422000000000051e-03,8.119255000000000569e-03,2.118011800000000125e-02,1.670028090000000021e-01,2.045360900000000037e-01,2.788381630000000277e-01,9.127937430000000463e-01,1.014159000000000033e-01,1.575157490000000104e-01,1.446362589999999892e-01,1.375822710000000060e-01,8.020395630000000109e-01,2.404606270000000101e-01,3.406225740000000113e-01,3.053307530000000103e-01
1.930498199999999831e-02,3.798759000000000163e-02,2.372843499999999911e-02,2.117713940000000017e-01,9.603681250000000169e-01,8.745239409999999713e-01,8.051560600000000345e-02,5.000000000000000278e-02,7.705835099999999716e-02,6.507116100000000236e-02,1.000000000000000056e-01,4.407024390000000014e-01,9.835377880000000239e-01,1.563939810000000152e-01,0.000000000000000000e+00,5.059422000000000051e-03,8.119255000000000569e-03,1.200025400000000186e-02,1.765597579999999833e-01,2.068804340000000019e-01,2.788381630000000277e-01,9.127937430000000463e-01,1.014159000000000033e-01,1.575157490000000104e-01,1.446362589999999892e-01,1.375822710000000060e-01,8.020395630000000109e-01,2.404606270000000101e-01,3.406225740000000113e-01,3.053307530000000103e-01
1.573430299999999810e-02,3.288376099999999747e-02,1.738932300000000167e-02,2.130530810000000053e-01,9.722631659999999565e-01,8.745239409999999713e-01,8.051560600000000345e-02,5.000000000000000278e-02,7.705835099999999716e-02,6.507116100000000236e-02,1.000000000000000056e-01,4.338687170000000148e-01,9.717134250000000195e-01,1.470051760000000152e-01,0.000000000000000000e+00,5.059422000000000051e-03,8.119255000000000569e-03,2.076724100000000225e-02,1.750796109999999961e-01,2.011099159999999997e-01,2.788381630000000277e-01,9.127937430000000463e-01,1.014159000000000033e-01,1.575157490000000104e-01,1.446362589999999892e-01,1.375822710000000060e-01,8.020395630000000109e-01,2.404606270000000101e-01,3.406225740000000113e-01,3.053307530000000103e-01
1.785709499999999644e-02,3.479273900000000308e-02,2.060050600000000107e-02,2.215096579999999982e-01,9.872682440000000170e-01,8.745239409999999713e-01,8.051560600000000345e-02,5.000000000000000278e-02,7.705835099999999716e-02,6.507116100000000236e-02,1.000000000000000056e-01,4.505764400000000225e-01,9.763631799999999972e-01,1.664100910000000100e-01,0.000000000000000000e+00,5.059422000000000051e-03,8.119255000000000569e-03,1.425032500000000119e-02,1.597828450000000067e-01,2.149963690000000205e-01,2.788381630000000277e-01,9.127937430000000463e-01,1.014159000000000033e-01,1.575157490000000104e-01,1.446362589999999892e-01,1.375822710000000060e-01,8.020395630000000109e-01,2.404606270000000101e-01,3.406225740000000113e-01,3.053307530000000103e-01
2.755103899999999939e-02,5.365591999999999584e-02,1.575236600000000028e-02,2.251670809999999912e-01,9.731696880000000327e-01,8.745239409999999713e-01,8.051560600000000345e-02,5.000000000000000278e-02,7.705835099999999716e-02,6.507116100000000236e-02,1.000000000000000056e-01,4.465263729999999764e-01,9.825565499999999730e-01,1.465920340000000099e-01,0.000000000000000000e+00,5.059422000000000051e-03,8.119255000000000569e-03,2.143342499999999901e-02,1.513342629999999966e-01,2.111631449999999965e-01,2.788381630000000277e-01,9.127937430000000463e-01,1.014159000000000033e-01,1.575157490000000104e-01,1.446362589999999892e-01,1.375822710000000060e-01,8.020395630000000109e-01,2.404606270000000101e-01,3.406225740000000113e-01,3.053307530000000103e-01
3.386068100000000358e-02,4.834989099999999901e-02,1.607917199999999922e-02,2.279006199999999982e-01,9.747679790000000066e-01,8.745239409999999713e-01,8.051560600000000345e-02,5.000000000000000278e-02,7.705835099999999716e-02,6.507116100000000236e-02,1.000000000000000056e-01,4.242817770000000266e-01,9.879884300000000286e-01,1.669845689999999994e-01,0.000000000000000000e+00,5.059422000000000051e-03,8.119255000000000569e-03,2.537276000000000115e-02,1.782121379999999922e-01,2.055667160000000104e-01,2.788381630000000277e-01,9.127937430000000463e-01,1.014159000000000033e-01,1.575157490000000104e-01,1.446362589999999892e-01,1.375822710000000060e-01,8.020395630000000109e-01,2.404606270000000101e-01,3.406225740000000113e-01,3.053307530000000103e-01
3.933925199999999817e-02,4.285271599999999903e-02,2.116384200000000215e-02,2.226420040000000045e-01,9.660791570000000217e-01,8.745239409999999713e-01,8.051560600000000345e-02,5.000000000000000278e-02,7.705835099999999716e-02,6.507116100000000236e-02,1.000000000000000056e-01,4.417827460000000039e-01,9.778462159999999903e-01,1.558170070000000074e-01,0.000000000000000000e+00,5.059422000000000051e-03,8.119255000000000569e-03,2.419551999999999814e-02,1.628259039999999935e-01,2.245275979999999949e-01,2.788381630000000277e-01,9.127937430000000463e-01,1.014159000000000033e-01,1.575157490000000104e-01,1.446362589999999892e-01,1.375822710000000060e-01,8.020395630000000109e-01,2.404606270000000101e-01,3.406225740000000113e-01,3.053307530000000103e-01
2.124222800000000189e-02,4.129878900000000241e-02,8.553479000000002719e-03,2.318794620000000084e-01,9.813267119999999899e-01,8.745239409999999713e-01,8.051560600000000345e-02,5.000000000000000278e-02,7.705835099999999716e-02,6.507116100000000236e-02,1.000000000000000056e-01,4.267691920000000194e-01,9.863829299999999911e-01,1.595782250000000180e-01,0.000000000000000000e+00,5.059422000000000051e-03,8.119255000000000569e-03,2.943919000000003172e-03,1.728609740000000006e-01,1.999519390000000230e-01,2.788381630000000277e-01,9.127937430000000463e-01,1.014159000000000033e-01,1.575157490000000104e-01,1.446362589999999892e-01,1.375822710000000060e-01,8.020395630000000109e-01,2.404606270000000101e-01,3.406225740000000113e-01,3.053307530000000103e-01
4.372123799999999560e-02,5.569925600000000254e-02,3.297419599999999729e-02,2.237403119999999968e-01,9.869859749999999599e-01,8.745239409999999713e-01,8.051560600000000345e-02,5.000000000000000278e-02,7.705835099999999716e-02,6.507116100000000236e-02,1.000000000000000056e-01,4.398617719999999842e-01,9.691272300000000062e-01,1.647385380000000177e-01,0.000000000000000000e+00,5.059422000000000051e-03,8.119255000000000569e-03,6.895670000000020394e-04,1.620316529999999977e-01,2.061859930000000118e-01,2.788381630000000277e-01,9.127937430000000463e-01,1.014159000000000033e-01,1.575157490000000104e-01,1.446362589999999892e-01,1.375822710000000060e-01,8.020395630000000109e-01,2.404606270000000101e-01,3.406225740000000113e-01,3.053307530000000103e-01
2.139121699999999709e-02,3.711326099999999462e-02,2.495212000000000124e-02,2.151684489999999839e-01,9.641475349999999445e-01,8.745239409999999713e-01,8.051560600000000345e-02,5.000000000000000278e-02,7.705835099999999716e-02,6.507116100000000236e-02,1.000000000000000056e-01,4.321695850000000227e-01,9.775501819999999897e-01,1.646250320000000045e-01,0.000000000000000000e+00,5.059422000000000051e-03,8.119255000000000569e-03,1.633694999999999939e-02,1.563786689999999979e-01,2.180925730000000118e-01,2.788381630000000277e-01,9.127937430000000463e-01,1.014159000000000033e-01,1.575157490000000104e-01,1.446362589999999892e-01,1.375822710000000060e-01,8.020395630000000109e-01,2.404606270000000101e-01,3.406225740000000113e-01,3.053307530000000103e-01
1.645168400000000114e-02,4.144249799999999428e-02,2.021852500000000108e-02,2.310673980000000072e-01,9.722048060000000325e-01,8.745239409999999713e-01,8.051560600000000345e-02,5.000000000000000278e-02,7.705835099999999716e-02,6.507116100000000236e-02,1.000000000000000056e-01,4.509932890000000194e-01,9.734017799999999943e-01,1.728840450000000140e-01,0.000000000000000000e+00,5.059422000000000051e-03,8.119255000000000569e-03,0.000000000000000000e+00,1.641200290000000006e-01,2.171794060000000193e-01,2.788381630000000277e-01,9.127937430000000463e-01,1.014159000000000033e-01,1.575157490000000104e-01,1.446362589999999892e-01,1.375822710000000060e-01,8.020395630000000109e-01,2.404606270000000101e-01,3.406225740000000113e-01,3.053307530000000103e-01
2.460925599999999949e-02,4.764586900000000041e-02,2.576935400000000126e-02,2.344966539999999988e-01,9.874087900000000362e-01,8.745239409999999713e-01,8.051560600000000345e-02,5.000000000000000278e-02,7.705835099999999716e-02,6.507116100000000236e-02,1.000000000000000056e-01,4.260874470000000080e-01,9.833592740000000054e-01,1.559669720000000093e-01,0.000000000000000000e+00,5.059422000000000051e-03,8.119255000000000569e-03,1.194137200000000218e-02,1.777903130000000054e-01,2.001188530000000132e-01,2.788381630000000277e-01,9.127937430000000463e-01,1.014159000000000033e-01,1.575157490000000104e-01,1.446362589999999892e-01,1.375822710000000060e-01,8.020395630000000109e-01,2.404606270000000101e-01,3.406225740000000113e-01,3.053307530000000103e-01
3.501090899999999978e-02,4.379237299999999555e-02,1.885971499999999912e-02,2.087827620000000106e-01,9.865562749999999825e-01,8.745239409999999713e-01,8.051560600000000345e-02,5.000000000000000278e-02,7.705835099999999716e-02,6.507116100000000236e-02,1.000000000000000056e-01,4.224698350000000158e-01,9.867780779999999474e-01,1.661579290000000098e-01,0.000000000000000000e+00,5.059422000000000051e-03,8.119255000000000569e-03,7.202692999999999596e-03,1.755667249999999791e-01,2.186311420000000005e-01,2.788381630000000277e-01,9.127937430000000463e-01,1.014159000000000033e-01,1.575157490000000104e-01,1.446362589999999892e-01,1.375822710000000060e-01,8.020395630000000109e-01,2.404606270000000101e-01,3.406225740000000113e-01,3.053307530000000103e-01
2.903664199999999793e-02,3.740696200000000193e-02,1.432908199999999993e-02,2.231576700000000024e-01,9.819344939999999911e-01,8.745239409999999713e-01,8.051560600000000345e-02,5.000000000000000278e-02,7.705835099999999716e-02,6.507116100000000236e-02,1.000000000000000056e-01,4.380120739999999735e-01,9.856373880000000032e-01,1.690938640000000104e-01,0.000000000000000000e+00,5.059422000000000051e-03,8.119255000000000569e-03,1.802265899999999990e-02,1.653939130000000035e-01,2.123868530000000143e-01,2.788381630000000277e-01,9.127937430000000463e-01,1.014159000000000033e-01,1.575157490000000104e-01,1.446362589999999892e-01,1.375822710000000060e-01,8.020395630000000109e-01,2.404606270000000101e-01,3.406225740000000113e-01,3.053307530000000103e-01
2.049931900000000196e-02,3.358943600000000029e-02,1.813050299999999920e-02,2.201184700000000105e-01,9.871441499999999980e-01,8.745239409999999713e-01,8.051560600000000345e-02,5.000000000000000278e-02,7.705835099999999716e-02,6.507116100000000236e-02,1.000000000000000056e-01,4.423868530000000243e-01,9.601785330000000007e-01,1.590386189999999922e-01,0.000000000000000000e+00,5.059422000000000051e-03,8.119255000000000569e-03,2.576379900000000042e-02,1.784592069999999808e-01,1.989696120000000179e-01,2.788381630000000277e-01,9.127937430000000463e-01,1.014159000000000033e-01,1.575157490000000104e-01,1.446362589999999892e-01,1.375822710000000060e-01,8.020395630000000109e-01,2.404606270000000101e-01,3.406225740000000113e-01,3.053307530000000103e-01
3.655946799999999774e-02,3.997492399999999502e-02,2.273100000000000120e-02,2.349478879999999936e-01,9.652437480000000125e-01,8.745239409999999713e-01,8.051560600000000345e-02,5.000000000000000278e-02,7.705835099999999716e-02,6.507116100000000236e-02,1.000000000000000056e-01,4.393962619999999819e-01,9.697076709999999933e-01,1.493786590000000247e-01,0.000000000000000000e+00,5.059422000000000051e-03,8.119255000000000569e-03,7.167048000000002250e-03,1.798275129999999944e-01,2.043711690000000192e-01,2.788381630000000277e-01,9.127937430000000463e-01,1.014159000000000033e-01,1.575157490000000104e-01,1.446362589999999892e-01,1.375822710000000060e-01,8.020395630000000109e-01,2.404606270000000101e-01,3.406225740000000113e-01,3.053307530000000103e-01
2.636434799999999926e-02,4.593354199999999388e-02,2.642152299999999884e-02,2.179024780000000105e-01,9.622591379999999583e-01,8.745239409999999713e-01,8.051560600000000345e-02,5.000000000000000278e-02,7.705835099999999716e-02,6.507116100000000236e-02,1.000000000000000056e-01,4.276844650000000136e-01,9.865729410000000366e-01,1.578578800000000060e-01,0.000000000000000000e+00,5.059422000000000051e-03,8.119255000000000569e-03,1.446647599999999895e-02,1.686052909999999905e-01,1.970764110000000069e-01,2.788381630000000277e-01,9.127937430000000463e-01,1.014159000000000033e-01,1.575157490000000104e-01,1.446362589999999892e-01,1.375822710000000060e-01,8.020395630000000109e-01,2.404606270000000101e-01,3.406225740000000113e-01,3.053307530000000103e-01
4.112974800000000070e-02,5.217768300000000248e-02,2.827438200000000068e-02,2.365967200000000104e-01,9.864857019999999643e-01,8.745239409999999713e-01,8.051560600000000345e-02,5.000000000000000278e-02,7.705835099999999716e-02,6.507116100000000236e-02,1.000000000000000056e-01,4.390302260000000234e-01,9.848769729999999889e-01,1.687983110000000064e-01,0.000000000000000000e+00,5.059422000000000051e-03,8.119255000000000569e-03,1.584007299999999965e-02,1.588875879999999963e-01,1.967666220000000021e-01,2.788381630000000277e-01,9.127937430000000463e-01,1.014159000000000033e-01,1.575157490000000104e-01,1.446362589999999892e-01,1.375822710000000060e-01,8.020395630000000109e-01,2.404606270000000101e-01,3.406225740000000113e-01,3.053307530000000103e-01
4.311708599999999891e-02,3.047836200000000190e-02,1.552084500000000186e-02,2.227890969999999915e-01,9.657953019999999666e-01,8.745239409999999713e-01,8.051560600000000345e-02,5.000000000000000278e-02,7.705835099999999716e-02,6.507116100000000236e-02,1.000000000000000056e-01,4.401322839999999847e-01,9.746682420000000180e-01,1.695991750000000187e-01,0.000000000000000000e+00,5.059422000000000051e-03,8.119255000000000569e-03,5.354667999999999928e-03,1.682205249999999819e-01,1.979771610000000126e-01,2.788381630000000277e-01,9.127937430000000463e-01,1.014159000000000033e-01,1.575157490000000104e-01,1.446362589999999892e-01,1.375822710000000060e-01,8.020395630000000109e-01,2.404606270000000101e-01,3.406225740000000113e-01,3.053307530000000103e-01
3.019621200000000005e-02,4.886121999999999688e-02,9.901306999999998082e-03,2.082042880000000151e-01,9.633658870000000318e-01,8.745239409999999713e-01,8.051560600000000345e-02,5.000000000000000278e-02,7.705835099999999716e-02,6.507116100000000236e-02,1.000000000000000056e-01,4.244130460000000160e-01,9.648550870000000002e-01,1.537909189999999982e-01,0.000000000000000000e+00,5.059422000000000051e-03,8.119255000000000569e-03,5.525894999999999418e-03,1.535822589999999987e-01,2.063322030000000196e-01,2.788381630000000277e-01,9.127937430000000463e-01,1.014159000000000033e-01,1.575157490000000104e-01,1.446362589999999892e-01,1.375822710000000060e-01,8.020395630000000109e-01,2.404606270000000101e-01,3.406225740000000113e-01,3.053307530000000103e-01
3.204802699999999976e-02,4.686446299999999510e-02,3.644188300000000130e-02,2.314324110000000045e-01,9.774676119999999857e-01,8.745239409999999713e-01,8.051560600000000345e-02,5.000000000000000278e-02,7.705835099999999716e-02,6.507116100000000236e-02,1.000000000000000056e-01,4.485276489999999727e-01,9.613756460000000281e-01,1.677412139999999996e-01,0.000000000000000000e+00,5.059422000000000051e-03,8.119255000000000569e-03,2.440458599999999895e-02,1.795767540000000051e-01,2.000664820000000177e-01,2.788381630000000277e-01,9.127937430000000463e-01,1.014159000000000033e-01,1.575157490000000104e-01,1.446362589999999892e-01,1.375822710000000060e-01,8.020395630000000109e-01,2.404606270000000101e-01,3.406225740000000113e-01,3.053307530000000103e-01
2.106426599999999816e-02,5.469688300000000170e-02,1.781983399999999967e-02,2.088425919999999936e-01,9.798735960000000134e-01,8.745239409999999713e-01,8.051560600000000345e-02,5.000000000000000278e-02,7.705835099999999716e-02,6.507116100000000236e-02,1.000000000000000056e-01,4.327110670000000048e-01,9.793794710000000014e-01,1.483370380000000044e-01,0.000000000000000000e+00,5.059422000000000051e-03,8.119255000000000569e-03,2.948080000000005696e-04,1.637471590000000032e-01,2.174252600000000091e-01,2.788381630000000277e-01,9.127937430000000463e-01,1.014159000000000033e-01,1.575157490000000104e-01,1.446362589999999892e-01,1.375822710000000060e-01,8.020395630000000109e-01,2.404606270000000101e-01,3.406225740000000113e-01,3.053307530000000103e-01
2.033966499999999983e-02,4.201274800000000254e-02,9.654675000000001450e-03,2.307598710000000053e-01,9.775487649999999862e-01,8.745239409999999713e-01,8.051560600000000345e-02,5.000000000000000278e-02,7.705835099999999716e-02,6.507116100000000236e-02,1.000000000000000056e-01,4.453191939999999738e-01,9.784881429999999769e-01,1.655692730000000168e-01,0.000000000000000000e+00,5.059422000000000051e-03,8.119255000000000569e-03,2.239729000000002801e-03,1.585194560000000030e-01,2.226094490000000148e-01,2.788381630000000277e-01,9.127937430000000463e-01,1.014159000000000033e-01,1.575157490000000104e-01,1.446362589999999892e-01,1.375822710000000060e-01,8.020395630000000109e-01,2.404606270000000101e-01,3.406225740000000113e-01,3.053307530000000103e-01
2.469188599999999970e-02,5.021700099999999722e-02,2.679176900000000000e-02,2.105999080000000023e-01,9.825795379999999746e-01,8.745239409999999713e-01,8.051560600000000345e-02,5.000000000000000278e-02,7.705835099999999716e-02,6.507116100000000236e-02,1.000000000000000056e-01,4.270570180000000104e-01,9.839110450000000396e-01,1.501811229999999997e-01,0.000000000000000000e+00,5.059422000000000051e-03,8.119255000000000569e-03,1.082444399999999904e-02,1.605782939999999825e-01,2.183685340000000030e-01,2.788381630000000277e-01,9.127937430000000463e-01,1.014159000000000033e-01,1.575157490000000104e-01,1.446362589999999892e-01,1.375822710000000060e-01,8.020395630000000109e-01,2.404606270000000101e-01,3.406225740000000113e-01,3.053307530000000103e-01
4.398483699999999885e-02,3.463401800000000252e-02,1.859175500000000147e-02,2.368126529999999841e-01,9.655601769999999640e-01,8.745239409999999713e-01,8.051560600000000345e-02,5.000000000000000278e-02,7.705835099999999716e-02,6.507116100000000236e-02,1.000000000000000056e-01,4.265222009999999897e-01,9.750084340000000349e-01,1.606541870000000038e-01,0.000000000000000000e+00,5.059422000000000051e-03,8.119255000000000569e-03,1.710333900000000212e-02,1.541813139999999860e-01,2.023598220000000225e-01,2.788381630000000277e-01,9.127937430000000463e-01,1.014159000000000033e-01,1.575157490000000104e-01,1.446362589999999892e-01,1.375822710000000060e-01,8.020395630000000109e-01,2.404606270000000101e-01,3.406225740000000113e-01,3.053307530000000103e-01
2.839528299999999686e-02,5.064161200000000251e-02,1.218404000000000015e-02,2.173892460000000082e-01,9.714567830000000459e-01,8.745239409999999713e-01,8.051560600000000345e-02,5.000000000000000278e-02,7.705835099999999716e-02,6.507116100000000236e-02,1.000000000000000056e-01,4.479101220000000216e-01,9.743754220000000466e-01,1.637939399999999990e-01,0.000000000000000000e+00,5.059422000000000051e-03,8.119255000000000569e-03,1.698414900000000047e-02,1.738848359999999871e-01,2.177461950000000035e-01,2.788381630000000277e-01,9.127937430000000463e-01,1.014159000000000033e-01,1.575157490000000104e-01,1.446362589999999892e-01,1.375822710000000060e-01,8.020395630000000109e-01,2.404606270000000101e-01,3.406225740000000113e-01,3.053307530000000103e-01
3.919262800000000019e-02,4.343937900000000019e-02,3.624279999999999863e-02,2.197550279999999912e-01,9.854278440000000527e-01,8.745239409999999713e-01,8.051560600000000345e-02,5.000000000000000278e-02,7.705835099999999716e-02,6.507116100000000236e-02,1.000000000000000056e-01,4.325878409999999730e-01,9.873203230000000552e-01,1.551524760000000114e-01,0.000000000000000000e+00,5.059422000000000051e-03,8.119255000000000569e-03,0.000000000000000000e+00,1.687070579999999931e-01,2.215199939999999978e-01,2.788381630000000277e-01,9.127937430000000463e-01,1.014159000000000033e-01,1.575157490000000104e-01,1.446362589999999892e-01,1.375822710000000060e-01,8.020395630000000109e-01,2.404606270000000101e-01,3.406225740000000113e-01,3.053307530000000103e-01
3.320147799999999955e-02,4.727496600000000160e-02,1.405416000000000304e-02,2.194210129999999981e-01,9.651573970000000280e-01,8.745239409999999713e-01,8.051560600000000345e-02,5.000000000000000278e-02,7.705835099999999716e-02,6.507116100000000236e-02,1.000000000000000056e-01,4.322945890000000069e-01,9.878732159999999984e-01,1.616046670000000074e-01,0.000000000000000000e+00,5.059422000000000051e-03,8.119255000000000569e-03,1.815653000000000405e-03,1.764196009999999815e-01,2.089569110000000229e-01,2.788381630000000277e-01,9.127937430000000463e-01,1.014159000000000033e-01,1.575157490000000104e-01,1.446362589999999892e-01,1.375822710000000060e-01,8.020395630000000109e-01,2.404606270000000101e-01,3.406225740000000113e-01,3.053307530000000103e-01
1.678911899999999818e-02,3.632667700000000166e-02,1.063534399999999797e-02,2.253622020000000115e-01,9.673594559999999509e-01,8.745239409999999713e-01,8.051560600000000345e-02,5.000000000000000278e-02,7.705835099999999716e-02,6.507116100000000236e-02,1.000000000000000056e-01,4.413664609999999877e-01,9.690919279999999913e-01,1.679098310000000094e-01,0.000000000000000000e+00,5.059422000000000051e-03,8.119255000000000569e-03,0.000000000000000000e+00,1.672598629999999809e-01,2.057782969999999989e-01,2.788381630000000277e-01,9.127937430000000463e-01,1.014159000000000033e-01,1.575157490000000104e-01,1.446362589999999892e-01,1.375822710000000060e-01,8.020395630000000109e-01,2.404606270000000101e-01,3.406225740000000113e-01,3.053307530000000103e-01
1.922461099999999562e-02,2.993874800000000114e-02,1.530570599999999878e-02,2.258628349999999840e-01,9.748852080000000031e-01,8.745239409999999713e-01,8.051560600000000345e-02,5.000000000000000278e-02,7.705835099999999716e-02,6.507116100000000236e-02,1.000000000000000056e-01,4.341212010000000121e-01,9.631911130000000432e-01,1.470407750000000124e-01,0.000000000000000000e+00,5.059422000000000051e-03,8.119255000000000569e-03,8.307211000000001844e-03,1.728144100000000016e-01,1.974641420000000092e-01,2.788381630000000277e-01,9.127937430000000463e-01,1.014159000000000033e-01,1.575157490000000104e-01,1.446362589999999892e-01,1.375822710000000060e-01,8.020395630000000109e-01,2.404606270000000101e-01,3.406225740000000113e-01,3.053307530000000103e-01
2.676287399999999900e-02,4.017466100000000040e-02,2.345665200000000145e-02,2.341905270000000094e-01,9.716429840000000429e-01,8.745239409999999713e-01,8.051560600000000345e-02,5.000000000000000278e-02,7.705835099999999716e-02,6.507116100000000236e-02,1.000000000000000056e-01,4.410007890000000041e-01,9.728668440000000084e-01,1.744343480000000168e-01,0.000000000000000000e+00,5.059422000000000051e-03,8.119255000000000569e-03,1.959827899999999970e-02,1.711299389999999809e-01,2.036869179999999946e-01,2.788381630000000277e-01,9.127937430000000463e-01,1.014159000000000033e-01,1.575157490000000104e-01,1.446362589999999892e-01,1.375822710000000060e-01,8.020395630000000109e-01,2.404606270000000101e-01,3.406225740000000113e-01,3.053307530000000103e-01
4.365398699999999826e-02,4.897364799999999463e-02,3.341574099999999881e-02,2.091429650000000140e-01,9.855206640000000462e-01,8.745239409999999713e-01,8.051560600000000345e-02,5.000000000000000278e-02,7.705835099999999716e-02,6.507116100000000236e-02,1.000000000000000056e-01,4.232020870000000046e-01,9.847196849999999557e-01,1.510556359999999931e-01,0.000000000000000000e+00,5.059422000000000051e-03,8.119255000000000569e-03,1.375906099999999951e-02,1.618403109999999867e-01,2.220079779999999947e-01,2.788381630000000277e-01,9.127937430000000463e-01,1.014159000000000033e-01,1.575157490000000104e-01,1.446362589999999892e-01,1.375822710000000060e-01,8.020395630000000109e-01,2.404606270000000101e-01,3.406225740000000113e-01,3.053307530000000103e-01
3.550847799999999610e-02,4.584250499999999867e-02,3.374036700000000027e-02,2.128579989999999922e-01,9.606287529999999464e-01,8.745239409999999713e-01,8.051560600000000345e-02,5.000000000000000278e-02,7.705835099999999716e-02,6.507116100000000236e-02,1.000000000000000056e-01,4.495657069999999811e-01,9.626145900000000477e-01,1.683400000000000174e-01,0.000000000000000000e+00,5.059422000000000051e-03,8.119255000000000569e-03,8.399374000000001117e-03,1.566475259999999814e-01,2.225520639999999939e-01,2.788381630000000277e-01,9.127937430000000463e-01,1.014159000000000033e-01,1.575157490000000104e-01,1.446362589999999892e-01,1.375822710000000060e-01,8.020395630000000109e-01,2.404606270000000101e-01,3.406225740000000113e-01,3.053307530000000103e-01
3.080627399999999808e-02,4.846222499999999767e-02,7.914190000000001501e-03,2.138867200000000024e-01,9.712460299999999824e-01,8.745239409999999713e-01,8.051560600000000345e-02,5.000000000000000278e-02,7.705835099999999716e-02,6.507116100000000236e-02,1.000000000000000056e-01,4.237242649999999888e-01,9.770513060000000083e-01,1.638998329999999948e-01,0.000000000000000000e+00,5.059422000000000051e-03,8.119255000000000569e-03,1.323603500000000016e-02,1.516002330000000009e-01,2.049135089999999937e-01,2.788381630000000277e-01,9.127937430000000463e-01,1.014159000000000033e-01,1.575157490000000104e-01,1.446362589999999892e-01,1.375822710000000060e-01,8.020395630000000109e-01,2.404606270000000101e-01,3.406225740000000113e-01,3.053307530000000103e-01
2.011844200000000027e-02,5.248382399999999837e-02,1.221105499999999844e-02,2.155696980000000040e-01,9.729706449999999673e-01,8.745239409999999713e-01,8.051560600000000345e-02,5.000000000000000278e-02,7.705835099999999716e-02,6.507116100000000236e-02,1.000000000000000056e-01,4.315863209999999950e-01,9.754245639999999939e-01,1.570274040000000093e-01,0.000000000000000000e+00,5.059422000000000051e-03,8.119255000000000569e-03,5.026534999999998643e-03,1.658639799999999942e-01,1.962029920000000205e-01,2.788381630000000277e-01,9.127937430000000463e-01,1.014159000000000033e-01,1.575157490000000104e-01,1.446362589999999892e-01,1.375822710000000060e-01,8.020395630000000109e-01,2.404606270000000101e-01,3.406225740000000113e-01,3.053307530000000103e-01
4.174755799999999711e-02,2.601122299999999998e-02,3.366812400000000066e-02,2.267309230000000009e-01,9.778628209999999932e-01,8.745239409999999713e-01,8.051560600000000345e-02,5.000000000000000278e-02,7.705835099999999716e-02,6.507116100000000236e-02,1.000000000000000056e-01,4.254445030000000294e-01,9.864443019999999951e-01,1.585800950000000042e-01,0.000000000000000000e+00,5.059422000000000051e-03,8.119255000000000569e-03,1.299322200000000219e-02,1.673183239999999905e-01,2.076261940000000139e-01,2.788381630000000277e-01,9.127937430000000463e-01,1.014159000000000033e-01,1.575157490000000104e-01,1.446362589999999892e-01,1.375822710000000060e-01,8.020395630000000109e-01,2.404606270000000101e-01,3.406225740000000113e-01,3.053307530000000103e-01
3.587685999999999653e-02,3.066091399999999745e-02,1.122787299999999933e-02,2.147452910000000048e-01,9.799777280000000479e-01,8.745239409999999713e-01,8.051560600000000345e-02,5.000000000000000278e-02,7.705835099999999716e-02,6.507116100000000236e-02,1.000000000000000056e-01,4.498491210000000184e-01,9.600627000000000466e-01,1.707891370000000075e-01,0.000000000000000000e+00,5.059422000000000051e-03,8.119255000000000569e-03,9.932157999999999959e-03,1.600226639999999811e-01,2.236627860000000023e-01,2.788381630000000277e-01,9.127937430000000463e-01,1.014159000000000033e-01,1.575157490000000104e-01,1.446362589999999892e-01,1.375822710000000060e-01,8.020395630000000109e-01,2.404606270000000101e-01,3.406225740000000113e-01,3.053307530000000103e-01
2.935208299999999756e-02,3.151640199999999892e-02,3.226429000000000102e-02,2.122360799999999936e-01,9.710590319999999886e-01,8.745239409999999713e-01,8.051560600000000345e-02,5.000000000000000278e-02,7.705835099999999716e-02,6.507116100000000236e-02,1.000000000000000056e-01,4.286523899999999943e-01,9.871071420000000485e-01,1.721822689999999989e-01,0.000000000000000000e+00,5.059422000000000051e-03,8.119255000000000569e-03,6.770490000000000536e-03,1.661477319999999924e-01,2.136596840000000164e-01,2.788381630000000277e-01,9.127937430000000463e-01,1.014159000000000033e-01,1.575157490000000104e-01,1.446362589999999892e-01,1.375822710000000060e-01,8.020395630000000109e-01,2.404606270000000101e-01,3.406225740000000113e-01,3.053307530000000103e-01
2.223560599999999804e-02,3.337713099999999738e-02,1.420606199999999847e-02,2.337372020000000050e-01,9.653563750000000443e-01,8.745239409999999713e-01,8.051560600000000345e-02,5.000000000000000278e-02,7.705835099999999716e-02,6.507116100000000236e-02,1.000000000000000056e-01,4.501252130000000240e-01,9.859322870000000183e-01,1.659674740000000037e-01,0.000000000000000000e+00,5.059422000000000051e-03,8.119255000000000569e-03,3.540967999999998506e-03,1.527784709999999990e-01,2.195862840000000205e-01,2.788381630000000277e-01,9.127937430000000463e-01,1.014159000000000033e-01,1.575157490000000104e-01,1.446362589999999892e-01,1.375822710000000060e-01,8.020395630000000109e-01,2.404606270000000101e-01,3.406225740000000113e-01,3.053307530000000103e-01
2.531251199999999882e-02,2.737024999999999875e-02,2.177255800000000088e-02,2.334292849999999864e-01,9.659448800000000057e-01,8.745239409999999713e-01,8.051560600000000345e-02,5.000000000000000278e-02,7.705835099999999716e-02,6.507116100000000236e-02,1.000000000000000056e-01,4.378524859999999852e-01,9.603395940000000186e-01,1.477478080000000082e-01,0.000000000000000000e+00,5.059422000000000051e-03,8.119255000000000569e-03,2.163470099999999924e-02,1.553575379999999895e-01,2.183489640000000065e-01,2.788381630000000277e-01,9.127937430000000463e-01,1.014159000000000033e-01,1.575157490000000104e-01,1.446362589999999892e-01,1.375822710000000060e-01,8.020395630000000109e-01,2.404606270000000101e-01,3.406225740000000113e-01,3.053307530000000103e-01
3.469775199999999837e-02,5.281265500000000002e-02,1.533999500000000210e-02,2.208873239999999960e-01,9.764850880000000011e-01,8.745239409999999713e-01,8.051560600000000345e-02,5.000000000000000278e-02,7.705835099999999716e-02,6.507116100000000236e-02,1.000000000000000056e-01,4.288969569999999676e-01,9.808934900000000345e-01,1.618720290000000006e-01,0.000000000000000000e+00,5.059422000000000051e-03,8.119255000000000569e-03,1.506112999999999896e-02,1.741894829999999783e-01,2.099327480000000024e-01,2.788381630000000277e-01,9.127937430000000463e-01,1.014159000000000033e-01,1.575157490000000104e-01,1.446362589999999892e-01,1.375822710000000060e-01,8.020395630000000109e-01,2.404606270000000101e-01,3.406225740000000113e-01,3.053307530000000103e-01
3.574535699999999844e-02,3.880422399999999827e-02,2.491650600000000146e-02,2.191239489999999845e-01,9.877219219999999744e-01,8.745239409999999713e-01,8.051560600000000345e-02,5.000000000000000278e-02,7.705835099999999716e-02,6.507116100000000236e-02,1.000000000000000056e-01,4.411903130000000006e-01,9.669666500000000386e-01,1.498051559999999949e-01,0.000000000000000000e+00,5.059422000000000051e-03,8.119255000000000569e-03,2.124599900000000152e-02,1.607920740000000071e-01,2.092755550000000020e-01,2.788381630000000277e-01,9.127937430000000463e-01,1.014159000000000033e-01,1.575157490000000104e-01,1.446362589999999892e-01,1.375822710000000060e-01,8.020395630000000109e-01,2.404606270000000101e-01,3.406225740000000113e-01,3.053307530000000103e-01
2.648234000000000005e-02,3.777633299999999528e-02,2.433652799999999963e-02,2.224891049999999926e-01,9.888105750000000249e-01,8.745239409999999713e-01,8.051560600000000345e-02,5.000000000000000278e-02,7.705835099999999716e-02,6.507116100000000236e-02,1.000000000000000056e-01,4.331374290000000182e-01,9.792080450000000269e-01,1.545554480000000119e-01,0.000000000000000000e+00,5.059422000000000051e-03,8.119255000000000569e-03,1.752830300000000202e-02,1.631685330000000045e-01,2.163951810000000198e-01,2.788381630000000277e-01,9.127937430000000463e-01,1.014159000000000033e-01,1.575157490000000104e-01,1.446362589999999892e-01,1.375822710000000060e-01,8.020395630000000109e-01,2.404606270000000101e-01,3.406225740000000113e-01,3.053307530000000103e-01
2.499899099999999819e-02,3.134072699999999878e-02,3.285273100000000307e-02,2.286950020000000083e-01,9.769773480000000232e-01,8.745239409999999713e-01,8.051560600000000345e-02,5.000000000000000278e-02,7.705835099999999716e-02,6.507116100000000236e-02,1.000000000000000056e-01,4.325499179999999777e-01,9.847512910000000286e-01,1.648178309999999980e-01,0.000000000000000000e+00,5.059422000000000051e-03,8.119255000000000569e-03,6.875707000000001734e-03,1.792416289999999857e-01,1.995871670000000098e-01,2.788381630000000277e-01,9.127937430000000463e-01,1.014159000000000033e-01,1.575157490000000104e-01,1.446362589999999892e-01,1.375822710000000060e-01,8.020395630000000109e-01,2.404606270000000101e-01,3.406225740000000113e-01,3.053307530000000103e-01
2.981703099999999731e-02,3.248141799999999801e-02,3.088140799999999908e-02,2.315574039999999945e-01,9.879643259999999483e-01,8.745239409999999713e-01,8.051560600000000345e-02,5.000000000000000278e-02,7.705835099999999716e-02,6.507116100000000236e-02,1.000000000000000056e-01,4.473285630000000124e-01,9.629059500000000105e-01,1.616579120000000147e-01,0.000000000000000000e+00,5.059422000000000051e-03,8.119255000000000569e-03,0.000000000000000000e+00,1.647753109999999799e-01,2.108183640000000081e-01,2.788381630000000277e-01,9.127937430000000463e-01,1.014159000000000033e-01,1.575157490000000104e-01,1.446362589999999892e-01,1.375822710000000060e-01,8.020395630000000109e-01,2.404606270000000101e-01,3.406225740000000113e-01,3.053307530000000103e-01
2.430174199999999771e-02,4.901421499999999987e-02,3.492582600000000009e-02,2.164829020000000048e-01,9.728727860000000449e-01,8.745239409999999713e-01,8.051560600000000345e-02,5.000000000000000278e-02,7.705835099999999716e-02,6.507116100000000236e-02,1.000000000000000056e-01,4.393034040000000084e-01,9.630852629999999692e-01,1.731731350000000058e-01,0.000000000000000000e+00,5.059422000000000051e-03,8.119255000000000569e-03,5.757046000000001773e-03,1.776835649999999878e-01,2.248483170000000197e-01,2.788381630000000277e-01,9.127937430000000463e-01,1.014159000000000033e-01,1.575157490000000104e-01,1.446362589999999892e-01,1.375822710000000060e-01,8.020395630000000109e-01,2.404606270000000101e-01,3.406225740000000113e-01,3.053307530000000103e-01
3.366212100000000318e-02,4.033385400000000232e-02,3.001387700000000130e-02,2.191525450000000041e-01,9.784144790000000036e-01,8.745239409999999713e-01,8.051560600000000345e-02,5.000000000000000278e-02,7.705835099999999716e-02,6.507116100000000236e-02,1.000000000000000056e-01,4.282817939999999934e-01,9.822598209999999774e-01,1.471844399999999997e-01,0.000000000000000000e+00,5.059422000000000051e-03,8.119255000000000569e-03,1.844742400000000046e-02,1.715304849999999826e-01,2.115007630000000083e-01,2.788381630000000277e-01,9.127937430000000463e-01,1.014159000000000033e-01,1.575157490000000104e-01,1.446362589999999892e-01,1.375822710000000060e-01,8.020395630000000109e-01,2.404606270000000101e-01,3.406225740000000113e-01,3.053307530000000103e-01
2.778598699999999810e-02,3.059430800000000061e-02,2.478521599999999880e-02,2.075791389999999959e-01,9.851909930000000148e-01,8.745239409999999713e-01,8.051560600000000345e-02,5.000000000000000278e-02,7.705835099999999716e-02,6.507116100000000236e-02,1.000000000000000056e-01,4.386739089999999730e-01,9.827309189999999806e-01,1.475656519999999916e-01,0.000000000000000000e+00,5.059422000000000051e-03,8.119255000000000569e-03,1.353679400000000130e-02,1.687964559999999836e-01,2.210421860000000016e-01,2.788381630000000277e-01,9.127937430000000463e-01,1.014159000000000033e-01,1.575157490000000104e-01,1.446362589999999892e-01,1.375822710000000060e-01,8.020395630000000109e-01,2.404606270000000101e-01,3.406225740000000113e-01,3.053307530000000103e-01
2.962934100000000001e-02,3.732924699999999596e-02,7.303139000000000158e-03,2.124820949999999820e-01,9.615657629999999623e-01,8.745239409999999713e-01,8.051560600000000345e-02,5.000000000000000278e-02,7.705835099999999716e-02,6.507116100000000236e-02,1.000000000000000056e-01,4.268716619999999851e-01,9.603663940000000121e-01,1.675218980000000024e-01,0.000000000000000000e+00,5.059422000000000051e-03,8.119255000000000569e-03,8.605750000000023103e-04,1.606700839999999908e-01,2.056476819999999983e-01,2.788381630000000277e-01,9.127937430000000463e-01,1.014159000000000033e-01,1.575157490000000104e-01,1.446362589999999892e-01,1.375822710000000060e-01,8.020395630000000109e-01,2.404606270000000101e-01,3.406225740000000113e-01,3.053307530000000103e-01
4.194107299999999539e-02,5.261562300000000025e-02,1.271109200000000022e-02,2.169338570000000077e-01,9.666927570000000136e-01,8.745239409999999713e-01,8.051560600000000345e-02,5.000000000000000278e-02,7.705835099999999716e-02,6.507116100000000236e-02,1.000000000000000056e-01,4.434478530000000029e-01,9.840373780000000181e-01,1.741710100000000150e-01,0.000000000000000000e+00,5.059422000000000051e-03,8.119255000000000569e-03,1.134609300000000154e-02,1.704029499999999975e-01,2.200171270000000068e-01,2.788381630000000277e-01,9.127937430000000463e-01,1.014159000000000033e-01,1.575157490000000104e-01,1.446362589999999892e-01,1.375822710000000060e-01,8.020395630000000109e-01,2.404606270000000101e-01,3.406225740000000113e-01,3.053307530000000103e-01
2.139059199999999994e-02,2.908087899999999698e-02,3.428503100000000053e-02,2.297237410000000091e-01,9.789612669999999683e-01,8.745239409999999713e-01,8.051560600000000345e-02,5.000000000000000278e-02,7.705835099999999716e-02,6.507116100000000236e-02,1.000000000000000056e-01,4.339725600000000072e-01,9.817172589999999532e-01,1.526943139999999977e-01,0.000000000000000000e+00,5.059422000000000051e-03,8.119255000000000569e-03,1.826851000000000169e-02,1.760174899999999987e-01,2.014065530000000159e-01,2.788381630000000277e-01,9.127937430000000463e-01,1.014159000000000033e-01,1.575157490000000104e-01,1.446362589999999892e-01,1.375822710000000060e-01,8.020395630000000109e-01,2.404606270000000101e-01,3.406225740000000113e-01,3.053307530000000103e-01
3.217628599999999839e-02,3.914378799999999881e-02,1.795600900000000194e-02,2.219628489999999899e-01,9.861933889999999758e-01,8.745239409999999713e-01,8.051560600000000345e-02,5.000000000000000278e-02,7.705835099999999716e-02,6.507116100000000236e-02,1.000000000000000056e-01,4.373066299999999740e-01,9.772262569999999871e-01,1.473984249999999996e-01,0.000000000000000000e+00,5.059422000000000051e-03,8.119255000000000569e-03,4.546603000000003225e-03,1.519355609999999968e-01,2.048732060000000021e-01,2.788381630000000277e-01,9.127937430000000463e-01,1.014159000000000033e-01,1.575157490000000104e-01,1.446362589999999892e-01,1.375822710000000060e-01,8.020395630000000109e-01,2.404606270000000101e-01,3.406225740000000113e-01,3.053307530000000103e-01
1.450159399999999960e-02,5.514855500000000188e-02,1.597589599999999985e-02,2.324730779999999997e-01,9.615140450000000394e-01,8.745239409999999713e-01,8.051560600000000345e-02,5.000000000000000278e-02,7.705835099999999716e-02,6.507116100000000236e-02,1.000000000000000056e-01,4.520257839999999860e-01,9.755984370000000405e-01,1.610822160000000003e-01,0.000000000000000000e+00,5.059422000000000051e-03,8.119255000000000569e-03,2.516441999999999984e-02,1.565200189999999825e-01,1.957165730000000048e-01,2.788381630000000277e-01,9.127937430000000463e-01,1.014159000000000033e-01,1.575157490000000104e-01,1.446362589999999892e-01,1.375822710000000060e-01,8.020395630000000109e-01,2.404606270000000101e-01,3.406225740000000113e-01,3.053307530000000103e-01
3.394061699999999931e-02,4.944298299999999591e-02,3.134720300000000404e-02,2.168064199999999997e-01,9.675534169999999712e-01,8.745239409999999713e-01,8.051560600000000345e-02,5.000000000000000278e-02,7.705835099999999716e-02,6.507116100000000236e-02,1.000000000000000056e-01,4.462492499999999862e-01,9.662525140000000068e-01,1.643556480000000208e-01,0.000000000000000000e+00,5.059422000000000051e-03,8.119255000000000569e-03,1.026037000000000129e-02,1.579491259999999953e-01,2.170080850000000172e-01,2.788381630000000277e-01,9.127937430000000463e-01,1.014159000000000033e-01,1.575157490000000104e-01,1.446362589999999892e-01,1.375822710000000060e-01,8.020395630000000109e-01,2.404606270000000101e-01,3.406225740000000113e-01,3.053307530000000103e-01
2.399517499999999706e-02,5.091622599999999499e-02,2.091667700000000157e-02,2.195808760000000082e-01,9.802258569999999782e-01,8.745239409999999713e-01,8.051560600000000345e-02,5.000000000000000278e-02,7.705835099999999716e-02,6.507116100000000236e-02,1.000000000000000056e-01,4.252498960000000161e-01,9.684115810000000213e-01,1.697485800000000100e-01,0.000000000000000000e+00,5.059422000000000051e-03,8.119255000000000569e-03,2.358092200000000069e-02,1.697848429999999909e-01,2.157652800000000037e-01,2.788381630000000277e-01,9.127937430000000463e-01,1.014159000000000033e-01,1.575157490000000104e-01,1.446362589999999892e-01,1.375822710000000060e-01,8.020395630000000109e-01,2.404606270000000101e-01,3.406225740000000113e-01,3.053307530000000103e-01
2.235423699999999902e-02,3.022659500000000193e-02,2.248249600000000112e-02,2.323433079999999984e-01,9.809840349999999765e-01,8.745239409999999713e-01,8.051560600000000345e-02,5.000000000000000278e-02,7.705835099999999716e-02,6.507116100000000236e-02,1.000000000000000056e-01,4.239055609999999863e-01,9.830174790000000273e-01,1.476988280000000042e-01,0.000000000000000000e+00,5.059422000000000051e-03,8.119255000000000569e-03,1.345019899999999949e-02,1.725208629999999965e-01,1.993372990000000233e-01,2.788381630000000277e-01,9.127937430000000463e-01,1.014159000000000033e-01,1.575157490000000104e-01,1.446362589999999892e-01,1.375822710000000060e-01,8.020395630000000109e-01,2.404606270000000101e-01,3.406225740000000113e-01,3.053307530000000103e-01
4.105575000000000196e-02,3.007674500000000195e-02,1.361553700000000394e-02,2.346295429999999960e-01,9.787725160000000368e-01,8.745239409999999713e-01,8.051560600000000345e-02,5.000000000000000278e-02,7.705835099999999716e-02,6.507116100000000236e-02,1.000000000000000056e-01,4.245274450000000033e-01,9.656199220000000194e-01,1.512507960000000207e-01,0.000000000000000000e+00,5.059422000000000051e-03,8.119255000000000569e-03,0.000000000000000000e+00,1.757371229999999951e-01,2.063581909999999964e-01,2.788381630000000277e-01,9.127937430000000463e-01,1.014159000000000033e-01,1.575157490000000104e-01,1.446362589999999892e-01,1.375822710000000060e-01,8.020395630000000109e-01,2.404606270000000101e-01,3.406225740000000113e-01,3.053307530000000103e-01
3.557886999999999855e-02,3.216967399999999533e-02,1.140603500000000187e-02,2.070437960000000022e-01,9.739354660000000274e-01,8.745239409999999713e-01,8.051560600000000345e-02,5.000000000000000278e-02,7.705835099999999716e-02,6.507116100000000236e-02,1.000000000000000056e-01,4.307102440000000199e-01,9.672111230000000059e-01,1.460901350000000098e-01,0.000000000000000000e+00,5.059422000000000051e-03,8.119255000000000569e-03,1.007954399999999931e-02,1.558073560000000080e-01,2.154901110000000120e-01,2.788381630000000277e-01,9.127937430000000463e-01,1.014159000000000033e-01,1.575157490000000104e-01,1.446362589999999892e-01,1.375822710000000060e-01,8.020395630000000109e-01,2.404606270000000101e-01,3.406225740000000113e-01,3.053307530000000103e-01
2.563230700000000001e-02,4.986404299999999679e-02,2.989842499999999931e-02,2.206978970000000040e-01,9.690978609999999493e-01,8.745239409999999713e-01,8.051560600000000345e-02,5.000000000000000278e-02,7.705835099999999716e-02,6.507116100000000236e-02,1.000000000000000056e-01,4.358407879999999790e-01,9.645781490000000513e-01,1.689531870000000047e-01,0.000000000000000000e+00,5.059422000000000051e-03,8.119255000000000569e-03,1.456827000000000816e-03,1.788563679999999878e-01,2.136858410000000152e-01,2.788381630000000277e-01,9.127937430000000463e-01,1.014159000000000033e-01,1.575157490000000104e-01,1.446362589999999892e-01,1.375822710000000060e-01,8.020395630000000109e-01,2.404606270000000101e-01,3.406225740000000113e-01,3.053307530000000103e-01
2.628771799999999811e-02,3.544078300000000348e-02,2.830839800000000198e-02,2.362575459999999850e-01,9.825332829999999795e-01,8.745239409999999713e-01,8.051560600000000345e-02,5.000000000000000278e-02,7.705835099999999716e-02,6.507116100000000236e-02,1.000000000000000056e-01,4.429570589999999863e-01,9.680248799999999765e-01,1.525616510000000203e-01,0.000000000000000000e+00,5.059422000000000051e-03,8.119255000000000569e-03,1.860724899999999932e-02,1.559954000000000063e-01,1.951860850000000092e-01,2.788381630000000277e-01,9.127937430000000463e-01,1.014159000000000033e-01,1.575157490000000104e-01,1.446362589999999892e-01,1.375822710000000060e-01,8.020395630000000109e-01,2.404606270000000101e-01,3.406225740000000113e-01,3.053307530000000103e-01
3.419557799999999731e-02,5.383309799999999590e-02,8.368767999999998652e-03,2.119293730000000042e-01,9.892632220000000531e-01,8.745239409999999713e-01,8.051560600000000345e-02,5.000000000000000278e-02,7.705835099999999716e-02,6.507116100000000236e-02,1.000000000000000056e-01,4.446674290000000029e-01,9.706434069999999581e-01,1.488135570000000130e-01,0.000000000000000000e+00,5.059422000000000051e-03,8.119255000000000569e-03,2.435449999999998727e-03,1.664559300000000019e-01,2.072520480000000220e-01,2.788381630000000277e-01,9.127937430000000463e-01,1.014159000000000033e-01,1.575157490000000104e-01,1.446362589999999892e-01,1.375822710000000060e-01,8.020395630000000109e-01,2.404606270000000101e-01,3.406225740000000113e-01,3.053307530000000103e-01
3.686045899999999820e-02,3.296864499999999781e-02,1.292044199999999726e-02,2.289940369999999836e-01,9.779751650000000351e-01,8.745239409999999713e-01,8.051560600000000345e-02,5.000000000000000278e-02,7.705835099999999716e-02,6.507116100000000236e-02,1.000000000000000056e-01,4.385078769999999904e-01,9.737159899999999757e-01,1.539509800000000150e-01,0.000000000000000000e+00,5.059422000000000051e-03,8.119255000000000569e-03,0.000000000000000000e+00,1.786419199999999818e-01,2.097176880000000132e-01,2.788381630000000277e-01,9.127937430000000463e-01,1.014159000000000033e-01,1.575157490000000104e-01,1.446362589999999892e-01,1.375822710000000060e-01,8.020395630000000109e-01,2.404606270000000101e-01,3.406225740000000113e-01,3.053307530000000103e-01
2.520243499999999873e-02,2.575685199999999675e-02,1.917638200000000223e-02,2.108971119999999977e-01,9.884424219999999872e-01,8.745239409999999713e-01,8.051560600000000345e-02,5.000000000000000278e-02,7.705835099999999716e-02,6.507116100000000236e-02,1.000000000000000056e-01,4.521747810000000256e-01,9.883904550000000011e-01,1.628969350000000205e-01,0.000000000000000000e+00,5.059422000000000051e-03,8.119255000000000569e-03,1.049447400000000016e-02,1.721892099999999814e-01,2.243442509999999945e-01,2.788381630000000277e-01,9.127937430000000463e-01,1.014159000000000033e-01,1.575157490000000104e-01,1.446362589999999892e-01,1.375822710000000060e-01,8.020395630000000109e-01,2.404606270000000101e-01,3.406225740000000113e-01,3.053307530000000103e-01
2.926605399999999968e-02,4.511902399999999369e-02,2.873232300000000058e-02,2.223195990000000066e-01,9.805803730000000051e-01,8.745239409999999713e-01,8.051560600000000345e-02,5.000000000000000278e-02,7.705835099999999716e-02,6.507116100000000236e-02,1.000000000000000056e-01,4.312958310000000184e-01,9.806642730000000308e-01,1.534512920000000169e-01,0.000000000000000000e+00,5.059422000000000051e-03,8.119255000000000569e-03,2.522432999999997538e-03,1.732358749999999836e-01,2.027653090000000047e-01,2.788381630000000277e-01,9.127937430000000463e-01,1.014159000000000033e-01,1.575157490000000104e-01,1.446362589999999892e-01,1.375822710000000060e-01,8.020395630000000109e-01,2.404606270000000101e-01,3.406225740000000113e-01,3.053307530000000103e-01
1.536213000000000162e-02,3.415458999999999856e-02,1.677256800000000159e-02,2.158381070000000013e-01,9.861282519999999829e-01,8.745239409999999713e-01,8.051560600000000345e-02,5.000000000000000278e-02,7.705835099999999716e-02,6.507116100000000236e-02,1.000000000000000056e-01,4.262567179999999789e-01,9.673719899999999594e-01,1.740354450000000108e-01,0.000000000000000000e+00,5.059422000000000051e-03,8.119255000000000569e-03,2.661326800000000242e-02,1.510029889999999764e-01,2.002970480000000053e-01,2.788381630000000277e-01,9.127937430000000463e-01,1.014159000000000033e-01,1.575157490000000104e-01,1.446362589999999892e-01,1.375822710000000060e-01,8.020395630000000109e-01,2.404606270000000101e-01,3.406225740000000113e-01,3.053307530000000103e-01
2.300299099999999694e-02,4.448360199999999709e-02,2.287415800000000207e-02,2.095363399999999876e-01,9.649595699999999887e-01,8.745239409999999713e-01,8.051560600000000345e-02,5.000000000000000278e-02,7.705835099999999716e-02,6.507116100000000236e-02,1.000000000000000056e-01,4.494722669999999809e-01,9.692931059999999599e-01,1.576124030000000120e-01,0.000000000000000000e+00,5.059422000000000051e-03,8.119255000000000569e-03,1.396949700000000086e-02,1.517423990000000000e-01,2.030044739999999903e-01,2.788381630000000277e-01,9.127937430000000463e-01,1.014159000000000033e-01,1.575157490000000104e-01,1.446362589999999892e-01,1.375822710000000060e-01,8.020395630000000109e-01,2.404606270000000101e-01,3.406225740000000113e-01,3.053307530000000103e-01
1.631547299999999701e-02,5.068273599999999907e-02,3.311948700000000301e-02,2.097144479999999978e-01,9.756933509999999865e-01,8.745239409999999713e-01,8.051560600000000345e-02,5.000000000000000278e-02,7.705835099999999716e-02,6.507116100000000236e-02,1.000000000000000056e-01,4.271883429999999704e-01,9.727967960000000192e-01,1.496761830000000182e-01,0.000000000000000000e+00,5.059422000000000051e-03,8.119255000000000569e-03,2.152619000000000060e-02,1.634124419999999911e-01,2.202075850000000112e-01,2.788381630000000277e-01,9.127937430000000463e-01,1.014159000000000033e-01,1.575157490000000104e-01,1.446362589999999892e-01,1.375822710000000060e-01,8.020395630000000109e-01,2.404606270000000101e-01,3.406225740000000113e-01,3.053307530000000103e-01
1.955295199999999844e-02,4.208878800000000198e-02,3.584402800000000000e-02,2.248670170000000024e-01,9.795826560000000516e-01,8.745239409999999713e-01,8.051560600000000345e-02,5.000000000000000278e-02,7.705835099999999716e-02,6.507116100000000236e-02,1.000000000000000056e-01,4.402348910000000171e-01,9.717907190000000250e-01,1.454488570000000147e-01,0.000000000000000000e+00,5.059422000000000051e-03,8.119255000000000569e-03,3.285502000000002643e-03,1.695488379999999795e-01,2.052206139999999956e-01,2.788381630000000277e-01,9.127937430000000463e-01,1.014159000000000033e-01,1.575157490000000104e-01,1.446362589999999892e-01,1.375822710000000060e-01,8.020395630000000109e-01,2.404606270000000101e-01,3.406225740000000113e-01,3.053307530000000103e-01
2.791185499999999930e-02,3.307570199999999849e-02,1.462823199999999796e-02,2.221318919999999975e-01,9.627602090000000334e-01,8.745239409999999713e-01,8.051560600000000345e-02,5.000000000000000278e-02,7.705835099999999716e-02,6.507116100000000236e-02,1.000000000000000056e-01,4.343176559999999964e-01,9.715991659999999586e-01,1.720642850000000112e-01,0.000000000000000000e+00,5.059422000000000051e-03,8.119255000000000569e-03,7.302954999999999863e-03,1.645628439999999859e-01,2.200674579999999936e-01,2.788381630000000277e-01,9.127937430000000463e-01,1.014159000000000033e-01,1.575157490000000104e-01,1.446362589999999892e-01,1.375822710000000060e-01,8.020395630000000109e-01,2.404606270000000101e-01,3.406225740000000113e-01,3.053307530000000103e-01
2.579500799999999774e-02,5.244650000000000006e-02,1.013358999999999788e-02,2.243316459999999957e-01,9.754740060000000046e-01,8.745239409999999713e-01,8.051560600000000345e-02,5.000000000000000278e-02,7.705835099999999716e-02,6.507116100000000236e-02,1.000000000000000056e-01,4.361887620000000076e-01,9.668811920000000004e-01,1.541155349999999979e-01,0.000000000000000000e+00,5.059422000000000051e-03,8.119255000000000569e-03,0.000000000000000000e+00,1.511785769999999807e-01,2.246802330000000070e-01,2.788381630000000277e-01,9.127937430000000463e-01,1.014159000000000033e-01,1.575157490000000104e-01,1.446362589999999892e-01,1.375822710000000060e-01,8.020395630000000109e-01,2.404606270000000101e-01,3.406225740000000113e-01,3.053307530000000103e-01
2.184634900000000102e-02,4.572042999999999940e-02,1.311832100000000223e-02,2.204971079999999972e-01,9.896199239999999842e-01,8.745239409999999713e-01,8.051560600000000345e-02,5.000000000000000278e-02,7.705835099999999716e-02,6.507116100000000236e-02,1.000000000000000056e-01,4.333907670000000101e-01,9.860468110000000230e-01,1.687213050000000159e-01,0.000000000000000000e+00,5.059422000000000051e-03,8.119255000000000569e-03,1.975274800000000053e-02,1.609641019999999978e-01,2.158522190000000118e-01,2.788381630000000277e-01,9.127937430000000463e-01,1.014159000000000033e-01,1.575157490000000104e-01,1.446362589999999892e-01,1.375822710000000060e-01,8.020395630000000109e-01,2.404606270000000101e-01,3.406225740000000113e-01,3.053307530000000103e-01
1.825414799999999782e-02,3.031719199999999975e-02,3.388415399999999966e-02,2.334073070000000083e-01,9.680981149999999813e-01,8.745239409999999713e-01,8.051560600000000345e-02,5.000000000000000278e-02,7.705835099999999716e-02,6.507116100000000236e-02,1.000000000000000056e-01,4.234834969999999865e-01,9.609276260000000347e-01,1.641955070000000183e-01,0.000000000000000000e+00,5.059422000000000051e-03,8.119255000000000569e-03,2.058507700000000024e-02,1.679542909999999778e-01,1.987373530000000055e-01,2.788381630000000277e-01,9.127937430000000463e-01,1.014159000000000033e-01,1.575157490000000104e-01,1.446362589999999892e-01,1.375822710000000060e-01,8.020395630000000109e-01,2.404606270000000101e-01,3.406225740000000113e-01,3.053307530000000103e-01
3.346505499999999356e-02,4.224455400000000360e-02,3.218623200000000212e-02,2.263786070000000095e-01,9.829377080000000211e-01,8.745239409999999713e-01,8.051560600000000345e-02,5.000000000000000278e-02,7.705835099999999716e-02,6.507116100000000236e-02,1.000000000000000056e-01,4.233404780000000200e-01,9.745762999999999510e-01,1.473343910000000090e-01,0.000000000000000000e+00,5.059422000000000051e-03,8.119255000000000569e-03,8.868345999999999174e-03,1.629013549999999977e-01,2.047446310000000103e-01,2.788381630000000277e-01,9.127937430000000463e-01,1.014159000000000033e-01,1.575157490000000104e-01,1.446362589999999892e-01,1.375822710000000060e-01,8.020395630000000109e-01,2.404606270000000101e-01,3.406225740000000113e-01,3.053307530000000103e-01
4.034169199999999844e-02,3.857315799999999628e-02,1.771059499999999912e-02,2.135753499999999971e-01,9.602580600000000244e-01,8.745239409999999713e-01,8.051560600000000345e-02,5.000000000000000278e-02,7.705835099999999716e-02,6.507116100000000236e-02,1.000000000000000056e-01,4.519549700000000114e-01,9.633044960000000101e-01,1.603408870000000153e-01,0.000000000000000000e+00,5.059422000000000051e-03,8.119255000000000569e-03,1.546265700000000118e-02,1.571589149999999824e-01,2.079620779999999947e-01,2.788381630000000277e-01,9.127937430000000463e-01,1.014159000000000033e-01,1.575157490000000104e-01,1.446362589999999892e-01,1.375822710000000060e-01,8.020395630000000109e-01,2.404606270000000101e-01,3.406225740000000113e-01,3.053307530000000103e-01
4.124910299999999530e-02,3.610439099999999957e-02,1.025577999999999906e-02,2.325970380000000060e-01,9.808492659999999974e-01,8.745239409999999713e-01,8.051560600000000345e-02,5.000000000000000278e-02,7.705835099999999716e-02,6.507116100000000236e-02,1.000000000000000056e-01,4.312493729999999914e-01,9.742044530000000258e-01,1.693715490000000101e-01,0.000000000000000000e+00,5.059422000000000051e-03,8.119255000000000569e-03,5.408672999999999259e-03,1.730738699999999908e-01,2.131897870000000195e-01,2.788381630000000277e-01,9.127937430000000463e-01,1.014159000000000033e-01,1.575157490000000104e-01,1.446362589999999892e-01,1.375822710000000060e-01,8.020395630000000109e-01,2.404606270000000101e-01,3.406225740000000113e-01,3.053307530000000103e-01
2.866475799999999852e-02,4.972648400000000135e-02,3.439127000000000156e-02,2.159825230000000096e-01,9.705565189999999509e-01,8.745239409999999713e-01,8.051560600000000345e-02,5.000000000000000278e-02,7.705835099999999716e-02,6.507116100000000236e-02,1.000000000000000056e-01,4.454987570000000230e-01,9.765929570000000393e-01,1.734806380000000203e-01,0.000000000000000000e+00,5.059422000000000051e-03,8.119255000000000569e-03,4.169519000000003472e-03,1.577277950000000040e-01,2.233706800000000159e-01,2.788381630000000277e-01,9.127937430000000463e-01,1.014159000000000033e-01,1.575157490000000104e-01,1.446362589999999892e-01,1.375822710000000060e-01,8.020395630000000109e-01,2.404606270000000101e-01,3.406225740000000113e-01,3.053307530000000103e-01
4.297651199999999450e-02,3.165710099999999999e-02,2.706429700000000105e-02,2.206770120000000057e-01,9.688716069999999680e-01,8.745239409999999713e-01,8.051560600000000345e-02,5.000000000000000278e-02,7.705835099999999716e-02,6.507116100000000236e-02,1.000000000000000056e-01,4.371172079999999793e-01,9.767060520000000468e-01,1.565187720000000005e-01,0.000000000000000000e+00,5.059422000000000051e-03,8.119255000000000569e-03,0.000000000000000000e+00,1.635163699999999942e-01,1.966428820000000188e-01,2.788381630000000277e-01,9.127937430000000463e-01,1.014159000000000033e-01,1.575157490000000104e-01,1.446362589999999892e-01,1.375822710000000060e-01,8.020395630000000109e-01,2.404606270000000101e-01,3.406225740000000113e-01,3.053307530000000103e-01
3.973747799999999969e-02,3.456142199999999443e-02,1.171301699999999918e-02,2.146333639999999932e-01,9.889435659999999961e-01,8.745239409999999713e-01,8.051560600000000345e-02,5.000000000000000278e-02,7.705835099999999716e-02,6.507116100000000236e-02,1.000000000000000056e-01,4.443718680000000032e-01,9.854302809999999635e-01,1.567727990000000182e-01,0.000000000000000000e+00,5.059422000000000051e-03,8.119255000000000569e-03,5.459079999999977284e-04,1.524356060000000013e-01,2.085658930000000022e-01,2.788381630000000277e-01,9.127937430000000463e-01,1.014159000000000033e-01,1.575157490000000104e-01,1.446362589999999892e-01,1.375822710000000060e-01,8.020395630000000109e-01,2.404606270000000101e-01,3.406225740000000113e-01,3.053307530000000103e-01
2.834020299999999784e-02,5.308212199999999548e-02,1.200804800000000033e-02,2.214131059999999984e-01,9.708744270000000398e-01,8.745239409999999713e-01,8.051560600000000345e-02,5.000000000000000278e-02,7.705835099999999716e-02,6.507116100000000236e-02,1.000000000000000056e-01,4.444665429999999917e-01,9.808570989999999545e-01,1.608256390000000202e-01,0.000000000000000000e+00,5.059422000000000051e-03,8.119255000000000569e-03,0.000000000000000000e+00,1.542844270000000018e-01,2.133660079999999959e-01,2.788381630000000277e-01,9.127937430000000463e-01,1.014159000000000033e-01,1.575157490000000104e-01,1.446362589999999892e-01,1.375822710000000060e-01,8.020395630000000109e-01,2.404606270000000101e-01,3.406225740000000113e-01,3.053307530000000103e-01
4.210338500000000012e-02,5.481989299999999454e-02,1.564279199999999911e-02,2.273964669999999910e-01,9.752334419999999504e-01,8.745239409999999713e-01,8.051560600000000345e-02,5.000000000000000278e-02,7.705835099999999716e-02,6.507116100000000236e-02,1.000000000000000056e-01,4.354494259999999728e-01,9.659888469999999838e-01,1.542608410000000096e-01,0.000000000000000000e+00,5.059422000000000051e-03,8.119255000000000569e-03,6.286171000000000120e-03,1.604058770000000023e-01,2.012029260000000042e-01,2.788381630000000277e-01,9.127937430000000463e-01,1.014159000000000033e-01,1.575157490000000104e-01,1.446362589999999892e-01,1.375822710000000060e-01,8.020395630000000109e-01,2.404606270000000101e-01,3.406225740000000113e-01,3.053307530000000103e-01
3.802885599999999977e-02,3.840856900000000351e-02,1.958540800000000207e-02,2.097886039999999896e-01,9.612603440000000443e-01,8.745239409999999713e-01,8.051560600000000345e-02,5.000000000000000278e-02,7.705835099999999716e-02,6.507116100000000236e-02,1.000000000000000056e-01,4.483604909999999721e-01,9.815472090000000316e-01,1.635907350000000149e-01,0.000000000000000000e+00,5.059422000000000051e-03,8.119255000000000569e-03,8.533869999999998956e-03,1.758665309999999926e-01,2.071301570000000092e-01,2.788381630000000277e-01,9.127937430000000463e-01,1.014159000000000033e-01,1.575157490000000104e-01,1.446362589999999892e-01,1.375822710000000060e-01,8.020395630000000109e-01,2.404606270000000101e-01,3.406225740000000113e-01,3.053307530000000103e-01
2.607272799999999988e-02,3.435268799999999928e-02,1.664374500000000145e-02,2.116267169999999920e-01,9.631757349999999773e-01,8.745239409999999713e-01,8.051560600000000345e-02,5.000000000000000278e-02,7.705835099999999716e-02,6.507116100000000236e-02,1.000000000000000056e-01,4.309631790000000295e-01,9.644156550000000383e-01,1.691571270000000182e-01,0.000000000000000000e+00,5.059422000000000051e-03,8.119255000000000569e-03,5.742699999999878457e-05,1.622904079999999971e-01,2.024202880000000038e-01,2.788381630000000277e-01,9.127937430000000463e-01,1.014159000000000033e-01,1.575157490000000104e-01,1.446362589999999892e-01,1.375822710000000060e-01,8.020395630000000109e-01,2.404606270000000101e-01,3.406225740000000113e-01,3.053307530000000103e-01
4.183200799999999692e-02,2.625001999999999891e-02,2.902181700000000183e-02,2.175458229999999993e-01,9.744302609999999643e-01,8.745239409999999713e-01,8.051560600000000345e-02,5.000000000000000278e-02,7.705835099999999716e-02,6.507116100000000236e-02,1.000000000000000056e-01,4.258113559999999742e-01,9.751206169999999673e-01,1.591438910000000095e-01,0.000000000000000000e+00,5.059422000000000051e-03,8.119255000000000569e-03,2.479561100000000212e-02,1.583519290000000024e-01,1.982233620000000140e-01,2.788381630000000277e-01,9.127937430000000463e-01,1.014159000000000033e-01,1.575157490000000104e-01,1.446362589999999892e-01,1.375822710000000060e-01,8.020395630000000109e-01,2.404606270000000101e-01,3.406225740000000113e-01,3.053307530000000103e-01
4.351747100000000201e-02,4.860581299999999771e-02,3.063163300000000186e-02,2.241043580000000035e-01,9.821649110000000293e-01,8.745239409999999713e-01,8.051560600000000345e-02,5.000000000000000278e-02,7.705835099999999716e-02,6.507116100000000236e-02,1.000000000000000056e-01,4.331871230000000073e-01,9.605204430000000571e-01,1.682435520000000184e-01,0.000000000000000000e+00,5.059422000000000051e-03,8.119255000000000569e-03,3.863738999999997981e-03,1.557710929999999994e-01,2.217875650000000198e-01,2.788381630000000277e-01,9.127937430000000463e-01,1.014159000000000033e-01,1.575157490000000104e-01,1.446362589999999892e-01,1.375822710000000060e-01,8.020395630000000109e-01,2.404606270000000101e-01,3.406225740000000113e-01,3.053307530000000103e-01
2.888007100000000021e-02,5.224440099999999587e-02,2.606788499999999897e-02,2.321050789999999919e-01,9.785344419999999488e-01,8.745239409999999713e-01,8.051560600000000345e-02,5.000000000000000278e-02,7.705835099999999716e-02,6.507116100000000236e-02,1.000000000000000056e-01,4.452840399999999921e-01,9.682052230000000037e-01,1.627864620000000206e-01,0.000000000000000000e+00,5.059422000000000051e-03,8.119255000000000569e-03,1.614290200000000064e-02,1.761125749999999934e-01,2.115599300000000071e-01,2.788381630000000277e-01,9.127937430000000463e-01,1.014159000000000033e-01,1.575157490000000104e-01,1.446362589999999892e-01,1.375822710000000060e-01,8.020395630000000109e-01,2.404606270000000101e-01,3.406225740000000113e-01,3.053307530000000103e-01
3.831972499999999893e-02,5.202994399999999464e-02,7.221133999999997111e-03,2.354988090000000034e-01,9.695257430000000509e-01,8.745239409999999713e-01,8.051560600000000345e-02,5.000000000000000278e-02,7.705835099999999716e-02,6.507116100000000236e-02,1.000000000000000056e-01,4.305478440000000129e-01,9.757106620000000063e-01,1.508500440000000165e-01,0.000000000000000000e+00,5.059422000000000051e-03,8.119255000000000569e-03,1.854126000000000038e-02,1.561886429999999881e-01,2.175699080000000063e-01,2.788381630000000277e-01,9.127937430000000463e-01,1.014159000000000033e-01,1.575157490000000104e-01,1.446362589999999892e-01,1.375822710000000060e-01,8.020395630000000109e-01,2.404606270000000101e-01,3.406225740000000113e-01,3.053307530000000103e-01
6.971617099999999345e-02,8.678156700000000390e-02,7.997833099999999973e-02,2.795250910000000033e-01,1.000000000000000000e+00,8.745239409999999713e-01,8.051560600000000345e-02,5.000000000000000278e-02,7.705835099999999716e-02,6.507116100000000236e-02,1.000000000000000056e-01,4.913441590000000025e-01,1.000000000000000000e+00,2.147118719999999981e-01,0.000000000000000000e+00,5.059422000000000051e-03,8.119255000000000569e-03,6.515746999999999511e-02,2.022603419999999819e-01,2.734601570000000370e-01,2.788381630000000277e-01,9.127937430000000463e-01,1.014159000000000033e-01,1.575157490000000104e-01,1.446362589999999892e-01,1.375822710000000060e-01,8.020395630000000109e-01,2.404606270000000101e-01,3.406225740000000113e-01,3.053307530000000103e-01
8.259260499999999949e-02,9.038556100000000315e-02,8.502500699999999967e-02,2.861983590000000133e-01,1.000000000000000000e+00,8.745239409999999713e-01,8.051560600000000345e-02,5.000000000000000278e-02,7.705835099999999716e-02,6.507116100000000236e-02,1.000000000000000056e-01,4.944679759999999757e-01,1.000000000000000000e+00,2.105246560000000045e-01,0.000000000000000000e+00,5.059422000000000051e-03,8.119255000000000569e-03,5.635622800000000127e-02,2.294233469999999997e-01,2.694385080000000210e-01,2.788381630000000277e-01,9.127937430000000463e-01,1.014159000000000033e-01,1.575157490000000104e-01,1.446362589999999892e-01,1.375822710000000060e-01,8.020395630000000109e-01,2.404606270000000101e-01,3.406225740000000113e-01,3.053307530000000103e-01
8.254001199999999594e-02,1.023334009999999905e-01,6.829149400000000814e-02,2.834862409999999722e-01,1.000000000000000000e+00,8.745239409999999713e-01,8.051560600000000345e-02,5.000000000000000278e-02,7.705835099999999716e-02,6.507116100000000236e-02,1.000000000000000056e-01,4.855116279999999729e-01,1.000000000000000000e+00,2.076559089999999996e-01,0.000000000000000000e+00,5.059422000000000051e-03,8.119255000000000569e-03,4.742291900000000088e-02,2.269062419999999802e-01,2.625873759999999835e-01,2.788381630000000277e-01,9.127937430000000463e-01,1.014159000000000033e-01,1.575157490000000104e-01,1.446362589999999892e-01,1.375822710000000060e-01,8.020395630000000109e-01,2.404606270000000101e-01,3.406225740000000113e-01,3.053307530000000103e-01
7.442529999999999979e-02,9.459453600000000684e-02,5.755795400000000145e-02,2.837199269999999829e-01,1.000000000000000000e+00,8.745239409999999713e-01,8.051560600000000345e-02,5.000000000000000278e-02,7.705835099999999716e-02,6.507116100000000236e-02,1.000000000000000056e-01,4.781866100000000119e-01,1.000000000000000000e+00,2.028434980000000110e-01,0.000000000000000000e+00,5.059422000000000051e-03,8.119255000000000569e-03,4.887746700000000083e-02,2.138328399999999962e-01,2.737216789999999955e-01,2.788381630000000277e-01,9.127937430000000463e-01,1.014159000000000033e-01,1.575157490000000104e-01,1.446362589999999892e-01,1.375822710000000060e-01,8.020395630000000109e-01,2.404606270000000101e-01,3.406225740000000113e-01,3.053307530000000103e-01
7.089257599999999881e-02,8.080285600000000623e-02,8.499204300000000323e-02,2.773880619999999908e-01,1.000000000000000000e+00,8.745239409999999713e-01,8.051560600000000345e-02,5.000000000000000278e-02,7.705835099999999716e-02,6.507116100000000236e-02,1.000000000000000056e-01,4.804769990000000157e-01,1.000000000000000000e+00,1.962172620000000034e-01,0.000000000000000000e+00,5.059422000000000051e-03,8.119255000000000569e-03,7.579246000000000594e-02,2.029272359999999831e-01,2.701146380000000180e-01,2.788381630000000277e-01,9.127937430000000463e-01,1.014159000000000033e-01,1.575157490000000104e-01,1.446362589999999892e-01,1.375822710000000060e-01,8.020395630000000109e-01,2.404606270000000101e-01,3.406225740000000113e-01,3.053307530000000103e-01
9.097445900000000751e-02,8.617812999999999168e-02,8.232975100000000657e-02,2.649170060000000104e-01,1.000000000000000000e+00,8.745239409999999713e-01,8.051560600000000345e-02,5.000000000000000278e-02,7.705835099999999716e-02,6.507116100000000236e-02,1.000000000000000056e-01,4.753142850000000030e-01,1.000000000000000000e+00,2.192354880000000061e-01,0.000000000000000000e+00,5.059422000000000051e-03,8.119255000000000569e-03,6.290989399999999399e-02,2.066331740000000028e-01,2.670304079999999969e-01,2.788381630000000277e-01,9.127937430000000463e-01,1.014159000000000033e-01,1.575157490000000104e-01,1.446362589999999892e-01,1.375822710000000060e-01,8.020395630000000109e-01,2.404606270000000101e-01,3.406225740000000113e-01,3.053307530000000103e-01
8.857657599999999021e-02,8.751374400000000442e-02,8.603927199999999997e-02,2.596906609999999893e-01,1.000000000000000000e+00,8.745239409999999713e-01,8.051560600000000345e-02,5.000000000000000278e-02,7.705835099999999716e-02,6.507116100000000236e-02,1.000000000000000056e-01,4.740954439999999770e-01,1.000000000000000000e+00,1.965960040000000186e-01,0.000000000000000000e+00,5.059422000000000051e-03,8.119255000000000569e-03,5.450100500000000514e-02,2.146008719999999981e-01,2.468453510000000184e-01,2.788381630000000277e-01,9.127937430000000463e-01,1.014159000000000033e-01,1.575157490000000104e-01,1.446362589999999892e-01,1.375822710000000060e-01,8.020395630000000109e-01,2.404606270000000101e-01,3.406225740000000113e-01,3.053307530000000103e-01
7.953692199999999601e-02,8.703517399999999293e-02,8.304626000000001063e-02,2.779984119999999725e-01,1.000000000000000000e+00,8.745239409999999713e-01,8.051560600000000345e-02,5.000000000000000278e-02,7.705835099999999716e-02,6.507116100000000236e-02,1.000000000000000056e-01,4.959646059999999745e-01,1.000000000000000000e+00,2.238855120000000087e-01,0.000000000000000000e+00,5.059422000000000051e-03,8.119255000000000569e-03,6.000468700000000100e-02,2.203474440000000034e-01,2.518625079999999850e-01,2.788381630000000277e-01,9.127937430000000463e-01,1.014159000000000033e-01,1.575157490000000104e-01,1.446362589999999892e-01,1.375822710000000060e-01,8.020395630000000109e-01,2.404606270000000101e-01,3.406225740000000113e-01,3.053307530000000103e-01
7.255111399999999988e-02,7.884833099999999373e-02,7.250882699999999792e-02,2.698073429999999773e-01,1.000000000000000000e+00,8.745239409999999713e-01,8.051560600000000345e-02,5.000000000000000278e-02,7.705835099999999716e-02,6.507116100000000236e-02,1.000000000000000056e-01,5.013925379999999432e-01,1.000000000000000000e+00,1.991620300000000177e-01,0.000000000000000000e+00,5.059422000000000051e-03,8.119255000000000569e-03,5.520532200000000111e-02,2.185828029999999922e-01,2.612018919999999911e-01,2.788381630000000277e-01,9.127937430000000463e-01,1.014159000000000033e-01,1.575157490000000104e-01,1.446362589999999892e-01,1.375822710000000060e-01,8.020395630000000109e-01,2.404606270000000101e-01,3.406225740000000113e-01,3.053307530000000103e-01
8.200394699999999371e-02,8.173154300000000372e-02,7.678844499999999684e-02,2.713340029999999903e-01,1.000000000000000000e+00,8.745239409999999713e-01,8.051560600000000345e-02,5.000000000000000278e-02,7.705835099999999716e-02,6.507116100000000236e-02,1.000000000000000056e-01,4.987493900000000147e-01,1.000000000000000000e+00,2.119571930000000159e-01,0.000000000000000000e+00,5.059422000000000051e-03,8.119255000000000569e-03,6.134553599999999912e-02,2.068402249999999887e-01,2.684589769999999875e-01,2.788381630000000277e-01,9.127937430000000463e-01,1.014159000000000033e-01,1.575157490000000104e-01,1.446362589999999892e-01,1.375822710000000060e-01,8.020395630000000109e-01,2.404606270000000101e-01,3.406225740000000113e-01,3.053307530000000103e-01
9.190286200000000183e-02,8.087066399999999489e-02,7.894220400000000193e-02,2.659015940000000189e-01,1.000000000000000000e+00,8.745239409999999713e-01,8.051560600000000345e-02,5.000000000000000278e-02,7.705835099999999716e-02,6.507116100000000236e-02,1.000000000000000056e-01,4.820845510000000278e-01,1.000000000000000000e+00,2.250753410000000121e-01,0.000000000000000000e+00,5.059422000000000051e-03,8.119255000000000569e-03,7.525615399999999178e-02,2.224282399999999993e-01,2.572771959999999858e-01,2.788381630000000277e-01,9.127937430000000463e-01,1.014159000000000033e-01,1.575157490000000104e-01,1.446362589999999892e-01,1.375822710000000060e-01,8.020395630000000109e-01,2.404606270000000101e-01,3.406225740000000113e-01,3.053307530000000103e-01
6.693983400000000361e-02,8.785097599999999729e-02,6.868047700000000366e-02,2.687744169999999877e-01,1.000000000000000000e+00,8.745239409999999713e-01,8.051560600000000345e-02,5.000000000000000278e-02,7.705835099999999716e-02,6.507116100000000236e-02,1.000000000000000056e-01,4.923915939999999880e-01,1.000000000000000000e+00,1.993561450000000124e-01,0.000000000000000000e+00,5.059422000000000051e-03,8.119255000000000569e-03,5.292510400000000059e-02,2.297521209999999758e-01,2.543967300000000153e-01,2.788381630000000277e-01,9.127937430000000463e-01,1.014159000000000033e-01,1.575157490000000104e-01,1.446362589999999892e-01,1.375822710000000060e-01,8.020395630000000109e-01,2.404606270000000101e-01,3.406225740000000113e-01,3.053307530000000103e-01
7.601539000000000212e-02,9.873038300000000489e-02,5.791695200000000071e-02,2.845014069999999839e-01,1.000000000000000000e+00,8.745239409999999713e-01,8.051560600000000345e-02,5.000000000000000278e-02,7.705835099999999716e-02,6.507116100000000236e-02,1.000000000000000056e-01,4.983163159999999814e-01,1.000000000000000000e+00,1.986944370000000015e-01,0.000000000000000000e+00,5.059422000000000051e-03,8.119255000000000569e-03,5.383571399999999979e-02,2.084582939999999884e-01,2.666510160000000185e-01,2.788381630000000277e-01,9.127937430000000463e-01,1.014159000000000033e-01,1.575157490000000104e-01,1.446362589999999892e-01,1.375822710000000060e-01,8.020395630000000109e-01,2.404606270000000101e-01,3.406225740000000113e-01,3.053307530000000103e-01
6.943711499999999370e-02,7.576688299999999321e-02,7.081789399999999235e-02,2.815815970000000168e-01,1.000000000000000000e+00,8.745239409999999713e-01,8.051560600000000345e-02,5.000000000000000278e-02,7.705835099999999716e-02,6.507116100000000236e-02,1.000000000000000056e-01,4.984738739999999835e-01,1.000000000000000000e+00,2.188477040000000040e-01,0.000000000000000000e+00,5.059422000000000051e-03,8.119255000000000569e-03,4.850253000000000203e-02,2.291836909999999949e-01,2.528959259999999931e-01,2.788381630000000277e-01,9.127937430000000463e-01,1.014159000000000033e-01,1.575157490000000104e-01,1.446362589999999892e-01,1.375822710000000060e-01,8.020395630000000109e-01,2.404606270000000101e-01,3.406225740000000113e-01,3.053307530000000103e-01
6.983736399999999900e-02,8.743823400000000357e-02,7.810161499999999923e-02,2.654764470000000043e-01,1.000000000000000000e+00,8.745239409999999713e-01,8.051560600000000345e-02,5.000000000000000278e-02,7.705835099999999716e-02,6.507116100000000236e-02,1.000000000000000056e-01,4.792336380000000173e-01,1.000000000000000000e+00,2.248548290000000061e-01,0.000000000000000000e+00,5.059422000000000051e-03,8.119255000000000569e-03,6.860354100000000399e-02,2.211701179999999989e-01,2.500883489999999876e-01,2.788381630000000277e-01,9.127937430000000463e-01,1.014159000000000033e-01,1.575157490000000104e-01,1.446362589999999892e-01,1.375822710000000060e-01,8.020395630000000109e-01,2.404606270000000101e-01,3.406225740000000113e-01,3.053307530000000103e-01
7.679523299999999053e-02,9.404779700000000242e-02,7.479135700000000275e-02,2.733604359999999844e-01,1.000000000000000000e+00,8.745239409999999713e-01,8.051560600000000345e-02,5.000000000000000278e-02,7.705835099999999716e-02,6.507116100000000236e-02,1.000000000000000056e-01,4.955243040000000265e-01,1.000000000000000000e+00,2.204909489999999916e-01,0.000000000000000000e+00,5.059422000000000051e-03,8.119255000000000569e-03,6.387394300000000247e-02,2.013171849999999818e-01,2.577892890000000325e-01,2.788381630000000277e-01,9.127937430000000463e-01,1.014159000000000033e-01,1.575157490000000104e-01,1.446362589999999892e-01,1.375822710000000060e-01,8.020395630000000109e-01,2.404606270000000101e-01,3.406225740000000113e-01,3.053307530000000103e-01
6.867208999999999119e-02,9.690983100000000183e-02,7.136035799999999873e-02,2.572997129999999855e-01,1.000000000000000000e+00,8.745239409999999713e-01,8.051560600000000345e-02,5.000000000000000278e-02,7.705835099999999716e-02,6.507116100000000236e-02,1.000000000000000056e-01,4.968139010000000022e-01,1.000000000000000000e+00,2.051485400000000181e-01,0.000000000000000000e+00,5.059422000000000051e-03,8.119255000000000569e-03,7.555407199999999990e-02,2.063301909999999961e-01,2.521768830000000183e-01,2.788381630000000277e-01,9.127937430000000463e-01,1.014159000000000033e-01,1.575157490000000104e-01,1.446362589999999892e-01,1.375822710000000060e-01,8.020395630000000109e-01,2.404606270000000101e-01,3.406225740000000113e-01,3.053307530000000103e-01
6.473091699999999893e-02,9.836642700000000628e-02,8.162297300000000144e-02,2.732267970000000212e-01,1.000000000000000000e+00,8.745239409999999713e-01,8.051560600000000345e-02,5.000000000000000278e-02,7.705835099999999716e-02,6.507116100000000236e-02,1.000000000000000056e-01,4.777066950000000145e-01,1.000000000000000000e+00,2.007208159999999963e-01,0.000000000000000000e+00,5.059422000000000051e-03,8.119255000000000569e-03,6.886940099999999676e-02,2.105313219999999930e-01,2.732651019999999820e-01,2.788381630000000277e-01,9.127937430000000463e-01,1.014159000000000033e-01,1.575157490000000104e-01,1.446362589999999892e-01,1.375822710000000060e-01,8.020395630000000109e-01,2.404606270000000101e-01,3.406225740000000113e-01,3.053307530000000103e-01
7.859650399999999759e-02,1.032515649999999896e-01,8.016727900000000795e-02,2.863475580000000020e-01,1.000000000000000000e+00,8.745239409999999713e-01,8.051560600000000345e-02,5.000000000000000278e-02,7.705835099999999716e-02,6.507116100000000236e-02,1.000000000000000056e-01,4.960733499999999685e-01,1.000000000000000000e+00,2.198896530000000182e-01,0.000000000000000000e+00,5.059422000000000051e-03,8.119255000000000569e-03,6.275693899999999770e-02,2.169688409999999956e-01,2.511565060000000016e-01,2.788381630000000277e-01,9.127937430000000463e-01,1.014159000000000033e-01,1.575157490000000104e-01,1.446362589999999892e-01,1.375822710000000060e-01,8.020395630000000109e-01,2.404606270000000101e-01,3.406225740000000113e-01,3.053307530000000103e-01
8.221458299999999386e-02,8.121388899999999744e-02,6.225865800000000144e-02,2.708405819999999964e-01,1.000000000000000000e+00,8.745239409999999713e-01,8.051560600000000345e-02,5.000000000000000278e-02,7.705835099999999716e-02,6.507116100000000236e-02,1.000000000000000056e-01,4.774082459999999806e-01,1.000000000000000000e+00,2.191241190000000061e-01,0.000000000000000000e+00,5.059422000000000051e-03,8.119255000000000569e-03,7.170123100000000416e-02,2.047528439999999894e-01,2.603558410000000323e-01,2.788381630000000277e-01,9.127937430000000463e-01,1.014159000000000033e-01,1.575157490000000104e-01,1.446362589999999892e-01,1.375822710000000060e-01,8.020395630000000109e-01,2.404606270000000101e-01,3.406225740000000113e-01,3.053307530000000103e-01
7.806415299999999724e-02,9.287925499999999390e-02,5.832975399999999755e-02,2.763354780000000233e-01,1.000000000000000000e+00,8.745239409999999713e-01,8.051560600000000345e-02,5.000000000000000278e-02,7.705835099999999716e-02,6.507116100000000236e-02,1.000000000000000056e-01,4.751193610000000178e-01,1.000000000000000000e+00,2.125524400000000091e-01,0.000000000000000000e+00,5.059422000000000051e-03,8.119255000000000569e-03,5.760909699999999800e-02,2.259484739999999825e-01,2.587614109999999967e-01,2.788381630000000277e-01,9.127937430000000463e-01,1.014159000000000033e-01,1.575157490000000104e-01,1.446362589999999892e-01,1.375822710000000060e-01,8.020395630000000109e-01,2.404606270000000101e-01,3.406225740000000113e-01,3.053307530000000103e-01
6.597516200000000386e-02,1.057010999999999923e-01,5.915853599999999768e-02,2.850388859999999913e-01,1.000000000000000000e+00,8.745239409999999713e-01,8.051560600000000345e-02,5.000000000000000278e-02,7.705835099999999716e-02,6.507116100000000236e-02,1.000000000000000056e-01,4.879282500000000078e-01,1.000000000000000000e+00,2.171296480000000084e-01,0.000000000000000000e+00,5.059422000000000051e-03,8.119255000000000569e-03,6.311046400000000500e-02,2.090729630000000006e-01,2.562547350000000113e-01,2.788381630000000277e-01,9.127937430000000463e-01,1.014159000000000033e-01,1.575157490000000104e-01,1.446362589999999892e-01,1.375822710000000060e-01,8.020395630000000109e-01,2.404606270000000101e-01,3.406225740000000113e-01,3.053307530000000103e-01
7.554859699999999512e-02,7.792340999999999851e-02,7.717911700000000541e-02,2.849440999999999780e-01,1.000000000000000000e+00,8.745239409999999713e-01,8.051560600000000345e-02,5.000000000000000278e-02,7.705835099999999716e-02,6.507116100000000236e-02,1.000000000000000056e-01,4.937510430000000006e-01,1.000000000000000000e+00,2.223348870000000088e-01,0.000000000000000000e+00,5.059422000000000051e-03,8.119255000000000569e-03,6.445083899999999588e-02,2.249354579999999770e-01,2.705202879999999976e-01,2.788381630000000277e-01,9.127937430000000463e-01,1.014159000000000033e-01,1.575157490000000104e-01,1.446362589999999892e-01,1.375822710000000060e-01,8.020395630000000109e-01,2.404606270000000101e-01,3.406225740000000113e-01,3.053307530000000103e-01
7.275912499999999394e-02,7.608536600000000150e-02,8.098535400000000939e-02,2.616546080000000107e-01,1.000000000000000000e+00,8.745239409999999713e-01,8.051560600000000345e-02,5.000000000000000278e-02,7.705835099999999716e-02,6.507116100000000236e-02,1.000000000000000056e-01,4.746038169999999834e-01,1.000000000000000000e+00,2.128458550000000005e-01,0.000000000000000000e+00,5.059422000000000051e-03,8.119255000000000569e-03,6.479653700000000127e-02,2.125352070000000038e-01,2.686981469999999983e-01,2.788381630000000277e-01,9.127937430000000463e-01,1.014159000000000033e-01,1.575157490000000104e-01,1.446362589999999892e-01,1.375822710000000060e-01,8.020395630000000109e-01,2.404606270000000101e-01,3.406225740000000113e-01,3.053307530000000103e-01
8.659724099999999147e-02,9.263898700000000597e-02,7.928344300000000899e-02,2.832008919999999819e-01,1.000000000000000000e+00,8.745239409999999713e-01,8.051560600000000345e-02,5.000000000000000278e-02,7.705835099999999716e-02,6.507116100000000236e-02,1.000000000000000056e-01,4.743146280000000159e-01,1.000000000000000000e+00,2.039840750000000147e-01,0.000000000000000000e+00,5.059422000000000051e-03,8.119255000000000569e-03,7.107958200000000226e-02,2.092087430000000026e-01,2.479867159999999959e-01,2.788381630000000277e-01,9.127937430000000463e-01,1.014159000000000033e-01,1.575157490000000104e-01,1.446362589999999892e-01,1.375822710000000060e-01,8.020395630000000109e-01,2.404606270000000101e-01,3.406225740000000113e-01,3.053307530000000103e-01
8.695843200000000217e-02,8.511543700000000212e-02,6.813957800000000620e-02,2.628541349999999888e-01,1.000000000000000000e+00,8.745239409999999713e-01,8.051560600000000345e-02,5.000000000000000278e-02,7.705835099999999716e-02,6.507116100000000236e-02,1.000000000000000056e-01,4.768719289999999722e-01,1.000000000000000000e+00,2.152489760000000085e-01,0.000000000000000000e+00,5.059422000000000051e-03,8.119255000000000569e-03,6.969481199999999488e-02,2.189611999999999947e-01,2.706862650000000370e-01,2.788381630000000277e-01,9.127937430000000463e-01,1.014159000000000033e-01,1.575157490000000104e-01,1.446362589999999892e-01,1.375822710000000060e-01,8.020395630000000109e-01,2.404606270000000101e-01,3.406225740000000113e-01,3.053307530000000103e-01
9.129531299999998906e-02,9.592452799999999502e-02,6.021893799999999963e-02,2.679325639999999842e-01,1.000000000000000000e+00,8.745239409999999713e-01,8.051560600000000345e-02,5.000000000000000278e-02,7.705835099999999716e-02,6.507116100000000236e-02,1.000000000000000056e-01,4.967290409999999823e-01,1.000000000000000000e+00,2.169478049999999936e-01,0.000000000000000000e+00,5.059422000000000051e-03,8.119255000000000569e-03,6.530305200000000032e-02,2.016016959999999969e-01,2.702626089999999870e-01,2.788381630000000277e-01,9.127937430000000463e-01,1.014159000000000033e-01,1.575157490000000104e-01,1.446362589999999892e-01,1.375822710000000060e-01,8.020395630000000109e-01,2.404606270000000101e-01,3.406225740000000113e-01,3.053307530000000103e-01
7.890574699999999830e-02,8.357716399999999546e-02,5.802617200000000086e-02,2.719330669999999728e-01,1.000000000000000000e+00,8.745239409999999713e-01,8.051560600000000345e-02,5.000000000000000278e-02,7.705835099999999716e-02,6.507116100000000236e-02,1.000000000000000056e-01,4.893798799999999893e-01,1.000000000000000000e+00,2.096967250000000005e-01,0.000000000000000000e+00,5.059422000000000051e-03,8.119255000000000569e-03,7.240567900000000057e-02,2.286443119999999884e-01,2.459258950000000055e-01,2.788381630000000277e-01,9.127937430000000463e-01,1.014159000000000033e-01,1.575157490000000104e-01,1.446362589999999892e-01,1.375822710000000060e-01,8.020395630000000109e-01,2.404606270000000101e-01,3.406225740000000113e-01,3.053307530000000103e-01
9.265533700000000428e-02,9.615632899999999872e-02,6.706808599999999898e-02,2.689308369999999782e-01,1.000000000000000000e+00,8.745239409999999713e-01,8.051560600000000345e-02,5.000000000000000278e-02,7.705835099999999716e-02,6.507116100000000236e-02,1.000000000000000056e-01,4.966107800000000294e-01,1.000000000000000000e+00,2.022085279999999985e-01,0.000000000000000000e+00,5.059422000000000051e-03,8.119255000000000569e-03,7.027657100000000989e-02,2.294951590000000041e-01,2.598114390000000329e-01,2.788381630000000277e-01,9.127937430000000463e-01,1.014159000000000033e-01,1.575157490000000104e-01,1.446362589999999892e-01,1.375822710000000060e-01,8.020395630000000109e-01,2.404606270000000101e-01,3.406225740000000113e-01,3.053307530000000103e-01
6.602987200000000334e-02,8.600681400000000087e-02,7.353449800000000369e-02,2.674163179999999862e-01,1.000000000000000000e+00,8.745239409999999713e-01,8.051560600000000345e-02,5.000000000000000278e-02,7.705835099999999716e-02,6.507116100000000236e-02,1.000000000000000056e-01,4.900495320000000099e-01,1.000000000000000000e+00,1.982646510000000140e-01,0.000000000000000000e+00,5.059422000000000051e-03,8.119255000000000569e-03,7.219597599999999504e-02,2.216307129999999792e-01,2.467210650000000172e-01,2.788381630000000277e-01,9.127937430000000463e-01,1.014159000000000033e-01,1.575157490000000104e-01,1.446362589999999892e-01,1.375822710000000060e-01,8.020395630000000109e-01,2.404606270000000101e-01,3.406225740000000113e-01,3.053307530000000103e-01
6.537179099999999854e-02,8.134762199999999444e-02,8.283404599999999451e-02,2.824476160000000124e-01,1.000000000000000000e+00,8.745239409999999713e-01,8.051560600000000345e-02,5.000000000000000278e-02,7.705835099999999716e-02,6.507116100000000236e-02,1.000000000000000056e-01,4.920794499999999738e-01,1.000000000000000000e+00,2.055066900000000196e-01,0.000000000000000000e+00,5.059422000000000051e-03,8.119255000000000569e-03,6.112916499999999920e-02,2.251968759999999903e-01,2.450535570000000052e-01,2.788381630000000277e-01,9.127937430000000463e-01,1.014159000000000033e-01,1.575157490000000104e-01,1.446362589999999892e-01,1.375822710000000060e-01,8.020395630000000109e-01,2.404606270000000101e-01,3.406225740000000113e-01,3.053307530000000103e-01
7.136102099999999671e-02,9.664971199999999873e-02,8.196412399999999931e-02,2.776509919999999854e-01,1.000000000000000000e+00,8.745239409999999713e-01,8.051560600000000345e-02,5.000000000000000278e-02,7.705835099999999716e-02,6.507116100000000236e-02,1.000000000000000056e-01,4.995765320000000176e-01,1.000000000000000000e+00,2.175850410000000068e-01,0.000000000000000000e+00,5.059422000000000051e-03,8.119255000000000569e-03,6.449618799999999597e-02,2.070431289999999924e-01,2.547935070000000302e-01,2.788381630000000277e-01,9.127937430000000463e-01,1.014159000000000033e-01,1.575157490000000104e-01,1.446362589999999892e-01,1.375822710000000060e-01,8.020395630000000109e-01,2.404606270000000101e-01,3.406225740000000113e-01,3.053307530000000103e-01
9.150170700000000157e-02,8.149707900000000005e-02,6.730047899999999639e-02,2.581704980000000260e-01,1.000000000000000000e+00,8.745239409999999713e-01,8.051560600000000345e-02,5.000000000000000278e-02,7.705835099999999716e-02,6.507116100000000236e-02,1.000000000000000056e-01,4.918532279999999757e-01,1.000000000000000000e+00,2.234950880000000084e-01,0.000000000000000000e+00,5.059422000000000051e-03,8.119255000000000569e-03,5.712852899999999734e-02,2.115355409999999936e-01,2.703719689999999898e-01,2.788381630000000277e-01,9.127937430000000463e-01,1.014159000000000033e-01,1.575157490000000104e-01,1.446362589999999892e-01,1.375822710000000060e-01,8.020395630000000109e-01,2.404606270000000101e-01,3.406225740000000113e-01,3.053307530000000103e-01
9.287844100000000602e-02,9.184434899999999180e-02,7.789685000000000359e-02,2.782846199999999826e-01,1.000000000000000000e+00,8.745239409999999713e-01,8.051560600000000345e-02,5.000000000000000278e-02,7.705835099999999716e-02,6.507116100000000236e-02,1.000000000000000056e-01,4.778931160000000067e-01,1.000000000000000000e+00,2.166278450000000133e-01,0.000000000000000000e+00,5.059422000000000051e-03,8.119255000000000569e-03,7.453741199999999734e-02,2.145289360000000034e-01,2.650613910000000351e-01,2.788381630000000277e-01,9.127937430000000463e-01,1.014159000000000033e-01,1.575157490000000104e-01,1.446362589999999892e-01,1.375822710000000060e-01,8.020395630000000109e-01,2.404606270000000101e-01,3.406225740000000113e-01,3.053307530000000103e-01
9.357315899999998909e-02,1.029598009999999897e-01,6.975421700000000724e-02,2.706393480000000018e-01,1.000000000000000000e+00,8.745239409999999713e-01,8.051560600000000345e-02,5.000000000000000278e-02,7.705835099999999716e-02,6.507116100000000236e-02,1.000000000000000056e-01,4.806978909999999883e-01,1.000000000000000000e+00,1.971101590000000070e-01,0.000000000000000000e+00,5.059422000000000051e-03,8.119255000000000569e-03,5.358134200000000402e-02,2.173034809999999928e-01,2.639944730000000073e-01,2.788381630000000277e-01,9.127937430000000463e-01,1.014159000000000033e-01,1.575157490000000104e-01,1.446362589999999892e-01,1.375822710000000060e-01,8.020395630000000109e-01,2.404606270000000101e-01,3.406225740000000113e-01,3.053307530000000103e-01
9.083109600000000006e-02,8.942246199999999423e-02,8.184591399999999184e-02,2.665474809999999750e-01,1.000000000000000000e+00,8.745239409999999713e-01,8.051560600000000345e-02,5.000000000000000278e-02,7.705835099999999716e-02,6.507116100000000236e-02,1.000000000000000056e-01,4.940117339999999801e-01,1.000000000000000000e+00,2.189894170000000195e-01,0.000000000000000000e+00,5.059422000000000051e-03,8.119255000000000569e-03,5.697369300000000580e-02,2.229063010000000011e-01,2.620610569999999862e-01,2.788381630000000277e-01,9.127937430000000463e-01,1.014159000000000033e-01,1.575157490000000104e-01,1.446362589999999892e-01,1.375822710000000060e-01,8.020395630000000109e-01,2.404606270000000101e-01,3.406225740000000113e-01,3.053307530000000103e-01
7.287255200000000710e-02,9.918936899999999945e-02,6.560977199999999676e-02,2.791760609999999754e-01,1.000000000000000000e+00,8.745239409999999713e-01,8.051560600000000345e-02,5.000000000000000278e-02,7.705835099999999716e-02,6.507116100000000236e-02,1.000000000000000056e-01,4.916347660000000008e-01,1.000000000000000000e+00,2.065482260000000014e-01,0.000000000000000000e+00,5.059422000000000051e-03,8.119255000000000569e-03,6.253022799999999326e-02,2.043109019999999887e-01,2.489039809999999964e-01,2.788381630000000277e-01,9.127937430000000463e-01,1.014159000000000033e-01,1.575157490000000104e-01,1.446362589999999892e-01,1.375822710000000060e-01,8.020395630000000109e-01,2.404606270000000101e-01,3.406225740000000113e-01,3.053307530000000103e-01
9.220340600000000164e-02,8.415448700000000004e-02,6.837441699999999289e-02,2.586358420000000047e-01,1.000000000000000000e+00,8.745239409999999713e-01,8.051560600000000345e-02,5.000000000000000278e-02,7.705835099999999716e-02,6.507116100000000236e-02,1.000000000000000056e-01,4.767072849999999806e-01,1.000000000000000000e+00,2.198159590000000052e-01,0.000000000000000000e+00,5.059422000000000051e-03,8.119255000000000569e-03,5.145314499999999874e-02,2.171084359999999880e-01,2.717456930000000104e-01,2.788381630000000277e-01,9.127937430000000463e-01,1.014159000000000033e-01,1.575157490000000104e-01,1.446362589999999892e-01,1.375822710000000060e-01,8.020395630000000109e-01,2.404606270000000101e-01,3.406225740000000113e-01,3.053307530000000103e-01
8.563109799999998883e-02,1.049660239999999911e-01,8.285210500000000922e-02,2.748907099999999826e-01,1.000000000000000000e+00,8.745239409999999713e-01,8.051560600000000345e-02,5.000000000000000278e-02,7.705835099999999716e-02,6.507116100000000236e-02,1.000000000000000056e-01,5.018058519999999412e-01,1.000000000000000000e+00,2.229678050000000189e-01,0.000000000000000000e+00,5.059422000000000051e-03,8.119255000000000569e-03,6.719548899999999714e-02,2.015111249999999854e-01,2.676100499999999882e-01,2.788381630000000277e-01,9.127937430000000463e-01,1.014159000000000033e-01,1.575157490000000104e-01,1.446362589999999892e-01,1.375822710000000060e-01,8.020395630000000109e-01,2.404606270000000101e-01,3.406225740000000113e-01,3.053307530000000103e-01
8.390011899999999523e-02,9.108472900000000316e-02,8.361240500000000075e-02,2.697192789999999785e-01,1.000000000000000000e+00,8.745239409999999713e-01,8.051560600000000345e-02,5.000000000000000278e-02,7.705835099999999716e-02,6.507116100000000236e-02,1.000000000000000056e-01,5.001736559999999665e-01,1.000000000000000000e+00,1.999594880000000185e-01,0.000000000000000000e+00,5.059422000000000051e-03,8.119255000000000569e-03,6.328470499999999666e-02,2.254191019999999823e-01,2.509582590000000168e-01,2.788381630000000277e-01,9.127937430000000463e-01,1.014159000000000033e-01,1.575157490000000104e-01,1.446362589999999892e-01,1.375822710000000060e-01,8.020395630000000109e-01,2.404606270000000101e-01,3.406225740000000113e-01,3.053307530000000103e-01
7.693269599999999486e-02,8.855994500000000103e-02,8.343293799999999816e-02,2.810121279999999722e-01,1.000000000000000000e+00,8.745239409999999713e-01,8.051560600000000345e-02,5.000000000000000278e-02,7.705835099999999716e-02,6.507116100000000236e-02,1.000000000000000056e-01,4.845674819999999938e-01,1.000000000000000000e+00,1.960856410000000050e-01,0.000000000000000000e+00,5.059422000000000051e-03,8.119255000000000569e-03,6.151349899999999926e-02,2.055614479999999800e-01,2.638037970000000065e-01,2.788381630000000277e-01,9.127937430000000463e-01,1.014159000000000033e-01,1.575157490000000104e-01,1.446362589999999892e-01,1.375822710000000060e-01,8.020395630000000109e-01,2.404606270000000101e-01,3.406225740000000113e-01,3.053307530000000103e-01
8.924963199999999541e-02,9.982478599999999869e-02,8.030549400000000504e-02,2.742014689999999755e-01,1.000000000000000000e+00,8.745239409999999713e-01,8.051560600000000345e-02,5.000000000000000278e-02,7.705835099999999716e-02,6.507116100000000236e-02,1.000000000000000056e-01,5.021711269999999949e-01,1.000000000000000000e+00,1.995984729999999985e-01,0.000000000000000000e+00,5.059422000000000051e-03,8.119255000000000569e-03,6.539618999999999294e-02,2.298709529999999890e-01,2.719441740000000385e-01,2.788381630000000277e-01,9.127937430000000463e-01,1.014159000000000033e-01,1.575157490000000104e-01,1.446362589999999892e-01,1.375822710000000060e-01,8.020395630000000109e-01,2.404606270000000101e-01,3.406225740000000113e-01,3.053307530000000103e-01
7.744797300000000329e-02,9.882464600000000210e-02,8.085823100000000263e-02,2.817771099999999973e-01,1.000000000000000000e+00,8.745239409999999713e-01,8.051560600000000345e-02,5.000000000000000278e-02,7.705835099999999716e-02,6.507116100000000236e-02,1.000000000000000056e-01,4.834724610000000200e-01,1.000000000000000000e+00,2.182147789999999976e-01,0.000000000000000000e+00,5.059422000000000051e-03,8.119255000000000569e-03,7.596948400000000379e-02,2.072135940000000009e-01,2.501158099999999940e-01,2.788381630000000277e-01,9.127937430000000463e-01,1.014159000000000033e-01,1.575157490000000104e-01,1.446362589999999892e-01,1.375822710000000060e-01,8.020395630000000109e-01,2.404606270000000101e-01,3.406225740000000113e-01,3.053307530000000103e-01
8.892697099999999355e-02,1.028629959999999982e-01,6.052852200000000127e-02,2.797697310000000215e-01,1.000000000000000000e+00,8.745239409999999713e-01,8.051560600000000345e-02,5.000000000000000278e-02,7.705835099999999716e-02,6.507116100000000236e-02,1.000000000000000056e-01,5.003575540000000377e-01,1.000000000000000000e+00,2.032529940000000201e-01,0.000000000000000000e+00,5.059422000000000051e-03,8.119255000000000569e-03,4.714579600000000370e-02,2.130835539999999806e-01,2.570268130000000206e-01,2.788381630000000277e-01,9.127937430000000463e-01,1.014159000000000033e-01,1.575157490000000104e-01,1.446362589999999892e-01,1.375822710000000060e-01,8.020395630000000109e-01,2.404606270000000101e-01,3.406225740000000113e-01,3.053307530000000103e-01
7.152253799999999662e-02,9.499386499999999678e-02,7.109591399999999617e-02,2.675169250000000165e-01,1.000000000000000000e+00,8.745239409999999713e-01,8.051560600000000345e-02,5.000000000000000278e-02,7.705835099999999716e-02,6.507116100000000236e-02,1.000000000000000056e-01,4.816949580000000064e-01,1.000000000000000000e+00,2.208080270000000178e-01,0.000000000000000000e+00,5.059422000000000051e-03,8.119255000000000569e-03,6.695834600000000192e-02,2.010248929999999823e-01,2.578215879999999904e-01,2.788381630000000277e-01,9.127937430000000463e-01,1.014159000000000033e-01,1.575157490000000104e-01,1.446362589999999892e-01,1.375822710000000060e-01,8.020395630000000109e-01,2.404606270000000101e-01,3.406225740000000113e-01,3.053307530000000103e-01
7.328881199999999485e-02,8.066384599999999738e-02,7.518076199999999820e-02,2.645239670000000265e-01,1.000000000000000000e+00,8.745239409999999713e-01,8.051560600000000345e-02,5.000000000000000278e-02,7.705835099999999716e-02,6.507116100000000236e-02,1.000000000000000056e-01,5.010097719999999644e-01,1.000000000000000000e+00,2.138326100000000063e-01,0.000000000000000000e+00,5.059422000000000051e-03,8.119255000000000569e-03,7.073327900000001001e-02,2.058043869999999775e-01,2.504898839999999960e-01,2.788381630000000277e-01,9.127937430000000463e-01,1.014159000000000033e-01,1.575157490000000104e-01,1.446362589999999892e-01,1.375822710000000060e-01,8.020395630000000109e-01,2.404606270000000101e-01,3.406225740000000113e-01,3.053307530000000103e-01
7.717008200000000095e-02,9.937790900000000038e-02,6.334549700000000061e-02,2.698851079999999847e-01,1.000000000000000000e+00,8.745239409999999713e-01,8.051560600000000345e-02,5.000000000000000278e-02,7.705835099999999716e-02,6.507116100000000236e-02,1.000000000000000056e-01,4.973547130000000038e-01,1.000000000000000000e+00,1.985598070000000048e-01,0.000000000000000000e+00,5.059422000000000051e-03,8.119255000000000569e-03,7.313388800000000800e-02,2.065036269999999952e-01,2.530755650000000023e-01,2.788381630000000277e-01,9.127937430000000463e-01,1.014159000000000033e-01,1.575157490000000104e-01,1.446362589999999892e-01,1.375822710000000060e-01,8.020395630000000109e-01,2.404606270000000101e-01,3.406225740000000113e-01,3.053307530000000103e-01
9.067891699999999777e-02,7.713553400000000559e-02,7.688889699999999772e-02,2.577644049999999742e-01,1.000000000000000000e+00,8.745239409999999713e-01,8.051560600000000345e-02,5.000000000000000278e-02,7.705835099999999716e-02,6.507116100000000236e-02,1.000000000000000056e-01,4.853941949999999728e-01,1.000000000000000000e+00,2.095875739999999987e-01,0.000000000000000000e+00,5.059422000000000051e-03,8.119255000000000569e-03,5.203142499999999920e-02,2.163890420000000037e-01,2.565344449999999998e-01,2.788381630000000277e-01,9.127937430000000463e-01,1.014159000000000033e-01,1.575157490000000104e-01,1.446362589999999892e-01,1.375822710000000060e-01,8.020395630000000109e-01,2.404606270000000101e-01,3.406225740000000113e-01,3.053307530000000103e-01
6.915787299999999471e-02,7.985619600000000429e-02,8.576909500000000353e-02,2.868424029999999680e-01,1.000000000000000000e+00,8.745239409999999713e-01,8.051560600000000345e-02,5.000000000000000278e-02,7.705835099999999716e-02,6.507116100000000236e-02,1.000000000000000056e-01,4.877078240000000120e-01,1.000000000000000000e+00,2.033721559999999984e-01,0.000000000000000000e+00,5.059422000000000051e-03,8.119255000000000569e-03,6.853933700000000573e-02,2.188241529999999935e-01,2.736248760000000169e-01,2.788381630000000277e-01,9.127937430000000463e-01,1.014159000000000033e-01,1.575157490000000104e-01,1.446362589999999892e-01,1.375822710000000060e-01,8.020395630000000109e-01,2.404606270000000101e-01,3.406225740000000113e-01,3.053307530000000103e-01
8.450359899999999869e-02,8.199688499999999158e-02,7.072286199999999745e-02,2.728206209999999854e-01,1.000000000000000000e+00,8.745239409999999713e-01,8.051560600000000345e-02,5.000000000000000278e-02,7.705835099999999716e-02,6.507116100000000236e-02,1.000000000000000056e-01,4.730439140000000098e-01,1.000000000000000000e+00,2.154175200000000012e-01,0.000000000000000000e+00,5.059422000000000051e-03,8.119255000000000569e-03,7.441133399999999565e-02,2.122109329999999905e-01,2.681340440000000158e-01,2.788381630000000277e-01,9.127937430000000463e-01,1.014159000000000033e-01,1.575157490000000104e-01,1.446362589999999892e-01,1.375822710000000060e-01,8.020395630000000109e-01,2.404606270000000101e-01,3.406225740000000113e-01,3.053307530000000103e-01
6.442331599999999436e-02,8.612162500000000720e-02,5.680495900000000209e-02,2.690636069999999824e-01,1.000000000000000000e+00,8.745239409999999713e-01,8.051560600000000345e-02,5.000000000000000278e-02,7.705835099999999716e-02,6.507116100000000236e-02,1.000000000000000056e-01,4.942804849999999917e-01,1.000000000000000000e+00,1.978470540000000222e-01,0.000000000000000000e+00,5.059422000000000051e-03,8.119255000000000569e-03,6.125354300000000057e-02,2.111243869999999967e-01,2.697601910000000380e-01,2.788381630000000277e-01,9.127937430000000463e-01,1.014159000000000033e-01,1.575157490000000104e-01,1.446362589999999892e-01,1.375822710000000060e-01,8.020395630000000109e-01,2.404606270000000101e-01,3.406225740000000113e-01,3.053307530000000103e-01
8.704881400000000213e-02,9.014568000000000580e-02,6.883488200000000001e-02,2.774494909999999925e-01,1.000000000000000000e+00,8.745239409999999713e-01,8.051560600000000345e-02,5.000000000000000278e-02,7.705835099999999716e-02,6.507116100000000236e-02,1.000000000000000056e-01,4.734031919999999727e-01,1.000000000000000000e+00,2.209953199999999951e-01,0.000000000000000000e+00,5.059422000000000051e-03,8.119255000000000569e-03,5.474318999999999713e-02,2.187360989999999894e-01,2.497644670000000178e-01,2.788381630000000277e-01,9.127937430000000463e-01,1.014159000000000033e-01,1.575157490000000104e-01,1.446362589999999892e-01,1.375822710000000060e-01,8.020395630000000109e-01,2.404606270000000101e-01,3.406225740000000113e-01,3.053307530000000103e-01
8.606945099999999127e-02,8.520528599999999120e-02,6.042317400000000310e-02,2.672765899999999806e-01,1.000000000000000000e+00,8.745239409999999713e-01,8.051560600000000345e-02,5.000000000000000278e-02,7.705835099999999716e-02,6.507116100000000236e-02,1.000000000000000056e-01,4.849110460000000122e-01,1.000000000000000000e+00,2.004124419999999962e-01,0.000000000000000000e+00,5.059422000000000051e-03,8.119255000000000569e-03,6.879339900000000507e-02,2.141893799999999848e-01,2.704761950000000303e-01,2.788381630000000277e-01,9.127937430000000463e-01,1.014159000000000033e-01,1.575157490000000104e-01,1.446362589999999892e-01,1.375822710000000060e-01,8.020395630000000109e-01,2.404606270000000101e-01,3.406225740000000113e-01,3.053307530000000103e-01
8.336182100000000261e-02,8.007171400000000216e-02,5.928863100000000136e-02,2.766218679999999930e-01,1.000000000000000000e+00,8.745239409999999713e-01,8.051560600000000345e-02,5.000000000000000278e-02,7.705835099999999716e-02,6.507116100000000236e-02,1.000000000000000056e-01,4.914777269999999754e-01,1.000000000000000000e+00,2.020743000000000122e-01,0.000000000000000000e+00,5.059422000000000051e-03,8.119255000000000569e-03,5.220794299999999971e-02,2.148774789999999824e-01,2.596953810000000029e-01,2.788381630000000277e-01,9.127937430000000463e-01,1.014159000000000033e-01,1.575157490000000104e-01,1.446362589999999892e-01,1.375822710000000060e-01,8.020395630000000109e-01,2.404606270000000101e-01,3.406225740000000113e-01,3.053307530000000103e-01
6.484677099999999750e-02,7.964826099999999798e-02,5.890234199999999642e-02,2.578928999999999805e-01,1.000000000000000000e+00,8.745239409999999713e-01,8.051560600000000345e-02,5.000000000000000278e-02,7.705835099999999716e-02,6.507116100000000236e-02,1.000000000000000056e-01,4.842916440000000211e-01,1.000000000000000000e+00,2.253295650000000094e-01,0.000000000000000000e+00,5.059422000000000051e-03,8.119255000000000569e-03,5.567794400000000005e-02,2.256708969999999814e-01,2.528092459999999875e-01,2.788381630000000277e-01,9.127937430000000463e-01,1.014159000000000033e-01,1.575157490000000104e-01,1.446362589999999892e-01,1.375822710000000060e-01,8.020395630000000109e-01,2.404606270000000101e-01,3.406225740000000113e-01,3.053307530000000103e-01
7.396297599999999972e-02,9.511218800000000029e-02,8.630866200000000821e-02,2.602256849999999844e-01,1.000000000000000000e+00,8.745239409999999713e-01,8.051560600000000345e-02,5.000000000000000278e-02,7.705835099999999716e-02,6.507116100000000236e-02,1.000000000000000056e-01,4.936458550000000223e-01,1.000000000000000000e+00,2.097655760000000091e-01,0.000000000000000000e+00,5.059422000000000051e-03,8.119255000000000569e-03,7.077367800000000653e-02,2.162332539999999859e-01,2.590825370000000016e-01,2.788381630000000277e-01,9.127937430000000463e-01,1.014159000000000033e-01,1.575157490000000104e-01,1.446362589999999892e-01,1.375822710000000060e-01,8.020395630000000109e-01,2.404606270000000101e-01,3.406225740000000113e-01,3.053307530000000103e-01
8.049739599999999884e-02,1.002004639999999891e-01,6.798792200000000618e-02,2.851002320000000090e-01,1.000000000000000000e+00,8.745239409999999713e-01,8.051560600000000345e-02,5.000000000000000278e-02,7.705835099999999716e-02,6.507116100000000236e-02,1.000000000000000056e-01,4.933916910000000211e-01,1.000000000000000000e+00,1.964290340000000024e-01,0.000000000000000000e+00,5.059422000000000051e-03,8.119255000000000569e-03,6.470591000000000537e-02,2.080222840000000017e-01,2.483219950000000176e-01,2.788381630000000277e-01,9.127937430000000463e-01,1.014159000000000033e-01,1.575157490000000104e-01,1.446362589999999892e-01,1.375822710000000060e-01,8.020395630000000109e-01,2.404606270000000101e-01,3.406225740000000113e-01,3.053307530000000103e-01
8.833507300000000007e-02,8.465166400000000146e-02,7.056254000000000692e-02,2.847743099999999750e-01,1.000000000000000000e+00,8.745239409999999713e-01,8.051560600000000345e-02,5.000000000000000278e-02,7.705835099999999716e-02,6.507116100000000236e-02,1.000000000000000056e-01,4.919822719999999983e-01,1.000000000000000000e+00,2.228865140000000078e-01,0.000000000000000000e+00,5.059422000000000051e-03,8.119255000000000569e-03,7.323956100000000857e-02,2.024657039999999963e-01,2.502556530000000223e-01,2.788381630000000277e-01,9.127937430000000463e-01,1.014159000000000033e-01,1.575157490000000104e-01,1.446362589999999892e-01,1.375822710000000060e-01,8.020395630000000109e-01,2.404606270000000101e-01,3.406225740000000113e-01,3.053307530000000103e-01
7.336180600000000163e-02,1.019098639999999889e-01,5.723620000000000096e-02,2.590536540000000221e-01,1.000000000000000000e+00,8.745239409999999713e-01,8.051560600000000345e-02,5.000000000000000278e-02,7.705835099999999716e-02,6.507116100000000236e-02,1.000000000000000056e-01,4.826168809999999976e-01,1.000000000000000000e+00,2.084094260000000087e-01,0.000000000000000000e+00,5.059422000000000051e-03,8.119255000000000569e-03,5.237804799999999650e-02,2.116522299999999968e-01,2.499459790000000126e-01,2.788381630000000277e-01,9.127937430000000463e-01,1.014159000000000033e-01,1.575157490000000104e-01,1.446362589999999892e-01,1.375822710000000060e-01,8.020395630000000109e-01,2.404606270000000101e-01,3.406225740000000113e-01,3.053307530000000103e-01
6.762434100000000448e-02,8.559104000000000712e-02,7.389217800000000280e-02,2.723273580000000194e-01,1.000000000000000000e+00,8.745239409999999713e-01,8.051560600000000345e-02,5.000000000000000278e-02,7.705835099999999716e-02,6.507116100000000236e-02,1.000000000000000056e-01,4.871193189999999951e-01,1.000000000000000000e+00,2.204142400000000113e-01,0.000000000000000000e+00,5.059422000000000051e-03,8.119255000000000569e-03,6.426715800000000478e-02,2.112383210000000067e-01,2.559734670000000101e-01,2.788381630000000277e-01,9.127937430000000463e-01,1.014159000000000033e-01,1.575157490000000104e-01,1.446362589999999892e-01,1.375822710000000060e-01,8.020395630000000109e-01,2.404606270000000101e-01,3.406225740000000113e-01,3.053307530000000103e-01
8.437544399999999389e-02,7.878594899999999401e-02,6.409283000000000341e-02,2.663459460000000001e-01,1.000000000000000000e+00,8.745239409999999713e-01,8.051560600000000345e-02,5.000000000000000278e-02,7.705835099999999716e-02,6.507116100000000236e-02,1.000000000000000056e-01,4.841627450000000055e-01,1.000000000000000000e+00,1.980295300000000092e-01,0.000000000000000000e+00,5.059422000000000051e-03,8.119255000000000569e-03,6.374813799999999586e-02,2.255811989999999823e-01,2.677072750000000223e-01,2.788381630000000277e-01,9.127937430000000463e-01,1.014159000000000033e-01,1.575157490000000104e-01,1.446362589999999892e-01,1.375822710000000060e-01,8.020395630000000109e-01,2.404606270000000101e-01,3.406225740000000113e-01,3.053307530000000103e-01
7.192697000000000673e-02,9.515317299999999368e-02,7.906219300000000283e-02,2.731388160000000065e-01,1.000000000000000000e+00,8.745239409999999713e-01,8.051560600000000345e-02,5.000000000000000278e-02,7.705835099999999716e-02,6.507116100000000236e-02,1.000000000000000056e-01,4.799884560000000078e-01,1.000000000000000000e+00,2.163121010000000066e-01,0.000000000000000000e+00,5.059422000000000051e-03,8.119255000000000569e-03,7.628879599999999206e-02,2.059396839999999840e-01,2.452870970000000095e-01,2.788381630000000277e-01,9.127937430000000463e-01,1.014159000000000033e-01,1.575157490000000104e-01,1.446362589999999892e-01,1.375822710000000060e-01,8.020395630000000109e-01,2.404606270000000101e-01,3.406225740000000113e-01,3.053307530000000103e-01
8.428786500000000348e-02,9.474549499999999902e-02,8.563398799999999422e-02,2.666674700000000175e-01,1.000000000000000000e+00,8.745239409999999713e-01,8.051560600000000345e-02,5.000000000000000278e-02,7.705835099999999716e-02,6.507116100000000236e-02,1.000000000000000056e-01,4.813581270000000245e-01,1.000000000000000000e+00,2.247265549999999945e-01,0.000000000000000000e+00,5.059422000000000051e-03,8.119255000000000569e-03,6.675424500000000372e-02,2.046075049999999951e-01,2.487659289999999968e-01,2.788381630000000277e-01,9.127937430000000463e-01,1.014159000000000033e-01,1.575157490000000104e-01,1.446362589999999892e-01,1.375822710000000060e-01,8.020395630000000109e-01,2.404606270000000101e-01,3.406225740000000113e-01,3.053307530000000103e-01
9.193474100000000038e-02,9.924915500000000557e-02,6.399770899999999985e-02,2.695223970000000246e-01,1.000000000000000000e+00,8.745239409999999713e-01,8.051560600000000345e-02,5.000000000000000278e-02,7.705835099999999716e-02,6.507116100000000236e-02,1.000000000000000056e-01,4.873531589999999802e-01,1.000000000000000000e+00,2.090150649999999999e-01,0.000000000000000000e+00,5.059422000000000051e-03,8.119255000000000569e-03,4.806923300000000288e-02,2.167825619999999842e-01,2.656019319999999850e-01,2.788381630000000277e-01,9.127937430000000463e-01,1.014159000000000033e-01,1.575157490000000104e-01,1.446362589999999892e-01,1.375822710000000060e-01,8.020395630000000109e-01,2.404606270000000101e-01,3.406225740000000113e-01,3.053307530000000103e-01
7.176985499999999352e-02,8.053443999999999880e-02,7.821355399999999070e-02,2.790570019999999984e-01,1.000000000000000000e+00,8.745239409999999713e-01,8.051560600000000345e-02,5.000000000000000278e-02,7.705835099999999716e-02,6.507116100000000236e-02,1.000000000000000056e-01,4.931579200000000274e-01,1.000000000000000000e+00,2.224389160000000143e-01,0.000000000000000000e+00,5.059422000000000051e-03,8.119255000000000569e-03,7.508071399999999285e-02,2.042153210000000052e-01,2.661839510000000297e-01,2.788381630000000277e-01,9.127937430000000463e-01,1.014159000000000033e-01,1.575157490000000104e-01,1.446362589999999892e-01,1.375822710000000060e-01,8.020395630000000109e-01,2.404606270000000101e-01,3.406225740000000113e-01,3.053307530000000103e-01
7.169877399999999290e-02,9.176678900000000139e-02,7.540248299999999237e-02,2.612511160000000054e-01,1.000000000000000000e+00,8.745239409999999713e-01,8.051560600000000345e-02,5.000000000000000278e-02,7.705835099999999716e-02,6.507116100000000236e-02,1.000000000000000056e-01,4.979596609999999979e-01,1.000000000000000000e+00,1.974688850000000107e-01,0.000000000000000000e+00,5.059422000000000051e-03,8.119255000000000569e-03,6.590242300000000164e-02,2.146905080000000021e-01,2.729050170000000275e-01,2.788381630000000277e-01,9.127937430000000463e-01,1.014159000000000033e-01,1.575157490000000104e-01,1.446362589999999892e-01,1.375822710000000060e-01,8.020395630000000109e-01,2.404606270000000101e-01,3.406225740000000113e-01,3.053307530000000103e-01
7.826268000000000113e-02,8.895392800000000155e-02,6.951224799999999870e-02,2.860226679999999799e-01,1.000000000000000000e+00,8.745239409999999713e-01,8.051560600000000345e-02,5.000000000000000278e-02,7.705835099999999716e-02,6.507116100000000236e-02,1.000000000000000056e-01,4.988672630000000052e-01,1.000000000000000000e+00,2.193547299999999978e-01,0.000000000000000000e+00,5.059422000000000051e-03,8.119255000000000569e-03,5.594512100000000043e-02,2.104376249999999893e-01,2.740205649999999937e-01,2.788381630000000277e-01,9.127937430000000463e-01,1.014159000000000033e-01,1.575157490000000104e-01,1.446362589999999892e-01,1.375822710000000060e-01,8.020395630000000109e-01,2.404606270000000101e-01,3.406225740000000113e-01,3.053307530000000103e-01
7.432662299999999445e-02,8.262547100000000588e-02,6.076609499999999914e-02,2.768620499999999707e-01,1.000000000000000000e+00,8.745239409999999713e-01,8.051560600000000345e-02,5.000000000000000278e-02,7.705835099999999716e-02,6.507116100000000236e-02,1.000000000000000056e-01,4.906874279999999811e-01,1.000000000000000000e+00,2.088319329999999974e-01,0.000000000000000000e+00,5.059422000000000051e-03,8.119255000000000569e-03,5.773306899999999797e-02,2.190286280000000030e-01,2.612759379999999854e-01,2.788381630000000277e-01,9.127937430000000463e-01,1.014159000000000033e-01,1.575157490000000104e-01,1.446362589999999892e-01,1.375822710000000060e-01,8.020395630000000109e-01,2.404606270000000101e-01,3.406225740000000113e-01,3.053307530000000103e-01
8.492462000000000621e-02,9.351776000000000533e-02,7.101755800000000840e-02,2.671879329999999886e-01,1.000000000000000000e+00,8.745239409999999713e-01,8.051560600000000345e-02,5.000000000000000278e-02,7.705835099999999716e-02,6.507116100000000236e-02,1.000000000000000056e-01,4.783938879999999894e-01,1.000000000000000000e+00,2.129252530000000088e-01,0.000000000000000000e+00,5.059422000000000051e-03,8.119255000000000569e-03,5.397362799999999572e-02,2.027806129999999984e-01,2.715749480000000382e-01,2.788381630000000277e-01,9.127937430000000463e-01,1.014159000000000033e-01,1.575157490000000104e-01,1.446362589999999892e-01,1.375822710000000060e-01,8.020395630000000109e-01,2.404606270000000101e-01,3.406225740000000113e-01,3.053307530000000103e-01
6.894097700000000051e-02,1.008693239999999963e-01,8.138344000000000134e-02,2.812494899999999909e-01,1.000000000000000000e+00,8.745239409999999713e-01,8.051560600000000345e-02,5.000000000000000278e-02,7.705835099999999716e-02,6.507116100000000236e-02,1.000000000000000056e-01,5.019264129999999602e-01,1.000000000000000000e+00,2.122787440000000192e-01,0.000000000000000000e+00,5.059422000000000051e-03,8.119255000000000569e-03,5.200050100000000453e-02,2.225130149999999807e-01,2.699253770000000219e-01,2.788381630000000277e-01,9.127937430000000463e-01,1.014159000000000033e-01,1.575157490000000104e-01,1.446362589999999892e-01,1.375822710000000060e-01,8.020395630000000109e-01,2.404606270000000101e-01,3.406225740000000113e-01,3.053307530000000103e-01
8.712207399999999380e-02,9.782992999999999550e-02,8.241172099999999334e-02,2.588366149999999921e-01,1.000000000000000000e+00,8.745239409999999713e-01,8.051560600000000345e-02,5.000000000000000278e-02,7.705835099999999716e-02,6.507116100000000236e-02,1.000000000000000056e-01,4.922375580000000195e-01,1.000000000000000000e+00,2.005961340000000093e-01,0.000000000000000000e+00,5.059422000000000051e-03,8.119255000000000569e-03,7.002338599999999302e-02,2.136105269999999945e-01,2.659198590000000362e-01,2.788381630000000277e-01,9.127937430000000463e-01,1.014159000000000033e-01,1.575157490000000104e-01,1.446362589999999892e-01,1.375822710000000060e-01,8.020395630000000109e-01,2.404606270000000101e-01,3.406225740000000113e-01,3.053307530000000103e-01
8.799629700000000110e-02,8.971831699999999188e-02,6.880279799999999835e-02,2.603925489999999732e-01,1.000000000000000000e+00,8.745239409999999713e-01,8.051560600000000345e-02,5.000000000000000278e-02,7.705835099999999716e-02,6.507116100000000236e-02,1.000000000000000056e-01,4.757070050000000161e-01,1.000000000000000000e+00,2.103275010000000000e-01,0.000000000000000000e+00,5.059422000000000051e-03,8.119255000000000569e-03,7.476219000000000614e-02,2.234381400000000073e-01,2.463810840000000002e-01,2.788381630000000277e-01,9.127937430000000463e-01,1.014159000000000033e-01,1.575157490000000104e-01,1.446362589999999892e-01,1.375822710000000060e-01,8.020395630000000109e-01,2.404606270000000101e-01,3.406225740000000113e-01,3.053307530000000103e-01
8.036729200000000684e-02,8.932373700000000027e-02,7.733013799999999272e-02,2.579890999999999712e-01,1.000000000000000000e+00,8.745239409999999713e-01,8.051560600000000345e-02,5.000000000000000278e-02,7.705835099999999716e-02,6.507116100000000236e-02,1.000000000000000056e-01,4.818868749999999923e-01,1.000000000000000000e+00,2.075442299999999962e-01,0.000000000000000000e+00,5.059422000000000051e-03,8.119255000000000569e-03,4.861090500000000286e-02,2.018321509999999874e-01,2.634952070000000091e-01,2.788381630000000277e-01,9.127937430000000463e-01,1.014159000000000033e-01,1.575157490000000104e-01,1.446362589999999892e-01,1.375822710000000060e-01,8.020395630000000109e-01,2.404606270000000101e-01,3.406225740000000113e-01,3.053307530000000103e-01
6.552247899999999459e-02,7.842001799999999412e-02,6.419916800000000090e-02,2.710800469999999907e-01,1.000000000000000000e+00,8.745239409999999713e-01,8.051560600000000345e-02,5.000000000000000278e-02,7.705835099999999716e-02,6.507116100000000236e-02,1.000000000000000056e-01,4.964410229999999813e-01,1.000000000000000000e+00,1.989397630000000194e-01,0.000000000000000000e+00,5.059422000000000051e-03,8.119255000000000569e-03,5.779020599999999674e-02,2.006830440000000049e-01,2.710453210000000057e-01,2.788381630000000277e-01,9.127937430000000463e-01,1.014159000000000033e-01,1.575157490000000104e-01,1.446362589999999892e-01,1.375822710000000060e-01,8.020395630000000109e-01,2.404606270000000101e-01,3.406225740000000113e-01,3.053307530000000103e-01
7.519231099999999779e-02,9.754014499999999477e-02,6.349540900000000265e-02,2.867292310000000288e-01,1.000000000000000000e+00,8.745239409999999713e-01,8.051560600000000345e-02,5.000000000000000278e-02,7.705835099999999716e-02,6.507116100000000236e-02,1.000000000000000056e-01,4.812376970000000198e-01,1.000000000000000000e+00,2.172551770000000215e-01,0.000000000000000000e+00,5.059422000000000051e-03,8.119255000000000569e-03,5.976471199999999762e-02,2.134923870000000057e-01,2.503852100000000247e-01,2.788381630000000277e-01,9.127937430000000463e-01,1.014159000000000033e-01,1.575157490000000104e-01,1.446362589999999892e-01,1.375822710000000060e-01,8.020395630000000109e-01,2.404606270000000101e-01,3.406225740000000113e-01,3.053307530000000103e-01
6.902959100000000126e-02,1.007366799999999951e-01,5.959177699999999855e-02,2.676466779999999712e-01,1.000000000000000000e+00,8.745239409999999713e-01,8.051560600000000345e-02,5.000000000000000278e-02,7.705835099999999716e-02,6.507116100000000236e-02,1.000000000000000056e-01,4.726866399999999913e-01,1.000000000000000000e+00,2.025277780000000194e-01,0.000000000000000000e+00,5.059422000000000051e-03,8.119255000000000569e-03,5.325097200000000058e-02,2.003662769999999815e-01,2.561272299999999835e-01,2.788381630000000277e-01,9.127937430000000463e-01,1.014159000000000033e-01,1.575157490000000104e-01,1.446362589999999892e-01,1.375822710000000060e-01,8.020395630000000109e-01,2.404606270000000101e-01,3.406225740000000113e-01,3.053307530000000103e-01
6.722256799999999644e-02,1.025338550000000071e-01,7.093379499999999394e-02,2.647851989999999711e-01,1.000000000000000000e+00,8.745239409999999713e-01,8.051560600000000345e-02,5.000000000000000278e-02,7.705835099999999716e-02,6.507116100000000236e-02,1.000000000000000056e-01,4.829914869999999971e-01,1.000000000000000000e+00,2.104420530000000178e-01,0.000000000000000000e+00,5.059422000000000051e-03,8.119255000000000569e-03,6.034742399999999674e-02,2.086191079999999975e-01,2.573175730000000216e-01,2.788381630000000277e-01,9.127937430000000463e-01,1.014159000000000033e-01,1.575157490000000104e-01,1.446362589999999892e-01,1.375822710000000060e-01,8.020395630000000109e-01,2.404606270000000101e-01,3.406225740000000113e-01,3.053307530000000103e-01
7.475841899999999263e-02,9.638311699999999038e-02,6.962413500000000366e-02,2.707146080000000232e-01,1.000000000000000000e+00,8.745239409999999713e-01,8.051560600000000345e-02,5.000000000000000278e-02,7.705835099999999716e-02,6.507116100000000236e-02,1.000000000000000056e-01,4.857105079999999853e-01,1.000000000000000000e+00,2.185756209999999977e-01,0.000000000000000000e+00,5.059422000000000051e-03,8.119255000000000569e-03,7.270136800000000232e-02,2.264417479999999983e-01,2.544375019999999821e-01,2.788381630000000277e-01,9.127937430000000463e-01,1.014159000000000033e-01,1.575157490000000104e-01,1.446362589999999892e-01,1.375822710000000060e-01,8.020395630000000109e-01,2.404606270000000101e-01,3.406225740000000113e-01,3.053307530000000103e-01
6.455074099999999482e-02,9.210315099999999422e-02,8.531171900000000807e-02,2.858969690000000008e-01,1.000000000000000000e+00,8.745239409999999713e-01,8.051560600000000345e-02,5.000000000000000278e-02,7.705835099999999716e-02,6.507116100000000236e-02,1.000000000000000056e-01,4.779733310000000013e-01,1.000000000000000000e+00,2.108204399999999978e-01,0.000000000000000000e+00,5.059422000000000051e-03,8.119255000000000569e-03,5.533849999999999880e-02,2.230227409999999966e-01,2.568288550000000225e-01,2.788381630000000277e-01,9.127937430000000463e-01,1.014159000000000033e-01,1.575157490000000104e-01,1.446362589999999892e-01,1.375822710000000060e-01,8.020395630000000109e-01,2.404606270000000101e-01,3.406225740000000113e-01,3.053307530000000103e-01
7.125846099999999517e-02,7.824978300000000331e-02,8.313443200000000810e-02,2.822871530000000129e-01,1.000000000000000000e+00,8.745239409999999713e-01,8.051560600000000345e-02,5.000000000000000278e-02,7.705835099999999716e-02,6.507116100000000236e-02,1.000000000000000056e-01,4.755314889999999739e-01,1.000000000000000000e+00,2.008682700000000154e-01,0.000000000000000000e+00,5.059422000000000051e-03,8.119255000000000569e-03,4.931850399999999912e-02,2.157348399999999833e-01,2.729896219999999873e-01,2.788381630000000277e-01,9.127937430000000463e-01,1.014159000000000033e-01,1.575157490000000104e-01,1.446362589999999892e-01,1.375822710000000060e-01,8.020395630000000109e-01,2.404606270000000101e-01,3.406225740000000113e-01,3.053307530000000103e-01
8.948421100000000794e-02,7.667072299999999618e-02,8.062652900000000233e-02,2.620840190000000014e-01,1.000000000000000000e+00,8.745239409999999713e-01,8.051560600000000345e-02,5.000000000000000278e-02,7.705835099999999716e-02,6.507116100000000236e-02,1.000000000000000056e-01,4.828993549999999746e-01,1.000000000000000000e+00,2.177931630000000118e-01,0.000000000000000000e+00,5.059422000000000051e-03,8.119255000000000569e-03,5.416068599999999955e-02,2.109925289999999842e-01,2.549312060000000213e-01,2.788381630000000277e-01,9.127937430000000463e-01,1.014159000000000033e-01,1.575157490000000104e-01,1.446362589999999892e-01,1.375822710000000060e-01,8.020395630000000109e-01,2.404606270000000101e-01,3.406225740000000113e-01,3.053307530000000103e-01
8.981477300000000052e-02,8.989016799999999252e-02,7.657057600000000130e-02,2.681193820000000172e-01,1.000000000000000000e+00,8.745239409999999713e-01,8.051560600000000345e-02,5.000000000000000278e-02,7.705835099999999716e-02,6.507116100000000236e-02,1.000000000000000056e-01,4.732108119999999807e-01,1.000000000000000000e+00,2.000727540000000193e-01,0.000000000000000000e+00,5.059422000000000051e-03,8.119255000000000569e-03,5.870656700000000117e-02,2.283011899999999872e-01,2.453311820000000087e-01,2.788381630000000277e-01,9.127937430000000463e-01,1.014159000000000033e-01,1.575157490000000104e-01,1.446362589999999892e-01,1.375822710000000060e-01,8.020395630000000109e-01,2.404606270000000101e-01,3.406225740000000113e-01,3.053307530000000103e-01
7.458798699999999449e-02,8.016178699999999824e-02,7.873767100000000907e-02,2.609180770000000260e-01,1.000000000000000000e+00,8.745239409999999713e-01,8.051560600000000345e-02,5.000000000000000278e-02,7.705835099999999716e-02,6.507116100000000236e-02,1.000000000000000056e-01,4.836111710000000063e-01,1.000000000000000000e+00,2.093856280000000181e-01,0.000000000000000000e+00,5.059422000000000051e-03,8.119255000000000569e-03,5.340692699999999987e-02,2.075599669999999841e-01,2.671705819999999898e-01,2.788381630000000277e-01,9.127937430000000463e-01,1.014159000000000033e-01,1.575157490000000104e-01,1.446362589999999892e-01,1.375822710000000060e-01,8.020395630000000109e-01,2.404606270000000101e-01,3.406225740000000113e-01,3.053307530000000103e-01
9.169379299999999566e-02,1.050332679999999991e-01,6.160981199999999991e-02,2.669151479999999910e-01,1.000000000000000000e+00,8.745239409999999713e-01,8.051560600000000345e-02,5.000000000000000278e-02,7.705835099999999716e-02,6.507116100000000236e-02,1.000000000000000056e-01,5.006279790000000007e-01,1.000000000000000000e+00,2.200765060000000051e-01,0.000000000000000000e+00,5.059422000000000051e-03,8.119255000000000569e-03,4.694870100000000240e-02,2.271913459999999885e-01,2.652879840000000322e-01,2.788381630000000277e-01,9.127937430000000463e-01,1.014159000000000033e-01,1.575157490000000104e-01,1.446362589999999892e-01,1.375822710000000060e-01,8.020395630000000109e-01,2.404606270000000101e-01,3.406225740000000113e-01,3.053307530000000103e-01
7.025624099999999705e-02,1.009165159999999978e-01,6.753475000000000450e-02,2.643912110000000149e-01,1.000000000000000000e+00,8.745239409999999713e-01,8.051560600000000345e-02,5.000000000000000278e-02,7.705835099999999716e-02,6.507116100000000236e-02,1.000000000000000056e-01,4.947618999999999767e-01,1.000000000000000000e+00,2.219130890000000078e-01,0.000000000000000000e+00,5.059422000000000051e-03,8.119255000000000569e-03,5.824100699999999742e-02,2.262895269999999903e-01,2.470358920000000069e-01,2.788381630000000277e-01,9.127937430000000463e-01,1.014159000000000033e-01,1.575157490000000104e-01,1.446362589999999892e-01,1.375822710000000060e-01,8.020395630000000109e-01,2.404606270000000101e-01,3.406225740000000113e-01,3.053307530000000103e-01
8.673262700000000658e-02,8.373409499999999450e-02,7.206492800000000032e-02,2.630503000000000147e-01,1.000000000000000000e+00,8.745239409999999713e-01,8.051560600000000345e-02,5.000000000000000278e-02,7.705835099999999716e-02,6.507116100000000236e-02,1.000000000000000056e-01,4.872118100000000229e-01,1.000000000000000000e+00,2.233086590000000204e-01,0.000000000000000000e+00,5.059422000000000051e-03,8.119255000000000569e-03,5.955861500000000225e-02,2.202597729999999920e-01,2.626619139999999963e-01,2.788381630000000277e-01,9.127937430000000463e-01,1.014159000000000033e-01,1.575157490000000104e-01,1.446362589999999892e-01,1.375822710000000060e-01,8.020395630000000109e-01,2.404606270000000101e-01,3.406225740000000113e-01,3.053307530000000103e-01
8.777888799999999936e-02,9.598577799999999383e-02,6.147935799999999784e-02,2.574695160000000094e-01,1.000000000000000000e+00,8.745239409999999713e-01,8.051560600000000345e-02,5.000000000000000278e-02,7.705835099999999716e-02,6.507116100000000236e-02,1.000000000000000056e-01,4.758690850000000250e-01,1.000000000000000000e+00,2.214302280000000067e-01,0.000000000000000000e+00,5.059422000000000051e-03,8.119255000000000569e-03,7.370345700000000000e-02,2.150537349999999959e-01,2.457472310000000104e-01,2.788381630000000277e-01,9.127937430000000463e-01,1.014159000000000033e-01,1.575157490000000104e-01,1.446362589999999892e-01,1.375822710000000060e-01,8.020395630000000109e-01,2.404606270000000101e-01,3.406225740000000113e-01,3.053307530000000103e-01
8.734794199999999786e-02,7.740396399999999177e-02,6.029497799999999907e-02,2.608063409999999971e-01,1.000000000000000000e+00,8.745239409999999713e-01,8.051560600000000345e-02,5.000000000000000278e-02,7.705835099999999716e-02,6.507116100000000236e-02,1.000000000000000056e-01,5.011242249999999787e-01,1.000000000000000000e+00,2.035000470000000172e-01,0.000000000000000000e+00,5.059422000000000051e-03,8.119255000000000569e-03,5.168024599999999913e-02,2.133385979999999904e-01,2.660097220000000040e-01,2.788381630000000277e-01,9.127937430000000463e-01,1.014159000000000033e-01,1.575157490000000104e-01,1.446362589999999892e-01,1.375822710000000060e-01,8.020395630000000109e-01,2.404606270000000101e-01,3.406225740000000113e-01,3.053307530000000103e-01
7.665906599999999793e-02,7.937808799999999942e-02,6.103522200000000009e-02,2.771811699999999767e-01,1.000000000000000000e+00,8.745239409999999713e-01,8.051560600000000345e-02,5.000000000000000278e-02,7.705835099999999716e-02,6.507116100000000236e-02,1.000000000000000056e-01,4.757720249999999873e-01,1.000000000000000000e+00,1.983901560000000119e-01,0.000000000000000000e+00,5.059422000000000051e-03,8.119255000000000569e-03,6.335199599999999376e-02,2.113314949999999803e-01,2.637317129999999787e-01,2.788381630000000277e-01,9.127937430000000463e-01,1.014159000000000033e-01,1.575157490000000104e-01,1.446362589999999892e-01,1.375822710000000060e-01,8.020395630000000109e-01,2.404606270000000101e-01,3.406225740000000113e-01,3.053307530000000103e-01
6.745153499999999303e-02,1.005627729999999942e-01,6.157861500000000321e-02,2.617168149999999915e-01,1.000000000000000000e+00,8.745239409999999713e-01,8.051560600000000345e-02,5.000000000000000278e-02,7.705835099999999716e-02,6.507116100000000236e-02,1.000000000000000056e-01,4.884762409999999777e-01,1.000000000000000000e+00,2.070152410000000165e-01,0.000000000000000000e+00,5.059422000000000051e-03,8.119255000000000569e-03,6.356079600000000274e-02,2.119966239999999946e-01,2.605877490000000352e-01,2.788381630000000277e-01,9.127937430000000463e-01,1.014159000000000033e-01,1.575157490000000104e-01,1.446362589999999892e-01,1.375822710000000060e-01,8.020395630000000109e-01,2.404606270000000101e-01,3.406225740000000113e-01,3.053307530000000103e-01
7.535224999999999562e-02,9.234092800000000267e-02,7.670159399999999794e-02,2.796178120000000211e-01,1.000000000000000000e+00,8.745239409999999713e-01,8.051560600000000345e-02,5.000000000000000278e-02,7.705835099999999716e-02,6.507116100000000236e-02,1.000000000000000056e-01,4.953557510000000108e-01,1.000000000000000000e+00,2.109621060000000103e-01,0.000000000000000000e+00,5.059422000000000051e-03,8.119255000000000569e-03,6.506251600000000079e-02,2.208124900000000002e-01,2.481978600000000201e-01,2.788381630000000277e-01,9.127937430000000463e-01,1.014159000000000033e-01,1.575157490000000104e-01,1.446362589999999892e-01,1.375822710000000060e-01,8.020395630000000109e-01,2.404606270000000101e-01,3.406225740000000113e-01,3.053307530000000103e-01
7.207538799999999024e-02,1.005311969999999888e-01,7.569725199999999266e-02,2.857516649999999880e-01,1.000000000000000000e+00,8.745239409999999713e-01,8.051560600000000345e-02,5.000000000000000278e-02,7.705835099999999716e-02,6.507116100000000236e-02,1.000000000000000056e-01,5.005435350000000394e-01,1.000000000000000000e+00,2.221306970000000158e-01,0.000000000000000000e+00,5.059422000000000051e-03,8.119255000000000569e-03,7.293198600000000420e-02,2.287563810000000086e-01,2.472140359999999981e-01,2.788381630000000277e-01,9.127937430000000463e-01,1.014159000000000033e-01,1.575157490000000104e-01,1.446362589999999892e-01,1.375822710000000060e-01,8.020395630000000109e-01,2.404606270000000101e-01,3.406225740000000113e-01,3.053307530000000103e-01
9.037394699999999614e-02,8.955760899999999636e-02,6.293366499999999975e-02,2.607221290000000247e-01,1.000000000000000000e+00,8.745239409999999713e-01,8.051560600000000345e-02,5.000000000000000278e-02,7.705835099999999716e-02,6.507116100000000236e-02,1.000000000000000056e-01,4.957050949999999845e-01,1.000000000000000000e+00,2.206661189999999939e-01,0.000000000000000000e+00,5.059422000000000051e-03,8.119255000000000569e-03,7.257213300000001088e-02,2.246990319999999930e-01,2.465632630000000047e-01,2.788381630000000277e-01,9.127937430000000463e-01,1.014159000000000033e-01,1.575157490000000104e-01,1.446362589999999892e-01,1.375822710000000060e-01,8.020395630000000109e-01,2.404606270000000101e-01,3.406225740000000113e-01,3.053307530000000103e-01
8.955675600000000125e-02,9.318202700000000060e-02,8.221099900000000682e-02,2.583822219999999947e-01,1.000000000000000000e+00,8.745239409999999713e-01,8.051560600000000345e-02,5.000000000000000278e-02,7.705835099999999716e-02,6.507116100000000236e-02,1.000000000000000056e-01,4.772529070000000040e-01,1.000000000000000000e+00,2.141560650000000066e-01,0.000000000000000000e+00,5.059422000000000051e-03,8.119255000000000569e-03,7.119974100000001083e-02,2.075983019999999846e-01,2.491601060000000201e-01,2.788381630000000277e-01,9.127937430000000463e-01,1.014159000000000033e-01,1.575157490000000104e-01,1.446362589999999892e-01,1.375822710000000060e-01,8.020395630000000109e-01,2.404606270000000101e-01,3.406225740000000113e-01,3.053307530000000103e-01
6.860617099999999358e-02,9.371100300000000105e-02,8.468818799999999758e-02,2.700133209999999728e-01,1.000000000000000000e+00,8.745239409999999713e-01,8.051560600000000345e-02,5.000000000000000278e-02,7.705835099999999716e-02,6.507116100000000236e-02,1.000000000000000056e-01,5.000447460000000399e-01,1.000000000000000000e+00,2.037057040000000152e-01,0.000000000000000000e+00,5.059422000000000051e-03,8.119255000000000569e-03,5.663023200000000257e-02,2.300608259999999960e-01,2.550532839999999912e-01,2.788381630000000277e-01,9.127937430000000463e-01,1.014159000000000033e-01,1.575157490000000104e-01,1.446362589999999892e-01,1.375822710000000060e-01,8.020395630000000109e-01,2.404606270000000101e-01,3.406225740000000113e-01,3.053307530000000103e-01
7.975965200000000033e-02,8.710697800000000157e-02,8.390175099999999664e-02,2.788590280000000088e-01,1.000000000000000000e+00,8.745239409999999713e-01,8.051560600000000345e-02,5.000000000000000278e-02,7.705835099999999716e-02,6.507116100000000236e-02,1.000000000000000056e-01,4.750217500000000204e-01,1.000000000000000000e+00,1.994691600000000065e-01,0.000000000000000000e+00,5.059422000000000051e-03,8.119255000000000569e-03,5.681119500000000183e-02,2.149287129999999935e-01,2.541115750000000340e-01,2.788381630000000277e-01,9.127937430000000463e-01,1.014159000000000033e-01,1.575157490000000104e-01,1.446362589999999892e-01,1.375822710000000060e-01,8.020395630000000109e-01,2.404606270000000101e-01,3.406225740000000113e-01,3.053307530000000103e-01
7.643068899999999610e-02,9.482413400000000436e-02,7.990297999999999845e-02,2.749429860000000003e-01,1.000000000000000000e+00,8.745239409999999713e-01,8.051560600000000345e-02,5.000000000000000278e-02,7.705835099999999716e-02,6.507116100000000236e-02,1.000000000000000056e-01,4.952844909999999934e-01,1.000000000000000000e+00,2.251482170000000116e-01,0.000000000000000000e+00,5.059422000000000051e-03,8.119255000000000569e-03,4.895349000000000228e-02,2.128725729999999816e-01,2.585105440000000088e-01,2.788381630000000277e-01,9.127937430000000463e-01,1.014159000000000033e-01,1.575157490000000104e-01,1.446362589999999892e-01,1.375822710000000060e-01,8.020395630000000109e-01,2.404606270000000101e-01,3.406225740000000113e-01,3.053307530000000103e-01
7.565578400000000370e-02,8.450877399999999484e-02,8.076781599999999228e-02,2.813014979999999832e-01,1.000000000000000000e+00,8.745239409999999713e-01,8.051560600000000345e-02,5.000000000000000278e-02,7.705835099999999716e-02,6.507116100000000236e-02,1.000000000000000056e-01,4.775576650000000201e-01,1.000000000000000000e+00,2.232902860000000045e-01,0.000000000000000000e+00,5.059422000000000051e-03,8.119255000000000569e-03,6.621524400000000643e-02,2.034322269999999933e-01,2.673957900000000221e-01,2.788381630000000277e-01,9.127937430000000463e-01,1.014159000000000033e-01,1.575157490000000104e-01,1.446362589999999892e-01,1.375822710000000060e-01,8.020395630000000109e-01,2.404606270000000101e-01,3.406225740000000113e-01,3.053307530000000103e-01
7.296734700000000184e-02,1.020652900000000030e-01,6.099195300000000153e-02,2.663912339999999768e-01,1.000000000000000000e+00,8.745239409999999713e-01,8.051560600000000345e-02,5.000000000000000278e-02,7.705835099999999716e-02,6.507116100000000236e-02,1.000000000000000056e-01,4.797683959999999859e-01,1.000000000000000000e+00,2.068515880000000029e-01,0.000000000000000000e+00,5.059422000000000051e-03,8.119255000000000569e-03,6.608375499999999403e-02,2.121315249999999875e-01,2.553808889999999998e-01,2.788381630000000277e-01,9.127937430000000463e-01,1.014159000000000033e-01,1.575157490000000104e-01,1.446362589999999892e-01,1.375822710000000060e-01,8.020395630000000109e-01,2.404606270000000101e-01,3.406225740000000113e-01,3.053307530000000103e-01
8.679647799999999636e-02,8.313846199999999631e-02,5.703613500000000169e-02,2.638832449999999885e-01,1.000000000000000000e+00,8.745239409999999713e-01,8.051560600000000345e-02,5.000000000000000278e-02,7.705835099999999716e-02,6.507116100000000236e-02,1.000000000000000056e-01,4.962398729999999980e-01,1.000000000000000000e+00,2.071384280000000133e-01,0.000000000000000000e+00,5.059422000000000051e-03,8.119255000000000569e-03,7.492542900000000172e-02,2.179439199999999854e-01,2.642273769999999855e-01,2.788381630000000277e-01,9.127937430000000463e-01,1.014159000000000033e-01,1.575157490000000104e-01,1.446362589999999892e-01,1.375822710000000060e-01,8.020395630000000109e-01,2.404606270000000101e-01,3.406225740000000113e-01,3.053307530000000103e-01
8.536774999999999225e-02,8.032738999999999852e-02,8.433994799999999792e-02,2.718829830000000225e-01,1.000000000000000000e+00,8.745239409999999713e-01,8.051560600000000345e-02,5.000000000000000278e-02,7.705835099999999716e-02,6.507116100000000236e-02,1.000000000000000056e-01,4.799230489999999905e-01,1.000000000000000000e+00,2.210842590000000052e-01,0.000000000000000000e+00,5.059422000000000051e-03,8.119255000000000569e-03,5.919552200000000042e-02,2.165672790000000014e-01,2.560195900000000191e-01,2.788381630000000277e-01,9.127937430000000463e-01,1.014159000000000033e-01,1.575157490000000104e-01,1.446362589999999892e-01,1.375822710000000060e-01,8.020395630000000109e-01,2.404606270000000101e-01,3.406225740000000113e-01,3.053307530000000103e-01
6.509302399999999933e-02,1.052036869999999902e-01,7.967896399999999102e-02,2.806790590000000085e-01,1.000000000000000000e+00,8.745239409999999713e-01,8.051560600000000345e-02,5.000000000000000278e-02,7.705835099999999716e-02,6.507116100000000236e-02,1.000000000000000056e-01,5.021155109999999588e-01,1.000000000000000000e+00,2.201772010000000168e-01,0.000000000000000000e+00,5.059422000000000051e-03,8.119255000000000569e-03,7.133705199999999802e-02,2.289200149999999767e-01,2.688046150000000245e-01,2.788381630000000277e-01,9.127937430000000463e-01,1.014159000000000033e-01,1.575157490000000104e-01,1.446362589999999892e-01,1.375822710000000060e-01,8.020395630000000109e-01,2.404606270000000101e-01,3.406225740000000113e-01,3.053307530000000103e-01
6.641379899999999559e-02,7.904873499999999498e-02,6.549071700000000384e-02,2.757752139999999907e-01,1.000000000000000000e+00,8.745239409999999713e-01,8.051560600000000345e-02,5.000000000000000278e-02,7.705835099999999716e-02,6.507116100000000236e-02,1.000000000000000056e-01,4.926022509999999910e-01,1.000000000000000000e+00,2.054023170000000009e-01,0.000000000000000000e+00,5.059422000000000051e-03,8.119255000000000569e-03,6.487626400000000293e-02,2.014069019999999988e-01,2.738504370000000021e-01,2.788381630000000277e-01,9.127937430000000463e-01,1.014159000000000033e-01,1.575157490000000104e-01,1.446362589999999892e-01,1.375822710000000060e-01,8.020395630000000109e-01,2.404606270000000101e-01,3.406225740000000113e-01,3.053307530000000103e-01
8.913277399999999795e-02,8.818333999999999895e-02,5.854176700000000150e-02,2.730056510000000158e-01,1.000000000000000000e+00,8.745239409999999713e-01,8.051560600000000345e-02,5.000000000000000278e-02,7.705835099999999716e-02,6.507116100000000236e-02,1.000000000000000056e-01,4.948734379999999988e-01,1.000000000000000000e+00,1.987646020000000124e-01,0.000000000000000000e+00,5.059422000000000051e-03,8.119255000000000569e-03,4.799686599999999914e-02,2.176412219999999953e-01,2.742301409999999828e-01,2.788381630000000277e-01,9.127937430000000463e-01,1.014159000000000033e-01,1.575157490000000104e-01,1.446362589999999892e-01,1.375822710000000060e-01,8.020395630000000109e-01,2.404606270000000101e-01,3.406225740000000113e-01,3.053307530000000103e-01
8.151154599999999029e-02,1.034695770000000070e-01,7.147654900000000033e-02,2.838038379999999750e-01,1.000000000000000000e+00,8.745239409999999713e-01,8.051560600000000345e-02,5.000000000000000278e-02,7.705835099999999716e-02,6.507116100000000236e-02,1.000000000000000056e-01,5.015648179999999678e-01,1.000000000000000000e+00,2.231295199999999979e-01,0.000000000000000000e+00,5.059422000000000051e-03,8.119255000000000569e-03,6.991495100000000296e-02,2.032211359999999967e-01,2.618427790000000255e-01,2.788381630000000277e-01,9.127937430000000463e-01,1.014159000000000033e-01,1.575157490000000104e-01,1.446362589999999892e-01,1.375822710000000060e-01,8.020395630000000109e-01,2.404606270000000101e-01,3.406225740000000113e-01,3.053307530000000103e-01
6.951423599999999314e-02,1.053658080000000052e-01,8.260170199999999907e-02,2.745487449999999829e-01,1.000000000000000000e+00,8.745239409999999713e-01,8.051560600000000345e-02,5.000000000000000278e-02,7.705835099999999716e-02,6.507116100000000236e-02,1.000000000000000056e-01,4.990335289999999757e-01,1.000000000000000000e+00,2.099376960000000070e-01,0.000000000000000000e+00,5.059422000000000051e-03,8.119255000000000569e-03,4.704476000000000491e-02,2.100985519999999940e-01,2.490655400000000019e-01,2.788381630000000277e-01,9.127937430000000463e-01,1.014159000000000033e-01,1.575157490000000104e-01,1.446362589999999892e-01,1.375822710000000060e-01,8.020395630000000109e-01,2.404606270000000101e-01,3.406225740000000113e-01,3.053307530000000103e-01
6.545742300000000069e-02,8.588920999999999362e-02,7.441544899999999463e-02,2.596309110000000198e-01,1.000000000000000000e+00,8.745239409999999713e-01,8.051560600000000345e-02,5.000000000000000278e-02,7.705835099999999716e-02,6.507116100000000236e-02,1.000000000000000056e-01,4.724693449999999850e-01,1.000000000000000000e+00,2.158630700000000180e-01,0.000000000000000000e+00,5.059422000000000051e-03,8.119255000000000569e-03,5.963503600000000238e-02,2.191726099999999899e-01,2.634177490000000343e-01,2.788381630000000277e-01,9.127937430000000463e-01,1.014159000000000033e-01,1.575157490000000104e-01,1.446362589999999892e-01,1.375822710000000060e-01,8.020395630000000109e-01,2.404606270000000101e-01,3.406225740000000113e-01,3.053307530000000103e-01
9.059017299999999606e-02,7.869913200000000497e-02,8.347102200000000582e-02,2.645938999999999930e-01,1.000000000000000000e+00,8.745239409999999713e-01,8.051560600000000345e-02,5.000000000000000278e-02,7.705835099999999716e-02,6.507116100000000236e-02,1.000000000000000056e-01,4.925129409999999819e-01,1.000000000000000000e+00,2.196750030000000076e-01,0.000000000000000000e+00,5.059422000000000051e-03,8.119255000000000569e-03,7.249915400000001009e-02,2.038932549999999955e-01,2.454741840000000119e-01,2.788381630000000277e-01,9.127937430000000463e-01,1.014159000000000033e-01,1.575157490000000104e-01,1.446362589999999892e-01,1.375822710000000060e-01,8.020395630000000109e-01,2.404606270000000101e-01,3.406225740000000113e-01,3.053307530000000103e-01
6.563541900000000040e-02,9.722638200000000008e-02,6.387542999999999693e-02,2.631500379999999750e-01,1.000000000000000000e+00,8.745239409999999713e-01,8.051560600000000345e-02,5.000000000000000278e-02,7.705835099999999716e-02,6.507116100000000236e-02,1.000000000000000056e-01,5.017458379999999440e-01,1.000000000000000000e+00,2.155706290000000136e-01,0.000000000000000000e+00,5.059422000000000051e-03,8.119255000000000569e-03,4.758404299999999948e-02,2.205856659999999858e-01,2.478541110000000158e-01,2.788381630000000277e-01,9.127937430000000463e-01,1.014159000000000033e-01,1.575157490000000104e-01,1.446362589999999892e-01,1.375822710000000060e-01,8.020395630000000109e-01,2.404606270000000101e-01,3.406225740000000113e-01,3.053307530000000103e-01
7.957303999999999766e-02,1.036489469999999913e-01,5.749983399999999967e-02,2.640892089999999914e-01,1.000000000000000000e+00,8.745239409999999713e-01,8.051560600000000345e-02,5.000000000000000278e-02,7.705835099999999716e-02,6.507116100000000236e-02,1.000000000000000056e-01,4.766315930000000201e-01,1.000000000000000000e+00,2.129890510000000126e-01,0.000000000000000000e+00,5.059422000000000051e-03,8.119255000000000569e-03,6.096850600000000564e-02,2.106080069999999860e-01,2.469351240000000058e-01,2.788381630000000277e-01,9.127937430000000463e-01,1.014159000000000033e-01,1.575157490000000104e-01,1.446362589999999892e-01,1.375822710000000060e-01,8.020395630000000109e-01,2.404606270000000101e-01,3.406225740000000113e-01,3.053307530000000103e-01
8.997828199999999277e-02,7.641338699999999928e-02,7.884220100000000064e-02,2.583309590000000266e-01,1.000000000000000000e+00,8.745239409999999713e-01,8.051560600000000345e-02,5.000000000000000278e-02,7.705835099999999716e-02,6.507116100000000236e-02,1.000000000000000056e-01,4.981621929999999754e-01,1.000000000000000000e+00,2.143593480000000051e-01,0.000000000000000000e+00,5.059422000000000051e-03,8.119255000000000569e-03,5.235997200000000462e-02,2.088279489999999849e-01,2.599754710000000135e-01,2.788381630000000277e-01,9.127937430000000463e-01,1.014159000000000033e-01,1.575157490000000104e-01,1.446362589999999892e-01,1.375822710000000060e-01,8.020395630000000109e-01,2.404606270000000101e-01,3.406225740000000113e-01,3.053307530000000103e-01
7.932396799999999470e-02,9.529719200000000279e-02,6.542548100000000755e-02,2.853221349999999767e-01,1.000000000000000000e+00,8.745239409999999713e-01,8.051560600000000345e-02,5.000000000000000278e-02,7.705835099999999716e-02,6.507116100000000236e-02,1.000000000000000056e-01,4.729309030000000136e-01,1.000000000000000000e+00,2.158363799999999944e-01,0.000000000000000000e+00,5.059422000000000051e-03,8.119255000000000569e-03,7.396403199999999900e-02,2.213418629999999998e-01,2.464270080000000029e-01,2.788381630000000277e-01,9.127937430000000463e-01,1.014159000000000033e-01,1.575157490000000104e-01,1.446362589999999892e-01,1.375822710000000060e-01,8.020395630000000109e-01,2.404606270000000101e-01,3.406225740000000113e-01,3.053307530000000103e-01
7.646209499999999382e-02,1.033800950000000052e-01,5.739140300000000056e-02,2.636939209999999978e-01,1.000000000000000000e+00,8.745239409999999713e-01,8.051560600000000345e-02,5.000000000000000278e-02,7.705835099999999716e-02,6.507116100000000236e-02,1.000000000000000056e-01,4.943536559999999747e-01,1.000000000000000000e+00,2.038009699999999980e-01,0.000000000000000000e+00,5.059422000000000051e-03,8.119255000000000569e-03,4.937686000000000158e-02,2.292748079999999966e-01,2.619229820000000264e-01,2.788381630000000277e-01,9.127937430000000463e-01,1.014159000000000033e-01,1.575157490000000104e-01,1.446362589999999892e-01,1.375822710000000060e-01,8.020395630000000109e-01,2.404606270000000101e-01,3.406225740000000113e-01,3.053307530000000103e-01
6.789600199999999697e-02,7.945604700000000187e-02,7.765211799999999220e-02,2.683523460000000194e-01,1.000000000000000000e+00,8.745239409999999713e-01,8.051560600000000345e-02,5.000000000000000278e-02,7.705835099999999716e-02,6.507116100000000236e-02,1.000000000000000056e-01,4.769835800000000181e-01,1.000000000000000000e+00,2.187028209999999917e-01,0.000000000000000000e+00,5.059422000000000051e-03,8.119255000000000569e-03,6.953168199999999743e-02,2.174360300000000024e-01,2.609011110000000189e-01,2.788381630000000277e-01,9.127937430000000463e-01,1.014159000000000033e-01,1.575157490000000104e-01,1.446362589999999892e-01,1.375822710000000060e-01,8.020395630000000109e-01,2.404606270000000101e-01,3.406225740000000113e-01,3.053307530000000103e-01
8.409633599999999376e-02,8.269668799999999043e-02,6.259987100000000138e-02,2.778622920000000107e-01,1.000000000000000000e+00,8.745239409999999713e-01,8.051560600000000345e-02,5.000000000000000278e-02,7.705835099999999716e-02,6.507116100000000236e-02,1.000000000000000056e-01,4.732577629999999980e-01,1.000000000000000000e+00,2.179838700000000240e-01,0.000000000000000000e+00,5.059422000000000051e-03,8.119255000000000569e-03,6.259942799999999863e-02,2.284421809999999942e-01,2.645428120000000161e-01,2.788381630000000277e-01,9.127937430000000463e-01,1.014159000000000033e-01,1.575157490000000104e-01,1.446362589999999892e-01,1.375822710000000060e-01,8.020395630000000109e-01,2.404606270000000101e-01,3.406225740000000113e-01,3.053307530000000103e-01
6.464944300000000088e-02,9.283359099999999309e-02,7.229893099999999684e-02,2.756763760000000008e-01,1.000000000000000000e+00,8.745239409999999713e-01,8.051560600000000345e-02,5.000000000000000278e-02,7.705835099999999716e-02,6.507116100000000236e-02,1.000000000000000056e-01,4.728631320000000193e-01,1.000000000000000000e+00,2.061070030000000108e-01,0.000000000000000000e+00,5.059422000000000051e-03,8.119255000000000569e-03,6.790022400000000902e-02,2.165944779999999792e-01,2.486691020000000030e-01,2.788381630000000277e-01,9.127937430000000463e-01,1.014159000000000033e-01,1.575157490000000104e-01,1.446362589999999892e-01,1.375822710000000060e-01,8.020395630000000109e-01,2.404606270000000101e-01,3.406225740000000113e-01,3.053307530000000103e-01
9.140153600000000544e-02,1.052504820000000063e-01,7.260687500000000127e-02,2.792701630000000157e-01,1.000000000000000000e+00,8.745239409999999713e-01,8.051560600000000345e-02,5.000000000000000278e-02,7.705835099999999716e-02,6.507116100000000236e-02,1.000000000000000056e-01,4.956332780000000104e-01,1.000000000000000000e+00,2.235370950000000190e-01,0.000000000000000000e+00,5.059422000000000051e-03,8.119255000000000569e-03,7.610803600000000391e-02,2.257210879999999864e-01,2.579958860000000076e-01,2.788381630000000277e-01,9.127937430000000463e-01,1.014159000000000033e-01,1.575157490000000104e-01,1.446362589999999892e-01,1.375822710000000060e-01,8.020395630000000109e-01,2.404606270000000101e-01,3.406225740000000113e-01,3.053307530000000103e-01
6.618681499999999607e-02,7.991926500000000322e-02,7.014523100000000233e-02,2.814906739999999963e-01,1.000000000000000000e+00,8.745239409999999713e-01,8.051560600000000345e-02,5.000000000000000278e-02,7.705835099999999716e-02,6.507116100000000236e-02,1.000000000000000056e-01,4.810789810000000166e-01,1.000000000000000000e+00,2.106452390000000119e-01,0.000000000000000000e+00,5.059422000000000051e-03,8.119255000000000569e-03,5.932971600000000456e-02,2.082004169999999987e-01,2.552338219999999991e-01,2.788381630000000277e-01,9.127937430000000463e-01,1.014159000000000033e-01,1.575157490000000104e-01,1.446362589999999892e-01,1.375822710000000060e-01,8.020395630000000109e-01,2.404606270000000101e-01,3.406225740000000113e-01,3.053307530000000103e-01
8.459452400000000427e-02,8.980006999999999573e-02,5.907136400000000120e-02,2.750840669999999877e-01,1.000000000000000000e+00,8.745239409999999713e-01,8.051560600000000345e-02,5.000000000000000278e-02,7.705835099999999716e-02,6.507116100000000236e-02,1.000000000000000056e-01,5.023745779999999606e-01,1.000000000000000000e+00,2.213035780000000008e-01,0.000000000000000000e+00,5.059422000000000051e-03,8.119255000000000569e-03,5.305504199999999670e-02,2.272671779999999864e-01,2.519265809999999828e-01,2.788381630000000277e-01,9.127937430000000463e-01,1.014159000000000033e-01,1.575157490000000104e-01,1.446362589999999892e-01,1.375822710000000060e-01,8.020395630000000109e-01,2.404606270000000101e-01,3.406225740000000113e-01,3.053307530000000103e-01
9.376844300000000687e-02,8.837816199999999622e-02,5.863577999999999846e-02,2.833812370000000080e-01,1.000000000000000000e+00,8.745239409999999713e-01,8.051560600000000345e-02,5.000000000000000278e-02,7.705835099999999716e-02,6.507116100000000236e-02,1.000000000000000056e-01,4.997936179999999950e-01,1.000000000000000000e+00,2.051888240000000196e-01,0.000000000000000000e+00,5.059422000000000051e-03,8.119255000000000569e-03,4.982620699999999736e-02,2.247754509999999872e-01,2.631040580000000295e-01,2.788381630000000277e-01,9.127937430000000463e-01,1.014159000000000033e-01,1.575157490000000104e-01,1.446362589999999892e-01,1.375822710000000060e-01,8.020395630000000109e-01,2.404606270000000101e-01,3.406225740000000113e-01,3.053307530000000103e-01
7.058821199999999740e-02,9.340318599999999916e-02,6.991398399999999846e-02,2.784646130000000275e-01,1.000000000000000000e+00,8.745239409999999713e-01,8.051560600000000345e-02,5.000000000000000278e-02,7.705835099999999716e-02,6.507116100000000236e-02,1.000000000000000056e-01,4.866302770000000000e-01,1.000000000000000000e+00,2.059895560000000181e-01,0.000000000000000000e+00,5.059422000000000051e-03,8.119255000000000569e-03,6.179983000000000004e-02,2.124471149999999919e-01,2.673228990000000027e-01,2.788381630000000277e-01,9.127937430000000463e-01,1.014159000000000033e-01,1.575157490000000104e-01,1.446362589999999892e-01,1.375822710000000060e-01,8.020395630000000109e-01,2.404606270000000101e-01,3.406225740000000113e-01,3.053307530000000103e-01
8.816369300000000131e-02,9.572406899999999497e-02,7.501426199999999822e-02,2.765253289999999864e-01,1.000000000000000000e+00,8.745239409999999713e-01,8.051560600000000345e-02,5.000000000000000278e-02,7.705835099999999716e-02,6.507116100000000236e-02,1.000000000000000056e-01,4.962681959999999948e-01,1.000000000000000000e+00,2.124479989999999985e-01,0.000000000000000000e+00,5.059422000000000051e-03,8.119255000000000569e-03,6.042380299999999815e-02,2.162151979999999973e-01,2.647816399999999848e-01,2.788381630000000277e-01,9.127937430000000463e-01,1.014159000000000033e-01,1.575157490000000104e-01,1.446362589999999892e-01,1.375822710000000060e-01,8.020395630000000109e-01,2.404606270000000101e-01,3.406225740000000113e-01,3.053307530000000103e-01
8.510310100000000044e-02,1.012733269999999963e-01,6.427331799999999595e-02,2.606141129999999806e-01,1.000000000000000000e+00,8.745239409999999713e-01,8.051560600000000345e-02,5.000000000000000278e-02,7.705835099999999716e-02,6.507116100000000236e-02,1.000000000000000056e-01,4.900135660000000115e-01,1.000000000000000000e+00,2.062882950000000104e-01,0.000000000000000000e+00,5.059422000000000051e-03,8.119255000000000569e-03,5.254020499999999955e-02,2.279550949999999965e-01,2.522837890000000360e-01,2.788381630000000277e-01,9.127937430000000463e-01,1.014159000000000033e-01,1.575157490000000104e-01,1.446362589999999892e-01,1.375822710000000060e-01,8.020395630000000109e-01,2.404606270000000101e-01,3.406225740000000113e-01,3.053307530000000103e-01
8.852610099999999593e-02,9.127378099999999828e-02,6.245319600000000249e-02,2.715843070000000248e-01,1.000000000000000000e+00,8.745239409999999713e-01,8.051560600000000345e-02,5.000000000000000278e-02,7.705835099999999716e-02,6.507116100000000236e-02,1.000000000000000056e-01,5.014706030000000148e-01,1.000000000000000000e+00,1.956486119999999995e-01,0.000000000000000000e+00,5.059422000000000051e-03,8.119255000000000569e-03,4.773731500000000239e-02,2.153366310000000006e-01,2.547631519999999927e-01,2.788381630000000277e-01,9.127937430000000463e-01,1.014159000000000033e-01,1.575157490000000104e-01,1.446362589999999892e-01,1.375822710000000060e-01,8.020395630000000109e-01,2.404606270000000101e-01,3.406225740000000113e-01,3.053307530000000103e-01
7.114252599999999760e-02,9.698607600000000439e-02,5.652701999999999727e-02,2.688560320000000226e-01,1.000000000000000000e+00,8.745239409999999713e-01,8.051560600000000345e-02,5.000000000000000278e-02,7.705835099999999716e-02,6.507116100000000236e-02,1.000000000000000056e-01,4.838468530000000212e-01,1.000000000000000000e+00,2.062240590000000151e-01,0.000000000000000000e+00,5.059422000000000051e-03,8.119255000000000569e-03,6.928345899999999169e-02,2.236102179999999995e-01,2.604711670000000034e-01,2.788381630000000277e-01,9.127937430000000463e-01,1.014159000000000033e-01,1.575157490000000104e-01,1.446362589999999892e-01,1.375822710000000060e-01,8.020395630000000109e-01,2.404606270000000101e-01,3.406225740000000113e-01,3.053307530000000103e-01
7.047100900000000112e-02,8.341865499999999434e-02,6.489949200000000307e-02,2.635910120000000134e-01,1.000000000000000000e+00,8.745239409999999713e-01,8.051560600000000345e-02,5.000000000000000278e-02,7.705835099999999716e-02,6.507116100000000236e-02,1.000000000000000056e-01,4.883370919999999726e-01,1.000000000000000000e+00,2.189105950000000134e-01,0.000000000000000000e+00,5.059422000000000051e-03,8.119255000000000569e-03,5.110335800000000150e-02,2.230663189999999851e-01,2.644106689999999871e-01,2.788381630000000277e-01,9.127937430000000463e-01,1.014159000000000033e-01,1.575157490000000104e-01,1.446362589999999892e-01,1.375822710000000060e-01,8.020395630000000109e-01,2.404606270000000101e-01,3.406225740000000113e-01,3.053307530000000103e-01
7.901615100000000669e-02,8.185650999999999344e-02,7.363888400000000167e-02,2.593573299999999970e-01,1.000000000000000000e+00,8.745239409999999713e-01,8.051560600000000345e-02,5.000000000000000278e-02,7.705835099999999716e-02,6.507116100000000236e-02,1.000000000000000056e-01,4.764511770000000035e-01,1.000000000000000000e+00,1.967962580000000017e-01,0.000000000000000000e+00,5.059422000000000051e-03,8.119255000000000569e-03,6.632822500000000454e-02,2.087285459999999870e-01,2.630234320000000015e-01,2.788381630000000277e-01,9.127937430000000463e-01,1.014159000000000033e-01,1.575157490000000104e-01,1.446362589999999892e-01,1.375822710000000060e-01,8.020395630000000109e-01,2.404606270000000101e-01,3.406225740000000113e-01,3.053307530000000103e-01
7.733376000000000139e-02,1.055363410000000057e-01,7.727369800000000177e-02,2.725935170000000074e-01,1.000000000000000000e+00,8.745239409999999713e-01,8.051560600000000345e-02,5.000000000000000278e-02,7.705835099999999716e-02,6.507116100000000236e-02,1.000000000000000056e-01,5.012359290000000245e-01,1.000000000000000000e+00,2.115776420000000102e-01,0.000000000000000000e+00,5.059422000000000051e-03,8.119255000000000569e-03,6.917230800000000179e-02,2.131545430000000019e-01,2.745047939999999964e-01,2.788381630000000277e-01,9.127937430000000463e-01,1.014159000000000033e-01,1.575157490000000104e-01,1.446362589999999892e-01,1.375822710000000060e-01,8.020395630000000109e-01,2.404606270000000101e-01,3.406225740000000113e-01,3.053307530000000103e-01
8.111157699999999027e-02,8.888762199999999947e-02,8.166516199999999948e-02,2.595049979999999867e-01,1.000000000000000000e+00,8.745239409999999713e-01,8.051560600000000345e-02,5.000000000000000278e-02,7.705835099999999716e-02,6.507116100000000236e-02,1.000000000000000056e-01,4.973306029999999822e-01,1.000000000000000000e+00,2.168515710000000207e-01,0.000000000000000000e+00,5.059422000000000051e-03,8.119255000000000569e-03,7.017444700000000091e-02,2.182532689999999997e-01,2.542034129999999892e-01,2.788381630000000277e-01,9.127937430000000463e-01,1.014159000000000033e-01,1.575157490000000104e-01,1.446362589999999892e-01,1.375822710000000060e-01,8.020395630000000109e-01,2.404606270000000101e-01,3.406225740000000113e-01,3.053307530000000103e-01
8.521860100000000493e-02,8.473723399999999462e-02,6.327427800000000324e-02,2.603666089999999711e-01,1.000000000000000000e+00,8.745239409999999713e-01,8.051560600000000345e-02,5.000000000000000278e-02,7.705835099999999716e-02,6.507116100000000236e-02,1.000000000000000056e-01,4.801945289999999811e-01,1.000000000000000000e+00,2.139493490000000109e-01,0.000000000000000000e+00,5.059422000000000051e-03,8.119255000000000569e-03,7.461748499999999729e-02,2.060649400000000020e-01,2.690535780000000154e-01,2.788381630000000277e-01,9.127937430000000463e-01,1.014159000000000033e-01,1.575157490000000104e-01,1.446362589999999892e-01,1.375822710000000060e-01,8.020395630000000109e-01,2.404606270000000101e-01,3.406225740000000113e-01,3.053307530000000103e-01
8.004430499999999615e-02,9.649955999999999812e-02,6.976854200000000283e-02,2.615497199999999856e-01,1.000000000000000000e+00,8.745239409999999713e-01,8.051560600000000345e-02,5.000000000000000278e-02,7.705835099999999716e-02,6.507116100000000236e-02,1.000000000000000056e-01,4.941060979999999936e-01,1.000000000000000000e+00,2.216165600000000180e-01,0.000000000000000000e+00,5.059422000000000051e-03,8.119255000000000569e-03,4.840815099999999649e-02,2.160535189999999994e-01,2.585184289999999940e-01,2.788381630000000277e-01,9.127937430000000463e-01,1.014159000000000033e-01,1.575157490000000104e-01,1.446362589999999892e-01,1.375822710000000060e-01,8.020395630000000109e-01,2.404606270000000101e-01,3.406225740000000113e-01,3.053307530000000103e-01
7.374467299999999670e-02,9.422054600000000224e-02,7.952981900000000159e-02,2.763563199999999886e-01,1.000000000000000000e+00,8.745239409999999713e-01,8.051560600000000345e-02,5.000000000000000278e-02,7.705835099999999716e-02,6.507116100000000236e-02,1.000000000000000056e-01,4.890268939999999898e-01,1.000000000000000000e+00,2.018715630000000039e-01,0.000000000000000000e+00,5.059422000000000051e-03,8.119255000000000569e-03,5.626621199999999601e-02,2.198977959999999787e-01,2.726082599999999911e-01,2.788381630000000277e-01,9.127937430000000463e-01,1.014159000000000033e-01,1.575157490000000104e-01,1.446362589999999892e-01,1.375822710000000060e-01,8.020395630000000109e-01,2.404606270000000101e-01,3.406225740000000113e-01,3.053307530000000103e-01
7.234225599999999368e-02,8.130455899999999847e-02,7.329259300000000310e-02,2.747268050000000184e-01,1.000000000000000000e+00,8.745239409999999713e-01,8.051560600000000345e-02,5.000000000000000278e-02,7.705835099999999716e-02,6.507116100000000236e-02,1.000000000000000056e-01,4.787450690000000231e-01,1.000000000000000000e+00,2.057901520000000040e-01,0.000000000000000000e+00,5.059422000000000051e-03,8.119255000000000569e-03,6.217285499999999909e-02,2.134310749999999979e-01,2.558201039999999926e-01,2.788381630000000277e-01,9.127937430000000463e-01,1.014159000000000033e-01,1.575157490000000104e-01,1.446362589999999892e-01,1.375822710000000060e-01,8.020395630000000109e-01,2.404606270000000101e-01,3.406225740000000113e-01,3.053307530000000103e-01
7.811353099999999994e-02,8.249903499999999834e-02,6.698529500000000025e-02,2.649627230000000111e-01,1.000000000000000000e+00,8.745239409999999713e-01,8.051560600000000345e-02,5.000000000000000278e-02,7.705835099999999716e-02,6.507116100000000236e-02,1.000000000000000056e-01,4.725105740000000165e-01,1.000000000000000000e+00,2.220708030000000111e-01,0.000000000000000000e+00,5.059422000000000051e-03,8.119255000000000569e-03,6.842046200000000133e-02,2.127250410000000036e-01,2.628623800000000066e-01,2.788381630000000277e-01,9.127937430000000463e-01,1.014159000000000033e-01,1.575157490000000104e-01,1.446362589999999892e-01,1.375822710000000060e-01,8.020395630000000109e-01,2.404606270000000101e-01,3.406225740000000113e-01,3.053307530000000103e-01
9.209992699999999810e-02,7.692322299999999891e-02,6.513910300000000375e-02,2.798513460000000008e-01,1.000000000000000000e+00,8.745239409999999713e-01,8.051560600000000345e-02,5.000000000000000278e-02,7.705835099999999716e-02,6.507116100000000236e-02,1.000000000000000056e-01,4.747894109999999945e-01,1.000000000000000000e+00,1.981815870000000201e-01,0.000000000000000000e+00,5.059422000000000051e-03,8.119255000000000569e-03,6.026281399999999788e-02,2.152247439999999956e-01,2.517559890000000133e-01,2.788381630000000277e-01,9.127937430000000463e-01,1.014159000000000033e-01,1.575157490000000104e-01,1.446362589999999892e-01,1.375822710000000060e-01,8.020395630000000109e-01,2.404606270000000101e-01,3.406225740000000113e-01,3.053307530000000103e-01
8.937704099999999041e-02,7.716114599999999990e-02,7.466711800000000454e-02,2.802485559999999820e-01,1.000000000000000000e+00,8.745239409999999713e-01,8.051560600000000345e-02,5.000000000000000278e-02,7.705835099999999716e-02,6.507116100000000236e-02,1.000000000000000056e-01,4.803610970000000147e-01,1.000000000000000000e+00,2.164591220000000038e-01,0.000000000000000000e+00,5.059422000000000051e-03,8.119255000000000569e-03,6.298083299999999995e-02,2.225897829999999855e-01,2.651434460000000048e-01,2.788381630000000277e-01,9.127937430000000463e-01,1.014159000000000033e-01,1.575157490000000104e-01,1.446362589999999892e-01,1.375822710000000060e-01,8.020395630000000109e-01,2.404606270000000101e-01,3.406225740000000113e-01,3.053307530000000103e-01
7.618940099999998994e-02,9.009670999999999652e-02,6.583048499999999414e-02,2.703987939999999979e-01,1.000000000000000000e+00,8.745239409999999713e-01,8.051560600000000345e-02,5.000000000000000278e-02,7.705835099999999716e-02,6.507116100000000236e-02,1.000000000000000056e-01,4.970367640000000198e-01,1.000000000000000000e+00,1.966652890000000209e-01,0.000000000000000000e+00,5.059422000000000051e-03,8.119255000000000569e-03,7.535674100000000486e-02,2.174230560000000034e-01,2.569394609999999801e-01,2.788381630000000277e-01,9.127937430000000463e-01,1.014159000000000033e-01,1.575157490000000104e-01,1.446362589999999892e-01,1.375822710000000060e-01,8.020395630000000109e-01,2.404606270000000101e-01,3.406225740000000113e-01,3.053307530000000103e-01
8.016651099999999586e-02,9.153181900000000037e-02,7.447022500000000100e-02,2.767778289999999752e-01,1.000000000000000000e+00,8.745239409999999713e-01,8.051560600000000345e-02,5.000000000000000278e-02,7.705835099999999716e-02,6.507116100000000236e-02,1.000000000000000056e-01,4.881368289999999943e-01,1.000000000000000000e+00,2.003109420000000196e-01,0.000000000000000000e+00,5.059422000000000051e-03,8.119255000000000569e-03,5.136755500000000224e-02,2.195719089999999818e-01,2.664132670000000092e-01,2.788381630000000277e-01,9.127937430000000463e-01,1.014159000000000033e-01,1.575157490000000104e-01,1.446362589999999892e-01,1.375822710000000060e-01,8.020395630000000109e-01,2.404606270000000101e-01,3.406225740000000113e-01,3.053307530000000103e-01
8.354708099999999527e-02,8.230206099999999581e-02,7.428490100000000040e-02,2.771178899999999778e-01,1.000000000000000000e+00,8.745239409999999713e-01,8.051560600000000345e-02,5.000000000000000278e-02,7.705835099999999716e-02,6.507116100000000236e-02,1.000000000000000056e-01,4.863556050000000242e-01,1.000000000000000000e+00,2.069069540000000040e-01,0.000000000000000000e+00,5.059422000000000051e-03,8.119255000000000569e-03,7.498760900000001062e-02,2.097037119999999866e-01,2.514659260000000063e-01,2.788381630000000277e-01,9.127937430000000463e-01,1.014159000000000033e-01,1.575157490000000104e-01,1.446362589999999892e-01,1.375822710000000060e-01,8.020395630000000109e-01,2.404606270000000101e-01,3.406225740000000113e-01,3.053307530000000103e-01
9.034310200000000846e-02,9.734771600000000080e-02,8.590998099999999638e-02,2.717651739999999982e-01,1.000000000000000000e+00,8.745239409999999713e-01,8.051560600000000345e-02,5.000000000000000278e-02,7.705835099999999716e-02,6.507116100000000236e-02,1.000000000000000056e-01,4.933567489999999833e-01,1.000000000000000000e+00,2.045205959999999989e-01,0.000000000000000000e+00,5.059422000000000051e-03,8.119255000000000569e-03,7.433319499999999080e-02,2.275117539999999827e-01,2.508933250000000004e-01,2.788381630000000277e-01,9.127937430000000463e-01,1.014159000000000033e-01,1.575157490000000104e-01,1.446362589999999892e-01,1.375822710000000060e-01,8.020395630000000109e-01,2.404606270000000101e-01,3.406225740000000113e-01,3.053307530000000103e-01
8.587758400000000680e-02,1.024071450000000050e-01,6.006482100000000435e-02,2.753348760000000062e-01,1.000000000000000000e+00,8.745239409999999713e-01,8.051560600000000345e-02,5.000000000000000278e-02,7.705835099999999716e-02,6.507116100000000236e-02,1.000000000000000056e-01,4.753990200000000055e-01,1.000000000000000000e+00,2.243277690000000102e-01,0.000000000000000000e+00,5.059422000000000051e-03,8.119255000000000569e-03,6.062042299999999967e-02,2.221719709999999959e-01,2.655495199999999834e-01,2.788381630000000277e-01,9.127937430000000463e-01,1.014159000000000033e-01,1.575157490000000104e-01,1.446362589999999892e-01,1.375822710000000060e-01,8.020395630000000109e-01,2.404606270000000101e-01,3.406225740000000113e-01,3.053307530000000103e-01
8.093904600000000060e-02,9.627010199999999629e-02,7.127537800000000034e-02,2.841188399999999836e-01,1.000000000000000000e+00,8.745239409999999713e-01,8.051560600000000345e-02,5.000000000000000278e-02,7.705835099999999716e-02,6.507116100000000236e-02,1.000000000000000056e-01,4.780958410000000214e-01,1.000000000000000000e+00,2.177182430000000057e-01,0.000000000000000000e+00,5.059422000000000051e-03,8.119255000000000569e-03,5.750033100000000175e-02,2.040047379999999910e-01,2.723350440000000261e-01,2.788381630000000277e-01,9.127937430000000463e-01,1.014159000000000033e-01,1.575157490000000104e-01,1.446362589999999892e-01,1.375822710000000060e-01,8.020395630000000109e-01,2.404606270000000101e-01,3.406225740000000113e-01,3.053307530000000103e-01
8.744036599999999160e-02,8.765286199999999805e-02,8.125902100000000072e-02,2.693288710000000252e-01,1.000000000000000000e+00,8.745239409999999713e-01,8.051560600000000345e-02,5.000000000000000278e-02,7.705835099999999716e-02,6.507116100000000236e-02,1.000000000000000056e-01,4.808651930000000241e-01,1.000000000000000000e+00,2.073497200000000151e-01,0.000000000000000000e+00,5.059422000000000051e-03,8.119255000000000569e-03,6.808057200000000586e-02,2.258547639999999856e-01,2.636665129999999913e-01,2.788381630000000277e-01,9.127937430000000463e-01,1.014159000000000033e-01,1.575157490000000104e-01,1.446362589999999892e-01,1.375822710000000060e-01,8.020395630000000109e-01,2.404606270000000101e-01,3.406225740000000113e-01,3.053307530000000103e-01
6.665270800000000495e-02,9.672976899999999323e-02,5.980119799999999985e-02,2.865037899999999804e-01,1.000000000000000000e+00,8.745239409999999713e-01,8.051560600000000345e-02,5.000000000000000278e-02,7.705835099999999716e-02,6.507116100000000236e-02,1.000000000000000056e-01,4.734762799999999716e-01,1.000000000000000000e+00,2.027478420000000114e-01,0.000000000000000000e+00,5.059422000000000051e-03,8.119255000000000569e-03,5.164172799999999786e-02,2.249878120000000092e-01,2.593475490000000105e-01,2.788381630000000277e-01,9.127937430000000463e-01,1.014159000000000033e-01,1.575157490000000104e-01,1.446362589999999892e-01,1.375822710000000060e-01,8.020395630000000109e-01,2.404606270000000101e-01,3.406225740000000113e-01,3.053307530000000103e-01
8.268451300000000115e-02,7.755164300000000344e-02,6.716201600000000493e-02,2.738545350000000100e-01,1.000000000000000000e+00,8.745239409999999713e-01,8.051560600000000345e-02,5.000000000000000278e-02,7.705835099999999716e-02,6.507116100000000236e-02,1.000000000000000056e-01,4.864974089999999918e-01,1.000000000000000000e+00,1.954100370000000086e-01,0.000000000000000000e+00,5.059422000000000051e-03,8.119255000000000569e-03,6.016544799999999638e-02,2.141256970000000037e-01,2.473291330000000066e-01,2.788381630000000277e-01,9.127937430000000463e-01,1.014159000000000033e-01,1.575157490000000104e-01,1.446362589999999892e-01,1.375822710000000060e-01,8.020395630000000109e-01,2.404606270000000101e-01,3.406225740000000113e-01,3.053307530000000103e-01
8.233271500000000076e-02,1.048204809999999931e-01,8.037613400000000186e-02,2.799884189999999884e-01,1.000000000000000000e+00,8.745239409999999713e-01,8.051560600000000345e-02,5.000000000000000278e-02,7.705835099999999716e-02,6.507116100000000236e-02,1.000000000000000056e-01,4.849936029999999954e-01,1.000000000000000000e+00,2.086612760000000066e-01,0.000000000000000000e+00,5.059422000000000051e-03,8.119255000000000569e-03,6.391480600000000456e-02,2.052007469999999889e-01,2.555237949999999980e-01,2.788381630000000277e-01,9.127937430000000463e-01,1.014159000000000033e-01,1.575157490000000104e-01,1.446362589999999892e-01,1.375822710000000060e-01,8.020395630000000109e-01,2.404606270000000101e-01,3.406225740000000113e-01,3.053307530000000103e-01
7.267005599999999677e-02,8.279429600000000333e-02,6.241094399999999598e-02,2.856543850000000107e-01,1.000000000000000000e+00,8.745239409999999713e-01,8.051560600000000345e-02,5.000000000000000278e-02,7.705835099999999716e-02,6.507116100000000236e-02,1.000000000000000056e-01,4.740091269999999746e-01,1.000000000000000000e+00,2.041699980000000192e-01,0.000000000000000000e+00,5.059422000000000051e-03,8.119255000000000569e-03,6.678929999999999589e-02,2.246080889999999830e-01,2.538070199999999943e-01,2.788381630000000277e-01,9.127937430000000463e-01,1.014159000000000033e-01,1.575157490000000104e-01,1.446362589999999892e-01,1.375822710000000060e-01,8.020395630000000109e-01,2.404606270000000101e-01,3.406225740000000113e-01,3.053307530000000103e-01
8.753836099999999509e-02,8.916170099999999599e-02,7.218357300000000087e-02,2.614327470000000209e-01,1.000000000000000000e+00,8.745239409999999713e-01,8.051560600000000345e-02,5.000000000000000278e-02,7.705835099999999716e-02,6.507116100000000236e-02,1.000000000000000056e-01,5.007959260000000024e-01,1.000000000000000000e+00,2.043665169999999975e-01,0.000000000000000000e+00,5.059422000000000051e-03,8.119255000000000569e-03,6.341796499999999281e-02,2.207659699999999781e-01,2.506071109999999935e-01,2.788381630000000277e-01,9.127937430000000463e-01,1.014159000000000033e-01,1.575157490000000104e-01,1.446362589999999892e-01,1.375822710000000060e-01,8.020395630000000109e-01,2.404606270000000101e-01,3.406225740000000113e-01,3.053307530000000103e-01
8.880827699999999103e-02,1.041558689999999981e-01,6.738757100000000722e-02,2.618366120000000241e-01,1.000000000000000000e+00,8.745239409999999713e-01,8.051560600000000345e-02,5.000000000000000278e-02,7.705835099999999716e-02,6.507116100000000236e-02,1.000000000000000056e-01,4.982695240000000192e-01,1.000000000000000000e+00,1.978820059999999992e-01,0.000000000000000000e+00,5.059422000000000051e-03,8.119255000000000569e-03,5.846632300000000060e-02,2.123749649999999989e-01,2.593921430000000194e-01,2.788381630000000277e-01,9.127937430000000463e-01,1.014159000000000033e-01,1.575157490000000104e-01,1.446362589999999892e-01,1.375822710000000060e-01,8.020395630000000109e-01,2.404606270000000101e-01,3.406225740000000113e-01,3.053307530000000103e-01
7.365937200000000074e-02,7.919678399999999230e-02,6.532232100000000263e-02,2.628999340000000018e-01,1.000000000000000000e+00,8.745239409999999713e-01,8.051560600000000345e-02,5.000000000000000278e-02,7.705835099999999716e-02,6.507116100000000236e-02,1.000000000000000056e-01,4.897849389999999747e-01,1.000000000000000000e+00,1.971977649999999971e-01,0.000000000000000000e+00,5.059422000000000051e-03,8.119255000000000569e-03,6.146393900000000216e-02,2.108542649999999852e-01,2.484699380000000013e-01,2.788381630000000277e-01,9.127937430000000463e-01,1.014159000000000033e-01,1.575157490000000104e-01,1.446362589999999892e-01,1.375822710000000060e-01,8.020395630000000109e-01,2.404606270000000101e-01,3.406225740000000113e-01,3.053307530000000103e-01
7.416925399999999002e-02,9.249119799999999669e-02,6.367842800000000913e-02,2.839753890000000225e-01,1.000000000000000000e+00,8.745239409999999713e-01,8.051560600000000345e-02,5.000000000000000278e-02,7.705835099999999716e-02,6.507116100000000236e-02,1.000000000000000056e-01,4.894572699999999998e-01,1.000000000000000000e+00,1.972872850000000067e-01,0.000000000000000000e+00,5.059422000000000051e-03,8.119255000000000569e-03,5.500528799999999940e-02,2.158741710000000036e-01,2.595318389999999864e-01,2.788381630000000277e-01,9.127937430000000463e-01,1.014159000000000033e-01,1.575157490000000104e-01,1.446362589999999892e-01,1.375822710000000060e-01,8.020395630000000109e-01,2.404606270000000101e-01,3.406225740000000113e-01,3.053307530000000103e-01
7.069422899999999732e-02,1.015107179999999998e-01,7.199055599999999722e-02,2.820994250000000148e-01,1.000000000000000000e+00,8.745239409999999713e-01,8.051560600000000345e-02,5.000000000000000278e-02,7.705835099999999716e-02,6.507116100000000236e-02,1.000000000000000056e-01,4.790301049999999838e-01,1.000000000000000000e+00,2.180974820000000092e-01,0.000000000000000000e+00,5.059422000000000051e-03,8.119255000000000569e-03,5.178527100000000077e-02,2.295602840000000033e-01,2.557347680000000012e-01,2.788381630000000277e-01,9.127937430000000463e-01,1.014159000000000033e-01,1.575157490000000104e-01,1.446362589999999892e-01,1.375822710000000060e-01,8.020395630000000109e-01,2.404606270000000101e-01,3.406225740000000113e-01,3.053307530000000103e-01
7.908519499999999702e-02,9.959155699999999722e-02,8.553594700000000106e-02,2.599141669999999738e-01,1.000000000000000000e+00,8.745239409999999713e-01,8.051560600000000345e-02,5.000000000000000278e-02,7.705835099999999716e-02,6.507116100000000236e-02,1.000000000000000056e-01,4.828056649999999950e-01,1.000000000000000000e+00,2.133045980000000119e-01,0.000000000000000000e+00,5.059422000000000051e-03,8.119255000000000569e-03,4.911038200000000103e-02,2.276904250000000018e-01,2.685648210000000091e-01,2.788381630000000277e-01,9.127937430000000463e-01,1.014159000000000033e-01,1.575157490000000104e-01,1.446362589999999892e-01,1.375822710000000060e-01,8.020395630000000109e-01,2.404606270000000101e-01,3.406225740000000113e-01,3.053307530000000103e-01
8.634132199999999813e-02,9.090533100000000588e-02,6.630811999999999817e-02,2.781670430000000027e-01,1.000000000000000000e+00,8.745239409999999713e-01,8.051560600000000345e-02,5.000000000000000278e-02,7.705835099999999716e-02,6.507116100000000236e-02,1.000000000000000056e-01,4.805493880000000217e-01,1.000000000000000000e+00,2.205982330000000047e-01,0.000000000000000000e+00,5.059422000000000051e-03,8.119255000000000569e-03,7.351493800000000189e-02,2.093108069999999876e-01,2.493291019999999969e-01,2.788381630000000277e-01,9.127937430000000463e-01,1.014159000000000033e-01,1.575157490000000104e-01,1.446362589999999892e-01,1.375822710000000060e-01,8.020395630000000109e-01,2.404606270000000101e-01,3.406225740000000113e-01,3.053307530000000103e-01
7.505898699999999368e-02,9.557990899999999068e-02,7.769939900000000232e-02,2.759693950000000062e-01,1.000000000000000000e+00,8.745239409999999713e-01,8.051560600000000345e-02,5.000000000000000278e-02,7.705835099999999716e-02,6.507116100000000236e-02,1.000000000000000056e-01,4.999546140000000194e-01,1.000000000000000000e+00,2.013860040000000073e-01,0.000000000000000000e+00,5.059422000000000051e-03,8.119255000000000569e-03,5.455921799999999960e-02,2.268021000000000065e-01,2.475100769999999950e-01,2.788381630000000277e-01,9.127937430000000463e-01,1.014159000000000033e-01,1.575157490000000104e-01,1.446362589999999892e-01,1.375822710000000060e-01,8.020395630000000109e-01,2.404606270000000101e-01,3.406225740000000113e-01,3.053307530000000103e-01
9.307876800000000617e-02,9.907620899999999842e-02,6.658830000000000304e-02,2.865898769999999929e-01,1.000000000000000000e+00,8.745239409999999713e-01,8.051560600000000345e-02,5.000000000000000278e-02,7.705835099999999716e-02,6.507116100000000236e-02,1.000000000000000056e-01,4.917853970000000130e-01,1.000000000000000000e+00,2.116602310000000042e-01,0.000000000000000000e+00,5.059422000000000051e-03,8.119255000000000569e-03,6.597401999999999433e-02,2.300061109999999853e-01,2.621816889999999955e-01,2.788381630000000277e-01,9.127937430000000463e-01,1.014159000000000033e-01,1.575157490000000104e-01,1.446362589999999892e-01,1.375822710000000060e-01,8.020395630000000109e-01,2.404606270000000101e-01,3.406225740000000113e-01,3.053307530000000103e-01
8.185160299999999500e-02,1.003425089999999964e-01,5.665840099999999713e-02,2.830887420000000043e-01,1.000000000000000000e+00,8.745239409999999713e-01,8.051560600000000345e-02,5.000000000000000278e-02,7.705835099999999716e-02,6.507116100000000236e-02,1.000000000000000056e-01,4.928261789999999753e-01,1.000000000000000000e+00,2.080909570000000208e-01,0.000000000000000000e+00,5.059422000000000051e-03,8.119255000000000569e-03,7.376134700000000488e-02,2.065170779999999928e-01,2.512240920000000099e-01,2.788381630000000277e-01,9.127937430000000463e-01,1.014159000000000033e-01,1.575157490000000104e-01,1.446362589999999892e-01,1.375822710000000060e-01,8.020395630000000109e-01,2.404606270000000101e-01,3.406225740000000113e-01,3.053307530000000103e-01
9.338341000000000003e-02,9.550015800000000166e-02,6.773979600000000489e-02,2.855686789999999919e-01,1.000000000000000000e+00,8.745239409999999713e-01,8.051560600000000345e-02,5.000000000000000278e-02,7.705835099999999716e-02,6.507116100000000236e-02,1.000000000000000056e-01,4.801795050000000065e-01,1.000000000000000000e+00,2.067168689999999975e-01,0.000000000000000000e+00,5.059422000000000051e-03,8.119255000000000569e-03,5.795732900000000187e-02,2.196204330000000038e-01,2.669083210000000039e-01,2.788381630000000277e-01,9.127937430000000463e-01,1.014159000000000033e-01,1.575157490000000104e-01,1.446362589999999892e-01,1.375822710000000060e-01,8.020395630000000109e-01,2.404606270000000101e-01,3.406225740000000113e-01,3.053307530000000103e-01
6.836430999999999758e-02,9.449451500000000115e-02,7.267344900000000107e-02,2.660893320000000117e-01,1.000000000000000000e+00,8.745239409999999713e-01,8.051560600000000345e-02,5.000000000000000278e-02,7.705835099999999716e-02,6.507116100000000236e-02,1.000000000000000056e-01,4.847257280000000224e-01,1.000000000000000000e+00,2.167507740000000072e-01,0.000000000000000000e+00,5.059422000000000051e-03,8.119255000000000569e-03,5.262998500000000413e-02,2.199564410000000025e-01,2.739391970000000232e-01,2.788381630000000277e-01,9.127937430000000463e-01,1.014159000000000033e-01,1.575157490000000104e-01,1.446362589999999892e-01,1.375822710000000060e-01,8.020395630000000109e-01,2.404606270000000101e-01,3.406225740000000113e-01,3.053307530000000103e-01
6.843586799999999692e-02,8.233709699999999798e-02,7.304570400000000296e-02,2.828516169999999996e-01,1.000000000000000000e+00,8.745239409999999713e-01,8.051560600000000345e-02,5.000000000000000278e-02,7.705835099999999716e-02,6.507116100000000236e-02,1.000000000000000056e-01,4.986530230000000286e-01,1.000000000000000000e+00,2.015217390000000053e-01,0.000000000000000000e+00,5.059422000000000051e-03,8.119255000000000569e-03,5.850489100000000331e-02,2.095900209999999875e-01,2.730589270000000068e-01,2.788381630000000277e-01,9.127937430000000463e-01,1.014159000000000033e-01,1.575157490000000104e-01,1.446362589999999892e-01,1.375822710000000060e-01,8.020395630000000109e-01,2.404606270000000101e-01,3.406225740000000113e-01,3.053307530000000103e-01
7.147839999999999749e-02,1.046457689999999996e-01,7.542331400000000519e-02,2.711853470000000210e-01,1.000000000000000000e+00,8.745239409999999713e-01,8.051560600000000345e-02,5.000000000000000278e-02,7.705835099999999716e-02,6.507116100000000236e-02,1.000000000000000056e-01,4.794603330000000163e-01,1.000000000000000000e+00,2.135224880000000103e-01,0.000000000000000000e+00,5.059422000000000051e-03,8.119255000000000569e-03,5.311161000000000354e-02,2.209448669999999892e-01,2.692292980000000058e-01,2.788381630000000277e-01,9.127937430000000463e-01,1.014159000000000033e-01,1.575157490000000104e-01,1.446362589999999892e-01,1.375822710000000060e-01,8.020395630000000109e-01,2.404606270000000101e-01,3.406225740000000113e-01,3.053307530000000103e-01
8.124693699999999130e-02,9.065247799999999467e-02,8.542545399999999789e-02,2.854116099999999823e-01,1.000000000000000000e+00,8.745239409999999713e-01,8.051560600000000345e-02,5.000000000000000278e-02,7.705835099999999716e-02,6.507116100000000236e-02,1.000000000000000056e-01,4.771844350000000179e-01,1.000000000000000000e+00,2.246018010000000176e-01,0.000000000000000000e+00,5.059422000000000051e-03,8.119255000000000569e-03,6.728447900000000814e-02,2.051527789999999796e-01,2.526234230000000136e-01,2.788381630000000277e-01,9.127937430000000463e-01,1.014159000000000033e-01,1.575157490000000104e-01,1.446362589999999892e-01,1.375822710000000060e-01,8.020395630000000109e-01,2.404606270000000101e-01,3.406225740000000113e-01,3.053307530000000103e-01
8.623615199999999648e-02,1.017400470000000001e-01,6.284016900000000128e-02,2.623812839999999924e-01,1.000000000000000000e+00,8.745239409999999713e-01,8.051560600000000345e-02,5.000000000000000278e-02,7.705835099999999716e-02,6.507116100000000236e-02,1.000000000000000056e-01,4.977289409999999803e-01,1.000000000000000000e+00,2.084510710000000155e-01,0.000000000000000000e+00,5.059422000000000051e-03,8.119255000000000569e-03,5.549692000000000514e-02,2.098174069999999836e-01,2.698946970000000167e-01,2.788381630000000277e-01,9.127937430000000463e-01,1.014159000000000033e-01,1.575157490000000104e-01,1.446362589999999892e-01,1.375822710000000060e-01,8.020395630000000109e-01,2.404606270000000101e-01,3.406225740000000113e-01,3.053307530000000103e-01
8.283000299999999927e-02,7.976898300000000164e-02,6.001561799999999974e-02,2.770295520000000122e-01,1.000000000000000000e+00,8.745239409999999713e-01,8.051560600000000345e-02,5.000000000000000278e-02,7.705835099999999716e-02,6.507116100000000236e-02,1.000000000000000056e-01,4.902708430000000117e-01,1.000000000000000000e+00,2.026443569999999972e-01,0.000000000000000000e+00,5.059422000000000051e-03,8.119255000000000569e-03,5.881843900000000014e-02,2.077232460000000003e-01,2.649282709999999930e-01,2.788381630000000277e-01,9.127937430000000463e-01,1.014159000000000033e-01,1.575157490000000104e-01,1.446362589999999892e-01,1.375822710000000060e-01,8.020395630000000109e-01,2.404606270000000101e-01,3.406225740000000113e-01,3.053307530000000103e-01
7.625335899999999278e-02,9.104106500000000435e-02,7.300465200000000321e-02,2.611663659999999831e-01,1.000000000000000000e+00,8.745239409999999713e-01,8.051560600000000345e-02,5.000000000000000278e-02,7.705835099999999716e-02,6.507116100000000236e-02,1.000000000000000056e-01,4.887332529999999786e-01,1.000000000000000000e+00,2.101856970000000047e-01,0.000000000000000000e+00,5.059422000000000051e-03,8.119255000000000569e-03,5.541633499999999712e-02,2.020566129999999960e-01,2.513569330000000046e-01,2.788381630000000277e-01,9.127937430000000463e-01,1.014159000000000033e-01,1.575157490000000104e-01,1.446362589999999892e-01,1.375822710000000060e-01,8.020395630000000109e-01,2.404606270000000101e-01,3.406225740000000113e-01,3.053307530000000103e-01
8.309083800000000020e-02,1.012375419999999998e-01,6.923348399999999792e-02,2.662171509999999852e-01,1.000000000000000000e+00,8.745239409999999713e-01,8.051560600000000345e-02,5.000000000000000278e-02,7.705835099999999716e-02,6.507116100000000236e-02,1.000000000000000056e-01,4.785649849999999983e-01,1.000000000000000000e+00,2.145238040000000124e-01,0.000000000000000000e+00,5.059422000000000051e-03,8.119255000000000569e-03,5.991925700000000354e-02,2.177825689999999814e-01,2.640769980000000072e-01,2.788381630000000277e-01,9.127937430000000463e-01,1.014159000000000033e-01,1.575157490000000104e-01,1.446362589999999892e-01,1.375822710000000060e-01,8.020395630000000109e-01,2.404606270000000101e-01,3.406225740000000113e-01,3.053307530000000103e-01
9.365674200000000116e-02,8.428428999999999782e-02,7.562842699999999807e-02,2.861221489999999923e-01,1.000000000000000000e+00,8.745239409999999713e-01,8.051560600000000345e-02,5.000000000000000278e-02,7.705835099999999716e-02,6.507116100000000236e-02,1.000000000000000056e-01,4.869176379999999860e-01,1.000000000000000000e+00,2.085663140000000026e-01,0.000000000000000000e+00,5.059422000000000051e-03,8.119255000000000569e-03,5.426619700000000213e-02,2.081186250000000015e-01,2.711508080000000209e-01,2.788381630000000277e-01,9.127937430000000463e-01,1.014159000000000033e-01,1.575157490000000104e-01,1.446362589999999892e-01,1.375822710000000060e-01,8.020395630000000109e-01,2.404606270000000101e-01,3.406225740000000113e-01,3.053307530000000103e-01
7.838708899999999313e-02,1.041018989999999977e-01,6.126057399999999820e-02,2.741413819999999890e-01,1.000000000000000000e+00,8.745239409999999713e-01,8.051560600000000345e-02,5.000000000000000278e-02,7.705835099999999716e-02,6.507116100000000236e-02,1.000000000000000056e-01,4.794860189999999855e-01,1.000000000000000000e+00,2.113941740000000180e-01,0.000000000000000000e+00,5.059422000000000051e-03,8.119255000000000569e-03,6.413571399999999645e-02,2.049671819999999978e-01,2.477590920000000141e-01,2.788381630000000277e-01,9.127937430000000463e-01,1.014159000000000033e-01,1.575157490000000104e-01,1.446362589999999892e-01,1.375822710000000060e-01,8.020395630000000109e-01,2.404606270000000101e-01,3.406225740000000113e-01,3.053307530000000103e-01
7.782067099999999404e-02,9.027717700000000012e-02,5.708425500000000041e-02,2.587702390000000130e-01,1.000000000000000000e+00,8.745239409999999713e-01,8.051560600000000345e-02,5.000000000000000278e-02,7.705835099999999716e-02,6.507116100000000236e-02,1.000000000000000056e-01,4.931195540000000155e-01,1.000000000000000000e+00,2.049079890000000126e-01,0.000000000000000000e+00,5.059422000000000051e-03,8.119255000000000569e-03,5.831084899999999793e-02,2.028847219999999896e-01,2.587111610000000228e-01,2.788381630000000277e-01,9.127937430000000463e-01,1.014159000000000033e-01,1.575157490000000104e-01,1.446362589999999892e-01,1.375822710000000060e-01,8.020395630000000109e-01,2.404606270000000101e-01,3.406225740000000113e-01,3.053307530000000103e-01
9.411317799999999179e-02,8.332014499999999824e-02,6.668245100000000369e-02,2.724576890000000029e-01,1.000000000000000000e+00,8.745239409999999713e-01,8.051560600000000345e-02,5.000000000000000278e-02,7.705835099999999716e-02,6.507116100000000236e-02,1.000000000000000056e-01,4.883952460000000051e-01,1.000000000000000000e+00,1.969584470000000087e-01,0.000000000000000000e+00,5.059422000000000051e-03,8.119255000000000569e-03,4.986554199999999881e-02,2.143184119999999859e-01,2.716953069999999970e-01,2.788381630000000277e-01,9.127937430000000463e-01,1.014159000000000033e-01,1.575157490000000104e-01,1.446362589999999892e-01,1.375822710000000060e-01,8.020395630000000109e-01,2.404606270000000101e-01,3.406225740000000113e-01,3.053307530000000103e-01
6.800482800000000327e-02,1.026627539999999950e-01,7.605101400000000011e-02,2.869255660000000208e-01,1.000000000000000000e+00,8.745239409999999713e-01,8.051560600000000345e-02,5.000000000000000278e-02,7.705835099999999716e-02,6.507116100000000236e-02,1.000000000000000056e-01,4.978600659999999900e-01,1.000000000000000000e+00,2.150419299999999923e-01,0.000000000000000000e+00,5.059422000000000051e-03,8.119255000000000569e-03,6.830686299999999544e-02,2.083319869999999963e-01,2.456536559999999980e-01,2.788381630000000277e-01,9.127937430000000463e-01,1.014159000000000033e-01,1.575157490000000104e-01,1.446362589999999892e-01,1.375822710000000060e-01,8.020395630000000109e-01,2.404606270000000101e-01,3.406225740000000113e-01,3.053307530000000103e-01
7.348965600000000042e-02,9.849436300000000144e-02,6.438457599999999892e-02,2.601035939999999935e-01,1.000000000000000000e+00,8.745239409999999713e-01,8.051560600000000345e-02,5.000000000000000278e-02,7.705835099999999716e-02,6.507116100000000236e-02,1.000000000000000056e-01,4.992683849999999812e-01,1.000000000000000000e+00,2.008266610000000174e-01,0.000000000000000000e+00,5.059422000000000051e-03,8.119255000000000569e-03,5.123459200000000241e-02,2.036146819999999913e-01,2.538934360000000279e-01,2.788381630000000277e-01,9.127937430000000463e-01,1.014159000000000033e-01,1.575157490000000104e-01,1.446362589999999892e-01,1.375822710000000060e-01,8.020395630000000109e-01,2.404606270000000101e-01,3.406225740000000113e-01,3.053307530000000103e-01
8.061820100000000044e-02,7.772261599999999437e-02,5.819021800000000189e-02,2.684345539999999919e-01,1.000000000000000000e+00,8.745239409999999713e-01,8.051560600000000345e-02,5.000000000000000278e-02,7.705835099999999716e-02,6.507116100000000236e-02,1.000000000000000056e-01,4.742647400000000180e-01,1.000000000000000000e+00,1.957763140000000068e-01,0.000000000000000000e+00,5.059422000000000051e-03,8.119255000000000569e-03,5.597776599999999825e-02,2.158544079999999976e-01,2.524416179999999787e-01,2.788381630000000277e-01,9.127937430000000463e-01,1.014159000000000033e-01,1.575157490000000104e-01,1.446362589999999892e-01,1.375822710000000060e-01,8.020395630000000109e-01,2.404606270000000101e-01,3.406225740000000113e-01,3.053307530000000103e-01
8.106105299999999403e-02,8.803770099999999599e-02,7.627862600000000215e-02,2.825654599999999905e-01,1.000000000000000000e+00,8.745239409999999713e-01,8.051560600000000345e-02,5.000000000000000278e-02,7.705835099999999716e-02,6.507116100000000236e-02,1.000000000000000056e-01,4.762606990000000096e-01,1.000000000000000000e+00,1.959393970000000151e-01,0.000000000000000000e+00,5.059422000000000051e-03,8.119255000000000569e-03,4.727409899999999998e-02,2.073973620000000018e-01,2.602732269999999959e-01,2.788381630000000277e-01,9.127937430000000463e-01,1.014159000000000033e-01,1.575157490000000104e-01,1.446362589999999892e-01,1.375822710000000060e-01,8.020395630000000109e-01,2.404606270000000101e-01,3.406225740000000113e-01,3.053307530000000103e-01
6.885290800000000433e-02,9.716223799999999799e-02,6.190136599999999933e-02,2.785371369999999902e-01,1.000000000000000000e+00,8.745239409999999713e-01,8.051560600000000345e-02,5.000000000000000278e-02,7.705835099999999716e-02,6.507116100000000236e-02,1.000000000000000056e-01,4.908979629999999927e-01,1.000000000000000000e+00,2.228039549999999980e-01,0.000000000000000000e+00,5.059422000000000051e-03,8.119255000000000569e-03,4.917814200000000108e-02,2.118655399999999911e-01,2.575954710000000203e-01,2.788381630000000277e-01,9.127937430000000463e-01,1.014159000000000033e-01,1.575157490000000104e-01,1.446362589999999892e-01,1.375822710000000060e-01,8.020395630000000109e-01,2.404606270000000101e-01,3.406225740000000113e-01,3.053307530000000103e-01
9.013833699999999893e-02,1.039699530000000038e-01,5.682178599999999913e-02,2.806326679999999740e-01,1.000000000000000000e+00,8.745239409999999713e-01,8.051560600000000345e-02,5.000000000000000278e-02,7.705835099999999716e-02,6.507116100000000236e-02,1.000000000000000056e-01,4.891718769999999772e-01,1.000000000000000000e+00,2.001529860000000050e-01,0.000000000000000000e+00,5.059422000000000051e-03,8.119255000000000569e-03,7.163649399999999501e-02,2.003969830000000008e-01,2.749040770000000244e-01,2.788381630000000277e-01,9.127937430000000463e-01,1.014159000000000033e-01,1.575157490000000104e-01,1.446362589999999892e-01,1.375822710000000060e-01,8.020395630000000109e-01,2.404606270000000101e-01,3.406225740000000113e-01,3.053307530000000103e-01
9.115489200000000125e-02,1.022069760000000049e-01,7.835507299999999731e-02,2.826887690000000064e-01,1.000000000000000000e+00,8.745239409999999713e-01,8.051560600000000345e-02,5.000000000000000278e-02,7.705835099999999716e-02,6.507116100000000236e-02,1.000000000000000056e-01,4.880799029999999816e-01,1.000000000000000000e+00,2.174586450000000060e-01,0.000000000000000000e+00,5.059422000000000051e-03,8.119255000000000569e-03,5.933617100000000005e-02,2.043930820000000037e-01,2.497119289999999991e-01,2.788381630000000277e-01,9.127937430000000463e-01,1.014159000000000033e-01,1.575157490000000104e-01,1.446362589999999892e-01,1.375822710000000060e-01,8.020395630000000109e-01,2.404606270000000101e-01,3.406225740000000113e-01,3.053307530000000103e-01
6.521917199999999193e-02,8.694753199999999405e-02,7.157965399999999256e-02,2.641510870000000066e-01,1.000000000000000000e+00,8.745239409999999713e-01,8.051560600000000345e-02,5.000000000000000278e-02,7.705835099999999716e-02,6.507116100000000236e-02,1.000000000000000056e-01,4.957924559999999925e-01,1.000000000000000000e+00,2.184251830000000227e-01,0.000000000000000000e+00,5.059422000000000051e-03,8.119255000000000569e-03,6.546743800000000280e-02,2.069275439999999910e-01,2.489461149999999956e-01,2.788381630000000277e-01,9.127937430000000463e-01,1.014159000000000033e-01,1.575157490000000104e-01,1.446362589999999892e-01,1.375822710000000060e-01,8.020395630000000109e-01,2.404606270000000101e-01,3.406225740000000113e-01,3.053307530000000103e-01
8.965772799999999210e-02,1.045575980000000016e-01,7.482990500000000211e-02,2.804200849999999856e-01,1.000000000000000000e+00,8.745239409999999713e-01,8.051560600000000345e-02,5.000000000000000278e-02,7.705835099999999716e-02,6.507116100000000236e-02,1.000000000000000056e-01,4.823958509999999866e-01,1.000000000000000000e+00,2.079614870000000004e-01,0.000000000000000000e+00,5.059422000000000051e-03,8.119255000000000569e-03,7.334659400000000107e-02,2.244187890000000074e-01,2.671173629999999966e-01,2.788381630000000277e-01,9.127937430000000463e-01,1.014159000000000033e-01,1.575157490000000104e-01,1.446362589999999892e-01,1.375822710000000060e-01,8.020395630000000109e-01,2.404606270000000101e-01,3.406225740000000113e-01,3.053307530000000103e-01
7.985969299999999549e-02,7.738006000000000051e-02,5.768805100000000408e-02,2.787539450000000030e-01,1.000000000000000000e+00,8.745239409999999713e-01,8.051560600000000345e-02,5.000000000000000278e-02,7.705835099999999716e-02,6.507116100000000236e-02,1.000000000000000056e-01,4.765280749999999954e-01,1.000000000000000000e+00,2.240654990000000013e-01,0.000000000000000000e+00,5.059422000000000051e-03,8.119255000000000569e-03,7.659436199999999917e-02,2.181330979999999975e-01,2.632809449999999885e-01,2.788381630000000277e-01,9.127937430000000463e-01,1.014159000000000033e-01,1.575157490000000104e-01,1.446362589999999892e-01,1.375822710000000060e-01,8.020395630000000109e-01,2.404606270000000101e-01,3.406225740000000113e-01,3.053307530000000103e-01
8.000535200000000180e-02,8.661598099999999467e-02,6.620300499999999533e-02,2.677723989999999943e-01,1.000000000000000000e+00,8.745239409999999713e-01,8.051560600000000345e-02,5.000000000000000278e-02,7.705835099999999716e-02,6.507116100000000236e-02,1.000000000000000056e-01,4.911026239999999876e-01,1.000000000000000000e+00,2.183560140000000149e-01,0.000000000000000000e+00,5.059422000000000051e-03,8.119255000000000569e-03,4.950902499999999817e-02,2.281180029999999859e-01,2.680575199999999936e-01,2.788381630000000277e-01,9.127937430000000463e-01,1.014159000000000033e-01,1.575157490000000104e-01,1.446362589999999892e-01,1.375822710000000060e-01,8.020395630000000109e-01,2.404606270000000101e-01,3.406225740000000113e-01,3.053307530000000103e-01
8.596033599999999830e-02,7.850796699999999795e-02,5.988921900000000048e-02,2.727103940000000226e-01,1.000000000000000000e+00,8.745239409999999713e-01,8.051560600000000345e-02,5.000000000000000278e-02,7.705835099999999716e-02,6.507116100000000236e-02,1.000000000000000056e-01,4.833727130000000094e-01,1.000000000000000000e+00,2.249492150000000079e-01,0.000000000000000000e+00,5.059422000000000051e-03,8.119255000000000569e-03,5.897749700000000372e-02,2.025636999999999854e-01,2.696192809999999884e-01,2.788381630000000277e-01,9.127937430000000463e-01,1.014159000000000033e-01,1.575157490000000104e-01,1.446362589999999892e-01,1.375822710000000060e-01,8.020395630000000109e-01,2.404606270000000101e-01,3.406225740000000113e-01,3.053307530000000103e-01
7.101241199999999698e-02,8.483471100000000709e-02,8.144214099999999568e-02,2.736941969999999724e-01,1.000000000000000000e+00,8.745239409999999713e-01,8.051560600000000345e-02,5.000000000000000278e-02,7.705835099999999716e-02,6.507116100000000236e-02,1.000000000000000056e-01,4.847452270000000007e-01,1.000000000000000000e+00,1.997324880000000136e-01,0.000000000000000000e+00,5.059422000000000051e-03,8.119255000000000569e-03,4.786020500000000288e-02,2.263668659999999999e-01,2.643482329999999880e-01,2.788381630000000277e-01,9.127937430000000463e-01,1.014159000000000033e-01,1.575157490000000104e-01,1.446362589999999892e-01,1.375822710000000060e-01,8.020395630000000109e-01,2.404606270000000101e-01,3.406225740000000113e-01,3.053307530000000103e-01
7.414585499999999663e-02,9.156365399999999433e-02,6.939874099999999990e-02,2.836450440000000128e-01,1.000000000000000000e+00,8.745239409999999713e-01,8.051560600000000345e-02,5.000000000000000278e-02,7.705835099999999716e-02,6.507116100000000236e-02,1.000000000000000056e-01,4.936172090000000012e-01,1.000000000000000000e+00,2.241560720000000118e-01,0.000000000000000000e+00,5.059422000000000051e-03,8.119255000000000569e-03,5.374036699999999722e-02,2.030498239999999899e-01,2.564158089999999945e-01,2.788381630000000277e-01,9.127937430000000463e-01,1.014159000000000033e-01,1.575157490000000104e-01,1.446362589999999892e-01,1.375822710000000060e-01,8.020395630000000109e-01,2.404606270000000101e-01,3.406225740000000113e-01,3.053307530000000103e-01
9.229945600000000194e-02,9.796133499999999661e-02,7.945197700000000696e-02,2.720853120000000236e-01,1.000000000000000000e+00,8.745239409999999713e-01,8.051560600000000345e-02,5.000000000000000278e-02,7.705835099999999716e-02,6.507116100000000236e-02,1.000000000000000056e-01,4.889003550000000087e-01,1.000000000000000000e+00,2.111520719999999962e-01,0.000000000000000000e+00,5.059422000000000051e-03,8.119255000000000569e-03,6.653399899999999645e-02,2.233281899999999820e-01,2.545822389999999880e-01,2.788381630000000277e-01,9.127937430000000463e-01,1.014159000000000033e-01,1.575157490000000104e-01,1.446362589999999892e-01,1.375822710000000060e-01,8.020395630000000109e-01,2.404606270000000101e-01,3.406225740000000113e-01,3.053307530000000103e-01
6.582099799999999168e-02,7.649896600000000157e-02,6.206100700000000137e-02,2.714581070000000040e-01,1.000000000000000000e+00,8.745239409999999713e-01,8.051560600000000345e-02,5.000000000000000278e-02,7.705835099999999716e-02,6.507116100000000236e-02,1.000000000000000056e-01,4.875580440000000237e-01,1.000000000000000000e+00,2.030061120000000163e-01,0.000000000000000000e+00,5.059422000000000051e-03,8.119255000000000569e-03,5.347298799999999908e-02,2.273880719999999966e-01,2.527236280000000335e-01,2.788381630000000277e-01,9.127937430000000463e-01,1.014159000000000033e-01,1.575157490000000104e-01,1.446362589999999892e-01,1.375822710000000060e-01,8.020395630000000109e-01,2.404606270000000101e-01,3.406225740000000113e-01,3.053307530000000103e-01
6.923218100000000375e-02,8.295061600000000479e-02,8.378555499999999767e-02,2.694648920000000114e-01,1.000000000000000000e+00,8.745239409999999713e-01,8.051560600000000345e-02,5.000000000000000278e-02,7.705835099999999716e-02,6.507116100000000236e-02,1.000000000000000056e-01,4.786596189999999806e-01,1.000000000000000000e+00,2.049606700000000115e-01,0.000000000000000000e+00,5.059422000000000051e-03,8.119255000000000569e-03,5.016600400000000015e-02,2.090206719999999907e-01,2.601114649999999862e-01,2.788381630000000277e-01,9.127937430000000463e-01,1.014159000000000033e-01,1.575157490000000104e-01,1.446362589999999892e-01,1.375822710000000060e-01,8.020395630000000109e-01,2.404606270000000101e-01,3.406225740000000113e-01,3.053307530000000103e-01
7.847269799999999351e-02,8.400966199999999884e-02,5.880401300000000220e-02,2.827790199999999921e-01,1.000000000000000000e+00,8.745239409999999713e-01,8.051560600000000345e-02,5.000000000000000278e-02,7.705835099999999716e-02,6.507116100000000236e-02,1.000000000000000056e-01,4.859003120000000009e-01,1.000000000000000000e+00,2.055751720000000005e-01,0.000000000000000000e+00,5.059422000000000051e-03,8.119255000000000569e-03,7.623769099999999632e-02,2.023681099999999899e-01,2.653623320000000341e-01,2.788381630000000277e-01,9.127937430000000463e-01,1.014159000000000033e-01,1.575157490000000104e-01,1.446362589999999892e-01,1.375822710000000060e-01,8.020395630000000109e-01,2.404606270000000101e-01,3.406225740000000113e-01,3.053307530000000103e-01
7.002974300000000540e-02,8.538562099999999488e-02,6.478864600000000529e-02,2.739944149999999912e-01,1.000000000000000000e+00,8.745239409999999713e-01,8.051560600000000345e-02,5.000000000000000278e-02,7.705835099999999716e-02,6.507116100000000236e-02,1.000000000000000056e-01,4.840863810000000100e-01,1.000000000000000000e+00,2.237047530000000062e-01,0.000000000000000000e+00,5.059422000000000051e-03,8.119255000000000569e-03,7.399068000000000311e-02,2.012130719999999928e-01,2.582328549999999834e-01,2.788381630000000277e-01,9.127937430000000463e-01,1.014159000000000033e-01,1.575157490000000104e-01,1.446362589999999892e-01,1.375822710000000060e-01,8.020395630000000109e-01,2.404606270000000101e-01,3.406225740000000113e-01,3.053307530000000103e-01
7.787599000000000604e-02,9.058138500000000037e-02,7.803909500000000277e-02,2.841705949999999703e-01,1.000000000000000000e+00,8.745239409999999713e-01,8.051560600000000345e-02,5.000000000000000278e-02,7.705835099999999716e-02,6.507116100000000236e-02,1.000000000000000056e-01,4.832221720000000054e-01,1.000000000000000000e+00,2.161043589999999959e-01,0.000000000000000000e+00,5.059422000000000051e-03,8.119255000000000569e-03,7.183630800000000149e-02,2.194531299999999963e-01,2.667036859999999954e-01,2.788381630000000277e-01,9.127937430000000463e-01,1.014159000000000033e-01,1.575157490000000104e-01,1.446362589999999892e-01,1.375822710000000060e-01,8.020395630000000109e-01,2.404606270000000101e-01,3.406225740000000113e-01,3.053307530000000103e-01
7.752746199999999144e-02,1.030672489999999997e-01,7.007997700000000163e-02,2.811031609999999903e-01,1.000000000000000000e+00,8.745239409999999713e-01,8.051560600000000345e-02,5.000000000000000278e-02,7.705835099999999716e-02,6.507116100000000236e-02,1.000000000000000056e-01,4.976628240000000036e-01,1.000000000000000000e+00,1.958962890000000012e-01,0.000000000000000000e+00,5.059422000000000051e-03,8.119255000000000569e-03,5.614565500000000264e-02,2.103345749999999958e-01,2.746418099999999862e-01,2.788381630000000277e-01,9.127937430000000463e-01,1.014159000000000033e-01,1.575157490000000104e-01,1.446362589999999892e-01,1.375822710000000060e-01,8.020395630000000109e-01,2.404606270000000101e-01,3.406225740000000113e-01,3.053307530000000103e-01
7.714639600000000597e-02,7.811366799999999722e-02,7.317287299999999939e-02,2.667719729999999956e-01,1.000000000000000000e+00,8.745239409999999713e-01,8.051560600000000345e-02,5.000000000000000278e-02,7.705835099999999716e-02,6.507116100000000236e-02,1.000000000000000056e-01,4.971301550000000180e-01,1.000000000000000000e+00,2.078365699999999983e-01,0.000000000000000000e+00,5.059422000000000051e-03,8.119255000000000569e-03,6.939512000000000458e-02,2.055233239999999795e-01,2.694089740000000233e-01,2.788381630000000277e-01,9.127937430000000463e-01,1.014159000000000033e-01,1.575157490000000104e-01,1.446362589999999892e-01,1.375822710000000060e-01,8.020395630000000109e-01,2.404606270000000101e-01,3.406225740000000113e-01,3.053307530000000103e-01
8.417487599999999570e-02,8.438251599999999075e-02,8.618140400000000312e-02,2.633443129999999965e-01,1.000000000000000000e+00,8.745239409999999713e-01,8.051560600000000345e-02,5.000000000000000278e-02,7.705835099999999716e-02,6.507116100000000236e-02,1.000000000000000056e-01,5.008262329999999540e-01,1.000000000000000000e+00,2.107262069999999987e-01,0.000000000000000000e+00,5.059422000000000051e-03,8.119255000000000569e-03,7.092502800000000107e-02,2.197237569999999918e-01,2.623084279999999824e-01,2.788381630000000277e-01,9.127937430000000463e-01,1.014159000000000033e-01,1.575157490000000104e-01,1.446362589999999892e-01,1.375822710000000060e-01,8.020395630000000109e-01,2.404606270000000101e-01,3.406225740000000113e-01,3.053307530000000103e-01
6.717545399999999556e-02,9.303581199999999551e-02,7.583067000000000280e-02,2.808456890000000095e-01,1.000000000000000000e+00,8.745239409999999713e-01,8.051560600000000345e-02,5.000000000000000278e-02,7.705835099999999716e-02,6.507116100000000236e-02,1.000000000000000056e-01,4.738536910000000213e-01,1.000000000000000000e+00,2.010845150000000192e-01,0.000000000000000000e+00,5.059422000000000051e-03,8.119255000000000569e-03,4.821536399999999667e-02,2.139963039999999983e-01,2.708885429999999817e-01,2.788381630000000277e-01,9.127937430000000463e-01,1.014159000000000033e-01,1.575157490000000104e-01,1.446362589999999892e-01,1.375822710000000060e-01,8.020395630000000109e-01,2.404606270000000101e-01,3.406225740000000113e-01,3.053307530000000103e-01
9.333653499999999825e-02,1.044390169999999951e-01,6.906819799999999732e-02,2.597996750000000077e-01,1.000000000000000000e+00,8.745239409999999713e-01,8.051560600000000345e-02,5.000000000000000278e-02,7.705835099999999716e-02,6.507116100000000236e-02,1.000000000000000056e-01,4.902428859999999888e-01,1.000000000000000000e+00,2.118262310000000037e-01,0.000000000000000000e+00,5.059422000000000051e-03,8.119255000000000569e-03,6.982359099999999041e-02,2.127767049999999827e-01,2.727209600000000123e-01,2.788381630000000277e-01,9.127937430000000463e-01,1.014159000000000033e-01,1.575157490000000104e-01,1.446362589999999892e-01,1.375822710000000060e-01,8.020395630000000109e-01,2.404606270000000101e-01,3.406225740000000113e-01,3.053307530000000103e-01
6.429363600000000123e-02,8.212927500000000158e-02,7.403121099999999954e-02,2.634189719999999735e-01,1.000000000000000000e+00,8.745239409999999713e-01,8.051560600000000345e-02,5.000000000000000278e-02,7.705835099999999716e-02,6.507116100000000236e-02,1.000000000000000056e-01,4.913945809999999970e-01,1.000000000000000000e+00,2.217727510000000180e-01,0.000000000000000000e+00,5.059422000000000051e-03,8.119255000000000569e-03,6.086432800000000226e-02,2.243589859999999825e-01,2.721441390000000071e-01,2.788381630000000277e-01,9.127937430000000463e-01,1.014159000000000033e-01,1.575157490000000104e-01,1.446362589999999892e-01,1.375822710000000060e-01,8.020395630000000109e-01,2.404606270000000101e-01,3.406225740000000113e-01,3.053307530000000103e-01
7.318649399999999083e-02,1.038991320000000051e-01,6.469339100000000287e-02,2.843234330000000143e-01,1.000000000000000000e+00,8.745239409999999713e-01,8.051560600000000345e-02,5.000000000000000278e-02,7.705835099999999716e-02,6.507116100000000236e-02,1.000000000000000056e-01,4.950644969999999923e-01,1.000000000000000000e+00,2.121039410000000180e-01,0.000000000000000000e+00,5.059422000000000051e-03,8.119255000000000569e-03,7.042580900000000588e-02,2.270603059999999895e-01,2.615730950000000332e-01,2.788381630000000277e-01,9.127937430000000463e-01,1.014159000000000033e-01,1.575157490000000104e-01,1.446362589999999892e-01,1.375822710000000060e-01,8.020395630000000109e-01,2.404606270000000101e-01,3.406225740000000113e-01,3.053307530000000103e-01
9.240946599999999567e-02,7.602638700000000083e-02,5.936292099999999905e-02,2.793472739999999788e-01,1.000000000000000000e+00,8.745239409999999713e-01,8.051560600000000345e-02,5.000000000000000278e-02,7.705835099999999716e-02,6.507116100000000236e-02,1.000000000000000056e-01,4.736672379999999904e-01,1.000000000000000000e+00,2.100230460000000188e-01,0.000000000000000000e+00,5.059422000000000051e-03,8.119255000000000569e-03,5.026827000000000378e-02,2.017962349999999905e-01,2.461442739999999962e-01,2.788381630000000277e-01,9.127937430000000463e-01,1.014159000000000033e-01,1.575157490000000104e-01,1.446362589999999892e-01,1.375822710000000060e-01,8.020395630000000109e-01,2.404606270000000101e-01,3.406225740000000113e-01,3.053307530000000103e-01
6.817689500000000125e-02,8.545415000000000649e-02,7.979560299999999273e-02,2.657445680000000143e-01,1.000000000000000000e+00,8.745239409999999713e-01,8.051560600000000345e-02,5.000000000000000278e-02,7.705835099999999716e-02,6.507116100000000236e-02,1.000000000000000056e-01,4.825139560000000216e-01,1.000000000000000000e+00,2.146024450000000028e-01,0.000000000000000000e+00,5.059422000000000051e-03,8.119255000000000569e-03,7.060965799999999182e-02,2.216109179999999901e-01,2.614451700000000045e-01,2.788381630000000277e-01,9.127937430000000463e-01,1.014159000000000033e-01,1.575157490000000104e-01,1.446362589999999892e-01,1.375822710000000060e-01,8.020395630000000109e-01,2.404606270000000101e-01,3.406225740000000113e-01,3.053307530000000103e-01
8.182076700000000258e-02,8.168669400000000413e-02,8.108173800000000042e-02,2.761225270000000065e-01,1.000000000000000000e+00,8.745239409999999713e-01,8.051560600000000345e-02,5.000000000000000278e-02,7.705835099999999716e-02,6.507116100000000236e-02,1.000000000000000056e-01,4.822500169999999753e-01,1.000000000000000000e+00,2.046421939999999995e-01,0.000000000000000000e+00,5.059422000000000051e-03,8.119255000000000569e-03,6.955073500000000242e-02,2.005321079999999867e-01,2.647289640000000110e-01,2.788381630000000277e-01,9.127937430000000463e-01,1.014159000000000033e-01,1.575157490000000104e-01,1.446362589999999892e-01,1.375822710000000060e-01,8.020395630000000109e-01,2.404606270000000101e-01,3.406225740000000113e-01,3.053307530000000103e-01
9.164859200000000095e-02,8.577173600000000120e-02,6.610177300000000256e-02,2.701879950000000141e-01,1.000000000000000000e+00,8.745239409999999713e-01,8.051560600000000345e-02,5.000000000000000278e-02,7.705835099999999716e-02,6.507116100000000236e-02,1.000000000000000056e-01,4.946749939999999790e-01,1.000000000000000000e+00,2.163753459999999962e-01,0.000000000000000000e+00,5.059422000000000051e-03,8.119255000000000569e-03,5.580534100000000136e-02,2.183527080000000065e-01,2.682476970000000072e-01,2.788381630000000277e-01,9.127937430000000463e-01,1.014159000000000033e-01,1.575157490000000104e-01,1.446362589999999892e-01,1.375822710000000060e-01,8.020395630000000109e-01,2.404606270000000101e-01,3.406225740000000113e-01,3.053307530000000103e-01
7.384519100000000447e-02,9.765389099999999267e-02,7.415283500000000028e-02,2.760716650000000216e-01,1.000000000000000000e+00,8.745239409999999713e-01,8.051560600000000345e-02,5.000000000000000278e-02,7.705835099999999716e-02,6.507116100000000236e-02,1.000000000000000056e-01,4.861935600000000246e-01,1.000000000000000000e+00,2.239191300000000218e-01,0.000000000000000000e+00,5.059422000000000051e-03,8.119255000000000569e-03,5.280937200000000026e-02,2.238145970000000040e-01,2.708257669999999950e-01,2.788381630000000277e-01,9.127937430000000463e-01,1.014159000000000033e-01,1.575157490000000104e-01,1.446362589999999892e-01,1.375822710000000060e-01,8.020395630000000109e-01,2.404606270000000101e-01,3.406225740000000113e-01,3.053307530000000103e-01
8.141949299999999556e-02,9.948072499999999208e-02,7.703495999999999955e-02,2.816943339999999907e-01,1.000000000000000000e+00,8.745239409999999713e-01,8.051560600000000345e-02,5.000000000000000278e-02,7.705835099999999716e-02,6.507116100000000236e-02,1.000000000000000056e-01,4.911092479999999982e-01,1.000000000000000000e+00,2.173382510000000101e-01,0.000000000000000000e+00,5.059422000000000051e-03,8.119255000000000569e-03,6.780165000000000497e-02,2.232365709999999948e-01,2.495959460000000130e-01,2.788381630000000277e-01,9.127937430000000463e-01,1.014159000000000033e-01,1.575157490000000104e-01,1.446362589999999892e-01,1.375822710000000060e-01,8.020395630000000109e-01,2.404606270000000101e-01,3.406225740000000113e-01,3.053307530000000103e-01
6.959324199999999960e-02,9.437918500000000432e-02,7.509953599999999452e-02,2.776916179999999734e-01,1.000000000000000000e+00,8.745239409999999713e-01,8.051560600000000345e-02,5.000000000000000278e-02,7.705835099999999716e-02,6.507116100000000236e-02,1.000000000000000056e-01,4.885910789999999837e-01,1.000000000000000000e+00,2.152924690000000141e-01,0.000000000000000000e+00,5.059422000000000051e-03,8.119255000000000569e-03,5.437038300000000129e-02,2.057395340000000017e-01,2.742722519999999942e-01,2.788381630000000277e-01,9.127937430000000463e-01,1.014159000000000033e-01,1.575157490000000104e-01,1.446362589999999892e-01,1.375822710000000060e-01,8.020395630000000109e-01,2.404606270000000101e-01,3.406225740000000113e-01,3.053307530000000103e-01
6.736896200000000445e-02,9.583744399999999386e-02,6.787564000000000097e-02,2.801255019999999707e-01,1.000000000000000000e+00,8.745239409999999713e-01,8.051560600000000345e-02,5.000000000000000278e-02,7.705835099999999716e-02,6.507116100000000236e-02,1.000000000000000056e-01,4.752602719999999836e-01,1.000000000000000000e+00,2.078089740000000074e-01,0.000000000000000000e+00,5.059422000000000051e-03,8.119255000000000569e-03,4.966253400000000123e-02,2.008233569999999801e-01,2.665343150000000216e-01,2.788381630000000277e-01,9.127937430000000463e-01,1.014159000000000033e-01,1.575157490000000104e-01,1.446362589999999892e-01,1.375822710000000060e-01,8.020395630000000109e-01,2.404606270000000101e-01,3.406225740000000113e-01,3.053307530000000103e-01
8.215124199999999932e-02,9.254842500000000360e-02,6.315185300000000779e-02,2.590602739999999793e-01,1.000000000000000000e+00,8.745239409999999713e-01,8.051560600000000345e-02,5.000000000000000278e-02,7.705835099999999716e-02,6.507116100000000236e-02,1.000000000000000056e-01,4.761640619999999990e-01,1.000000000000000000e+00,1.998187550000000146e-01,0.000000000000000000e+00,5.059422000000000051e-03,8.119255000000000569e-03,5.725015799999999544e-02,2.037597999999999909e-01,2.588926140000000209e-01,2.788381630000000277e-01,9.127937430000000463e-01,1.014159000000000033e-01,1.575157490000000104e-01,1.446362589999999892e-01,1.375822710000000060e-01,8.020395630000000109e-01,2.404606270000000101e-01,3.406225740000000113e-01,3.053307530000000103e-01
7.772780999999999441e-02,1.000430370000000013e-01,8.428401199999999149e-02,2.653894860000000078e-01,1.000000000000000000e+00,8.745239409999999713e-01,8.051560600000000345e-02,5.000000000000000278e-02,7.705835099999999716e-02,6.507116100000000236e-02,1.000000000000000056e-01,4.745113349999999786e-01,1.000000000000000000e+00,2.148811790000000055e-01,0.000000000000000000e+00,5.059422000000000051e-03,8.119255000000000569e-03,5.488162600000000280e-02,2.239848180000000022e-01,2.744118480000000138e-01,2.788381630000000277e-01,9.127937430000000463e-01,1.014159000000000033e-01,1.575157490000000104e-01,1.446362589999999892e-01,1.375822710000000060e-01,8.020395630000000109e-01,2.404606270000000101e-01,3.406225740000000113e-01,3.053307530000000103e-01
8.788767499999999844e-02,8.725555200000000011e-02,8.449214299999999178e-02,2.729129730000000031e-01,1.000000000000000000e+00,8.745239409999999713e-01,8.051560600000000345e-02,5.000000000000000278e-02,7.705835099999999716e-02,6.507116100000000236e-02,1.000000000000000056e-01,4.856015550000000180e-01,1.000000000000000000e+00,2.137598930000000064e-01,0.000000000000000000e+00,5.059422000000000051e-03,8.119255000000000569e-03,6.187510999999999706e-02,2.184534779999999787e-01,2.574408619999999925e-01,2.788381630000000277e-01,9.127937430000000463e-01,1.014159000000000033e-01,1.575157490000000104e-01,1.446362589999999892e-01,1.375822710000000060e-01,8.020395630000000109e-01,2.404606270000000101e-01,3.406225740000000113e-01,3.053307530000000103e-01
8.075958899999999274e-02,9.389448999999999712e-02,6.123754700000000328e-02,2.585308579999999745e-01,1.000000000000000000e+00,8.745239409999999713e-01,8.051560600000000345e-02,5.000000000000000278e-02,7.705835099999999716e-02,6.507116100000000236e-02,1.000000000000000056e-01,4.815839210000000259e-01,1.000000000000000000e+00,2.127253040000000039e-01,0.000000000000000000e+00,5.059422000000000051e-03,8.119255000000000569e-03,6.660285700000000142e-02,2.053614809999999846e-01,2.598914870000000321e-01,2.788381630000000277e-01,9.127937430000000463e-01,1.014159000000000033e-01,1.575157490000000104e-01,1.446362589999999892e-01,1.375822710000000060e-01,8.020395630000000109e-01,2.404606270000000101e-01,3.406225740000000113e-01,3.053307530000000103e-01
9.383274399999999571e-02,9.810407499999999892e-02,7.613907100000000261e-02,2.682246870000000172e-01,1.000000000000000000e+00,8.745239409999999713e-01,8.051560600000000345e-02,5.000000000000000278e-02,7.705835099999999716e-02,6.507116100000000236e-02,1.000000000000000056e-01,4.831840539999999740e-01,1.000000000000000000e+00,2.017566759999999959e-01,0.000000000000000000e+00,5.059422000000000051e-03,8.119255000000000569e-03,5.076884799999999837e-02,2.045156209999999808e-01,2.719744809999999902e-01,2.788381630000000277e-01,9.127937430000000463e-01,1.014159000000000033e-01,1.575157490000000104e-01,1.446362589999999892e-01,1.375822710000000060e-01,8.020395630000000109e-01,2.404606270000000101e-01,3.406225740000000113e-01,3.053307530000000103e-01
6.769699799999999434e-02,7.624704200000000098e-02,6.500262400000000884e-02,2.846375820000000001e-01,1.000000000000000000e+00,8.745239409999999713e-01,8.051560600000000345e-02,5.000000000000000278e-02,7.705835099999999716e-02,6.507116100000000236e-02,1.000000000000000056e-01,4.892394219999999794e-01,1.000000000000000000e+00,2.111997730000000073e-01,0.000000000000000000e+00,5.059422000000000051e-03,8.119255000000000569e-03,6.737959400000000099e-02,2.168508769999999974e-01,2.462473930000000089e-01,2.788381630000000277e-01,9.127937430000000463e-01,1.014159000000000033e-01,1.575157490000000104e-01,1.446362589999999892e-01,1.375822710000000060e-01,8.020395630000000109e-01,2.404606270000000101e-01,3.406225740000000113e-01,3.053307530000000103e-01
8.386034100000000491e-02,8.821475099999999403e-02,7.916005400000000747e-02,2.743167799999999823e-01,1.000000000000000000e+00,8.745239409999999713e-01,8.051560600000000345e-02,5.000000000000000278e-02,7.705835099999999716e-02,6.507116100000000236e-02,1.000000000000000056e-01,5.002769609999999645e-01,1.000000000000000000e+00,2.090956100000000151e-01,0.000000000000000000e+00,5.059422000000000051e-03,8.119255000000000569e-03,5.741172900000000162e-02,2.261741810000000019e-01,2.580493759999999970e-01,2.788381630000000277e-01,9.127937430000000463e-01,1.014159000000000033e-01,1.575157490000000104e-01,1.446362589999999892e-01,1.375822710000000060e-01,8.020395630000000109e-01,2.404606270000000101e-01,3.406225740000000113e-01,3.053307530000000103e-01
7.588889399999999841e-02,8.638831099999999541e-02,7.595999200000000395e-02,2.650734929999999934e-01,1.000000000000000000e+00,8.745239409999999713e-01,8.051560600000000345e-02,5.000000000000000278e-02,7.705835099999999716e-02,6.507116100000000236e-02,1.000000000000000056e-01,4.898020920000000222e-01,1.000000000000000000e+00,2.134284600000000143e-01,0.000000000000000000e+00,5.059422000000000051e-03,8.119255000000000569e-03,7.127985900000000097e-02,2.101994959999999857e-01,2.570843010000000151e-01,2.788381630000000277e-01,9.127937430000000463e-01,1.014159000000000033e-01,1.575157490000000104e-01,1.446362589999999892e-01,1.375822710000000060e-01,8.020395630000000109e-01,2.404606270000000101e-01,3.406225740000000113e-01,3.053307530000000103e-01
9.405218199999999806e-02,9.975196599999999747e-02,6.212396200000000479e-02,2.722302349999999871e-01,1.000000000000000000e+00,8.745239409999999713e-01,8.051560600000000345e-02,5.000000000000000278e-02,7.705835099999999716e-02,6.507116100000000236e-02,1.000000000000000056e-01,4.844820429999999734e-01,1.000000000000000000e+00,2.225299110000000247e-01,0.000000000000000000e+00,5.059422000000000051e-03,8.119255000000000569e-03,5.503944700000000523e-02,2.033659230000000040e-01,2.566296690000000047e-01,2.788381630000000277e-01,9.127937430000000463e-01,1.014159000000000033e-01,1.575157490000000104e-01,1.446362589999999892e-01,1.375822710000000060e-01,8.020395630000000109e-01,2.404606270000000101e-01,3.406225740000000113e-01,3.053307530000000103e-01
9.081385299999999994e-02,1.013997219999999977e-01,7.378830999999999585e-02,2.622086009999999856e-01,1.000000000000000000e+00,8.745239409999999713e-01,8.051560600000000345e-02,5.000000000000000278e-02,7.705835099999999716e-02,6.507116100000000236e-02,1.000000000000000056e-01,4.821719910000000220e-01,1.000000000000000000e+00,2.199858690000000006e-01,0.000000000000000000e+00,5.059422000000000051e-03,8.119255000000000569e-03,6.706145800000000434e-02,2.178605039999999826e-01,2.607272290000000048e-01,2.788381630000000277e-01,9.127937430000000463e-01,1.014159000000000033e-01,1.575157490000000104e-01,1.446362589999999892e-01,1.375822710000000060e-01,8.020395630000000109e-01,2.404606270000000101e-01,3.406225740000000113e-01,3.053307530000000103e-01
8.872346700000000030e-02,8.390027199999999796e-02,5.945535200000000298e-02,2.656556019999999907e-01,1.000000000000000000e+00,8.745239409999999713e-01,8.051560600000000345e-02,5.000000000000000278e-02,7.705835099999999716e-02,6.507116100000000236e-02,1.000000000000000056e-01,4.861024899999999982e-01,1.000000000000000000e+00,2.142529340000000060e-01,0.000000000000000000e+00,5.059422000000000051e-03,8.119255000000000569e-03,7.543853300000000206e-02,2.266798459999999904e-01,2.733836270000000179e-01,2.788381630000000277e-01,9.127937430000000463e-01,1.014159000000000033e-01,1.575157490000000104e-01,1.446362589999999892e-01,1.375822710000000060e-01,8.020395630000000109e-01,2.404606270000000101e-01,3.406225740000000113e-01,3.053307530000000103e-01
8.764484000000000163e-02,9.896147199999999478e-02,6.354286200000000551e-02,2.734607660000000218e-01,1.000000000000000000e+00,8.745239409999999713e-01,8.051560600000000345e-02,5.000000000000000278e-02,7.705835099999999716e-02,6.507116100000000236e-02,1.000000000000000056e-01,4.906077859999999902e-01,1.000000000000000000e+00,2.034577220000000075e-01,0.000000000000000000e+00,5.059422000000000051e-03,8.119255000000000569e-03,7.646887900000000349e-02,2.252322809999999786e-01,2.474074549999999983e-01,2.788381630000000277e-01,9.127937430000000463e-01,1.014159000000000033e-01,1.575157490000000104e-01,1.446362589999999892e-01,1.375822710000000060e-01,8.020395630000000109e-01,2.404606270000000101e-01,3.406225740000000113e-01,3.053307530000000103e-01
9.258354299999999037e-02,9.852877599999999847e-02,7.647952099999999476e-02,2.642654959999999886e-01,1.000000000000000000e+00,8.745239409999999713e-01,8.051560600000000345e-02,5.000000000000000278e-02,7.705835099999999716e-02,6.507116100000000236e-02,1.000000000000000056e-01,4.814340679999999928e-01,1.000000000000000000e+00,1.963106069999999981e-01,0.000000000000000000e+00,5.059422000000000051e-03,8.119255000000000569e-03,6.575430499999999900e-02,2.228161840000000005e-01,2.624491770000000335e-01,2.788381630000000277e-01,9.127937430000000463e-01,1.014159000000000033e-01,1.575157490000000104e-01,1.446362589999999892e-01,1.375822710000000060e-01,8.020395630000000109e-01,2.404606270000000101e-01,3.406225740000000113e-01,3.053307530000000103e-01
6.673196100000000630e-02,7.799359399999999942e-02,8.517407400000000239e-02,2.702400990000000114e-01,1.000000000000000000e+00,8.745239409999999713e-01,8.051560600000000345e-02,5.000000000000000278e-02,7.705835099999999716e-02,6.507116100000000236e-02,1.000000000000000056e-01,4.929605380000000037e-01,1.000000000000000000e+00,2.031189419999999968e-01,0.000000000000000000e+00,5.059422000000000051e-03,8.119255000000000569e-03,5.098486800000000263e-02,2.265514949999999916e-01,2.539698420000000012e-01,2.788381630000000277e-01,9.127937430000000463e-01,1.014159000000000033e-01,1.575157490000000104e-01,1.446362589999999892e-01,1.375822710000000060e-01,8.020395630000000109e-01,2.404606270000000101e-01,3.406225740000000113e-01,3.053307530000000103e-01
6.807298600000000199e-02,1.018144400000000060e-01,8.201381399999999045e-02,2.610540049999999779e-01,1.000000000000000000e+00,8.745239409999999713e-01,8.051560600000000345e-02,5.000000000000000278e-02,7.705835099999999716e-02,6.507116100000000236e-02,1.000000000000000056e-01,4.975464880000000090e-01,1.000000000000000000e+00,2.057670530000000053e-01,0.000000000000000000e+00,5.059422000000000051e-03,8.119255000000000569e-03,5.693188700000000046e-02,2.280886010000000019e-01,2.688694369999999889e-01,2.788381630000000277e-01,9.127937430000000463e-01,1.014159000000000033e-01,1.575157490000000104e-01,1.446362589999999892e-01,1.375822710000000060e-01,8.020395630000000109e-01,2.404606270000000101e-01,3.406225740000000113e-01,3.053307530000000103e-01
7.674803199999999381e-02,8.104983799999999905e-02,6.679674900000000248e-02,2.829832549999999891e-01,1.000000000000000000e+00,8.745239409999999713e-01,8.051560600000000345e-02,5.000000000000000278e-02,7.705835099999999716e-02,6.507116100000000236e-02,1.000000000000000056e-01,4.969580829999999949e-01,1.000000000000000000e+00,2.212042260000000038e-01,0.000000000000000000e+00,5.059422000000000051e-03,8.119255000000000569e-03,7.149135900000000432e-02,2.214454879999999959e-01,2.531415880000000285e-01,2.788381630000000277e-01,9.127937430000000463e-01,1.014159000000000033e-01,1.575157490000000104e-01,1.446362589999999892e-01,1.375822710000000060e-01,8.020395630000000109e-01,2.404606270000000101e-01,3.406225740000000113e-01,3.053307530000000103e-01
8.169093499999999231e-02,7.591850599999999671e-02,6.765112400000000692e-02,2.745108849999999823e-01,1.000000000000000000e+00,8.745239409999999713e-01,8.051560600000000345e-02,5.000000000000000278e-02,7.705835099999999716e-02,6.507116100000000236e-02,1.000000000000000056e-01,4.810244260000000049e-01,1.000000000000000000e+00,2.064358340000000125e-01,0.000000000000000000e+00,5.059422000000000051e-03,8.119255000000000569e-03,5.064089000000000090e-02,2.220486629999999795e-01,2.678702040000000006e-01,2.788381630000000277e-01,9.127937430000000463e-01,1.014159000000000033e-01,1.575157490000000104e-01,1.446362589999999892e-01,1.375822710000000060e-01,8.020395630000000109e-01,2.404606270000000101e-01,3.406225740000000113e-01,3.053307530000000103e-01
9.286083400000000321e-02,9.825805099999999903e-02,8.265670399999999751e-02,2.670461699999999716e-01,1.000000000000000000e+00,8.745239409999999713e-01,8.051560600000000345e-02,5.000000000000000278e-02,7.705835099999999716e-02,6.507116100000000236e-02,1.000000000000000056e-01,4.817920529999999979e-01,1.000000000000000000e+00,2.131547390000000097e-01,0.000000000000000000e+00,5.059422000000000051e-03,8.119255000000000569e-03,4.680841499999999905e-02,2.078743630000000064e-01,2.658311839999999981e-01,2.788381630000000277e-01,9.127937430000000463e-01,1.014159000000000033e-01,1.575157490000000104e-01,1.446362589999999892e-01,1.375822710000000060e-01,8.020395630000000109e-01,2.404606270000000101e-01,3.406225740000000113e-01,3.053307530000000103e-01
7.873690099999999803e-02,8.666776299999999489e-02,6.577695799999999648e-02,2.818783040000000240e-01,1.000000000000000000e+00,8.745239409999999713e-01,8.051560600000000345e-02,5.000000000000000278e-02,7.705835099999999716e-02,6.507116100000000236e-02,1.000000000000000056e-01,4.896639259999999716e-01,1.000000000000000000e+00,2.024115640000000160e-01,0.000000000000000000e+00,5.059422000000000051e-03,8.119255000000000569e-03,7.283563600000000915e-02,2.048465849999999977e-01,2.515592650000000319e-01,2.788381630000000277e-01,9.127937430000000463e-01,1.014159000000000033e-01,1.575157490000000104e-01,1.446362589999999892e-01,1.375822710000000060e-01,8.020395630000000109e-01,2.404606270000000101e-01,3.406225740000000113e-01,3.053307530000000103e-01
8.068457499999999449e-02,8.040334600000000054e-02,8.330253600000001035e-02,2.570784660000000055e-01,1.000000000000000000e+00,8.745239409999999713e-01,8.051560600000000345e-02,5.000000000000000278e-02,7.705835099999999716e-02,6.507116100000000236e-02,1.000000000000000056e-01,4.760913099999999898e-01,1.000000000000000000e+00,2.042550479999999946e-01,0.000000000000000000e+00,5.059422000000000051e-03,8.119255000000000569e-03,5.056111700000000264e-02,2.241170379999999906e-01,2.616869370000000083e-01,2.788381630000000277e-01,9.127937430000000463e-01,1.014159000000000033e-01,1.575157490000000104e-01,1.446362589999999892e-01,1.375822710000000060e-01,8.020395630000000109e-01,2.404606270000000101e-01,3.406225740000000113e-01,3.053307530000000103e-01
7.034402300000000552e-02,8.774993899999999902e-02,8.393801700000000365e-02,2.786721779999999926e-01,1.000000000000000000e+00,8.745239409999999713e-01,8.051560600000000345e-02,5.000000000000000278e-02,7.705835099999999716e-02,6.507116100000000236e-02,1.000000000000000056e-01,4.747509970000000079e-01,1.000000000000000000e+00,2.072740090000000091e-01,0.000000000000000000e+00,5.059422000000000051e-03,8.119255000000000569e-03,6.401540099999999955e-02,2.290099519999999889e-01,2.591989980000000138e-01,2.788381630000000277e-01,9.127937430000000463e-01,1.014159000000000033e-01,1.575157490000000104e-01,1.446362589999999892e-01,1.375822710000000060e-01,8.020395630000000109e-01,2.404606270000000101e-01,3.406225740000000113e-01,3.053307530000000103e-01
7.532202799999999920e-02,8.909117199999999626e-02,7.344204799999999589e-02,2.625146939999999929e-01,1.000000000000000000e+00,8.745239409999999713e-01,8.051560600000000345e-02,5.000000000000000278e-02,7.705835099999999716e-02,6.507116100000000236e-02,1.000000000000000056e-01,4.851993680000000198e-01,1.000000000000000000e+00,2.011783750000000204e-01,0.000000000000000000e+00,5.059422000000000051e-03,8.119255000000000569e-03,5.651172499999999876e-02,2.285408469999999914e-01,2.678861069999999844e-01,2.788381630000000277e-01,9.127937430000000463e-01,1.014159000000000033e-01,1.575157490000000104e-01,1.446362589999999892e-01,1.375822710000000060e-01,8.020395630000000109e-01,2.404606270000000101e-01,3.406225740000000113e-01,3.053307530000000103e-01
6.495578999999999936e-02,8.320799299999999399e-02,8.054468600000000422e-02,2.638350259999999725e-01,1.000000000000000000e+00,8.745239409999999713e-01,8.051560600000000345e-02,5.000000000000000278e-02,7.705835099999999716e-02,6.507116100000000236e-02,1.000000000000000056e-01,4.992545569999999877e-01,1.000000000000000000e+00,2.047336899999999960e-01,0.000000000000000000e+00,5.059422000000000051e-03,8.119255000000000569e-03,6.074542600000000514e-02,2.009094180000000063e-01,2.535960110000000101e-01,2.788381630000000277e-01,9.127937430000000463e-01,1.014159000000000033e-01,1.575157490000000104e-01,1.446362589999999892e-01,1.375822710000000060e-01,8.020395630000000109e-01,2.404606270000000101e-01,3.406225740000000113e-01,3.053307530000000103e-01
7.470286299999999435e-02,8.875635599999999459e-02,8.463367699999999050e-02,2.571552990000000039e-01,1.000000000000000000e+00,8.745239409999999713e-01,8.051560600000000345e-02,5.000000000000000278e-02,7.705835099999999716e-02,6.507116100000000236e-02,1.000000000000000056e-01,4.837295560000000050e-01,1.000000000000000000e+00,1.976387910000000081e-01,0.000000000000000000e+00,5.059422000000000051e-03,8.119255000000000569e-03,7.348969999999999114e-02,2.021683350000000046e-01,2.722132680000000082e-01,2.788381630000000277e-01,9.127937430000000463e-01,1.014159000000000033e-01,1.575157490000000104e-01,1.446362589999999892e-01,1.375822710000000060e-01,8.020395630000000109e-01,2.404606270000000101e-01,3.406225740000000113e-01,3.053307530000000103e-01
6.653868500000000019e-02,9.200705000000000688e-02,7.030700600000000522e-02,2.704651359999999949e-01,1.000000000000000000e+00,8.745239409999999713e-01,8.051560600000000345e-02,5.000000000000000278e-02,7.705835099999999716e-02,6.507116100000000236e-02,1.000000000000000056e-01,4.990020720000000187e-01,1.000000000000000000e+00,2.160534080000000023e-01,0.000000000000000000e+00,5.059422000000000051e-03,8.119255000000000569e-03,7.416230000000000044e-02,2.153902149999999960e-01,2.610927880000000201e-01,2.788381630000000277e-01,9.127937430000000463e-01,1.014159000000000033e-01,1.575157490000000104e-01,1.446362589999999892e-01,1.375822710000000060e-01,8.020395630000000109e-01,2.404606270000000101e-01,3.406225740000000113e-01,3.053307530000000103e-01
7.235115999999999770e-02,7.685671399999999265e-02,7.756090000000000206e-02,2.844953969999999832e-01,1.000000000000000000e+00,8.745239409999999713e-01,8.051560600000000345e-02,5.000000000000000278e-02,7.705835099999999716e-02,6.507116100000000236e-02,1.000000000000000056e-01,4.904375409999999769e-01,1.000000000000000000e+00,2.136717949999999977e-01,0.000000000000000000e+00,5.059422000000000051e-03,8.119255000000000569e-03,6.818516699999999098e-02,2.099677869999999891e-01,2.714478100000000116e-01,2.788381630000000277e-01,9.127937430000000463e-01,1.014159000000000033e-01,1.575157490000000104e-01,1.446362589999999892e-01,1.375822710000000060e-01,8.020395630000000109e-01,2.404606270000000101e-01,3.406225740000000113e-01,3.053307530000000103e-01
6.634549700000000327e-02,8.503805999999999865e-02,8.634206899999999352e-02,2.737056119999999870e-01,1.000000000000000000e+00,8.745239409999999713e-01,8.051560600000000345e-02,5.000000000000000278e-02,7.705835099999999716e-02,6.507116100000000236e-02,1.000000000000000056e-01,4.737294049999999923e-01,1.000000000000000000e+00,1.976117810000000141e-01,0.000000000000000000e+00,5.059422000000000051e-03,8.119255000000000569e-03,5.802422399999999925e-02,2.210621049999999810e-01,2.507617289999999888e-01,2.788381630000000277e-01,9.127937430000000463e-01,1.014159000000000033e-01,1.575157490000000104e-01,1.446362589999999892e-01,1.375822710000000060e-01,8.020395630000000109e-01,2.404606270000000101e-01,3.406225740000000113e-01,3.053307530000000103e-01
7.218719699999999462e-02,9.409046799999999655e-02,7.176411600000000279e-02,2.619675519999999924e-01,1.000000000000000000e+00,8.745239409999999713e-01,8.051560600000000345e-02,5.000000000000000278e-02,7.705835099999999716e-02,6.507116100000000236e-02,1.000000000000000056e-01,4.791835660000000052e-01,1.000000000000000000e+00,2.156362930000000067e-01,0.000000000000000000e+00,5.059422000000000051e-03,8.119255000000000569e-03,4.745752599999999988e-02,2.236770120000000084e-01,2.535035569999999905e-01,2.788381630000000277e-01,9.127937430000000463e-01,1.014159000000000033e-01,1.575157490000000104e-01,1.446362589999999892e-01,1.375822710000000060e-01,8.020395630000000109e-01,2.404606270000000101e-01,3.406225740000000113e-01,3.053307530000000103e-01
8.345409500000000591e-02,8.632977399999999801e-02,8.407608099999999696e-02,2.575377839999999918e-01,1.000000000000000000e+00,8.745239409999999713e-01,8.051560600000000345e-02,5.000000000000000278e-02,7.705835099999999716e-02,6.507116100000000236e-02,1.000000000000000056e-01,4.908419059999999945e-01,1.000000000000000000e+00,1.955068130000000015e-01,0.000000000000000000e+00,5.059422000000000051e-03,8.119255000000000569e-03,6.222859799999999608e-02,2.217583840000000028e-01,2.712595270000000003e-01,2.788381630000000277e-01,9.127937430000000463e-01,1.014159000000000033e-01,1.575157490000000104e-01,1.446362589999999892e-01,1.375822710000000060e-01,8.020395630000000109e-01,2.404606270000000101e-01,3.406225740000000113e-01,3.053307530000000103e-01
8.299998299999999940e-02,1.043137600000000054e-01,7.044600200000000756e-02,2.754792600000000036e-01,1.000000000000000000e+00,8.745239409999999713e-01,8.051560600000000345e-02,5.000000000000000278e-02,7.705835099999999716e-02,6.507116100000000236e-02,1.000000000000000056e-01,4.852655319999999994e-01,1.000000000000000000e+00,2.082183060000000197e-01,0.000000000000000000e+00,5.059422000000000051e-03,8.119255000000000569e-03,6.166782499999999556e-02,2.204676700000000045e-01,2.476073169999999934e-01,2.788381630000000277e-01,9.127937430000000463e-01,1.014159000000000033e-01,1.575157490000000104e-01,1.446362589999999892e-01,1.375822710000000060e-01,8.020395630000000109e-01,2.404606270000000101e-01,3.406225740000000113e-01,3.053307530000000103e-01
8.827838999999999825e-02,9.070523199999999675e-02,6.595000200000000756e-02,2.691524579999999833e-01,1.000000000000000000e+00,8.745239409999999713e-01,8.051560600000000345e-02,5.000000000000000278e-02,7.705835099999999716e-02,6.507116100000000236e-02,1.000000000000000056e-01,4.951750160000000234e-01,1.000000000000000000e+00,2.149766939999999960e-01,0.000000000000000000e+00,5.059422000000000051e-03,8.119255000000000569e-03,7.207608499999999807e-02,2.062299699999999847e-01,2.481538759999999955e-01,2.788381630000000277e-01,9.127937430000000463e-01,1.014159000000000033e-01,1.575157490000000104e-01,1.446362589999999892e-01,1.375822710000000060e-01,8.020395630000000109e-01,2.404606270000000101e-01,3.406225740000000113e-01,3.053307530000000103e-01
8.366113399999999811e-02,9.775685000000000624e-02,8.481073399999999873e-02,2.780937820000000116e-01,1.000000000000000000e+00,8.745239409999999713e-01,8.051560600000000345e-02,5.000000000000000278e-02,7.705835099999999716e-02,6.507116100000000236e-02,1.000000000000000056e-01,4.867263729999999899e-01,1.000000000000000000e+00,2.121577590000000013e-01,0.000000000000000000e+00,5.059422000000000051e-03,8.119255000000000569e-03,6.565014399999999362e-02,2.222951410000000017e-01,2.691858990000000063e-01,2.788381630000000277e-01,9.127937430000000463e-01,1.014159000000000033e-01,1.575157490000000104e-01,1.446362589999999892e-01,1.375822710000000060e-01,8.020395630000000109e-01,2.404606270000000101e-01,3.406225740000000113e-01,3.053307530000000103e-01
7.014665200000000378e-02,1.037504890000000013e-01,7.843541400000000885e-02,2.576591950000000075e-01,1.000000000000000000e+00,8.745239409999999713e-01,8.051560600000000345e-02,5.000000000000000278e-02,7.705835099999999716e-02,6.507116100000000236e-02,1.000000000000000056e-01,4.939426350000000188e-01,1.000000000000000000e+00,2.215847370000000038e-01,0.000000000000000000e+00,5.059422000000000051e-03,8.119255000000000569e-03,5.038035700000000061e-02,2.072366499999999945e-01,2.583725379999999849e-01,2.788381630000000277e-01,9.127937430000000463e-01,1.014159000000000033e-01,1.575157490000000104e-01,1.446362589999999892e-01,1.375822710000000060e-01,8.020395630000000109e-01,2.404606270000000101e-01,3.406225740000000113e-01,3.053307530000000103e-01
9.008819299999999697e-02,7.665037099999999493e-02,7.864000200000000051e-02,2.685383789999999937e-01,1.000000000000000000e+00,8.745239409999999713e-01,8.051560600000000345e-02,5.000000000000000278e-02,7.705835099999999716e-02,6.507116100000000236e-02,1.000000000000000056e-01,4.796300039999999987e-01,1.000000000000000000e+00,2.093323840000000102e-01,0.000000000000000000e+00,5.059422000000000051e-03,8.119255000000000569e-03,4.669615600000000255e-02,2.001753679999999924e-01,2.610203730000000277e-01,2.788381630000000277e-01,9.127937430000000463e-01,1.014159000000000033e-01,1.575157490000000104e-01,1.446362589999999892e-01,1.375822710000000060e-01,8.020395630000000109e-01,2.404606270000000101e-01,3.406225740000000113e-01,3.053307530000000103e-01
8.472323499999999397e-02,9.141610599999999698e-02,5.840502200000000088e-02,2.710312149999999920e-01,1.000000000000000000e+00,8.745239409999999713e-01,8.051560600000000345e-02,5.000000000000000278e-02,7.705835099999999716e-02,6.507116100000000236e-02,1.000000000000000056e-01,4.874624479999999926e-01,1.000000000000000000e+00,2.244168440000000042e-01,0.000000000000000000e+00,5.059422000000000051e-03,8.119255000000000569e-03,7.198317199999999805e-02,2.116793349999999962e-01,2.458025669999999996e-01,2.788381630000000277e-01,9.127937430000000463e-01,1.014159000000000033e-01,1.575157490000000104e-01,1.446362589999999892e-01,1.375822710000000060e-01,8.020395630000000109e-01,2.404606270000000101e-01,3.406225740000000113e-01,3.053307530000000103e-01
7.923151300000000341e-02,9.325525499999999524e-02,6.649238300000000212e-02,2.652865030000000068e-01,1.000000000000000000e+00,8.745239409999999713e-01,8.051560600000000345e-02,5.000000000000000278e-02,7.705835099999999716e-02,6.507116100000000236e-02,1.000000000000000056e-01,4.782860039999999868e-01,1.000000000000000000e+00,2.015821190000000040e-01,0.000000000000000000e+00,5.059422000000000051e-03,8.119255000000000569e-03,6.201500499999999805e-02,2.200883169999999778e-01,2.521480100000000335e-01,2.788381630000000277e-01,9.127937430000000463e-01,1.014159000000000033e-01,1.575157490000000104e-01,1.446362589999999892e-01,1.375822710000000060e-01,8.020395630000000109e-01,2.404606270000000101e-01,3.406225740000000113e-01,3.053307530000000103e-01
8.551493599999999973e-02,1.011280139999999883e-01,6.078402399999999900e-02,2.755278099999999841e-01,1.000000000000000000e+00,8.745239409999999713e-01,8.051560600000000345e-02,5.000000000000000278e-02,7.705835099999999716e-02,6.507116100000000236e-02,1.000000000000000056e-01,4.994189319999999821e-01,1.000000000000000000e+00,2.226382990000000117e-01,0.000000000000000000e+00,5.059422000000000051e-03,8.119255000000000569e-03,6.240871600000000297e-02,2.155815389999999887e-01,2.747168879999999924e-01,2.788381630000000277e-01,9.127937430000000463e-01,1.014159000000000033e-01,1.575157490000000104e-01,1.446362589999999892e-01,1.375822710000000060e-01,8.020395630000000109e-01,2.404606270000000101e-01,3.406225740000000113e-01,3.053307530000000103e-01
7.578325799999999224e-02,1.001048599999999900e-01,6.847997000000000112e-02,2.820654859999999764e-01,1.000000000000000000e+00,8.745239409999999713e-01,8.051560600000000345e-02,5.000000000000000278e-02,7.705835099999999716e-02,6.507116100000000236e-02,1.000000000000000056e-01,4.869033259999999697e-01,1.000000000000000000e+00,2.114270300000000158e-01,0.000000000000000000e+00,5.059422000000000051e-03,8.119255000000000569e-03,5.085599000000000369e-02,2.108190729999999957e-01,2.494961039999999963e-01,2.788381630000000277e-01,9.127937430000000463e-01,1.014159000000000033e-01,1.575157490000000104e-01,1.446362589999999892e-01,1.375822710000000060e-01,8.020395630000000109e-01,2.404606270000000101e-01,3.406225740000000113e-01,3.053307530000000103e-01
7.493397000000000252e-02,7.781471499999999264e-02,6.272740400000000049e-02,2.625413169999999963e-01,1.000000000000000000e+00,8.745239409999999713e-01,8.051560600000000345e-02,5.000000000000000278e-02,7.705835099999999716e-02,6.507116100000000236e-02,1.000000000000000056e-01,4.860224000000000211e-01,1.000000000000000000e+00,2.013090859999999982e-01,0.000000000000000000e+00,5.059422000000000051e-03,8.119255000000000569e-03,5.007814199999999910e-02,2.218968679999999971e-01,2.533821789999999852e-01,2.788381630000000277e-01,9.127937430000000463e-01,1.014159000000000033e-01,1.575157490000000104e-01,1.446362589999999892e-01,1.375822710000000060e-01,8.020395630000000109e-01,2.404606270000000101e-01,3.406225740000000113e-01,3.053307530000000103e-01
6.696146799999999621e-02,8.851862700000000250e-02,7.285784300000000546e-02,2.626689879999999921e-01,1.000000000000000000e+00,8.745239409999999713e-01,8.051560600000000345e-02,5.000000000000000278e-02,7.705835099999999716e-02,6.507116100000000236e-02,1.000000000000000056e-01,4.789562600000000225e-01,1.000000000000000000e+00,2.038871889999999965e-01,0.000000000000000000e+00,5.059422000000000051e-03,8.119255000000000569e-03,6.901421399999999040e-02,2.037394579999999844e-01,2.553993150000000156e-01,2.788381630000000277e-01,9.127937430000000463e-01,1.014159000000000033e-01,1.575157490000000104e-01,1.446362589999999892e-01,1.375822710000000060e-01,8.020395630000000109e-01,2.404606270000000101e-01,3.406225740000000113e-01,3.053307530000000103e-01
8.646190700000000451e-02,7.915866099999999128e-02,7.183157800000000703e-02,2.803556509999999835e-01,1.000000000000000000e+00,8.745239409999999713e-01,8.051560600000000345e-02,5.000000000000000278e-02,7.705835099999999716e-02,6.507116100000000236e-02,1.000000000000000056e-01,4.877666150000000145e-01,1.000000000000000000e+00,1.992208840000000147e-01,0.000000000000000000e+00,5.059422000000000051e-03,8.119255000000000569e-03,5.892623200000000200e-02,2.242386219999999986e-01,2.533514350000000137e-01,2.788381630000000277e-01,9.127937430000000463e-01,1.014159000000000033e-01,1.575157490000000104e-01,1.446362589999999892e-01,1.375822710000000060e-01,8.020395630000000109e-01,2.404606270000000101e-01,3.406225740000000113e-01,3.053307530000000103e-01
9.316465699999999794e-02,9.364402399999999238e-02,5.781854000000000160e-02,2.592166750000000075e-01,1.000000000000000000e+00,8.745239409999999713e-01,8.051560600000000345e-02,5.000000000000000278e-02,7.705835099999999716e-02,6.507116100000000236e-02,1.000000000000000056e-01,4.997172559999999986e-01,1.000000000000000000e+00,1.988652469999999950e-01,0.000000000000000000e+00,5.059422000000000051e-03,8.119255000000000569e-03,4.875150200000000211e-02,2.093876949999999848e-01,2.627803819999999790e-01,2.788381630000000277e-01,9.127937430000000463e-01,1.014159000000000033e-01,1.575157490000000104e-01,1.446362589999999892e-01,1.375822710000000060e-01,8.020395630000000109e-01,2.404606270000000101e-01,3.406225740000000113e-01,3.053307530000000103e-01
8.503547000000000189e-02,1.027954229999999969e-01,6.456433400000000100e-02,2.680102229999999919e-01,1.000000000000000000e+00,8.745239409999999713e-01,8.051560600000000345e-02,5.000000000000000278e-02,7.705835099999999716e-02,6.507116100000000236e-02,1.000000000000000056e-01,4.774395730000000060e-01,1.000000000000000000e+00,2.194703199999999965e-01,0.000000000000000000e+00,5.059422000000000051e-03,8.119255000000000569e-03,6.769479800000000047e-02,2.278539069999999944e-01,2.724704940000000075e-01,2.788381630000000277e-01,9.127937430000000463e-01,1.014159000000000033e-01,1.575157490000000104e-01,1.446362589999999892e-01,1.375822710000000060e-01,8.020395630000000109e-01,2.404606270000000101e-01,3.406225740000000113e-01,3.053307530000000103e-01
8.578446800000000261e-02,9.224353700000000045e-02,6.172675300000000226e-02,2.751501410000000147e-01,1.000000000000000000e+00,8.745239409999999713e-01,8.051560600000000345e-02,5.000000000000000278e-02,7.705835099999999716e-02,6.507116100000000236e-02,1.000000000000000056e-01,4.927119739999999970e-01,1.000000000000000000e+00,2.020173289999999955e-01,0.000000000000000000e+00,5.059422000000000051e-03,8.119255000000000569e-03,6.757051999999999503e-02,2.192788639999999900e-01,2.451864049999999962e-01,2.788381630000000277e-01,9.127937430000000463e-01,1.014159000000000033e-01,1.575157490000000104e-01,1.446362589999999892e-01,1.375822710000000060e-01,8.020395630000000109e-01,2.404606270000000101e-01,3.406225740000000113e-01,3.053307530000000103e-01
8.317784899999999815e-02,8.383676399999999418e-02,6.893698000000000881e-02,2.657869919999999997e-01,1.000000000000000000e+00,8.745239409999999713e-01,8.051560600000000345e-02,5.000000000000000278e-02,7.705835099999999716e-02,6.507116100000000236e-02,1.000000000000000056e-01,4.839579150000000163e-01,1.000000000000000000e+00,2.091932040000000215e-01,0.000000000000000000e+00,5.059422000000000051e-03,8.119255000000000569e-03,7.573154199999999892e-02,2.137274049999999814e-01,2.662830640000000137e-01,2.788381630000000277e-01,9.127937430000000463e-01,1.014159000000000033e-01,1.575157490000000104e-01,1.446362589999999892e-01,1.375822710000000060e-01,8.020395630000000109e-01,2.404606270000000101e-01,3.406225740000000113e-01,3.053307530000000103e-01
